ISO-10303-21;
HEADER;
/* Generated by software containing ST-Developer
 * from STEP Tools, Inc. (www.steptools.com) 
 */

FILE_DESCRIPTION(
/* description */ (''),
/* implementation_level */ '2;1');

FILE_NAME(
/* name */ 'Square D Cabinet Assembly v2.step',
/* time_stamp */ '2025-05-21T17:01:51-07:00',
/* author */ (''),
/* organization */ (''),
/* preprocessor_version */ 'ST-DEVELOPER v20.1',
/* originating_system */ 'Autodesk Translation Framework v14.4.0.0',
/* authorisation */ '');

FILE_SCHEMA (('AUTOMOTIVE_DESIGN { 1 0 10303 214 3 1 1 }'));
ENDSEC;

DATA;
#10=MECHANICAL_DESIGN_GEOMETRIC_PRESENTATION_REPRESENTATION('',(#27,#28),
#9620);
#11=ITEM_DEFINED_TRANSFORMATION($,$,#5703,#5728);
#12=ITEM_DEFINED_TRANSFORMATION($,$,#5702,#6411);
#13=ITEM_DEFINED_TRANSFORMATION($,$,#5729,#6412);
#14=(
REPRESENTATION_RELATIONSHIP($,$,#9638,#9637)
REPRESENTATION_RELATIONSHIP_WITH_TRANSFORMATION(#11)
SHAPE_REPRESENTATION_RELATIONSHIP()
);
#15=(
REPRESENTATION_RELATIONSHIP($,$,#9637,#9636)
REPRESENTATION_RELATIONSHIP_WITH_TRANSFORMATION(#12)
SHAPE_REPRESENTATION_RELATIONSHIP()
);
#16=(
REPRESENTATION_RELATIONSHIP($,$,#9639,#9636)
REPRESENTATION_RELATIONSHIP_WITH_TRANSFORMATION(#13)
SHAPE_REPRESENTATION_RELATIONSHIP()
);
#17=CONTEXT_DEPENDENT_SHAPE_REPRESENTATION(#14,#9632);
#18=CONTEXT_DEPENDENT_SHAPE_REPRESENTATION(#15,#9634);
#19=CONTEXT_DEPENDENT_SHAPE_REPRESENTATION(#16,#9635);
#20=NEXT_ASSEMBLY_USAGE_OCCURRENCE('Cabinet Base:1','Cabinet Base:1',
'Cabinet Base:1',#9642,#9643,'Cabinet Base:1');
#21=NEXT_ASSEMBLY_USAGE_OCCURRENCE('Square D Cabinet v2:1',
'Square D Cabinet v2:1','Square D Cabinet v2:1',#9641,#9642,
'Square D Cabinet v2:1');
#22=NEXT_ASSEMBLY_USAGE_OCCURRENCE(
'Square D Internal Mounting Plate v3:1',
'Square D Internal Mounting Plate v3:1',
'Square D Internal Mounting Plate v3:1',#9641,#9644,
'Square D Internal Mounting Plate v3:1');
#23=SHAPE_REPRESENTATION_RELATIONSHIP('SRR','None',#9638,#25);
#24=SHAPE_REPRESENTATION_RELATIONSHIP('SRR','None',#9639,#26);
#25=ADVANCED_BREP_SHAPE_REPRESENTATION('',(#29),#9618);
#26=ADVANCED_BREP_SHAPE_REPRESENTATION('',(#30),#9619);
#27=STYLED_ITEM('',(#9661),#29);
#28=STYLED_ITEM('',(#9660),#30);
#29=MANIFOLD_SOLID_BREP('Body1',#5676);
#30=MANIFOLD_SOLID_BREP('Body1',#5677);
#31=CYLINDRICAL_SURFACE('',#5714,38.1);
#32=CYLINDRICAL_SURFACE('',#5716,38.1);
#33=CYLINDRICAL_SURFACE('',#5730,2.75);
#34=CYLINDRICAL_SURFACE('',#5733,2.75);
#35=CYLINDRICAL_SURFACE('',#5736,2.75);
#36=CYLINDRICAL_SURFACE('',#5739,2.75);
#37=CYLINDRICAL_SURFACE('',#5742,2.75);
#38=CYLINDRICAL_SURFACE('',#5745,2.75);
#39=CYLINDRICAL_SURFACE('',#5748,2.75);
#40=CYLINDRICAL_SURFACE('',#5751,2.75);
#41=CYLINDRICAL_SURFACE('',#5754,2.75);
#42=CYLINDRICAL_SURFACE('',#5757,2.75);
#43=CYLINDRICAL_SURFACE('',#5760,2.75);
#44=CYLINDRICAL_SURFACE('',#5763,2.75);
#45=CYLINDRICAL_SURFACE('',#5766,2.75);
#46=CYLINDRICAL_SURFACE('',#5769,2.75);
#47=CYLINDRICAL_SURFACE('',#5772,2.75);
#48=CYLINDRICAL_SURFACE('',#5775,2.75);
#49=CYLINDRICAL_SURFACE('',#5778,2.75);
#50=CYLINDRICAL_SURFACE('',#5781,2.75);
#51=CYLINDRICAL_SURFACE('',#5784,2.75);
#52=CYLINDRICAL_SURFACE('',#5787,2.75);
#53=CYLINDRICAL_SURFACE('',#5790,2.75);
#54=CYLINDRICAL_SURFACE('',#5793,2.75);
#55=CYLINDRICAL_SURFACE('',#5796,2.75);
#56=CYLINDRICAL_SURFACE('',#5799,2.75);
#57=CYLINDRICAL_SURFACE('',#5802,2.75);
#58=CYLINDRICAL_SURFACE('',#5805,2.75);
#59=CYLINDRICAL_SURFACE('',#5808,2.75);
#60=CYLINDRICAL_SURFACE('',#5811,2.75);
#61=CYLINDRICAL_SURFACE('',#5814,2.75);
#62=CYLINDRICAL_SURFACE('',#5817,2.75);
#63=CYLINDRICAL_SURFACE('',#5820,2.75);
#64=CYLINDRICAL_SURFACE('',#5823,2.75);
#65=CYLINDRICAL_SURFACE('',#5826,2.75);
#66=CYLINDRICAL_SURFACE('',#5829,2.75);
#67=CYLINDRICAL_SURFACE('',#5832,2.75);
#68=CYLINDRICAL_SURFACE('',#5835,2.75);
#69=CYLINDRICAL_SURFACE('',#5838,2.75);
#70=CYLINDRICAL_SURFACE('',#5841,2.75);
#71=CYLINDRICAL_SURFACE('',#5844,2.75);
#72=CYLINDRICAL_SURFACE('',#5847,2.75);
#73=CYLINDRICAL_SURFACE('',#5850,2.75);
#74=CYLINDRICAL_SURFACE('',#5853,2.75);
#75=CYLINDRICAL_SURFACE('',#5856,2.75);
#76=CYLINDRICAL_SURFACE('',#5859,2.75);
#77=CYLINDRICAL_SURFACE('',#5862,2.75);
#78=CYLINDRICAL_SURFACE('',#5865,2.75);
#79=CYLINDRICAL_SURFACE('',#5868,2.75);
#80=CYLINDRICAL_SURFACE('',#5871,2.75);
#81=CYLINDRICAL_SURFACE('',#5874,2.75);
#82=CYLINDRICAL_SURFACE('',#5877,2.75);
#83=CYLINDRICAL_SURFACE('',#5880,2.75);
#84=CYLINDRICAL_SURFACE('',#5883,2.75);
#85=CYLINDRICAL_SURFACE('',#5886,2.75);
#86=CYLINDRICAL_SURFACE('',#5889,2.75);
#87=CYLINDRICAL_SURFACE('',#5892,2.75);
#88=CYLINDRICAL_SURFACE('',#5895,2.75);
#89=CYLINDRICAL_SURFACE('',#5898,2.75);
#90=CYLINDRICAL_SURFACE('',#5901,2.75);
#91=CYLINDRICAL_SURFACE('',#5904,2.75);
#92=CYLINDRICAL_SURFACE('',#5907,2.75);
#93=CYLINDRICAL_SURFACE('',#5910,2.75);
#94=CYLINDRICAL_SURFACE('',#5913,2.75);
#95=CYLINDRICAL_SURFACE('',#5916,2.75);
#96=CYLINDRICAL_SURFACE('',#5919,2.75);
#97=CYLINDRICAL_SURFACE('',#5922,2.75);
#98=CYLINDRICAL_SURFACE('',#5925,2.75);
#99=CYLINDRICAL_SURFACE('',#5928,2.75);
#100=CYLINDRICAL_SURFACE('',#5931,2.75);
#101=CYLINDRICAL_SURFACE('',#5934,2.75);
#102=CYLINDRICAL_SURFACE('',#5937,2.75);
#103=CYLINDRICAL_SURFACE('',#5940,2.75);
#104=CYLINDRICAL_SURFACE('',#5943,2.75);
#105=CYLINDRICAL_SURFACE('',#5946,2.75);
#106=CYLINDRICAL_SURFACE('',#5949,2.75);
#107=CYLINDRICAL_SURFACE('',#5952,2.75);
#108=CYLINDRICAL_SURFACE('',#5955,2.75);
#109=CYLINDRICAL_SURFACE('',#5958,2.75);
#110=CYLINDRICAL_SURFACE('',#5961,2.75);
#111=CYLINDRICAL_SURFACE('',#5964,2.75);
#112=CYLINDRICAL_SURFACE('',#5967,2.75);
#113=CYLINDRICAL_SURFACE('',#5970,2.75);
#114=CYLINDRICAL_SURFACE('',#5973,2.75);
#115=CYLINDRICAL_SURFACE('',#5976,2.75);
#116=CYLINDRICAL_SURFACE('',#5979,2.75);
#117=CYLINDRICAL_SURFACE('',#5982,2.75);
#118=CYLINDRICAL_SURFACE('',#5985,2.75);
#119=CYLINDRICAL_SURFACE('',#5988,2.75);
#120=CYLINDRICAL_SURFACE('',#5991,2.75);
#121=CYLINDRICAL_SURFACE('',#5994,2.75);
#122=CYLINDRICAL_SURFACE('',#5997,2.75);
#123=CYLINDRICAL_SURFACE('',#6000,2.75);
#124=CYLINDRICAL_SURFACE('',#6003,2.75);
#125=CYLINDRICAL_SURFACE('',#6006,2.75);
#126=CYLINDRICAL_SURFACE('',#6009,2.75);
#127=CYLINDRICAL_SURFACE('',#6012,2.75);
#128=CYLINDRICAL_SURFACE('',#6015,2.75);
#129=CYLINDRICAL_SURFACE('',#6018,2.75);
#130=CYLINDRICAL_SURFACE('',#6021,2.75);
#131=CYLINDRICAL_SURFACE('',#6024,2.75);
#132=CYLINDRICAL_SURFACE('',#6027,2.75);
#133=CYLINDRICAL_SURFACE('',#6030,2.75);
#134=CYLINDRICAL_SURFACE('',#6033,2.75);
#135=CYLINDRICAL_SURFACE('',#6036,2.75);
#136=CYLINDRICAL_SURFACE('',#6039,2.75);
#137=CYLINDRICAL_SURFACE('',#6042,2.75);
#138=CYLINDRICAL_SURFACE('',#6045,2.75);
#139=CYLINDRICAL_SURFACE('',#6048,2.75);
#140=CYLINDRICAL_SURFACE('',#6051,2.75);
#141=CYLINDRICAL_SURFACE('',#6054,2.75);
#142=CYLINDRICAL_SURFACE('',#6057,2.75);
#143=CYLINDRICAL_SURFACE('',#6060,2.75);
#144=CYLINDRICAL_SURFACE('',#6063,2.75);
#145=CYLINDRICAL_SURFACE('',#6066,2.75);
#146=CYLINDRICAL_SURFACE('',#6069,2.75);
#147=CYLINDRICAL_SURFACE('',#6072,2.75);
#148=CYLINDRICAL_SURFACE('',#6075,2.75);
#149=CYLINDRICAL_SURFACE('',#6078,2.75);
#150=CYLINDRICAL_SURFACE('',#6081,2.75);
#151=CYLINDRICAL_SURFACE('',#6084,2.75);
#152=CYLINDRICAL_SURFACE('',#6087,2.75);
#153=CYLINDRICAL_SURFACE('',#6090,2.75);
#154=CYLINDRICAL_SURFACE('',#6093,2.75);
#155=CYLINDRICAL_SURFACE('',#6096,2.75);
#156=CYLINDRICAL_SURFACE('',#6099,2.75);
#157=CYLINDRICAL_SURFACE('',#6102,2.75);
#158=CYLINDRICAL_SURFACE('',#6105,2.75);
#159=CYLINDRICAL_SURFACE('',#6108,2.75);
#160=CYLINDRICAL_SURFACE('',#6111,2.75);
#161=CYLINDRICAL_SURFACE('',#6114,2.75);
#162=CYLINDRICAL_SURFACE('',#6117,2.75);
#163=CYLINDRICAL_SURFACE('',#6120,2.75);
#164=CYLINDRICAL_SURFACE('',#6123,2.75);
#165=CYLINDRICAL_SURFACE('',#6126,2.75);
#166=CYLINDRICAL_SURFACE('',#6129,2.75);
#167=CYLINDRICAL_SURFACE('',#6132,2.75);
#168=CYLINDRICAL_SURFACE('',#6135,2.75);
#169=CYLINDRICAL_SURFACE('',#6138,2.75);
#170=CYLINDRICAL_SURFACE('',#6141,2.75);
#171=CYLINDRICAL_SURFACE('',#6144,2.75);
#172=CYLINDRICAL_SURFACE('',#6147,2.75);
#173=CYLINDRICAL_SURFACE('',#6150,2.75);
#174=CYLINDRICAL_SURFACE('',#6153,2.75);
#175=CYLINDRICAL_SURFACE('',#6156,2.75);
#176=CYLINDRICAL_SURFACE('',#6159,2.75);
#177=CYLINDRICAL_SURFACE('',#6162,2.75);
#178=CYLINDRICAL_SURFACE('',#6165,2.75);
#179=CYLINDRICAL_SURFACE('',#6168,2.75);
#180=CYLINDRICAL_SURFACE('',#6171,2.75);
#181=CYLINDRICAL_SURFACE('',#6174,2.75);
#182=CYLINDRICAL_SURFACE('',#6177,2.75);
#183=CYLINDRICAL_SURFACE('',#6180,2.75);
#184=CYLINDRICAL_SURFACE('',#6183,2.75);
#185=CYLINDRICAL_SURFACE('',#6186,2.75);
#186=CYLINDRICAL_SURFACE('',#6189,2.75);
#187=CYLINDRICAL_SURFACE('',#6192,2.75);
#188=CYLINDRICAL_SURFACE('',#6195,2.75);
#189=CYLINDRICAL_SURFACE('',#6198,2.75);
#190=CYLINDRICAL_SURFACE('',#6201,2.75);
#191=CYLINDRICAL_SURFACE('',#6204,2.75);
#192=CYLINDRICAL_SURFACE('',#6207,2.75);
#193=CYLINDRICAL_SURFACE('',#6210,2.75);
#194=CYLINDRICAL_SURFACE('',#6213,2.75);
#195=CYLINDRICAL_SURFACE('',#6216,2.75);
#196=CYLINDRICAL_SURFACE('',#6219,2.75);
#197=CYLINDRICAL_SURFACE('',#6222,2.75);
#198=CYLINDRICAL_SURFACE('',#6225,2.75);
#199=CYLINDRICAL_SURFACE('',#6228,2.75);
#200=CYLINDRICAL_SURFACE('',#6231,2.75);
#201=CYLINDRICAL_SURFACE('',#6234,2.75);
#202=CYLINDRICAL_SURFACE('',#6237,2.75);
#203=CYLINDRICAL_SURFACE('',#6240,2.75);
#204=CYLINDRICAL_SURFACE('',#6243,2.75);
#205=CYLINDRICAL_SURFACE('',#6246,2.75);
#206=CYLINDRICAL_SURFACE('',#6249,2.75);
#207=CYLINDRICAL_SURFACE('',#6252,2.75);
#208=CYLINDRICAL_SURFACE('',#6255,2.75);
#209=CYLINDRICAL_SURFACE('',#6258,2.75);
#210=CYLINDRICAL_SURFACE('',#6261,2.75);
#211=CYLINDRICAL_SURFACE('',#6264,2.75);
#212=CYLINDRICAL_SURFACE('',#6267,2.75);
#213=CYLINDRICAL_SURFACE('',#6270,2.75);
#214=CYLINDRICAL_SURFACE('',#6273,2.75);
#215=CYLINDRICAL_SURFACE('',#6276,2.75);
#216=CYLINDRICAL_SURFACE('',#6279,2.75);
#217=CYLINDRICAL_SURFACE('',#6282,2.75);
#218=CYLINDRICAL_SURFACE('',#6285,2.75);
#219=CYLINDRICAL_SURFACE('',#6288,2.75);
#220=CYLINDRICAL_SURFACE('',#6291,2.75);
#221=CYLINDRICAL_SURFACE('',#6294,2.75);
#222=CYLINDRICAL_SURFACE('',#6297,2.75);
#223=CYLINDRICAL_SURFACE('',#6300,2.75);
#224=CYLINDRICAL_SURFACE('',#6303,2.75);
#225=CYLINDRICAL_SURFACE('',#6306,2.75);
#226=CYLINDRICAL_SURFACE('',#6309,2.75);
#227=CYLINDRICAL_SURFACE('',#6312,2.75);
#228=CYLINDRICAL_SURFACE('',#6315,2.75);
#229=CYLINDRICAL_SURFACE('',#6318,2.75);
#230=CYLINDRICAL_SURFACE('',#6321,2.75);
#231=CYLINDRICAL_SURFACE('',#6324,2.75);
#232=CYLINDRICAL_SURFACE('',#6327,2.75);
#233=CYLINDRICAL_SURFACE('',#6330,2.75);
#234=CYLINDRICAL_SURFACE('',#6333,2.75);
#235=CYLINDRICAL_SURFACE('',#6336,2.75);
#236=CYLINDRICAL_SURFACE('',#6339,2.75);
#237=CYLINDRICAL_SURFACE('',#6342,2.75);
#238=CYLINDRICAL_SURFACE('',#6345,2.75);
#239=CYLINDRICAL_SURFACE('',#6348,2.75);
#240=CYLINDRICAL_SURFACE('',#6351,2.75);
#241=CYLINDRICAL_SURFACE('',#6354,2.75);
#242=CYLINDRICAL_SURFACE('',#6357,2.75);
#243=CYLINDRICAL_SURFACE('',#6360,2.75);
#244=CYLINDRICAL_SURFACE('',#6363,2.75);
#245=CYLINDRICAL_SURFACE('',#6366,2.75);
#246=CYLINDRICAL_SURFACE('',#6369,2.75);
#247=CYLINDRICAL_SURFACE('',#6372,2.75);
#248=CYLINDRICAL_SURFACE('',#6375,2.75);
#249=CYLINDRICAL_SURFACE('',#6378,2.75);
#250=CYLINDRICAL_SURFACE('',#6381,2.75);
#251=CYLINDRICAL_SURFACE('',#6384,2.75);
#252=CYLINDRICAL_SURFACE('',#6387,2.75);
#253=CYLINDRICAL_SURFACE('',#6390,2.75);
#254=CYLINDRICAL_SURFACE('',#6393,2.75);
#255=CYLINDRICAL_SURFACE('',#6396,2.75);
#256=CYLINDRICAL_SURFACE('',#6399,2.75);
#257=CYLINDRICAL_SURFACE('',#6402,2.75);
#258=FACE_BOUND('',#1420,.T.);
#259=FACE_BOUND('',#1424,.T.);
#260=FACE_BOUND('',#1434,.T.);
#261=FACE_BOUND('',#1438,.T.);
#262=FACE_BOUND('',#1671,.T.);
#263=FACE_BOUND('',#1672,.T.);
#264=FACE_BOUND('',#1673,.T.);
#265=FACE_BOUND('',#1674,.T.);
#266=FACE_BOUND('',#1675,.T.);
#267=FACE_BOUND('',#1676,.T.);
#268=FACE_BOUND('',#1677,.T.);
#269=FACE_BOUND('',#1678,.T.);
#270=FACE_BOUND('',#1679,.T.);
#271=FACE_BOUND('',#1680,.T.);
#272=FACE_BOUND('',#1681,.T.);
#273=FACE_BOUND('',#1682,.T.);
#274=FACE_BOUND('',#1683,.T.);
#275=FACE_BOUND('',#1684,.T.);
#276=FACE_BOUND('',#1685,.T.);
#277=FACE_BOUND('',#1686,.T.);
#278=FACE_BOUND('',#1687,.T.);
#279=FACE_BOUND('',#1688,.T.);
#280=FACE_BOUND('',#1689,.T.);
#281=FACE_BOUND('',#1690,.T.);
#282=FACE_BOUND('',#1691,.T.);
#283=FACE_BOUND('',#1692,.T.);
#284=FACE_BOUND('',#1693,.T.);
#285=FACE_BOUND('',#1694,.T.);
#286=FACE_BOUND('',#1695,.T.);
#287=FACE_BOUND('',#1696,.T.);
#288=FACE_BOUND('',#1697,.T.);
#289=FACE_BOUND('',#1698,.T.);
#290=FACE_BOUND('',#1699,.T.);
#291=FACE_BOUND('',#1700,.T.);
#292=FACE_BOUND('',#1701,.T.);
#293=FACE_BOUND('',#1702,.T.);
#294=FACE_BOUND('',#1703,.T.);
#295=FACE_BOUND('',#1704,.T.);
#296=FACE_BOUND('',#1705,.T.);
#297=FACE_BOUND('',#1706,.T.);
#298=FACE_BOUND('',#1707,.T.);
#299=FACE_BOUND('',#1708,.T.);
#300=FACE_BOUND('',#1709,.T.);
#301=FACE_BOUND('',#1710,.T.);
#302=FACE_BOUND('',#1711,.T.);
#303=FACE_BOUND('',#1712,.T.);
#304=FACE_BOUND('',#1713,.T.);
#305=FACE_BOUND('',#1714,.T.);
#306=FACE_BOUND('',#1715,.T.);
#307=FACE_BOUND('',#1716,.T.);
#308=FACE_BOUND('',#1717,.T.);
#309=FACE_BOUND('',#1718,.T.);
#310=FACE_BOUND('',#1719,.T.);
#311=FACE_BOUND('',#1720,.T.);
#312=FACE_BOUND('',#1721,.T.);
#313=FACE_BOUND('',#1722,.T.);
#314=FACE_BOUND('',#1723,.T.);
#315=FACE_BOUND('',#1724,.T.);
#316=FACE_BOUND('',#1725,.T.);
#317=FACE_BOUND('',#1726,.T.);
#318=FACE_BOUND('',#1727,.T.);
#319=FACE_BOUND('',#1728,.T.);
#320=FACE_BOUND('',#1729,.T.);
#321=FACE_BOUND('',#1730,.T.);
#322=FACE_BOUND('',#1731,.T.);
#323=FACE_BOUND('',#1732,.T.);
#324=FACE_BOUND('',#1733,.T.);
#325=FACE_BOUND('',#1734,.T.);
#326=FACE_BOUND('',#1735,.T.);
#327=FACE_BOUND('',#1736,.T.);
#328=FACE_BOUND('',#1737,.T.);
#329=FACE_BOUND('',#1738,.T.);
#330=FACE_BOUND('',#1739,.T.);
#331=FACE_BOUND('',#1740,.T.);
#332=FACE_BOUND('',#1741,.T.);
#333=FACE_BOUND('',#1742,.T.);
#334=FACE_BOUND('',#1743,.T.);
#335=FACE_BOUND('',#1744,.T.);
#336=FACE_BOUND('',#1745,.T.);
#337=FACE_BOUND('',#1746,.T.);
#338=FACE_BOUND('',#1747,.T.);
#339=FACE_BOUND('',#1748,.T.);
#340=FACE_BOUND('',#1749,.T.);
#341=FACE_BOUND('',#1750,.T.);
#342=FACE_BOUND('',#1751,.T.);
#343=FACE_BOUND('',#1752,.T.);
#344=FACE_BOUND('',#1753,.T.);
#345=FACE_BOUND('',#1754,.T.);
#346=FACE_BOUND('',#1755,.T.);
#347=FACE_BOUND('',#1756,.T.);
#348=FACE_BOUND('',#1757,.T.);
#349=FACE_BOUND('',#1758,.T.);
#350=FACE_BOUND('',#1759,.T.);
#351=FACE_BOUND('',#1760,.T.);
#352=FACE_BOUND('',#1761,.T.);
#353=FACE_BOUND('',#1762,.T.);
#354=FACE_BOUND('',#1763,.T.);
#355=FACE_BOUND('',#1764,.T.);
#356=FACE_BOUND('',#1765,.T.);
#357=FACE_BOUND('',#1766,.T.);
#358=FACE_BOUND('',#1767,.T.);
#359=FACE_BOUND('',#1768,.T.);
#360=FACE_BOUND('',#1769,.T.);
#361=FACE_BOUND('',#1770,.T.);
#362=FACE_BOUND('',#1771,.T.);
#363=FACE_BOUND('',#1772,.T.);
#364=FACE_BOUND('',#1773,.T.);
#365=FACE_BOUND('',#1774,.T.);
#366=FACE_BOUND('',#1775,.T.);
#367=FACE_BOUND('',#1776,.T.);
#368=FACE_BOUND('',#1777,.T.);
#369=FACE_BOUND('',#1778,.T.);
#370=FACE_BOUND('',#1779,.T.);
#371=FACE_BOUND('',#1780,.T.);
#372=FACE_BOUND('',#1781,.T.);
#373=FACE_BOUND('',#1782,.T.);
#374=FACE_BOUND('',#1783,.T.);
#375=FACE_BOUND('',#1784,.T.);
#376=FACE_BOUND('',#1785,.T.);
#377=FACE_BOUND('',#1786,.T.);
#378=FACE_BOUND('',#1787,.T.);
#379=FACE_BOUND('',#1788,.T.);
#380=FACE_BOUND('',#1789,.T.);
#381=FACE_BOUND('',#1790,.T.);
#382=FACE_BOUND('',#1791,.T.);
#383=FACE_BOUND('',#1792,.T.);
#384=FACE_BOUND('',#1793,.T.);
#385=FACE_BOUND('',#1794,.T.);
#386=FACE_BOUND('',#1795,.T.);
#387=FACE_BOUND('',#1796,.T.);
#388=FACE_BOUND('',#1797,.T.);
#389=FACE_BOUND('',#1798,.T.);
#390=FACE_BOUND('',#1799,.T.);
#391=FACE_BOUND('',#1800,.T.);
#392=FACE_BOUND('',#1801,.T.);
#393=FACE_BOUND('',#1802,.T.);
#394=FACE_BOUND('',#1803,.T.);
#395=FACE_BOUND('',#1804,.T.);
#396=FACE_BOUND('',#1805,.T.);
#397=FACE_BOUND('',#1806,.T.);
#398=FACE_BOUND('',#1807,.T.);
#399=FACE_BOUND('',#1808,.T.);
#400=FACE_BOUND('',#1809,.T.);
#401=FACE_BOUND('',#1810,.T.);
#402=FACE_BOUND('',#1811,.T.);
#403=FACE_BOUND('',#1812,.T.);
#404=FACE_BOUND('',#1813,.T.);
#405=FACE_BOUND('',#1814,.T.);
#406=FACE_BOUND('',#1815,.T.);
#407=FACE_BOUND('',#1816,.T.);
#408=FACE_BOUND('',#1817,.T.);
#409=FACE_BOUND('',#1818,.T.);
#410=FACE_BOUND('',#1819,.T.);
#411=FACE_BOUND('',#1820,.T.);
#412=FACE_BOUND('',#1821,.T.);
#413=FACE_BOUND('',#1822,.T.);
#414=FACE_BOUND('',#1823,.T.);
#415=FACE_BOUND('',#1824,.T.);
#416=FACE_BOUND('',#1825,.T.);
#417=FACE_BOUND('',#1826,.T.);
#418=FACE_BOUND('',#1827,.T.);
#419=FACE_BOUND('',#1828,.T.);
#420=FACE_BOUND('',#1829,.T.);
#421=FACE_BOUND('',#1830,.T.);
#422=FACE_BOUND('',#1831,.T.);
#423=FACE_BOUND('',#1832,.T.);
#424=FACE_BOUND('',#1833,.T.);
#425=FACE_BOUND('',#1834,.T.);
#426=FACE_BOUND('',#1835,.T.);
#427=FACE_BOUND('',#1836,.T.);
#428=FACE_BOUND('',#1837,.T.);
#429=FACE_BOUND('',#1838,.T.);
#430=FACE_BOUND('',#1839,.T.);
#431=FACE_BOUND('',#1840,.T.);
#432=FACE_BOUND('',#1841,.T.);
#433=FACE_BOUND('',#1842,.T.);
#434=FACE_BOUND('',#1843,.T.);
#435=FACE_BOUND('',#1844,.T.);
#436=FACE_BOUND('',#1845,.T.);
#437=FACE_BOUND('',#1846,.T.);
#438=FACE_BOUND('',#1847,.T.);
#439=FACE_BOUND('',#1848,.T.);
#440=FACE_BOUND('',#1849,.T.);
#441=FACE_BOUND('',#1850,.T.);
#442=FACE_BOUND('',#1851,.T.);
#443=FACE_BOUND('',#1852,.T.);
#444=FACE_BOUND('',#1853,.T.);
#445=FACE_BOUND('',#1854,.T.);
#446=FACE_BOUND('',#1855,.T.);
#447=FACE_BOUND('',#1856,.T.);
#448=FACE_BOUND('',#1857,.T.);
#449=FACE_BOUND('',#1858,.T.);
#450=FACE_BOUND('',#1859,.T.);
#451=FACE_BOUND('',#1860,.T.);
#452=FACE_BOUND('',#1861,.T.);
#453=FACE_BOUND('',#1862,.T.);
#454=FACE_BOUND('',#1863,.T.);
#455=FACE_BOUND('',#1864,.T.);
#456=FACE_BOUND('',#1865,.T.);
#457=FACE_BOUND('',#1866,.T.);
#458=FACE_BOUND('',#1867,.T.);
#459=FACE_BOUND('',#1868,.T.);
#460=FACE_BOUND('',#1869,.T.);
#461=FACE_BOUND('',#1870,.T.);
#462=FACE_BOUND('',#1871,.T.);
#463=FACE_BOUND('',#1872,.T.);
#464=FACE_BOUND('',#1873,.T.);
#465=FACE_BOUND('',#1874,.T.);
#466=FACE_BOUND('',#1875,.T.);
#467=FACE_BOUND('',#1876,.T.);
#468=FACE_BOUND('',#1877,.T.);
#469=FACE_BOUND('',#1878,.T.);
#470=FACE_BOUND('',#1879,.T.);
#471=FACE_BOUND('',#1880,.T.);
#472=FACE_BOUND('',#1881,.T.);
#473=FACE_BOUND('',#1882,.T.);
#474=FACE_BOUND('',#1883,.T.);
#475=FACE_BOUND('',#1884,.T.);
#476=FACE_BOUND('',#1885,.T.);
#477=FACE_BOUND('',#1886,.T.);
#478=FACE_BOUND('',#1887,.T.);
#479=FACE_BOUND('',#1888,.T.);
#480=FACE_BOUND('',#1889,.T.);
#481=FACE_BOUND('',#1890,.T.);
#482=FACE_BOUND('',#1891,.T.);
#483=FACE_BOUND('',#1892,.T.);
#484=FACE_BOUND('',#1893,.T.);
#485=FACE_BOUND('',#1894,.T.);
#486=FACE_BOUND('',#1895,.T.);
#487=FACE_BOUND('',#1897,.T.);
#488=FACE_BOUND('',#1898,.T.);
#489=FACE_BOUND('',#1899,.T.);
#490=FACE_BOUND('',#1900,.T.);
#491=FACE_BOUND('',#1901,.T.);
#492=FACE_BOUND('',#1902,.T.);
#493=FACE_BOUND('',#1903,.T.);
#494=FACE_BOUND('',#1904,.T.);
#495=FACE_BOUND('',#1905,.T.);
#496=FACE_BOUND('',#1906,.T.);
#497=FACE_BOUND('',#1907,.T.);
#498=FACE_BOUND('',#1908,.T.);
#499=FACE_BOUND('',#1909,.T.);
#500=FACE_BOUND('',#1910,.T.);
#501=FACE_BOUND('',#1911,.T.);
#502=FACE_BOUND('',#1912,.T.);
#503=FACE_BOUND('',#1913,.T.);
#504=FACE_BOUND('',#1914,.T.);
#505=FACE_BOUND('',#1915,.T.);
#506=FACE_BOUND('',#1916,.T.);
#507=FACE_BOUND('',#1917,.T.);
#508=FACE_BOUND('',#1918,.T.);
#509=FACE_BOUND('',#1919,.T.);
#510=FACE_BOUND('',#1920,.T.);
#511=FACE_BOUND('',#1921,.T.);
#512=FACE_BOUND('',#1922,.T.);
#513=FACE_BOUND('',#1923,.T.);
#514=FACE_BOUND('',#1924,.T.);
#515=FACE_BOUND('',#1925,.T.);
#516=FACE_BOUND('',#1926,.T.);
#517=FACE_BOUND('',#1927,.T.);
#518=FACE_BOUND('',#1928,.T.);
#519=FACE_BOUND('',#1929,.T.);
#520=FACE_BOUND('',#1930,.T.);
#521=FACE_BOUND('',#1931,.T.);
#522=FACE_BOUND('',#1932,.T.);
#523=FACE_BOUND('',#1933,.T.);
#524=FACE_BOUND('',#1934,.T.);
#525=FACE_BOUND('',#1935,.T.);
#526=FACE_BOUND('',#1936,.T.);
#527=FACE_BOUND('',#1937,.T.);
#528=FACE_BOUND('',#1938,.T.);
#529=FACE_BOUND('',#1939,.T.);
#530=FACE_BOUND('',#1940,.T.);
#531=FACE_BOUND('',#1941,.T.);
#532=FACE_BOUND('',#1942,.T.);
#533=FACE_BOUND('',#1943,.T.);
#534=FACE_BOUND('',#1944,.T.);
#535=FACE_BOUND('',#1945,.T.);
#536=FACE_BOUND('',#1946,.T.);
#537=FACE_BOUND('',#1947,.T.);
#538=FACE_BOUND('',#1948,.T.);
#539=FACE_BOUND('',#1949,.T.);
#540=FACE_BOUND('',#1950,.T.);
#541=FACE_BOUND('',#1951,.T.);
#542=FACE_BOUND('',#1952,.T.);
#543=FACE_BOUND('',#1953,.T.);
#544=FACE_BOUND('',#1954,.T.);
#545=FACE_BOUND('',#1955,.T.);
#546=FACE_BOUND('',#1956,.T.);
#547=FACE_BOUND('',#1957,.T.);
#548=FACE_BOUND('',#1958,.T.);
#549=FACE_BOUND('',#1959,.T.);
#550=FACE_BOUND('',#1960,.T.);
#551=FACE_BOUND('',#1961,.T.);
#552=FACE_BOUND('',#1962,.T.);
#553=FACE_BOUND('',#1963,.T.);
#554=FACE_BOUND('',#1964,.T.);
#555=FACE_BOUND('',#1965,.T.);
#556=FACE_BOUND('',#1966,.T.);
#557=FACE_BOUND('',#1967,.T.);
#558=FACE_BOUND('',#1968,.T.);
#559=FACE_BOUND('',#1969,.T.);
#560=FACE_BOUND('',#1970,.T.);
#561=FACE_BOUND('',#1971,.T.);
#562=FACE_BOUND('',#1972,.T.);
#563=FACE_BOUND('',#1973,.T.);
#564=FACE_BOUND('',#1974,.T.);
#565=FACE_BOUND('',#1975,.T.);
#566=FACE_BOUND('',#1976,.T.);
#567=FACE_BOUND('',#1977,.T.);
#568=FACE_BOUND('',#1978,.T.);
#569=FACE_BOUND('',#1979,.T.);
#570=FACE_BOUND('',#1980,.T.);
#571=FACE_BOUND('',#1981,.T.);
#572=FACE_BOUND('',#1982,.T.);
#573=FACE_BOUND('',#1983,.T.);
#574=FACE_BOUND('',#1984,.T.);
#575=FACE_BOUND('',#1985,.T.);
#576=FACE_BOUND('',#1986,.T.);
#577=FACE_BOUND('',#1987,.T.);
#578=FACE_BOUND('',#1988,.T.);
#579=FACE_BOUND('',#1989,.T.);
#580=FACE_BOUND('',#1990,.T.);
#581=FACE_BOUND('',#1991,.T.);
#582=FACE_BOUND('',#1992,.T.);
#583=FACE_BOUND('',#1993,.T.);
#584=FACE_BOUND('',#1994,.T.);
#585=FACE_BOUND('',#1995,.T.);
#586=FACE_BOUND('',#1996,.T.);
#587=FACE_BOUND('',#1997,.T.);
#588=FACE_BOUND('',#1998,.T.);
#589=FACE_BOUND('',#1999,.T.);
#590=FACE_BOUND('',#2000,.T.);
#591=FACE_BOUND('',#2001,.T.);
#592=FACE_BOUND('',#2002,.T.);
#593=FACE_BOUND('',#2003,.T.);
#594=FACE_BOUND('',#2004,.T.);
#595=FACE_BOUND('',#2005,.T.);
#596=FACE_BOUND('',#2006,.T.);
#597=FACE_BOUND('',#2007,.T.);
#598=FACE_BOUND('',#2008,.T.);
#599=FACE_BOUND('',#2009,.T.);
#600=FACE_BOUND('',#2010,.T.);
#601=FACE_BOUND('',#2011,.T.);
#602=FACE_BOUND('',#2012,.T.);
#603=FACE_BOUND('',#2013,.T.);
#604=FACE_BOUND('',#2014,.T.);
#605=FACE_BOUND('',#2015,.T.);
#606=FACE_BOUND('',#2016,.T.);
#607=FACE_BOUND('',#2017,.T.);
#608=FACE_BOUND('',#2018,.T.);
#609=FACE_BOUND('',#2019,.T.);
#610=FACE_BOUND('',#2020,.T.);
#611=FACE_BOUND('',#2021,.T.);
#612=FACE_BOUND('',#2022,.T.);
#613=FACE_BOUND('',#2023,.T.);
#614=FACE_BOUND('',#2024,.T.);
#615=FACE_BOUND('',#2025,.T.);
#616=FACE_BOUND('',#2026,.T.);
#617=FACE_BOUND('',#2027,.T.);
#618=FACE_BOUND('',#2028,.T.);
#619=FACE_BOUND('',#2029,.T.);
#620=FACE_BOUND('',#2030,.T.);
#621=FACE_BOUND('',#2031,.T.);
#622=FACE_BOUND('',#2032,.T.);
#623=FACE_BOUND('',#2033,.T.);
#624=FACE_BOUND('',#2034,.T.);
#625=FACE_BOUND('',#2035,.T.);
#626=FACE_BOUND('',#2036,.T.);
#627=FACE_BOUND('',#2037,.T.);
#628=FACE_BOUND('',#2038,.T.);
#629=FACE_BOUND('',#2039,.T.);
#630=FACE_BOUND('',#2040,.T.);
#631=FACE_BOUND('',#2041,.T.);
#632=FACE_BOUND('',#2042,.T.);
#633=FACE_BOUND('',#2043,.T.);
#634=FACE_BOUND('',#2044,.T.);
#635=FACE_BOUND('',#2045,.T.);
#636=FACE_BOUND('',#2046,.T.);
#637=FACE_BOUND('',#2047,.T.);
#638=FACE_BOUND('',#2048,.T.);
#639=FACE_BOUND('',#2049,.T.);
#640=FACE_BOUND('',#2050,.T.);
#641=FACE_BOUND('',#2051,.T.);
#642=FACE_BOUND('',#2052,.T.);
#643=FACE_BOUND('',#2053,.T.);
#644=FACE_BOUND('',#2054,.T.);
#645=FACE_BOUND('',#2055,.T.);
#646=FACE_BOUND('',#2056,.T.);
#647=FACE_BOUND('',#2057,.T.);
#648=FACE_BOUND('',#2058,.T.);
#649=FACE_BOUND('',#2059,.T.);
#650=FACE_BOUND('',#2060,.T.);
#651=FACE_BOUND('',#2061,.T.);
#652=FACE_BOUND('',#2062,.T.);
#653=FACE_BOUND('',#2063,.T.);
#654=FACE_BOUND('',#2064,.T.);
#655=FACE_BOUND('',#2065,.T.);
#656=FACE_BOUND('',#2066,.T.);
#657=FACE_BOUND('',#2067,.T.);
#658=FACE_BOUND('',#2068,.T.);
#659=FACE_BOUND('',#2069,.T.);
#660=FACE_BOUND('',#2070,.T.);
#661=FACE_BOUND('',#2071,.T.);
#662=FACE_BOUND('',#2072,.T.);
#663=FACE_BOUND('',#2073,.T.);
#664=FACE_BOUND('',#2074,.T.);
#665=FACE_BOUND('',#2075,.T.);
#666=FACE_BOUND('',#2076,.T.);
#667=FACE_BOUND('',#2077,.T.);
#668=FACE_BOUND('',#2078,.T.);
#669=FACE_BOUND('',#2079,.T.);
#670=FACE_BOUND('',#2080,.T.);
#671=FACE_BOUND('',#2081,.T.);
#672=FACE_BOUND('',#2082,.T.);
#673=FACE_BOUND('',#2083,.T.);
#674=FACE_BOUND('',#2084,.T.);
#675=FACE_BOUND('',#2085,.T.);
#676=FACE_BOUND('',#2086,.T.);
#677=FACE_BOUND('',#2087,.T.);
#678=FACE_BOUND('',#2088,.T.);
#679=FACE_BOUND('',#2089,.T.);
#680=FACE_BOUND('',#2090,.T.);
#681=FACE_BOUND('',#2091,.T.);
#682=FACE_BOUND('',#2092,.T.);
#683=FACE_BOUND('',#2093,.T.);
#684=FACE_BOUND('',#2094,.T.);
#685=FACE_BOUND('',#2095,.T.);
#686=FACE_BOUND('',#2096,.T.);
#687=FACE_BOUND('',#2097,.T.);
#688=FACE_BOUND('',#2098,.T.);
#689=FACE_BOUND('',#2099,.T.);
#690=FACE_BOUND('',#2100,.T.);
#691=FACE_BOUND('',#2101,.T.);
#692=FACE_BOUND('',#2102,.T.);
#693=FACE_BOUND('',#2103,.T.);
#694=FACE_BOUND('',#2104,.T.);
#695=FACE_BOUND('',#2105,.T.);
#696=FACE_BOUND('',#2106,.T.);
#697=FACE_BOUND('',#2107,.T.);
#698=FACE_BOUND('',#2108,.T.);
#699=FACE_BOUND('',#2109,.T.);
#700=FACE_BOUND('',#2110,.T.);
#701=FACE_BOUND('',#2111,.T.);
#702=FACE_BOUND('',#2112,.T.);
#703=FACE_BOUND('',#2113,.T.);
#704=FACE_BOUND('',#2114,.T.);
#705=FACE_BOUND('',#2115,.T.);
#706=FACE_BOUND('',#2116,.T.);
#707=FACE_BOUND('',#2117,.T.);
#708=FACE_BOUND('',#2118,.T.);
#709=FACE_BOUND('',#2119,.T.);
#710=FACE_BOUND('',#2120,.T.);
#711=FACE_BOUND('',#2121,.T.);
#712=CIRCLE('',#5707,38.1);
#713=CIRCLE('',#5711,38.1);
#714=CIRCLE('',#5715,38.1);
#715=CIRCLE('',#5717,38.1);
#716=CIRCLE('',#5731,2.75);
#717=CIRCLE('',#5732,2.75);
#718=CIRCLE('',#5734,2.75);
#719=CIRCLE('',#5735,2.75);
#720=CIRCLE('',#5737,2.75);
#721=CIRCLE('',#5738,2.75);
#722=CIRCLE('',#5740,2.75);
#723=CIRCLE('',#5741,2.75);
#724=CIRCLE('',#5743,2.75);
#725=CIRCLE('',#5744,2.75);
#726=CIRCLE('',#5746,2.75);
#727=CIRCLE('',#5747,2.75);
#728=CIRCLE('',#5749,2.75);
#729=CIRCLE('',#5750,2.75);
#730=CIRCLE('',#5752,2.75);
#731=CIRCLE('',#5753,2.75);
#732=CIRCLE('',#5755,2.75);
#733=CIRCLE('',#5756,2.75);
#734=CIRCLE('',#5758,2.75);
#735=CIRCLE('',#5759,2.75);
#736=CIRCLE('',#5761,2.75);
#737=CIRCLE('',#5762,2.75);
#738=CIRCLE('',#5764,2.75);
#739=CIRCLE('',#5765,2.75);
#740=CIRCLE('',#5767,2.75);
#741=CIRCLE('',#5768,2.75);
#742=CIRCLE('',#5770,2.75);
#743=CIRCLE('',#5771,2.75);
#744=CIRCLE('',#5773,2.75);
#745=CIRCLE('',#5774,2.75);
#746=CIRCLE('',#5776,2.75);
#747=CIRCLE('',#5777,2.75);
#748=CIRCLE('',#5779,2.75);
#749=CIRCLE('',#5780,2.75);
#750=CIRCLE('',#5782,2.75);
#751=CIRCLE('',#5783,2.75);
#752=CIRCLE('',#5785,2.75);
#753=CIRCLE('',#5786,2.75);
#754=CIRCLE('',#5788,2.75);
#755=CIRCLE('',#5789,2.75);
#756=CIRCLE('',#5791,2.75);
#757=CIRCLE('',#5792,2.75);
#758=CIRCLE('',#5794,2.75);
#759=CIRCLE('',#5795,2.75);
#760=CIRCLE('',#5797,2.75);
#761=CIRCLE('',#5798,2.75);
#762=CIRCLE('',#5800,2.75);
#763=CIRCLE('',#5801,2.75);
#764=CIRCLE('',#5803,2.75);
#765=CIRCLE('',#5804,2.75);
#766=CIRCLE('',#5806,2.75);
#767=CIRCLE('',#5807,2.75);
#768=CIRCLE('',#5809,2.75);
#769=CIRCLE('',#5810,2.75);
#770=CIRCLE('',#5812,2.75);
#771=CIRCLE('',#5813,2.75);
#772=CIRCLE('',#5815,2.75);
#773=CIRCLE('',#5816,2.75);
#774=CIRCLE('',#5818,2.75);
#775=CIRCLE('',#5819,2.75);
#776=CIRCLE('',#5821,2.75);
#777=CIRCLE('',#5822,2.75);
#778=CIRCLE('',#5824,2.75);
#779=CIRCLE('',#5825,2.75);
#780=CIRCLE('',#5827,2.75);
#781=CIRCLE('',#5828,2.75);
#782=CIRCLE('',#5830,2.75);
#783=CIRCLE('',#5831,2.75);
#784=CIRCLE('',#5833,2.75);
#785=CIRCLE('',#5834,2.75);
#786=CIRCLE('',#5836,2.75);
#787=CIRCLE('',#5837,2.75);
#788=CIRCLE('',#5839,2.75);
#789=CIRCLE('',#5840,2.75);
#790=CIRCLE('',#5842,2.75);
#791=CIRCLE('',#5843,2.75);
#792=CIRCLE('',#5845,2.75);
#793=CIRCLE('',#5846,2.75);
#794=CIRCLE('',#5848,2.75);
#795=CIRCLE('',#5849,2.75);
#796=CIRCLE('',#5851,2.75);
#797=CIRCLE('',#5852,2.75);
#798=CIRCLE('',#5854,2.75);
#799=CIRCLE('',#5855,2.75);
#800=CIRCLE('',#5857,2.75);
#801=CIRCLE('',#5858,2.75);
#802=CIRCLE('',#5860,2.75);
#803=CIRCLE('',#5861,2.75);
#804=CIRCLE('',#5863,2.75);
#805=CIRCLE('',#5864,2.75);
#806=CIRCLE('',#5866,2.75);
#807=CIRCLE('',#5867,2.75);
#808=CIRCLE('',#5869,2.75);
#809=CIRCLE('',#5870,2.75);
#810=CIRCLE('',#5872,2.75);
#811=CIRCLE('',#5873,2.75);
#812=CIRCLE('',#5875,2.75);
#813=CIRCLE('',#5876,2.75);
#814=CIRCLE('',#5878,2.75);
#815=CIRCLE('',#5879,2.75);
#816=CIRCLE('',#5881,2.75);
#817=CIRCLE('',#5882,2.75);
#818=CIRCLE('',#5884,2.75);
#819=CIRCLE('',#5885,2.75);
#820=CIRCLE('',#5887,2.75);
#821=CIRCLE('',#5888,2.75);
#822=CIRCLE('',#5890,2.75);
#823=CIRCLE('',#5891,2.75);
#824=CIRCLE('',#5893,2.75);
#825=CIRCLE('',#5894,2.75);
#826=CIRCLE('',#5896,2.75);
#827=CIRCLE('',#5897,2.75);
#828=CIRCLE('',#5899,2.75);
#829=CIRCLE('',#5900,2.75);
#830=CIRCLE('',#5902,2.75);
#831=CIRCLE('',#5903,2.75);
#832=CIRCLE('',#5905,2.75);
#833=CIRCLE('',#5906,2.75);
#834=CIRCLE('',#5908,2.75);
#835=CIRCLE('',#5909,2.75);
#836=CIRCLE('',#5911,2.75);
#837=CIRCLE('',#5912,2.75);
#838=CIRCLE('',#5914,2.75);
#839=CIRCLE('',#5915,2.75);
#840=CIRCLE('',#5917,2.75);
#841=CIRCLE('',#5918,2.75);
#842=CIRCLE('',#5920,2.75);
#843=CIRCLE('',#5921,2.75);
#844=CIRCLE('',#5923,2.75);
#845=CIRCLE('',#5924,2.75);
#846=CIRCLE('',#5926,2.75);
#847=CIRCLE('',#5927,2.75);
#848=CIRCLE('',#5929,2.75);
#849=CIRCLE('',#5930,2.75);
#850=CIRCLE('',#5932,2.75);
#851=CIRCLE('',#5933,2.75);
#852=CIRCLE('',#5935,2.75);
#853=CIRCLE('',#5936,2.75);
#854=CIRCLE('',#5938,2.75);
#855=CIRCLE('',#5939,2.75);
#856=CIRCLE('',#5941,2.75);
#857=CIRCLE('',#5942,2.75);
#858=CIRCLE('',#5944,2.75);
#859=CIRCLE('',#5945,2.75);
#860=CIRCLE('',#5947,2.75);
#861=CIRCLE('',#5948,2.75);
#862=CIRCLE('',#5950,2.75);
#863=CIRCLE('',#5951,2.75);
#864=CIRCLE('',#5953,2.75);
#865=CIRCLE('',#5954,2.75);
#866=CIRCLE('',#5956,2.75);
#867=CIRCLE('',#5957,2.75);
#868=CIRCLE('',#5959,2.75);
#869=CIRCLE('',#5960,2.75);
#870=CIRCLE('',#5962,2.75);
#871=CIRCLE('',#5963,2.75);
#872=CIRCLE('',#5965,2.75);
#873=CIRCLE('',#5966,2.75);
#874=CIRCLE('',#5968,2.75);
#875=CIRCLE('',#5969,2.75);
#876=CIRCLE('',#5971,2.75);
#877=CIRCLE('',#5972,2.75);
#878=CIRCLE('',#5974,2.75);
#879=CIRCLE('',#5975,2.75);
#880=CIRCLE('',#5977,2.75);
#881=CIRCLE('',#5978,2.75);
#882=CIRCLE('',#5980,2.75);
#883=CIRCLE('',#5981,2.75);
#884=CIRCLE('',#5983,2.75);
#885=CIRCLE('',#5984,2.75);
#886=CIRCLE('',#5986,2.75);
#887=CIRCLE('',#5987,2.75);
#888=CIRCLE('',#5989,2.75);
#889=CIRCLE('',#5990,2.75);
#890=CIRCLE('',#5992,2.75);
#891=CIRCLE('',#5993,2.75);
#892=CIRCLE('',#5995,2.75);
#893=CIRCLE('',#5996,2.75);
#894=CIRCLE('',#5998,2.75);
#895=CIRCLE('',#5999,2.75);
#896=CIRCLE('',#6001,2.75);
#897=CIRCLE('',#6002,2.75);
#898=CIRCLE('',#6004,2.75);
#899=CIRCLE('',#6005,2.75);
#900=CIRCLE('',#6007,2.75);
#901=CIRCLE('',#6008,2.75);
#902=CIRCLE('',#6010,2.75);
#903=CIRCLE('',#6011,2.75);
#904=CIRCLE('',#6013,2.75);
#905=CIRCLE('',#6014,2.75);
#906=CIRCLE('',#6016,2.75);
#907=CIRCLE('',#6017,2.75);
#908=CIRCLE('',#6019,2.75);
#909=CIRCLE('',#6020,2.75);
#910=CIRCLE('',#6022,2.75);
#911=CIRCLE('',#6023,2.75);
#912=CIRCLE('',#6025,2.75);
#913=CIRCLE('',#6026,2.75);
#914=CIRCLE('',#6028,2.75);
#915=CIRCLE('',#6029,2.75);
#916=CIRCLE('',#6031,2.75);
#917=CIRCLE('',#6032,2.75);
#918=CIRCLE('',#6034,2.75);
#919=CIRCLE('',#6035,2.75);
#920=CIRCLE('',#6037,2.75);
#921=CIRCLE('',#6038,2.75);
#922=CIRCLE('',#6040,2.75);
#923=CIRCLE('',#6041,2.75);
#924=CIRCLE('',#6043,2.75);
#925=CIRCLE('',#6044,2.75);
#926=CIRCLE('',#6046,2.75);
#927=CIRCLE('',#6047,2.75);
#928=CIRCLE('',#6049,2.75);
#929=CIRCLE('',#6050,2.75);
#930=CIRCLE('',#6052,2.75);
#931=CIRCLE('',#6053,2.75);
#932=CIRCLE('',#6055,2.75);
#933=CIRCLE('',#6056,2.75);
#934=CIRCLE('',#6058,2.75);
#935=CIRCLE('',#6059,2.75);
#936=CIRCLE('',#6061,2.75);
#937=CIRCLE('',#6062,2.75);
#938=CIRCLE('',#6064,2.75);
#939=CIRCLE('',#6065,2.75);
#940=CIRCLE('',#6067,2.75);
#941=CIRCLE('',#6068,2.75);
#942=CIRCLE('',#6070,2.75);
#943=CIRCLE('',#6071,2.75);
#944=CIRCLE('',#6073,2.75);
#945=CIRCLE('',#6074,2.75);
#946=CIRCLE('',#6076,2.75);
#947=CIRCLE('',#6077,2.75);
#948=CIRCLE('',#6079,2.75);
#949=CIRCLE('',#6080,2.75);
#950=CIRCLE('',#6082,2.75);
#951=CIRCLE('',#6083,2.75);
#952=CIRCLE('',#6085,2.75);
#953=CIRCLE('',#6086,2.75);
#954=CIRCLE('',#6088,2.75);
#955=CIRCLE('',#6089,2.75);
#956=CIRCLE('',#6091,2.75);
#957=CIRCLE('',#6092,2.75);
#958=CIRCLE('',#6094,2.75);
#959=CIRCLE('',#6095,2.75);
#960=CIRCLE('',#6097,2.75);
#961=CIRCLE('',#6098,2.75);
#962=CIRCLE('',#6100,2.75);
#963=CIRCLE('',#6101,2.75);
#964=CIRCLE('',#6103,2.75);
#965=CIRCLE('',#6104,2.75);
#966=CIRCLE('',#6106,2.75);
#967=CIRCLE('',#6107,2.75);
#968=CIRCLE('',#6109,2.75);
#969=CIRCLE('',#6110,2.75);
#970=CIRCLE('',#6112,2.75);
#971=CIRCLE('',#6113,2.75);
#972=CIRCLE('',#6115,2.75);
#973=CIRCLE('',#6116,2.75);
#974=CIRCLE('',#6118,2.75);
#975=CIRCLE('',#6119,2.75);
#976=CIRCLE('',#6121,2.75);
#977=CIRCLE('',#6122,2.75);
#978=CIRCLE('',#6124,2.75);
#979=CIRCLE('',#6125,2.75);
#980=CIRCLE('',#6127,2.75);
#981=CIRCLE('',#6128,2.75);
#982=CIRCLE('',#6130,2.75);
#983=CIRCLE('',#6131,2.75);
#984=CIRCLE('',#6133,2.75);
#985=CIRCLE('',#6134,2.75);
#986=CIRCLE('',#6136,2.75);
#987=CIRCLE('',#6137,2.75);
#988=CIRCLE('',#6139,2.75);
#989=CIRCLE('',#6140,2.75);
#990=CIRCLE('',#6142,2.75);
#991=CIRCLE('',#6143,2.75);
#992=CIRCLE('',#6145,2.75);
#993=CIRCLE('',#6146,2.75);
#994=CIRCLE('',#6148,2.75);
#995=CIRCLE('',#6149,2.75);
#996=CIRCLE('',#6151,2.75);
#997=CIRCLE('',#6152,2.75);
#998=CIRCLE('',#6154,2.75);
#999=CIRCLE('',#6155,2.75);
#1000=CIRCLE('',#6157,2.75);
#1001=CIRCLE('',#6158,2.75);
#1002=CIRCLE('',#6160,2.75);
#1003=CIRCLE('',#6161,2.75);
#1004=CIRCLE('',#6163,2.75);
#1005=CIRCLE('',#6164,2.75);
#1006=CIRCLE('',#6166,2.75);
#1007=CIRCLE('',#6167,2.75);
#1008=CIRCLE('',#6169,2.75);
#1009=CIRCLE('',#6170,2.75);
#1010=CIRCLE('',#6172,2.75);
#1011=CIRCLE('',#6173,2.75);
#1012=CIRCLE('',#6175,2.75);
#1013=CIRCLE('',#6176,2.75);
#1014=CIRCLE('',#6178,2.75);
#1015=CIRCLE('',#6179,2.75);
#1016=CIRCLE('',#6181,2.75);
#1017=CIRCLE('',#6182,2.75);
#1018=CIRCLE('',#6184,2.75);
#1019=CIRCLE('',#6185,2.75);
#1020=CIRCLE('',#6187,2.75);
#1021=CIRCLE('',#6188,2.75);
#1022=CIRCLE('',#6190,2.75);
#1023=CIRCLE('',#6191,2.75);
#1024=CIRCLE('',#6193,2.75);
#1025=CIRCLE('',#6194,2.75);
#1026=CIRCLE('',#6196,2.75);
#1027=CIRCLE('',#6197,2.75);
#1028=CIRCLE('',#6199,2.75);
#1029=CIRCLE('',#6200,2.75);
#1030=CIRCLE('',#6202,2.75);
#1031=CIRCLE('',#6203,2.75);
#1032=CIRCLE('',#6205,2.75);
#1033=CIRCLE('',#6206,2.75);
#1034=CIRCLE('',#6208,2.75);
#1035=CIRCLE('',#6209,2.75);
#1036=CIRCLE('',#6211,2.75);
#1037=CIRCLE('',#6212,2.75);
#1038=CIRCLE('',#6214,2.75);
#1039=CIRCLE('',#6215,2.75);
#1040=CIRCLE('',#6217,2.75);
#1041=CIRCLE('',#6218,2.75);
#1042=CIRCLE('',#6220,2.75);
#1043=CIRCLE('',#6221,2.75);
#1044=CIRCLE('',#6223,2.75);
#1045=CIRCLE('',#6224,2.75);
#1046=CIRCLE('',#6226,2.75);
#1047=CIRCLE('',#6227,2.75);
#1048=CIRCLE('',#6229,2.75);
#1049=CIRCLE('',#6230,2.75);
#1050=CIRCLE('',#6232,2.75);
#1051=CIRCLE('',#6233,2.75);
#1052=CIRCLE('',#6235,2.75);
#1053=CIRCLE('',#6236,2.75);
#1054=CIRCLE('',#6238,2.75);
#1055=CIRCLE('',#6239,2.75);
#1056=CIRCLE('',#6241,2.75);
#1057=CIRCLE('',#6242,2.75);
#1058=CIRCLE('',#6244,2.75);
#1059=CIRCLE('',#6245,2.75);
#1060=CIRCLE('',#6247,2.75);
#1061=CIRCLE('',#6248,2.75);
#1062=CIRCLE('',#6250,2.75);
#1063=CIRCLE('',#6251,2.75);
#1064=CIRCLE('',#6253,2.75);
#1065=CIRCLE('',#6254,2.75);
#1066=CIRCLE('',#6256,2.75);
#1067=CIRCLE('',#6257,2.75);
#1068=CIRCLE('',#6259,2.75);
#1069=CIRCLE('',#6260,2.75);
#1070=CIRCLE('',#6262,2.75);
#1071=CIRCLE('',#6263,2.75);
#1072=CIRCLE('',#6265,2.75);
#1073=CIRCLE('',#6266,2.75);
#1074=CIRCLE('',#6268,2.75);
#1075=CIRCLE('',#6269,2.75);
#1076=CIRCLE('',#6271,2.75);
#1077=CIRCLE('',#6272,2.75);
#1078=CIRCLE('',#6274,2.75);
#1079=CIRCLE('',#6275,2.75);
#1080=CIRCLE('',#6277,2.75);
#1081=CIRCLE('',#6278,2.75);
#1082=CIRCLE('',#6280,2.75);
#1083=CIRCLE('',#6281,2.75);
#1084=CIRCLE('',#6283,2.75);
#1085=CIRCLE('',#6284,2.75);
#1086=CIRCLE('',#6286,2.75);
#1087=CIRCLE('',#6287,2.75);
#1088=CIRCLE('',#6289,2.75);
#1089=CIRCLE('',#6290,2.75);
#1090=CIRCLE('',#6292,2.75);
#1091=CIRCLE('',#6293,2.75);
#1092=CIRCLE('',#6295,2.75);
#1093=CIRCLE('',#6296,2.75);
#1094=CIRCLE('',#6298,2.75);
#1095=CIRCLE('',#6299,2.75);
#1096=CIRCLE('',#6301,2.75);
#1097=CIRCLE('',#6302,2.75);
#1098=CIRCLE('',#6304,2.75);
#1099=CIRCLE('',#6305,2.75);
#1100=CIRCLE('',#6307,2.75);
#1101=CIRCLE('',#6308,2.75);
#1102=CIRCLE('',#6310,2.75);
#1103=CIRCLE('',#6311,2.75);
#1104=CIRCLE('',#6313,2.75);
#1105=CIRCLE('',#6314,2.75);
#1106=CIRCLE('',#6316,2.75);
#1107=CIRCLE('',#6317,2.75);
#1108=CIRCLE('',#6319,2.75);
#1109=CIRCLE('',#6320,2.75);
#1110=CIRCLE('',#6322,2.75);
#1111=CIRCLE('',#6323,2.75);
#1112=CIRCLE('',#6325,2.75);
#1113=CIRCLE('',#6326,2.75);
#1114=CIRCLE('',#6328,2.75);
#1115=CIRCLE('',#6329,2.75);
#1116=CIRCLE('',#6331,2.75);
#1117=CIRCLE('',#6332,2.75);
#1118=CIRCLE('',#6334,2.75);
#1119=CIRCLE('',#6335,2.75);
#1120=CIRCLE('',#6337,2.75);
#1121=CIRCLE('',#6338,2.75);
#1122=CIRCLE('',#6340,2.75);
#1123=CIRCLE('',#6341,2.75);
#1124=CIRCLE('',#6343,2.75);
#1125=CIRCLE('',#6344,2.75);
#1126=CIRCLE('',#6346,2.75);
#1127=CIRCLE('',#6347,2.75);
#1128=CIRCLE('',#6349,2.75);
#1129=CIRCLE('',#6350,2.75);
#1130=CIRCLE('',#6352,2.75);
#1131=CIRCLE('',#6353,2.75);
#1132=CIRCLE('',#6355,2.75);
#1133=CIRCLE('',#6356,2.75);
#1134=CIRCLE('',#6358,2.75);
#1135=CIRCLE('',#6359,2.75);
#1136=CIRCLE('',#6361,2.75);
#1137=CIRCLE('',#6362,2.75);
#1138=CIRCLE('',#6364,2.75);
#1139=CIRCLE('',#6365,2.75);
#1140=CIRCLE('',#6367,2.75);
#1141=CIRCLE('',#6368,2.75);
#1142=CIRCLE('',#6370,2.75);
#1143=CIRCLE('',#6371,2.75);
#1144=CIRCLE('',#6373,2.75);
#1145=CIRCLE('',#6374,2.75);
#1146=CIRCLE('',#6376,2.75);
#1147=CIRCLE('',#6377,2.75);
#1148=CIRCLE('',#6379,2.75);
#1149=CIRCLE('',#6380,2.75);
#1150=CIRCLE('',#6382,2.75);
#1151=CIRCLE('',#6383,2.75);
#1152=CIRCLE('',#6385,2.75);
#1153=CIRCLE('',#6386,2.75);
#1154=CIRCLE('',#6388,2.75);
#1155=CIRCLE('',#6389,2.75);
#1156=CIRCLE('',#6391,2.75);
#1157=CIRCLE('',#6392,2.75);
#1158=CIRCLE('',#6394,2.75);
#1159=CIRCLE('',#6395,2.75);
#1160=CIRCLE('',#6397,2.75);
#1161=CIRCLE('',#6398,2.75);
#1162=CIRCLE('',#6400,2.75);
#1163=CIRCLE('',#6401,2.75);
#1164=CIRCLE('',#6403,2.75);
#1165=CIRCLE('',#6404,2.75);
#1166=FACE_OUTER_BOUND('',#1417,.T.);
#1167=FACE_OUTER_BOUND('',#1418,.T.);
#1168=FACE_OUTER_BOUND('',#1419,.T.);
#1169=FACE_OUTER_BOUND('',#1421,.T.);
#1170=FACE_OUTER_BOUND('',#1422,.T.);
#1171=FACE_OUTER_BOUND('',#1423,.T.);
#1172=FACE_OUTER_BOUND('',#1425,.T.);
#1173=FACE_OUTER_BOUND('',#1426,.T.);
#1174=FACE_OUTER_BOUND('',#1427,.T.);
#1175=FACE_OUTER_BOUND('',#1428,.T.);
#1176=FACE_OUTER_BOUND('',#1429,.T.);
#1177=FACE_OUTER_BOUND('',#1430,.T.);
#1178=FACE_OUTER_BOUND('',#1431,.T.);
#1179=FACE_OUTER_BOUND('',#1432,.T.);
#1180=FACE_OUTER_BOUND('',#1433,.T.);
#1181=FACE_OUTER_BOUND('',#1435,.T.);
#1182=FACE_OUTER_BOUND('',#1436,.T.);
#1183=FACE_OUTER_BOUND('',#1437,.T.);
#1184=FACE_OUTER_BOUND('',#1439,.T.);
#1185=FACE_OUTER_BOUND('',#1440,.T.);
#1186=FACE_OUTER_BOUND('',#1441,.T.);
#1187=FACE_OUTER_BOUND('',#1442,.T.);
#1188=FACE_OUTER_BOUND('',#1443,.T.);
#1189=FACE_OUTER_BOUND('',#1444,.T.);
#1190=FACE_OUTER_BOUND('',#1445,.T.);
#1191=FACE_OUTER_BOUND('',#1446,.T.);
#1192=FACE_OUTER_BOUND('',#1447,.T.);
#1193=FACE_OUTER_BOUND('',#1448,.T.);
#1194=FACE_OUTER_BOUND('',#1449,.T.);
#1195=FACE_OUTER_BOUND('',#1450,.T.);
#1196=FACE_OUTER_BOUND('',#1451,.T.);
#1197=FACE_OUTER_BOUND('',#1452,.T.);
#1198=FACE_OUTER_BOUND('',#1453,.T.);
#1199=FACE_OUTER_BOUND('',#1454,.T.);
#1200=FACE_OUTER_BOUND('',#1455,.T.);
#1201=FACE_OUTER_BOUND('',#1456,.T.);
#1202=FACE_OUTER_BOUND('',#1457,.T.);
#1203=FACE_OUTER_BOUND('',#1458,.T.);
#1204=FACE_OUTER_BOUND('',#1459,.T.);
#1205=FACE_OUTER_BOUND('',#1460,.T.);
#1206=FACE_OUTER_BOUND('',#1461,.T.);
#1207=FACE_OUTER_BOUND('',#1462,.T.);
#1208=FACE_OUTER_BOUND('',#1463,.T.);
#1209=FACE_OUTER_BOUND('',#1464,.T.);
#1210=FACE_OUTER_BOUND('',#1465,.T.);
#1211=FACE_OUTER_BOUND('',#1466,.T.);
#1212=FACE_OUTER_BOUND('',#1467,.T.);
#1213=FACE_OUTER_BOUND('',#1468,.T.);
#1214=FACE_OUTER_BOUND('',#1469,.T.);
#1215=FACE_OUTER_BOUND('',#1470,.T.);
#1216=FACE_OUTER_BOUND('',#1471,.T.);
#1217=FACE_OUTER_BOUND('',#1472,.T.);
#1218=FACE_OUTER_BOUND('',#1473,.T.);
#1219=FACE_OUTER_BOUND('',#1474,.T.);
#1220=FACE_OUTER_BOUND('',#1475,.T.);
#1221=FACE_OUTER_BOUND('',#1476,.T.);
#1222=FACE_OUTER_BOUND('',#1477,.T.);
#1223=FACE_OUTER_BOUND('',#1478,.T.);
#1224=FACE_OUTER_BOUND('',#1479,.T.);
#1225=FACE_OUTER_BOUND('',#1480,.T.);
#1226=FACE_OUTER_BOUND('',#1481,.T.);
#1227=FACE_OUTER_BOUND('',#1482,.T.);
#1228=FACE_OUTER_BOUND('',#1483,.T.);
#1229=FACE_OUTER_BOUND('',#1484,.T.);
#1230=FACE_OUTER_BOUND('',#1485,.T.);
#1231=FACE_OUTER_BOUND('',#1486,.T.);
#1232=FACE_OUTER_BOUND('',#1487,.T.);
#1233=FACE_OUTER_BOUND('',#1488,.T.);
#1234=FACE_OUTER_BOUND('',#1489,.T.);
#1235=FACE_OUTER_BOUND('',#1490,.T.);
#1236=FACE_OUTER_BOUND('',#1491,.T.);
#1237=FACE_OUTER_BOUND('',#1492,.T.);
#1238=FACE_OUTER_BOUND('',#1493,.T.);
#1239=FACE_OUTER_BOUND('',#1494,.T.);
#1240=FACE_OUTER_BOUND('',#1495,.T.);
#1241=FACE_OUTER_BOUND('',#1496,.T.);
#1242=FACE_OUTER_BOUND('',#1497,.T.);
#1243=FACE_OUTER_BOUND('',#1498,.T.);
#1244=FACE_OUTER_BOUND('',#1499,.T.);
#1245=FACE_OUTER_BOUND('',#1500,.T.);
#1246=FACE_OUTER_BOUND('',#1501,.T.);
#1247=FACE_OUTER_BOUND('',#1502,.T.);
#1248=FACE_OUTER_BOUND('',#1503,.T.);
#1249=FACE_OUTER_BOUND('',#1504,.T.);
#1250=FACE_OUTER_BOUND('',#1505,.T.);
#1251=FACE_OUTER_BOUND('',#1506,.T.);
#1252=FACE_OUTER_BOUND('',#1507,.T.);
#1253=FACE_OUTER_BOUND('',#1508,.T.);
#1254=FACE_OUTER_BOUND('',#1509,.T.);
#1255=FACE_OUTER_BOUND('',#1510,.T.);
#1256=FACE_OUTER_BOUND('',#1511,.T.);
#1257=FACE_OUTER_BOUND('',#1512,.T.);
#1258=FACE_OUTER_BOUND('',#1513,.T.);
#1259=FACE_OUTER_BOUND('',#1514,.T.);
#1260=FACE_OUTER_BOUND('',#1515,.T.);
#1261=FACE_OUTER_BOUND('',#1516,.T.);
#1262=FACE_OUTER_BOUND('',#1517,.T.);
#1263=FACE_OUTER_BOUND('',#1518,.T.);
#1264=FACE_OUTER_BOUND('',#1519,.T.);
#1265=FACE_OUTER_BOUND('',#1520,.T.);
#1266=FACE_OUTER_BOUND('',#1521,.T.);
#1267=FACE_OUTER_BOUND('',#1522,.T.);
#1268=FACE_OUTER_BOUND('',#1523,.T.);
#1269=FACE_OUTER_BOUND('',#1524,.T.);
#1270=FACE_OUTER_BOUND('',#1525,.T.);
#1271=FACE_OUTER_BOUND('',#1526,.T.);
#1272=FACE_OUTER_BOUND('',#1527,.T.);
#1273=FACE_OUTER_BOUND('',#1528,.T.);
#1274=FACE_OUTER_BOUND('',#1529,.T.);
#1275=FACE_OUTER_BOUND('',#1530,.T.);
#1276=FACE_OUTER_BOUND('',#1531,.T.);
#1277=FACE_OUTER_BOUND('',#1532,.T.);
#1278=FACE_OUTER_BOUND('',#1533,.T.);
#1279=FACE_OUTER_BOUND('',#1534,.T.);
#1280=FACE_OUTER_BOUND('',#1535,.T.);
#1281=FACE_OUTER_BOUND('',#1536,.T.);
#1282=FACE_OUTER_BOUND('',#1537,.T.);
#1283=FACE_OUTER_BOUND('',#1538,.T.);
#1284=FACE_OUTER_BOUND('',#1539,.T.);
#1285=FACE_OUTER_BOUND('',#1540,.T.);
#1286=FACE_OUTER_BOUND('',#1541,.T.);
#1287=FACE_OUTER_BOUND('',#1542,.T.);
#1288=FACE_OUTER_BOUND('',#1543,.T.);
#1289=FACE_OUTER_BOUND('',#1544,.T.);
#1290=FACE_OUTER_BOUND('',#1545,.T.);
#1291=FACE_OUTER_BOUND('',#1546,.T.);
#1292=FACE_OUTER_BOUND('',#1547,.T.);
#1293=FACE_OUTER_BOUND('',#1548,.T.);
#1294=FACE_OUTER_BOUND('',#1549,.T.);
#1295=FACE_OUTER_BOUND('',#1550,.T.);
#1296=FACE_OUTER_BOUND('',#1551,.T.);
#1297=FACE_OUTER_BOUND('',#1552,.T.);
#1298=FACE_OUTER_BOUND('',#1553,.T.);
#1299=FACE_OUTER_BOUND('',#1554,.T.);
#1300=FACE_OUTER_BOUND('',#1555,.T.);
#1301=FACE_OUTER_BOUND('',#1556,.T.);
#1302=FACE_OUTER_BOUND('',#1557,.T.);
#1303=FACE_OUTER_BOUND('',#1558,.T.);
#1304=FACE_OUTER_BOUND('',#1559,.T.);
#1305=FACE_OUTER_BOUND('',#1560,.T.);
#1306=FACE_OUTER_BOUND('',#1561,.T.);
#1307=FACE_OUTER_BOUND('',#1562,.T.);
#1308=FACE_OUTER_BOUND('',#1563,.T.);
#1309=FACE_OUTER_BOUND('',#1564,.T.);
#1310=FACE_OUTER_BOUND('',#1565,.T.);
#1311=FACE_OUTER_BOUND('',#1566,.T.);
#1312=FACE_OUTER_BOUND('',#1567,.T.);
#1313=FACE_OUTER_BOUND('',#1568,.T.);
#1314=FACE_OUTER_BOUND('',#1569,.T.);
#1315=FACE_OUTER_BOUND('',#1570,.T.);
#1316=FACE_OUTER_BOUND('',#1571,.T.);
#1317=FACE_OUTER_BOUND('',#1572,.T.);
#1318=FACE_OUTER_BOUND('',#1573,.T.);
#1319=FACE_OUTER_BOUND('',#1574,.T.);
#1320=FACE_OUTER_BOUND('',#1575,.T.);
#1321=FACE_OUTER_BOUND('',#1576,.T.);
#1322=FACE_OUTER_BOUND('',#1577,.T.);
#1323=FACE_OUTER_BOUND('',#1578,.T.);
#1324=FACE_OUTER_BOUND('',#1579,.T.);
#1325=FACE_OUTER_BOUND('',#1580,.T.);
#1326=FACE_OUTER_BOUND('',#1581,.T.);
#1327=FACE_OUTER_BOUND('',#1582,.T.);
#1328=FACE_OUTER_BOUND('',#1583,.T.);
#1329=FACE_OUTER_BOUND('',#1584,.T.);
#1330=FACE_OUTER_BOUND('',#1585,.T.);
#1331=FACE_OUTER_BOUND('',#1586,.T.);
#1332=FACE_OUTER_BOUND('',#1587,.T.);
#1333=FACE_OUTER_BOUND('',#1588,.T.);
#1334=FACE_OUTER_BOUND('',#1589,.T.);
#1335=FACE_OUTER_BOUND('',#1590,.T.);
#1336=FACE_OUTER_BOUND('',#1591,.T.);
#1337=FACE_OUTER_BOUND('',#1592,.T.);
#1338=FACE_OUTER_BOUND('',#1593,.T.);
#1339=FACE_OUTER_BOUND('',#1594,.T.);
#1340=FACE_OUTER_BOUND('',#1595,.T.);
#1341=FACE_OUTER_BOUND('',#1596,.T.);
#1342=FACE_OUTER_BOUND('',#1597,.T.);
#1343=FACE_OUTER_BOUND('',#1598,.T.);
#1344=FACE_OUTER_BOUND('',#1599,.T.);
#1345=FACE_OUTER_BOUND('',#1600,.T.);
#1346=FACE_OUTER_BOUND('',#1601,.T.);
#1347=FACE_OUTER_BOUND('',#1602,.T.);
#1348=FACE_OUTER_BOUND('',#1603,.T.);
#1349=FACE_OUTER_BOUND('',#1604,.T.);
#1350=FACE_OUTER_BOUND('',#1605,.T.);
#1351=FACE_OUTER_BOUND('',#1606,.T.);
#1352=FACE_OUTER_BOUND('',#1607,.T.);
#1353=FACE_OUTER_BOUND('',#1608,.T.);
#1354=FACE_OUTER_BOUND('',#1609,.T.);
#1355=FACE_OUTER_BOUND('',#1610,.T.);
#1356=FACE_OUTER_BOUND('',#1611,.T.);
#1357=FACE_OUTER_BOUND('',#1612,.T.);
#1358=FACE_OUTER_BOUND('',#1613,.T.);
#1359=FACE_OUTER_BOUND('',#1614,.T.);
#1360=FACE_OUTER_BOUND('',#1615,.T.);
#1361=FACE_OUTER_BOUND('',#1616,.T.);
#1362=FACE_OUTER_BOUND('',#1617,.T.);
#1363=FACE_OUTER_BOUND('',#1618,.T.);
#1364=FACE_OUTER_BOUND('',#1619,.T.);
#1365=FACE_OUTER_BOUND('',#1620,.T.);
#1366=FACE_OUTER_BOUND('',#1621,.T.);
#1367=FACE_OUTER_BOUND('',#1622,.T.);
#1368=FACE_OUTER_BOUND('',#1623,.T.);
#1369=FACE_OUTER_BOUND('',#1624,.T.);
#1370=FACE_OUTER_BOUND('',#1625,.T.);
#1371=FACE_OUTER_BOUND('',#1626,.T.);
#1372=FACE_OUTER_BOUND('',#1627,.T.);
#1373=FACE_OUTER_BOUND('',#1628,.T.);
#1374=FACE_OUTER_BOUND('',#1629,.T.);
#1375=FACE_OUTER_BOUND('',#1630,.T.);
#1376=FACE_OUTER_BOUND('',#1631,.T.);
#1377=FACE_OUTER_BOUND('',#1632,.T.);
#1378=FACE_OUTER_BOUND('',#1633,.T.);
#1379=FACE_OUTER_BOUND('',#1634,.T.);
#1380=FACE_OUTER_BOUND('',#1635,.T.);
#1381=FACE_OUTER_BOUND('',#1636,.T.);
#1382=FACE_OUTER_BOUND('',#1637,.T.);
#1383=FACE_OUTER_BOUND('',#1638,.T.);
#1384=FACE_OUTER_BOUND('',#1639,.T.);
#1385=FACE_OUTER_BOUND('',#1640,.T.);
#1386=FACE_OUTER_BOUND('',#1641,.T.);
#1387=FACE_OUTER_BOUND('',#1642,.T.);
#1388=FACE_OUTER_BOUND('',#1643,.T.);
#1389=FACE_OUTER_BOUND('',#1644,.T.);
#1390=FACE_OUTER_BOUND('',#1645,.T.);
#1391=FACE_OUTER_BOUND('',#1646,.T.);
#1392=FACE_OUTER_BOUND('',#1647,.T.);
#1393=FACE_OUTER_BOUND('',#1648,.T.);
#1394=FACE_OUTER_BOUND('',#1649,.T.);
#1395=FACE_OUTER_BOUND('',#1650,.T.);
#1396=FACE_OUTER_BOUND('',#1651,.T.);
#1397=FACE_OUTER_BOUND('',#1652,.T.);
#1398=FACE_OUTER_BOUND('',#1653,.T.);
#1399=FACE_OUTER_BOUND('',#1654,.T.);
#1400=FACE_OUTER_BOUND('',#1655,.T.);
#1401=FACE_OUTER_BOUND('',#1656,.T.);
#1402=FACE_OUTER_BOUND('',#1657,.T.);
#1403=FACE_OUTER_BOUND('',#1658,.T.);
#1404=FACE_OUTER_BOUND('',#1659,.T.);
#1405=FACE_OUTER_BOUND('',#1660,.T.);
#1406=FACE_OUTER_BOUND('',#1661,.T.);
#1407=FACE_OUTER_BOUND('',#1662,.T.);
#1408=FACE_OUTER_BOUND('',#1663,.T.);
#1409=FACE_OUTER_BOUND('',#1664,.T.);
#1410=FACE_OUTER_BOUND('',#1665,.T.);
#1411=FACE_OUTER_BOUND('',#1666,.T.);
#1412=FACE_OUTER_BOUND('',#1667,.T.);
#1413=FACE_OUTER_BOUND('',#1668,.T.);
#1414=FACE_OUTER_BOUND('',#1669,.T.);
#1415=FACE_OUTER_BOUND('',#1670,.T.);
#1416=FACE_OUTER_BOUND('',#1896,.T.);
#1417=EDGE_LOOP('',(#3923,#3924,#3925,#3926));
#1418=EDGE_LOOP('',(#3927,#3928,#3929,#3930));
#1419=EDGE_LOOP('',(#3931,#3932,#3933,#3934));
#1420=EDGE_LOOP('',(#3935));
#1421=EDGE_LOOP('',(#3936,#3937,#3938,#3939,#3940,#3941,#3942,#3943));
#1422=EDGE_LOOP('',(#3944,#3945,#3946,#3947,#3948,#3949,#3950,#3951));
#1423=EDGE_LOOP('',(#3952,#3953,#3954,#3955));
#1424=EDGE_LOOP('',(#3956));
#1425=EDGE_LOOP('',(#3957,#3958,#3959,#3960));
#1426=EDGE_LOOP('',(#3961,#3962,#3963,#3964));
#1427=EDGE_LOOP('',(#3965,#3966,#3967,#3968));
#1428=EDGE_LOOP('',(#3969,#3970,#3971,#3972));
#1429=EDGE_LOOP('',(#3973,#3974,#3975,#3976));
#1430=EDGE_LOOP('',(#3977,#3978,#3979,#3980,#3981,#3982,#3983,#3984));
#1431=EDGE_LOOP('',(#3985,#3986,#3987,#3988));
#1432=EDGE_LOOP('',(#3989,#3990,#3991,#3992));
#1433=EDGE_LOOP('',(#3993,#3994,#3995,#3996));
#1434=EDGE_LOOP('',(#3997));
#1435=EDGE_LOOP('',(#3998,#3999,#4000,#4001,#4002,#4003,#4004));
#1436=EDGE_LOOP('',(#4005,#4006,#4007,#4008,#4009,#4010,#4011));
#1437=EDGE_LOOP('',(#4012,#4013,#4014,#4015));
#1438=EDGE_LOOP('',(#4016));
#1439=EDGE_LOOP('',(#4017,#4018,#4019,#4020,#4021,#4022));
#1440=EDGE_LOOP('',(#4023,#4024,#4025,#4026));
#1441=EDGE_LOOP('',(#4027,#4028,#4029,#4030));
#1442=EDGE_LOOP('',(#4031,#4032,#4033,#4034));
#1443=EDGE_LOOP('',(#4035,#4036,#4037,#4038));
#1444=EDGE_LOOP('',(#4039,#4040,#4041,#4042));
#1445=EDGE_LOOP('',(#4043,#4044,#4045,#4046));
#1446=EDGE_LOOP('',(#4047,#4048,#4049,#4050));
#1447=EDGE_LOOP('',(#4051,#4052,#4053,#4054));
#1448=EDGE_LOOP('',(#4055,#4056,#4057,#4058));
#1449=EDGE_LOOP('',(#4059,#4060,#4061,#4062));
#1450=EDGE_LOOP('',(#4063,#4064,#4065,#4066));
#1451=EDGE_LOOP('',(#4067,#4068,#4069,#4070));
#1452=EDGE_LOOP('',(#4071,#4072,#4073,#4074));
#1453=EDGE_LOOP('',(#4075,#4076,#4077,#4078));
#1454=EDGE_LOOP('',(#4079,#4080,#4081,#4082));
#1455=EDGE_LOOP('',(#4083,#4084,#4085,#4086));
#1456=EDGE_LOOP('',(#4087,#4088,#4089,#4090));
#1457=EDGE_LOOP('',(#4091,#4092,#4093,#4094));
#1458=EDGE_LOOP('',(#4095,#4096,#4097,#4098));
#1459=EDGE_LOOP('',(#4099,#4100,#4101,#4102));
#1460=EDGE_LOOP('',(#4103,#4104,#4105,#4106));
#1461=EDGE_LOOP('',(#4107,#4108,#4109,#4110));
#1462=EDGE_LOOP('',(#4111,#4112,#4113,#4114));
#1463=EDGE_LOOP('',(#4115,#4116,#4117,#4118));
#1464=EDGE_LOOP('',(#4119,#4120,#4121,#4122));
#1465=EDGE_LOOP('',(#4123,#4124,#4125,#4126));
#1466=EDGE_LOOP('',(#4127,#4128,#4129,#4130));
#1467=EDGE_LOOP('',(#4131,#4132,#4133,#4134));
#1468=EDGE_LOOP('',(#4135,#4136,#4137,#4138));
#1469=EDGE_LOOP('',(#4139,#4140,#4141,#4142));
#1470=EDGE_LOOP('',(#4143,#4144,#4145,#4146));
#1471=EDGE_LOOP('',(#4147,#4148,#4149,#4150));
#1472=EDGE_LOOP('',(#4151,#4152,#4153,#4154));
#1473=EDGE_LOOP('',(#4155,#4156,#4157,#4158));
#1474=EDGE_LOOP('',(#4159,#4160,#4161,#4162));
#1475=EDGE_LOOP('',(#4163,#4164,#4165,#4166));
#1476=EDGE_LOOP('',(#4167,#4168,#4169,#4170));
#1477=EDGE_LOOP('',(#4171,#4172,#4173,#4174));
#1478=EDGE_LOOP('',(#4175,#4176,#4177,#4178));
#1479=EDGE_LOOP('',(#4179,#4180,#4181,#4182));
#1480=EDGE_LOOP('',(#4183,#4184,#4185,#4186));
#1481=EDGE_LOOP('',(#4187,#4188,#4189,#4190));
#1482=EDGE_LOOP('',(#4191,#4192,#4193,#4194));
#1483=EDGE_LOOP('',(#4195,#4196,#4197,#4198));
#1484=EDGE_LOOP('',(#4199,#4200,#4201,#4202));
#1485=EDGE_LOOP('',(#4203,#4204,#4205,#4206));
#1486=EDGE_LOOP('',(#4207,#4208,#4209,#4210));
#1487=EDGE_LOOP('',(#4211,#4212,#4213,#4214));
#1488=EDGE_LOOP('',(#4215,#4216,#4217,#4218));
#1489=EDGE_LOOP('',(#4219,#4220,#4221,#4222));
#1490=EDGE_LOOP('',(#4223,#4224,#4225,#4226));
#1491=EDGE_LOOP('',(#4227,#4228,#4229,#4230));
#1492=EDGE_LOOP('',(#4231,#4232,#4233,#4234));
#1493=EDGE_LOOP('',(#4235,#4236,#4237,#4238));
#1494=EDGE_LOOP('',(#4239,#4240,#4241,#4242));
#1495=EDGE_LOOP('',(#4243,#4244,#4245,#4246));
#1496=EDGE_LOOP('',(#4247,#4248,#4249,#4250));
#1497=EDGE_LOOP('',(#4251,#4252,#4253,#4254));
#1498=EDGE_LOOP('',(#4255,#4256,#4257,#4258));
#1499=EDGE_LOOP('',(#4259,#4260,#4261,#4262));
#1500=EDGE_LOOP('',(#4263,#4264,#4265,#4266));
#1501=EDGE_LOOP('',(#4267,#4268,#4269,#4270));
#1502=EDGE_LOOP('',(#4271,#4272,#4273,#4274));
#1503=EDGE_LOOP('',(#4275,#4276,#4277,#4278));
#1504=EDGE_LOOP('',(#4279,#4280,#4281,#4282));
#1505=EDGE_LOOP('',(#4283,#4284,#4285,#4286));
#1506=EDGE_LOOP('',(#4287,#4288,#4289,#4290));
#1507=EDGE_LOOP('',(#4291,#4292,#4293,#4294));
#1508=EDGE_LOOP('',(#4295,#4296,#4297,#4298));
#1509=EDGE_LOOP('',(#4299,#4300,#4301,#4302));
#1510=EDGE_LOOP('',(#4303,#4304,#4305,#4306));
#1511=EDGE_LOOP('',(#4307,#4308,#4309,#4310));
#1512=EDGE_LOOP('',(#4311,#4312,#4313,#4314));
#1513=EDGE_LOOP('',(#4315,#4316,#4317,#4318));
#1514=EDGE_LOOP('',(#4319,#4320,#4321,#4322));
#1515=EDGE_LOOP('',(#4323,#4324,#4325,#4326));
#1516=EDGE_LOOP('',(#4327,#4328,#4329,#4330));
#1517=EDGE_LOOP('',(#4331,#4332,#4333,#4334));
#1518=EDGE_LOOP('',(#4335,#4336,#4337,#4338));
#1519=EDGE_LOOP('',(#4339,#4340,#4341,#4342));
#1520=EDGE_LOOP('',(#4343,#4344,#4345,#4346));
#1521=EDGE_LOOP('',(#4347,#4348,#4349,#4350));
#1522=EDGE_LOOP('',(#4351,#4352,#4353,#4354));
#1523=EDGE_LOOP('',(#4355,#4356,#4357,#4358));
#1524=EDGE_LOOP('',(#4359,#4360,#4361,#4362));
#1525=EDGE_LOOP('',(#4363,#4364,#4365,#4366));
#1526=EDGE_LOOP('',(#4367,#4368,#4369,#4370));
#1527=EDGE_LOOP('',(#4371,#4372,#4373,#4374));
#1528=EDGE_LOOP('',(#4375,#4376,#4377,#4378));
#1529=EDGE_LOOP('',(#4379,#4380,#4381,#4382));
#1530=EDGE_LOOP('',(#4383,#4384,#4385,#4386));
#1531=EDGE_LOOP('',(#4387,#4388,#4389,#4390));
#1532=EDGE_LOOP('',(#4391,#4392,#4393,#4394));
#1533=EDGE_LOOP('',(#4395,#4396,#4397,#4398));
#1534=EDGE_LOOP('',(#4399,#4400,#4401,#4402));
#1535=EDGE_LOOP('',(#4403,#4404,#4405,#4406));
#1536=EDGE_LOOP('',(#4407,#4408,#4409,#4410));
#1537=EDGE_LOOP('',(#4411,#4412,#4413,#4414));
#1538=EDGE_LOOP('',(#4415,#4416,#4417,#4418));
#1539=EDGE_LOOP('',(#4419,#4420,#4421,#4422));
#1540=EDGE_LOOP('',(#4423,#4424,#4425,#4426));
#1541=EDGE_LOOP('',(#4427,#4428,#4429,#4430));
#1542=EDGE_LOOP('',(#4431,#4432,#4433,#4434));
#1543=EDGE_LOOP('',(#4435,#4436,#4437,#4438));
#1544=EDGE_LOOP('',(#4439,#4440,#4441,#4442));
#1545=EDGE_LOOP('',(#4443,#4444,#4445,#4446));
#1546=EDGE_LOOP('',(#4447,#4448,#4449,#4450));
#1547=EDGE_LOOP('',(#4451,#4452,#4453,#4454));
#1548=EDGE_LOOP('',(#4455,#4456,#4457,#4458));
#1549=EDGE_LOOP('',(#4459,#4460,#4461,#4462));
#1550=EDGE_LOOP('',(#4463,#4464,#4465,#4466));
#1551=EDGE_LOOP('',(#4467,#4468,#4469,#4470));
#1552=EDGE_LOOP('',(#4471,#4472,#4473,#4474));
#1553=EDGE_LOOP('',(#4475,#4476,#4477,#4478));
#1554=EDGE_LOOP('',(#4479,#4480,#4481,#4482));
#1555=EDGE_LOOP('',(#4483,#4484,#4485,#4486));
#1556=EDGE_LOOP('',(#4487,#4488,#4489,#4490));
#1557=EDGE_LOOP('',(#4491,#4492,#4493,#4494));
#1558=EDGE_LOOP('',(#4495,#4496,#4497,#4498));
#1559=EDGE_LOOP('',(#4499,#4500,#4501,#4502));
#1560=EDGE_LOOP('',(#4503,#4504,#4505,#4506));
#1561=EDGE_LOOP('',(#4507,#4508,#4509,#4510));
#1562=EDGE_LOOP('',(#4511,#4512,#4513,#4514));
#1563=EDGE_LOOP('',(#4515,#4516,#4517,#4518));
#1564=EDGE_LOOP('',(#4519,#4520,#4521,#4522));
#1565=EDGE_LOOP('',(#4523,#4524,#4525,#4526));
#1566=EDGE_LOOP('',(#4527,#4528,#4529,#4530));
#1567=EDGE_LOOP('',(#4531,#4532,#4533,#4534));
#1568=EDGE_LOOP('',(#4535,#4536,#4537,#4538));
#1569=EDGE_LOOP('',(#4539,#4540,#4541,#4542));
#1570=EDGE_LOOP('',(#4543,#4544,#4545,#4546));
#1571=EDGE_LOOP('',(#4547,#4548,#4549,#4550));
#1572=EDGE_LOOP('',(#4551,#4552,#4553,#4554));
#1573=EDGE_LOOP('',(#4555,#4556,#4557,#4558));
#1574=EDGE_LOOP('',(#4559,#4560,#4561,#4562));
#1575=EDGE_LOOP('',(#4563,#4564,#4565,#4566));
#1576=EDGE_LOOP('',(#4567,#4568,#4569,#4570));
#1577=EDGE_LOOP('',(#4571,#4572,#4573,#4574));
#1578=EDGE_LOOP('',(#4575,#4576,#4577,#4578));
#1579=EDGE_LOOP('',(#4579,#4580,#4581,#4582));
#1580=EDGE_LOOP('',(#4583,#4584,#4585,#4586));
#1581=EDGE_LOOP('',(#4587,#4588,#4589,#4590));
#1582=EDGE_LOOP('',(#4591,#4592,#4593,#4594));
#1583=EDGE_LOOP('',(#4595,#4596,#4597,#4598));
#1584=EDGE_LOOP('',(#4599,#4600,#4601,#4602));
#1585=EDGE_LOOP('',(#4603,#4604,#4605,#4606));
#1586=EDGE_LOOP('',(#4607,#4608,#4609,#4610));
#1587=EDGE_LOOP('',(#4611,#4612,#4613,#4614));
#1588=EDGE_LOOP('',(#4615,#4616,#4617,#4618));
#1589=EDGE_LOOP('',(#4619,#4620,#4621,#4622));
#1590=EDGE_LOOP('',(#4623,#4624,#4625,#4626));
#1591=EDGE_LOOP('',(#4627,#4628,#4629,#4630));
#1592=EDGE_LOOP('',(#4631,#4632,#4633,#4634));
#1593=EDGE_LOOP('',(#4635,#4636,#4637,#4638));
#1594=EDGE_LOOP('',(#4639,#4640,#4641,#4642));
#1595=EDGE_LOOP('',(#4643,#4644,#4645,#4646));
#1596=EDGE_LOOP('',(#4647,#4648,#4649,#4650));
#1597=EDGE_LOOP('',(#4651,#4652,#4653,#4654));
#1598=EDGE_LOOP('',(#4655,#4656,#4657,#4658));
#1599=EDGE_LOOP('',(#4659,#4660,#4661,#4662));
#1600=EDGE_LOOP('',(#4663,#4664,#4665,#4666));
#1601=EDGE_LOOP('',(#4667,#4668,#4669,#4670));
#1602=EDGE_LOOP('',(#4671,#4672,#4673,#4674));
#1603=EDGE_LOOP('',(#4675,#4676,#4677,#4678));
#1604=EDGE_LOOP('',(#4679,#4680,#4681,#4682));
#1605=EDGE_LOOP('',(#4683,#4684,#4685,#4686));
#1606=EDGE_LOOP('',(#4687,#4688,#4689,#4690));
#1607=EDGE_LOOP('',(#4691,#4692,#4693,#4694));
#1608=EDGE_LOOP('',(#4695,#4696,#4697,#4698));
#1609=EDGE_LOOP('',(#4699,#4700,#4701,#4702));
#1610=EDGE_LOOP('',(#4703,#4704,#4705,#4706));
#1611=EDGE_LOOP('',(#4707,#4708,#4709,#4710));
#1612=EDGE_LOOP('',(#4711,#4712,#4713,#4714));
#1613=EDGE_LOOP('',(#4715,#4716,#4717,#4718));
#1614=EDGE_LOOP('',(#4719,#4720,#4721,#4722));
#1615=EDGE_LOOP('',(#4723,#4724,#4725,#4726));
#1616=EDGE_LOOP('',(#4727,#4728,#4729,#4730));
#1617=EDGE_LOOP('',(#4731,#4732,#4733,#4734));
#1618=EDGE_LOOP('',(#4735,#4736,#4737,#4738));
#1619=EDGE_LOOP('',(#4739,#4740,#4741,#4742));
#1620=EDGE_LOOP('',(#4743,#4744,#4745,#4746));
#1621=EDGE_LOOP('',(#4747,#4748,#4749,#4750));
#1622=EDGE_LOOP('',(#4751,#4752,#4753,#4754));
#1623=EDGE_LOOP('',(#4755,#4756,#4757,#4758));
#1624=EDGE_LOOP('',(#4759,#4760,#4761,#4762));
#1625=EDGE_LOOP('',(#4763,#4764,#4765,#4766));
#1626=EDGE_LOOP('',(#4767,#4768,#4769,#4770));
#1627=EDGE_LOOP('',(#4771,#4772,#4773,#4774));
#1628=EDGE_LOOP('',(#4775,#4776,#4777,#4778));
#1629=EDGE_LOOP('',(#4779,#4780,#4781,#4782));
#1630=EDGE_LOOP('',(#4783,#4784,#4785,#4786));
#1631=EDGE_LOOP('',(#4787,#4788,#4789,#4790));
#1632=EDGE_LOOP('',(#4791,#4792,#4793,#4794));
#1633=EDGE_LOOP('',(#4795,#4796,#4797,#4798));
#1634=EDGE_LOOP('',(#4799,#4800,#4801,#4802));
#1635=EDGE_LOOP('',(#4803,#4804,#4805,#4806));
#1636=EDGE_LOOP('',(#4807,#4808,#4809,#4810));
#1637=EDGE_LOOP('',(#4811,#4812,#4813,#4814));
#1638=EDGE_LOOP('',(#4815,#4816,#4817,#4818));
#1639=EDGE_LOOP('',(#4819,#4820,#4821,#4822));
#1640=EDGE_LOOP('',(#4823,#4824,#4825,#4826));
#1641=EDGE_LOOP('',(#4827,#4828,#4829,#4830));
#1642=EDGE_LOOP('',(#4831,#4832,#4833,#4834));
#1643=EDGE_LOOP('',(#4835,#4836,#4837,#4838));
#1644=EDGE_LOOP('',(#4839,#4840,#4841,#4842));
#1645=EDGE_LOOP('',(#4843,#4844,#4845,#4846));
#1646=EDGE_LOOP('',(#4847,#4848,#4849,#4850));
#1647=EDGE_LOOP('',(#4851,#4852,#4853,#4854));
#1648=EDGE_LOOP('',(#4855,#4856,#4857,#4858));
#1649=EDGE_LOOP('',(#4859,#4860,#4861,#4862));
#1650=EDGE_LOOP('',(#4863,#4864,#4865,#4866));
#1651=EDGE_LOOP('',(#4867,#4868,#4869,#4870));
#1652=EDGE_LOOP('',(#4871,#4872,#4873,#4874));
#1653=EDGE_LOOP('',(#4875,#4876,#4877,#4878));
#1654=EDGE_LOOP('',(#4879,#4880,#4881,#4882));
#1655=EDGE_LOOP('',(#4883,#4884,#4885,#4886));
#1656=EDGE_LOOP('',(#4887,#4888,#4889,#4890));
#1657=EDGE_LOOP('',(#4891,#4892,#4893,#4894));
#1658=EDGE_LOOP('',(#4895,#4896,#4897,#4898));
#1659=EDGE_LOOP('',(#4899,#4900,#4901,#4902));
#1660=EDGE_LOOP('',(#4903,#4904,#4905,#4906));
#1661=EDGE_LOOP('',(#4907,#4908,#4909,#4910));
#1662=EDGE_LOOP('',(#4911,#4912,#4913,#4914));
#1663=EDGE_LOOP('',(#4915,#4916,#4917,#4918));
#1664=EDGE_LOOP('',(#4919,#4920,#4921,#4922));
#1665=EDGE_LOOP('',(#4923,#4924,#4925,#4926));
#1666=EDGE_LOOP('',(#4927,#4928,#4929,#4930));
#1667=EDGE_LOOP('',(#4931,#4932,#4933,#4934));
#1668=EDGE_LOOP('',(#4935,#4936,#4937,#4938));
#1669=EDGE_LOOP('',(#4939,#4940,#4941,#4942));
#1670=EDGE_LOOP('',(#4943,#4944,#4945,#4946));
#1671=EDGE_LOOP('',(#4947));
#1672=EDGE_LOOP('',(#4948));
#1673=EDGE_LOOP('',(#4949));
#1674=EDGE_LOOP('',(#4950));
#1675=EDGE_LOOP('',(#4951));
#1676=EDGE_LOOP('',(#4952));
#1677=EDGE_LOOP('',(#4953));
#1678=EDGE_LOOP('',(#4954));
#1679=EDGE_LOOP('',(#4955));
#1680=EDGE_LOOP('',(#4956));
#1681=EDGE_LOOP('',(#4957));
#1682=EDGE_LOOP('',(#4958));
#1683=EDGE_LOOP('',(#4959));
#1684=EDGE_LOOP('',(#4960));
#1685=EDGE_LOOP('',(#4961));
#1686=EDGE_LOOP('',(#4962));
#1687=EDGE_LOOP('',(#4963));
#1688=EDGE_LOOP('',(#4964));
#1689=EDGE_LOOP('',(#4965));
#1690=EDGE_LOOP('',(#4966));
#1691=EDGE_LOOP('',(#4967));
#1692=EDGE_LOOP('',(#4968));
#1693=EDGE_LOOP('',(#4969));
#1694=EDGE_LOOP('',(#4970));
#1695=EDGE_LOOP('',(#4971));
#1696=EDGE_LOOP('',(#4972));
#1697=EDGE_LOOP('',(#4973));
#1698=EDGE_LOOP('',(#4974));
#1699=EDGE_LOOP('',(#4975));
#1700=EDGE_LOOP('',(#4976));
#1701=EDGE_LOOP('',(#4977));
#1702=EDGE_LOOP('',(#4978));
#1703=EDGE_LOOP('',(#4979));
#1704=EDGE_LOOP('',(#4980));
#1705=EDGE_LOOP('',(#4981));
#1706=EDGE_LOOP('',(#4982));
#1707=EDGE_LOOP('',(#4983));
#1708=EDGE_LOOP('',(#4984));
#1709=EDGE_LOOP('',(#4985));
#1710=EDGE_LOOP('',(#4986));
#1711=EDGE_LOOP('',(#4987));
#1712=EDGE_LOOP('',(#4988));
#1713=EDGE_LOOP('',(#4989));
#1714=EDGE_LOOP('',(#4990));
#1715=EDGE_LOOP('',(#4991));
#1716=EDGE_LOOP('',(#4992));
#1717=EDGE_LOOP('',(#4993));
#1718=EDGE_LOOP('',(#4994));
#1719=EDGE_LOOP('',(#4995));
#1720=EDGE_LOOP('',(#4996));
#1721=EDGE_LOOP('',(#4997));
#1722=EDGE_LOOP('',(#4998));
#1723=EDGE_LOOP('',(#4999));
#1724=EDGE_LOOP('',(#5000));
#1725=EDGE_LOOP('',(#5001));
#1726=EDGE_LOOP('',(#5002));
#1727=EDGE_LOOP('',(#5003));
#1728=EDGE_LOOP('',(#5004));
#1729=EDGE_LOOP('',(#5005));
#1730=EDGE_LOOP('',(#5006));
#1731=EDGE_LOOP('',(#5007));
#1732=EDGE_LOOP('',(#5008));
#1733=EDGE_LOOP('',(#5009));
#1734=EDGE_LOOP('',(#5010));
#1735=EDGE_LOOP('',(#5011));
#1736=EDGE_LOOP('',(#5012));
#1737=EDGE_LOOP('',(#5013));
#1738=EDGE_LOOP('',(#5014));
#1739=EDGE_LOOP('',(#5015));
#1740=EDGE_LOOP('',(#5016));
#1741=EDGE_LOOP('',(#5017));
#1742=EDGE_LOOP('',(#5018));
#1743=EDGE_LOOP('',(#5019));
#1744=EDGE_LOOP('',(#5020));
#1745=EDGE_LOOP('',(#5021));
#1746=EDGE_LOOP('',(#5022));
#1747=EDGE_LOOP('',(#5023));
#1748=EDGE_LOOP('',(#5024));
#1749=EDGE_LOOP('',(#5025));
#1750=EDGE_LOOP('',(#5026));
#1751=EDGE_LOOP('',(#5027));
#1752=EDGE_LOOP('',(#5028));
#1753=EDGE_LOOP('',(#5029));
#1754=EDGE_LOOP('',(#5030));
#1755=EDGE_LOOP('',(#5031));
#1756=EDGE_LOOP('',(#5032));
#1757=EDGE_LOOP('',(#5033));
#1758=EDGE_LOOP('',(#5034));
#1759=EDGE_LOOP('',(#5035));
#1760=EDGE_LOOP('',(#5036));
#1761=EDGE_LOOP('',(#5037));
#1762=EDGE_LOOP('',(#5038));
#1763=EDGE_LOOP('',(#5039));
#1764=EDGE_LOOP('',(#5040));
#1765=EDGE_LOOP('',(#5041));
#1766=EDGE_LOOP('',(#5042));
#1767=EDGE_LOOP('',(#5043));
#1768=EDGE_LOOP('',(#5044));
#1769=EDGE_LOOP('',(#5045));
#1770=EDGE_LOOP('',(#5046));
#1771=EDGE_LOOP('',(#5047));
#1772=EDGE_LOOP('',(#5048));
#1773=EDGE_LOOP('',(#5049));
#1774=EDGE_LOOP('',(#5050));
#1775=EDGE_LOOP('',(#5051));
#1776=EDGE_LOOP('',(#5052));
#1777=EDGE_LOOP('',(#5053));
#1778=EDGE_LOOP('',(#5054));
#1779=EDGE_LOOP('',(#5055));
#1780=EDGE_LOOP('',(#5056));
#1781=EDGE_LOOP('',(#5057));
#1782=EDGE_LOOP('',(#5058));
#1783=EDGE_LOOP('',(#5059));
#1784=EDGE_LOOP('',(#5060));
#1785=EDGE_LOOP('',(#5061));
#1786=EDGE_LOOP('',(#5062));
#1787=EDGE_LOOP('',(#5063));
#1788=EDGE_LOOP('',(#5064));
#1789=EDGE_LOOP('',(#5065));
#1790=EDGE_LOOP('',(#5066));
#1791=EDGE_LOOP('',(#5067));
#1792=EDGE_LOOP('',(#5068));
#1793=EDGE_LOOP('',(#5069));
#1794=EDGE_LOOP('',(#5070));
#1795=EDGE_LOOP('',(#5071));
#1796=EDGE_LOOP('',(#5072));
#1797=EDGE_LOOP('',(#5073));
#1798=EDGE_LOOP('',(#5074));
#1799=EDGE_LOOP('',(#5075));
#1800=EDGE_LOOP('',(#5076));
#1801=EDGE_LOOP('',(#5077));
#1802=EDGE_LOOP('',(#5078));
#1803=EDGE_LOOP('',(#5079));
#1804=EDGE_LOOP('',(#5080));
#1805=EDGE_LOOP('',(#5081));
#1806=EDGE_LOOP('',(#5082));
#1807=EDGE_LOOP('',(#5083));
#1808=EDGE_LOOP('',(#5084));
#1809=EDGE_LOOP('',(#5085));
#1810=EDGE_LOOP('',(#5086));
#1811=EDGE_LOOP('',(#5087));
#1812=EDGE_LOOP('',(#5088));
#1813=EDGE_LOOP('',(#5089));
#1814=EDGE_LOOP('',(#5090));
#1815=EDGE_LOOP('',(#5091));
#1816=EDGE_LOOP('',(#5092));
#1817=EDGE_LOOP('',(#5093));
#1818=EDGE_LOOP('',(#5094));
#1819=EDGE_LOOP('',(#5095));
#1820=EDGE_LOOP('',(#5096));
#1821=EDGE_LOOP('',(#5097));
#1822=EDGE_LOOP('',(#5098));
#1823=EDGE_LOOP('',(#5099));
#1824=EDGE_LOOP('',(#5100));
#1825=EDGE_LOOP('',(#5101));
#1826=EDGE_LOOP('',(#5102));
#1827=EDGE_LOOP('',(#5103));
#1828=EDGE_LOOP('',(#5104));
#1829=EDGE_LOOP('',(#5105));
#1830=EDGE_LOOP('',(#5106));
#1831=EDGE_LOOP('',(#5107));
#1832=EDGE_LOOP('',(#5108));
#1833=EDGE_LOOP('',(#5109));
#1834=EDGE_LOOP('',(#5110));
#1835=EDGE_LOOP('',(#5111));
#1836=EDGE_LOOP('',(#5112));
#1837=EDGE_LOOP('',(#5113));
#1838=EDGE_LOOP('',(#5114));
#1839=EDGE_LOOP('',(#5115));
#1840=EDGE_LOOP('',(#5116));
#1841=EDGE_LOOP('',(#5117));
#1842=EDGE_LOOP('',(#5118));
#1843=EDGE_LOOP('',(#5119));
#1844=EDGE_LOOP('',(#5120));
#1845=EDGE_LOOP('',(#5121));
#1846=EDGE_LOOP('',(#5122));
#1847=EDGE_LOOP('',(#5123));
#1848=EDGE_LOOP('',(#5124));
#1849=EDGE_LOOP('',(#5125));
#1850=EDGE_LOOP('',(#5126));
#1851=EDGE_LOOP('',(#5127));
#1852=EDGE_LOOP('',(#5128));
#1853=EDGE_LOOP('',(#5129));
#1854=EDGE_LOOP('',(#5130));
#1855=EDGE_LOOP('',(#5131));
#1856=EDGE_LOOP('',(#5132));
#1857=EDGE_LOOP('',(#5133));
#1858=EDGE_LOOP('',(#5134));
#1859=EDGE_LOOP('',(#5135));
#1860=EDGE_LOOP('',(#5136));
#1861=EDGE_LOOP('',(#5137));
#1862=EDGE_LOOP('',(#5138));
#1863=EDGE_LOOP('',(#5139));
#1864=EDGE_LOOP('',(#5140));
#1865=EDGE_LOOP('',(#5141));
#1866=EDGE_LOOP('',(#5142));
#1867=EDGE_LOOP('',(#5143));
#1868=EDGE_LOOP('',(#5144));
#1869=EDGE_LOOP('',(#5145));
#1870=EDGE_LOOP('',(#5146));
#1871=EDGE_LOOP('',(#5147));
#1872=EDGE_LOOP('',(#5148));
#1873=EDGE_LOOP('',(#5149));
#1874=EDGE_LOOP('',(#5150));
#1875=EDGE_LOOP('',(#5151));
#1876=EDGE_LOOP('',(#5152));
#1877=EDGE_LOOP('',(#5153));
#1878=EDGE_LOOP('',(#5154));
#1879=EDGE_LOOP('',(#5155));
#1880=EDGE_LOOP('',(#5156));
#1881=EDGE_LOOP('',(#5157));
#1882=EDGE_LOOP('',(#5158));
#1883=EDGE_LOOP('',(#5159));
#1884=EDGE_LOOP('',(#5160));
#1885=EDGE_LOOP('',(#5161));
#1886=EDGE_LOOP('',(#5162));
#1887=EDGE_LOOP('',(#5163));
#1888=EDGE_LOOP('',(#5164));
#1889=EDGE_LOOP('',(#5165));
#1890=EDGE_LOOP('',(#5166));
#1891=EDGE_LOOP('',(#5167));
#1892=EDGE_LOOP('',(#5168));
#1893=EDGE_LOOP('',(#5169));
#1894=EDGE_LOOP('',(#5170));
#1895=EDGE_LOOP('',(#5171));
#1896=EDGE_LOOP('',(#5172,#5173,#5174,#5175));
#1897=EDGE_LOOP('',(#5176));
#1898=EDGE_LOOP('',(#5177));
#1899=EDGE_LOOP('',(#5178));
#1900=EDGE_LOOP('',(#5179));
#1901=EDGE_LOOP('',(#5180));
#1902=EDGE_LOOP('',(#5181));
#1903=EDGE_LOOP('',(#5182));
#1904=EDGE_LOOP('',(#5183));
#1905=EDGE_LOOP('',(#5184));
#1906=EDGE_LOOP('',(#5185));
#1907=EDGE_LOOP('',(#5186));
#1908=EDGE_LOOP('',(#5187));
#1909=EDGE_LOOP('',(#5188));
#1910=EDGE_LOOP('',(#5189));
#1911=EDGE_LOOP('',(#5190));
#1912=EDGE_LOOP('',(#5191));
#1913=EDGE_LOOP('',(#5192));
#1914=EDGE_LOOP('',(#5193));
#1915=EDGE_LOOP('',(#5194));
#1916=EDGE_LOOP('',(#5195));
#1917=EDGE_LOOP('',(#5196));
#1918=EDGE_LOOP('',(#5197));
#1919=EDGE_LOOP('',(#5198));
#1920=EDGE_LOOP('',(#5199));
#1921=EDGE_LOOP('',(#5200));
#1922=EDGE_LOOP('',(#5201));
#1923=EDGE_LOOP('',(#5202));
#1924=EDGE_LOOP('',(#5203));
#1925=EDGE_LOOP('',(#5204));
#1926=EDGE_LOOP('',(#5205));
#1927=EDGE_LOOP('',(#5206));
#1928=EDGE_LOOP('',(#5207));
#1929=EDGE_LOOP('',(#5208));
#1930=EDGE_LOOP('',(#5209));
#1931=EDGE_LOOP('',(#5210));
#1932=EDGE_LOOP('',(#5211));
#1933=EDGE_LOOP('',(#5212));
#1934=EDGE_LOOP('',(#5213));
#1935=EDGE_LOOP('',(#5214));
#1936=EDGE_LOOP('',(#5215));
#1937=EDGE_LOOP('',(#5216));
#1938=EDGE_LOOP('',(#5217));
#1939=EDGE_LOOP('',(#5218));
#1940=EDGE_LOOP('',(#5219));
#1941=EDGE_LOOP('',(#5220));
#1942=EDGE_LOOP('',(#5221));
#1943=EDGE_LOOP('',(#5222));
#1944=EDGE_LOOP('',(#5223));
#1945=EDGE_LOOP('',(#5224));
#1946=EDGE_LOOP('',(#5225));
#1947=EDGE_LOOP('',(#5226));
#1948=EDGE_LOOP('',(#5227));
#1949=EDGE_LOOP('',(#5228));
#1950=EDGE_LOOP('',(#5229));
#1951=EDGE_LOOP('',(#5230));
#1952=EDGE_LOOP('',(#5231));
#1953=EDGE_LOOP('',(#5232));
#1954=EDGE_LOOP('',(#5233));
#1955=EDGE_LOOP('',(#5234));
#1956=EDGE_LOOP('',(#5235));
#1957=EDGE_LOOP('',(#5236));
#1958=EDGE_LOOP('',(#5237));
#1959=EDGE_LOOP('',(#5238));
#1960=EDGE_LOOP('',(#5239));
#1961=EDGE_LOOP('',(#5240));
#1962=EDGE_LOOP('',(#5241));
#1963=EDGE_LOOP('',(#5242));
#1964=EDGE_LOOP('',(#5243));
#1965=EDGE_LOOP('',(#5244));
#1966=EDGE_LOOP('',(#5245));
#1967=EDGE_LOOP('',(#5246));
#1968=EDGE_LOOP('',(#5247));
#1969=EDGE_LOOP('',(#5248));
#1970=EDGE_LOOP('',(#5249));
#1971=EDGE_LOOP('',(#5250));
#1972=EDGE_LOOP('',(#5251));
#1973=EDGE_LOOP('',(#5252));
#1974=EDGE_LOOP('',(#5253));
#1975=EDGE_LOOP('',(#5254));
#1976=EDGE_LOOP('',(#5255));
#1977=EDGE_LOOP('',(#5256));
#1978=EDGE_LOOP('',(#5257));
#1979=EDGE_LOOP('',(#5258));
#1980=EDGE_LOOP('',(#5259));
#1981=EDGE_LOOP('',(#5260));
#1982=EDGE_LOOP('',(#5261));
#1983=EDGE_LOOP('',(#5262));
#1984=EDGE_LOOP('',(#5263));
#1985=EDGE_LOOP('',(#5264));
#1986=EDGE_LOOP('',(#5265));
#1987=EDGE_LOOP('',(#5266));
#1988=EDGE_LOOP('',(#5267));
#1989=EDGE_LOOP('',(#5268));
#1990=EDGE_LOOP('',(#5269));
#1991=EDGE_LOOP('',(#5270));
#1992=EDGE_LOOP('',(#5271));
#1993=EDGE_LOOP('',(#5272));
#1994=EDGE_LOOP('',(#5273));
#1995=EDGE_LOOP('',(#5274));
#1996=EDGE_LOOP('',(#5275));
#1997=EDGE_LOOP('',(#5276));
#1998=EDGE_LOOP('',(#5277));
#1999=EDGE_LOOP('',(#5278));
#2000=EDGE_LOOP('',(#5279));
#2001=EDGE_LOOP('',(#5280));
#2002=EDGE_LOOP('',(#5281));
#2003=EDGE_LOOP('',(#5282));
#2004=EDGE_LOOP('',(#5283));
#2005=EDGE_LOOP('',(#5284));
#2006=EDGE_LOOP('',(#5285));
#2007=EDGE_LOOP('',(#5286));
#2008=EDGE_LOOP('',(#5287));
#2009=EDGE_LOOP('',(#5288));
#2010=EDGE_LOOP('',(#5289));
#2011=EDGE_LOOP('',(#5290));
#2012=EDGE_LOOP('',(#5291));
#2013=EDGE_LOOP('',(#5292));
#2014=EDGE_LOOP('',(#5293));
#2015=EDGE_LOOP('',(#5294));
#2016=EDGE_LOOP('',(#5295));
#2017=EDGE_LOOP('',(#5296));
#2018=EDGE_LOOP('',(#5297));
#2019=EDGE_LOOP('',(#5298));
#2020=EDGE_LOOP('',(#5299));
#2021=EDGE_LOOP('',(#5300));
#2022=EDGE_LOOP('',(#5301));
#2023=EDGE_LOOP('',(#5302));
#2024=EDGE_LOOP('',(#5303));
#2025=EDGE_LOOP('',(#5304));
#2026=EDGE_LOOP('',(#5305));
#2027=EDGE_LOOP('',(#5306));
#2028=EDGE_LOOP('',(#5307));
#2029=EDGE_LOOP('',(#5308));
#2030=EDGE_LOOP('',(#5309));
#2031=EDGE_LOOP('',(#5310));
#2032=EDGE_LOOP('',(#5311));
#2033=EDGE_LOOP('',(#5312));
#2034=EDGE_LOOP('',(#5313));
#2035=EDGE_LOOP('',(#5314));
#2036=EDGE_LOOP('',(#5315));
#2037=EDGE_LOOP('',(#5316));
#2038=EDGE_LOOP('',(#5317));
#2039=EDGE_LOOP('',(#5318));
#2040=EDGE_LOOP('',(#5319));
#2041=EDGE_LOOP('',(#5320));
#2042=EDGE_LOOP('',(#5321));
#2043=EDGE_LOOP('',(#5322));
#2044=EDGE_LOOP('',(#5323));
#2045=EDGE_LOOP('',(#5324));
#2046=EDGE_LOOP('',(#5325));
#2047=EDGE_LOOP('',(#5326));
#2048=EDGE_LOOP('',(#5327));
#2049=EDGE_LOOP('',(#5328));
#2050=EDGE_LOOP('',(#5329));
#2051=EDGE_LOOP('',(#5330));
#2052=EDGE_LOOP('',(#5331));
#2053=EDGE_LOOP('',(#5332));
#2054=EDGE_LOOP('',(#5333));
#2055=EDGE_LOOP('',(#5334));
#2056=EDGE_LOOP('',(#5335));
#2057=EDGE_LOOP('',(#5336));
#2058=EDGE_LOOP('',(#5337));
#2059=EDGE_LOOP('',(#5338));
#2060=EDGE_LOOP('',(#5339));
#2061=EDGE_LOOP('',(#5340));
#2062=EDGE_LOOP('',(#5341));
#2063=EDGE_LOOP('',(#5342));
#2064=EDGE_LOOP('',(#5343));
#2065=EDGE_LOOP('',(#5344));
#2066=EDGE_LOOP('',(#5345));
#2067=EDGE_LOOP('',(#5346));
#2068=EDGE_LOOP('',(#5347));
#2069=EDGE_LOOP('',(#5348));
#2070=EDGE_LOOP('',(#5349));
#2071=EDGE_LOOP('',(#5350));
#2072=EDGE_LOOP('',(#5351));
#2073=EDGE_LOOP('',(#5352));
#2074=EDGE_LOOP('',(#5353));
#2075=EDGE_LOOP('',(#5354));
#2076=EDGE_LOOP('',(#5355));
#2077=EDGE_LOOP('',(#5356));
#2078=EDGE_LOOP('',(#5357));
#2079=EDGE_LOOP('',(#5358));
#2080=EDGE_LOOP('',(#5359));
#2081=EDGE_LOOP('',(#5360));
#2082=EDGE_LOOP('',(#5361));
#2083=EDGE_LOOP('',(#5362));
#2084=EDGE_LOOP('',(#5363));
#2085=EDGE_LOOP('',(#5364));
#2086=EDGE_LOOP('',(#5365));
#2087=EDGE_LOOP('',(#5366));
#2088=EDGE_LOOP('',(#5367));
#2089=EDGE_LOOP('',(#5368));
#2090=EDGE_LOOP('',(#5369));
#2091=EDGE_LOOP('',(#5370));
#2092=EDGE_LOOP('',(#5371));
#2093=EDGE_LOOP('',(#5372));
#2094=EDGE_LOOP('',(#5373));
#2095=EDGE_LOOP('',(#5374));
#2096=EDGE_LOOP('',(#5375));
#2097=EDGE_LOOP('',(#5376));
#2098=EDGE_LOOP('',(#5377));
#2099=EDGE_LOOP('',(#5378));
#2100=EDGE_LOOP('',(#5379));
#2101=EDGE_LOOP('',(#5380));
#2102=EDGE_LOOP('',(#5381));
#2103=EDGE_LOOP('',(#5382));
#2104=EDGE_LOOP('',(#5383));
#2105=EDGE_LOOP('',(#5384));
#2106=EDGE_LOOP('',(#5385));
#2107=EDGE_LOOP('',(#5386));
#2108=EDGE_LOOP('',(#5387));
#2109=EDGE_LOOP('',(#5388));
#2110=EDGE_LOOP('',(#5389));
#2111=EDGE_LOOP('',(#5390));
#2112=EDGE_LOOP('',(#5391));
#2113=EDGE_LOOP('',(#5392));
#2114=EDGE_LOOP('',(#5393));
#2115=EDGE_LOOP('',(#5394));
#2116=EDGE_LOOP('',(#5395));
#2117=EDGE_LOOP('',(#5396));
#2118=EDGE_LOOP('',(#5397));
#2119=EDGE_LOOP('',(#5398));
#2120=EDGE_LOOP('',(#5399));
#2121=EDGE_LOOP('',(#5400));
#2122=LINE('',#8128,#2407);
#2123=LINE('',#8130,#2408);
#2124=LINE('',#8132,#2409);
#2125=LINE('',#8133,#2410);
#2126=LINE('',#8136,#2411);
#2127=LINE('',#8138,#2412);
#2128=LINE('',#8139,#2413);
#2129=LINE('',#8142,#2414);
#2130=LINE('',#8144,#2415);
#2131=LINE('',#8145,#2416);
#2132=LINE('',#8150,#2417);
#2133=LINE('',#8152,#2418);
#2134=LINE('',#8154,#2419);
#2135=LINE('',#8156,#2420);
#2136=LINE('',#8157,#2421);
#2137=LINE('',#8160,#2422);
#2138=LINE('',#8162,#2423);
#2139=LINE('',#8164,#2424);
#2140=LINE('',#8166,#2425);
#2141=LINE('',#8167,#2426);
#2142=LINE('',#8169,#2427);
#2143=LINE('',#8170,#2428);
#2144=LINE('',#8174,#2429);
#2145=LINE('',#8178,#2430);
#2146=LINE('',#8182,#2431);
#2147=LINE('',#8185,#2432);
#2148=LINE('',#8188,#2433);
#2149=LINE('',#8190,#2434);
#2150=LINE('',#8192,#2435);
#2151=LINE('',#8194,#2436);
#2152=LINE('',#8195,#2437);
#2153=LINE('',#8198,#2438);
#2154=LINE('',#8200,#2439);
#2155=LINE('',#8201,#2440);
#2156=LINE('',#8204,#2441);
#2157=LINE('',#8206,#2442);
#2158=LINE('',#8207,#2443);
#2159=LINE('',#8210,#2444);
#2160=LINE('',#8212,#2445);
#2161=LINE('',#8213,#2446);
#2162=LINE('',#8216,#2447);
#2163=LINE('',#8218,#2448);
#2164=LINE('',#8219,#2449);
#2165=LINE('',#8222,#2450);
#2166=LINE('',#8224,#2451);
#2167=LINE('',#8225,#2452);
#2168=LINE('',#8227,#2453);
#2169=LINE('',#8228,#2454);
#2170=LINE('',#8237,#2455);
#2171=LINE('',#8243,#2456);
#2172=LINE('',#8249,#2457);
#2173=LINE('',#8255,#2458);
#2174=LINE('',#8261,#2459);
#2175=LINE('',#8267,#2460);
#2176=LINE('',#8273,#2461);
#2177=LINE('',#8279,#2462);
#2178=LINE('',#8285,#2463);
#2179=LINE('',#8291,#2464);
#2180=LINE('',#8297,#2465);
#2181=LINE('',#8303,#2466);
#2182=LINE('',#8309,#2467);
#2183=LINE('',#8315,#2468);
#2184=LINE('',#8321,#2469);
#2185=LINE('',#8327,#2470);
#2186=LINE('',#8333,#2471);
#2187=LINE('',#8339,#2472);
#2188=LINE('',#8345,#2473);
#2189=LINE('',#8351,#2474);
#2190=LINE('',#8357,#2475);
#2191=LINE('',#8363,#2476);
#2192=LINE('',#8369,#2477);
#2193=LINE('',#8375,#2478);
#2194=LINE('',#8381,#2479);
#2195=LINE('',#8387,#2480);
#2196=LINE('',#8393,#2481);
#2197=LINE('',#8399,#2482);
#2198=LINE('',#8405,#2483);
#2199=LINE('',#8411,#2484);
#2200=LINE('',#8417,#2485);
#2201=LINE('',#8423,#2486);
#2202=LINE('',#8429,#2487);
#2203=LINE('',#8435,#2488);
#2204=LINE('',#8441,#2489);
#2205=LINE('',#8447,#2490);
#2206=LINE('',#8453,#2491);
#2207=LINE('',#8459,#2492);
#2208=LINE('',#8465,#2493);
#2209=LINE('',#8471,#2494);
#2210=LINE('',#8477,#2495);
#2211=LINE('',#8483,#2496);
#2212=LINE('',#8489,#2497);
#2213=LINE('',#8495,#2498);
#2214=LINE('',#8501,#2499);
#2215=LINE('',#8507,#2500);
#2216=LINE('',#8513,#2501);
#2217=LINE('',#8519,#2502);
#2218=LINE('',#8525,#2503);
#2219=LINE('',#8531,#2504);
#2220=LINE('',#8537,#2505);
#2221=LINE('',#8543,#2506);
#2222=LINE('',#8549,#2507);
#2223=LINE('',#8555,#2508);
#2224=LINE('',#8561,#2509);
#2225=LINE('',#8567,#2510);
#2226=LINE('',#8573,#2511);
#2227=LINE('',#8579,#2512);
#2228=LINE('',#8585,#2513);
#2229=LINE('',#8591,#2514);
#2230=LINE('',#8597,#2515);
#2231=LINE('',#8603,#2516);
#2232=LINE('',#8609,#2517);
#2233=LINE('',#8615,#2518);
#2234=LINE('',#8621,#2519);
#2235=LINE('',#8627,#2520);
#2236=LINE('',#8633,#2521);
#2237=LINE('',#8639,#2522);
#2238=LINE('',#8645,#2523);
#2239=LINE('',#8651,#2524);
#2240=LINE('',#8657,#2525);
#2241=LINE('',#8663,#2526);
#2242=LINE('',#8669,#2527);
#2243=LINE('',#8675,#2528);
#2244=LINE('',#8681,#2529);
#2245=LINE('',#8687,#2530);
#2246=LINE('',#8693,#2531);
#2247=LINE('',#8699,#2532);
#2248=LINE('',#8705,#2533);
#2249=LINE('',#8711,#2534);
#2250=LINE('',#8717,#2535);
#2251=LINE('',#8723,#2536);
#2252=LINE('',#8729,#2537);
#2253=LINE('',#8735,#2538);
#2254=LINE('',#8741,#2539);
#2255=LINE('',#8747,#2540);
#2256=LINE('',#8753,#2541);
#2257=LINE('',#8759,#2542);
#2258=LINE('',#8765,#2543);
#2259=LINE('',#8771,#2544);
#2260=LINE('',#8777,#2545);
#2261=LINE('',#8783,#2546);
#2262=LINE('',#8789,#2547);
#2263=LINE('',#8795,#2548);
#2264=LINE('',#8801,#2549);
#2265=LINE('',#8807,#2550);
#2266=LINE('',#8813,#2551);
#2267=LINE('',#8819,#2552);
#2268=LINE('',#8825,#2553);
#2269=LINE('',#8831,#2554);
#2270=LINE('',#8837,#2555);
#2271=LINE('',#8843,#2556);
#2272=LINE('',#8849,#2557);
#2273=LINE('',#8855,#2558);
#2274=LINE('',#8861,#2559);
#2275=LINE('',#8867,#2560);
#2276=LINE('',#8873,#2561);
#2277=LINE('',#8879,#2562);
#2278=LINE('',#8885,#2563);
#2279=LINE('',#8891,#2564);
#2280=LINE('',#8897,#2565);
#2281=LINE('',#8903,#2566);
#2282=LINE('',#8909,#2567);
#2283=LINE('',#8915,#2568);
#2284=LINE('',#8921,#2569);
#2285=LINE('',#8927,#2570);
#2286=LINE('',#8933,#2571);
#2287=LINE('',#8939,#2572);
#2288=LINE('',#8945,#2573);
#2289=LINE('',#8951,#2574);
#2290=LINE('',#8957,#2575);
#2291=LINE('',#8963,#2576);
#2292=LINE('',#8969,#2577);
#2293=LINE('',#8975,#2578);
#2294=LINE('',#8981,#2579);
#2295=LINE('',#8987,#2580);
#2296=LINE('',#8993,#2581);
#2297=LINE('',#8999,#2582);
#2298=LINE('',#9005,#2583);
#2299=LINE('',#9011,#2584);
#2300=LINE('',#9017,#2585);
#2301=LINE('',#9023,#2586);
#2302=LINE('',#9029,#2587);
#2303=LINE('',#9035,#2588);
#2304=LINE('',#9041,#2589);
#2305=LINE('',#9047,#2590);
#2306=LINE('',#9053,#2591);
#2307=LINE('',#9059,#2592);
#2308=LINE('',#9065,#2593);
#2309=LINE('',#9071,#2594);
#2310=LINE('',#9077,#2595);
#2311=LINE('',#9083,#2596);
#2312=LINE('',#9089,#2597);
#2313=LINE('',#9095,#2598);
#2314=LINE('',#9101,#2599);
#2315=LINE('',#9107,#2600);
#2316=LINE('',#9113,#2601);
#2317=LINE('',#9119,#2602);
#2318=LINE('',#9125,#2603);
#2319=LINE('',#9131,#2604);
#2320=LINE('',#9137,#2605);
#2321=LINE('',#9143,#2606);
#2322=LINE('',#9149,#2607);
#2323=LINE('',#9155,#2608);
#2324=LINE('',#9161,#2609);
#2325=LINE('',#9167,#2610);
#2326=LINE('',#9173,#2611);
#2327=LINE('',#9179,#2612);
#2328=LINE('',#9185,#2613);
#2329=LINE('',#9191,#2614);
#2330=LINE('',#9197,#2615);
#2331=LINE('',#9203,#2616);
#2332=LINE('',#9209,#2617);
#2333=LINE('',#9215,#2618);
#2334=LINE('',#9221,#2619);
#2335=LINE('',#9227,#2620);
#2336=LINE('',#9233,#2621);
#2337=LINE('',#9239,#2622);
#2338=LINE('',#9245,#2623);
#2339=LINE('',#9251,#2624);
#2340=LINE('',#9257,#2625);
#2341=LINE('',#9263,#2626);
#2342=LINE('',#9269,#2627);
#2343=LINE('',#9275,#2628);
#2344=LINE('',#9281,#2629);
#2345=LINE('',#9287,#2630);
#2346=LINE('',#9293,#2631);
#2347=LINE('',#9299,#2632);
#2348=LINE('',#9305,#2633);
#2349=LINE('',#9311,#2634);
#2350=LINE('',#9317,#2635);
#2351=LINE('',#9323,#2636);
#2352=LINE('',#9329,#2637);
#2353=LINE('',#9335,#2638);
#2354=LINE('',#9341,#2639);
#2355=LINE('',#9347,#2640);
#2356=LINE('',#9353,#2641);
#2357=LINE('',#9359,#2642);
#2358=LINE('',#9365,#2643);
#2359=LINE('',#9371,#2644);
#2360=LINE('',#9377,#2645);
#2361=LINE('',#9383,#2646);
#2362=LINE('',#9389,#2647);
#2363=LINE('',#9395,#2648);
#2364=LINE('',#9401,#2649);
#2365=LINE('',#9407,#2650);
#2366=LINE('',#9413,#2651);
#2367=LINE('',#9419,#2652);
#2368=LINE('',#9425,#2653);
#2369=LINE('',#9431,#2654);
#2370=LINE('',#9437,#2655);
#2371=LINE('',#9443,#2656);
#2372=LINE('',#9449,#2657);
#2373=LINE('',#9455,#2658);
#2374=LINE('',#9461,#2659);
#2375=LINE('',#9467,#2660);
#2376=LINE('',#9473,#2661);
#2377=LINE('',#9479,#2662);
#2378=LINE('',#9485,#2663);
#2379=LINE('',#9491,#2664);
#2380=LINE('',#9497,#2665);
#2381=LINE('',#9503,#2666);
#2382=LINE('',#9509,#2667);
#2383=LINE('',#9515,#2668);
#2384=LINE('',#9521,#2669);
#2385=LINE('',#9527,#2670);
#2386=LINE('',#9533,#2671);
#2387=LINE('',#9539,#2672);
#2388=LINE('',#9545,#2673);
#2389=LINE('',#9551,#2674);
#2390=LINE('',#9557,#2675);
#2391=LINE('',#9563,#2676);
#2392=LINE('',#9569,#2677);
#2393=LINE('',#9575,#2678);
#2394=LINE('',#9581,#2679);
#2395=LINE('',#9586,#2680);
#2396=LINE('',#9588,#2681);
#2397=LINE('',#9590,#2682);
#2398=LINE('',#9591,#2683);
#2399=LINE('',#9594,#2684);
#2400=LINE('',#9596,#2685);
#2401=LINE('',#9597,#2686);
#2402=LINE('',#9600,#2687);
#2403=LINE('',#9602,#2688);
#2404=LINE('',#9603,#2689);
#2405=LINE('',#9605,#2690);
#2406=LINE('',#9606,#2691);
#2407=VECTOR('',#6421,10.);
#2408=VECTOR('',#6422,10.);
#2409=VECTOR('',#6423,10.);
#2410=VECTOR('',#6424,10.);
#2411=VECTOR('',#6427,10.);
#2412=VECTOR('',#6428,10.);
#2413=VECTOR('',#6429,10.);
#2414=VECTOR('',#6432,10.);
#2415=VECTOR('',#6433,10.);
#2416=VECTOR('',#6434,10.);
#2417=VECTOR('',#6439,10.);
#2418=VECTOR('',#6440,10.);
#2419=VECTOR('',#6441,10.);
#2420=VECTOR('',#6442,10.);
#2421=VECTOR('',#6443,10.);
#2422=VECTOR('',#6446,10.);
#2423=VECTOR('',#6447,10.);
#2424=VECTOR('',#6448,10.);
#2425=VECTOR('',#6449,10.);
#2426=VECTOR('',#6450,10.);
#2427=VECTOR('',#6453,10.);
#2428=VECTOR('',#6454,10.);
#2429=VECTOR('',#6459,10.);
#2430=VECTOR('',#6464,38.1);
#2431=VECTOR('',#6469,38.1);
#2432=VECTOR('',#6474,10.);
#2433=VECTOR('',#6477,10.);
#2434=VECTOR('',#6478,10.);
#2435=VECTOR('',#6479,10.);
#2436=VECTOR('',#6480,10.);
#2437=VECTOR('',#6481,10.);
#2438=VECTOR('',#6484,10.);
#2439=VECTOR('',#6485,10.);
#2440=VECTOR('',#6486,10.);
#2441=VECTOR('',#6489,10.);
#2442=VECTOR('',#6490,10.);
#2443=VECTOR('',#6491,10.);
#2444=VECTOR('',#6494,10.);
#2445=VECTOR('',#6495,10.);
#2446=VECTOR('',#6496,10.);
#2447=VECTOR('',#6499,10.);
#2448=VECTOR('',#6500,10.);
#2449=VECTOR('',#6501,10.);
#2450=VECTOR('',#6504,10.);
#2451=VECTOR('',#6505,10.);
#2452=VECTOR('',#6506,10.);
#2453=VECTOR('',#6509,10.);
#2454=VECTOR('',#6510,10.);
#2455=VECTOR('',#6523,2.75);
#2456=VECTOR('',#6530,2.75);
#2457=VECTOR('',#6537,2.75);
#2458=VECTOR('',#6544,2.75);
#2459=VECTOR('',#6551,2.75);
#2460=VECTOR('',#6558,2.75);
#2461=VECTOR('',#6565,2.75);
#2462=VECTOR('',#6572,2.75);
#2463=VECTOR('',#6579,2.75);
#2464=VECTOR('',#6586,2.75);
#2465=VECTOR('',#6593,2.75);
#2466=VECTOR('',#6600,2.75);
#2467=VECTOR('',#6607,2.75);
#2468=VECTOR('',#6614,2.75);
#2469=VECTOR('',#6621,2.75);
#2470=VECTOR('',#6628,2.75);
#2471=VECTOR('',#6635,2.75);
#2472=VECTOR('',#6642,2.75);
#2473=VECTOR('',#6649,2.75);
#2474=VECTOR('',#6656,2.75);
#2475=VECTOR('',#6663,2.75);
#2476=VECTOR('',#6670,2.75);
#2477=VECTOR('',#6677,2.75);
#2478=VECTOR('',#6684,2.75);
#2479=VECTOR('',#6691,2.75);
#2480=VECTOR('',#6698,2.75);
#2481=VECTOR('',#6705,2.75);
#2482=VECTOR('',#6712,2.75);
#2483=VECTOR('',#6719,2.75);
#2484=VECTOR('',#6726,2.75);
#2485=VECTOR('',#6733,2.75);
#2486=VECTOR('',#6740,2.75);
#2487=VECTOR('',#6747,2.75);
#2488=VECTOR('',#6754,2.75);
#2489=VECTOR('',#6761,2.75);
#2490=VECTOR('',#6768,2.75);
#2491=VECTOR('',#6775,2.75);
#2492=VECTOR('',#6782,2.75);
#2493=VECTOR('',#6789,2.75);
#2494=VECTOR('',#6796,2.75);
#2495=VECTOR('',#6803,2.75);
#2496=VECTOR('',#6810,2.75);
#2497=VECTOR('',#6817,2.75);
#2498=VECTOR('',#6824,2.75);
#2499=VECTOR('',#6831,2.75);
#2500=VECTOR('',#6838,2.75);
#2501=VECTOR('',#6845,2.75);
#2502=VECTOR('',#6852,2.75);
#2503=VECTOR('',#6859,2.75);
#2504=VECTOR('',#6866,2.75);
#2505=VECTOR('',#6873,2.75);
#2506=VECTOR('',#6880,2.75);
#2507=VECTOR('',#6887,2.75);
#2508=VECTOR('',#6894,2.75);
#2509=VECTOR('',#6901,2.75);
#2510=VECTOR('',#6908,2.75);
#2511=VECTOR('',#6915,2.75);
#2512=VECTOR('',#6922,2.75);
#2513=VECTOR('',#6929,2.75);
#2514=VECTOR('',#6936,2.75);
#2515=VECTOR('',#6943,2.75);
#2516=VECTOR('',#6950,2.75);
#2517=VECTOR('',#6957,2.75);
#2518=VECTOR('',#6964,2.75);
#2519=VECTOR('',#6971,2.75);
#2520=VECTOR('',#6978,2.75);
#2521=VECTOR('',#6985,2.75);
#2522=VECTOR('',#6992,2.75);
#2523=VECTOR('',#6999,2.75);
#2524=VECTOR('',#7006,2.75);
#2525=VECTOR('',#7013,2.75);
#2526=VECTOR('',#7020,2.75);
#2527=VECTOR('',#7027,2.75);
#2528=VECTOR('',#7034,2.75);
#2529=VECTOR('',#7041,2.75);
#2530=VECTOR('',#7048,2.75);
#2531=VECTOR('',#7055,2.75);
#2532=VECTOR('',#7062,2.75);
#2533=VECTOR('',#7069,2.75);
#2534=VECTOR('',#7076,2.75);
#2535=VECTOR('',#7083,2.75);
#2536=VECTOR('',#7090,2.75);
#2537=VECTOR('',#7097,2.75);
#2538=VECTOR('',#7104,2.75);
#2539=VECTOR('',#7111,2.75);
#2540=VECTOR('',#7118,2.75);
#2541=VECTOR('',#7125,2.75);
#2542=VECTOR('',#7132,2.75);
#2543=VECTOR('',#7139,2.75);
#2544=VECTOR('',#7146,2.75);
#2545=VECTOR('',#7153,2.75);
#2546=VECTOR('',#7160,2.75);
#2547=VECTOR('',#7167,2.75);
#2548=VECTOR('',#7174,2.75);
#2549=VECTOR('',#7181,2.75);
#2550=VECTOR('',#7188,2.75);
#2551=VECTOR('',#7195,2.75);
#2552=VECTOR('',#7202,2.75);
#2553=VECTOR('',#7209,2.75);
#2554=VECTOR('',#7216,2.75);
#2555=VECTOR('',#7223,2.75);
#2556=VECTOR('',#7230,2.75);
#2557=VECTOR('',#7237,2.75);
#2558=VECTOR('',#7244,2.75);
#2559=VECTOR('',#7251,2.75);
#2560=VECTOR('',#7258,2.75);
#2561=VECTOR('',#7265,2.75);
#2562=VECTOR('',#7272,2.75);
#2563=VECTOR('',#7279,2.75);
#2564=VECTOR('',#7286,2.75);
#2565=VECTOR('',#7293,2.75);
#2566=VECTOR('',#7300,2.75);
#2567=VECTOR('',#7307,2.75);
#2568=VECTOR('',#7314,2.75);
#2569=VECTOR('',#7321,2.75);
#2570=VECTOR('',#7328,2.75);
#2571=VECTOR('',#7335,2.75);
#2572=VECTOR('',#7342,2.75);
#2573=VECTOR('',#7349,2.75);
#2574=VECTOR('',#7356,2.75);
#2575=VECTOR('',#7363,2.75);
#2576=VECTOR('',#7370,2.75);
#2577=VECTOR('',#7377,2.75);
#2578=VECTOR('',#7384,2.75);
#2579=VECTOR('',#7391,2.75);
#2580=VECTOR('',#7398,2.75);
#2581=VECTOR('',#7405,2.75);
#2582=VECTOR('',#7412,2.75);
#2583=VECTOR('',#7419,2.75);
#2584=VECTOR('',#7426,2.75);
#2585=VECTOR('',#7433,2.75);
#2586=VECTOR('',#7440,2.75);
#2587=VECTOR('',#7447,2.75);
#2588=VECTOR('',#7454,2.75);
#2589=VECTOR('',#7461,2.75);
#2590=VECTOR('',#7468,2.75);
#2591=VECTOR('',#7475,2.75);
#2592=VECTOR('',#7482,2.75);
#2593=VECTOR('',#7489,2.75);
#2594=VECTOR('',#7496,2.75);
#2595=VECTOR('',#7503,2.75);
#2596=VECTOR('',#7510,2.75);
#2597=VECTOR('',#7517,2.75);
#2598=VECTOR('',#7524,2.75);
#2599=VECTOR('',#7531,2.75);
#2600=VECTOR('',#7538,2.75);
#2601=VECTOR('',#7545,2.75);
#2602=VECTOR('',#7552,2.75);
#2603=VECTOR('',#7559,2.75);
#2604=VECTOR('',#7566,2.75);
#2605=VECTOR('',#7573,2.75);
#2606=VECTOR('',#7580,2.75);
#2607=VECTOR('',#7587,2.75);
#2608=VECTOR('',#7594,2.75);
#2609=VECTOR('',#7601,2.75);
#2610=VECTOR('',#7608,2.75);
#2611=VECTOR('',#7615,2.75);
#2612=VECTOR('',#7622,2.75);
#2613=VECTOR('',#7629,2.75);
#2614=VECTOR('',#7636,2.75);
#2615=VECTOR('',#7643,2.75);
#2616=VECTOR('',#7650,2.75);
#2617=VECTOR('',#7657,2.75);
#2618=VECTOR('',#7664,2.75);
#2619=VECTOR('',#7671,2.75);
#2620=VECTOR('',#7678,2.75);
#2621=VECTOR('',#7685,2.75);
#2622=VECTOR('',#7692,2.75);
#2623=VECTOR('',#7699,2.75);
#2624=VECTOR('',#7706,2.75);
#2625=VECTOR('',#7713,2.75);
#2626=VECTOR('',#7720,2.75);
#2627=VECTOR('',#7727,2.75);
#2628=VECTOR('',#7734,2.75);
#2629=VECTOR('',#7741,2.75);
#2630=VECTOR('',#7748,2.75);
#2631=VECTOR('',#7755,2.75);
#2632=VECTOR('',#7762,2.75);
#2633=VECTOR('',#7769,2.75);
#2634=VECTOR('',#7776,2.75);
#2635=VECTOR('',#7783,2.75);
#2636=VECTOR('',#7790,2.75);
#2637=VECTOR('',#7797,2.75);
#2638=VECTOR('',#7804,2.75);
#2639=VECTOR('',#7811,2.75);
#2640=VECTOR('',#7818,2.75);
#2641=VECTOR('',#7825,2.75);
#2642=VECTOR('',#7832,2.75);
#2643=VECTOR('',#7839,2.75);
#2644=VECTOR('',#7846,2.75);
#2645=VECTOR('',#7853,2.75);
#2646=VECTOR('',#7860,2.75);
#2647=VECTOR('',#7867,2.75);
#2648=VECTOR('',#7874,2.75);
#2649=VECTOR('',#7881,2.75);
#2650=VECTOR('',#7888,2.75);
#2651=VECTOR('',#7895,2.75);
#2652=VECTOR('',#7902,2.75);
#2653=VECTOR('',#7909,2.75);
#2654=VECTOR('',#7916,2.75);
#2655=VECTOR('',#7923,2.75);
#2656=VECTOR('',#7930,2.75);
#2657=VECTOR('',#7937,2.75);
#2658=VECTOR('',#7944,2.75);
#2659=VECTOR('',#7951,2.75);
#2660=VECTOR('',#7958,2.75);
#2661=VECTOR('',#7965,2.75);
#2662=VECTOR('',#7972,2.75);
#2663=VECTOR('',#7979,2.75);
#2664=VECTOR('',#7986,2.75);
#2665=VECTOR('',#7993,2.75);
#2666=VECTOR('',#8000,2.75);
#2667=VECTOR('',#8007,2.75);
#2668=VECTOR('',#8014,2.75);
#2669=VECTOR('',#8021,2.75);
#2670=VECTOR('',#8028,2.75);
#2671=VECTOR('',#8035,2.75);
#2672=VECTOR('',#8042,2.75);
#2673=VECTOR('',#8049,2.75);
#2674=VECTOR('',#8056,2.75);
#2675=VECTOR('',#8063,2.75);
#2676=VECTOR('',#8070,2.75);
#2677=VECTOR('',#8077,2.75);
#2678=VECTOR('',#8084,2.75);
#2679=VECTOR('',#8091,2.75);
#2680=VECTOR('',#8096,10.);
#2681=VECTOR('',#8097,10.);
#2682=VECTOR('',#8098,10.);
#2683=VECTOR('',#8099,10.);
#2684=VECTOR('',#8102,10.);
#2685=VECTOR('',#8103,10.);
#2686=VECTOR('',#8104,10.);
#2687=VECTOR('',#8107,10.);
#2688=VECTOR('',#8108,10.);
#2689=VECTOR('',#8109,10.);
#2690=VECTOR('',#8112,10.);
#2691=VECTOR('',#8113,10.);
#2692=VERTEX_POINT('',#8126);
#2693=VERTEX_POINT('',#8127);
#2694=VERTEX_POINT('',#8129);
#2695=VERTEX_POINT('',#8131);
#2696=VERTEX_POINT('',#8135);
#2697=VERTEX_POINT('',#8137);
#2698=VERTEX_POINT('',#8141);
#2699=VERTEX_POINT('',#8143);
#2700=VERTEX_POINT('',#8146);
#2701=VERTEX_POINT('',#8149);
#2702=VERTEX_POINT('',#8151);
#2703=VERTEX_POINT('',#8153);
#2704=VERTEX_POINT('',#8155);
#2705=VERTEX_POINT('',#8159);
#2706=VERTEX_POINT('',#8161);
#2707=VERTEX_POINT('',#8163);
#2708=VERTEX_POINT('',#8165);
#2709=VERTEX_POINT('',#8171);
#2710=VERTEX_POINT('',#8177);
#2711=VERTEX_POINT('',#8181);
#2712=VERTEX_POINT('',#8187);
#2713=VERTEX_POINT('',#8189);
#2714=VERTEX_POINT('',#8191);
#2715=VERTEX_POINT('',#8193);
#2716=VERTEX_POINT('',#8197);
#2717=VERTEX_POINT('',#8199);
#2718=VERTEX_POINT('',#8203);
#2719=VERTEX_POINT('',#8205);
#2720=VERTEX_POINT('',#8209);
#2721=VERTEX_POINT('',#8211);
#2722=VERTEX_POINT('',#8215);
#2723=VERTEX_POINT('',#8217);
#2724=VERTEX_POINT('',#8221);
#2725=VERTEX_POINT('',#8223);
#2726=VERTEX_POINT('',#8234);
#2727=VERTEX_POINT('',#8236);
#2728=VERTEX_POINT('',#8240);
#2729=VERTEX_POINT('',#8242);
#2730=VERTEX_POINT('',#8246);
#2731=VERTEX_POINT('',#8248);
#2732=VERTEX_POINT('',#8252);
#2733=VERTEX_POINT('',#8254);
#2734=VERTEX_POINT('',#8258);
#2735=VERTEX_POINT('',#8260);
#2736=VERTEX_POINT('',#8264);
#2737=VERTEX_POINT('',#8266);
#2738=VERTEX_POINT('',#8270);
#2739=VERTEX_POINT('',#8272);
#2740=VERTEX_POINT('',#8276);
#2741=VERTEX_POINT('',#8278);
#2742=VERTEX_POINT('',#8282);
#2743=VERTEX_POINT('',#8284);
#2744=VERTEX_POINT('',#8288);
#2745=VERTEX_POINT('',#8290);
#2746=VERTEX_POINT('',#8294);
#2747=VERTEX_POINT('',#8296);
#2748=VERTEX_POINT('',#8300);
#2749=VERTEX_POINT('',#8302);
#2750=VERTEX_POINT('',#8306);
#2751=VERTEX_POINT('',#8308);
#2752=VERTEX_POINT('',#8312);
#2753=VERTEX_POINT('',#8314);
#2754=VERTEX_POINT('',#8318);
#2755=VERTEX_POINT('',#8320);
#2756=VERTEX_POINT('',#8324);
#2757=VERTEX_POINT('',#8326);
#2758=VERTEX_POINT('',#8330);
#2759=VERTEX_POINT('',#8332);
#2760=VERTEX_POINT('',#8336);
#2761=VERTEX_POINT('',#8338);
#2762=VERTEX_POINT('',#8342);
#2763=VERTEX_POINT('',#8344);
#2764=VERTEX_POINT('',#8348);
#2765=VERTEX_POINT('',#8350);
#2766=VERTEX_POINT('',#8354);
#2767=VERTEX_POINT('',#8356);
#2768=VERTEX_POINT('',#8360);
#2769=VERTEX_POINT('',#8362);
#2770=VERTEX_POINT('',#8366);
#2771=VERTEX_POINT('',#8368);
#2772=VERTEX_POINT('',#8372);
#2773=VERTEX_POINT('',#8374);
#2774=VERTEX_POINT('',#8378);
#2775=VERTEX_POINT('',#8380);
#2776=VERTEX_POINT('',#8384);
#2777=VERTEX_POINT('',#8386);
#2778=VERTEX_POINT('',#8390);
#2779=VERTEX_POINT('',#8392);
#2780=VERTEX_POINT('',#8396);
#2781=VERTEX_POINT('',#8398);
#2782=VERTEX_POINT('',#8402);
#2783=VERTEX_POINT('',#8404);
#2784=VERTEX_POINT('',#8408);
#2785=VERTEX_POINT('',#8410);
#2786=VERTEX_POINT('',#8414);
#2787=VERTEX_POINT('',#8416);
#2788=VERTEX_POINT('',#8420);
#2789=VERTEX_POINT('',#8422);
#2790=VERTEX_POINT('',#8426);
#2791=VERTEX_POINT('',#8428);
#2792=VERTEX_POINT('',#8432);
#2793=VERTEX_POINT('',#8434);
#2794=VERTEX_POINT('',#8438);
#2795=VERTEX_POINT('',#8440);
#2796=VERTEX_POINT('',#8444);
#2797=VERTEX_POINT('',#8446);
#2798=VERTEX_POINT('',#8450);
#2799=VERTEX_POINT('',#8452);
#2800=VERTEX_POINT('',#8456);
#2801=VERTEX_POINT('',#8458);
#2802=VERTEX_POINT('',#8462);
#2803=VERTEX_POINT('',#8464);
#2804=VERTEX_POINT('',#8468);
#2805=VERTEX_POINT('',#8470);
#2806=VERTEX_POINT('',#8474);
#2807=VERTEX_POINT('',#8476);
#2808=VERTEX_POINT('',#8480);
#2809=VERTEX_POINT('',#8482);
#2810=VERTEX_POINT('',#8486);
#2811=VERTEX_POINT('',#8488);
#2812=VERTEX_POINT('',#8492);
#2813=VERTEX_POINT('',#8494);
#2814=VERTEX_POINT('',#8498);
#2815=VERTEX_POINT('',#8500);
#2816=VERTEX_POINT('',#8504);
#2817=VERTEX_POINT('',#8506);
#2818=VERTEX_POINT('',#8510);
#2819=VERTEX_POINT('',#8512);
#2820=VERTEX_POINT('',#8516);
#2821=VERTEX_POINT('',#8518);
#2822=VERTEX_POINT('',#8522);
#2823=VERTEX_POINT('',#8524);
#2824=VERTEX_POINT('',#8528);
#2825=VERTEX_POINT('',#8530);
#2826=VERTEX_POINT('',#8534);
#2827=VERTEX_POINT('',#8536);
#2828=VERTEX_POINT('',#8540);
#2829=VERTEX_POINT('',#8542);
#2830=VERTEX_POINT('',#8546);
#2831=VERTEX_POINT('',#8548);
#2832=VERTEX_POINT('',#8552);
#2833=VERTEX_POINT('',#8554);
#2834=VERTEX_POINT('',#8558);
#2835=VERTEX_POINT('',#8560);
#2836=VERTEX_POINT('',#8564);
#2837=VERTEX_POINT('',#8566);
#2838=VERTEX_POINT('',#8570);
#2839=VERTEX_POINT('',#8572);
#2840=VERTEX_POINT('',#8576);
#2841=VERTEX_POINT('',#8578);
#2842=VERTEX_POINT('',#8582);
#2843=VERTEX_POINT('',#8584);
#2844=VERTEX_POINT('',#8588);
#2845=VERTEX_POINT('',#8590);
#2846=VERTEX_POINT('',#8594);
#2847=VERTEX_POINT('',#8596);
#2848=VERTEX_POINT('',#8600);
#2849=VERTEX_POINT('',#8602);
#2850=VERTEX_POINT('',#8606);
#2851=VERTEX_POINT('',#8608);
#2852=VERTEX_POINT('',#8612);
#2853=VERTEX_POINT('',#8614);
#2854=VERTEX_POINT('',#8618);
#2855=VERTEX_POINT('',#8620);
#2856=VERTEX_POINT('',#8624);
#2857=VERTEX_POINT('',#8626);
#2858=VERTEX_POINT('',#8630);
#2859=VERTEX_POINT('',#8632);
#2860=VERTEX_POINT('',#8636);
#2861=VERTEX_POINT('',#8638);
#2862=VERTEX_POINT('',#8642);
#2863=VERTEX_POINT('',#8644);
#2864=VERTEX_POINT('',#8648);
#2865=VERTEX_POINT('',#8650);
#2866=VERTEX_POINT('',#8654);
#2867=VERTEX_POINT('',#8656);
#2868=VERTEX_POINT('',#8660);
#2869=VERTEX_POINT('',#8662);
#2870=VERTEX_POINT('',#8666);
#2871=VERTEX_POINT('',#8668);
#2872=VERTEX_POINT('',#8672);
#2873=VERTEX_POINT('',#8674);
#2874=VERTEX_POINT('',#8678);
#2875=VERTEX_POINT('',#8680);
#2876=VERTEX_POINT('',#8684);
#2877=VERTEX_POINT('',#8686);
#2878=VERTEX_POINT('',#8690);
#2879=VERTEX_POINT('',#8692);
#2880=VERTEX_POINT('',#8696);
#2881=VERTEX_POINT('',#8698);
#2882=VERTEX_POINT('',#8702);
#2883=VERTEX_POINT('',#8704);
#2884=VERTEX_POINT('',#8708);
#2885=VERTEX_POINT('',#8710);
#2886=VERTEX_POINT('',#8714);
#2887=VERTEX_POINT('',#8716);
#2888=VERTEX_POINT('',#8720);
#2889=VERTEX_POINT('',#8722);
#2890=VERTEX_POINT('',#8726);
#2891=VERTEX_POINT('',#8728);
#2892=VERTEX_POINT('',#8732);
#2893=VERTEX_POINT('',#8734);
#2894=VERTEX_POINT('',#8738);
#2895=VERTEX_POINT('',#8740);
#2896=VERTEX_POINT('',#8744);
#2897=VERTEX_POINT('',#8746);
#2898=VERTEX_POINT('',#8750);
#2899=VERTEX_POINT('',#8752);
#2900=VERTEX_POINT('',#8756);
#2901=VERTEX_POINT('',#8758);
#2902=VERTEX_POINT('',#8762);
#2903=VERTEX_POINT('',#8764);
#2904=VERTEX_POINT('',#8768);
#2905=VERTEX_POINT('',#8770);
#2906=VERTEX_POINT('',#8774);
#2907=VERTEX_POINT('',#8776);
#2908=VERTEX_POINT('',#8780);
#2909=VERTEX_POINT('',#8782);
#2910=VERTEX_POINT('',#8786);
#2911=VERTEX_POINT('',#8788);
#2912=VERTEX_POINT('',#8792);
#2913=VERTEX_POINT('',#8794);
#2914=VERTEX_POINT('',#8798);
#2915=VERTEX_POINT('',#8800);
#2916=VERTEX_POINT('',#8804);
#2917=VERTEX_POINT('',#8806);
#2918=VERTEX_POINT('',#8810);
#2919=VERTEX_POINT('',#8812);
#2920=VERTEX_POINT('',#8816);
#2921=VERTEX_POINT('',#8818);
#2922=VERTEX_POINT('',#8822);
#2923=VERTEX_POINT('',#8824);
#2924=VERTEX_POINT('',#8828);
#2925=VERTEX_POINT('',#8830);
#2926=VERTEX_POINT('',#8834);
#2927=VERTEX_POINT('',#8836);
#2928=VERTEX_POINT('',#8840);
#2929=VERTEX_POINT('',#8842);
#2930=VERTEX_POINT('',#8846);
#2931=VERTEX_POINT('',#8848);
#2932=VERTEX_POINT('',#8852);
#2933=VERTEX_POINT('',#8854);
#2934=VERTEX_POINT('',#8858);
#2935=VERTEX_POINT('',#8860);
#2936=VERTEX_POINT('',#8864);
#2937=VERTEX_POINT('',#8866);
#2938=VERTEX_POINT('',#8870);
#2939=VERTEX_POINT('',#8872);
#2940=VERTEX_POINT('',#8876);
#2941=VERTEX_POINT('',#8878);
#2942=VERTEX_POINT('',#8882);
#2943=VERTEX_POINT('',#8884);
#2944=VERTEX_POINT('',#8888);
#2945=VERTEX_POINT('',#8890);
#2946=VERTEX_POINT('',#8894);
#2947=VERTEX_POINT('',#8896);
#2948=VERTEX_POINT('',#8900);
#2949=VERTEX_POINT('',#8902);
#2950=VERTEX_POINT('',#8906);
#2951=VERTEX_POINT('',#8908);
#2952=VERTEX_POINT('',#8912);
#2953=VERTEX_POINT('',#8914);
#2954=VERTEX_POINT('',#8918);
#2955=VERTEX_POINT('',#8920);
#2956=VERTEX_POINT('',#8924);
#2957=VERTEX_POINT('',#8926);
#2958=VERTEX_POINT('',#8930);
#2959=VERTEX_POINT('',#8932);
#2960=VERTEX_POINT('',#8936);
#2961=VERTEX_POINT('',#8938);
#2962=VERTEX_POINT('',#8942);
#2963=VERTEX_POINT('',#8944);
#2964=VERTEX_POINT('',#8948);
#2965=VERTEX_POINT('',#8950);
#2966=VERTEX_POINT('',#8954);
#2967=VERTEX_POINT('',#8956);
#2968=VERTEX_POINT('',#8960);
#2969=VERTEX_POINT('',#8962);
#2970=VERTEX_POINT('',#8966);
#2971=VERTEX_POINT('',#8968);
#2972=VERTEX_POINT('',#8972);
#2973=VERTEX_POINT('',#8974);
#2974=VERTEX_POINT('',#8978);
#2975=VERTEX_POINT('',#8980);
#2976=VERTEX_POINT('',#8984);
#2977=VERTEX_POINT('',#8986);
#2978=VERTEX_POINT('',#8990);
#2979=VERTEX_POINT('',#8992);
#2980=VERTEX_POINT('',#8996);
#2981=VERTEX_POINT('',#8998);
#2982=VERTEX_POINT('',#9002);
#2983=VERTEX_POINT('',#9004);
#2984=VERTEX_POINT('',#9008);
#2985=VERTEX_POINT('',#9010);
#2986=VERTEX_POINT('',#9014);
#2987=VERTEX_POINT('',#9016);
#2988=VERTEX_POINT('',#9020);
#2989=VERTEX_POINT('',#9022);
#2990=VERTEX_POINT('',#9026);
#2991=VERTEX_POINT('',#9028);
#2992=VERTEX_POINT('',#9032);
#2993=VERTEX_POINT('',#9034);
#2994=VERTEX_POINT('',#9038);
#2995=VERTEX_POINT('',#9040);
#2996=VERTEX_POINT('',#9044);
#2997=VERTEX_POINT('',#9046);
#2998=VERTEX_POINT('',#9050);
#2999=VERTEX_POINT('',#9052);
#3000=VERTEX_POINT('',#9056);
#3001=VERTEX_POINT('',#9058);
#3002=VERTEX_POINT('',#9062);
#3003=VERTEX_POINT('',#9064);
#3004=VERTEX_POINT('',#9068);
#3005=VERTEX_POINT('',#9070);
#3006=VERTEX_POINT('',#9074);
#3007=VERTEX_POINT('',#9076);
#3008=VERTEX_POINT('',#9080);
#3009=VERTEX_POINT('',#9082);
#3010=VERTEX_POINT('',#9086);
#3011=VERTEX_POINT('',#9088);
#3012=VERTEX_POINT('',#9092);
#3013=VERTEX_POINT('',#9094);
#3014=VERTEX_POINT('',#9098);
#3015=VERTEX_POINT('',#9100);
#3016=VERTEX_POINT('',#9104);
#3017=VERTEX_POINT('',#9106);
#3018=VERTEX_POINT('',#9110);
#3019=VERTEX_POINT('',#9112);
#3020=VERTEX_POINT('',#9116);
#3021=VERTEX_POINT('',#9118);
#3022=VERTEX_POINT('',#9122);
#3023=VERTEX_POINT('',#9124);
#3024=VERTEX_POINT('',#9128);
#3025=VERTEX_POINT('',#9130);
#3026=VERTEX_POINT('',#9134);
#3027=VERTEX_POINT('',#9136);
#3028=VERTEX_POINT('',#9140);
#3029=VERTEX_POINT('',#9142);
#3030=VERTEX_POINT('',#9146);
#3031=VERTEX_POINT('',#9148);
#3032=VERTEX_POINT('',#9152);
#3033=VERTEX_POINT('',#9154);
#3034=VERTEX_POINT('',#9158);
#3035=VERTEX_POINT('',#9160);
#3036=VERTEX_POINT('',#9164);
#3037=VERTEX_POINT('',#9166);
#3038=VERTEX_POINT('',#9170);
#3039=VERTEX_POINT('',#9172);
#3040=VERTEX_POINT('',#9176);
#3041=VERTEX_POINT('',#9178);
#3042=VERTEX_POINT('',#9182);
#3043=VERTEX_POINT('',#9184);
#3044=VERTEX_POINT('',#9188);
#3045=VERTEX_POINT('',#9190);
#3046=VERTEX_POINT('',#9194);
#3047=VERTEX_POINT('',#9196);
#3048=VERTEX_POINT('',#9200);
#3049=VERTEX_POINT('',#9202);
#3050=VERTEX_POINT('',#9206);
#3051=VERTEX_POINT('',#9208);
#3052=VERTEX_POINT('',#9212);
#3053=VERTEX_POINT('',#9214);
#3054=VERTEX_POINT('',#9218);
#3055=VERTEX_POINT('',#9220);
#3056=VERTEX_POINT('',#9224);
#3057=VERTEX_POINT('',#9226);
#3058=VERTEX_POINT('',#9230);
#3059=VERTEX_POINT('',#9232);
#3060=VERTEX_POINT('',#9236);
#3061=VERTEX_POINT('',#9238);
#3062=VERTEX_POINT('',#9242);
#3063=VERTEX_POINT('',#9244);
#3064=VERTEX_POINT('',#9248);
#3065=VERTEX_POINT('',#9250);
#3066=VERTEX_POINT('',#9254);
#3067=VERTEX_POINT('',#9256);
#3068=VERTEX_POINT('',#9260);
#3069=VERTEX_POINT('',#9262);
#3070=VERTEX_POINT('',#9266);
#3071=VERTEX_POINT('',#9268);
#3072=VERTEX_POINT('',#9272);
#3073=VERTEX_POINT('',#9274);
#3074=VERTEX_POINT('',#9278);
#3075=VERTEX_POINT('',#9280);
#3076=VERTEX_POINT('',#9284);
#3077=VERTEX_POINT('',#9286);
#3078=VERTEX_POINT('',#9290);
#3079=VERTEX_POINT('',#9292);
#3080=VERTEX_POINT('',#9296);
#3081=VERTEX_POINT('',#9298);
#3082=VERTEX_POINT('',#9302);
#3083=VERTEX_POINT('',#9304);
#3084=VERTEX_POINT('',#9308);
#3085=VERTEX_POINT('',#9310);
#3086=VERTEX_POINT('',#9314);
#3087=VERTEX_POINT('',#9316);
#3088=VERTEX_POINT('',#9320);
#3089=VERTEX_POINT('',#9322);
#3090=VERTEX_POINT('',#9326);
#3091=VERTEX_POINT('',#9328);
#3092=VERTEX_POINT('',#9332);
#3093=VERTEX_POINT('',#9334);
#3094=VERTEX_POINT('',#9338);
#3095=VERTEX_POINT('',#9340);
#3096=VERTEX_POINT('',#9344);
#3097=VERTEX_POINT('',#9346);
#3098=VERTEX_POINT('',#9350);
#3099=VERTEX_POINT('',#9352);
#3100=VERTEX_POINT('',#9356);
#3101=VERTEX_POINT('',#9358);
#3102=VERTEX_POINT('',#9362);
#3103=VERTEX_POINT('',#9364);
#3104=VERTEX_POINT('',#9368);
#3105=VERTEX_POINT('',#9370);
#3106=VERTEX_POINT('',#9374);
#3107=VERTEX_POINT('',#9376);
#3108=VERTEX_POINT('',#9380);
#3109=VERTEX_POINT('',#9382);
#3110=VERTEX_POINT('',#9386);
#3111=VERTEX_POINT('',#9388);
#3112=VERTEX_POINT('',#9392);
#3113=VERTEX_POINT('',#9394);
#3114=VERTEX_POINT('',#9398);
#3115=VERTEX_POINT('',#9400);
#3116=VERTEX_POINT('',#9404);
#3117=VERTEX_POINT('',#9406);
#3118=VERTEX_POINT('',#9410);
#3119=VERTEX_POINT('',#9412);
#3120=VERTEX_POINT('',#9416);
#3121=VERTEX_POINT('',#9418);
#3122=VERTEX_POINT('',#9422);
#3123=VERTEX_POINT('',#9424);
#3124=VERTEX_POINT('',#9428);
#3125=VERTEX_POINT('',#9430);
#3126=VERTEX_POINT('',#9434);
#3127=VERTEX_POINT('',#9436);
#3128=VERTEX_POINT('',#9440);
#3129=VERTEX_POINT('',#9442);
#3130=VERTEX_POINT('',#9446);
#3131=VERTEX_POINT('',#9448);
#3132=VERTEX_POINT('',#9452);
#3133=VERTEX_POINT('',#9454);
#3134=VERTEX_POINT('',#9458);
#3135=VERTEX_POINT('',#9460);
#3136=VERTEX_POINT('',#9464);
#3137=VERTEX_POINT('',#9466);
#3138=VERTEX_POINT('',#9470);
#3139=VERTEX_POINT('',#9472);
#3140=VERTEX_POINT('',#9476);
#3141=VERTEX_POINT('',#9478);
#3142=VERTEX_POINT('',#9482);
#3143=VERTEX_POINT('',#9484);
#3144=VERTEX_POINT('',#9488);
#3145=VERTEX_POINT('',#9490);
#3146=VERTEX_POINT('',#9494);
#3147=VERTEX_POINT('',#9496);
#3148=VERTEX_POINT('',#9500);
#3149=VERTEX_POINT('',#9502);
#3150=VERTEX_POINT('',#9506);
#3151=VERTEX_POINT('',#9508);
#3152=VERTEX_POINT('',#9512);
#3153=VERTEX_POINT('',#9514);
#3154=VERTEX_POINT('',#9518);
#3155=VERTEX_POINT('',#9520);
#3156=VERTEX_POINT('',#9524);
#3157=VERTEX_POINT('',#9526);
#3158=VERTEX_POINT('',#9530);
#3159=VERTEX_POINT('',#9532);
#3160=VERTEX_POINT('',#9536);
#3161=VERTEX_POINT('',#9538);
#3162=VERTEX_POINT('',#9542);
#3163=VERTEX_POINT('',#9544);
#3164=VERTEX_POINT('',#9548);
#3165=VERTEX_POINT('',#9550);
#3166=VERTEX_POINT('',#9554);
#3167=VERTEX_POINT('',#9556);
#3168=VERTEX_POINT('',#9560);
#3169=VERTEX_POINT('',#9562);
#3170=VERTEX_POINT('',#9566);
#3171=VERTEX_POINT('',#9568);
#3172=VERTEX_POINT('',#9572);
#3173=VERTEX_POINT('',#9574);
#3174=VERTEX_POINT('',#9578);
#3175=VERTEX_POINT('',#9580);
#3176=VERTEX_POINT('',#9584);
#3177=VERTEX_POINT('',#9585);
#3178=VERTEX_POINT('',#9587);
#3179=VERTEX_POINT('',#9589);
#3180=VERTEX_POINT('',#9593);
#3181=VERTEX_POINT('',#9595);
#3182=VERTEX_POINT('',#9599);
#3183=VERTEX_POINT('',#9601);
#3184=EDGE_CURVE('',#2692,#2693,#2122,.T.);
#3185=EDGE_CURVE('',#2694,#2693,#2123,.F.);
#3186=EDGE_CURVE('',#2694,#2695,#2124,.T.);
#3187=EDGE_CURVE('',#2692,#2695,#2125,.T.);
#3188=EDGE_CURVE('',#2693,#2696,#2126,.T.);
#3189=EDGE_CURVE('',#2696,#2697,#2127,.T.);
#3190=EDGE_CURVE('',#2697,#2694,#2128,.T.);
#3191=EDGE_CURVE('',#2698,#2696,#2129,.T.);
#3192=EDGE_CURVE('',#2699,#2698,#2130,.F.);
#3193=EDGE_CURVE('',#2699,#2697,#2131,.F.);
#3194=EDGE_CURVE('',#2700,#2700,#712,.T.);
#3195=EDGE_CURVE('',#2701,#2699,#2132,.F.);
#3196=EDGE_CURVE('',#2701,#2702,#2133,.F.);
#3197=EDGE_CURVE('',#2702,#2703,#2134,.F.);
#3198=EDGE_CURVE('',#2704,#2703,#2135,.T.);
#3199=EDGE_CURVE('',#2695,#2704,#2136,.T.);
#3200=EDGE_CURVE('',#2705,#2692,#2137,.T.);
#3201=EDGE_CURVE('',#2705,#2706,#2138,.T.);
#3202=EDGE_CURVE('',#2706,#2707,#2139,.F.);
#3203=EDGE_CURVE('',#2708,#2707,#2140,.T.);
#3204=EDGE_CURVE('',#2698,#2708,#2141,.F.);
#3205=EDGE_CURVE('',#2708,#2701,#2142,.F.);
#3206=EDGE_CURVE('',#2707,#2702,#2143,.F.);
#3207=EDGE_CURVE('',#2709,#2709,#713,.T.);
#3208=EDGE_CURVE('',#2703,#2706,#2144,.T.);
#3209=EDGE_CURVE('',#2700,#2710,#2145,.T.);
#3210=EDGE_CURVE('',#2710,#2710,#714,.T.);
#3211=EDGE_CURVE('',#2709,#2711,#2146,.T.);
#3212=EDGE_CURVE('',#2711,#2711,#715,.T.);
#3213=EDGE_CURVE('',#2704,#2705,#2147,.T.);
#3214=EDGE_CURVE('',#2712,#2704,#2148,.T.);
#3215=EDGE_CURVE('',#2712,#2713,#2149,.T.);
#3216=EDGE_CURVE('',#2713,#2714,#2150,.T.);
#3217=EDGE_CURVE('',#2714,#2715,#2151,.T.);
#3218=EDGE_CURVE('',#2705,#2715,#2152,.T.);
#3219=EDGE_CURVE('',#2714,#2716,#2153,.T.);
#3220=EDGE_CURVE('',#2717,#2713,#2154,.T.);
#3221=EDGE_CURVE('',#2717,#2716,#2155,.T.);
#3222=EDGE_CURVE('',#2716,#2718,#2156,.T.);
#3223=EDGE_CURVE('',#2719,#2717,#2157,.T.);
#3224=EDGE_CURVE('',#2718,#2719,#2158,.T.);
#3225=EDGE_CURVE('',#2720,#2719,#2159,.T.);
#3226=EDGE_CURVE('',#2720,#2721,#2160,.T.);
#3227=EDGE_CURVE('',#2721,#2718,#2161,.T.);
#3228=EDGE_CURVE('',#2722,#2712,#2162,.T.);
#3229=EDGE_CURVE('',#2723,#2722,#2163,.T.);
#3230=EDGE_CURVE('',#2723,#2720,#2164,.T.);
#3231=EDGE_CURVE('',#2721,#2724,#2165,.T.);
#3232=EDGE_CURVE('',#2724,#2725,#2166,.T.);
#3233=EDGE_CURVE('',#2715,#2725,#2167,.T.);
#3234=EDGE_CURVE('',#2724,#2723,#2168,.T.);
#3235=EDGE_CURVE('',#2725,#2722,#2169,.T.);
#3236=EDGE_CURVE('',#2726,#2726,#716,.T.);
#3237=EDGE_CURVE('',#2726,#2727,#2170,.T.);
#3238=EDGE_CURVE('',#2727,#2727,#717,.T.);
#3239=EDGE_CURVE('',#2728,#2728,#718,.T.);
#3240=EDGE_CURVE('',#2728,#2729,#2171,.T.);
#3241=EDGE_CURVE('',#2729,#2729,#719,.T.);
#3242=EDGE_CURVE('',#2730,#2730,#720,.T.);
#3243=EDGE_CURVE('',#2730,#2731,#2172,.T.);
#3244=EDGE_CURVE('',#2731,#2731,#721,.T.);
#3245=EDGE_CURVE('',#2732,#2732,#722,.T.);
#3246=EDGE_CURVE('',#2732,#2733,#2173,.T.);
#3247=EDGE_CURVE('',#2733,#2733,#723,.T.);
#3248=EDGE_CURVE('',#2734,#2734,#724,.T.);
#3249=EDGE_CURVE('',#2734,#2735,#2174,.T.);
#3250=EDGE_CURVE('',#2735,#2735,#725,.T.);
#3251=EDGE_CURVE('',#2736,#2736,#726,.T.);
#3252=EDGE_CURVE('',#2736,#2737,#2175,.T.);
#3253=EDGE_CURVE('',#2737,#2737,#727,.T.);
#3254=EDGE_CURVE('',#2738,#2738,#728,.T.);
#3255=EDGE_CURVE('',#2738,#2739,#2176,.T.);
#3256=EDGE_CURVE('',#2739,#2739,#729,.T.);
#3257=EDGE_CURVE('',#2740,#2740,#730,.T.);
#3258=EDGE_CURVE('',#2740,#2741,#2177,.T.);
#3259=EDGE_CURVE('',#2741,#2741,#731,.T.);
#3260=EDGE_CURVE('',#2742,#2742,#732,.T.);
#3261=EDGE_CURVE('',#2742,#2743,#2178,.T.);
#3262=EDGE_CURVE('',#2743,#2743,#733,.T.);
#3263=EDGE_CURVE('',#2744,#2744,#734,.T.);
#3264=EDGE_CURVE('',#2744,#2745,#2179,.T.);
#3265=EDGE_CURVE('',#2745,#2745,#735,.T.);
#3266=EDGE_CURVE('',#2746,#2746,#736,.T.);
#3267=EDGE_CURVE('',#2746,#2747,#2180,.T.);
#3268=EDGE_CURVE('',#2747,#2747,#737,.T.);
#3269=EDGE_CURVE('',#2748,#2748,#738,.T.);
#3270=EDGE_CURVE('',#2748,#2749,#2181,.T.);
#3271=EDGE_CURVE('',#2749,#2749,#739,.T.);
#3272=EDGE_CURVE('',#2750,#2750,#740,.T.);
#3273=EDGE_CURVE('',#2750,#2751,#2182,.T.);
#3274=EDGE_CURVE('',#2751,#2751,#741,.T.);
#3275=EDGE_CURVE('',#2752,#2752,#742,.T.);
#3276=EDGE_CURVE('',#2752,#2753,#2183,.T.);
#3277=EDGE_CURVE('',#2753,#2753,#743,.T.);
#3278=EDGE_CURVE('',#2754,#2754,#744,.T.);
#3279=EDGE_CURVE('',#2754,#2755,#2184,.T.);
#3280=EDGE_CURVE('',#2755,#2755,#745,.T.);
#3281=EDGE_CURVE('',#2756,#2756,#746,.T.);
#3282=EDGE_CURVE('',#2756,#2757,#2185,.T.);
#3283=EDGE_CURVE('',#2757,#2757,#747,.T.);
#3284=EDGE_CURVE('',#2758,#2758,#748,.T.);
#3285=EDGE_CURVE('',#2758,#2759,#2186,.T.);
#3286=EDGE_CURVE('',#2759,#2759,#749,.T.);
#3287=EDGE_CURVE('',#2760,#2760,#750,.T.);
#3288=EDGE_CURVE('',#2760,#2761,#2187,.T.);
#3289=EDGE_CURVE('',#2761,#2761,#751,.T.);
#3290=EDGE_CURVE('',#2762,#2762,#752,.T.);
#3291=EDGE_CURVE('',#2762,#2763,#2188,.T.);
#3292=EDGE_CURVE('',#2763,#2763,#753,.T.);
#3293=EDGE_CURVE('',#2764,#2764,#754,.T.);
#3294=EDGE_CURVE('',#2764,#2765,#2189,.T.);
#3295=EDGE_CURVE('',#2765,#2765,#755,.T.);
#3296=EDGE_CURVE('',#2766,#2766,#756,.T.);
#3297=EDGE_CURVE('',#2766,#2767,#2190,.T.);
#3298=EDGE_CURVE('',#2767,#2767,#757,.T.);
#3299=EDGE_CURVE('',#2768,#2768,#758,.T.);
#3300=EDGE_CURVE('',#2768,#2769,#2191,.T.);
#3301=EDGE_CURVE('',#2769,#2769,#759,.T.);
#3302=EDGE_CURVE('',#2770,#2770,#760,.T.);
#3303=EDGE_CURVE('',#2770,#2771,#2192,.T.);
#3304=EDGE_CURVE('',#2771,#2771,#761,.T.);
#3305=EDGE_CURVE('',#2772,#2772,#762,.T.);
#3306=EDGE_CURVE('',#2772,#2773,#2193,.T.);
#3307=EDGE_CURVE('',#2773,#2773,#763,.T.);
#3308=EDGE_CURVE('',#2774,#2774,#764,.T.);
#3309=EDGE_CURVE('',#2774,#2775,#2194,.T.);
#3310=EDGE_CURVE('',#2775,#2775,#765,.T.);
#3311=EDGE_CURVE('',#2776,#2776,#766,.T.);
#3312=EDGE_CURVE('',#2776,#2777,#2195,.T.);
#3313=EDGE_CURVE('',#2777,#2777,#767,.T.);
#3314=EDGE_CURVE('',#2778,#2778,#768,.T.);
#3315=EDGE_CURVE('',#2778,#2779,#2196,.T.);
#3316=EDGE_CURVE('',#2779,#2779,#769,.T.);
#3317=EDGE_CURVE('',#2780,#2780,#770,.T.);
#3318=EDGE_CURVE('',#2780,#2781,#2197,.T.);
#3319=EDGE_CURVE('',#2781,#2781,#771,.T.);
#3320=EDGE_CURVE('',#2782,#2782,#772,.T.);
#3321=EDGE_CURVE('',#2782,#2783,#2198,.T.);
#3322=EDGE_CURVE('',#2783,#2783,#773,.T.);
#3323=EDGE_CURVE('',#2784,#2784,#774,.T.);
#3324=EDGE_CURVE('',#2784,#2785,#2199,.T.);
#3325=EDGE_CURVE('',#2785,#2785,#775,.T.);
#3326=EDGE_CURVE('',#2786,#2786,#776,.T.);
#3327=EDGE_CURVE('',#2786,#2787,#2200,.T.);
#3328=EDGE_CURVE('',#2787,#2787,#777,.T.);
#3329=EDGE_CURVE('',#2788,#2788,#778,.T.);
#3330=EDGE_CURVE('',#2788,#2789,#2201,.T.);
#3331=EDGE_CURVE('',#2789,#2789,#779,.T.);
#3332=EDGE_CURVE('',#2790,#2790,#780,.T.);
#3333=EDGE_CURVE('',#2790,#2791,#2202,.T.);
#3334=EDGE_CURVE('',#2791,#2791,#781,.T.);
#3335=EDGE_CURVE('',#2792,#2792,#782,.T.);
#3336=EDGE_CURVE('',#2792,#2793,#2203,.T.);
#3337=EDGE_CURVE('',#2793,#2793,#783,.T.);
#3338=EDGE_CURVE('',#2794,#2794,#784,.T.);
#3339=EDGE_CURVE('',#2794,#2795,#2204,.T.);
#3340=EDGE_CURVE('',#2795,#2795,#785,.T.);
#3341=EDGE_CURVE('',#2796,#2796,#786,.T.);
#3342=EDGE_CURVE('',#2796,#2797,#2205,.T.);
#3343=EDGE_CURVE('',#2797,#2797,#787,.T.);
#3344=EDGE_CURVE('',#2798,#2798,#788,.T.);
#3345=EDGE_CURVE('',#2798,#2799,#2206,.T.);
#3346=EDGE_CURVE('',#2799,#2799,#789,.T.);
#3347=EDGE_CURVE('',#2800,#2800,#790,.T.);
#3348=EDGE_CURVE('',#2800,#2801,#2207,.T.);
#3349=EDGE_CURVE('',#2801,#2801,#791,.T.);
#3350=EDGE_CURVE('',#2802,#2802,#792,.T.);
#3351=EDGE_CURVE('',#2802,#2803,#2208,.T.);
#3352=EDGE_CURVE('',#2803,#2803,#793,.T.);
#3353=EDGE_CURVE('',#2804,#2804,#794,.T.);
#3354=EDGE_CURVE('',#2804,#2805,#2209,.T.);
#3355=EDGE_CURVE('',#2805,#2805,#795,.T.);
#3356=EDGE_CURVE('',#2806,#2806,#796,.T.);
#3357=EDGE_CURVE('',#2806,#2807,#2210,.T.);
#3358=EDGE_CURVE('',#2807,#2807,#797,.T.);
#3359=EDGE_CURVE('',#2808,#2808,#798,.T.);
#3360=EDGE_CURVE('',#2808,#2809,#2211,.T.);
#3361=EDGE_CURVE('',#2809,#2809,#799,.T.);
#3362=EDGE_CURVE('',#2810,#2810,#800,.T.);
#3363=EDGE_CURVE('',#2810,#2811,#2212,.T.);
#3364=EDGE_CURVE('',#2811,#2811,#801,.T.);
#3365=EDGE_CURVE('',#2812,#2812,#802,.T.);
#3366=EDGE_CURVE('',#2812,#2813,#2213,.T.);
#3367=EDGE_CURVE('',#2813,#2813,#803,.T.);
#3368=EDGE_CURVE('',#2814,#2814,#804,.T.);
#3369=EDGE_CURVE('',#2814,#2815,#2214,.T.);
#3370=EDGE_CURVE('',#2815,#2815,#805,.T.);
#3371=EDGE_CURVE('',#2816,#2816,#806,.T.);
#3372=EDGE_CURVE('',#2816,#2817,#2215,.T.);
#3373=EDGE_CURVE('',#2817,#2817,#807,.T.);
#3374=EDGE_CURVE('',#2818,#2818,#808,.T.);
#3375=EDGE_CURVE('',#2818,#2819,#2216,.T.);
#3376=EDGE_CURVE('',#2819,#2819,#809,.T.);
#3377=EDGE_CURVE('',#2820,#2820,#810,.T.);
#3378=EDGE_CURVE('',#2820,#2821,#2217,.T.);
#3379=EDGE_CURVE('',#2821,#2821,#811,.T.);
#3380=EDGE_CURVE('',#2822,#2822,#812,.T.);
#3381=EDGE_CURVE('',#2822,#2823,#2218,.T.);
#3382=EDGE_CURVE('',#2823,#2823,#813,.T.);
#3383=EDGE_CURVE('',#2824,#2824,#814,.T.);
#3384=EDGE_CURVE('',#2824,#2825,#2219,.T.);
#3385=EDGE_CURVE('',#2825,#2825,#815,.T.);
#3386=EDGE_CURVE('',#2826,#2826,#816,.T.);
#3387=EDGE_CURVE('',#2826,#2827,#2220,.T.);
#3388=EDGE_CURVE('',#2827,#2827,#817,.T.);
#3389=EDGE_CURVE('',#2828,#2828,#818,.T.);
#3390=EDGE_CURVE('',#2828,#2829,#2221,.T.);
#3391=EDGE_CURVE('',#2829,#2829,#819,.T.);
#3392=EDGE_CURVE('',#2830,#2830,#820,.T.);
#3393=EDGE_CURVE('',#2830,#2831,#2222,.T.);
#3394=EDGE_CURVE('',#2831,#2831,#821,.T.);
#3395=EDGE_CURVE('',#2832,#2832,#822,.T.);
#3396=EDGE_CURVE('',#2832,#2833,#2223,.T.);
#3397=EDGE_CURVE('',#2833,#2833,#823,.T.);
#3398=EDGE_CURVE('',#2834,#2834,#824,.T.);
#3399=EDGE_CURVE('',#2834,#2835,#2224,.T.);
#3400=EDGE_CURVE('',#2835,#2835,#825,.T.);
#3401=EDGE_CURVE('',#2836,#2836,#826,.T.);
#3402=EDGE_CURVE('',#2836,#2837,#2225,.T.);
#3403=EDGE_CURVE('',#2837,#2837,#827,.T.);
#3404=EDGE_CURVE('',#2838,#2838,#828,.T.);
#3405=EDGE_CURVE('',#2838,#2839,#2226,.T.);
#3406=EDGE_CURVE('',#2839,#2839,#829,.T.);
#3407=EDGE_CURVE('',#2840,#2840,#830,.T.);
#3408=EDGE_CURVE('',#2840,#2841,#2227,.T.);
#3409=EDGE_CURVE('',#2841,#2841,#831,.T.);
#3410=EDGE_CURVE('',#2842,#2842,#832,.T.);
#3411=EDGE_CURVE('',#2842,#2843,#2228,.T.);
#3412=EDGE_CURVE('',#2843,#2843,#833,.T.);
#3413=EDGE_CURVE('',#2844,#2844,#834,.T.);
#3414=EDGE_CURVE('',#2844,#2845,#2229,.T.);
#3415=EDGE_CURVE('',#2845,#2845,#835,.T.);
#3416=EDGE_CURVE('',#2846,#2846,#836,.T.);
#3417=EDGE_CURVE('',#2846,#2847,#2230,.T.);
#3418=EDGE_CURVE('',#2847,#2847,#837,.T.);
#3419=EDGE_CURVE('',#2848,#2848,#838,.T.);
#3420=EDGE_CURVE('',#2848,#2849,#2231,.T.);
#3421=EDGE_CURVE('',#2849,#2849,#839,.T.);
#3422=EDGE_CURVE('',#2850,#2850,#840,.T.);
#3423=EDGE_CURVE('',#2850,#2851,#2232,.T.);
#3424=EDGE_CURVE('',#2851,#2851,#841,.T.);
#3425=EDGE_CURVE('',#2852,#2852,#842,.T.);
#3426=EDGE_CURVE('',#2852,#2853,#2233,.T.);
#3427=EDGE_CURVE('',#2853,#2853,#843,.T.);
#3428=EDGE_CURVE('',#2854,#2854,#844,.T.);
#3429=EDGE_CURVE('',#2854,#2855,#2234,.T.);
#3430=EDGE_CURVE('',#2855,#2855,#845,.T.);
#3431=EDGE_CURVE('',#2856,#2856,#846,.T.);
#3432=EDGE_CURVE('',#2856,#2857,#2235,.T.);
#3433=EDGE_CURVE('',#2857,#2857,#847,.T.);
#3434=EDGE_CURVE('',#2858,#2858,#848,.T.);
#3435=EDGE_CURVE('',#2858,#2859,#2236,.T.);
#3436=EDGE_CURVE('',#2859,#2859,#849,.T.);
#3437=EDGE_CURVE('',#2860,#2860,#850,.T.);
#3438=EDGE_CURVE('',#2860,#2861,#2237,.T.);
#3439=EDGE_CURVE('',#2861,#2861,#851,.T.);
#3440=EDGE_CURVE('',#2862,#2862,#852,.T.);
#3441=EDGE_CURVE('',#2862,#2863,#2238,.T.);
#3442=EDGE_CURVE('',#2863,#2863,#853,.T.);
#3443=EDGE_CURVE('',#2864,#2864,#854,.T.);
#3444=EDGE_CURVE('',#2864,#2865,#2239,.T.);
#3445=EDGE_CURVE('',#2865,#2865,#855,.T.);
#3446=EDGE_CURVE('',#2866,#2866,#856,.T.);
#3447=EDGE_CURVE('',#2866,#2867,#2240,.T.);
#3448=EDGE_CURVE('',#2867,#2867,#857,.T.);
#3449=EDGE_CURVE('',#2868,#2868,#858,.T.);
#3450=EDGE_CURVE('',#2868,#2869,#2241,.T.);
#3451=EDGE_CURVE('',#2869,#2869,#859,.T.);
#3452=EDGE_CURVE('',#2870,#2870,#860,.T.);
#3453=EDGE_CURVE('',#2870,#2871,#2242,.T.);
#3454=EDGE_CURVE('',#2871,#2871,#861,.T.);
#3455=EDGE_CURVE('',#2872,#2872,#862,.T.);
#3456=EDGE_CURVE('',#2872,#2873,#2243,.T.);
#3457=EDGE_CURVE('',#2873,#2873,#863,.T.);
#3458=EDGE_CURVE('',#2874,#2874,#864,.T.);
#3459=EDGE_CURVE('',#2874,#2875,#2244,.T.);
#3460=EDGE_CURVE('',#2875,#2875,#865,.T.);
#3461=EDGE_CURVE('',#2876,#2876,#866,.T.);
#3462=EDGE_CURVE('',#2876,#2877,#2245,.T.);
#3463=EDGE_CURVE('',#2877,#2877,#867,.T.);
#3464=EDGE_CURVE('',#2878,#2878,#868,.T.);
#3465=EDGE_CURVE('',#2878,#2879,#2246,.T.);
#3466=EDGE_CURVE('',#2879,#2879,#869,.T.);
#3467=EDGE_CURVE('',#2880,#2880,#870,.T.);
#3468=EDGE_CURVE('',#2880,#2881,#2247,.T.);
#3469=EDGE_CURVE('',#2881,#2881,#871,.T.);
#3470=EDGE_CURVE('',#2882,#2882,#872,.T.);
#3471=EDGE_CURVE('',#2882,#2883,#2248,.T.);
#3472=EDGE_CURVE('',#2883,#2883,#873,.T.);
#3473=EDGE_CURVE('',#2884,#2884,#874,.T.);
#3474=EDGE_CURVE('',#2884,#2885,#2249,.T.);
#3475=EDGE_CURVE('',#2885,#2885,#875,.T.);
#3476=EDGE_CURVE('',#2886,#2886,#876,.T.);
#3477=EDGE_CURVE('',#2886,#2887,#2250,.T.);
#3478=EDGE_CURVE('',#2887,#2887,#877,.T.);
#3479=EDGE_CURVE('',#2888,#2888,#878,.T.);
#3480=EDGE_CURVE('',#2888,#2889,#2251,.T.);
#3481=EDGE_CURVE('',#2889,#2889,#879,.T.);
#3482=EDGE_CURVE('',#2890,#2890,#880,.T.);
#3483=EDGE_CURVE('',#2890,#2891,#2252,.T.);
#3484=EDGE_CURVE('',#2891,#2891,#881,.T.);
#3485=EDGE_CURVE('',#2892,#2892,#882,.T.);
#3486=EDGE_CURVE('',#2892,#2893,#2253,.T.);
#3487=EDGE_CURVE('',#2893,#2893,#883,.T.);
#3488=EDGE_CURVE('',#2894,#2894,#884,.T.);
#3489=EDGE_CURVE('',#2894,#2895,#2254,.T.);
#3490=EDGE_CURVE('',#2895,#2895,#885,.T.);
#3491=EDGE_CURVE('',#2896,#2896,#886,.T.);
#3492=EDGE_CURVE('',#2896,#2897,#2255,.T.);
#3493=EDGE_CURVE('',#2897,#2897,#887,.T.);
#3494=EDGE_CURVE('',#2898,#2898,#888,.T.);
#3495=EDGE_CURVE('',#2898,#2899,#2256,.T.);
#3496=EDGE_CURVE('',#2899,#2899,#889,.T.);
#3497=EDGE_CURVE('',#2900,#2900,#890,.T.);
#3498=EDGE_CURVE('',#2900,#2901,#2257,.T.);
#3499=EDGE_CURVE('',#2901,#2901,#891,.T.);
#3500=EDGE_CURVE('',#2902,#2902,#892,.T.);
#3501=EDGE_CURVE('',#2902,#2903,#2258,.T.);
#3502=EDGE_CURVE('',#2903,#2903,#893,.T.);
#3503=EDGE_CURVE('',#2904,#2904,#894,.T.);
#3504=EDGE_CURVE('',#2904,#2905,#2259,.T.);
#3505=EDGE_CURVE('',#2905,#2905,#895,.T.);
#3506=EDGE_CURVE('',#2906,#2906,#896,.T.);
#3507=EDGE_CURVE('',#2906,#2907,#2260,.T.);
#3508=EDGE_CURVE('',#2907,#2907,#897,.T.);
#3509=EDGE_CURVE('',#2908,#2908,#898,.T.);
#3510=EDGE_CURVE('',#2908,#2909,#2261,.T.);
#3511=EDGE_CURVE('',#2909,#2909,#899,.T.);
#3512=EDGE_CURVE('',#2910,#2910,#900,.T.);
#3513=EDGE_CURVE('',#2910,#2911,#2262,.T.);
#3514=EDGE_CURVE('',#2911,#2911,#901,.T.);
#3515=EDGE_CURVE('',#2912,#2912,#902,.T.);
#3516=EDGE_CURVE('',#2912,#2913,#2263,.T.);
#3517=EDGE_CURVE('',#2913,#2913,#903,.T.);
#3518=EDGE_CURVE('',#2914,#2914,#904,.T.);
#3519=EDGE_CURVE('',#2914,#2915,#2264,.T.);
#3520=EDGE_CURVE('',#2915,#2915,#905,.T.);
#3521=EDGE_CURVE('',#2916,#2916,#906,.T.);
#3522=EDGE_CURVE('',#2916,#2917,#2265,.T.);
#3523=EDGE_CURVE('',#2917,#2917,#907,.T.);
#3524=EDGE_CURVE('',#2918,#2918,#908,.T.);
#3525=EDGE_CURVE('',#2918,#2919,#2266,.T.);
#3526=EDGE_CURVE('',#2919,#2919,#909,.T.);
#3527=EDGE_CURVE('',#2920,#2920,#910,.T.);
#3528=EDGE_CURVE('',#2920,#2921,#2267,.T.);
#3529=EDGE_CURVE('',#2921,#2921,#911,.T.);
#3530=EDGE_CURVE('',#2922,#2922,#912,.T.);
#3531=EDGE_CURVE('',#2922,#2923,#2268,.T.);
#3532=EDGE_CURVE('',#2923,#2923,#913,.T.);
#3533=EDGE_CURVE('',#2924,#2924,#914,.T.);
#3534=EDGE_CURVE('',#2924,#2925,#2269,.T.);
#3535=EDGE_CURVE('',#2925,#2925,#915,.T.);
#3536=EDGE_CURVE('',#2926,#2926,#916,.T.);
#3537=EDGE_CURVE('',#2926,#2927,#2270,.T.);
#3538=EDGE_CURVE('',#2927,#2927,#917,.T.);
#3539=EDGE_CURVE('',#2928,#2928,#918,.T.);
#3540=EDGE_CURVE('',#2928,#2929,#2271,.T.);
#3541=EDGE_CURVE('',#2929,#2929,#919,.T.);
#3542=EDGE_CURVE('',#2930,#2930,#920,.T.);
#3543=EDGE_CURVE('',#2930,#2931,#2272,.T.);
#3544=EDGE_CURVE('',#2931,#2931,#921,.T.);
#3545=EDGE_CURVE('',#2932,#2932,#922,.T.);
#3546=EDGE_CURVE('',#2932,#2933,#2273,.T.);
#3547=EDGE_CURVE('',#2933,#2933,#923,.T.);
#3548=EDGE_CURVE('',#2934,#2934,#924,.T.);
#3549=EDGE_CURVE('',#2934,#2935,#2274,.T.);
#3550=EDGE_CURVE('',#2935,#2935,#925,.T.);
#3551=EDGE_CURVE('',#2936,#2936,#926,.T.);
#3552=EDGE_CURVE('',#2936,#2937,#2275,.T.);
#3553=EDGE_CURVE('',#2937,#2937,#927,.T.);
#3554=EDGE_CURVE('',#2938,#2938,#928,.T.);
#3555=EDGE_CURVE('',#2938,#2939,#2276,.T.);
#3556=EDGE_CURVE('',#2939,#2939,#929,.T.);
#3557=EDGE_CURVE('',#2940,#2940,#930,.T.);
#3558=EDGE_CURVE('',#2940,#2941,#2277,.T.);
#3559=EDGE_CURVE('',#2941,#2941,#931,.T.);
#3560=EDGE_CURVE('',#2942,#2942,#932,.T.);
#3561=EDGE_CURVE('',#2942,#2943,#2278,.T.);
#3562=EDGE_CURVE('',#2943,#2943,#933,.T.);
#3563=EDGE_CURVE('',#2944,#2944,#934,.T.);
#3564=EDGE_CURVE('',#2944,#2945,#2279,.T.);
#3565=EDGE_CURVE('',#2945,#2945,#935,.T.);
#3566=EDGE_CURVE('',#2946,#2946,#936,.T.);
#3567=EDGE_CURVE('',#2946,#2947,#2280,.T.);
#3568=EDGE_CURVE('',#2947,#2947,#937,.T.);
#3569=EDGE_CURVE('',#2948,#2948,#938,.T.);
#3570=EDGE_CURVE('',#2948,#2949,#2281,.T.);
#3571=EDGE_CURVE('',#2949,#2949,#939,.T.);
#3572=EDGE_CURVE('',#2950,#2950,#940,.T.);
#3573=EDGE_CURVE('',#2950,#2951,#2282,.T.);
#3574=EDGE_CURVE('',#2951,#2951,#941,.T.);
#3575=EDGE_CURVE('',#2952,#2952,#942,.T.);
#3576=EDGE_CURVE('',#2952,#2953,#2283,.T.);
#3577=EDGE_CURVE('',#2953,#2953,#943,.T.);
#3578=EDGE_CURVE('',#2954,#2954,#944,.T.);
#3579=EDGE_CURVE('',#2954,#2955,#2284,.T.);
#3580=EDGE_CURVE('',#2955,#2955,#945,.T.);
#3581=EDGE_CURVE('',#2956,#2956,#946,.T.);
#3582=EDGE_CURVE('',#2956,#2957,#2285,.T.);
#3583=EDGE_CURVE('',#2957,#2957,#947,.T.);
#3584=EDGE_CURVE('',#2958,#2958,#948,.T.);
#3585=EDGE_CURVE('',#2958,#2959,#2286,.T.);
#3586=EDGE_CURVE('',#2959,#2959,#949,.T.);
#3587=EDGE_CURVE('',#2960,#2960,#950,.T.);
#3588=EDGE_CURVE('',#2960,#2961,#2287,.T.);
#3589=EDGE_CURVE('',#2961,#2961,#951,.T.);
#3590=EDGE_CURVE('',#2962,#2962,#952,.T.);
#3591=EDGE_CURVE('',#2962,#2963,#2288,.T.);
#3592=EDGE_CURVE('',#2963,#2963,#953,.T.);
#3593=EDGE_CURVE('',#2964,#2964,#954,.T.);
#3594=EDGE_CURVE('',#2964,#2965,#2289,.T.);
#3595=EDGE_CURVE('',#2965,#2965,#955,.T.);
#3596=EDGE_CURVE('',#2966,#2966,#956,.T.);
#3597=EDGE_CURVE('',#2966,#2967,#2290,.T.);
#3598=EDGE_CURVE('',#2967,#2967,#957,.T.);
#3599=EDGE_CURVE('',#2968,#2968,#958,.T.);
#3600=EDGE_CURVE('',#2968,#2969,#2291,.T.);
#3601=EDGE_CURVE('',#2969,#2969,#959,.T.);
#3602=EDGE_CURVE('',#2970,#2970,#960,.T.);
#3603=EDGE_CURVE('',#2970,#2971,#2292,.T.);
#3604=EDGE_CURVE('',#2971,#2971,#961,.T.);
#3605=EDGE_CURVE('',#2972,#2972,#962,.T.);
#3606=EDGE_CURVE('',#2972,#2973,#2293,.T.);
#3607=EDGE_CURVE('',#2973,#2973,#963,.T.);
#3608=EDGE_CURVE('',#2974,#2974,#964,.T.);
#3609=EDGE_CURVE('',#2974,#2975,#2294,.T.);
#3610=EDGE_CURVE('',#2975,#2975,#965,.T.);
#3611=EDGE_CURVE('',#2976,#2976,#966,.T.);
#3612=EDGE_CURVE('',#2976,#2977,#2295,.T.);
#3613=EDGE_CURVE('',#2977,#2977,#967,.T.);
#3614=EDGE_CURVE('',#2978,#2978,#968,.T.);
#3615=EDGE_CURVE('',#2978,#2979,#2296,.T.);
#3616=EDGE_CURVE('',#2979,#2979,#969,.T.);
#3617=EDGE_CURVE('',#2980,#2980,#970,.T.);
#3618=EDGE_CURVE('',#2980,#2981,#2297,.T.);
#3619=EDGE_CURVE('',#2981,#2981,#971,.T.);
#3620=EDGE_CURVE('',#2982,#2982,#972,.T.);
#3621=EDGE_CURVE('',#2982,#2983,#2298,.T.);
#3622=EDGE_CURVE('',#2983,#2983,#973,.T.);
#3623=EDGE_CURVE('',#2984,#2984,#974,.T.);
#3624=EDGE_CURVE('',#2984,#2985,#2299,.T.);
#3625=EDGE_CURVE('',#2985,#2985,#975,.T.);
#3626=EDGE_CURVE('',#2986,#2986,#976,.T.);
#3627=EDGE_CURVE('',#2986,#2987,#2300,.T.);
#3628=EDGE_CURVE('',#2987,#2987,#977,.T.);
#3629=EDGE_CURVE('',#2988,#2988,#978,.T.);
#3630=EDGE_CURVE('',#2988,#2989,#2301,.T.);
#3631=EDGE_CURVE('',#2989,#2989,#979,.T.);
#3632=EDGE_CURVE('',#2990,#2990,#980,.T.);
#3633=EDGE_CURVE('',#2990,#2991,#2302,.T.);
#3634=EDGE_CURVE('',#2991,#2991,#981,.T.);
#3635=EDGE_CURVE('',#2992,#2992,#982,.T.);
#3636=EDGE_CURVE('',#2992,#2993,#2303,.T.);
#3637=EDGE_CURVE('',#2993,#2993,#983,.T.);
#3638=EDGE_CURVE('',#2994,#2994,#984,.T.);
#3639=EDGE_CURVE('',#2994,#2995,#2304,.T.);
#3640=EDGE_CURVE('',#2995,#2995,#985,.T.);
#3641=EDGE_CURVE('',#2996,#2996,#986,.T.);
#3642=EDGE_CURVE('',#2996,#2997,#2305,.T.);
#3643=EDGE_CURVE('',#2997,#2997,#987,.T.);
#3644=EDGE_CURVE('',#2998,#2998,#988,.T.);
#3645=EDGE_CURVE('',#2998,#2999,#2306,.T.);
#3646=EDGE_CURVE('',#2999,#2999,#989,.T.);
#3647=EDGE_CURVE('',#3000,#3000,#990,.T.);
#3648=EDGE_CURVE('',#3000,#3001,#2307,.T.);
#3649=EDGE_CURVE('',#3001,#3001,#991,.T.);
#3650=EDGE_CURVE('',#3002,#3002,#992,.T.);
#3651=EDGE_CURVE('',#3002,#3003,#2308,.T.);
#3652=EDGE_CURVE('',#3003,#3003,#993,.T.);
#3653=EDGE_CURVE('',#3004,#3004,#994,.T.);
#3654=EDGE_CURVE('',#3004,#3005,#2309,.T.);
#3655=EDGE_CURVE('',#3005,#3005,#995,.T.);
#3656=EDGE_CURVE('',#3006,#3006,#996,.T.);
#3657=EDGE_CURVE('',#3006,#3007,#2310,.T.);
#3658=EDGE_CURVE('',#3007,#3007,#997,.T.);
#3659=EDGE_CURVE('',#3008,#3008,#998,.T.);
#3660=EDGE_CURVE('',#3008,#3009,#2311,.T.);
#3661=EDGE_CURVE('',#3009,#3009,#999,.T.);
#3662=EDGE_CURVE('',#3010,#3010,#1000,.T.);
#3663=EDGE_CURVE('',#3010,#3011,#2312,.T.);
#3664=EDGE_CURVE('',#3011,#3011,#1001,.T.);
#3665=EDGE_CURVE('',#3012,#3012,#1002,.T.);
#3666=EDGE_CURVE('',#3012,#3013,#2313,.T.);
#3667=EDGE_CURVE('',#3013,#3013,#1003,.T.);
#3668=EDGE_CURVE('',#3014,#3014,#1004,.T.);
#3669=EDGE_CURVE('',#3014,#3015,#2314,.T.);
#3670=EDGE_CURVE('',#3015,#3015,#1005,.T.);
#3671=EDGE_CURVE('',#3016,#3016,#1006,.T.);
#3672=EDGE_CURVE('',#3016,#3017,#2315,.T.);
#3673=EDGE_CURVE('',#3017,#3017,#1007,.T.);
#3674=EDGE_CURVE('',#3018,#3018,#1008,.T.);
#3675=EDGE_CURVE('',#3018,#3019,#2316,.T.);
#3676=EDGE_CURVE('',#3019,#3019,#1009,.T.);
#3677=EDGE_CURVE('',#3020,#3020,#1010,.T.);
#3678=EDGE_CURVE('',#3020,#3021,#2317,.T.);
#3679=EDGE_CURVE('',#3021,#3021,#1011,.T.);
#3680=EDGE_CURVE('',#3022,#3022,#1012,.T.);
#3681=EDGE_CURVE('',#3022,#3023,#2318,.T.);
#3682=EDGE_CURVE('',#3023,#3023,#1013,.T.);
#3683=EDGE_CURVE('',#3024,#3024,#1014,.T.);
#3684=EDGE_CURVE('',#3024,#3025,#2319,.T.);
#3685=EDGE_CURVE('',#3025,#3025,#1015,.T.);
#3686=EDGE_CURVE('',#3026,#3026,#1016,.T.);
#3687=EDGE_CURVE('',#3026,#3027,#2320,.T.);
#3688=EDGE_CURVE('',#3027,#3027,#1017,.T.);
#3689=EDGE_CURVE('',#3028,#3028,#1018,.T.);
#3690=EDGE_CURVE('',#3028,#3029,#2321,.T.);
#3691=EDGE_CURVE('',#3029,#3029,#1019,.T.);
#3692=EDGE_CURVE('',#3030,#3030,#1020,.T.);
#3693=EDGE_CURVE('',#3030,#3031,#2322,.T.);
#3694=EDGE_CURVE('',#3031,#3031,#1021,.T.);
#3695=EDGE_CURVE('',#3032,#3032,#1022,.T.);
#3696=EDGE_CURVE('',#3032,#3033,#2323,.T.);
#3697=EDGE_CURVE('',#3033,#3033,#1023,.T.);
#3698=EDGE_CURVE('',#3034,#3034,#1024,.T.);
#3699=EDGE_CURVE('',#3034,#3035,#2324,.T.);
#3700=EDGE_CURVE('',#3035,#3035,#1025,.T.);
#3701=EDGE_CURVE('',#3036,#3036,#1026,.T.);
#3702=EDGE_CURVE('',#3036,#3037,#2325,.T.);
#3703=EDGE_CURVE('',#3037,#3037,#1027,.T.);
#3704=EDGE_CURVE('',#3038,#3038,#1028,.T.);
#3705=EDGE_CURVE('',#3038,#3039,#2326,.T.);
#3706=EDGE_CURVE('',#3039,#3039,#1029,.T.);
#3707=EDGE_CURVE('',#3040,#3040,#1030,.T.);
#3708=EDGE_CURVE('',#3040,#3041,#2327,.T.);
#3709=EDGE_CURVE('',#3041,#3041,#1031,.T.);
#3710=EDGE_CURVE('',#3042,#3042,#1032,.T.);
#3711=EDGE_CURVE('',#3042,#3043,#2328,.T.);
#3712=EDGE_CURVE('',#3043,#3043,#1033,.T.);
#3713=EDGE_CURVE('',#3044,#3044,#1034,.T.);
#3714=EDGE_CURVE('',#3044,#3045,#2329,.T.);
#3715=EDGE_CURVE('',#3045,#3045,#1035,.T.);
#3716=EDGE_CURVE('',#3046,#3046,#1036,.T.);
#3717=EDGE_CURVE('',#3046,#3047,#2330,.T.);
#3718=EDGE_CURVE('',#3047,#3047,#1037,.T.);
#3719=EDGE_CURVE('',#3048,#3048,#1038,.T.);
#3720=EDGE_CURVE('',#3048,#3049,#2331,.T.);
#3721=EDGE_CURVE('',#3049,#3049,#1039,.T.);
#3722=EDGE_CURVE('',#3050,#3050,#1040,.T.);
#3723=EDGE_CURVE('',#3050,#3051,#2332,.T.);
#3724=EDGE_CURVE('',#3051,#3051,#1041,.T.);
#3725=EDGE_CURVE('',#3052,#3052,#1042,.T.);
#3726=EDGE_CURVE('',#3052,#3053,#2333,.T.);
#3727=EDGE_CURVE('',#3053,#3053,#1043,.T.);
#3728=EDGE_CURVE('',#3054,#3054,#1044,.T.);
#3729=EDGE_CURVE('',#3054,#3055,#2334,.T.);
#3730=EDGE_CURVE('',#3055,#3055,#1045,.T.);
#3731=EDGE_CURVE('',#3056,#3056,#1046,.T.);
#3732=EDGE_CURVE('',#3056,#3057,#2335,.T.);
#3733=EDGE_CURVE('',#3057,#3057,#1047,.T.);
#3734=EDGE_CURVE('',#3058,#3058,#1048,.T.);
#3735=EDGE_CURVE('',#3058,#3059,#2336,.T.);
#3736=EDGE_CURVE('',#3059,#3059,#1049,.T.);
#3737=EDGE_CURVE('',#3060,#3060,#1050,.T.);
#3738=EDGE_CURVE('',#3060,#3061,#2337,.T.);
#3739=EDGE_CURVE('',#3061,#3061,#1051,.T.);
#3740=EDGE_CURVE('',#3062,#3062,#1052,.T.);
#3741=EDGE_CURVE('',#3062,#3063,#2338,.T.);
#3742=EDGE_CURVE('',#3063,#3063,#1053,.T.);
#3743=EDGE_CURVE('',#3064,#3064,#1054,.T.);
#3744=EDGE_CURVE('',#3064,#3065,#2339,.T.);
#3745=EDGE_CURVE('',#3065,#3065,#1055,.T.);
#3746=EDGE_CURVE('',#3066,#3066,#1056,.T.);
#3747=EDGE_CURVE('',#3066,#3067,#2340,.T.);
#3748=EDGE_CURVE('',#3067,#3067,#1057,.T.);
#3749=EDGE_CURVE('',#3068,#3068,#1058,.T.);
#3750=EDGE_CURVE('',#3068,#3069,#2341,.T.);
#3751=EDGE_CURVE('',#3069,#3069,#1059,.T.);
#3752=EDGE_CURVE('',#3070,#3070,#1060,.T.);
#3753=EDGE_CURVE('',#3070,#3071,#2342,.T.);
#3754=EDGE_CURVE('',#3071,#3071,#1061,.T.);
#3755=EDGE_CURVE('',#3072,#3072,#1062,.T.);
#3756=EDGE_CURVE('',#3072,#3073,#2343,.T.);
#3757=EDGE_CURVE('',#3073,#3073,#1063,.T.);
#3758=EDGE_CURVE('',#3074,#3074,#1064,.T.);
#3759=EDGE_CURVE('',#3074,#3075,#2344,.T.);
#3760=EDGE_CURVE('',#3075,#3075,#1065,.T.);
#3761=EDGE_CURVE('',#3076,#3076,#1066,.T.);
#3762=EDGE_CURVE('',#3076,#3077,#2345,.T.);
#3763=EDGE_CURVE('',#3077,#3077,#1067,.T.);
#3764=EDGE_CURVE('',#3078,#3078,#1068,.T.);
#3765=EDGE_CURVE('',#3078,#3079,#2346,.T.);
#3766=EDGE_CURVE('',#3079,#3079,#1069,.T.);
#3767=EDGE_CURVE('',#3080,#3080,#1070,.T.);
#3768=EDGE_CURVE('',#3080,#3081,#2347,.T.);
#3769=EDGE_CURVE('',#3081,#3081,#1071,.T.);
#3770=EDGE_CURVE('',#3082,#3082,#1072,.T.);
#3771=EDGE_CURVE('',#3082,#3083,#2348,.T.);
#3772=EDGE_CURVE('',#3083,#3083,#1073,.T.);
#3773=EDGE_CURVE('',#3084,#3084,#1074,.T.);
#3774=EDGE_CURVE('',#3084,#3085,#2349,.T.);
#3775=EDGE_CURVE('',#3085,#3085,#1075,.T.);
#3776=EDGE_CURVE('',#3086,#3086,#1076,.T.);
#3777=EDGE_CURVE('',#3086,#3087,#2350,.T.);
#3778=EDGE_CURVE('',#3087,#3087,#1077,.T.);
#3779=EDGE_CURVE('',#3088,#3088,#1078,.T.);
#3780=EDGE_CURVE('',#3088,#3089,#2351,.T.);
#3781=EDGE_CURVE('',#3089,#3089,#1079,.T.);
#3782=EDGE_CURVE('',#3090,#3090,#1080,.T.);
#3783=EDGE_CURVE('',#3090,#3091,#2352,.T.);
#3784=EDGE_CURVE('',#3091,#3091,#1081,.T.);
#3785=EDGE_CURVE('',#3092,#3092,#1082,.T.);
#3786=EDGE_CURVE('',#3092,#3093,#2353,.T.);
#3787=EDGE_CURVE('',#3093,#3093,#1083,.T.);
#3788=EDGE_CURVE('',#3094,#3094,#1084,.T.);
#3789=EDGE_CURVE('',#3094,#3095,#2354,.T.);
#3790=EDGE_CURVE('',#3095,#3095,#1085,.T.);
#3791=EDGE_CURVE('',#3096,#3096,#1086,.T.);
#3792=EDGE_CURVE('',#3096,#3097,#2355,.T.);
#3793=EDGE_CURVE('',#3097,#3097,#1087,.T.);
#3794=EDGE_CURVE('',#3098,#3098,#1088,.T.);
#3795=EDGE_CURVE('',#3098,#3099,#2356,.T.);
#3796=EDGE_CURVE('',#3099,#3099,#1089,.T.);
#3797=EDGE_CURVE('',#3100,#3100,#1090,.T.);
#3798=EDGE_CURVE('',#3100,#3101,#2357,.T.);
#3799=EDGE_CURVE('',#3101,#3101,#1091,.T.);
#3800=EDGE_CURVE('',#3102,#3102,#1092,.T.);
#3801=EDGE_CURVE('',#3102,#3103,#2358,.T.);
#3802=EDGE_CURVE('',#3103,#3103,#1093,.T.);
#3803=EDGE_CURVE('',#3104,#3104,#1094,.T.);
#3804=EDGE_CURVE('',#3104,#3105,#2359,.T.);
#3805=EDGE_CURVE('',#3105,#3105,#1095,.T.);
#3806=EDGE_CURVE('',#3106,#3106,#1096,.T.);
#3807=EDGE_CURVE('',#3106,#3107,#2360,.T.);
#3808=EDGE_CURVE('',#3107,#3107,#1097,.T.);
#3809=EDGE_CURVE('',#3108,#3108,#1098,.T.);
#3810=EDGE_CURVE('',#3108,#3109,#2361,.T.);
#3811=EDGE_CURVE('',#3109,#3109,#1099,.T.);
#3812=EDGE_CURVE('',#3110,#3110,#1100,.T.);
#3813=EDGE_CURVE('',#3110,#3111,#2362,.T.);
#3814=EDGE_CURVE('',#3111,#3111,#1101,.T.);
#3815=EDGE_CURVE('',#3112,#3112,#1102,.T.);
#3816=EDGE_CURVE('',#3112,#3113,#2363,.T.);
#3817=EDGE_CURVE('',#3113,#3113,#1103,.T.);
#3818=EDGE_CURVE('',#3114,#3114,#1104,.T.);
#3819=EDGE_CURVE('',#3114,#3115,#2364,.T.);
#3820=EDGE_CURVE('',#3115,#3115,#1105,.T.);
#3821=EDGE_CURVE('',#3116,#3116,#1106,.T.);
#3822=EDGE_CURVE('',#3116,#3117,#2365,.T.);
#3823=EDGE_CURVE('',#3117,#3117,#1107,.T.);
#3824=EDGE_CURVE('',#3118,#3118,#1108,.T.);
#3825=EDGE_CURVE('',#3118,#3119,#2366,.T.);
#3826=EDGE_CURVE('',#3119,#3119,#1109,.T.);
#3827=EDGE_CURVE('',#3120,#3120,#1110,.T.);
#3828=EDGE_CURVE('',#3120,#3121,#2367,.T.);
#3829=EDGE_CURVE('',#3121,#3121,#1111,.T.);
#3830=EDGE_CURVE('',#3122,#3122,#1112,.T.);
#3831=EDGE_CURVE('',#3122,#3123,#2368,.T.);
#3832=EDGE_CURVE('',#3123,#3123,#1113,.T.);
#3833=EDGE_CURVE('',#3124,#3124,#1114,.T.);
#3834=EDGE_CURVE('',#3124,#3125,#2369,.T.);
#3835=EDGE_CURVE('',#3125,#3125,#1115,.T.);
#3836=EDGE_CURVE('',#3126,#3126,#1116,.T.);
#3837=EDGE_CURVE('',#3126,#3127,#2370,.T.);
#3838=EDGE_CURVE('',#3127,#3127,#1117,.T.);
#3839=EDGE_CURVE('',#3128,#3128,#1118,.T.);
#3840=EDGE_CURVE('',#3128,#3129,#2371,.T.);
#3841=EDGE_CURVE('',#3129,#3129,#1119,.T.);
#3842=EDGE_CURVE('',#3130,#3130,#1120,.T.);
#3843=EDGE_CURVE('',#3130,#3131,#2372,.T.);
#3844=EDGE_CURVE('',#3131,#3131,#1121,.T.);
#3845=EDGE_CURVE('',#3132,#3132,#1122,.T.);
#3846=EDGE_CURVE('',#3132,#3133,#2373,.T.);
#3847=EDGE_CURVE('',#3133,#3133,#1123,.T.);
#3848=EDGE_CURVE('',#3134,#3134,#1124,.T.);
#3849=EDGE_CURVE('',#3134,#3135,#2374,.T.);
#3850=EDGE_CURVE('',#3135,#3135,#1125,.T.);
#3851=EDGE_CURVE('',#3136,#3136,#1126,.T.);
#3852=EDGE_CURVE('',#3136,#3137,#2375,.T.);
#3853=EDGE_CURVE('',#3137,#3137,#1127,.T.);
#3854=EDGE_CURVE('',#3138,#3138,#1128,.T.);
#3855=EDGE_CURVE('',#3138,#3139,#2376,.T.);
#3856=EDGE_CURVE('',#3139,#3139,#1129,.T.);
#3857=EDGE_CURVE('',#3140,#3140,#1130,.T.);
#3858=EDGE_CURVE('',#3140,#3141,#2377,.T.);
#3859=EDGE_CURVE('',#3141,#3141,#1131,.T.);
#3860=EDGE_CURVE('',#3142,#3142,#1132,.T.);
#3861=EDGE_CURVE('',#3142,#3143,#2378,.T.);
#3862=EDGE_CURVE('',#3143,#3143,#1133,.T.);
#3863=EDGE_CURVE('',#3144,#3144,#1134,.T.);
#3864=EDGE_CURVE('',#3144,#3145,#2379,.T.);
#3865=EDGE_CURVE('',#3145,#3145,#1135,.T.);
#3866=EDGE_CURVE('',#3146,#3146,#1136,.T.);
#3867=EDGE_CURVE('',#3146,#3147,#2380,.T.);
#3868=EDGE_CURVE('',#3147,#3147,#1137,.T.);
#3869=EDGE_CURVE('',#3148,#3148,#1138,.T.);
#3870=EDGE_CURVE('',#3148,#3149,#2381,.T.);
#3871=EDGE_CURVE('',#3149,#3149,#1139,.T.);
#3872=EDGE_CURVE('',#3150,#3150,#1140,.T.);
#3873=EDGE_CURVE('',#3150,#3151,#2382,.T.);
#3874=EDGE_CURVE('',#3151,#3151,#1141,.T.);
#3875=EDGE_CURVE('',#3152,#3152,#1142,.T.);
#3876=EDGE_CURVE('',#3152,#3153,#2383,.T.);
#3877=EDGE_CURVE('',#3153,#3153,#1143,.T.);
#3878=EDGE_CURVE('',#3154,#3154,#1144,.T.);
#3879=EDGE_CURVE('',#3154,#3155,#2384,.T.);
#3880=EDGE_CURVE('',#3155,#3155,#1145,.T.);
#3881=EDGE_CURVE('',#3156,#3156,#1146,.T.);
#3882=EDGE_CURVE('',#3156,#3157,#2385,.T.);
#3883=EDGE_CURVE('',#3157,#3157,#1147,.T.);
#3884=EDGE_CURVE('',#3158,#3158,#1148,.T.);
#3885=EDGE_CURVE('',#3158,#3159,#2386,.T.);
#3886=EDGE_CURVE('',#3159,#3159,#1149,.T.);
#3887=EDGE_CURVE('',#3160,#3160,#1150,.T.);
#3888=EDGE_CURVE('',#3160,#3161,#2387,.T.);
#3889=EDGE_CURVE('',#3161,#3161,#1151,.T.);
#3890=EDGE_CURVE('',#3162,#3162,#1152,.T.);
#3891=EDGE_CURVE('',#3162,#3163,#2388,.T.);
#3892=EDGE_CURVE('',#3163,#3163,#1153,.T.);
#3893=EDGE_CURVE('',#3164,#3164,#1154,.T.);
#3894=EDGE_CURVE('',#3164,#3165,#2389,.T.);
#3895=EDGE_CURVE('',#3165,#3165,#1155,.T.);
#3896=EDGE_CURVE('',#3166,#3166,#1156,.T.);
#3897=EDGE_CURVE('',#3166,#3167,#2390,.T.);
#3898=EDGE_CURVE('',#3167,#3167,#1157,.T.);
#3899=EDGE_CURVE('',#3168,#3168,#1158,.T.);
#3900=EDGE_CURVE('',#3168,#3169,#2391,.T.);
#3901=EDGE_CURVE('',#3169,#3169,#1159,.T.);
#3902=EDGE_CURVE('',#3170,#3170,#1160,.T.);
#3903=EDGE_CURVE('',#3170,#3171,#2392,.T.);
#3904=EDGE_CURVE('',#3171,#3171,#1161,.T.);
#3905=EDGE_CURVE('',#3172,#3172,#1162,.T.);
#3906=EDGE_CURVE('',#3172,#3173,#2393,.T.);
#3907=EDGE_CURVE('',#3173,#3173,#1163,.T.);
#3908=EDGE_CURVE('',#3174,#3174,#1164,.T.);
#3909=EDGE_CURVE('',#3174,#3175,#2394,.T.);
#3910=EDGE_CURVE('',#3175,#3175,#1165,.T.);
#3911=EDGE_CURVE('',#3176,#3177,#2395,.T.);
#3912=EDGE_CURVE('',#3176,#3178,#2396,.T.);
#3913=EDGE_CURVE('',#3179,#3178,#2397,.T.);
#3914=EDGE_CURVE('',#3177,#3179,#2398,.T.);
#3915=EDGE_CURVE('',#3177,#3180,#2399,.T.);
#3916=EDGE_CURVE('',#3181,#3179,#2400,.T.);
#3917=EDGE_CURVE('',#3180,#3181,#2401,.T.);
#3918=EDGE_CURVE('',#3180,#3182,#2402,.T.);
#3919=EDGE_CURVE('',#3183,#3181,#2403,.T.);
#3920=EDGE_CURVE('',#3182,#3183,#2404,.T.);
#3921=EDGE_CURVE('',#3182,#3176,#2405,.T.);
#3922=EDGE_CURVE('',#3178,#3183,#2406,.T.);
#3923=ORIENTED_EDGE('',*,*,#3184,.T.);
#3924=ORIENTED_EDGE('',*,*,#3185,.F.);
#3925=ORIENTED_EDGE('',*,*,#3186,.T.);
#3926=ORIENTED_EDGE('',*,*,#3187,.F.);
#3927=ORIENTED_EDGE('',*,*,#3188,.T.);
#3928=ORIENTED_EDGE('',*,*,#3189,.T.);
#3929=ORIENTED_EDGE('',*,*,#3190,.T.);
#3930=ORIENTED_EDGE('',*,*,#3185,.T.);
#3931=ORIENTED_EDGE('',*,*,#3189,.F.);
#3932=ORIENTED_EDGE('',*,*,#3191,.F.);
#3933=ORIENTED_EDGE('',*,*,#3192,.F.);
#3934=ORIENTED_EDGE('',*,*,#3193,.T.);
#3935=ORIENTED_EDGE('',*,*,#3194,.F.);
#3936=ORIENTED_EDGE('',*,*,#3190,.F.);
#3937=ORIENTED_EDGE('',*,*,#3193,.F.);
#3938=ORIENTED_EDGE('',*,*,#3195,.F.);
#3939=ORIENTED_EDGE('',*,*,#3196,.T.);
#3940=ORIENTED_EDGE('',*,*,#3197,.T.);
#3941=ORIENTED_EDGE('',*,*,#3198,.F.);
#3942=ORIENTED_EDGE('',*,*,#3199,.F.);
#3943=ORIENTED_EDGE('',*,*,#3186,.F.);
#3944=ORIENTED_EDGE('',*,*,#3188,.F.);
#3945=ORIENTED_EDGE('',*,*,#3184,.F.);
#3946=ORIENTED_EDGE('',*,*,#3200,.F.);
#3947=ORIENTED_EDGE('',*,*,#3201,.T.);
#3948=ORIENTED_EDGE('',*,*,#3202,.T.);
#3949=ORIENTED_EDGE('',*,*,#3203,.F.);
#3950=ORIENTED_EDGE('',*,*,#3204,.F.);
#3951=ORIENTED_EDGE('',*,*,#3191,.T.);
#3952=ORIENTED_EDGE('',*,*,#3205,.F.);
#3953=ORIENTED_EDGE('',*,*,#3203,.T.);
#3954=ORIENTED_EDGE('',*,*,#3206,.T.);
#3955=ORIENTED_EDGE('',*,*,#3196,.F.);
#3956=ORIENTED_EDGE('',*,*,#3207,.F.);
#3957=ORIENTED_EDGE('',*,*,#3206,.F.);
#3958=ORIENTED_EDGE('',*,*,#3202,.F.);
#3959=ORIENTED_EDGE('',*,*,#3208,.F.);
#3960=ORIENTED_EDGE('',*,*,#3197,.F.);
#3961=ORIENTED_EDGE('',*,*,#3205,.T.);
#3962=ORIENTED_EDGE('',*,*,#3195,.T.);
#3963=ORIENTED_EDGE('',*,*,#3192,.T.);
#3964=ORIENTED_EDGE('',*,*,#3204,.T.);
#3965=ORIENTED_EDGE('',*,*,#3194,.T.);
#3966=ORIENTED_EDGE('',*,*,#3209,.T.);
#3967=ORIENTED_EDGE('',*,*,#3210,.F.);
#3968=ORIENTED_EDGE('',*,*,#3209,.F.);
#3969=ORIENTED_EDGE('',*,*,#3207,.T.);
#3970=ORIENTED_EDGE('',*,*,#3211,.T.);
#3971=ORIENTED_EDGE('',*,*,#3212,.F.);
#3972=ORIENTED_EDGE('',*,*,#3211,.F.);
#3973=ORIENTED_EDGE('',*,*,#3208,.T.);
#3974=ORIENTED_EDGE('',*,*,#3201,.F.);
#3975=ORIENTED_EDGE('',*,*,#3213,.F.);
#3976=ORIENTED_EDGE('',*,*,#3198,.T.);
#3977=ORIENTED_EDGE('',*,*,#3199,.T.);
#3978=ORIENTED_EDGE('',*,*,#3214,.F.);
#3979=ORIENTED_EDGE('',*,*,#3215,.T.);
#3980=ORIENTED_EDGE('',*,*,#3216,.T.);
#3981=ORIENTED_EDGE('',*,*,#3217,.T.);
#3982=ORIENTED_EDGE('',*,*,#3218,.F.);
#3983=ORIENTED_EDGE('',*,*,#3200,.T.);
#3984=ORIENTED_EDGE('',*,*,#3187,.T.);
#3985=ORIENTED_EDGE('',*,*,#3219,.F.);
#3986=ORIENTED_EDGE('',*,*,#3216,.F.);
#3987=ORIENTED_EDGE('',*,*,#3220,.F.);
#3988=ORIENTED_EDGE('',*,*,#3221,.T.);
#3989=ORIENTED_EDGE('',*,*,#3222,.F.);
#3990=ORIENTED_EDGE('',*,*,#3221,.F.);
#3991=ORIENTED_EDGE('',*,*,#3223,.F.);
#3992=ORIENTED_EDGE('',*,*,#3224,.F.);
#3993=ORIENTED_EDGE('',*,*,#3224,.T.);
#3994=ORIENTED_EDGE('',*,*,#3225,.F.);
#3995=ORIENTED_EDGE('',*,*,#3226,.T.);
#3996=ORIENTED_EDGE('',*,*,#3227,.T.);
#3997=ORIENTED_EDGE('',*,*,#3210,.T.);
#3998=ORIENTED_EDGE('',*,*,#3223,.T.);
#3999=ORIENTED_EDGE('',*,*,#3220,.T.);
#4000=ORIENTED_EDGE('',*,*,#3215,.F.);
#4001=ORIENTED_EDGE('',*,*,#3228,.F.);
#4002=ORIENTED_EDGE('',*,*,#3229,.F.);
#4003=ORIENTED_EDGE('',*,*,#3230,.T.);
#4004=ORIENTED_EDGE('',*,*,#3225,.T.);
#4005=ORIENTED_EDGE('',*,*,#3222,.T.);
#4006=ORIENTED_EDGE('',*,*,#3227,.F.);
#4007=ORIENTED_EDGE('',*,*,#3231,.T.);
#4008=ORIENTED_EDGE('',*,*,#3232,.T.);
#4009=ORIENTED_EDGE('',*,*,#3233,.F.);
#4010=ORIENTED_EDGE('',*,*,#3217,.F.);
#4011=ORIENTED_EDGE('',*,*,#3219,.T.);
#4012=ORIENTED_EDGE('',*,*,#3234,.T.);
#4013=ORIENTED_EDGE('',*,*,#3229,.T.);
#4014=ORIENTED_EDGE('',*,*,#3235,.F.);
#4015=ORIENTED_EDGE('',*,*,#3232,.F.);
#4016=ORIENTED_EDGE('',*,*,#3212,.T.);
#4017=ORIENTED_EDGE('',*,*,#3214,.T.);
#4018=ORIENTED_EDGE('',*,*,#3213,.T.);
#4019=ORIENTED_EDGE('',*,*,#3218,.T.);
#4020=ORIENTED_EDGE('',*,*,#3233,.T.);
#4021=ORIENTED_EDGE('',*,*,#3235,.T.);
#4022=ORIENTED_EDGE('',*,*,#3228,.T.);
#4023=ORIENTED_EDGE('',*,*,#3234,.F.);
#4024=ORIENTED_EDGE('',*,*,#3231,.F.);
#4025=ORIENTED_EDGE('',*,*,#3226,.F.);
#4026=ORIENTED_EDGE('',*,*,#3230,.F.);
#4027=ORIENTED_EDGE('',*,*,#3236,.F.);
#4028=ORIENTED_EDGE('',*,*,#3237,.T.);
#4029=ORIENTED_EDGE('',*,*,#3238,.F.);
#4030=ORIENTED_EDGE('',*,*,#3237,.F.);
#4031=ORIENTED_EDGE('',*,*,#3239,.F.);
#4032=ORIENTED_EDGE('',*,*,#3240,.T.);
#4033=ORIENTED_EDGE('',*,*,#3241,.F.);
#4034=ORIENTED_EDGE('',*,*,#3240,.F.);
#4035=ORIENTED_EDGE('',*,*,#3242,.F.);
#4036=ORIENTED_EDGE('',*,*,#3243,.T.);
#4037=ORIENTED_EDGE('',*,*,#3244,.F.);
#4038=ORIENTED_EDGE('',*,*,#3243,.F.);
#4039=ORIENTED_EDGE('',*,*,#3245,.F.);
#4040=ORIENTED_EDGE('',*,*,#3246,.T.);
#4041=ORIENTED_EDGE('',*,*,#3247,.F.);
#4042=ORIENTED_EDGE('',*,*,#3246,.F.);
#4043=ORIENTED_EDGE('',*,*,#3248,.F.);
#4044=ORIENTED_EDGE('',*,*,#3249,.T.);
#4045=ORIENTED_EDGE('',*,*,#3250,.F.);
#4046=ORIENTED_EDGE('',*,*,#3249,.F.);
#4047=ORIENTED_EDGE('',*,*,#3251,.F.);
#4048=ORIENTED_EDGE('',*,*,#3252,.T.);
#4049=ORIENTED_EDGE('',*,*,#3253,.F.);
#4050=ORIENTED_EDGE('',*,*,#3252,.F.);
#4051=ORIENTED_EDGE('',*,*,#3254,.F.);
#4052=ORIENTED_EDGE('',*,*,#3255,.T.);
#4053=ORIENTED_EDGE('',*,*,#3256,.F.);
#4054=ORIENTED_EDGE('',*,*,#3255,.F.);
#4055=ORIENTED_EDGE('',*,*,#3257,.F.);
#4056=ORIENTED_EDGE('',*,*,#3258,.T.);
#4057=ORIENTED_EDGE('',*,*,#3259,.F.);
#4058=ORIENTED_EDGE('',*,*,#3258,.F.);
#4059=ORIENTED_EDGE('',*,*,#3260,.F.);
#4060=ORIENTED_EDGE('',*,*,#3261,.T.);
#4061=ORIENTED_EDGE('',*,*,#3262,.F.);
#4062=ORIENTED_EDGE('',*,*,#3261,.F.);
#4063=ORIENTED_EDGE('',*,*,#3263,.F.);
#4064=ORIENTED_EDGE('',*,*,#3264,.T.);
#4065=ORIENTED_EDGE('',*,*,#3265,.F.);
#4066=ORIENTED_EDGE('',*,*,#3264,.F.);
#4067=ORIENTED_EDGE('',*,*,#3266,.F.);
#4068=ORIENTED_EDGE('',*,*,#3267,.T.);
#4069=ORIENTED_EDGE('',*,*,#3268,.F.);
#4070=ORIENTED_EDGE('',*,*,#3267,.F.);
#4071=ORIENTED_EDGE('',*,*,#3269,.F.);
#4072=ORIENTED_EDGE('',*,*,#3270,.T.);
#4073=ORIENTED_EDGE('',*,*,#3271,.F.);
#4074=ORIENTED_EDGE('',*,*,#3270,.F.);
#4075=ORIENTED_EDGE('',*,*,#3272,.F.);
#4076=ORIENTED_EDGE('',*,*,#3273,.T.);
#4077=ORIENTED_EDGE('',*,*,#3274,.F.);
#4078=ORIENTED_EDGE('',*,*,#3273,.F.);
#4079=ORIENTED_EDGE('',*,*,#3275,.F.);
#4080=ORIENTED_EDGE('',*,*,#3276,.T.);
#4081=ORIENTED_EDGE('',*,*,#3277,.F.);
#4082=ORIENTED_EDGE('',*,*,#3276,.F.);
#4083=ORIENTED_EDGE('',*,*,#3278,.F.);
#4084=ORIENTED_EDGE('',*,*,#3279,.T.);
#4085=ORIENTED_EDGE('',*,*,#3280,.F.);
#4086=ORIENTED_EDGE('',*,*,#3279,.F.);
#4087=ORIENTED_EDGE('',*,*,#3281,.F.);
#4088=ORIENTED_EDGE('',*,*,#3282,.T.);
#4089=ORIENTED_EDGE('',*,*,#3283,.F.);
#4090=ORIENTED_EDGE('',*,*,#3282,.F.);
#4091=ORIENTED_EDGE('',*,*,#3284,.F.);
#4092=ORIENTED_EDGE('',*,*,#3285,.T.);
#4093=ORIENTED_EDGE('',*,*,#3286,.F.);
#4094=ORIENTED_EDGE('',*,*,#3285,.F.);
#4095=ORIENTED_EDGE('',*,*,#3287,.F.);
#4096=ORIENTED_EDGE('',*,*,#3288,.T.);
#4097=ORIENTED_EDGE('',*,*,#3289,.F.);
#4098=ORIENTED_EDGE('',*,*,#3288,.F.);
#4099=ORIENTED_EDGE('',*,*,#3290,.F.);
#4100=ORIENTED_EDGE('',*,*,#3291,.T.);
#4101=ORIENTED_EDGE('',*,*,#3292,.F.);
#4102=ORIENTED_EDGE('',*,*,#3291,.F.);
#4103=ORIENTED_EDGE('',*,*,#3293,.F.);
#4104=ORIENTED_EDGE('',*,*,#3294,.T.);
#4105=ORIENTED_EDGE('',*,*,#3295,.F.);
#4106=ORIENTED_EDGE('',*,*,#3294,.F.);
#4107=ORIENTED_EDGE('',*,*,#3296,.F.);
#4108=ORIENTED_EDGE('',*,*,#3297,.T.);
#4109=ORIENTED_EDGE('',*,*,#3298,.F.);
#4110=ORIENTED_EDGE('',*,*,#3297,.F.);
#4111=ORIENTED_EDGE('',*,*,#3299,.F.);
#4112=ORIENTED_EDGE('',*,*,#3300,.T.);
#4113=ORIENTED_EDGE('',*,*,#3301,.F.);
#4114=ORIENTED_EDGE('',*,*,#3300,.F.);
#4115=ORIENTED_EDGE('',*,*,#3302,.F.);
#4116=ORIENTED_EDGE('',*,*,#3303,.T.);
#4117=ORIENTED_EDGE('',*,*,#3304,.F.);
#4118=ORIENTED_EDGE('',*,*,#3303,.F.);
#4119=ORIENTED_EDGE('',*,*,#3305,.F.);
#4120=ORIENTED_EDGE('',*,*,#3306,.T.);
#4121=ORIENTED_EDGE('',*,*,#3307,.F.);
#4122=ORIENTED_EDGE('',*,*,#3306,.F.);
#4123=ORIENTED_EDGE('',*,*,#3308,.F.);
#4124=ORIENTED_EDGE('',*,*,#3309,.T.);
#4125=ORIENTED_EDGE('',*,*,#3310,.F.);
#4126=ORIENTED_EDGE('',*,*,#3309,.F.);
#4127=ORIENTED_EDGE('',*,*,#3311,.F.);
#4128=ORIENTED_EDGE('',*,*,#3312,.T.);
#4129=ORIENTED_EDGE('',*,*,#3313,.F.);
#4130=ORIENTED_EDGE('',*,*,#3312,.F.);
#4131=ORIENTED_EDGE('',*,*,#3314,.F.);
#4132=ORIENTED_EDGE('',*,*,#3315,.T.);
#4133=ORIENTED_EDGE('',*,*,#3316,.F.);
#4134=ORIENTED_EDGE('',*,*,#3315,.F.);
#4135=ORIENTED_EDGE('',*,*,#3317,.F.);
#4136=ORIENTED_EDGE('',*,*,#3318,.T.);
#4137=ORIENTED_EDGE('',*,*,#3319,.F.);
#4138=ORIENTED_EDGE('',*,*,#3318,.F.);
#4139=ORIENTED_EDGE('',*,*,#3320,.F.);
#4140=ORIENTED_EDGE('',*,*,#3321,.T.);
#4141=ORIENTED_EDGE('',*,*,#3322,.F.);
#4142=ORIENTED_EDGE('',*,*,#3321,.F.);
#4143=ORIENTED_EDGE('',*,*,#3323,.F.);
#4144=ORIENTED_EDGE('',*,*,#3324,.T.);
#4145=ORIENTED_EDGE('',*,*,#3325,.F.);
#4146=ORIENTED_EDGE('',*,*,#3324,.F.);
#4147=ORIENTED_EDGE('',*,*,#3326,.F.);
#4148=ORIENTED_EDGE('',*,*,#3327,.T.);
#4149=ORIENTED_EDGE('',*,*,#3328,.F.);
#4150=ORIENTED_EDGE('',*,*,#3327,.F.);
#4151=ORIENTED_EDGE('',*,*,#3329,.F.);
#4152=ORIENTED_EDGE('',*,*,#3330,.T.);
#4153=ORIENTED_EDGE('',*,*,#3331,.F.);
#4154=ORIENTED_EDGE('',*,*,#3330,.F.);
#4155=ORIENTED_EDGE('',*,*,#3332,.F.);
#4156=ORIENTED_EDGE('',*,*,#3333,.T.);
#4157=ORIENTED_EDGE('',*,*,#3334,.F.);
#4158=ORIENTED_EDGE('',*,*,#3333,.F.);
#4159=ORIENTED_EDGE('',*,*,#3335,.F.);
#4160=ORIENTED_EDGE('',*,*,#3336,.T.);
#4161=ORIENTED_EDGE('',*,*,#3337,.F.);
#4162=ORIENTED_EDGE('',*,*,#3336,.F.);
#4163=ORIENTED_EDGE('',*,*,#3338,.F.);
#4164=ORIENTED_EDGE('',*,*,#3339,.T.);
#4165=ORIENTED_EDGE('',*,*,#3340,.F.);
#4166=ORIENTED_EDGE('',*,*,#3339,.F.);
#4167=ORIENTED_EDGE('',*,*,#3341,.F.);
#4168=ORIENTED_EDGE('',*,*,#3342,.T.);
#4169=ORIENTED_EDGE('',*,*,#3343,.F.);
#4170=ORIENTED_EDGE('',*,*,#3342,.F.);
#4171=ORIENTED_EDGE('',*,*,#3344,.F.);
#4172=ORIENTED_EDGE('',*,*,#3345,.T.);
#4173=ORIENTED_EDGE('',*,*,#3346,.F.);
#4174=ORIENTED_EDGE('',*,*,#3345,.F.);
#4175=ORIENTED_EDGE('',*,*,#3347,.F.);
#4176=ORIENTED_EDGE('',*,*,#3348,.T.);
#4177=ORIENTED_EDGE('',*,*,#3349,.F.);
#4178=ORIENTED_EDGE('',*,*,#3348,.F.);
#4179=ORIENTED_EDGE('',*,*,#3350,.F.);
#4180=ORIENTED_EDGE('',*,*,#3351,.T.);
#4181=ORIENTED_EDGE('',*,*,#3352,.F.);
#4182=ORIENTED_EDGE('',*,*,#3351,.F.);
#4183=ORIENTED_EDGE('',*,*,#3353,.F.);
#4184=ORIENTED_EDGE('',*,*,#3354,.T.);
#4185=ORIENTED_EDGE('',*,*,#3355,.F.);
#4186=ORIENTED_EDGE('',*,*,#3354,.F.);
#4187=ORIENTED_EDGE('',*,*,#3356,.F.);
#4188=ORIENTED_EDGE('',*,*,#3357,.T.);
#4189=ORIENTED_EDGE('',*,*,#3358,.F.);
#4190=ORIENTED_EDGE('',*,*,#3357,.F.);
#4191=ORIENTED_EDGE('',*,*,#3359,.F.);
#4192=ORIENTED_EDGE('',*,*,#3360,.T.);
#4193=ORIENTED_EDGE('',*,*,#3361,.F.);
#4194=ORIENTED_EDGE('',*,*,#3360,.F.);
#4195=ORIENTED_EDGE('',*,*,#3362,.F.);
#4196=ORIENTED_EDGE('',*,*,#3363,.T.);
#4197=ORIENTED_EDGE('',*,*,#3364,.F.);
#4198=ORIENTED_EDGE('',*,*,#3363,.F.);
#4199=ORIENTED_EDGE('',*,*,#3365,.F.);
#4200=ORIENTED_EDGE('',*,*,#3366,.T.);
#4201=ORIENTED_EDGE('',*,*,#3367,.F.);
#4202=ORIENTED_EDGE('',*,*,#3366,.F.);
#4203=ORIENTED_EDGE('',*,*,#3368,.F.);
#4204=ORIENTED_EDGE('',*,*,#3369,.T.);
#4205=ORIENTED_EDGE('',*,*,#3370,.F.);
#4206=ORIENTED_EDGE('',*,*,#3369,.F.);
#4207=ORIENTED_EDGE('',*,*,#3371,.F.);
#4208=ORIENTED_EDGE('',*,*,#3372,.T.);
#4209=ORIENTED_EDGE('',*,*,#3373,.F.);
#4210=ORIENTED_EDGE('',*,*,#3372,.F.);
#4211=ORIENTED_EDGE('',*,*,#3374,.F.);
#4212=ORIENTED_EDGE('',*,*,#3375,.T.);
#4213=ORIENTED_EDGE('',*,*,#3376,.F.);
#4214=ORIENTED_EDGE('',*,*,#3375,.F.);
#4215=ORIENTED_EDGE('',*,*,#3377,.F.);
#4216=ORIENTED_EDGE('',*,*,#3378,.T.);
#4217=ORIENTED_EDGE('',*,*,#3379,.F.);
#4218=ORIENTED_EDGE('',*,*,#3378,.F.);
#4219=ORIENTED_EDGE('',*,*,#3380,.F.);
#4220=ORIENTED_EDGE('',*,*,#3381,.T.);
#4221=ORIENTED_EDGE('',*,*,#3382,.F.);
#4222=ORIENTED_EDGE('',*,*,#3381,.F.);
#4223=ORIENTED_EDGE('',*,*,#3383,.F.);
#4224=ORIENTED_EDGE('',*,*,#3384,.T.);
#4225=ORIENTED_EDGE('',*,*,#3385,.F.);
#4226=ORIENTED_EDGE('',*,*,#3384,.F.);
#4227=ORIENTED_EDGE('',*,*,#3386,.F.);
#4228=ORIENTED_EDGE('',*,*,#3387,.T.);
#4229=ORIENTED_EDGE('',*,*,#3388,.F.);
#4230=ORIENTED_EDGE('',*,*,#3387,.F.);
#4231=ORIENTED_EDGE('',*,*,#3389,.F.);
#4232=ORIENTED_EDGE('',*,*,#3390,.T.);
#4233=ORIENTED_EDGE('',*,*,#3391,.F.);
#4234=ORIENTED_EDGE('',*,*,#3390,.F.);
#4235=ORIENTED_EDGE('',*,*,#3392,.F.);
#4236=ORIENTED_EDGE('',*,*,#3393,.T.);
#4237=ORIENTED_EDGE('',*,*,#3394,.F.);
#4238=ORIENTED_EDGE('',*,*,#3393,.F.);
#4239=ORIENTED_EDGE('',*,*,#3395,.F.);
#4240=ORIENTED_EDGE('',*,*,#3396,.T.);
#4241=ORIENTED_EDGE('',*,*,#3397,.F.);
#4242=ORIENTED_EDGE('',*,*,#3396,.F.);
#4243=ORIENTED_EDGE('',*,*,#3398,.F.);
#4244=ORIENTED_EDGE('',*,*,#3399,.T.);
#4245=ORIENTED_EDGE('',*,*,#3400,.F.);
#4246=ORIENTED_EDGE('',*,*,#3399,.F.);
#4247=ORIENTED_EDGE('',*,*,#3401,.F.);
#4248=ORIENTED_EDGE('',*,*,#3402,.T.);
#4249=ORIENTED_EDGE('',*,*,#3403,.F.);
#4250=ORIENTED_EDGE('',*,*,#3402,.F.);
#4251=ORIENTED_EDGE('',*,*,#3404,.F.);
#4252=ORIENTED_EDGE('',*,*,#3405,.T.);
#4253=ORIENTED_EDGE('',*,*,#3406,.F.);
#4254=ORIENTED_EDGE('',*,*,#3405,.F.);
#4255=ORIENTED_EDGE('',*,*,#3407,.F.);
#4256=ORIENTED_EDGE('',*,*,#3408,.T.);
#4257=ORIENTED_EDGE('',*,*,#3409,.F.);
#4258=ORIENTED_EDGE('',*,*,#3408,.F.);
#4259=ORIENTED_EDGE('',*,*,#3410,.F.);
#4260=ORIENTED_EDGE('',*,*,#3411,.T.);
#4261=ORIENTED_EDGE('',*,*,#3412,.F.);
#4262=ORIENTED_EDGE('',*,*,#3411,.F.);
#4263=ORIENTED_EDGE('',*,*,#3413,.F.);
#4264=ORIENTED_EDGE('',*,*,#3414,.T.);
#4265=ORIENTED_EDGE('',*,*,#3415,.F.);
#4266=ORIENTED_EDGE('',*,*,#3414,.F.);
#4267=ORIENTED_EDGE('',*,*,#3416,.F.);
#4268=ORIENTED_EDGE('',*,*,#3417,.T.);
#4269=ORIENTED_EDGE('',*,*,#3418,.F.);
#4270=ORIENTED_EDGE('',*,*,#3417,.F.);
#4271=ORIENTED_EDGE('',*,*,#3419,.F.);
#4272=ORIENTED_EDGE('',*,*,#3420,.T.);
#4273=ORIENTED_EDGE('',*,*,#3421,.F.);
#4274=ORIENTED_EDGE('',*,*,#3420,.F.);
#4275=ORIENTED_EDGE('',*,*,#3422,.F.);
#4276=ORIENTED_EDGE('',*,*,#3423,.T.);
#4277=ORIENTED_EDGE('',*,*,#3424,.F.);
#4278=ORIENTED_EDGE('',*,*,#3423,.F.);
#4279=ORIENTED_EDGE('',*,*,#3425,.F.);
#4280=ORIENTED_EDGE('',*,*,#3426,.T.);
#4281=ORIENTED_EDGE('',*,*,#3427,.F.);
#4282=ORIENTED_EDGE('',*,*,#3426,.F.);
#4283=ORIENTED_EDGE('',*,*,#3428,.F.);
#4284=ORIENTED_EDGE('',*,*,#3429,.T.);
#4285=ORIENTED_EDGE('',*,*,#3430,.F.);
#4286=ORIENTED_EDGE('',*,*,#3429,.F.);
#4287=ORIENTED_EDGE('',*,*,#3431,.F.);
#4288=ORIENTED_EDGE('',*,*,#3432,.T.);
#4289=ORIENTED_EDGE('',*,*,#3433,.F.);
#4290=ORIENTED_EDGE('',*,*,#3432,.F.);
#4291=ORIENTED_EDGE('',*,*,#3434,.F.);
#4292=ORIENTED_EDGE('',*,*,#3435,.T.);
#4293=ORIENTED_EDGE('',*,*,#3436,.F.);
#4294=ORIENTED_EDGE('',*,*,#3435,.F.);
#4295=ORIENTED_EDGE('',*,*,#3437,.F.);
#4296=ORIENTED_EDGE('',*,*,#3438,.T.);
#4297=ORIENTED_EDGE('',*,*,#3439,.F.);
#4298=ORIENTED_EDGE('',*,*,#3438,.F.);
#4299=ORIENTED_EDGE('',*,*,#3440,.F.);
#4300=ORIENTED_EDGE('',*,*,#3441,.T.);
#4301=ORIENTED_EDGE('',*,*,#3442,.F.);
#4302=ORIENTED_EDGE('',*,*,#3441,.F.);
#4303=ORIENTED_EDGE('',*,*,#3443,.F.);
#4304=ORIENTED_EDGE('',*,*,#3444,.T.);
#4305=ORIENTED_EDGE('',*,*,#3445,.F.);
#4306=ORIENTED_EDGE('',*,*,#3444,.F.);
#4307=ORIENTED_EDGE('',*,*,#3446,.F.);
#4308=ORIENTED_EDGE('',*,*,#3447,.T.);
#4309=ORIENTED_EDGE('',*,*,#3448,.F.);
#4310=ORIENTED_EDGE('',*,*,#3447,.F.);
#4311=ORIENTED_EDGE('',*,*,#3449,.F.);
#4312=ORIENTED_EDGE('',*,*,#3450,.T.);
#4313=ORIENTED_EDGE('',*,*,#3451,.F.);
#4314=ORIENTED_EDGE('',*,*,#3450,.F.);
#4315=ORIENTED_EDGE('',*,*,#3452,.F.);
#4316=ORIENTED_EDGE('',*,*,#3453,.T.);
#4317=ORIENTED_EDGE('',*,*,#3454,.F.);
#4318=ORIENTED_EDGE('',*,*,#3453,.F.);
#4319=ORIENTED_EDGE('',*,*,#3455,.F.);
#4320=ORIENTED_EDGE('',*,*,#3456,.T.);
#4321=ORIENTED_EDGE('',*,*,#3457,.F.);
#4322=ORIENTED_EDGE('',*,*,#3456,.F.);
#4323=ORIENTED_EDGE('',*,*,#3458,.F.);
#4324=ORIENTED_EDGE('',*,*,#3459,.T.);
#4325=ORIENTED_EDGE('',*,*,#3460,.F.);
#4326=ORIENTED_EDGE('',*,*,#3459,.F.);
#4327=ORIENTED_EDGE('',*,*,#3461,.F.);
#4328=ORIENTED_EDGE('',*,*,#3462,.T.);
#4329=ORIENTED_EDGE('',*,*,#3463,.F.);
#4330=ORIENTED_EDGE('',*,*,#3462,.F.);
#4331=ORIENTED_EDGE('',*,*,#3464,.F.);
#4332=ORIENTED_EDGE('',*,*,#3465,.T.);
#4333=ORIENTED_EDGE('',*,*,#3466,.F.);
#4334=ORIENTED_EDGE('',*,*,#3465,.F.);
#4335=ORIENTED_EDGE('',*,*,#3467,.F.);
#4336=ORIENTED_EDGE('',*,*,#3468,.T.);
#4337=ORIENTED_EDGE('',*,*,#3469,.F.);
#4338=ORIENTED_EDGE('',*,*,#3468,.F.);
#4339=ORIENTED_EDGE('',*,*,#3470,.F.);
#4340=ORIENTED_EDGE('',*,*,#3471,.T.);
#4341=ORIENTED_EDGE('',*,*,#3472,.F.);
#4342=ORIENTED_EDGE('',*,*,#3471,.F.);
#4343=ORIENTED_EDGE('',*,*,#3473,.F.);
#4344=ORIENTED_EDGE('',*,*,#3474,.T.);
#4345=ORIENTED_EDGE('',*,*,#3475,.F.);
#4346=ORIENTED_EDGE('',*,*,#3474,.F.);
#4347=ORIENTED_EDGE('',*,*,#3476,.F.);
#4348=ORIENTED_EDGE('',*,*,#3477,.T.);
#4349=ORIENTED_EDGE('',*,*,#3478,.F.);
#4350=ORIENTED_EDGE('',*,*,#3477,.F.);
#4351=ORIENTED_EDGE('',*,*,#3479,.F.);
#4352=ORIENTED_EDGE('',*,*,#3480,.T.);
#4353=ORIENTED_EDGE('',*,*,#3481,.F.);
#4354=ORIENTED_EDGE('',*,*,#3480,.F.);
#4355=ORIENTED_EDGE('',*,*,#3482,.F.);
#4356=ORIENTED_EDGE('',*,*,#3483,.T.);
#4357=ORIENTED_EDGE('',*,*,#3484,.F.);
#4358=ORIENTED_EDGE('',*,*,#3483,.F.);
#4359=ORIENTED_EDGE('',*,*,#3485,.F.);
#4360=ORIENTED_EDGE('',*,*,#3486,.T.);
#4361=ORIENTED_EDGE('',*,*,#3487,.F.);
#4362=ORIENTED_EDGE('',*,*,#3486,.F.);
#4363=ORIENTED_EDGE('',*,*,#3488,.F.);
#4364=ORIENTED_EDGE('',*,*,#3489,.T.);
#4365=ORIENTED_EDGE('',*,*,#3490,.F.);
#4366=ORIENTED_EDGE('',*,*,#3489,.F.);
#4367=ORIENTED_EDGE('',*,*,#3491,.F.);
#4368=ORIENTED_EDGE('',*,*,#3492,.T.);
#4369=ORIENTED_EDGE('',*,*,#3493,.F.);
#4370=ORIENTED_EDGE('',*,*,#3492,.F.);
#4371=ORIENTED_EDGE('',*,*,#3494,.F.);
#4372=ORIENTED_EDGE('',*,*,#3495,.T.);
#4373=ORIENTED_EDGE('',*,*,#3496,.F.);
#4374=ORIENTED_EDGE('',*,*,#3495,.F.);
#4375=ORIENTED_EDGE('',*,*,#3497,.F.);
#4376=ORIENTED_EDGE('',*,*,#3498,.T.);
#4377=ORIENTED_EDGE('',*,*,#3499,.F.);
#4378=ORIENTED_EDGE('',*,*,#3498,.F.);
#4379=ORIENTED_EDGE('',*,*,#3500,.F.);
#4380=ORIENTED_EDGE('',*,*,#3501,.T.);
#4381=ORIENTED_EDGE('',*,*,#3502,.F.);
#4382=ORIENTED_EDGE('',*,*,#3501,.F.);
#4383=ORIENTED_EDGE('',*,*,#3503,.F.);
#4384=ORIENTED_EDGE('',*,*,#3504,.T.);
#4385=ORIENTED_EDGE('',*,*,#3505,.F.);
#4386=ORIENTED_EDGE('',*,*,#3504,.F.);
#4387=ORIENTED_EDGE('',*,*,#3506,.F.);
#4388=ORIENTED_EDGE('',*,*,#3507,.T.);
#4389=ORIENTED_EDGE('',*,*,#3508,.F.);
#4390=ORIENTED_EDGE('',*,*,#3507,.F.);
#4391=ORIENTED_EDGE('',*,*,#3509,.F.);
#4392=ORIENTED_EDGE('',*,*,#3510,.T.);
#4393=ORIENTED_EDGE('',*,*,#3511,.F.);
#4394=ORIENTED_EDGE('',*,*,#3510,.F.);
#4395=ORIENTED_EDGE('',*,*,#3512,.F.);
#4396=ORIENTED_EDGE('',*,*,#3513,.T.);
#4397=ORIENTED_EDGE('',*,*,#3514,.F.);
#4398=ORIENTED_EDGE('',*,*,#3513,.F.);
#4399=ORIENTED_EDGE('',*,*,#3515,.F.);
#4400=ORIENTED_EDGE('',*,*,#3516,.T.);
#4401=ORIENTED_EDGE('',*,*,#3517,.F.);
#4402=ORIENTED_EDGE('',*,*,#3516,.F.);
#4403=ORIENTED_EDGE('',*,*,#3518,.F.);
#4404=ORIENTED_EDGE('',*,*,#3519,.T.);
#4405=ORIENTED_EDGE('',*,*,#3520,.F.);
#4406=ORIENTED_EDGE('',*,*,#3519,.F.);
#4407=ORIENTED_EDGE('',*,*,#3521,.F.);
#4408=ORIENTED_EDGE('',*,*,#3522,.T.);
#4409=ORIENTED_EDGE('',*,*,#3523,.F.);
#4410=ORIENTED_EDGE('',*,*,#3522,.F.);
#4411=ORIENTED_EDGE('',*,*,#3524,.F.);
#4412=ORIENTED_EDGE('',*,*,#3525,.T.);
#4413=ORIENTED_EDGE('',*,*,#3526,.F.);
#4414=ORIENTED_EDGE('',*,*,#3525,.F.);
#4415=ORIENTED_EDGE('',*,*,#3527,.F.);
#4416=ORIENTED_EDGE('',*,*,#3528,.T.);
#4417=ORIENTED_EDGE('',*,*,#3529,.F.);
#4418=ORIENTED_EDGE('',*,*,#3528,.F.);
#4419=ORIENTED_EDGE('',*,*,#3530,.F.);
#4420=ORIENTED_EDGE('',*,*,#3531,.T.);
#4421=ORIENTED_EDGE('',*,*,#3532,.F.);
#4422=ORIENTED_EDGE('',*,*,#3531,.F.);
#4423=ORIENTED_EDGE('',*,*,#3533,.F.);
#4424=ORIENTED_EDGE('',*,*,#3534,.T.);
#4425=ORIENTED_EDGE('',*,*,#3535,.F.);
#4426=ORIENTED_EDGE('',*,*,#3534,.F.);
#4427=ORIENTED_EDGE('',*,*,#3536,.F.);
#4428=ORIENTED_EDGE('',*,*,#3537,.T.);
#4429=ORIENTED_EDGE('',*,*,#3538,.F.);
#4430=ORIENTED_EDGE('',*,*,#3537,.F.);
#4431=ORIENTED_EDGE('',*,*,#3539,.F.);
#4432=ORIENTED_EDGE('',*,*,#3540,.T.);
#4433=ORIENTED_EDGE('',*,*,#3541,.F.);
#4434=ORIENTED_EDGE('',*,*,#3540,.F.);
#4435=ORIENTED_EDGE('',*,*,#3542,.F.);
#4436=ORIENTED_EDGE('',*,*,#3543,.T.);
#4437=ORIENTED_EDGE('',*,*,#3544,.F.);
#4438=ORIENTED_EDGE('',*,*,#3543,.F.);
#4439=ORIENTED_EDGE('',*,*,#3545,.F.);
#4440=ORIENTED_EDGE('',*,*,#3546,.T.);
#4441=ORIENTED_EDGE('',*,*,#3547,.F.);
#4442=ORIENTED_EDGE('',*,*,#3546,.F.);
#4443=ORIENTED_EDGE('',*,*,#3548,.F.);
#4444=ORIENTED_EDGE('',*,*,#3549,.T.);
#4445=ORIENTED_EDGE('',*,*,#3550,.F.);
#4446=ORIENTED_EDGE('',*,*,#3549,.F.);
#4447=ORIENTED_EDGE('',*,*,#3551,.F.);
#4448=ORIENTED_EDGE('',*,*,#3552,.T.);
#4449=ORIENTED_EDGE('',*,*,#3553,.F.);
#4450=ORIENTED_EDGE('',*,*,#3552,.F.);
#4451=ORIENTED_EDGE('',*,*,#3554,.F.);
#4452=ORIENTED_EDGE('',*,*,#3555,.T.);
#4453=ORIENTED_EDGE('',*,*,#3556,.F.);
#4454=ORIENTED_EDGE('',*,*,#3555,.F.);
#4455=ORIENTED_EDGE('',*,*,#3557,.F.);
#4456=ORIENTED_EDGE('',*,*,#3558,.T.);
#4457=ORIENTED_EDGE('',*,*,#3559,.F.);
#4458=ORIENTED_EDGE('',*,*,#3558,.F.);
#4459=ORIENTED_EDGE('',*,*,#3560,.F.);
#4460=ORIENTED_EDGE('',*,*,#3561,.T.);
#4461=ORIENTED_EDGE('',*,*,#3562,.F.);
#4462=ORIENTED_EDGE('',*,*,#3561,.F.);
#4463=ORIENTED_EDGE('',*,*,#3563,.F.);
#4464=ORIENTED_EDGE('',*,*,#3564,.T.);
#4465=ORIENTED_EDGE('',*,*,#3565,.F.);
#4466=ORIENTED_EDGE('',*,*,#3564,.F.);
#4467=ORIENTED_EDGE('',*,*,#3566,.F.);
#4468=ORIENTED_EDGE('',*,*,#3567,.T.);
#4469=ORIENTED_EDGE('',*,*,#3568,.F.);
#4470=ORIENTED_EDGE('',*,*,#3567,.F.);
#4471=ORIENTED_EDGE('',*,*,#3569,.F.);
#4472=ORIENTED_EDGE('',*,*,#3570,.T.);
#4473=ORIENTED_EDGE('',*,*,#3571,.F.);
#4474=ORIENTED_EDGE('',*,*,#3570,.F.);
#4475=ORIENTED_EDGE('',*,*,#3572,.F.);
#4476=ORIENTED_EDGE('',*,*,#3573,.T.);
#4477=ORIENTED_EDGE('',*,*,#3574,.F.);
#4478=ORIENTED_EDGE('',*,*,#3573,.F.);
#4479=ORIENTED_EDGE('',*,*,#3575,.F.);
#4480=ORIENTED_EDGE('',*,*,#3576,.T.);
#4481=ORIENTED_EDGE('',*,*,#3577,.F.);
#4482=ORIENTED_EDGE('',*,*,#3576,.F.);
#4483=ORIENTED_EDGE('',*,*,#3578,.F.);
#4484=ORIENTED_EDGE('',*,*,#3579,.T.);
#4485=ORIENTED_EDGE('',*,*,#3580,.F.);
#4486=ORIENTED_EDGE('',*,*,#3579,.F.);
#4487=ORIENTED_EDGE('',*,*,#3581,.F.);
#4488=ORIENTED_EDGE('',*,*,#3582,.T.);
#4489=ORIENTED_EDGE('',*,*,#3583,.F.);
#4490=ORIENTED_EDGE('',*,*,#3582,.F.);
#4491=ORIENTED_EDGE('',*,*,#3584,.F.);
#4492=ORIENTED_EDGE('',*,*,#3585,.T.);
#4493=ORIENTED_EDGE('',*,*,#3586,.F.);
#4494=ORIENTED_EDGE('',*,*,#3585,.F.);
#4495=ORIENTED_EDGE('',*,*,#3587,.F.);
#4496=ORIENTED_EDGE('',*,*,#3588,.T.);
#4497=ORIENTED_EDGE('',*,*,#3589,.F.);
#4498=ORIENTED_EDGE('',*,*,#3588,.F.);
#4499=ORIENTED_EDGE('',*,*,#3590,.F.);
#4500=ORIENTED_EDGE('',*,*,#3591,.T.);
#4501=ORIENTED_EDGE('',*,*,#3592,.F.);
#4502=ORIENTED_EDGE('',*,*,#3591,.F.);
#4503=ORIENTED_EDGE('',*,*,#3593,.F.);
#4504=ORIENTED_EDGE('',*,*,#3594,.T.);
#4505=ORIENTED_EDGE('',*,*,#3595,.F.);
#4506=ORIENTED_EDGE('',*,*,#3594,.F.);
#4507=ORIENTED_EDGE('',*,*,#3596,.F.);
#4508=ORIENTED_EDGE('',*,*,#3597,.T.);
#4509=ORIENTED_EDGE('',*,*,#3598,.F.);
#4510=ORIENTED_EDGE('',*,*,#3597,.F.);
#4511=ORIENTED_EDGE('',*,*,#3599,.F.);
#4512=ORIENTED_EDGE('',*,*,#3600,.T.);
#4513=ORIENTED_EDGE('',*,*,#3601,.F.);
#4514=ORIENTED_EDGE('',*,*,#3600,.F.);
#4515=ORIENTED_EDGE('',*,*,#3602,.F.);
#4516=ORIENTED_EDGE('',*,*,#3603,.T.);
#4517=ORIENTED_EDGE('',*,*,#3604,.F.);
#4518=ORIENTED_EDGE('',*,*,#3603,.F.);
#4519=ORIENTED_EDGE('',*,*,#3605,.F.);
#4520=ORIENTED_EDGE('',*,*,#3606,.T.);
#4521=ORIENTED_EDGE('',*,*,#3607,.F.);
#4522=ORIENTED_EDGE('',*,*,#3606,.F.);
#4523=ORIENTED_EDGE('',*,*,#3608,.F.);
#4524=ORIENTED_EDGE('',*,*,#3609,.T.);
#4525=ORIENTED_EDGE('',*,*,#3610,.F.);
#4526=ORIENTED_EDGE('',*,*,#3609,.F.);
#4527=ORIENTED_EDGE('',*,*,#3611,.F.);
#4528=ORIENTED_EDGE('',*,*,#3612,.T.);
#4529=ORIENTED_EDGE('',*,*,#3613,.F.);
#4530=ORIENTED_EDGE('',*,*,#3612,.F.);
#4531=ORIENTED_EDGE('',*,*,#3614,.F.);
#4532=ORIENTED_EDGE('',*,*,#3615,.T.);
#4533=ORIENTED_EDGE('',*,*,#3616,.F.);
#4534=ORIENTED_EDGE('',*,*,#3615,.F.);
#4535=ORIENTED_EDGE('',*,*,#3617,.F.);
#4536=ORIENTED_EDGE('',*,*,#3618,.T.);
#4537=ORIENTED_EDGE('',*,*,#3619,.F.);
#4538=ORIENTED_EDGE('',*,*,#3618,.F.);
#4539=ORIENTED_EDGE('',*,*,#3620,.F.);
#4540=ORIENTED_EDGE('',*,*,#3621,.T.);
#4541=ORIENTED_EDGE('',*,*,#3622,.F.);
#4542=ORIENTED_EDGE('',*,*,#3621,.F.);
#4543=ORIENTED_EDGE('',*,*,#3623,.F.);
#4544=ORIENTED_EDGE('',*,*,#3624,.T.);
#4545=ORIENTED_EDGE('',*,*,#3625,.F.);
#4546=ORIENTED_EDGE('',*,*,#3624,.F.);
#4547=ORIENTED_EDGE('',*,*,#3626,.F.);
#4548=ORIENTED_EDGE('',*,*,#3627,.T.);
#4549=ORIENTED_EDGE('',*,*,#3628,.F.);
#4550=ORIENTED_EDGE('',*,*,#3627,.F.);
#4551=ORIENTED_EDGE('',*,*,#3629,.F.);
#4552=ORIENTED_EDGE('',*,*,#3630,.T.);
#4553=ORIENTED_EDGE('',*,*,#3631,.F.);
#4554=ORIENTED_EDGE('',*,*,#3630,.F.);
#4555=ORIENTED_EDGE('',*,*,#3632,.F.);
#4556=ORIENTED_EDGE('',*,*,#3633,.T.);
#4557=ORIENTED_EDGE('',*,*,#3634,.F.);
#4558=ORIENTED_EDGE('',*,*,#3633,.F.);
#4559=ORIENTED_EDGE('',*,*,#3635,.F.);
#4560=ORIENTED_EDGE('',*,*,#3636,.T.);
#4561=ORIENTED_EDGE('',*,*,#3637,.F.);
#4562=ORIENTED_EDGE('',*,*,#3636,.F.);
#4563=ORIENTED_EDGE('',*,*,#3638,.F.);
#4564=ORIENTED_EDGE('',*,*,#3639,.T.);
#4565=ORIENTED_EDGE('',*,*,#3640,.F.);
#4566=ORIENTED_EDGE('',*,*,#3639,.F.);
#4567=ORIENTED_EDGE('',*,*,#3641,.F.);
#4568=ORIENTED_EDGE('',*,*,#3642,.T.);
#4569=ORIENTED_EDGE('',*,*,#3643,.F.);
#4570=ORIENTED_EDGE('',*,*,#3642,.F.);
#4571=ORIENTED_EDGE('',*,*,#3644,.F.);
#4572=ORIENTED_EDGE('',*,*,#3645,.T.);
#4573=ORIENTED_EDGE('',*,*,#3646,.F.);
#4574=ORIENTED_EDGE('',*,*,#3645,.F.);
#4575=ORIENTED_EDGE('',*,*,#3647,.F.);
#4576=ORIENTED_EDGE('',*,*,#3648,.T.);
#4577=ORIENTED_EDGE('',*,*,#3649,.F.);
#4578=ORIENTED_EDGE('',*,*,#3648,.F.);
#4579=ORIENTED_EDGE('',*,*,#3650,.F.);
#4580=ORIENTED_EDGE('',*,*,#3651,.T.);
#4581=ORIENTED_EDGE('',*,*,#3652,.F.);
#4582=ORIENTED_EDGE('',*,*,#3651,.F.);
#4583=ORIENTED_EDGE('',*,*,#3653,.F.);
#4584=ORIENTED_EDGE('',*,*,#3654,.T.);
#4585=ORIENTED_EDGE('',*,*,#3655,.F.);
#4586=ORIENTED_EDGE('',*,*,#3654,.F.);
#4587=ORIENTED_EDGE('',*,*,#3656,.F.);
#4588=ORIENTED_EDGE('',*,*,#3657,.T.);
#4589=ORIENTED_EDGE('',*,*,#3658,.F.);
#4590=ORIENTED_EDGE('',*,*,#3657,.F.);
#4591=ORIENTED_EDGE('',*,*,#3659,.F.);
#4592=ORIENTED_EDGE('',*,*,#3660,.T.);
#4593=ORIENTED_EDGE('',*,*,#3661,.F.);
#4594=ORIENTED_EDGE('',*,*,#3660,.F.);
#4595=ORIENTED_EDGE('',*,*,#3662,.F.);
#4596=ORIENTED_EDGE('',*,*,#3663,.T.);
#4597=ORIENTED_EDGE('',*,*,#3664,.F.);
#4598=ORIENTED_EDGE('',*,*,#3663,.F.);
#4599=ORIENTED_EDGE('',*,*,#3665,.F.);
#4600=ORIENTED_EDGE('',*,*,#3666,.T.);
#4601=ORIENTED_EDGE('',*,*,#3667,.F.);
#4602=ORIENTED_EDGE('',*,*,#3666,.F.);
#4603=ORIENTED_EDGE('',*,*,#3668,.F.);
#4604=ORIENTED_EDGE('',*,*,#3669,.T.);
#4605=ORIENTED_EDGE('',*,*,#3670,.F.);
#4606=ORIENTED_EDGE('',*,*,#3669,.F.);
#4607=ORIENTED_EDGE('',*,*,#3671,.F.);
#4608=ORIENTED_EDGE('',*,*,#3672,.T.);
#4609=ORIENTED_EDGE('',*,*,#3673,.F.);
#4610=ORIENTED_EDGE('',*,*,#3672,.F.);
#4611=ORIENTED_EDGE('',*,*,#3674,.F.);
#4612=ORIENTED_EDGE('',*,*,#3675,.T.);
#4613=ORIENTED_EDGE('',*,*,#3676,.F.);
#4614=ORIENTED_EDGE('',*,*,#3675,.F.);
#4615=ORIENTED_EDGE('',*,*,#3677,.F.);
#4616=ORIENTED_EDGE('',*,*,#3678,.T.);
#4617=ORIENTED_EDGE('',*,*,#3679,.F.);
#4618=ORIENTED_EDGE('',*,*,#3678,.F.);
#4619=ORIENTED_EDGE('',*,*,#3680,.F.);
#4620=ORIENTED_EDGE('',*,*,#3681,.T.);
#4621=ORIENTED_EDGE('',*,*,#3682,.F.);
#4622=ORIENTED_EDGE('',*,*,#3681,.F.);
#4623=ORIENTED_EDGE('',*,*,#3683,.F.);
#4624=ORIENTED_EDGE('',*,*,#3684,.T.);
#4625=ORIENTED_EDGE('',*,*,#3685,.F.);
#4626=ORIENTED_EDGE('',*,*,#3684,.F.);
#4627=ORIENTED_EDGE('',*,*,#3686,.F.);
#4628=ORIENTED_EDGE('',*,*,#3687,.T.);
#4629=ORIENTED_EDGE('',*,*,#3688,.F.);
#4630=ORIENTED_EDGE('',*,*,#3687,.F.);
#4631=ORIENTED_EDGE('',*,*,#3689,.F.);
#4632=ORIENTED_EDGE('',*,*,#3690,.T.);
#4633=ORIENTED_EDGE('',*,*,#3691,.F.);
#4634=ORIENTED_EDGE('',*,*,#3690,.F.);
#4635=ORIENTED_EDGE('',*,*,#3692,.F.);
#4636=ORIENTED_EDGE('',*,*,#3693,.T.);
#4637=ORIENTED_EDGE('',*,*,#3694,.F.);
#4638=ORIENTED_EDGE('',*,*,#3693,.F.);
#4639=ORIENTED_EDGE('',*,*,#3695,.F.);
#4640=ORIENTED_EDGE('',*,*,#3696,.T.);
#4641=ORIENTED_EDGE('',*,*,#3697,.F.);
#4642=ORIENTED_EDGE('',*,*,#3696,.F.);
#4643=ORIENTED_EDGE('',*,*,#3698,.F.);
#4644=ORIENTED_EDGE('',*,*,#3699,.T.);
#4645=ORIENTED_EDGE('',*,*,#3700,.F.);
#4646=ORIENTED_EDGE('',*,*,#3699,.F.);
#4647=ORIENTED_EDGE('',*,*,#3701,.F.);
#4648=ORIENTED_EDGE('',*,*,#3702,.T.);
#4649=ORIENTED_EDGE('',*,*,#3703,.F.);
#4650=ORIENTED_EDGE('',*,*,#3702,.F.);
#4651=ORIENTED_EDGE('',*,*,#3704,.F.);
#4652=ORIENTED_EDGE('',*,*,#3705,.T.);
#4653=ORIENTED_EDGE('',*,*,#3706,.F.);
#4654=ORIENTED_EDGE('',*,*,#3705,.F.);
#4655=ORIENTED_EDGE('',*,*,#3707,.F.);
#4656=ORIENTED_EDGE('',*,*,#3708,.T.);
#4657=ORIENTED_EDGE('',*,*,#3709,.F.);
#4658=ORIENTED_EDGE('',*,*,#3708,.F.);
#4659=ORIENTED_EDGE('',*,*,#3710,.F.);
#4660=ORIENTED_EDGE('',*,*,#3711,.T.);
#4661=ORIENTED_EDGE('',*,*,#3712,.F.);
#4662=ORIENTED_EDGE('',*,*,#3711,.F.);
#4663=ORIENTED_EDGE('',*,*,#3713,.F.);
#4664=ORIENTED_EDGE('',*,*,#3714,.T.);
#4665=ORIENTED_EDGE('',*,*,#3715,.F.);
#4666=ORIENTED_EDGE('',*,*,#3714,.F.);
#4667=ORIENTED_EDGE('',*,*,#3716,.F.);
#4668=ORIENTED_EDGE('',*,*,#3717,.T.);
#4669=ORIENTED_EDGE('',*,*,#3718,.F.);
#4670=ORIENTED_EDGE('',*,*,#3717,.F.);
#4671=ORIENTED_EDGE('',*,*,#3719,.F.);
#4672=ORIENTED_EDGE('',*,*,#3720,.T.);
#4673=ORIENTED_EDGE('',*,*,#3721,.F.);
#4674=ORIENTED_EDGE('',*,*,#3720,.F.);
#4675=ORIENTED_EDGE('',*,*,#3722,.F.);
#4676=ORIENTED_EDGE('',*,*,#3723,.T.);
#4677=ORIENTED_EDGE('',*,*,#3724,.F.);
#4678=ORIENTED_EDGE('',*,*,#3723,.F.);
#4679=ORIENTED_EDGE('',*,*,#3725,.F.);
#4680=ORIENTED_EDGE('',*,*,#3726,.T.);
#4681=ORIENTED_EDGE('',*,*,#3727,.F.);
#4682=ORIENTED_EDGE('',*,*,#3726,.F.);
#4683=ORIENTED_EDGE('',*,*,#3728,.F.);
#4684=ORIENTED_EDGE('',*,*,#3729,.T.);
#4685=ORIENTED_EDGE('',*,*,#3730,.F.);
#4686=ORIENTED_EDGE('',*,*,#3729,.F.);
#4687=ORIENTED_EDGE('',*,*,#3731,.F.);
#4688=ORIENTED_EDGE('',*,*,#3732,.T.);
#4689=ORIENTED_EDGE('',*,*,#3733,.F.);
#4690=ORIENTED_EDGE('',*,*,#3732,.F.);
#4691=ORIENTED_EDGE('',*,*,#3734,.F.);
#4692=ORIENTED_EDGE('',*,*,#3735,.T.);
#4693=ORIENTED_EDGE('',*,*,#3736,.F.);
#4694=ORIENTED_EDGE('',*,*,#3735,.F.);
#4695=ORIENTED_EDGE('',*,*,#3737,.F.);
#4696=ORIENTED_EDGE('',*,*,#3738,.T.);
#4697=ORIENTED_EDGE('',*,*,#3739,.F.);
#4698=ORIENTED_EDGE('',*,*,#3738,.F.);
#4699=ORIENTED_EDGE('',*,*,#3740,.F.);
#4700=ORIENTED_EDGE('',*,*,#3741,.T.);
#4701=ORIENTED_EDGE('',*,*,#3742,.F.);
#4702=ORIENTED_EDGE('',*,*,#3741,.F.);
#4703=ORIENTED_EDGE('',*,*,#3743,.F.);
#4704=ORIENTED_EDGE('',*,*,#3744,.T.);
#4705=ORIENTED_EDGE('',*,*,#3745,.F.);
#4706=ORIENTED_EDGE('',*,*,#3744,.F.);
#4707=ORIENTED_EDGE('',*,*,#3746,.F.);
#4708=ORIENTED_EDGE('',*,*,#3747,.T.);
#4709=ORIENTED_EDGE('',*,*,#3748,.F.);
#4710=ORIENTED_EDGE('',*,*,#3747,.F.);
#4711=ORIENTED_EDGE('',*,*,#3749,.F.);
#4712=ORIENTED_EDGE('',*,*,#3750,.T.);
#4713=ORIENTED_EDGE('',*,*,#3751,.F.);
#4714=ORIENTED_EDGE('',*,*,#3750,.F.);
#4715=ORIENTED_EDGE('',*,*,#3752,.F.);
#4716=ORIENTED_EDGE('',*,*,#3753,.T.);
#4717=ORIENTED_EDGE('',*,*,#3754,.F.);
#4718=ORIENTED_EDGE('',*,*,#3753,.F.);
#4719=ORIENTED_EDGE('',*,*,#3755,.F.);
#4720=ORIENTED_EDGE('',*,*,#3756,.T.);
#4721=ORIENTED_EDGE('',*,*,#3757,.F.);
#4722=ORIENTED_EDGE('',*,*,#3756,.F.);
#4723=ORIENTED_EDGE('',*,*,#3758,.F.);
#4724=ORIENTED_EDGE('',*,*,#3759,.T.);
#4725=ORIENTED_EDGE('',*,*,#3760,.F.);
#4726=ORIENTED_EDGE('',*,*,#3759,.F.);
#4727=ORIENTED_EDGE('',*,*,#3761,.F.);
#4728=ORIENTED_EDGE('',*,*,#3762,.T.);
#4729=ORIENTED_EDGE('',*,*,#3763,.F.);
#4730=ORIENTED_EDGE('',*,*,#3762,.F.);
#4731=ORIENTED_EDGE('',*,*,#3764,.F.);
#4732=ORIENTED_EDGE('',*,*,#3765,.T.);
#4733=ORIENTED_EDGE('',*,*,#3766,.F.);
#4734=ORIENTED_EDGE('',*,*,#3765,.F.);
#4735=ORIENTED_EDGE('',*,*,#3767,.F.);
#4736=ORIENTED_EDGE('',*,*,#3768,.T.);
#4737=ORIENTED_EDGE('',*,*,#3769,.F.);
#4738=ORIENTED_EDGE('',*,*,#3768,.F.);
#4739=ORIENTED_EDGE('',*,*,#3770,.F.);
#4740=ORIENTED_EDGE('',*,*,#3771,.T.);
#4741=ORIENTED_EDGE('',*,*,#3772,.F.);
#4742=ORIENTED_EDGE('',*,*,#3771,.F.);
#4743=ORIENTED_EDGE('',*,*,#3773,.F.);
#4744=ORIENTED_EDGE('',*,*,#3774,.T.);
#4745=ORIENTED_EDGE('',*,*,#3775,.F.);
#4746=ORIENTED_EDGE('',*,*,#3774,.F.);
#4747=ORIENTED_EDGE('',*,*,#3776,.F.);
#4748=ORIENTED_EDGE('',*,*,#3777,.T.);
#4749=ORIENTED_EDGE('',*,*,#3778,.F.);
#4750=ORIENTED_EDGE('',*,*,#3777,.F.);
#4751=ORIENTED_EDGE('',*,*,#3779,.F.);
#4752=ORIENTED_EDGE('',*,*,#3780,.T.);
#4753=ORIENTED_EDGE('',*,*,#3781,.F.);
#4754=ORIENTED_EDGE('',*,*,#3780,.F.);
#4755=ORIENTED_EDGE('',*,*,#3782,.F.);
#4756=ORIENTED_EDGE('',*,*,#3783,.T.);
#4757=ORIENTED_EDGE('',*,*,#3784,.F.);
#4758=ORIENTED_EDGE('',*,*,#3783,.F.);
#4759=ORIENTED_EDGE('',*,*,#3785,.F.);
#4760=ORIENTED_EDGE('',*,*,#3786,.T.);
#4761=ORIENTED_EDGE('',*,*,#3787,.F.);
#4762=ORIENTED_EDGE('',*,*,#3786,.F.);
#4763=ORIENTED_EDGE('',*,*,#3788,.F.);
#4764=ORIENTED_EDGE('',*,*,#3789,.T.);
#4765=ORIENTED_EDGE('',*,*,#3790,.F.);
#4766=ORIENTED_EDGE('',*,*,#3789,.F.);
#4767=ORIENTED_EDGE('',*,*,#3791,.F.);
#4768=ORIENTED_EDGE('',*,*,#3792,.T.);
#4769=ORIENTED_EDGE('',*,*,#3793,.F.);
#4770=ORIENTED_EDGE('',*,*,#3792,.F.);
#4771=ORIENTED_EDGE('',*,*,#3794,.F.);
#4772=ORIENTED_EDGE('',*,*,#3795,.T.);
#4773=ORIENTED_EDGE('',*,*,#3796,.F.);
#4774=ORIENTED_EDGE('',*,*,#3795,.F.);
#4775=ORIENTED_EDGE('',*,*,#3797,.F.);
#4776=ORIENTED_EDGE('',*,*,#3798,.T.);
#4777=ORIENTED_EDGE('',*,*,#3799,.F.);
#4778=ORIENTED_EDGE('',*,*,#3798,.F.);
#4779=ORIENTED_EDGE('',*,*,#3800,.F.);
#4780=ORIENTED_EDGE('',*,*,#3801,.T.);
#4781=ORIENTED_EDGE('',*,*,#3802,.F.);
#4782=ORIENTED_EDGE('',*,*,#3801,.F.);
#4783=ORIENTED_EDGE('',*,*,#3803,.F.);
#4784=ORIENTED_EDGE('',*,*,#3804,.T.);
#4785=ORIENTED_EDGE('',*,*,#3805,.F.);
#4786=ORIENTED_EDGE('',*,*,#3804,.F.);
#4787=ORIENTED_EDGE('',*,*,#3806,.F.);
#4788=ORIENTED_EDGE('',*,*,#3807,.T.);
#4789=ORIENTED_EDGE('',*,*,#3808,.F.);
#4790=ORIENTED_EDGE('',*,*,#3807,.F.);
#4791=ORIENTED_EDGE('',*,*,#3809,.F.);
#4792=ORIENTED_EDGE('',*,*,#3810,.T.);
#4793=ORIENTED_EDGE('',*,*,#3811,.F.);
#4794=ORIENTED_EDGE('',*,*,#3810,.F.);
#4795=ORIENTED_EDGE('',*,*,#3812,.F.);
#4796=ORIENTED_EDGE('',*,*,#3813,.T.);
#4797=ORIENTED_EDGE('',*,*,#3814,.F.);
#4798=ORIENTED_EDGE('',*,*,#3813,.F.);
#4799=ORIENTED_EDGE('',*,*,#3815,.F.);
#4800=ORIENTED_EDGE('',*,*,#3816,.T.);
#4801=ORIENTED_EDGE('',*,*,#3817,.F.);
#4802=ORIENTED_EDGE('',*,*,#3816,.F.);
#4803=ORIENTED_EDGE('',*,*,#3818,.F.);
#4804=ORIENTED_EDGE('',*,*,#3819,.T.);
#4805=ORIENTED_EDGE('',*,*,#3820,.F.);
#4806=ORIENTED_EDGE('',*,*,#3819,.F.);
#4807=ORIENTED_EDGE('',*,*,#3821,.F.);
#4808=ORIENTED_EDGE('',*,*,#3822,.T.);
#4809=ORIENTED_EDGE('',*,*,#3823,.F.);
#4810=ORIENTED_EDGE('',*,*,#3822,.F.);
#4811=ORIENTED_EDGE('',*,*,#3824,.F.);
#4812=ORIENTED_EDGE('',*,*,#3825,.T.);
#4813=ORIENTED_EDGE('',*,*,#3826,.F.);
#4814=ORIENTED_EDGE('',*,*,#3825,.F.);
#4815=ORIENTED_EDGE('',*,*,#3827,.F.);
#4816=ORIENTED_EDGE('',*,*,#3828,.T.);
#4817=ORIENTED_EDGE('',*,*,#3829,.F.);
#4818=ORIENTED_EDGE('',*,*,#3828,.F.);
#4819=ORIENTED_EDGE('',*,*,#3830,.F.);
#4820=ORIENTED_EDGE('',*,*,#3831,.T.);
#4821=ORIENTED_EDGE('',*,*,#3832,.F.);
#4822=ORIENTED_EDGE('',*,*,#3831,.F.);
#4823=ORIENTED_EDGE('',*,*,#3833,.F.);
#4824=ORIENTED_EDGE('',*,*,#3834,.T.);
#4825=ORIENTED_EDGE('',*,*,#3835,.F.);
#4826=ORIENTED_EDGE('',*,*,#3834,.F.);
#4827=ORIENTED_EDGE('',*,*,#3836,.F.);
#4828=ORIENTED_EDGE('',*,*,#3837,.T.);
#4829=ORIENTED_EDGE('',*,*,#3838,.F.);
#4830=ORIENTED_EDGE('',*,*,#3837,.F.);
#4831=ORIENTED_EDGE('',*,*,#3839,.F.);
#4832=ORIENTED_EDGE('',*,*,#3840,.T.);
#4833=ORIENTED_EDGE('',*,*,#3841,.F.);
#4834=ORIENTED_EDGE('',*,*,#3840,.F.);
#4835=ORIENTED_EDGE('',*,*,#3842,.F.);
#4836=ORIENTED_EDGE('',*,*,#3843,.T.);
#4837=ORIENTED_EDGE('',*,*,#3844,.F.);
#4838=ORIENTED_EDGE('',*,*,#3843,.F.);
#4839=ORIENTED_EDGE('',*,*,#3845,.F.);
#4840=ORIENTED_EDGE('',*,*,#3846,.T.);
#4841=ORIENTED_EDGE('',*,*,#3847,.F.);
#4842=ORIENTED_EDGE('',*,*,#3846,.F.);
#4843=ORIENTED_EDGE('',*,*,#3848,.F.);
#4844=ORIENTED_EDGE('',*,*,#3849,.T.);
#4845=ORIENTED_EDGE('',*,*,#3850,.F.);
#4846=ORIENTED_EDGE('',*,*,#3849,.F.);
#4847=ORIENTED_EDGE('',*,*,#3851,.F.);
#4848=ORIENTED_EDGE('',*,*,#3852,.T.);
#4849=ORIENTED_EDGE('',*,*,#3853,.F.);
#4850=ORIENTED_EDGE('',*,*,#3852,.F.);
#4851=ORIENTED_EDGE('',*,*,#3854,.F.);
#4852=ORIENTED_EDGE('',*,*,#3855,.T.);
#4853=ORIENTED_EDGE('',*,*,#3856,.F.);
#4854=ORIENTED_EDGE('',*,*,#3855,.F.);
#4855=ORIENTED_EDGE('',*,*,#3857,.F.);
#4856=ORIENTED_EDGE('',*,*,#3858,.T.);
#4857=ORIENTED_EDGE('',*,*,#3859,.F.);
#4858=ORIENTED_EDGE('',*,*,#3858,.F.);
#4859=ORIENTED_EDGE('',*,*,#3860,.F.);
#4860=ORIENTED_EDGE('',*,*,#3861,.T.);
#4861=ORIENTED_EDGE('',*,*,#3862,.F.);
#4862=ORIENTED_EDGE('',*,*,#3861,.F.);
#4863=ORIENTED_EDGE('',*,*,#3863,.F.);
#4864=ORIENTED_EDGE('',*,*,#3864,.T.);
#4865=ORIENTED_EDGE('',*,*,#3865,.F.);
#4866=ORIENTED_EDGE('',*,*,#3864,.F.);
#4867=ORIENTED_EDGE('',*,*,#3866,.F.);
#4868=ORIENTED_EDGE('',*,*,#3867,.T.);
#4869=ORIENTED_EDGE('',*,*,#3868,.F.);
#4870=ORIENTED_EDGE('',*,*,#3867,.F.);
#4871=ORIENTED_EDGE('',*,*,#3869,.F.);
#4872=ORIENTED_EDGE('',*,*,#3870,.T.);
#4873=ORIENTED_EDGE('',*,*,#3871,.F.);
#4874=ORIENTED_EDGE('',*,*,#3870,.F.);
#4875=ORIENTED_EDGE('',*,*,#3872,.F.);
#4876=ORIENTED_EDGE('',*,*,#3873,.T.);
#4877=ORIENTED_EDGE('',*,*,#3874,.F.);
#4878=ORIENTED_EDGE('',*,*,#3873,.F.);
#4879=ORIENTED_EDGE('',*,*,#3875,.F.);
#4880=ORIENTED_EDGE('',*,*,#3876,.T.);
#4881=ORIENTED_EDGE('',*,*,#3877,.F.);
#4882=ORIENTED_EDGE('',*,*,#3876,.F.);
#4883=ORIENTED_EDGE('',*,*,#3878,.F.);
#4884=ORIENTED_EDGE('',*,*,#3879,.T.);
#4885=ORIENTED_EDGE('',*,*,#3880,.F.);
#4886=ORIENTED_EDGE('',*,*,#3879,.F.);
#4887=ORIENTED_EDGE('',*,*,#3881,.F.);
#4888=ORIENTED_EDGE('',*,*,#3882,.T.);
#4889=ORIENTED_EDGE('',*,*,#3883,.F.);
#4890=ORIENTED_EDGE('',*,*,#3882,.F.);
#4891=ORIENTED_EDGE('',*,*,#3884,.F.);
#4892=ORIENTED_EDGE('',*,*,#3885,.T.);
#4893=ORIENTED_EDGE('',*,*,#3886,.F.);
#4894=ORIENTED_EDGE('',*,*,#3885,.F.);
#4895=ORIENTED_EDGE('',*,*,#3887,.F.);
#4896=ORIENTED_EDGE('',*,*,#3888,.T.);
#4897=ORIENTED_EDGE('',*,*,#3889,.F.);
#4898=ORIENTED_EDGE('',*,*,#3888,.F.);
#4899=ORIENTED_EDGE('',*,*,#3890,.F.);
#4900=ORIENTED_EDGE('',*,*,#3891,.T.);
#4901=ORIENTED_EDGE('',*,*,#3892,.F.);
#4902=ORIENTED_EDGE('',*,*,#3891,.F.);
#4903=ORIENTED_EDGE('',*,*,#3893,.F.);
#4904=ORIENTED_EDGE('',*,*,#3894,.T.);
#4905=ORIENTED_EDGE('',*,*,#3895,.F.);
#4906=ORIENTED_EDGE('',*,*,#3894,.F.);
#4907=ORIENTED_EDGE('',*,*,#3896,.F.);
#4908=ORIENTED_EDGE('',*,*,#3897,.T.);
#4909=ORIENTED_EDGE('',*,*,#3898,.F.);
#4910=ORIENTED_EDGE('',*,*,#3897,.F.);
#4911=ORIENTED_EDGE('',*,*,#3899,.F.);
#4912=ORIENTED_EDGE('',*,*,#3900,.T.);
#4913=ORIENTED_EDGE('',*,*,#3901,.F.);
#4914=ORIENTED_EDGE('',*,*,#3900,.F.);
#4915=ORIENTED_EDGE('',*,*,#3902,.F.);
#4916=ORIENTED_EDGE('',*,*,#3903,.T.);
#4917=ORIENTED_EDGE('',*,*,#3904,.F.);
#4918=ORIENTED_EDGE('',*,*,#3903,.F.);
#4919=ORIENTED_EDGE('',*,*,#3905,.F.);
#4920=ORIENTED_EDGE('',*,*,#3906,.T.);
#4921=ORIENTED_EDGE('',*,*,#3907,.F.);
#4922=ORIENTED_EDGE('',*,*,#3906,.F.);
#4923=ORIENTED_EDGE('',*,*,#3908,.F.);
#4924=ORIENTED_EDGE('',*,*,#3909,.T.);
#4925=ORIENTED_EDGE('',*,*,#3910,.F.);
#4926=ORIENTED_EDGE('',*,*,#3909,.F.);
#4927=ORIENTED_EDGE('',*,*,#3911,.F.);
#4928=ORIENTED_EDGE('',*,*,#3912,.T.);
#4929=ORIENTED_EDGE('',*,*,#3913,.F.);
#4930=ORIENTED_EDGE('',*,*,#3914,.F.);
#4931=ORIENTED_EDGE('',*,*,#3915,.F.);
#4932=ORIENTED_EDGE('',*,*,#3914,.T.);
#4933=ORIENTED_EDGE('',*,*,#3916,.F.);
#4934=ORIENTED_EDGE('',*,*,#3917,.F.);
#4935=ORIENTED_EDGE('',*,*,#3918,.F.);
#4936=ORIENTED_EDGE('',*,*,#3917,.T.);
#4937=ORIENTED_EDGE('',*,*,#3919,.F.);
#4938=ORIENTED_EDGE('',*,*,#3920,.F.);
#4939=ORIENTED_EDGE('',*,*,#3921,.F.);
#4940=ORIENTED_EDGE('',*,*,#3920,.T.);
#4941=ORIENTED_EDGE('',*,*,#3922,.F.);
#4942=ORIENTED_EDGE('',*,*,#3912,.F.);
#4943=ORIENTED_EDGE('',*,*,#3922,.T.);
#4944=ORIENTED_EDGE('',*,*,#3919,.T.);
#4945=ORIENTED_EDGE('',*,*,#3916,.T.);
#4946=ORIENTED_EDGE('',*,*,#3913,.T.);
#4947=ORIENTED_EDGE('',*,*,#3236,.T.);
#4948=ORIENTED_EDGE('',*,*,#3239,.T.);
#4949=ORIENTED_EDGE('',*,*,#3242,.T.);
#4950=ORIENTED_EDGE('',*,*,#3245,.T.);
#4951=ORIENTED_EDGE('',*,*,#3248,.T.);
#4952=ORIENTED_EDGE('',*,*,#3251,.T.);
#4953=ORIENTED_EDGE('',*,*,#3254,.T.);
#4954=ORIENTED_EDGE('',*,*,#3257,.T.);
#4955=ORIENTED_EDGE('',*,*,#3260,.T.);
#4956=ORIENTED_EDGE('',*,*,#3263,.T.);
#4957=ORIENTED_EDGE('',*,*,#3266,.T.);
#4958=ORIENTED_EDGE('',*,*,#3269,.T.);
#4959=ORIENTED_EDGE('',*,*,#3272,.T.);
#4960=ORIENTED_EDGE('',*,*,#3275,.T.);
#4961=ORIENTED_EDGE('',*,*,#3278,.T.);
#4962=ORIENTED_EDGE('',*,*,#3281,.T.);
#4963=ORIENTED_EDGE('',*,*,#3284,.T.);
#4964=ORIENTED_EDGE('',*,*,#3287,.T.);
#4965=ORIENTED_EDGE('',*,*,#3290,.T.);
#4966=ORIENTED_EDGE('',*,*,#3293,.T.);
#4967=ORIENTED_EDGE('',*,*,#3296,.T.);
#4968=ORIENTED_EDGE('',*,*,#3299,.T.);
#4969=ORIENTED_EDGE('',*,*,#3302,.T.);
#4970=ORIENTED_EDGE('',*,*,#3305,.T.);
#4971=ORIENTED_EDGE('',*,*,#3308,.T.);
#4972=ORIENTED_EDGE('',*,*,#3311,.T.);
#4973=ORIENTED_EDGE('',*,*,#3314,.T.);
#4974=ORIENTED_EDGE('',*,*,#3317,.T.);
#4975=ORIENTED_EDGE('',*,*,#3320,.T.);
#4976=ORIENTED_EDGE('',*,*,#3323,.T.);
#4977=ORIENTED_EDGE('',*,*,#3326,.T.);
#4978=ORIENTED_EDGE('',*,*,#3329,.T.);
#4979=ORIENTED_EDGE('',*,*,#3332,.T.);
#4980=ORIENTED_EDGE('',*,*,#3335,.T.);
#4981=ORIENTED_EDGE('',*,*,#3338,.T.);
#4982=ORIENTED_EDGE('',*,*,#3341,.T.);
#4983=ORIENTED_EDGE('',*,*,#3344,.T.);
#4984=ORIENTED_EDGE('',*,*,#3347,.T.);
#4985=ORIENTED_EDGE('',*,*,#3350,.T.);
#4986=ORIENTED_EDGE('',*,*,#3353,.T.);
#4987=ORIENTED_EDGE('',*,*,#3356,.T.);
#4988=ORIENTED_EDGE('',*,*,#3359,.T.);
#4989=ORIENTED_EDGE('',*,*,#3362,.T.);
#4990=ORIENTED_EDGE('',*,*,#3365,.T.);
#4991=ORIENTED_EDGE('',*,*,#3368,.T.);
#4992=ORIENTED_EDGE('',*,*,#3371,.T.);
#4993=ORIENTED_EDGE('',*,*,#3374,.T.);
#4994=ORIENTED_EDGE('',*,*,#3377,.T.);
#4995=ORIENTED_EDGE('',*,*,#3380,.T.);
#4996=ORIENTED_EDGE('',*,*,#3383,.T.);
#4997=ORIENTED_EDGE('',*,*,#3386,.T.);
#4998=ORIENTED_EDGE('',*,*,#3389,.T.);
#4999=ORIENTED_EDGE('',*,*,#3392,.T.);
#5000=ORIENTED_EDGE('',*,*,#3395,.T.);
#5001=ORIENTED_EDGE('',*,*,#3398,.T.);
#5002=ORIENTED_EDGE('',*,*,#3401,.T.);
#5003=ORIENTED_EDGE('',*,*,#3404,.T.);
#5004=ORIENTED_EDGE('',*,*,#3407,.T.);
#5005=ORIENTED_EDGE('',*,*,#3410,.T.);
#5006=ORIENTED_EDGE('',*,*,#3413,.T.);
#5007=ORIENTED_EDGE('',*,*,#3416,.T.);
#5008=ORIENTED_EDGE('',*,*,#3419,.T.);
#5009=ORIENTED_EDGE('',*,*,#3422,.T.);
#5010=ORIENTED_EDGE('',*,*,#3425,.T.);
#5011=ORIENTED_EDGE('',*,*,#3428,.T.);
#5012=ORIENTED_EDGE('',*,*,#3431,.T.);
#5013=ORIENTED_EDGE('',*,*,#3434,.T.);
#5014=ORIENTED_EDGE('',*,*,#3437,.T.);
#5015=ORIENTED_EDGE('',*,*,#3440,.T.);
#5016=ORIENTED_EDGE('',*,*,#3443,.T.);
#5017=ORIENTED_EDGE('',*,*,#3446,.T.);
#5018=ORIENTED_EDGE('',*,*,#3449,.T.);
#5019=ORIENTED_EDGE('',*,*,#3452,.T.);
#5020=ORIENTED_EDGE('',*,*,#3455,.T.);
#5021=ORIENTED_EDGE('',*,*,#3458,.T.);
#5022=ORIENTED_EDGE('',*,*,#3461,.T.);
#5023=ORIENTED_EDGE('',*,*,#3464,.T.);
#5024=ORIENTED_EDGE('',*,*,#3467,.T.);
#5025=ORIENTED_EDGE('',*,*,#3470,.T.);
#5026=ORIENTED_EDGE('',*,*,#3473,.T.);
#5027=ORIENTED_EDGE('',*,*,#3476,.T.);
#5028=ORIENTED_EDGE('',*,*,#3479,.T.);
#5029=ORIENTED_EDGE('',*,*,#3482,.T.);
#5030=ORIENTED_EDGE('',*,*,#3485,.T.);
#5031=ORIENTED_EDGE('',*,*,#3488,.T.);
#5032=ORIENTED_EDGE('',*,*,#3491,.T.);
#5033=ORIENTED_EDGE('',*,*,#3494,.T.);
#5034=ORIENTED_EDGE('',*,*,#3497,.T.);
#5035=ORIENTED_EDGE('',*,*,#3500,.T.);
#5036=ORIENTED_EDGE('',*,*,#3503,.T.);
#5037=ORIENTED_EDGE('',*,*,#3506,.T.);
#5038=ORIENTED_EDGE('',*,*,#3509,.T.);
#5039=ORIENTED_EDGE('',*,*,#3512,.T.);
#5040=ORIENTED_EDGE('',*,*,#3515,.T.);
#5041=ORIENTED_EDGE('',*,*,#3518,.T.);
#5042=ORIENTED_EDGE('',*,*,#3521,.T.);
#5043=ORIENTED_EDGE('',*,*,#3524,.T.);
#5044=ORIENTED_EDGE('',*,*,#3527,.T.);
#5045=ORIENTED_EDGE('',*,*,#3530,.T.);
#5046=ORIENTED_EDGE('',*,*,#3533,.T.);
#5047=ORIENTED_EDGE('',*,*,#3536,.T.);
#5048=ORIENTED_EDGE('',*,*,#3539,.T.);
#5049=ORIENTED_EDGE('',*,*,#3542,.T.);
#5050=ORIENTED_EDGE('',*,*,#3545,.T.);
#5051=ORIENTED_EDGE('',*,*,#3548,.T.);
#5052=ORIENTED_EDGE('',*,*,#3551,.T.);
#5053=ORIENTED_EDGE('',*,*,#3554,.T.);
#5054=ORIENTED_EDGE('',*,*,#3557,.T.);
#5055=ORIENTED_EDGE('',*,*,#3560,.T.);
#5056=ORIENTED_EDGE('',*,*,#3563,.T.);
#5057=ORIENTED_EDGE('',*,*,#3566,.T.);
#5058=ORIENTED_EDGE('',*,*,#3569,.T.);
#5059=ORIENTED_EDGE('',*,*,#3572,.T.);
#5060=ORIENTED_EDGE('',*,*,#3575,.T.);
#5061=ORIENTED_EDGE('',*,*,#3578,.T.);
#5062=ORIENTED_EDGE('',*,*,#3581,.T.);
#5063=ORIENTED_EDGE('',*,*,#3584,.T.);
#5064=ORIENTED_EDGE('',*,*,#3587,.T.);
#5065=ORIENTED_EDGE('',*,*,#3590,.T.);
#5066=ORIENTED_EDGE('',*,*,#3593,.T.);
#5067=ORIENTED_EDGE('',*,*,#3596,.T.);
#5068=ORIENTED_EDGE('',*,*,#3599,.T.);
#5069=ORIENTED_EDGE('',*,*,#3602,.T.);
#5070=ORIENTED_EDGE('',*,*,#3605,.T.);
#5071=ORIENTED_EDGE('',*,*,#3608,.T.);
#5072=ORIENTED_EDGE('',*,*,#3611,.T.);
#5073=ORIENTED_EDGE('',*,*,#3614,.T.);
#5074=ORIENTED_EDGE('',*,*,#3617,.T.);
#5075=ORIENTED_EDGE('',*,*,#3620,.T.);
#5076=ORIENTED_EDGE('',*,*,#3623,.T.);
#5077=ORIENTED_EDGE('',*,*,#3626,.T.);
#5078=ORIENTED_EDGE('',*,*,#3629,.T.);
#5079=ORIENTED_EDGE('',*,*,#3632,.T.);
#5080=ORIENTED_EDGE('',*,*,#3635,.T.);
#5081=ORIENTED_EDGE('',*,*,#3638,.T.);
#5082=ORIENTED_EDGE('',*,*,#3641,.T.);
#5083=ORIENTED_EDGE('',*,*,#3644,.T.);
#5084=ORIENTED_EDGE('',*,*,#3647,.T.);
#5085=ORIENTED_EDGE('',*,*,#3650,.T.);
#5086=ORIENTED_EDGE('',*,*,#3653,.T.);
#5087=ORIENTED_EDGE('',*,*,#3656,.T.);
#5088=ORIENTED_EDGE('',*,*,#3659,.T.);
#5089=ORIENTED_EDGE('',*,*,#3662,.T.);
#5090=ORIENTED_EDGE('',*,*,#3665,.T.);
#5091=ORIENTED_EDGE('',*,*,#3668,.T.);
#5092=ORIENTED_EDGE('',*,*,#3671,.T.);
#5093=ORIENTED_EDGE('',*,*,#3674,.T.);
#5094=ORIENTED_EDGE('',*,*,#3677,.T.);
#5095=ORIENTED_EDGE('',*,*,#3680,.T.);
#5096=ORIENTED_EDGE('',*,*,#3683,.T.);
#5097=ORIENTED_EDGE('',*,*,#3686,.T.);
#5098=ORIENTED_EDGE('',*,*,#3689,.T.);
#5099=ORIENTED_EDGE('',*,*,#3692,.T.);
#5100=ORIENTED_EDGE('',*,*,#3695,.T.);
#5101=ORIENTED_EDGE('',*,*,#3698,.T.);
#5102=ORIENTED_EDGE('',*,*,#3701,.T.);
#5103=ORIENTED_EDGE('',*,*,#3704,.T.);
#5104=ORIENTED_EDGE('',*,*,#3707,.T.);
#5105=ORIENTED_EDGE('',*,*,#3710,.T.);
#5106=ORIENTED_EDGE('',*,*,#3713,.T.);
#5107=ORIENTED_EDGE('',*,*,#3716,.T.);
#5108=ORIENTED_EDGE('',*,*,#3719,.T.);
#5109=ORIENTED_EDGE('',*,*,#3722,.T.);
#5110=ORIENTED_EDGE('',*,*,#3725,.T.);
#5111=ORIENTED_EDGE('',*,*,#3728,.T.);
#5112=ORIENTED_EDGE('',*,*,#3731,.T.);
#5113=ORIENTED_EDGE('',*,*,#3734,.T.);
#5114=ORIENTED_EDGE('',*,*,#3737,.T.);
#5115=ORIENTED_EDGE('',*,*,#3740,.T.);
#5116=ORIENTED_EDGE('',*,*,#3743,.T.);
#5117=ORIENTED_EDGE('',*,*,#3746,.T.);
#5118=ORIENTED_EDGE('',*,*,#3749,.T.);
#5119=ORIENTED_EDGE('',*,*,#3752,.T.);
#5120=ORIENTED_EDGE('',*,*,#3755,.T.);
#5121=ORIENTED_EDGE('',*,*,#3758,.T.);
#5122=ORIENTED_EDGE('',*,*,#3761,.T.);
#5123=ORIENTED_EDGE('',*,*,#3764,.T.);
#5124=ORIENTED_EDGE('',*,*,#3767,.T.);
#5125=ORIENTED_EDGE('',*,*,#3770,.T.);
#5126=ORIENTED_EDGE('',*,*,#3773,.T.);
#5127=ORIENTED_EDGE('',*,*,#3776,.T.);
#5128=ORIENTED_EDGE('',*,*,#3779,.T.);
#5129=ORIENTED_EDGE('',*,*,#3782,.T.);
#5130=ORIENTED_EDGE('',*,*,#3785,.T.);
#5131=ORIENTED_EDGE('',*,*,#3788,.T.);
#5132=ORIENTED_EDGE('',*,*,#3791,.T.);
#5133=ORIENTED_EDGE('',*,*,#3794,.T.);
#5134=ORIENTED_EDGE('',*,*,#3797,.T.);
#5135=ORIENTED_EDGE('',*,*,#3800,.T.);
#5136=ORIENTED_EDGE('',*,*,#3803,.T.);
#5137=ORIENTED_EDGE('',*,*,#3806,.T.);
#5138=ORIENTED_EDGE('',*,*,#3809,.T.);
#5139=ORIENTED_EDGE('',*,*,#3812,.T.);
#5140=ORIENTED_EDGE('',*,*,#3815,.T.);
#5141=ORIENTED_EDGE('',*,*,#3818,.T.);
#5142=ORIENTED_EDGE('',*,*,#3821,.T.);
#5143=ORIENTED_EDGE('',*,*,#3824,.T.);
#5144=ORIENTED_EDGE('',*,*,#3827,.T.);
#5145=ORIENTED_EDGE('',*,*,#3830,.T.);
#5146=ORIENTED_EDGE('',*,*,#3833,.T.);
#5147=ORIENTED_EDGE('',*,*,#3836,.T.);
#5148=ORIENTED_EDGE('',*,*,#3839,.T.);
#5149=ORIENTED_EDGE('',*,*,#3842,.T.);
#5150=ORIENTED_EDGE('',*,*,#3845,.T.);
#5151=ORIENTED_EDGE('',*,*,#3848,.T.);
#5152=ORIENTED_EDGE('',*,*,#3851,.T.);
#5153=ORIENTED_EDGE('',*,*,#3854,.T.);
#5154=ORIENTED_EDGE('',*,*,#3857,.T.);
#5155=ORIENTED_EDGE('',*,*,#3860,.T.);
#5156=ORIENTED_EDGE('',*,*,#3863,.T.);
#5157=ORIENTED_EDGE('',*,*,#3866,.T.);
#5158=ORIENTED_EDGE('',*,*,#3869,.T.);
#5159=ORIENTED_EDGE('',*,*,#3872,.T.);
#5160=ORIENTED_EDGE('',*,*,#3875,.T.);
#5161=ORIENTED_EDGE('',*,*,#3878,.T.);
#5162=ORIENTED_EDGE('',*,*,#3881,.T.);
#5163=ORIENTED_EDGE('',*,*,#3884,.T.);
#5164=ORIENTED_EDGE('',*,*,#3887,.T.);
#5165=ORIENTED_EDGE('',*,*,#3890,.T.);
#5166=ORIENTED_EDGE('',*,*,#3893,.T.);
#5167=ORIENTED_EDGE('',*,*,#3896,.T.);
#5168=ORIENTED_EDGE('',*,*,#3899,.T.);
#5169=ORIENTED_EDGE('',*,*,#3902,.T.);
#5170=ORIENTED_EDGE('',*,*,#3905,.T.);
#5171=ORIENTED_EDGE('',*,*,#3908,.T.);
#5172=ORIENTED_EDGE('',*,*,#3921,.T.);
#5173=ORIENTED_EDGE('',*,*,#3911,.T.);
#5174=ORIENTED_EDGE('',*,*,#3915,.T.);
#5175=ORIENTED_EDGE('',*,*,#3918,.T.);
#5176=ORIENTED_EDGE('',*,*,#3238,.T.);
#5177=ORIENTED_EDGE('',*,*,#3241,.T.);
#5178=ORIENTED_EDGE('',*,*,#3244,.T.);
#5179=ORIENTED_EDGE('',*,*,#3247,.T.);
#5180=ORIENTED_EDGE('',*,*,#3250,.T.);
#5181=ORIENTED_EDGE('',*,*,#3253,.T.);
#5182=ORIENTED_EDGE('',*,*,#3256,.T.);
#5183=ORIENTED_EDGE('',*,*,#3259,.T.);
#5184=ORIENTED_EDGE('',*,*,#3262,.T.);
#5185=ORIENTED_EDGE('',*,*,#3265,.T.);
#5186=ORIENTED_EDGE('',*,*,#3268,.T.);
#5187=ORIENTED_EDGE('',*,*,#3271,.T.);
#5188=ORIENTED_EDGE('',*,*,#3274,.T.);
#5189=ORIENTED_EDGE('',*,*,#3277,.T.);
#5190=ORIENTED_EDGE('',*,*,#3280,.T.);
#5191=ORIENTED_EDGE('',*,*,#3283,.T.);
#5192=ORIENTED_EDGE('',*,*,#3286,.T.);
#5193=ORIENTED_EDGE('',*,*,#3289,.T.);
#5194=ORIENTED_EDGE('',*,*,#3292,.T.);
#5195=ORIENTED_EDGE('',*,*,#3295,.T.);
#5196=ORIENTED_EDGE('',*,*,#3298,.T.);
#5197=ORIENTED_EDGE('',*,*,#3301,.T.);
#5198=ORIENTED_EDGE('',*,*,#3304,.T.);
#5199=ORIENTED_EDGE('',*,*,#3307,.T.);
#5200=ORIENTED_EDGE('',*,*,#3310,.T.);
#5201=ORIENTED_EDGE('',*,*,#3313,.T.);
#5202=ORIENTED_EDGE('',*,*,#3316,.T.);
#5203=ORIENTED_EDGE('',*,*,#3319,.T.);
#5204=ORIENTED_EDGE('',*,*,#3322,.T.);
#5205=ORIENTED_EDGE('',*,*,#3325,.T.);
#5206=ORIENTED_EDGE('',*,*,#3328,.T.);
#5207=ORIENTED_EDGE('',*,*,#3331,.T.);
#5208=ORIENTED_EDGE('',*,*,#3334,.T.);
#5209=ORIENTED_EDGE('',*,*,#3337,.T.);
#5210=ORIENTED_EDGE('',*,*,#3340,.T.);
#5211=ORIENTED_EDGE('',*,*,#3343,.T.);
#5212=ORIENTED_EDGE('',*,*,#3346,.T.);
#5213=ORIENTED_EDGE('',*,*,#3349,.T.);
#5214=ORIENTED_EDGE('',*,*,#3352,.T.);
#5215=ORIENTED_EDGE('',*,*,#3355,.T.);
#5216=ORIENTED_EDGE('',*,*,#3358,.T.);
#5217=ORIENTED_EDGE('',*,*,#3361,.T.);
#5218=ORIENTED_EDGE('',*,*,#3364,.T.);
#5219=ORIENTED_EDGE('',*,*,#3367,.T.);
#5220=ORIENTED_EDGE('',*,*,#3370,.T.);
#5221=ORIENTED_EDGE('',*,*,#3373,.T.);
#5222=ORIENTED_EDGE('',*,*,#3376,.T.);
#5223=ORIENTED_EDGE('',*,*,#3379,.T.);
#5224=ORIENTED_EDGE('',*,*,#3382,.T.);
#5225=ORIENTED_EDGE('',*,*,#3385,.T.);
#5226=ORIENTED_EDGE('',*,*,#3388,.T.);
#5227=ORIENTED_EDGE('',*,*,#3391,.T.);
#5228=ORIENTED_EDGE('',*,*,#3394,.T.);
#5229=ORIENTED_EDGE('',*,*,#3397,.T.);
#5230=ORIENTED_EDGE('',*,*,#3400,.T.);
#5231=ORIENTED_EDGE('',*,*,#3403,.T.);
#5232=ORIENTED_EDGE('',*,*,#3406,.T.);
#5233=ORIENTED_EDGE('',*,*,#3409,.T.);
#5234=ORIENTED_EDGE('',*,*,#3412,.T.);
#5235=ORIENTED_EDGE('',*,*,#3415,.T.);
#5236=ORIENTED_EDGE('',*,*,#3418,.T.);
#5237=ORIENTED_EDGE('',*,*,#3421,.T.);
#5238=ORIENTED_EDGE('',*,*,#3424,.T.);
#5239=ORIENTED_EDGE('',*,*,#3427,.T.);
#5240=ORIENTED_EDGE('',*,*,#3430,.T.);
#5241=ORIENTED_EDGE('',*,*,#3433,.T.);
#5242=ORIENTED_EDGE('',*,*,#3436,.T.);
#5243=ORIENTED_EDGE('',*,*,#3439,.T.);
#5244=ORIENTED_EDGE('',*,*,#3442,.T.);
#5245=ORIENTED_EDGE('',*,*,#3445,.T.);
#5246=ORIENTED_EDGE('',*,*,#3448,.T.);
#5247=ORIENTED_EDGE('',*,*,#3451,.T.);
#5248=ORIENTED_EDGE('',*,*,#3454,.T.);
#5249=ORIENTED_EDGE('',*,*,#3457,.T.);
#5250=ORIENTED_EDGE('',*,*,#3460,.T.);
#5251=ORIENTED_EDGE('',*,*,#3463,.T.);
#5252=ORIENTED_EDGE('',*,*,#3466,.T.);
#5253=ORIENTED_EDGE('',*,*,#3469,.T.);
#5254=ORIENTED_EDGE('',*,*,#3472,.T.);
#5255=ORIENTED_EDGE('',*,*,#3475,.T.);
#5256=ORIENTED_EDGE('',*,*,#3478,.T.);
#5257=ORIENTED_EDGE('',*,*,#3481,.T.);
#5258=ORIENTED_EDGE('',*,*,#3484,.T.);
#5259=ORIENTED_EDGE('',*,*,#3487,.T.);
#5260=ORIENTED_EDGE('',*,*,#3490,.T.);
#5261=ORIENTED_EDGE('',*,*,#3493,.T.);
#5262=ORIENTED_EDGE('',*,*,#3496,.T.);
#5263=ORIENTED_EDGE('',*,*,#3499,.T.);
#5264=ORIENTED_EDGE('',*,*,#3502,.T.);
#5265=ORIENTED_EDGE('',*,*,#3505,.T.);
#5266=ORIENTED_EDGE('',*,*,#3508,.T.);
#5267=ORIENTED_EDGE('',*,*,#3511,.T.);
#5268=ORIENTED_EDGE('',*,*,#3514,.T.);
#5269=ORIENTED_EDGE('',*,*,#3517,.T.);
#5270=ORIENTED_EDGE('',*,*,#3520,.T.);
#5271=ORIENTED_EDGE('',*,*,#3523,.T.);
#5272=ORIENTED_EDGE('',*,*,#3526,.T.);
#5273=ORIENTED_EDGE('',*,*,#3529,.T.);
#5274=ORIENTED_EDGE('',*,*,#3532,.T.);
#5275=ORIENTED_EDGE('',*,*,#3535,.T.);
#5276=ORIENTED_EDGE('',*,*,#3538,.T.);
#5277=ORIENTED_EDGE('',*,*,#3541,.T.);
#5278=ORIENTED_EDGE('',*,*,#3544,.T.);
#5279=ORIENTED_EDGE('',*,*,#3547,.T.);
#5280=ORIENTED_EDGE('',*,*,#3550,.T.);
#5281=ORIENTED_EDGE('',*,*,#3553,.T.);
#5282=ORIENTED_EDGE('',*,*,#3556,.T.);
#5283=ORIENTED_EDGE('',*,*,#3559,.T.);
#5284=ORIENTED_EDGE('',*,*,#3562,.T.);
#5285=ORIENTED_EDGE('',*,*,#3565,.T.);
#5286=ORIENTED_EDGE('',*,*,#3568,.T.);
#5287=ORIENTED_EDGE('',*,*,#3571,.T.);
#5288=ORIENTED_EDGE('',*,*,#3574,.T.);
#5289=ORIENTED_EDGE('',*,*,#3577,.T.);
#5290=ORIENTED_EDGE('',*,*,#3580,.T.);
#5291=ORIENTED_EDGE('',*,*,#3583,.T.);
#5292=ORIENTED_EDGE('',*,*,#3586,.T.);
#5293=ORIENTED_EDGE('',*,*,#3589,.T.);
#5294=ORIENTED_EDGE('',*,*,#3592,.T.);
#5295=ORIENTED_EDGE('',*,*,#3595,.T.);
#5296=ORIENTED_EDGE('',*,*,#3598,.T.);
#5297=ORIENTED_EDGE('',*,*,#3601,.T.);
#5298=ORIENTED_EDGE('',*,*,#3604,.T.);
#5299=ORIENTED_EDGE('',*,*,#3607,.T.);
#5300=ORIENTED_EDGE('',*,*,#3610,.T.);
#5301=ORIENTED_EDGE('',*,*,#3613,.T.);
#5302=ORIENTED_EDGE('',*,*,#3616,.T.);
#5303=ORIENTED_EDGE('',*,*,#3619,.T.);
#5304=ORIENTED_EDGE('',*,*,#3622,.T.);
#5305=ORIENTED_EDGE('',*,*,#3625,.T.);
#5306=ORIENTED_EDGE('',*,*,#3628,.T.);
#5307=ORIENTED_EDGE('',*,*,#3631,.T.);
#5308=ORIENTED_EDGE('',*,*,#3634,.T.);
#5309=ORIENTED_EDGE('',*,*,#3637,.T.);
#5310=ORIENTED_EDGE('',*,*,#3640,.T.);
#5311=ORIENTED_EDGE('',*,*,#3643,.T.);
#5312=ORIENTED_EDGE('',*,*,#3646,.T.);
#5313=ORIENTED_EDGE('',*,*,#3649,.T.);
#5314=ORIENTED_EDGE('',*,*,#3652,.T.);
#5315=ORIENTED_EDGE('',*,*,#3655,.T.);
#5316=ORIENTED_EDGE('',*,*,#3658,.T.);
#5317=ORIENTED_EDGE('',*,*,#3661,.T.);
#5318=ORIENTED_EDGE('',*,*,#3664,.T.);
#5319=ORIENTED_EDGE('',*,*,#3667,.T.);
#5320=ORIENTED_EDGE('',*,*,#3670,.T.);
#5321=ORIENTED_EDGE('',*,*,#3673,.T.);
#5322=ORIENTED_EDGE('',*,*,#3676,.T.);
#5323=ORIENTED_EDGE('',*,*,#3679,.T.);
#5324=ORIENTED_EDGE('',*,*,#3682,.T.);
#5325=ORIENTED_EDGE('',*,*,#3685,.T.);
#5326=ORIENTED_EDGE('',*,*,#3688,.T.);
#5327=ORIENTED_EDGE('',*,*,#3691,.T.);
#5328=ORIENTED_EDGE('',*,*,#3694,.T.);
#5329=ORIENTED_EDGE('',*,*,#3697,.T.);
#5330=ORIENTED_EDGE('',*,*,#3700,.T.);
#5331=ORIENTED_EDGE('',*,*,#3703,.T.);
#5332=ORIENTED_EDGE('',*,*,#3706,.T.);
#5333=ORIENTED_EDGE('',*,*,#3709,.T.);
#5334=ORIENTED_EDGE('',*,*,#3712,.T.);
#5335=ORIENTED_EDGE('',*,*,#3715,.T.);
#5336=ORIENTED_EDGE('',*,*,#3718,.T.);
#5337=ORIENTED_EDGE('',*,*,#3721,.T.);
#5338=ORIENTED_EDGE('',*,*,#3724,.T.);
#5339=ORIENTED_EDGE('',*,*,#3727,.T.);
#5340=ORIENTED_EDGE('',*,*,#3730,.T.);
#5341=ORIENTED_EDGE('',*,*,#3733,.T.);
#5342=ORIENTED_EDGE('',*,*,#3736,.T.);
#5343=ORIENTED_EDGE('',*,*,#3739,.T.);
#5344=ORIENTED_EDGE('',*,*,#3742,.T.);
#5345=ORIENTED_EDGE('',*,*,#3745,.T.);
#5346=ORIENTED_EDGE('',*,*,#3748,.T.);
#5347=ORIENTED_EDGE('',*,*,#3751,.T.);
#5348=ORIENTED_EDGE('',*,*,#3754,.T.);
#5349=ORIENTED_EDGE('',*,*,#3757,.T.);
#5350=ORIENTED_EDGE('',*,*,#3760,.T.);
#5351=ORIENTED_EDGE('',*,*,#3763,.T.);
#5352=ORIENTED_EDGE('',*,*,#3766,.T.);
#5353=ORIENTED_EDGE('',*,*,#3769,.T.);
#5354=ORIENTED_EDGE('',*,*,#3772,.T.);
#5355=ORIENTED_EDGE('',*,*,#3775,.T.);
#5356=ORIENTED_EDGE('',*,*,#3778,.T.);
#5357=ORIENTED_EDGE('',*,*,#3781,.T.);
#5358=ORIENTED_EDGE('',*,*,#3784,.T.);
#5359=ORIENTED_EDGE('',*,*,#3787,.T.);
#5360=ORIENTED_EDGE('',*,*,#3790,.T.);
#5361=ORIENTED_EDGE('',*,*,#3793,.T.);
#5362=ORIENTED_EDGE('',*,*,#3796,.T.);
#5363=ORIENTED_EDGE('',*,*,#3799,.T.);
#5364=ORIENTED_EDGE('',*,*,#3802,.T.);
#5365=ORIENTED_EDGE('',*,*,#3805,.T.);
#5366=ORIENTED_EDGE('',*,*,#3808,.T.);
#5367=ORIENTED_EDGE('',*,*,#3811,.T.);
#5368=ORIENTED_EDGE('',*,*,#3814,.T.);
#5369=ORIENTED_EDGE('',*,*,#3817,.T.);
#5370=ORIENTED_EDGE('',*,*,#3820,.T.);
#5371=ORIENTED_EDGE('',*,*,#3823,.T.);
#5372=ORIENTED_EDGE('',*,*,#3826,.T.);
#5373=ORIENTED_EDGE('',*,*,#3829,.T.);
#5374=ORIENTED_EDGE('',*,*,#3832,.T.);
#5375=ORIENTED_EDGE('',*,*,#3835,.T.);
#5376=ORIENTED_EDGE('',*,*,#3838,.T.);
#5377=ORIENTED_EDGE('',*,*,#3841,.T.);
#5378=ORIENTED_EDGE('',*,*,#3844,.T.);
#5379=ORIENTED_EDGE('',*,*,#3847,.T.);
#5380=ORIENTED_EDGE('',*,*,#3850,.T.);
#5381=ORIENTED_EDGE('',*,*,#3853,.T.);
#5382=ORIENTED_EDGE('',*,*,#3856,.T.);
#5383=ORIENTED_EDGE('',*,*,#3859,.T.);
#5384=ORIENTED_EDGE('',*,*,#3862,.T.);
#5385=ORIENTED_EDGE('',*,*,#3865,.T.);
#5386=ORIENTED_EDGE('',*,*,#3868,.T.);
#5387=ORIENTED_EDGE('',*,*,#3871,.T.);
#5388=ORIENTED_EDGE('',*,*,#3874,.T.);
#5389=ORIENTED_EDGE('',*,*,#3877,.T.);
#5390=ORIENTED_EDGE('',*,*,#3880,.T.);
#5391=ORIENTED_EDGE('',*,*,#3883,.T.);
#5392=ORIENTED_EDGE('',*,*,#3886,.T.);
#5393=ORIENTED_EDGE('',*,*,#3889,.T.);
#5394=ORIENTED_EDGE('',*,*,#3892,.T.);
#5395=ORIENTED_EDGE('',*,*,#3895,.T.);
#5396=ORIENTED_EDGE('',*,*,#3898,.T.);
#5397=ORIENTED_EDGE('',*,*,#3901,.T.);
#5398=ORIENTED_EDGE('',*,*,#3904,.T.);
#5399=ORIENTED_EDGE('',*,*,#3907,.T.);
#5400=ORIENTED_EDGE('',*,*,#3910,.T.);
#5401=PLANE('',#5704);
#5402=PLANE('',#5705);
#5403=PLANE('',#5706);
#5404=PLANE('',#5708);
#5405=PLANE('',#5709);
#5406=PLANE('',#5710);
#5407=PLANE('',#5712);
#5408=PLANE('',#5713);
#5409=PLANE('',#5718);
#5410=PLANE('',#5719);
#5411=PLANE('',#5720);
#5412=PLANE('',#5721);
#5413=PLANE('',#5722);
#5414=PLANE('',#5723);
#5415=PLANE('',#5724);
#5416=PLANE('',#5725);
#5417=PLANE('',#5726);
#5418=PLANE('',#5727);
#5419=PLANE('',#6405);
#5420=PLANE('',#6406);
#5421=PLANE('',#6407);
#5422=PLANE('',#6408);
#5423=PLANE('',#6409);
#5424=PLANE('',#6410);
#5425=ADVANCED_FACE('',(#1166),#5401,.T.);
#5426=ADVANCED_FACE('',(#1167),#5402,.T.);
#5427=ADVANCED_FACE('',(#1168,#258),#5403,.F.);
#5428=ADVANCED_FACE('',(#1169),#5404,.F.);
#5429=ADVANCED_FACE('',(#1170),#5405,.F.);
#5430=ADVANCED_FACE('',(#1171,#259),#5406,.F.);
#5431=ADVANCED_FACE('',(#1172),#5407,.F.);
#5432=ADVANCED_FACE('',(#1173),#5408,.T.);
#5433=ADVANCED_FACE('',(#1174),#31,.F.);
#5434=ADVANCED_FACE('',(#1175),#32,.F.);
#5435=ADVANCED_FACE('',(#1176),#5409,.F.);
#5436=ADVANCED_FACE('',(#1177),#5410,.T.);
#5437=ADVANCED_FACE('',(#1178),#5411,.F.);
#5438=ADVANCED_FACE('',(#1179),#5412,.F.);
#5439=ADVANCED_FACE('',(#1180,#260),#5413,.T.);
#5440=ADVANCED_FACE('',(#1181),#5414,.T.);
#5441=ADVANCED_FACE('',(#1182),#5415,.T.);
#5442=ADVANCED_FACE('',(#1183,#261),#5416,.T.);
#5443=ADVANCED_FACE('',(#1184),#5417,.T.);
#5444=ADVANCED_FACE('',(#1185),#5418,.F.);
#5445=ADVANCED_FACE('',(#1186),#33,.F.);
#5446=ADVANCED_FACE('',(#1187),#34,.F.);
#5447=ADVANCED_FACE('',(#1188),#35,.F.);
#5448=ADVANCED_FACE('',(#1189),#36,.F.);
#5449=ADVANCED_FACE('',(#1190),#37,.F.);
#5450=ADVANCED_FACE('',(#1191),#38,.F.);
#5451=ADVANCED_FACE('',(#1192),#39,.F.);
#5452=ADVANCED_FACE('',(#1193),#40,.F.);
#5453=ADVANCED_FACE('',(#1194),#41,.F.);
#5454=ADVANCED_FACE('',(#1195),#42,.F.);
#5455=ADVANCED_FACE('',(#1196),#43,.F.);
#5456=ADVANCED_FACE('',(#1197),#44,.F.);
#5457=ADVANCED_FACE('',(#1198),#45,.F.);
#5458=ADVANCED_FACE('',(#1199),#46,.F.);
#5459=ADVANCED_FACE('',(#1200),#47,.F.);
#5460=ADVANCED_FACE('',(#1201),#48,.F.);
#5461=ADVANCED_FACE('',(#1202),#49,.F.);
#5462=ADVANCED_FACE('',(#1203),#50,.F.);
#5463=ADVANCED_FACE('',(#1204),#51,.F.);
#5464=ADVANCED_FACE('',(#1205),#52,.F.);
#5465=ADVANCED_FACE('',(#1206),#53,.F.);
#5466=ADVANCED_FACE('',(#1207),#54,.F.);
#5467=ADVANCED_FACE('',(#1208),#55,.F.);
#5468=ADVANCED_FACE('',(#1209),#56,.F.);
#5469=ADVANCED_FACE('',(#1210),#57,.F.);
#5470=ADVANCED_FACE('',(#1211),#58,.F.);
#5471=ADVANCED_FACE('',(#1212),#59,.F.);
#5472=ADVANCED_FACE('',(#1213),#60,.F.);
#5473=ADVANCED_FACE('',(#1214),#61,.F.);
#5474=ADVANCED_FACE('',(#1215),#62,.F.);
#5475=ADVANCED_FACE('',(#1216),#63,.F.);
#5476=ADVANCED_FACE('',(#1217),#64,.F.);
#5477=ADVANCED_FACE('',(#1218),#65,.F.);
#5478=ADVANCED_FACE('',(#1219),#66,.F.);
#5479=ADVANCED_FACE('',(#1220),#67,.F.);
#5480=ADVANCED_FACE('',(#1221),#68,.F.);
#5481=ADVANCED_FACE('',(#1222),#69,.F.);
#5482=ADVANCED_FACE('',(#1223),#70,.F.);
#5483=ADVANCED_FACE('',(#1224),#71,.F.);
#5484=ADVANCED_FACE('',(#1225),#72,.F.);
#5485=ADVANCED_FACE('',(#1226),#73,.F.);
#5486=ADVANCED_FACE('',(#1227),#74,.F.);
#5487=ADVANCED_FACE('',(#1228),#75,.F.);
#5488=ADVANCED_FACE('',(#1229),#76,.F.);
#5489=ADVANCED_FACE('',(#1230),#77,.F.);
#5490=ADVANCED_FACE('',(#1231),#78,.F.);
#5491=ADVANCED_FACE('',(#1232),#79,.F.);
#5492=ADVANCED_FACE('',(#1233),#80,.F.);
#5493=ADVANCED_FACE('',(#1234),#81,.F.);
#5494=ADVANCED_FACE('',(#1235),#82,.F.);
#5495=ADVANCED_FACE('',(#1236),#83,.F.);
#5496=ADVANCED_FACE('',(#1237),#84,.F.);
#5497=ADVANCED_FACE('',(#1238),#85,.F.);
#5498=ADVANCED_FACE('',(#1239),#86,.F.);
#5499=ADVANCED_FACE('',(#1240),#87,.F.);
#5500=ADVANCED_FACE('',(#1241),#88,.F.);
#5501=ADVANCED_FACE('',(#1242),#89,.F.);
#5502=ADVANCED_FACE('',(#1243),#90,.F.);
#5503=ADVANCED_FACE('',(#1244),#91,.F.);
#5504=ADVANCED_FACE('',(#1245),#92,.F.);
#5505=ADVANCED_FACE('',(#1246),#93,.F.);
#5506=ADVANCED_FACE('',(#1247),#94,.F.);
#5507=ADVANCED_FACE('',(#1248),#95,.F.);
#5508=ADVANCED_FACE('',(#1249),#96,.F.);
#5509=ADVANCED_FACE('',(#1250),#97,.F.);
#5510=ADVANCED_FACE('',(#1251),#98,.F.);
#5511=ADVANCED_FACE('',(#1252),#99,.F.);
#5512=ADVANCED_FACE('',(#1253),#100,.F.);
#5513=ADVANCED_FACE('',(#1254),#101,.F.);
#5514=ADVANCED_FACE('',(#1255),#102,.F.);
#5515=ADVANCED_FACE('',(#1256),#103,.F.);
#5516=ADVANCED_FACE('',(#1257),#104,.F.);
#5517=ADVANCED_FACE('',(#1258),#105,.F.);
#5518=ADVANCED_FACE('',(#1259),#106,.F.);
#5519=ADVANCED_FACE('',(#1260),#107,.F.);
#5520=ADVANCED_FACE('',(#1261),#108,.F.);
#5521=ADVANCED_FACE('',(#1262),#109,.F.);
#5522=ADVANCED_FACE('',(#1263),#110,.F.);
#5523=ADVANCED_FACE('',(#1264),#111,.F.);
#5524=ADVANCED_FACE('',(#1265),#112,.F.);
#5525=ADVANCED_FACE('',(#1266),#113,.F.);
#5526=ADVANCED_FACE('',(#1267),#114,.F.);
#5527=ADVANCED_FACE('',(#1268),#115,.F.);
#5528=ADVANCED_FACE('',(#1269),#116,.F.);
#5529=ADVANCED_FACE('',(#1270),#117,.F.);
#5530=ADVANCED_FACE('',(#1271),#118,.F.);
#5531=ADVANCED_FACE('',(#1272),#119,.F.);
#5532=ADVANCED_FACE('',(#1273),#120,.F.);
#5533=ADVANCED_FACE('',(#1274),#121,.F.);
#5534=ADVANCED_FACE('',(#1275),#122,.F.);
#5535=ADVANCED_FACE('',(#1276),#123,.F.);
#5536=ADVANCED_FACE('',(#1277),#124,.F.);
#5537=ADVANCED_FACE('',(#1278),#125,.F.);
#5538=ADVANCED_FACE('',(#1279),#126,.F.);
#5539=ADVANCED_FACE('',(#1280),#127,.F.);
#5540=ADVANCED_FACE('',(#1281),#128,.F.);
#5541=ADVANCED_FACE('',(#1282),#129,.F.);
#5542=ADVANCED_FACE('',(#1283),#130,.F.);
#5543=ADVANCED_FACE('',(#1284),#131,.F.);
#5544=ADVANCED_FACE('',(#1285),#132,.F.);
#5545=ADVANCED_FACE('',(#1286),#133,.F.);
#5546=ADVANCED_FACE('',(#1287),#134,.F.);
#5547=ADVANCED_FACE('',(#1288),#135,.F.);
#5548=ADVANCED_FACE('',(#1289),#136,.F.);
#5549=ADVANCED_FACE('',(#1290),#137,.F.);
#5550=ADVANCED_FACE('',(#1291),#138,.F.);
#5551=ADVANCED_FACE('',(#1292),#139,.F.);
#5552=ADVANCED_FACE('',(#1293),#140,.F.);
#5553=ADVANCED_FACE('',(#1294),#141,.F.);
#5554=ADVANCED_FACE('',(#1295),#142,.F.);
#5555=ADVANCED_FACE('',(#1296),#143,.F.);
#5556=ADVANCED_FACE('',(#1297),#144,.F.);
#5557=ADVANCED_FACE('',(#1298),#145,.F.);
#5558=ADVANCED_FACE('',(#1299),#146,.F.);
#5559=ADVANCED_FACE('',(#1300),#147,.F.);
#5560=ADVANCED_FACE('',(#1301),#148,.F.);
#5561=ADVANCED_FACE('',(#1302),#149,.F.);
#5562=ADVANCED_FACE('',(#1303),#150,.F.);
#5563=ADVANCED_FACE('',(#1304),#151,.F.);
#5564=ADVANCED_FACE('',(#1305),#152,.F.);
#5565=ADVANCED_FACE('',(#1306),#153,.F.);
#5566=ADVANCED_FACE('',(#1307),#154,.F.);
#5567=ADVANCED_FACE('',(#1308),#155,.F.);
#5568=ADVANCED_FACE('',(#1309),#156,.F.);
#5569=ADVANCED_FACE('',(#1310),#157,.F.);
#5570=ADVANCED_FACE('',(#1311),#158,.F.);
#5571=ADVANCED_FACE('',(#1312),#159,.F.);
#5572=ADVANCED_FACE('',(#1313),#160,.F.);
#5573=ADVANCED_FACE('',(#1314),#161,.F.);
#5574=ADVANCED_FACE('',(#1315),#162,.F.);
#5575=ADVANCED_FACE('',(#1316),#163,.F.);
#5576=ADVANCED_FACE('',(#1317),#164,.F.);
#5577=ADVANCED_FACE('',(#1318),#165,.F.);
#5578=ADVANCED_FACE('',(#1319),#166,.F.);
#5579=ADVANCED_FACE('',(#1320),#167,.F.);
#5580=ADVANCED_FACE('',(#1321),#168,.F.);
#5581=ADVANCED_FACE('',(#1322),#169,.F.);
#5582=ADVANCED_FACE('',(#1323),#170,.F.);
#5583=ADVANCED_FACE('',(#1324),#171,.F.);
#5584=ADVANCED_FACE('',(#1325),#172,.F.);
#5585=ADVANCED_FACE('',(#1326),#173,.F.);
#5586=ADVANCED_FACE('',(#1327),#174,.F.);
#5587=ADVANCED_FACE('',(#1328),#175,.F.);
#5588=ADVANCED_FACE('',(#1329),#176,.F.);
#5589=ADVANCED_FACE('',(#1330),#177,.F.);
#5590=ADVANCED_FACE('',(#1331),#178,.F.);
#5591=ADVANCED_FACE('',(#1332),#179,.F.);
#5592=ADVANCED_FACE('',(#1333),#180,.F.);
#5593=ADVANCED_FACE('',(#1334),#181,.F.);
#5594=ADVANCED_FACE('',(#1335),#182,.F.);
#5595=ADVANCED_FACE('',(#1336),#183,.F.);
#5596=ADVANCED_FACE('',(#1337),#184,.F.);
#5597=ADVANCED_FACE('',(#1338),#185,.F.);
#5598=ADVANCED_FACE('',(#1339),#186,.F.);
#5599=ADVANCED_FACE('',(#1340),#187,.F.);
#5600=ADVANCED_FACE('',(#1341),#188,.F.);
#5601=ADVANCED_FACE('',(#1342),#189,.F.);
#5602=ADVANCED_FACE('',(#1343),#190,.F.);
#5603=ADVANCED_FACE('',(#1344),#191,.F.);
#5604=ADVANCED_FACE('',(#1345),#192,.F.);
#5605=ADVANCED_FACE('',(#1346),#193,.F.);
#5606=ADVANCED_FACE('',(#1347),#194,.F.);
#5607=ADVANCED_FACE('',(#1348),#195,.F.);
#5608=ADVANCED_FACE('',(#1349),#196,.F.);
#5609=ADVANCED_FACE('',(#1350),#197,.F.);
#5610=ADVANCED_FACE('',(#1351),#198,.F.);
#5611=ADVANCED_FACE('',(#1352),#199,.F.);
#5612=ADVANCED_FACE('',(#1353),#200,.F.);
#5613=ADVANCED_FACE('',(#1354),#201,.F.);
#5614=ADVANCED_FACE('',(#1355),#202,.F.);
#5615=ADVANCED_FACE('',(#1356),#203,.F.);
#5616=ADVANCED_FACE('',(#1357),#204,.F.);
#5617=ADVANCED_FACE('',(#1358),#205,.F.);
#5618=ADVANCED_FACE('',(#1359),#206,.F.);
#5619=ADVANCED_FACE('',(#1360),#207,.F.);
#5620=ADVANCED_FACE('',(#1361),#208,.F.);
#5621=ADVANCED_FACE('',(#1362),#209,.F.);
#5622=ADVANCED_FACE('',(#1363),#210,.F.);
#5623=ADVANCED_FACE('',(#1364),#211,.F.);
#5624=ADVANCED_FACE('',(#1365),#212,.F.);
#5625=ADVANCED_FACE('',(#1366),#213,.F.);
#5626=ADVANCED_FACE('',(#1367),#214,.F.);
#5627=ADVANCED_FACE('',(#1368),#215,.F.);
#5628=ADVANCED_FACE('',(#1369),#216,.F.);
#5629=ADVANCED_FACE('',(#1370),#217,.F.);
#5630=ADVANCED_FACE('',(#1371),#218,.F.);
#5631=ADVANCED_FACE('',(#1372),#219,.F.);
#5632=ADVANCED_FACE('',(#1373),#220,.F.);
#5633=ADVANCED_FACE('',(#1374),#221,.F.);
#5634=ADVANCED_FACE('',(#1375),#222,.F.);
#5635=ADVANCED_FACE('',(#1376),#223,.F.);
#5636=ADVANCED_FACE('',(#1377),#224,.F.);
#5637=ADVANCED_FACE('',(#1378),#225,.F.);
#5638=ADVANCED_FACE('',(#1379),#226,.F.);
#5639=ADVANCED_FACE('',(#1380),#227,.F.);
#5640=ADVANCED_FACE('',(#1381),#228,.F.);
#5641=ADVANCED_FACE('',(#1382),#229,.F.);
#5642=ADVANCED_FACE('',(#1383),#230,.F.);
#5643=ADVANCED_FACE('',(#1384),#231,.F.);
#5644=ADVANCED_FACE('',(#1385),#232,.F.);
#5645=ADVANCED_FACE('',(#1386),#233,.F.);
#5646=ADVANCED_FACE('',(#1387),#234,.F.);
#5647=ADVANCED_FACE('',(#1388),#235,.F.);
#5648=ADVANCED_FACE('',(#1389),#236,.F.);
#5649=ADVANCED_FACE('',(#1390),#237,.F.);
#5650=ADVANCED_FACE('',(#1391),#238,.F.);
#5651=ADVANCED_FACE('',(#1392),#239,.F.);
#5652=ADVANCED_FACE('',(#1393),#240,.F.);
#5653=ADVANCED_FACE('',(#1394),#241,.F.);
#5654=ADVANCED_FACE('',(#1395),#242,.F.);
#5655=ADVANCED_FACE('',(#1396),#243,.F.);
#5656=ADVANCED_FACE('',(#1397),#244,.F.);
#5657=ADVANCED_FACE('',(#1398),#245,.F.);
#5658=ADVANCED_FACE('',(#1399),#246,.F.);
#5659=ADVANCED_FACE('',(#1400),#247,.F.);
#5660=ADVANCED_FACE('',(#1401),#248,.F.);
#5661=ADVANCED_FACE('',(#1402),#249,.F.);
#5662=ADVANCED_FACE('',(#1403),#250,.F.);
#5663=ADVANCED_FACE('',(#1404),#251,.F.);
#5664=ADVANCED_FACE('',(#1405),#252,.F.);
#5665=ADVANCED_FACE('',(#1406),#253,.F.);
#5666=ADVANCED_FACE('',(#1407),#254,.F.);
#5667=ADVANCED_FACE('',(#1408),#255,.F.);
#5668=ADVANCED_FACE('',(#1409),#256,.F.);
#5669=ADVANCED_FACE('',(#1410),#257,.F.);
#5670=ADVANCED_FACE('',(#1411),#5419,.T.);
#5671=ADVANCED_FACE('',(#1412),#5420,.T.);
#5672=ADVANCED_FACE('',(#1413),#5421,.T.);
#5673=ADVANCED_FACE('',(#1414),#5422,.T.);
#5674=ADVANCED_FACE('',(#1415,#262,#263,#264,#265,#266,#267,#268,#269,#270,
#271,#272,#273,#274,#275,#276,#277,#278,#279,#280,#281,#282,#283,#284,#285,
#286,#287,#288,#289,#290,#291,#292,#293,#294,#295,#296,#297,#298,#299,#300,
#301,#302,#303,#304,#305,#306,#307,#308,#309,#310,#311,#312,#313,#314,#315,
#316,#317,#318,#319,#320,#321,#322,#323,#324,#325,#326,#327,#328,#329,#330,
#331,#332,#333,#334,#335,#336,#337,#338,#339,#340,#341,#342,#343,#344,#345,
#346,#347,#348,#349,#350,#351,#352,#353,#354,#355,#356,#357,#358,#359,#360,
#361,#362,#363,#364,#365,#366,#367,#368,#369,#370,#371,#372,#373,#374,#375,
#376,#377,#378,#379,#380,#381,#382,#383,#384,#385,#386,#387,#388,#389,#390,
#391,#392,#393,#394,#395,#396,#397,#398,#399,#400,#401,#402,#403,#404,#405,
#406,#407,#408,#409,#410,#411,#412,#413,#414,#415,#416,#417,#418,#419,#420,
#421,#422,#423,#424,#425,#426,#427,#428,#429,#430,#431,#432,#433,#434,#435,
#436,#437,#438,#439,#440,#441,#442,#443,#444,#445,#446,#447,#448,#449,#450,
#451,#452,#453,#454,#455,#456,#457,#458,#459,#460,#461,#462,#463,#464,#465,
#466,#467,#468,#469,#470,#471,#472,#473,#474,#475,#476,#477,#478,#479,#480,
#481,#482,#483,#484,#485,#486),#5423,.T.);
#5675=ADVANCED_FACE('',(#1416,#487,#488,#489,#490,#491,#492,#493,#494,#495,
#496,#497,#498,#499,#500,#501,#502,#503,#504,#505,#506,#507,#508,#509,#510,
#511,#512,#513,#514,#515,#516,#517,#518,#519,#520,#521,#522,#523,#524,#525,
#526,#527,#528,#529,#530,#531,#532,#533,#534,#535,#536,#537,#538,#539,#540,
#541,#542,#543,#544,#545,#546,#547,#548,#549,#550,#551,#552,#553,#554,#555,
#556,#557,#558,#559,#560,#561,#562,#563,#564,#565,#566,#567,#568,#569,#570,
#571,#572,#573,#574,#575,#576,#577,#578,#579,#580,#581,#582,#583,#584,#585,
#586,#587,#588,#589,#590,#591,#592,#593,#594,#595,#596,#597,#598,#599,#600,
#601,#602,#603,#604,#605,#606,#607,#608,#609,#610,#611,#612,#613,#614,#615,
#616,#617,#618,#619,#620,#621,#622,#623,#624,#625,#626,#627,#628,#629,#630,
#631,#632,#633,#634,#635,#636,#637,#638,#639,#640,#641,#642,#643,#644,#645,
#646,#647,#648,#649,#650,#651,#652,#653,#654,#655,#656,#657,#658,#659,#660,
#661,#662,#663,#664,#665,#666,#667,#668,#669,#670,#671,#672,#673,#674,#675,
#676,#677,#678,#679,#680,#681,#682,#683,#684,#685,#686,#687,#688,#689,#690,
#691,#692,#693,#694,#695,#696,#697,#698,#699,#700,#701,#702,#703,#704,#705,
#706,#707,#708,#709,#710,#711),#5424,.F.);
#5676=CLOSED_SHELL('',(#5425,#5426,#5427,#5428,#5429,#5430,#5431,#5432,
#5433,#5434,#5435,#5436,#5437,#5438,#5439,#5440,#5441,#5442,#5443,#5444));
#5677=CLOSED_SHELL('',(#5445,#5446,#5447,#5448,#5449,#5450,#5451,#5452,
#5453,#5454,#5455,#5456,#5457,#5458,#5459,#5460,#5461,#5462,#5463,#5464,
#5465,#5466,#5467,#5468,#5469,#5470,#5471,#5472,#5473,#5474,#5475,#5476,
#5477,#5478,#5479,#5480,#5481,#5482,#5483,#5484,#5485,#5486,#5487,#5488,
#5489,#5490,#5491,#5492,#5493,#5494,#5495,#5496,#5497,#5498,#5499,#5500,
#5501,#5502,#5503,#5504,#5505,#5506,#5507,#5508,#5509,#5510,#5511,#5512,
#5513,#5514,#5515,#5516,#5517,#5518,#5519,#5520,#5521,#5522,#5523,#5524,
#5525,#5526,#5527,#5528,#5529,#5530,#5531,#5532,#5533,#5534,#5535,#5536,
#5537,#5538,#5539,#5540,#5541,#5542,#5543,#5544,#5545,#5546,#5547,#5548,
#5549,#5550,#5551,#5552,#5553,#5554,#5555,#5556,#5557,#5558,#5559,#5560,
#5561,#5562,#5563,#5564,#5565,#5566,#5567,#5568,#5569,#5570,#5571,#5572,
#5573,#5574,#5575,#5576,#5577,#5578,#5579,#5580,#5581,#5582,#5583,#5584,
#5585,#5586,#5587,#5588,#5589,#5590,#5591,#5592,#5593,#5594,#5595,#5596,
#5597,#5598,#5599,#5600,#5601,#5602,#5603,#5604,#5605,#5606,#5607,#5608,
#5609,#5610,#5611,#5612,#5613,#5614,#5615,#5616,#5617,#5618,#5619,#5620,
#5621,#5622,#5623,#5624,#5625,#5626,#5627,#5628,#5629,#5630,#5631,#5632,
#5633,#5634,#5635,#5636,#5637,#5638,#5639,#5640,#5641,#5642,#5643,#5644,
#5645,#5646,#5647,#5648,#5649,#5650,#5651,#5652,#5653,#5654,#5655,#5656,
#5657,#5658,#5659,#5660,#5661,#5662,#5663,#5664,#5665,#5666,#5667,#5668,
#5669,#5670,#5671,#5672,#5673,#5674,#5675));
#5678=DERIVED_UNIT_ELEMENT(#5682,1.);
#5679=DERIVED_UNIT_ELEMENT(#9622,-3.);
#5680=DERIVED_UNIT_ELEMENT(#5682,1.);
#5681=DERIVED_UNIT_ELEMENT(#9622,-3.);
#5682=(
MASS_UNIT()
NAMED_UNIT(*)
SI_UNIT(.KILO.,.GRAM.)
);
#5683=DERIVED_UNIT((#5678,#5679));
#5684=DERIVED_UNIT((#5680,#5681));
#5685=MEASURE_REPRESENTATION_ITEM('density measure',
POSITIVE_RATIO_MEASURE(7850.),#5683);
#5686=MEASURE_REPRESENTATION_ITEM('density measure',
POSITIVE_RATIO_MEASURE(7850.),#5684);
#5687=PROPERTY_DEFINITION_REPRESENTATION(#5697,#5691);
#5688=PROPERTY_DEFINITION_REPRESENTATION(#5698,#5692);
#5689=PROPERTY_DEFINITION_REPRESENTATION(#5699,#5693);
#5690=PROPERTY_DEFINITION_REPRESENTATION(#5700,#5694);
#5691=REPRESENTATION('material name',(#5695),#9618);
#5692=REPRESENTATION('density',(#5685),#9618);
#5693=REPRESENTATION('material name',(#5696),#9619);
#5694=REPRESENTATION('density',(#5686),#9619);
#5695=DESCRIPTIVE_REPRESENTATION_ITEM('Steel','Steel');
#5696=DESCRIPTIVE_REPRESENTATION_ITEM('Steel','Steel');
#5697=PROPERTY_DEFINITION('material property','material name',#9643);
#5698=PROPERTY_DEFINITION('material property','density of part',#9643);
#5699=PROPERTY_DEFINITION('material property','material name',#9644);
#5700=PROPERTY_DEFINITION('material property','density of part',#9644);
#5701=AXIS2_PLACEMENT_3D('',#8122,#6413,#6414);
#5702=AXIS2_PLACEMENT_3D('',#8123,#6415,#6416);
#5703=AXIS2_PLACEMENT_3D('',#8124,#6417,#6418);
#5704=AXIS2_PLACEMENT_3D('',#8125,#6419,#6420);
#5705=AXIS2_PLACEMENT_3D('',#8134,#6425,#6426);
#5706=AXIS2_PLACEMENT_3D('',#8140,#6430,#6431);
#5707=AXIS2_PLACEMENT_3D('',#8147,#6435,#6436);
#5708=AXIS2_PLACEMENT_3D('',#8148,#6437,#6438);
#5709=AXIS2_PLACEMENT_3D('',#8158,#6444,#6445);
#5710=AXIS2_PLACEMENT_3D('',#8168,#6451,#6452);
#5711=AXIS2_PLACEMENT_3D('',#8172,#6455,#6456);
#5712=AXIS2_PLACEMENT_3D('',#8173,#6457,#6458);
#5713=AXIS2_PLACEMENT_3D('',#8175,#6460,#6461);
#5714=AXIS2_PLACEMENT_3D('',#8176,#6462,#6463);
#5715=AXIS2_PLACEMENT_3D('',#8179,#6465,#6466);
#5716=AXIS2_PLACEMENT_3D('',#8180,#6467,#6468);
#5717=AXIS2_PLACEMENT_3D('',#8183,#6470,#6471);
#5718=AXIS2_PLACEMENT_3D('',#8184,#6472,#6473);
#5719=AXIS2_PLACEMENT_3D('',#8186,#6475,#6476);
#5720=AXIS2_PLACEMENT_3D('',#8196,#6482,#6483);
#5721=AXIS2_PLACEMENT_3D('',#8202,#6487,#6488);
#5722=AXIS2_PLACEMENT_3D('',#8208,#6492,#6493);
#5723=AXIS2_PLACEMENT_3D('',#8214,#6497,#6498);
#5724=AXIS2_PLACEMENT_3D('',#8220,#6502,#6503);
#5725=AXIS2_PLACEMENT_3D('',#8226,#6507,#6508);
#5726=AXIS2_PLACEMENT_3D('',#8229,#6511,#6512);
#5727=AXIS2_PLACEMENT_3D('',#8230,#6513,#6514);
#5728=AXIS2_PLACEMENT_3D('',#8231,#6515,#6516);
#5729=AXIS2_PLACEMENT_3D('',#8232,#6517,#6518);
#5730=AXIS2_PLACEMENT_3D('',#8233,#6519,#6520);
#5731=AXIS2_PLACEMENT_3D('',#8235,#6521,#6522);
#5732=AXIS2_PLACEMENT_3D('',#8238,#6524,#6525);
#5733=AXIS2_PLACEMENT_3D('',#8239,#6526,#6527);
#5734=AXIS2_PLACEMENT_3D('',#8241,#6528,#6529);
#5735=AXIS2_PLACEMENT_3D('',#8244,#6531,#6532);
#5736=AXIS2_PLACEMENT_3D('',#8245,#6533,#6534);
#5737=AXIS2_PLACEMENT_3D('',#8247,#6535,#6536);
#5738=AXIS2_PLACEMENT_3D('',#8250,#6538,#6539);
#5739=AXIS2_PLACEMENT_3D('',#8251,#6540,#6541);
#5740=AXIS2_PLACEMENT_3D('',#8253,#6542,#6543);
#5741=AXIS2_PLACEMENT_3D('',#8256,#6545,#6546);
#5742=AXIS2_PLACEMENT_3D('',#8257,#6547,#6548);
#5743=AXIS2_PLACEMENT_3D('',#8259,#6549,#6550);
#5744=AXIS2_PLACEMENT_3D('',#8262,#6552,#6553);
#5745=AXIS2_PLACEMENT_3D('',#8263,#6554,#6555);
#5746=AXIS2_PLACEMENT_3D('',#8265,#6556,#6557);
#5747=AXIS2_PLACEMENT_3D('',#8268,#6559,#6560);
#5748=AXIS2_PLACEMENT_3D('',#8269,#6561,#6562);
#5749=AXIS2_PLACEMENT_3D('',#8271,#6563,#6564);
#5750=AXIS2_PLACEMENT_3D('',#8274,#6566,#6567);
#5751=AXIS2_PLACEMENT_3D('',#8275,#6568,#6569);
#5752=AXIS2_PLACEMENT_3D('',#8277,#6570,#6571);
#5753=AXIS2_PLACEMENT_3D('',#8280,#6573,#6574);
#5754=AXIS2_PLACEMENT_3D('',#8281,#6575,#6576);
#5755=AXIS2_PLACEMENT_3D('',#8283,#6577,#6578);
#5756=AXIS2_PLACEMENT_3D('',#8286,#6580,#6581);
#5757=AXIS2_PLACEMENT_3D('',#8287,#6582,#6583);
#5758=AXIS2_PLACEMENT_3D('',#8289,#6584,#6585);
#5759=AXIS2_PLACEMENT_3D('',#8292,#6587,#6588);
#5760=AXIS2_PLACEMENT_3D('',#8293,#6589,#6590);
#5761=AXIS2_PLACEMENT_3D('',#8295,#6591,#6592);
#5762=AXIS2_PLACEMENT_3D('',#8298,#6594,#6595);
#5763=AXIS2_PLACEMENT_3D('',#8299,#6596,#6597);
#5764=AXIS2_PLACEMENT_3D('',#8301,#6598,#6599);
#5765=AXIS2_PLACEMENT_3D('',#8304,#6601,#6602);
#5766=AXIS2_PLACEMENT_3D('',#8305,#6603,#6604);
#5767=AXIS2_PLACEMENT_3D('',#8307,#6605,#6606);
#5768=AXIS2_PLACEMENT_3D('',#8310,#6608,#6609);
#5769=AXIS2_PLACEMENT_3D('',#8311,#6610,#6611);
#5770=AXIS2_PLACEMENT_3D('',#8313,#6612,#6613);
#5771=AXIS2_PLACEMENT_3D('',#8316,#6615,#6616);
#5772=AXIS2_PLACEMENT_3D('',#8317,#6617,#6618);
#5773=AXIS2_PLACEMENT_3D('',#8319,#6619,#6620);
#5774=AXIS2_PLACEMENT_3D('',#8322,#6622,#6623);
#5775=AXIS2_PLACEMENT_3D('',#8323,#6624,#6625);
#5776=AXIS2_PLACEMENT_3D('',#8325,#6626,#6627);
#5777=AXIS2_PLACEMENT_3D('',#8328,#6629,#6630);
#5778=AXIS2_PLACEMENT_3D('',#8329,#6631,#6632);
#5779=AXIS2_PLACEMENT_3D('',#8331,#6633,#6634);
#5780=AXIS2_PLACEMENT_3D('',#8334,#6636,#6637);
#5781=AXIS2_PLACEMENT_3D('',#8335,#6638,#6639);
#5782=AXIS2_PLACEMENT_3D('',#8337,#6640,#6641);
#5783=AXIS2_PLACEMENT_3D('',#8340,#6643,#6644);
#5784=AXIS2_PLACEMENT_3D('',#8341,#6645,#6646);
#5785=AXIS2_PLACEMENT_3D('',#8343,#6647,#6648);
#5786=AXIS2_PLACEMENT_3D('',#8346,#6650,#6651);
#5787=AXIS2_PLACEMENT_3D('',#8347,#6652,#6653);
#5788=AXIS2_PLACEMENT_3D('',#8349,#6654,#6655);
#5789=AXIS2_PLACEMENT_3D('',#8352,#6657,#6658);
#5790=AXIS2_PLACEMENT_3D('',#8353,#6659,#6660);
#5791=AXIS2_PLACEMENT_3D('',#8355,#6661,#6662);
#5792=AXIS2_PLACEMENT_3D('',#8358,#6664,#6665);
#5793=AXIS2_PLACEMENT_3D('',#8359,#6666,#6667);
#5794=AXIS2_PLACEMENT_3D('',#8361,#6668,#6669);
#5795=AXIS2_PLACEMENT_3D('',#8364,#6671,#6672);
#5796=AXIS2_PLACEMENT_3D('',#8365,#6673,#6674);
#5797=AXIS2_PLACEMENT_3D('',#8367,#6675,#6676);
#5798=AXIS2_PLACEMENT_3D('',#8370,#6678,#6679);
#5799=AXIS2_PLACEMENT_3D('',#8371,#6680,#6681);
#5800=AXIS2_PLACEMENT_3D('',#8373,#6682,#6683);
#5801=AXIS2_PLACEMENT_3D('',#8376,#6685,#6686);
#5802=AXIS2_PLACEMENT_3D('',#8377,#6687,#6688);
#5803=AXIS2_PLACEMENT_3D('',#8379,#6689,#6690);
#5804=AXIS2_PLACEMENT_3D('',#8382,#6692,#6693);
#5805=AXIS2_PLACEMENT_3D('',#8383,#6694,#6695);
#5806=AXIS2_PLACEMENT_3D('',#8385,#6696,#6697);
#5807=AXIS2_PLACEMENT_3D('',#8388,#6699,#6700);
#5808=AXIS2_PLACEMENT_3D('',#8389,#6701,#6702);
#5809=AXIS2_PLACEMENT_3D('',#8391,#6703,#6704);
#5810=AXIS2_PLACEMENT_3D('',#8394,#6706,#6707);
#5811=AXIS2_PLACEMENT_3D('',#8395,#6708,#6709);
#5812=AXIS2_PLACEMENT_3D('',#8397,#6710,#6711);
#5813=AXIS2_PLACEMENT_3D('',#8400,#6713,#6714);
#5814=AXIS2_PLACEMENT_3D('',#8401,#6715,#6716);
#5815=AXIS2_PLACEMENT_3D('',#8403,#6717,#6718);
#5816=AXIS2_PLACEMENT_3D('',#8406,#6720,#6721);
#5817=AXIS2_PLACEMENT_3D('',#8407,#6722,#6723);
#5818=AXIS2_PLACEMENT_3D('',#8409,#6724,#6725);
#5819=AXIS2_PLACEMENT_3D('',#8412,#6727,#6728);
#5820=AXIS2_PLACEMENT_3D('',#8413,#6729,#6730);
#5821=AXIS2_PLACEMENT_3D('',#8415,#6731,#6732);
#5822=AXIS2_PLACEMENT_3D('',#8418,#6734,#6735);
#5823=AXIS2_PLACEMENT_3D('',#8419,#6736,#6737);
#5824=AXIS2_PLACEMENT_3D('',#8421,#6738,#6739);
#5825=AXIS2_PLACEMENT_3D('',#8424,#6741,#6742);
#5826=AXIS2_PLACEMENT_3D('',#8425,#6743,#6744);
#5827=AXIS2_PLACEMENT_3D('',#8427,#6745,#6746);
#5828=AXIS2_PLACEMENT_3D('',#8430,#6748,#6749);
#5829=AXIS2_PLACEMENT_3D('',#8431,#6750,#6751);
#5830=AXIS2_PLACEMENT_3D('',#8433,#6752,#6753);
#5831=AXIS2_PLACEMENT_3D('',#8436,#6755,#6756);
#5832=AXIS2_PLACEMENT_3D('',#8437,#6757,#6758);
#5833=AXIS2_PLACEMENT_3D('',#8439,#6759,#6760);
#5834=AXIS2_PLACEMENT_3D('',#8442,#6762,#6763);
#5835=AXIS2_PLACEMENT_3D('',#8443,#6764,#6765);
#5836=AXIS2_PLACEMENT_3D('',#8445,#6766,#6767);
#5837=AXIS2_PLACEMENT_3D('',#8448,#6769,#6770);
#5838=AXIS2_PLACEMENT_3D('',#8449,#6771,#6772);
#5839=AXIS2_PLACEMENT_3D('',#8451,#6773,#6774);
#5840=AXIS2_PLACEMENT_3D('',#8454,#6776,#6777);
#5841=AXIS2_PLACEMENT_3D('',#8455,#6778,#6779);
#5842=AXIS2_PLACEMENT_3D('',#8457,#6780,#6781);
#5843=AXIS2_PLACEMENT_3D('',#8460,#6783,#6784);
#5844=AXIS2_PLACEMENT_3D('',#8461,#6785,#6786);
#5845=AXIS2_PLACEMENT_3D('',#8463,#6787,#6788);
#5846=AXIS2_PLACEMENT_3D('',#8466,#6790,#6791);
#5847=AXIS2_PLACEMENT_3D('',#8467,#6792,#6793);
#5848=AXIS2_PLACEMENT_3D('',#8469,#6794,#6795);
#5849=AXIS2_PLACEMENT_3D('',#8472,#6797,#6798);
#5850=AXIS2_PLACEMENT_3D('',#8473,#6799,#6800);
#5851=AXIS2_PLACEMENT_3D('',#8475,#6801,#6802);
#5852=AXIS2_PLACEMENT_3D('',#8478,#6804,#6805);
#5853=AXIS2_PLACEMENT_3D('',#8479,#6806,#6807);
#5854=AXIS2_PLACEMENT_3D('',#8481,#6808,#6809);
#5855=AXIS2_PLACEMENT_3D('',#8484,#6811,#6812);
#5856=AXIS2_PLACEMENT_3D('',#8485,#6813,#6814);
#5857=AXIS2_PLACEMENT_3D('',#8487,#6815,#6816);
#5858=AXIS2_PLACEMENT_3D('',#8490,#6818,#6819);
#5859=AXIS2_PLACEMENT_3D('',#8491,#6820,#6821);
#5860=AXIS2_PLACEMENT_3D('',#8493,#6822,#6823);
#5861=AXIS2_PLACEMENT_3D('',#8496,#6825,#6826);
#5862=AXIS2_PLACEMENT_3D('',#8497,#6827,#6828);
#5863=AXIS2_PLACEMENT_3D('',#8499,#6829,#6830);
#5864=AXIS2_PLACEMENT_3D('',#8502,#6832,#6833);
#5865=AXIS2_PLACEMENT_3D('',#8503,#6834,#6835);
#5866=AXIS2_PLACEMENT_3D('',#8505,#6836,#6837);
#5867=AXIS2_PLACEMENT_3D('',#8508,#6839,#6840);
#5868=AXIS2_PLACEMENT_3D('',#8509,#6841,#6842);
#5869=AXIS2_PLACEMENT_3D('',#8511,#6843,#6844);
#5870=AXIS2_PLACEMENT_3D('',#8514,#6846,#6847);
#5871=AXIS2_PLACEMENT_3D('',#8515,#6848,#6849);
#5872=AXIS2_PLACEMENT_3D('',#8517,#6850,#6851);
#5873=AXIS2_PLACEMENT_3D('',#8520,#6853,#6854);
#5874=AXIS2_PLACEMENT_3D('',#8521,#6855,#6856);
#5875=AXIS2_PLACEMENT_3D('',#8523,#6857,#6858);
#5876=AXIS2_PLACEMENT_3D('',#8526,#6860,#6861);
#5877=AXIS2_PLACEMENT_3D('',#8527,#6862,#6863);
#5878=AXIS2_PLACEMENT_3D('',#8529,#6864,#6865);
#5879=AXIS2_PLACEMENT_3D('',#8532,#6867,#6868);
#5880=AXIS2_PLACEMENT_3D('',#8533,#6869,#6870);
#5881=AXIS2_PLACEMENT_3D('',#8535,#6871,#6872);
#5882=AXIS2_PLACEMENT_3D('',#8538,#6874,#6875);
#5883=AXIS2_PLACEMENT_3D('',#8539,#6876,#6877);
#5884=AXIS2_PLACEMENT_3D('',#8541,#6878,#6879);
#5885=AXIS2_PLACEMENT_3D('',#8544,#6881,#6882);
#5886=AXIS2_PLACEMENT_3D('',#8545,#6883,#6884);
#5887=AXIS2_PLACEMENT_3D('',#8547,#6885,#6886);
#5888=AXIS2_PLACEMENT_3D('',#8550,#6888,#6889);
#5889=AXIS2_PLACEMENT_3D('',#8551,#6890,#6891);
#5890=AXIS2_PLACEMENT_3D('',#8553,#6892,#6893);
#5891=AXIS2_PLACEMENT_3D('',#8556,#6895,#6896);
#5892=AXIS2_PLACEMENT_3D('',#8557,#6897,#6898);
#5893=AXIS2_PLACEMENT_3D('',#8559,#6899,#6900);
#5894=AXIS2_PLACEMENT_3D('',#8562,#6902,#6903);
#5895=AXIS2_PLACEMENT_3D('',#8563,#6904,#6905);
#5896=AXIS2_PLACEMENT_3D('',#8565,#6906,#6907);
#5897=AXIS2_PLACEMENT_3D('',#8568,#6909,#6910);
#5898=AXIS2_PLACEMENT_3D('',#8569,#6911,#6912);
#5899=AXIS2_PLACEMENT_3D('',#8571,#6913,#6914);
#5900=AXIS2_PLACEMENT_3D('',#8574,#6916,#6917);
#5901=AXIS2_PLACEMENT_3D('',#8575,#6918,#6919);
#5902=AXIS2_PLACEMENT_3D('',#8577,#6920,#6921);
#5903=AXIS2_PLACEMENT_3D('',#8580,#6923,#6924);
#5904=AXIS2_PLACEMENT_3D('',#8581,#6925,#6926);
#5905=AXIS2_PLACEMENT_3D('',#8583,#6927,#6928);
#5906=AXIS2_PLACEMENT_3D('',#8586,#6930,#6931);
#5907=AXIS2_PLACEMENT_3D('',#8587,#6932,#6933);
#5908=AXIS2_PLACEMENT_3D('',#8589,#6934,#6935);
#5909=AXIS2_PLACEMENT_3D('',#8592,#6937,#6938);
#5910=AXIS2_PLACEMENT_3D('',#8593,#6939,#6940);
#5911=AXIS2_PLACEMENT_3D('',#8595,#6941,#6942);
#5912=AXIS2_PLACEMENT_3D('',#8598,#6944,#6945);
#5913=AXIS2_PLACEMENT_3D('',#8599,#6946,#6947);
#5914=AXIS2_PLACEMENT_3D('',#8601,#6948,#6949);
#5915=AXIS2_PLACEMENT_3D('',#8604,#6951,#6952);
#5916=AXIS2_PLACEMENT_3D('',#8605,#6953,#6954);
#5917=AXIS2_PLACEMENT_3D('',#8607,#6955,#6956);
#5918=AXIS2_PLACEMENT_3D('',#8610,#6958,#6959);
#5919=AXIS2_PLACEMENT_3D('',#8611,#6960,#6961);
#5920=AXIS2_PLACEMENT_3D('',#8613,#6962,#6963);
#5921=AXIS2_PLACEMENT_3D('',#8616,#6965,#6966);
#5922=AXIS2_PLACEMENT_3D('',#8617,#6967,#6968);
#5923=AXIS2_PLACEMENT_3D('',#8619,#6969,#6970);
#5924=AXIS2_PLACEMENT_3D('',#8622,#6972,#6973);
#5925=AXIS2_PLACEMENT_3D('',#8623,#6974,#6975);
#5926=AXIS2_PLACEMENT_3D('',#8625,#6976,#6977);
#5927=AXIS2_PLACEMENT_3D('',#8628,#6979,#6980);
#5928=AXIS2_PLACEMENT_3D('',#8629,#6981,#6982);
#5929=AXIS2_PLACEMENT_3D('',#8631,#6983,#6984);
#5930=AXIS2_PLACEMENT_3D('',#8634,#6986,#6987);
#5931=AXIS2_PLACEMENT_3D('',#8635,#6988,#6989);
#5932=AXIS2_PLACEMENT_3D('',#8637,#6990,#6991);
#5933=AXIS2_PLACEMENT_3D('',#8640,#6993,#6994);
#5934=AXIS2_PLACEMENT_3D('',#8641,#6995,#6996);
#5935=AXIS2_PLACEMENT_3D('',#8643,#6997,#6998);
#5936=AXIS2_PLACEMENT_3D('',#8646,#7000,#7001);
#5937=AXIS2_PLACEMENT_3D('',#8647,#7002,#7003);
#5938=AXIS2_PLACEMENT_3D('',#8649,#7004,#7005);
#5939=AXIS2_PLACEMENT_3D('',#8652,#7007,#7008);
#5940=AXIS2_PLACEMENT_3D('',#8653,#7009,#7010);
#5941=AXIS2_PLACEMENT_3D('',#8655,#7011,#7012);
#5942=AXIS2_PLACEMENT_3D('',#8658,#7014,#7015);
#5943=AXIS2_PLACEMENT_3D('',#8659,#7016,#7017);
#5944=AXIS2_PLACEMENT_3D('',#8661,#7018,#7019);
#5945=AXIS2_PLACEMENT_3D('',#8664,#7021,#7022);
#5946=AXIS2_PLACEMENT_3D('',#8665,#7023,#7024);
#5947=AXIS2_PLACEMENT_3D('',#8667,#7025,#7026);
#5948=AXIS2_PLACEMENT_3D('',#8670,#7028,#7029);
#5949=AXIS2_PLACEMENT_3D('',#8671,#7030,#7031);
#5950=AXIS2_PLACEMENT_3D('',#8673,#7032,#7033);
#5951=AXIS2_PLACEMENT_3D('',#8676,#7035,#7036);
#5952=AXIS2_PLACEMENT_3D('',#8677,#7037,#7038);
#5953=AXIS2_PLACEMENT_3D('',#8679,#7039,#7040);
#5954=AXIS2_PLACEMENT_3D('',#8682,#7042,#7043);
#5955=AXIS2_PLACEMENT_3D('',#8683,#7044,#7045);
#5956=AXIS2_PLACEMENT_3D('',#8685,#7046,#7047);
#5957=AXIS2_PLACEMENT_3D('',#8688,#7049,#7050);
#5958=AXIS2_PLACEMENT_3D('',#8689,#7051,#7052);
#5959=AXIS2_PLACEMENT_3D('',#8691,#7053,#7054);
#5960=AXIS2_PLACEMENT_3D('',#8694,#7056,#7057);
#5961=AXIS2_PLACEMENT_3D('',#8695,#7058,#7059);
#5962=AXIS2_PLACEMENT_3D('',#8697,#7060,#7061);
#5963=AXIS2_PLACEMENT_3D('',#8700,#7063,#7064);
#5964=AXIS2_PLACEMENT_3D('',#8701,#7065,#7066);
#5965=AXIS2_PLACEMENT_3D('',#8703,#7067,#7068);
#5966=AXIS2_PLACEMENT_3D('',#8706,#7070,#7071);
#5967=AXIS2_PLACEMENT_3D('',#8707,#7072,#7073);
#5968=AXIS2_PLACEMENT_3D('',#8709,#7074,#7075);
#5969=AXIS2_PLACEMENT_3D('',#8712,#7077,#7078);
#5970=AXIS2_PLACEMENT_3D('',#8713,#7079,#7080);
#5971=AXIS2_PLACEMENT_3D('',#8715,#7081,#7082);
#5972=AXIS2_PLACEMENT_3D('',#8718,#7084,#7085);
#5973=AXIS2_PLACEMENT_3D('',#8719,#7086,#7087);
#5974=AXIS2_PLACEMENT_3D('',#8721,#7088,#7089);
#5975=AXIS2_PLACEMENT_3D('',#8724,#7091,#7092);
#5976=AXIS2_PLACEMENT_3D('',#8725,#7093,#7094);
#5977=AXIS2_PLACEMENT_3D('',#8727,#7095,#7096);
#5978=AXIS2_PLACEMENT_3D('',#8730,#7098,#7099);
#5979=AXIS2_PLACEMENT_3D('',#8731,#7100,#7101);
#5980=AXIS2_PLACEMENT_3D('',#8733,#7102,#7103);
#5981=AXIS2_PLACEMENT_3D('',#8736,#7105,#7106);
#5982=AXIS2_PLACEMENT_3D('',#8737,#7107,#7108);
#5983=AXIS2_PLACEMENT_3D('',#8739,#7109,#7110);
#5984=AXIS2_PLACEMENT_3D('',#8742,#7112,#7113);
#5985=AXIS2_PLACEMENT_3D('',#8743,#7114,#7115);
#5986=AXIS2_PLACEMENT_3D('',#8745,#7116,#7117);
#5987=AXIS2_PLACEMENT_3D('',#8748,#7119,#7120);
#5988=AXIS2_PLACEMENT_3D('',#8749,#7121,#7122);
#5989=AXIS2_PLACEMENT_3D('',#8751,#7123,#7124);
#5990=AXIS2_PLACEMENT_3D('',#8754,#7126,#7127);
#5991=AXIS2_PLACEMENT_3D('',#8755,#7128,#7129);
#5992=AXIS2_PLACEMENT_3D('',#8757,#7130,#7131);
#5993=AXIS2_PLACEMENT_3D('',#8760,#7133,#7134);
#5994=AXIS2_PLACEMENT_3D('',#8761,#7135,#7136);
#5995=AXIS2_PLACEMENT_3D('',#8763,#7137,#7138);
#5996=AXIS2_PLACEMENT_3D('',#8766,#7140,#7141);
#5997=AXIS2_PLACEMENT_3D('',#8767,#7142,#7143);
#5998=AXIS2_PLACEMENT_3D('',#8769,#7144,#7145);
#5999=AXIS2_PLACEMENT_3D('',#8772,#7147,#7148);
#6000=AXIS2_PLACEMENT_3D('',#8773,#7149,#7150);
#6001=AXIS2_PLACEMENT_3D('',#8775,#7151,#7152);
#6002=AXIS2_PLACEMENT_3D('',#8778,#7154,#7155);
#6003=AXIS2_PLACEMENT_3D('',#8779,#7156,#7157);
#6004=AXIS2_PLACEMENT_3D('',#8781,#7158,#7159);
#6005=AXIS2_PLACEMENT_3D('',#8784,#7161,#7162);
#6006=AXIS2_PLACEMENT_3D('',#8785,#7163,#7164);
#6007=AXIS2_PLACEMENT_3D('',#8787,#7165,#7166);
#6008=AXIS2_PLACEMENT_3D('',#8790,#7168,#7169);
#6009=AXIS2_PLACEMENT_3D('',#8791,#7170,#7171);
#6010=AXIS2_PLACEMENT_3D('',#8793,#7172,#7173);
#6011=AXIS2_PLACEMENT_3D('',#8796,#7175,#7176);
#6012=AXIS2_PLACEMENT_3D('',#8797,#7177,#7178);
#6013=AXIS2_PLACEMENT_3D('',#8799,#7179,#7180);
#6014=AXIS2_PLACEMENT_3D('',#8802,#7182,#7183);
#6015=AXIS2_PLACEMENT_3D('',#8803,#7184,#7185);
#6016=AXIS2_PLACEMENT_3D('',#8805,#7186,#7187);
#6017=AXIS2_PLACEMENT_3D('',#8808,#7189,#7190);
#6018=AXIS2_PLACEMENT_3D('',#8809,#7191,#7192);
#6019=AXIS2_PLACEMENT_3D('',#8811,#7193,#7194);
#6020=AXIS2_PLACEMENT_3D('',#8814,#7196,#7197);
#6021=AXIS2_PLACEMENT_3D('',#8815,#7198,#7199);
#6022=AXIS2_PLACEMENT_3D('',#8817,#7200,#7201);
#6023=AXIS2_PLACEMENT_3D('',#8820,#7203,#7204);
#6024=AXIS2_PLACEMENT_3D('',#8821,#7205,#7206);
#6025=AXIS2_PLACEMENT_3D('',#8823,#7207,#7208);
#6026=AXIS2_PLACEMENT_3D('',#8826,#7210,#7211);
#6027=AXIS2_PLACEMENT_3D('',#8827,#7212,#7213);
#6028=AXIS2_PLACEMENT_3D('',#8829,#7214,#7215);
#6029=AXIS2_PLACEMENT_3D('',#8832,#7217,#7218);
#6030=AXIS2_PLACEMENT_3D('',#8833,#7219,#7220);
#6031=AXIS2_PLACEMENT_3D('',#8835,#7221,#7222);
#6032=AXIS2_PLACEMENT_3D('',#8838,#7224,#7225);
#6033=AXIS2_PLACEMENT_3D('',#8839,#7226,#7227);
#6034=AXIS2_PLACEMENT_3D('',#8841,#7228,#7229);
#6035=AXIS2_PLACEMENT_3D('',#8844,#7231,#7232);
#6036=AXIS2_PLACEMENT_3D('',#8845,#7233,#7234);
#6037=AXIS2_PLACEMENT_3D('',#8847,#7235,#7236);
#6038=AXIS2_PLACEMENT_3D('',#8850,#7238,#7239);
#6039=AXIS2_PLACEMENT_3D('',#8851,#7240,#7241);
#6040=AXIS2_PLACEMENT_3D('',#8853,#7242,#7243);
#6041=AXIS2_PLACEMENT_3D('',#8856,#7245,#7246);
#6042=AXIS2_PLACEMENT_3D('',#8857,#7247,#7248);
#6043=AXIS2_PLACEMENT_3D('',#8859,#7249,#7250);
#6044=AXIS2_PLACEMENT_3D('',#8862,#7252,#7253);
#6045=AXIS2_PLACEMENT_3D('',#8863,#7254,#7255);
#6046=AXIS2_PLACEMENT_3D('',#8865,#7256,#7257);
#6047=AXIS2_PLACEMENT_3D('',#8868,#7259,#7260);
#6048=AXIS2_PLACEMENT_3D('',#8869,#7261,#7262);
#6049=AXIS2_PLACEMENT_3D('',#8871,#7263,#7264);
#6050=AXIS2_PLACEMENT_3D('',#8874,#7266,#7267);
#6051=AXIS2_PLACEMENT_3D('',#8875,#7268,#7269);
#6052=AXIS2_PLACEMENT_3D('',#8877,#7270,#7271);
#6053=AXIS2_PLACEMENT_3D('',#8880,#7273,#7274);
#6054=AXIS2_PLACEMENT_3D('',#8881,#7275,#7276);
#6055=AXIS2_PLACEMENT_3D('',#8883,#7277,#7278);
#6056=AXIS2_PLACEMENT_3D('',#8886,#7280,#7281);
#6057=AXIS2_PLACEMENT_3D('',#8887,#7282,#7283);
#6058=AXIS2_PLACEMENT_3D('',#8889,#7284,#7285);
#6059=AXIS2_PLACEMENT_3D('',#8892,#7287,#7288);
#6060=AXIS2_PLACEMENT_3D('',#8893,#7289,#7290);
#6061=AXIS2_PLACEMENT_3D('',#8895,#7291,#7292);
#6062=AXIS2_PLACEMENT_3D('',#8898,#7294,#7295);
#6063=AXIS2_PLACEMENT_3D('',#8899,#7296,#7297);
#6064=AXIS2_PLACEMENT_3D('',#8901,#7298,#7299);
#6065=AXIS2_PLACEMENT_3D('',#8904,#7301,#7302);
#6066=AXIS2_PLACEMENT_3D('',#8905,#7303,#7304);
#6067=AXIS2_PLACEMENT_3D('',#8907,#7305,#7306);
#6068=AXIS2_PLACEMENT_3D('',#8910,#7308,#7309);
#6069=AXIS2_PLACEMENT_3D('',#8911,#7310,#7311);
#6070=AXIS2_PLACEMENT_3D('',#8913,#7312,#7313);
#6071=AXIS2_PLACEMENT_3D('',#8916,#7315,#7316);
#6072=AXIS2_PLACEMENT_3D('',#8917,#7317,#7318);
#6073=AXIS2_PLACEMENT_3D('',#8919,#7319,#7320);
#6074=AXIS2_PLACEMENT_3D('',#8922,#7322,#7323);
#6075=AXIS2_PLACEMENT_3D('',#8923,#7324,#7325);
#6076=AXIS2_PLACEMENT_3D('',#8925,#7326,#7327);
#6077=AXIS2_PLACEMENT_3D('',#8928,#7329,#7330);
#6078=AXIS2_PLACEMENT_3D('',#8929,#7331,#7332);
#6079=AXIS2_PLACEMENT_3D('',#8931,#7333,#7334);
#6080=AXIS2_PLACEMENT_3D('',#8934,#7336,#7337);
#6081=AXIS2_PLACEMENT_3D('',#8935,#7338,#7339);
#6082=AXIS2_PLACEMENT_3D('',#8937,#7340,#7341);
#6083=AXIS2_PLACEMENT_3D('',#8940,#7343,#7344);
#6084=AXIS2_PLACEMENT_3D('',#8941,#7345,#7346);
#6085=AXIS2_PLACEMENT_3D('',#8943,#7347,#7348);
#6086=AXIS2_PLACEMENT_3D('',#8946,#7350,#7351);
#6087=AXIS2_PLACEMENT_3D('',#8947,#7352,#7353);
#6088=AXIS2_PLACEMENT_3D('',#8949,#7354,#7355);
#6089=AXIS2_PLACEMENT_3D('',#8952,#7357,#7358);
#6090=AXIS2_PLACEMENT_3D('',#8953,#7359,#7360);
#6091=AXIS2_PLACEMENT_3D('',#8955,#7361,#7362);
#6092=AXIS2_PLACEMENT_3D('',#8958,#7364,#7365);
#6093=AXIS2_PLACEMENT_3D('',#8959,#7366,#7367);
#6094=AXIS2_PLACEMENT_3D('',#8961,#7368,#7369);
#6095=AXIS2_PLACEMENT_3D('',#8964,#7371,#7372);
#6096=AXIS2_PLACEMENT_3D('',#8965,#7373,#7374);
#6097=AXIS2_PLACEMENT_3D('',#8967,#7375,#7376);
#6098=AXIS2_PLACEMENT_3D('',#8970,#7378,#7379);
#6099=AXIS2_PLACEMENT_3D('',#8971,#7380,#7381);
#6100=AXIS2_PLACEMENT_3D('',#8973,#7382,#7383);
#6101=AXIS2_PLACEMENT_3D('',#8976,#7385,#7386);
#6102=AXIS2_PLACEMENT_3D('',#8977,#7387,#7388);
#6103=AXIS2_PLACEMENT_3D('',#8979,#7389,#7390);
#6104=AXIS2_PLACEMENT_3D('',#8982,#7392,#7393);
#6105=AXIS2_PLACEMENT_3D('',#8983,#7394,#7395);
#6106=AXIS2_PLACEMENT_3D('',#8985,#7396,#7397);
#6107=AXIS2_PLACEMENT_3D('',#8988,#7399,#7400);
#6108=AXIS2_PLACEMENT_3D('',#8989,#7401,#7402);
#6109=AXIS2_PLACEMENT_3D('',#8991,#7403,#7404);
#6110=AXIS2_PLACEMENT_3D('',#8994,#7406,#7407);
#6111=AXIS2_PLACEMENT_3D('',#8995,#7408,#7409);
#6112=AXIS2_PLACEMENT_3D('',#8997,#7410,#7411);
#6113=AXIS2_PLACEMENT_3D('',#9000,#7413,#7414);
#6114=AXIS2_PLACEMENT_3D('',#9001,#7415,#7416);
#6115=AXIS2_PLACEMENT_3D('',#9003,#7417,#7418);
#6116=AXIS2_PLACEMENT_3D('',#9006,#7420,#7421);
#6117=AXIS2_PLACEMENT_3D('',#9007,#7422,#7423);
#6118=AXIS2_PLACEMENT_3D('',#9009,#7424,#7425);
#6119=AXIS2_PLACEMENT_3D('',#9012,#7427,#7428);
#6120=AXIS2_PLACEMENT_3D('',#9013,#7429,#7430);
#6121=AXIS2_PLACEMENT_3D('',#9015,#7431,#7432);
#6122=AXIS2_PLACEMENT_3D('',#9018,#7434,#7435);
#6123=AXIS2_PLACEMENT_3D('',#9019,#7436,#7437);
#6124=AXIS2_PLACEMENT_3D('',#9021,#7438,#7439);
#6125=AXIS2_PLACEMENT_3D('',#9024,#7441,#7442);
#6126=AXIS2_PLACEMENT_3D('',#9025,#7443,#7444);
#6127=AXIS2_PLACEMENT_3D('',#9027,#7445,#7446);
#6128=AXIS2_PLACEMENT_3D('',#9030,#7448,#7449);
#6129=AXIS2_PLACEMENT_3D('',#9031,#7450,#7451);
#6130=AXIS2_PLACEMENT_3D('',#9033,#7452,#7453);
#6131=AXIS2_PLACEMENT_3D('',#9036,#7455,#7456);
#6132=AXIS2_PLACEMENT_3D('',#9037,#7457,#7458);
#6133=AXIS2_PLACEMENT_3D('',#9039,#7459,#7460);
#6134=AXIS2_PLACEMENT_3D('',#9042,#7462,#7463);
#6135=AXIS2_PLACEMENT_3D('',#9043,#7464,#7465);
#6136=AXIS2_PLACEMENT_3D('',#9045,#7466,#7467);
#6137=AXIS2_PLACEMENT_3D('',#9048,#7469,#7470);
#6138=AXIS2_PLACEMENT_3D('',#9049,#7471,#7472);
#6139=AXIS2_PLACEMENT_3D('',#9051,#7473,#7474);
#6140=AXIS2_PLACEMENT_3D('',#9054,#7476,#7477);
#6141=AXIS2_PLACEMENT_3D('',#9055,#7478,#7479);
#6142=AXIS2_PLACEMENT_3D('',#9057,#7480,#7481);
#6143=AXIS2_PLACEMENT_3D('',#9060,#7483,#7484);
#6144=AXIS2_PLACEMENT_3D('',#9061,#7485,#7486);
#6145=AXIS2_PLACEMENT_3D('',#9063,#7487,#7488);
#6146=AXIS2_PLACEMENT_3D('',#9066,#7490,#7491);
#6147=AXIS2_PLACEMENT_3D('',#9067,#7492,#7493);
#6148=AXIS2_PLACEMENT_3D('',#9069,#7494,#7495);
#6149=AXIS2_PLACEMENT_3D('',#9072,#7497,#7498);
#6150=AXIS2_PLACEMENT_3D('',#9073,#7499,#7500);
#6151=AXIS2_PLACEMENT_3D('',#9075,#7501,#7502);
#6152=AXIS2_PLACEMENT_3D('',#9078,#7504,#7505);
#6153=AXIS2_PLACEMENT_3D('',#9079,#7506,#7507);
#6154=AXIS2_PLACEMENT_3D('',#9081,#7508,#7509);
#6155=AXIS2_PLACEMENT_3D('',#9084,#7511,#7512);
#6156=AXIS2_PLACEMENT_3D('',#9085,#7513,#7514);
#6157=AXIS2_PLACEMENT_3D('',#9087,#7515,#7516);
#6158=AXIS2_PLACEMENT_3D('',#9090,#7518,#7519);
#6159=AXIS2_PLACEMENT_3D('',#9091,#7520,#7521);
#6160=AXIS2_PLACEMENT_3D('',#9093,#7522,#7523);
#6161=AXIS2_PLACEMENT_3D('',#9096,#7525,#7526);
#6162=AXIS2_PLACEMENT_3D('',#9097,#7527,#7528);
#6163=AXIS2_PLACEMENT_3D('',#9099,#7529,#7530);
#6164=AXIS2_PLACEMENT_3D('',#9102,#7532,#7533);
#6165=AXIS2_PLACEMENT_3D('',#9103,#7534,#7535);
#6166=AXIS2_PLACEMENT_3D('',#9105,#7536,#7537);
#6167=AXIS2_PLACEMENT_3D('',#9108,#7539,#7540);
#6168=AXIS2_PLACEMENT_3D('',#9109,#7541,#7542);
#6169=AXIS2_PLACEMENT_3D('',#9111,#7543,#7544);
#6170=AXIS2_PLACEMENT_3D('',#9114,#7546,#7547);
#6171=AXIS2_PLACEMENT_3D('',#9115,#7548,#7549);
#6172=AXIS2_PLACEMENT_3D('',#9117,#7550,#7551);
#6173=AXIS2_PLACEMENT_3D('',#9120,#7553,#7554);
#6174=AXIS2_PLACEMENT_3D('',#9121,#7555,#7556);
#6175=AXIS2_PLACEMENT_3D('',#9123,#7557,#7558);
#6176=AXIS2_PLACEMENT_3D('',#9126,#7560,#7561);
#6177=AXIS2_PLACEMENT_3D('',#9127,#7562,#7563);
#6178=AXIS2_PLACEMENT_3D('',#9129,#7564,#7565);
#6179=AXIS2_PLACEMENT_3D('',#9132,#7567,#7568);
#6180=AXIS2_PLACEMENT_3D('',#9133,#7569,#7570);
#6181=AXIS2_PLACEMENT_3D('',#9135,#7571,#7572);
#6182=AXIS2_PLACEMENT_3D('',#9138,#7574,#7575);
#6183=AXIS2_PLACEMENT_3D('',#9139,#7576,#7577);
#6184=AXIS2_PLACEMENT_3D('',#9141,#7578,#7579);
#6185=AXIS2_PLACEMENT_3D('',#9144,#7581,#7582);
#6186=AXIS2_PLACEMENT_3D('',#9145,#7583,#7584);
#6187=AXIS2_PLACEMENT_3D('',#9147,#7585,#7586);
#6188=AXIS2_PLACEMENT_3D('',#9150,#7588,#7589);
#6189=AXIS2_PLACEMENT_3D('',#9151,#7590,#7591);
#6190=AXIS2_PLACEMENT_3D('',#9153,#7592,#7593);
#6191=AXIS2_PLACEMENT_3D('',#9156,#7595,#7596);
#6192=AXIS2_PLACEMENT_3D('',#9157,#7597,#7598);
#6193=AXIS2_PLACEMENT_3D('',#9159,#7599,#7600);
#6194=AXIS2_PLACEMENT_3D('',#9162,#7602,#7603);
#6195=AXIS2_PLACEMENT_3D('',#9163,#7604,#7605);
#6196=AXIS2_PLACEMENT_3D('',#9165,#7606,#7607);
#6197=AXIS2_PLACEMENT_3D('',#9168,#7609,#7610);
#6198=AXIS2_PLACEMENT_3D('',#9169,#7611,#7612);
#6199=AXIS2_PLACEMENT_3D('',#9171,#7613,#7614);
#6200=AXIS2_PLACEMENT_3D('',#9174,#7616,#7617);
#6201=AXIS2_PLACEMENT_3D('',#9175,#7618,#7619);
#6202=AXIS2_PLACEMENT_3D('',#9177,#7620,#7621);
#6203=AXIS2_PLACEMENT_3D('',#9180,#7623,#7624);
#6204=AXIS2_PLACEMENT_3D('',#9181,#7625,#7626);
#6205=AXIS2_PLACEMENT_3D('',#9183,#7627,#7628);
#6206=AXIS2_PLACEMENT_3D('',#9186,#7630,#7631);
#6207=AXIS2_PLACEMENT_3D('',#9187,#7632,#7633);
#6208=AXIS2_PLACEMENT_3D('',#9189,#7634,#7635);
#6209=AXIS2_PLACEMENT_3D('',#9192,#7637,#7638);
#6210=AXIS2_PLACEMENT_3D('',#9193,#7639,#7640);
#6211=AXIS2_PLACEMENT_3D('',#9195,#7641,#7642);
#6212=AXIS2_PLACEMENT_3D('',#9198,#7644,#7645);
#6213=AXIS2_PLACEMENT_3D('',#9199,#7646,#7647);
#6214=AXIS2_PLACEMENT_3D('',#9201,#7648,#7649);
#6215=AXIS2_PLACEMENT_3D('',#9204,#7651,#7652);
#6216=AXIS2_PLACEMENT_3D('',#9205,#7653,#7654);
#6217=AXIS2_PLACEMENT_3D('',#9207,#7655,#7656);
#6218=AXIS2_PLACEMENT_3D('',#9210,#7658,#7659);
#6219=AXIS2_PLACEMENT_3D('',#9211,#7660,#7661);
#6220=AXIS2_PLACEMENT_3D('',#9213,#7662,#7663);
#6221=AXIS2_PLACEMENT_3D('',#9216,#7665,#7666);
#6222=AXIS2_PLACEMENT_3D('',#9217,#7667,#7668);
#6223=AXIS2_PLACEMENT_3D('',#9219,#7669,#7670);
#6224=AXIS2_PLACEMENT_3D('',#9222,#7672,#7673);
#6225=AXIS2_PLACEMENT_3D('',#9223,#7674,#7675);
#6226=AXIS2_PLACEMENT_3D('',#9225,#7676,#7677);
#6227=AXIS2_PLACEMENT_3D('',#9228,#7679,#7680);
#6228=AXIS2_PLACEMENT_3D('',#9229,#7681,#7682);
#6229=AXIS2_PLACEMENT_3D('',#9231,#7683,#7684);
#6230=AXIS2_PLACEMENT_3D('',#9234,#7686,#7687);
#6231=AXIS2_PLACEMENT_3D('',#9235,#7688,#7689);
#6232=AXIS2_PLACEMENT_3D('',#9237,#7690,#7691);
#6233=AXIS2_PLACEMENT_3D('',#9240,#7693,#7694);
#6234=AXIS2_PLACEMENT_3D('',#9241,#7695,#7696);
#6235=AXIS2_PLACEMENT_3D('',#9243,#7697,#7698);
#6236=AXIS2_PLACEMENT_3D('',#9246,#7700,#7701);
#6237=AXIS2_PLACEMENT_3D('',#9247,#7702,#7703);
#6238=AXIS2_PLACEMENT_3D('',#9249,#7704,#7705);
#6239=AXIS2_PLACEMENT_3D('',#9252,#7707,#7708);
#6240=AXIS2_PLACEMENT_3D('',#9253,#7709,#7710);
#6241=AXIS2_PLACEMENT_3D('',#9255,#7711,#7712);
#6242=AXIS2_PLACEMENT_3D('',#9258,#7714,#7715);
#6243=AXIS2_PLACEMENT_3D('',#9259,#7716,#7717);
#6244=AXIS2_PLACEMENT_3D('',#9261,#7718,#7719);
#6245=AXIS2_PLACEMENT_3D('',#9264,#7721,#7722);
#6246=AXIS2_PLACEMENT_3D('',#9265,#7723,#7724);
#6247=AXIS2_PLACEMENT_3D('',#9267,#7725,#7726);
#6248=AXIS2_PLACEMENT_3D('',#9270,#7728,#7729);
#6249=AXIS2_PLACEMENT_3D('',#9271,#7730,#7731);
#6250=AXIS2_PLACEMENT_3D('',#9273,#7732,#7733);
#6251=AXIS2_PLACEMENT_3D('',#9276,#7735,#7736);
#6252=AXIS2_PLACEMENT_3D('',#9277,#7737,#7738);
#6253=AXIS2_PLACEMENT_3D('',#9279,#7739,#7740);
#6254=AXIS2_PLACEMENT_3D('',#9282,#7742,#7743);
#6255=AXIS2_PLACEMENT_3D('',#9283,#7744,#7745);
#6256=AXIS2_PLACEMENT_3D('',#9285,#7746,#7747);
#6257=AXIS2_PLACEMENT_3D('',#9288,#7749,#7750);
#6258=AXIS2_PLACEMENT_3D('',#9289,#7751,#7752);
#6259=AXIS2_PLACEMENT_3D('',#9291,#7753,#7754);
#6260=AXIS2_PLACEMENT_3D('',#9294,#7756,#7757);
#6261=AXIS2_PLACEMENT_3D('',#9295,#7758,#7759);
#6262=AXIS2_PLACEMENT_3D('',#9297,#7760,#7761);
#6263=AXIS2_PLACEMENT_3D('',#9300,#7763,#7764);
#6264=AXIS2_PLACEMENT_3D('',#9301,#7765,#7766);
#6265=AXIS2_PLACEMENT_3D('',#9303,#7767,#7768);
#6266=AXIS2_PLACEMENT_3D('',#9306,#7770,#7771);
#6267=AXIS2_PLACEMENT_3D('',#9307,#7772,#7773);
#6268=AXIS2_PLACEMENT_3D('',#9309,#7774,#7775);
#6269=AXIS2_PLACEMENT_3D('',#9312,#7777,#7778);
#6270=AXIS2_PLACEMENT_3D('',#9313,#7779,#7780);
#6271=AXIS2_PLACEMENT_3D('',#9315,#7781,#7782);
#6272=AXIS2_PLACEMENT_3D('',#9318,#7784,#7785);
#6273=AXIS2_PLACEMENT_3D('',#9319,#7786,#7787);
#6274=AXIS2_PLACEMENT_3D('',#9321,#7788,#7789);
#6275=AXIS2_PLACEMENT_3D('',#9324,#7791,#7792);
#6276=AXIS2_PLACEMENT_3D('',#9325,#7793,#7794);
#6277=AXIS2_PLACEMENT_3D('',#9327,#7795,#7796);
#6278=AXIS2_PLACEMENT_3D('',#9330,#7798,#7799);
#6279=AXIS2_PLACEMENT_3D('',#9331,#7800,#7801);
#6280=AXIS2_PLACEMENT_3D('',#9333,#7802,#7803);
#6281=AXIS2_PLACEMENT_3D('',#9336,#7805,#7806);
#6282=AXIS2_PLACEMENT_3D('',#9337,#7807,#7808);
#6283=AXIS2_PLACEMENT_3D('',#9339,#7809,#7810);
#6284=AXIS2_PLACEMENT_3D('',#9342,#7812,#7813);
#6285=AXIS2_PLACEMENT_3D('',#9343,#7814,#7815);
#6286=AXIS2_PLACEMENT_3D('',#9345,#7816,#7817);
#6287=AXIS2_PLACEMENT_3D('',#9348,#7819,#7820);
#6288=AXIS2_PLACEMENT_3D('',#9349,#7821,#7822);
#6289=AXIS2_PLACEMENT_3D('',#9351,#7823,#7824);
#6290=AXIS2_PLACEMENT_3D('',#9354,#7826,#7827);
#6291=AXIS2_PLACEMENT_3D('',#9355,#7828,#7829);
#6292=AXIS2_PLACEMENT_3D('',#9357,#7830,#7831);
#6293=AXIS2_PLACEMENT_3D('',#9360,#7833,#7834);
#6294=AXIS2_PLACEMENT_3D('',#9361,#7835,#7836);
#6295=AXIS2_PLACEMENT_3D('',#9363,#7837,#7838);
#6296=AXIS2_PLACEMENT_3D('',#9366,#7840,#7841);
#6297=AXIS2_PLACEMENT_3D('',#9367,#7842,#7843);
#6298=AXIS2_PLACEMENT_3D('',#9369,#7844,#7845);
#6299=AXIS2_PLACEMENT_3D('',#9372,#7847,#7848);
#6300=AXIS2_PLACEMENT_3D('',#9373,#7849,#7850);
#6301=AXIS2_PLACEMENT_3D('',#9375,#7851,#7852);
#6302=AXIS2_PLACEMENT_3D('',#9378,#7854,#7855);
#6303=AXIS2_PLACEMENT_3D('',#9379,#7856,#7857);
#6304=AXIS2_PLACEMENT_3D('',#9381,#7858,#7859);
#6305=AXIS2_PLACEMENT_3D('',#9384,#7861,#7862);
#6306=AXIS2_PLACEMENT_3D('',#9385,#7863,#7864);
#6307=AXIS2_PLACEMENT_3D('',#9387,#7865,#7866);
#6308=AXIS2_PLACEMENT_3D('',#9390,#7868,#7869);
#6309=AXIS2_PLACEMENT_3D('',#9391,#7870,#7871);
#6310=AXIS2_PLACEMENT_3D('',#9393,#7872,#7873);
#6311=AXIS2_PLACEMENT_3D('',#9396,#7875,#7876);
#6312=AXIS2_PLACEMENT_3D('',#9397,#7877,#7878);
#6313=AXIS2_PLACEMENT_3D('',#9399,#7879,#7880);
#6314=AXIS2_PLACEMENT_3D('',#9402,#7882,#7883);
#6315=AXIS2_PLACEMENT_3D('',#9403,#7884,#7885);
#6316=AXIS2_PLACEMENT_3D('',#9405,#7886,#7887);
#6317=AXIS2_PLACEMENT_3D('',#9408,#7889,#7890);
#6318=AXIS2_PLACEMENT_3D('',#9409,#7891,#7892);
#6319=AXIS2_PLACEMENT_3D('',#9411,#7893,#7894);
#6320=AXIS2_PLACEMENT_3D('',#9414,#7896,#7897);
#6321=AXIS2_PLACEMENT_3D('',#9415,#7898,#7899);
#6322=AXIS2_PLACEMENT_3D('',#9417,#7900,#7901);
#6323=AXIS2_PLACEMENT_3D('',#9420,#7903,#7904);
#6324=AXIS2_PLACEMENT_3D('',#9421,#7905,#7906);
#6325=AXIS2_PLACEMENT_3D('',#9423,#7907,#7908);
#6326=AXIS2_PLACEMENT_3D('',#9426,#7910,#7911);
#6327=AXIS2_PLACEMENT_3D('',#9427,#7912,#7913);
#6328=AXIS2_PLACEMENT_3D('',#9429,#7914,#7915);
#6329=AXIS2_PLACEMENT_3D('',#9432,#7917,#7918);
#6330=AXIS2_PLACEMENT_3D('',#9433,#7919,#7920);
#6331=AXIS2_PLACEMENT_3D('',#9435,#7921,#7922);
#6332=AXIS2_PLACEMENT_3D('',#9438,#7924,#7925);
#6333=AXIS2_PLACEMENT_3D('',#9439,#7926,#7927);
#6334=AXIS2_PLACEMENT_3D('',#9441,#7928,#7929);
#6335=AXIS2_PLACEMENT_3D('',#9444,#7931,#7932);
#6336=AXIS2_PLACEMENT_3D('',#9445,#7933,#7934);
#6337=AXIS2_PLACEMENT_3D('',#9447,#7935,#7936);
#6338=AXIS2_PLACEMENT_3D('',#9450,#7938,#7939);
#6339=AXIS2_PLACEMENT_3D('',#9451,#7940,#7941);
#6340=AXIS2_PLACEMENT_3D('',#9453,#7942,#7943);
#6341=AXIS2_PLACEMENT_3D('',#9456,#7945,#7946);
#6342=AXIS2_PLACEMENT_3D('',#9457,#7947,#7948);
#6343=AXIS2_PLACEMENT_3D('',#9459,#7949,#7950);
#6344=AXIS2_PLACEMENT_3D('',#9462,#7952,#7953);
#6345=AXIS2_PLACEMENT_3D('',#9463,#7954,#7955);
#6346=AXIS2_PLACEMENT_3D('',#9465,#7956,#7957);
#6347=AXIS2_PLACEMENT_3D('',#9468,#7959,#7960);
#6348=AXIS2_PLACEMENT_3D('',#9469,#7961,#7962);
#6349=AXIS2_PLACEMENT_3D('',#9471,#7963,#7964);
#6350=AXIS2_PLACEMENT_3D('',#9474,#7966,#7967);
#6351=AXIS2_PLACEMENT_3D('',#9475,#7968,#7969);
#6352=AXIS2_PLACEMENT_3D('',#9477,#7970,#7971);
#6353=AXIS2_PLACEMENT_3D('',#9480,#7973,#7974);
#6354=AXIS2_PLACEMENT_3D('',#9481,#7975,#7976);
#6355=AXIS2_PLACEMENT_3D('',#9483,#7977,#7978);
#6356=AXIS2_PLACEMENT_3D('',#9486,#7980,#7981);
#6357=AXIS2_PLACEMENT_3D('',#9487,#7982,#7983);
#6358=AXIS2_PLACEMENT_3D('',#9489,#7984,#7985);
#6359=AXIS2_PLACEMENT_3D('',#9492,#7987,#7988);
#6360=AXIS2_PLACEMENT_3D('',#9493,#7989,#7990);
#6361=AXIS2_PLACEMENT_3D('',#9495,#7991,#7992);
#6362=AXIS2_PLACEMENT_3D('',#9498,#7994,#7995);
#6363=AXIS2_PLACEMENT_3D('',#9499,#7996,#7997);
#6364=AXIS2_PLACEMENT_3D('',#9501,#7998,#7999);
#6365=AXIS2_PLACEMENT_3D('',#9504,#8001,#8002);
#6366=AXIS2_PLACEMENT_3D('',#9505,#8003,#8004);
#6367=AXIS2_PLACEMENT_3D('',#9507,#8005,#8006);
#6368=AXIS2_PLACEMENT_3D('',#9510,#8008,#8009);
#6369=AXIS2_PLACEMENT_3D('',#9511,#8010,#8011);
#6370=AXIS2_PLACEMENT_3D('',#9513,#8012,#8013);
#6371=AXIS2_PLACEMENT_3D('',#9516,#8015,#8016);
#6372=AXIS2_PLACEMENT_3D('',#9517,#8017,#8018);
#6373=AXIS2_PLACEMENT_3D('',#9519,#8019,#8020);
#6374=AXIS2_PLACEMENT_3D('',#9522,#8022,#8023);
#6375=AXIS2_PLACEMENT_3D('',#9523,#8024,#8025);
#6376=AXIS2_PLACEMENT_3D('',#9525,#8026,#8027);
#6377=AXIS2_PLACEMENT_3D('',#9528,#8029,#8030);
#6378=AXIS2_PLACEMENT_3D('',#9529,#8031,#8032);
#6379=AXIS2_PLACEMENT_3D('',#9531,#8033,#8034);
#6380=AXIS2_PLACEMENT_3D('',#9534,#8036,#8037);
#6381=AXIS2_PLACEMENT_3D('',#9535,#8038,#8039);
#6382=AXIS2_PLACEMENT_3D('',#9537,#8040,#8041);
#6383=AXIS2_PLACEMENT_3D('',#9540,#8043,#8044);
#6384=AXIS2_PLACEMENT_3D('',#9541,#8045,#8046);
#6385=AXIS2_PLACEMENT_3D('',#9543,#8047,#8048);
#6386=AXIS2_PLACEMENT_3D('',#9546,#8050,#8051);
#6387=AXIS2_PLACEMENT_3D('',#9547,#8052,#8053);
#6388=AXIS2_PLACEMENT_3D('',#9549,#8054,#8055);
#6389=AXIS2_PLACEMENT_3D('',#9552,#8057,#8058);
#6390=AXIS2_PLACEMENT_3D('',#9553,#8059,#8060);
#6391=AXIS2_PLACEMENT_3D('',#9555,#8061,#8062);
#6392=AXIS2_PLACEMENT_3D('',#9558,#8064,#8065);
#6393=AXIS2_PLACEMENT_3D('',#9559,#8066,#8067);
#6394=AXIS2_PLACEMENT_3D('',#9561,#8068,#8069);
#6395=AXIS2_PLACEMENT_3D('',#9564,#8071,#8072);
#6396=AXIS2_PLACEMENT_3D('',#9565,#8073,#8074);
#6397=AXIS2_PLACEMENT_3D('',#9567,#8075,#8076);
#6398=AXIS2_PLACEMENT_3D('',#9570,#8078,#8079);
#6399=AXIS2_PLACEMENT_3D('',#9571,#8080,#8081);
#6400=AXIS2_PLACEMENT_3D('',#9573,#8082,#8083);
#6401=AXIS2_PLACEMENT_3D('',#9576,#8085,#8086);
#6402=AXIS2_PLACEMENT_3D('',#9577,#8087,#8088);
#6403=AXIS2_PLACEMENT_3D('',#9579,#8089,#8090);
#6404=AXIS2_PLACEMENT_3D('',#9582,#8092,#8093);
#6405=AXIS2_PLACEMENT_3D('',#9583,#8094,#8095);
#6406=AXIS2_PLACEMENT_3D('',#9592,#8100,#8101);
#6407=AXIS2_PLACEMENT_3D('',#9598,#8105,#8106);
#6408=AXIS2_PLACEMENT_3D('',#9604,#8110,#8111);
#6409=AXIS2_PLACEMENT_3D('',#9607,#8114,#8115);
#6410=AXIS2_PLACEMENT_3D('',#9608,#8116,#8117);
#6411=AXIS2_PLACEMENT_3D('',#9609,#8118,#8119);
#6412=AXIS2_PLACEMENT_3D('',#9610,#8120,#8121);
#6413=DIRECTION('axis',(0.,0.,1.));
#6414=DIRECTION('refdir',(1.,0.,0.));
#6415=DIRECTION('axis',(0.,0.,1.));
#6416=DIRECTION('refdir',(1.,0.,0.));
#6417=DIRECTION('axis',(0.,0.,1.));
#6418=DIRECTION('refdir',(1.,0.,0.));
#6419=DIRECTION('center_axis',(-1.,0.,0.));
#6420=DIRECTION('ref_axis',(0.,0.,1.));
#6421=DIRECTION('',(0.,0.,-1.));
#6422=DIRECTION('',(0.,-1.,0.));
#6423=DIRECTION('',(0.,0.,1.));
#6424=DIRECTION('',(0.,-1.,0.));
#6425=DIRECTION('center_axis',(0.,0.,-1.));
#6426=DIRECTION('ref_axis',(-1.,0.,0.));
#6427=DIRECTION('',(1.,0.,0.));
#6428=DIRECTION('',(0.,-1.,0.));
#6429=DIRECTION('',(-1.,0.,0.));
#6430=DIRECTION('center_axis',(1.,0.,0.));
#6431=DIRECTION('ref_axis',(0.,1.,0.));
#6432=DIRECTION('',(0.,0.,1.));
#6433=DIRECTION('',(0.,-1.,0.));
#6434=DIRECTION('',(0.,0.,-1.));
#6435=DIRECTION('center_axis',(-1.,0.,0.));
#6436=DIRECTION('ref_axis',(0.,-1.,0.));
#6437=DIRECTION('center_axis',(0.,-1.,0.));
#6438=DIRECTION('ref_axis',(1.,0.,0.));
#6439=DIRECTION('',(-1.,0.,0.));
#6440=DIRECTION('',(0.,0.,-1.));
#6441=DIRECTION('',(-1.,0.,0.));
#6442=DIRECTION('',(0.,0.,-1.));
#6443=DIRECTION('',(-1.,0.,0.));
#6444=DIRECTION('center_axis',(0.,1.,0.));
#6445=DIRECTION('ref_axis',(-1.,0.,0.));
#6446=DIRECTION('',(1.,0.,0.));
#6447=DIRECTION('',(0.,0.,-1.));
#6448=DIRECTION('',(1.,0.,0.));
#6449=DIRECTION('',(0.,0.,1.));
#6450=DIRECTION('',(1.,0.,0.));
#6451=DIRECTION('center_axis',(-1.,0.,0.));
#6452=DIRECTION('ref_axis',(0.,-1.,0.));
#6453=DIRECTION('',(0.,1.,0.));
#6454=DIRECTION('',(0.,1.,0.));
#6455=DIRECTION('center_axis',(1.,0.,0.));
#6456=DIRECTION('ref_axis',(0.,-1.,0.));
#6457=DIRECTION('center_axis',(0.,0.,1.));
#6458=DIRECTION('ref_axis',(1.,0.,0.));
#6459=DIRECTION('',(-6.03382078600629E-17,1.,0.));
#6460=DIRECTION('center_axis',(0.,0.,1.));
#6461=DIRECTION('ref_axis',(1.,0.,0.));
#6462=DIRECTION('center_axis',(-1.,0.,0.));
#6463=DIRECTION('ref_axis',(0.,-1.,0.));
#6464=DIRECTION('',(1.,0.,0.));
#6465=DIRECTION('center_axis',(-1.,0.,0.));
#6466=DIRECTION('ref_axis',(0.,-1.,0.));
#6467=DIRECTION('center_axis',(1.,0.,0.));
#6468=DIRECTION('ref_axis',(0.,-1.,0.));
#6469=DIRECTION('',(-1.,0.,0.));
#6470=DIRECTION('center_axis',(1.,0.,0.));
#6471=DIRECTION('ref_axis',(0.,-1.,0.));
#6472=DIRECTION('center_axis',(-1.,-6.03382078600629E-17,0.));
#6473=DIRECTION('ref_axis',(0.,0.,1.));
#6474=DIRECTION('',(-6.03382078600629E-17,1.,0.));
#6475=DIRECTION('center_axis',(0.,0.,1.));
#6476=DIRECTION('ref_axis',(1.,0.,0.));
#6477=DIRECTION('',(-6.03382078600629E-17,1.,0.));
#6478=DIRECTION('',(1.,0.,0.));
#6479=DIRECTION('',(0.,1.,0.));
#6480=DIRECTION('',(-1.,0.,0.));
#6481=DIRECTION('',(-6.03382078600629E-17,1.,0.));
#6482=DIRECTION('center_axis',(-1.,0.,0.));
#6483=DIRECTION('ref_axis',(0.,0.,1.));
#6484=DIRECTION('',(0.,0.,-1.));
#6485=DIRECTION('',(0.,0.,1.));
#6486=DIRECTION('',(0.,1.,0.));
#6487=DIRECTION('center_axis',(0.,0.,-1.));
#6488=DIRECTION('ref_axis',(-1.,0.,0.));
#6489=DIRECTION('',(1.,0.,0.));
#6490=DIRECTION('',(-1.,0.,0.));
#6491=DIRECTION('',(0.,-1.,0.));
#6492=DIRECTION('center_axis',(1.,0.,0.));
#6493=DIRECTION('ref_axis',(0.,1.,0.));
#6494=DIRECTION('',(0.,0.,1.));
#6495=DIRECTION('',(0.,1.,0.));
#6496=DIRECTION('',(0.,0.,1.));
#6497=DIRECTION('center_axis',(0.,-1.,0.));
#6498=DIRECTION('ref_axis',(1.,0.,0.));
#6499=DIRECTION('',(1.,0.,0.));
#6500=DIRECTION('',(0.,0.,1.));
#6501=DIRECTION('',(1.,0.,0.));
#6502=DIRECTION('center_axis',(0.,1.,0.));
#6503=DIRECTION('ref_axis',(-1.,0.,0.));
#6504=DIRECTION('',(-1.,0.,0.));
#6505=DIRECTION('',(0.,0.,1.));
#6506=DIRECTION('',(-1.,0.,0.));
#6507=DIRECTION('center_axis',(-1.,0.,0.));
#6508=DIRECTION('ref_axis',(0.,-1.,0.));
#6509=DIRECTION('',(0.,-1.,0.));
#6510=DIRECTION('',(0.,-1.,0.));
#6511=DIRECTION('center_axis',(0.,0.,1.));
#6512=DIRECTION('ref_axis',(1.,0.,0.));
#6513=DIRECTION('center_axis',(0.,0.,1.));
#6514=DIRECTION('ref_axis',(1.,0.,0.));
#6515=DIRECTION('',(0.,0.,1.));
#6516=DIRECTION('',(1.,0.,0.));
#6517=DIRECTION('axis',(0.,0.,1.));
#6518=DIRECTION('refdir',(1.,0.,0.));
#6519=DIRECTION('center_axis',(0.,0.,-1.));
#6520=DIRECTION('ref_axis',(1.,0.,0.));
#6521=DIRECTION('center_axis',(0.,0.,-1.));
#6522=DIRECTION('ref_axis',(1.,0.,0.));
#6523=DIRECTION('',(0.,0.,-1.));
#6524=DIRECTION('center_axis',(0.,0.,1.));
#6525=DIRECTION('ref_axis',(1.,0.,0.));
#6526=DIRECTION('center_axis',(0.,0.,-1.));
#6527=DIRECTION('ref_axis',(1.,0.,0.));
#6528=DIRECTION('center_axis',(0.,0.,-1.));
#6529=DIRECTION('ref_axis',(1.,0.,0.));
#6530=DIRECTION('',(0.,0.,-1.));
#6531=DIRECTION('center_axis',(0.,0.,1.));
#6532=DIRECTION('ref_axis',(1.,0.,0.));
#6533=DIRECTION('center_axis',(0.,0.,-1.));
#6534=DIRECTION('ref_axis',(1.,0.,0.));
#6535=DIRECTION('center_axis',(0.,0.,-1.));
#6536=DIRECTION('ref_axis',(1.,0.,0.));
#6537=DIRECTION('',(0.,0.,-1.));
#6538=DIRECTION('center_axis',(0.,0.,1.));
#6539=DIRECTION('ref_axis',(1.,0.,0.));
#6540=DIRECTION('center_axis',(0.,0.,-1.));
#6541=DIRECTION('ref_axis',(1.,0.,0.));
#6542=DIRECTION('center_axis',(0.,0.,-1.));
#6543=DIRECTION('ref_axis',(1.,0.,0.));
#6544=DIRECTION('',(0.,0.,-1.));
#6545=DIRECTION('center_axis',(0.,0.,1.));
#6546=DIRECTION('ref_axis',(1.,0.,0.));
#6547=DIRECTION('center_axis',(0.,0.,-1.));
#6548=DIRECTION('ref_axis',(1.,0.,0.));
#6549=DIRECTION('center_axis',(0.,0.,-1.));
#6550=DIRECTION('ref_axis',(1.,0.,0.));
#6551=DIRECTION('',(0.,0.,-1.));
#6552=DIRECTION('center_axis',(0.,0.,1.));
#6553=DIRECTION('ref_axis',(1.,0.,0.));
#6554=DIRECTION('center_axis',(0.,0.,-1.));
#6555=DIRECTION('ref_axis',(1.,0.,0.));
#6556=DIRECTION('center_axis',(0.,0.,-1.));
#6557=DIRECTION('ref_axis',(1.,0.,0.));
#6558=DIRECTION('',(0.,0.,-1.));
#6559=DIRECTION('center_axis',(0.,0.,1.));
#6560=DIRECTION('ref_axis',(1.,0.,0.));
#6561=DIRECTION('center_axis',(0.,0.,-1.));
#6562=DIRECTION('ref_axis',(1.,0.,0.));
#6563=DIRECTION('center_axis',(0.,0.,-1.));
#6564=DIRECTION('ref_axis',(1.,0.,0.));
#6565=DIRECTION('',(0.,0.,-1.));
#6566=DIRECTION('center_axis',(0.,0.,1.));
#6567=DIRECTION('ref_axis',(1.,0.,0.));
#6568=DIRECTION('center_axis',(0.,0.,-1.));
#6569=DIRECTION('ref_axis',(1.,0.,0.));
#6570=DIRECTION('center_axis',(0.,0.,-1.));
#6571=DIRECTION('ref_axis',(1.,0.,0.));
#6572=DIRECTION('',(0.,0.,-1.));
#6573=DIRECTION('center_axis',(0.,0.,1.));
#6574=DIRECTION('ref_axis',(1.,0.,0.));
#6575=DIRECTION('center_axis',(0.,0.,-1.));
#6576=DIRECTION('ref_axis',(1.,0.,0.));
#6577=DIRECTION('center_axis',(0.,0.,-1.));
#6578=DIRECTION('ref_axis',(1.,0.,0.));
#6579=DIRECTION('',(0.,0.,-1.));
#6580=DIRECTION('center_axis',(0.,0.,1.));
#6581=DIRECTION('ref_axis',(1.,0.,0.));
#6582=DIRECTION('center_axis',(0.,0.,-1.));
#6583=DIRECTION('ref_axis',(1.,0.,0.));
#6584=DIRECTION('center_axis',(0.,0.,-1.));
#6585=DIRECTION('ref_axis',(1.,0.,0.));
#6586=DIRECTION('',(0.,0.,-1.));
#6587=DIRECTION('center_axis',(0.,0.,1.));
#6588=DIRECTION('ref_axis',(1.,0.,0.));
#6589=DIRECTION('center_axis',(0.,0.,-1.));
#6590=DIRECTION('ref_axis',(1.,0.,0.));
#6591=DIRECTION('center_axis',(0.,0.,-1.));
#6592=DIRECTION('ref_axis',(1.,0.,0.));
#6593=DIRECTION('',(0.,0.,-1.));
#6594=DIRECTION('center_axis',(0.,0.,1.));
#6595=DIRECTION('ref_axis',(1.,0.,0.));
#6596=DIRECTION('center_axis',(0.,0.,-1.));
#6597=DIRECTION('ref_axis',(1.,0.,0.));
#6598=DIRECTION('center_axis',(0.,0.,-1.));
#6599=DIRECTION('ref_axis',(1.,0.,0.));
#6600=DIRECTION('',(0.,0.,-1.));
#6601=DIRECTION('center_axis',(0.,0.,1.));
#6602=DIRECTION('ref_axis',(1.,0.,0.));
#6603=DIRECTION('center_axis',(0.,0.,-1.));
#6604=DIRECTION('ref_axis',(1.,0.,0.));
#6605=DIRECTION('center_axis',(0.,0.,-1.));
#6606=DIRECTION('ref_axis',(1.,0.,0.));
#6607=DIRECTION('',(0.,0.,-1.));
#6608=DIRECTION('center_axis',(0.,0.,1.));
#6609=DIRECTION('ref_axis',(1.,0.,0.));
#6610=DIRECTION('center_axis',(0.,0.,-1.));
#6611=DIRECTION('ref_axis',(1.,0.,0.));
#6612=DIRECTION('center_axis',(0.,0.,-1.));
#6613=DIRECTION('ref_axis',(1.,0.,0.));
#6614=DIRECTION('',(0.,0.,-1.));
#6615=DIRECTION('center_axis',(0.,0.,1.));
#6616=DIRECTION('ref_axis',(1.,0.,0.));
#6617=DIRECTION('center_axis',(0.,0.,-1.));
#6618=DIRECTION('ref_axis',(1.,0.,0.));
#6619=DIRECTION('center_axis',(0.,0.,-1.));
#6620=DIRECTION('ref_axis',(1.,0.,0.));
#6621=DIRECTION('',(0.,0.,-1.));
#6622=DIRECTION('center_axis',(0.,0.,1.));
#6623=DIRECTION('ref_axis',(1.,0.,0.));
#6624=DIRECTION('center_axis',(0.,0.,-1.));
#6625=DIRECTION('ref_axis',(1.,0.,0.));
#6626=DIRECTION('center_axis',(0.,0.,-1.));
#6627=DIRECTION('ref_axis',(1.,0.,0.));
#6628=DIRECTION('',(0.,0.,-1.));
#6629=DIRECTION('center_axis',(0.,0.,1.));
#6630=DIRECTION('ref_axis',(1.,0.,0.));
#6631=DIRECTION('center_axis',(0.,0.,-1.));
#6632=DIRECTION('ref_axis',(1.,0.,0.));
#6633=DIRECTION('center_axis',(0.,0.,-1.));
#6634=DIRECTION('ref_axis',(1.,0.,0.));
#6635=DIRECTION('',(0.,0.,-1.));
#6636=DIRECTION('center_axis',(0.,0.,1.));
#6637=DIRECTION('ref_axis',(1.,0.,0.));
#6638=DIRECTION('center_axis',(0.,0.,-1.));
#6639=DIRECTION('ref_axis',(1.,0.,0.));
#6640=DIRECTION('center_axis',(0.,0.,-1.));
#6641=DIRECTION('ref_axis',(1.,0.,0.));
#6642=DIRECTION('',(0.,0.,-1.));
#6643=DIRECTION('center_axis',(0.,0.,1.));
#6644=DIRECTION('ref_axis',(1.,0.,0.));
#6645=DIRECTION('center_axis',(0.,0.,-1.));
#6646=DIRECTION('ref_axis',(1.,0.,0.));
#6647=DIRECTION('center_axis',(0.,0.,-1.));
#6648=DIRECTION('ref_axis',(1.,0.,0.));
#6649=DIRECTION('',(0.,0.,-1.));
#6650=DIRECTION('center_axis',(0.,0.,1.));
#6651=DIRECTION('ref_axis',(1.,0.,0.));
#6652=DIRECTION('center_axis',(0.,0.,-1.));
#6653=DIRECTION('ref_axis',(1.,0.,0.));
#6654=DIRECTION('center_axis',(0.,0.,-1.));
#6655=DIRECTION('ref_axis',(1.,0.,0.));
#6656=DIRECTION('',(0.,0.,-1.));
#6657=DIRECTION('center_axis',(0.,0.,1.));
#6658=DIRECTION('ref_axis',(1.,0.,0.));
#6659=DIRECTION('center_axis',(0.,0.,-1.));
#6660=DIRECTION('ref_axis',(1.,0.,0.));
#6661=DIRECTION('center_axis',(0.,0.,-1.));
#6662=DIRECTION('ref_axis',(1.,0.,0.));
#6663=DIRECTION('',(0.,0.,-1.));
#6664=DIRECTION('center_axis',(0.,0.,1.));
#6665=DIRECTION('ref_axis',(1.,0.,0.));
#6666=DIRECTION('center_axis',(0.,0.,-1.));
#6667=DIRECTION('ref_axis',(1.,0.,0.));
#6668=DIRECTION('center_axis',(0.,0.,-1.));
#6669=DIRECTION('ref_axis',(1.,0.,0.));
#6670=DIRECTION('',(0.,0.,-1.));
#6671=DIRECTION('center_axis',(0.,0.,1.));
#6672=DIRECTION('ref_axis',(1.,0.,0.));
#6673=DIRECTION('center_axis',(0.,0.,-1.));
#6674=DIRECTION('ref_axis',(1.,0.,0.));
#6675=DIRECTION('center_axis',(0.,0.,-1.));
#6676=DIRECTION('ref_axis',(1.,0.,0.));
#6677=DIRECTION('',(0.,0.,-1.));
#6678=DIRECTION('center_axis',(0.,0.,1.));
#6679=DIRECTION('ref_axis',(1.,0.,0.));
#6680=DIRECTION('center_axis',(0.,0.,-1.));
#6681=DIRECTION('ref_axis',(1.,0.,0.));
#6682=DIRECTION('center_axis',(0.,0.,-1.));
#6683=DIRECTION('ref_axis',(1.,0.,0.));
#6684=DIRECTION('',(0.,0.,-1.));
#6685=DIRECTION('center_axis',(0.,0.,1.));
#6686=DIRECTION('ref_axis',(1.,0.,0.));
#6687=DIRECTION('center_axis',(0.,0.,-1.));
#6688=DIRECTION('ref_axis',(1.,0.,0.));
#6689=DIRECTION('center_axis',(0.,0.,-1.));
#6690=DIRECTION('ref_axis',(1.,0.,0.));
#6691=DIRECTION('',(0.,0.,-1.));
#6692=DIRECTION('center_axis',(0.,0.,1.));
#6693=DIRECTION('ref_axis',(1.,0.,0.));
#6694=DIRECTION('center_axis',(0.,0.,-1.));
#6695=DIRECTION('ref_axis',(1.,0.,0.));
#6696=DIRECTION('center_axis',(0.,0.,-1.));
#6697=DIRECTION('ref_axis',(1.,0.,0.));
#6698=DIRECTION('',(0.,0.,-1.));
#6699=DIRECTION('center_axis',(0.,0.,1.));
#6700=DIRECTION('ref_axis',(1.,0.,0.));
#6701=DIRECTION('center_axis',(0.,0.,-1.));
#6702=DIRECTION('ref_axis',(1.,0.,0.));
#6703=DIRECTION('center_axis',(0.,0.,-1.));
#6704=DIRECTION('ref_axis',(1.,0.,0.));
#6705=DIRECTION('',(0.,0.,-1.));
#6706=DIRECTION('center_axis',(0.,0.,1.));
#6707=DIRECTION('ref_axis',(1.,0.,0.));
#6708=DIRECTION('center_axis',(0.,0.,-1.));
#6709=DIRECTION('ref_axis',(1.,0.,0.));
#6710=DIRECTION('center_axis',(0.,0.,-1.));
#6711=DIRECTION('ref_axis',(1.,0.,0.));
#6712=DIRECTION('',(0.,0.,-1.));
#6713=DIRECTION('center_axis',(0.,0.,1.));
#6714=DIRECTION('ref_axis',(1.,0.,0.));
#6715=DIRECTION('center_axis',(0.,0.,-1.));
#6716=DIRECTION('ref_axis',(1.,0.,0.));
#6717=DIRECTION('center_axis',(0.,0.,-1.));
#6718=DIRECTION('ref_axis',(1.,0.,0.));
#6719=DIRECTION('',(0.,0.,-1.));
#6720=DIRECTION('center_axis',(0.,0.,1.));
#6721=DIRECTION('ref_axis',(1.,0.,0.));
#6722=DIRECTION('center_axis',(0.,0.,-1.));
#6723=DIRECTION('ref_axis',(1.,0.,0.));
#6724=DIRECTION('center_axis',(0.,0.,-1.));
#6725=DIRECTION('ref_axis',(1.,0.,0.));
#6726=DIRECTION('',(0.,0.,-1.));
#6727=DIRECTION('center_axis',(0.,0.,1.));
#6728=DIRECTION('ref_axis',(1.,0.,0.));
#6729=DIRECTION('center_axis',(0.,0.,-1.));
#6730=DIRECTION('ref_axis',(1.,0.,0.));
#6731=DIRECTION('center_axis',(0.,0.,-1.));
#6732=DIRECTION('ref_axis',(1.,0.,0.));
#6733=DIRECTION('',(0.,0.,-1.));
#6734=DIRECTION('center_axis',(0.,0.,1.));
#6735=DIRECTION('ref_axis',(1.,0.,0.));
#6736=DIRECTION('center_axis',(0.,0.,-1.));
#6737=DIRECTION('ref_axis',(1.,0.,0.));
#6738=DIRECTION('center_axis',(0.,0.,-1.));
#6739=DIRECTION('ref_axis',(1.,0.,0.));
#6740=DIRECTION('',(0.,0.,-1.));
#6741=DIRECTION('center_axis',(0.,0.,1.));
#6742=DIRECTION('ref_axis',(1.,0.,0.));
#6743=DIRECTION('center_axis',(0.,0.,-1.));
#6744=DIRECTION('ref_axis',(1.,0.,0.));
#6745=DIRECTION('center_axis',(0.,0.,-1.));
#6746=DIRECTION('ref_axis',(1.,0.,0.));
#6747=DIRECTION('',(0.,0.,-1.));
#6748=DIRECTION('center_axis',(0.,0.,1.));
#6749=DIRECTION('ref_axis',(1.,0.,0.));
#6750=DIRECTION('center_axis',(0.,0.,-1.));
#6751=DIRECTION('ref_axis',(1.,0.,0.));
#6752=DIRECTION('center_axis',(0.,0.,-1.));
#6753=DIRECTION('ref_axis',(1.,0.,0.));
#6754=DIRECTION('',(0.,0.,-1.));
#6755=DIRECTION('center_axis',(0.,0.,1.));
#6756=DIRECTION('ref_axis',(1.,0.,0.));
#6757=DIRECTION('center_axis',(0.,0.,-1.));
#6758=DIRECTION('ref_axis',(1.,0.,0.));
#6759=DIRECTION('center_axis',(0.,0.,-1.));
#6760=DIRECTION('ref_axis',(1.,0.,0.));
#6761=DIRECTION('',(0.,0.,-1.));
#6762=DIRECTION('center_axis',(0.,0.,1.));
#6763=DIRECTION('ref_axis',(1.,0.,0.));
#6764=DIRECTION('center_axis',(0.,0.,-1.));
#6765=DIRECTION('ref_axis',(1.,0.,0.));
#6766=DIRECTION('center_axis',(0.,0.,-1.));
#6767=DIRECTION('ref_axis',(1.,0.,0.));
#6768=DIRECTION('',(0.,0.,-1.));
#6769=DIRECTION('center_axis',(0.,0.,1.));
#6770=DIRECTION('ref_axis',(1.,0.,0.));
#6771=DIRECTION('center_axis',(0.,0.,-1.));
#6772=DIRECTION('ref_axis',(1.,0.,0.));
#6773=DIRECTION('center_axis',(0.,0.,-1.));
#6774=DIRECTION('ref_axis',(1.,0.,0.));
#6775=DIRECTION('',(0.,0.,-1.));
#6776=DIRECTION('center_axis',(0.,0.,1.));
#6777=DIRECTION('ref_axis',(1.,0.,0.));
#6778=DIRECTION('center_axis',(0.,0.,-1.));
#6779=DIRECTION('ref_axis',(1.,0.,0.));
#6780=DIRECTION('center_axis',(0.,0.,-1.));
#6781=DIRECTION('ref_axis',(1.,0.,0.));
#6782=DIRECTION('',(0.,0.,-1.));
#6783=DIRECTION('center_axis',(0.,0.,1.));
#6784=DIRECTION('ref_axis',(1.,0.,0.));
#6785=DIRECTION('center_axis',(0.,0.,-1.));
#6786=DIRECTION('ref_axis',(1.,0.,0.));
#6787=DIRECTION('center_axis',(0.,0.,-1.));
#6788=DIRECTION('ref_axis',(1.,0.,0.));
#6789=DIRECTION('',(0.,0.,-1.));
#6790=DIRECTION('center_axis',(0.,0.,1.));
#6791=DIRECTION('ref_axis',(1.,0.,0.));
#6792=DIRECTION('center_axis',(0.,0.,-1.));
#6793=DIRECTION('ref_axis',(1.,0.,0.));
#6794=DIRECTION('center_axis',(0.,0.,-1.));
#6795=DIRECTION('ref_axis',(1.,0.,0.));
#6796=DIRECTION('',(0.,0.,-1.));
#6797=DIRECTION('center_axis',(0.,0.,1.));
#6798=DIRECTION('ref_axis',(1.,0.,0.));
#6799=DIRECTION('center_axis',(0.,0.,-1.));
#6800=DIRECTION('ref_axis',(1.,0.,0.));
#6801=DIRECTION('center_axis',(0.,0.,-1.));
#6802=DIRECTION('ref_axis',(1.,0.,0.));
#6803=DIRECTION('',(0.,0.,-1.));
#6804=DIRECTION('center_axis',(0.,0.,1.));
#6805=DIRECTION('ref_axis',(1.,0.,0.));
#6806=DIRECTION('center_axis',(0.,0.,-1.));
#6807=DIRECTION('ref_axis',(1.,0.,0.));
#6808=DIRECTION('center_axis',(0.,0.,-1.));
#6809=DIRECTION('ref_axis',(1.,0.,0.));
#6810=DIRECTION('',(0.,0.,-1.));
#6811=DIRECTION('center_axis',(0.,0.,1.));
#6812=DIRECTION('ref_axis',(1.,0.,0.));
#6813=DIRECTION('center_axis',(0.,0.,-1.));
#6814=DIRECTION('ref_axis',(1.,0.,0.));
#6815=DIRECTION('center_axis',(0.,0.,-1.));
#6816=DIRECTION('ref_axis',(1.,0.,0.));
#6817=DIRECTION('',(0.,0.,-1.));
#6818=DIRECTION('center_axis',(0.,0.,1.));
#6819=DIRECTION('ref_axis',(1.,0.,0.));
#6820=DIRECTION('center_axis',(0.,0.,-1.));
#6821=DIRECTION('ref_axis',(1.,0.,0.));
#6822=DIRECTION('center_axis',(0.,0.,-1.));
#6823=DIRECTION('ref_axis',(1.,0.,0.));
#6824=DIRECTION('',(0.,0.,-1.));
#6825=DIRECTION('center_axis',(0.,0.,1.));
#6826=DIRECTION('ref_axis',(1.,0.,0.));
#6827=DIRECTION('center_axis',(0.,0.,-1.));
#6828=DIRECTION('ref_axis',(1.,0.,0.));
#6829=DIRECTION('center_axis',(0.,0.,-1.));
#6830=DIRECTION('ref_axis',(1.,0.,0.));
#6831=DIRECTION('',(0.,0.,-1.));
#6832=DIRECTION('center_axis',(0.,0.,1.));
#6833=DIRECTION('ref_axis',(1.,0.,0.));
#6834=DIRECTION('center_axis',(0.,0.,-1.));
#6835=DIRECTION('ref_axis',(1.,0.,0.));
#6836=DIRECTION('center_axis',(0.,0.,-1.));
#6837=DIRECTION('ref_axis',(1.,0.,0.));
#6838=DIRECTION('',(0.,0.,-1.));
#6839=DIRECTION('center_axis',(0.,0.,1.));
#6840=DIRECTION('ref_axis',(1.,0.,0.));
#6841=DIRECTION('center_axis',(0.,0.,-1.));
#6842=DIRECTION('ref_axis',(1.,0.,0.));
#6843=DIRECTION('center_axis',(0.,0.,-1.));
#6844=DIRECTION('ref_axis',(1.,0.,0.));
#6845=DIRECTION('',(0.,0.,-1.));
#6846=DIRECTION('center_axis',(0.,0.,1.));
#6847=DIRECTION('ref_axis',(1.,0.,0.));
#6848=DIRECTION('center_axis',(0.,0.,-1.));
#6849=DIRECTION('ref_axis',(1.,0.,0.));
#6850=DIRECTION('center_axis',(0.,0.,-1.));
#6851=DIRECTION('ref_axis',(1.,0.,0.));
#6852=DIRECTION('',(0.,0.,-1.));
#6853=DIRECTION('center_axis',(0.,0.,1.));
#6854=DIRECTION('ref_axis',(1.,0.,0.));
#6855=DIRECTION('center_axis',(0.,0.,-1.));
#6856=DIRECTION('ref_axis',(1.,0.,0.));
#6857=DIRECTION('center_axis',(0.,0.,-1.));
#6858=DIRECTION('ref_axis',(1.,0.,0.));
#6859=DIRECTION('',(0.,0.,-1.));
#6860=DIRECTION('center_axis',(0.,0.,1.));
#6861=DIRECTION('ref_axis',(1.,0.,0.));
#6862=DIRECTION('center_axis',(0.,0.,-1.));
#6863=DIRECTION('ref_axis',(1.,0.,0.));
#6864=DIRECTION('center_axis',(0.,0.,-1.));
#6865=DIRECTION('ref_axis',(1.,0.,0.));
#6866=DIRECTION('',(0.,0.,-1.));
#6867=DIRECTION('center_axis',(0.,0.,1.));
#6868=DIRECTION('ref_axis',(1.,0.,0.));
#6869=DIRECTION('center_axis',(0.,0.,-1.));
#6870=DIRECTION('ref_axis',(1.,0.,0.));
#6871=DIRECTION('center_axis',(0.,0.,-1.));
#6872=DIRECTION('ref_axis',(1.,0.,0.));
#6873=DIRECTION('',(0.,0.,-1.));
#6874=DIRECTION('center_axis',(0.,0.,1.));
#6875=DIRECTION('ref_axis',(1.,0.,0.));
#6876=DIRECTION('center_axis',(0.,0.,-1.));
#6877=DIRECTION('ref_axis',(1.,0.,0.));
#6878=DIRECTION('center_axis',(0.,0.,-1.));
#6879=DIRECTION('ref_axis',(1.,0.,0.));
#6880=DIRECTION('',(0.,0.,-1.));
#6881=DIRECTION('center_axis',(0.,0.,1.));
#6882=DIRECTION('ref_axis',(1.,0.,0.));
#6883=DIRECTION('center_axis',(0.,0.,-1.));
#6884=DIRECTION('ref_axis',(1.,0.,0.));
#6885=DIRECTION('center_axis',(0.,0.,-1.));
#6886=DIRECTION('ref_axis',(1.,0.,0.));
#6887=DIRECTION('',(0.,0.,-1.));
#6888=DIRECTION('center_axis',(0.,0.,1.));
#6889=DIRECTION('ref_axis',(1.,0.,0.));
#6890=DIRECTION('center_axis',(0.,0.,-1.));
#6891=DIRECTION('ref_axis',(1.,0.,0.));
#6892=DIRECTION('center_axis',(0.,0.,-1.));
#6893=DIRECTION('ref_axis',(1.,0.,0.));
#6894=DIRECTION('',(0.,0.,-1.));
#6895=DIRECTION('center_axis',(0.,0.,1.));
#6896=DIRECTION('ref_axis',(1.,0.,0.));
#6897=DIRECTION('center_axis',(0.,0.,-1.));
#6898=DIRECTION('ref_axis',(1.,0.,0.));
#6899=DIRECTION('center_axis',(0.,0.,-1.));
#6900=DIRECTION('ref_axis',(1.,0.,0.));
#6901=DIRECTION('',(0.,0.,-1.));
#6902=DIRECTION('center_axis',(0.,0.,1.));
#6903=DIRECTION('ref_axis',(1.,0.,0.));
#6904=DIRECTION('center_axis',(0.,0.,-1.));
#6905=DIRECTION('ref_axis',(1.,0.,0.));
#6906=DIRECTION('center_axis',(0.,0.,-1.));
#6907=DIRECTION('ref_axis',(1.,0.,0.));
#6908=DIRECTION('',(0.,0.,-1.));
#6909=DIRECTION('center_axis',(0.,0.,1.));
#6910=DIRECTION('ref_axis',(1.,0.,0.));
#6911=DIRECTION('center_axis',(0.,0.,-1.));
#6912=DIRECTION('ref_axis',(1.,0.,0.));
#6913=DIRECTION('center_axis',(0.,0.,-1.));
#6914=DIRECTION('ref_axis',(1.,0.,0.));
#6915=DIRECTION('',(0.,0.,-1.));
#6916=DIRECTION('center_axis',(0.,0.,1.));
#6917=DIRECTION('ref_axis',(1.,0.,0.));
#6918=DIRECTION('center_axis',(0.,0.,-1.));
#6919=DIRECTION('ref_axis',(1.,0.,0.));
#6920=DIRECTION('center_axis',(0.,0.,-1.));
#6921=DIRECTION('ref_axis',(1.,0.,0.));
#6922=DIRECTION('',(0.,0.,-1.));
#6923=DIRECTION('center_axis',(0.,0.,1.));
#6924=DIRECTION('ref_axis',(1.,0.,0.));
#6925=DIRECTION('center_axis',(0.,0.,-1.));
#6926=DIRECTION('ref_axis',(1.,0.,0.));
#6927=DIRECTION('center_axis',(0.,0.,-1.));
#6928=DIRECTION('ref_axis',(1.,0.,0.));
#6929=DIRECTION('',(0.,0.,-1.));
#6930=DIRECTION('center_axis',(0.,0.,1.));
#6931=DIRECTION('ref_axis',(1.,0.,0.));
#6932=DIRECTION('center_axis',(0.,0.,-1.));
#6933=DIRECTION('ref_axis',(1.,0.,0.));
#6934=DIRECTION('center_axis',(0.,0.,-1.));
#6935=DIRECTION('ref_axis',(1.,0.,0.));
#6936=DIRECTION('',(0.,0.,-1.));
#6937=DIRECTION('center_axis',(0.,0.,1.));
#6938=DIRECTION('ref_axis',(1.,0.,0.));
#6939=DIRECTION('center_axis',(0.,0.,-1.));
#6940=DIRECTION('ref_axis',(1.,0.,0.));
#6941=DIRECTION('center_axis',(0.,0.,-1.));
#6942=DIRECTION('ref_axis',(1.,0.,0.));
#6943=DIRECTION('',(0.,0.,-1.));
#6944=DIRECTION('center_axis',(0.,0.,1.));
#6945=DIRECTION('ref_axis',(1.,0.,0.));
#6946=DIRECTION('center_axis',(0.,0.,-1.));
#6947=DIRECTION('ref_axis',(1.,0.,0.));
#6948=DIRECTION('center_axis',(0.,0.,-1.));
#6949=DIRECTION('ref_axis',(1.,0.,0.));
#6950=DIRECTION('',(0.,0.,-1.));
#6951=DIRECTION('center_axis',(0.,0.,1.));
#6952=DIRECTION('ref_axis',(1.,0.,0.));
#6953=DIRECTION('center_axis',(0.,0.,-1.));
#6954=DIRECTION('ref_axis',(1.,0.,0.));
#6955=DIRECTION('center_axis',(0.,0.,-1.));
#6956=DIRECTION('ref_axis',(1.,0.,0.));
#6957=DIRECTION('',(0.,0.,-1.));
#6958=DIRECTION('center_axis',(0.,0.,1.));
#6959=DIRECTION('ref_axis',(1.,0.,0.));
#6960=DIRECTION('center_axis',(0.,0.,-1.));
#6961=DIRECTION('ref_axis',(1.,0.,0.));
#6962=DIRECTION('center_axis',(0.,0.,-1.));
#6963=DIRECTION('ref_axis',(1.,0.,0.));
#6964=DIRECTION('',(0.,0.,-1.));
#6965=DIRECTION('center_axis',(0.,0.,1.));
#6966=DIRECTION('ref_axis',(1.,0.,0.));
#6967=DIRECTION('center_axis',(0.,0.,-1.));
#6968=DIRECTION('ref_axis',(1.,0.,0.));
#6969=DIRECTION('center_axis',(0.,0.,-1.));
#6970=DIRECTION('ref_axis',(1.,0.,0.));
#6971=DIRECTION('',(0.,0.,-1.));
#6972=DIRECTION('center_axis',(0.,0.,1.));
#6973=DIRECTION('ref_axis',(1.,0.,0.));
#6974=DIRECTION('center_axis',(0.,0.,-1.));
#6975=DIRECTION('ref_axis',(1.,0.,0.));
#6976=DIRECTION('center_axis',(0.,0.,-1.));
#6977=DIRECTION('ref_axis',(1.,0.,0.));
#6978=DIRECTION('',(0.,0.,-1.));
#6979=DIRECTION('center_axis',(0.,0.,1.));
#6980=DIRECTION('ref_axis',(1.,0.,0.));
#6981=DIRECTION('center_axis',(0.,0.,-1.));
#6982=DIRECTION('ref_axis',(1.,0.,0.));
#6983=DIRECTION('center_axis',(0.,0.,-1.));
#6984=DIRECTION('ref_axis',(1.,0.,0.));
#6985=DIRECTION('',(0.,0.,-1.));
#6986=DIRECTION('center_axis',(0.,0.,1.));
#6987=DIRECTION('ref_axis',(1.,0.,0.));
#6988=DIRECTION('center_axis',(0.,0.,-1.));
#6989=DIRECTION('ref_axis',(1.,0.,0.));
#6990=DIRECTION('center_axis',(0.,0.,-1.));
#6991=DIRECTION('ref_axis',(1.,0.,0.));
#6992=DIRECTION('',(0.,0.,-1.));
#6993=DIRECTION('center_axis',(0.,0.,1.));
#6994=DIRECTION('ref_axis',(1.,0.,0.));
#6995=DIRECTION('center_axis',(0.,0.,-1.));
#6996=DIRECTION('ref_axis',(1.,0.,0.));
#6997=DIRECTION('center_axis',(0.,0.,-1.));
#6998=DIRECTION('ref_axis',(1.,0.,0.));
#6999=DIRECTION('',(0.,0.,-1.));
#7000=DIRECTION('center_axis',(0.,0.,1.));
#7001=DIRECTION('ref_axis',(1.,0.,0.));
#7002=DIRECTION('center_axis',(0.,0.,-1.));
#7003=DIRECTION('ref_axis',(1.,0.,0.));
#7004=DIRECTION('center_axis',(0.,0.,-1.));
#7005=DIRECTION('ref_axis',(1.,0.,0.));
#7006=DIRECTION('',(0.,0.,-1.));
#7007=DIRECTION('center_axis',(0.,0.,1.));
#7008=DIRECTION('ref_axis',(1.,0.,0.));
#7009=DIRECTION('center_axis',(0.,0.,-1.));
#7010=DIRECTION('ref_axis',(1.,0.,0.));
#7011=DIRECTION('center_axis',(0.,0.,-1.));
#7012=DIRECTION('ref_axis',(1.,0.,0.));
#7013=DIRECTION('',(0.,0.,-1.));
#7014=DIRECTION('center_axis',(0.,0.,1.));
#7015=DIRECTION('ref_axis',(1.,0.,0.));
#7016=DIRECTION('center_axis',(0.,0.,-1.));
#7017=DIRECTION('ref_axis',(1.,0.,0.));
#7018=DIRECTION('center_axis',(0.,0.,-1.));
#7019=DIRECTION('ref_axis',(1.,0.,0.));
#7020=DIRECTION('',(0.,0.,-1.));
#7021=DIRECTION('center_axis',(0.,0.,1.));
#7022=DIRECTION('ref_axis',(1.,0.,0.));
#7023=DIRECTION('center_axis',(0.,0.,-1.));
#7024=DIRECTION('ref_axis',(1.,0.,0.));
#7025=DIRECTION('center_axis',(0.,0.,-1.));
#7026=DIRECTION('ref_axis',(1.,0.,0.));
#7027=DIRECTION('',(0.,0.,-1.));
#7028=DIRECTION('center_axis',(0.,0.,1.));
#7029=DIRECTION('ref_axis',(1.,0.,0.));
#7030=DIRECTION('center_axis',(0.,0.,-1.));
#7031=DIRECTION('ref_axis',(1.,0.,0.));
#7032=DIRECTION('center_axis',(0.,0.,-1.));
#7033=DIRECTION('ref_axis',(1.,0.,0.));
#7034=DIRECTION('',(0.,0.,-1.));
#7035=DIRECTION('center_axis',(0.,0.,1.));
#7036=DIRECTION('ref_axis',(1.,0.,0.));
#7037=DIRECTION('center_axis',(0.,0.,-1.));
#7038=DIRECTION('ref_axis',(1.,0.,0.));
#7039=DIRECTION('center_axis',(0.,0.,-1.));
#7040=DIRECTION('ref_axis',(1.,0.,0.));
#7041=DIRECTION('',(0.,0.,-1.));
#7042=DIRECTION('center_axis',(0.,0.,1.));
#7043=DIRECTION('ref_axis',(1.,0.,0.));
#7044=DIRECTION('center_axis',(0.,0.,-1.));
#7045=DIRECTION('ref_axis',(1.,0.,0.));
#7046=DIRECTION('center_axis',(0.,0.,-1.));
#7047=DIRECTION('ref_axis',(1.,0.,0.));
#7048=DIRECTION('',(0.,0.,-1.));
#7049=DIRECTION('center_axis',(0.,0.,1.));
#7050=DIRECTION('ref_axis',(1.,0.,0.));
#7051=DIRECTION('center_axis',(0.,0.,-1.));
#7052=DIRECTION('ref_axis',(1.,0.,0.));
#7053=DIRECTION('center_axis',(0.,0.,-1.));
#7054=DIRECTION('ref_axis',(1.,0.,0.));
#7055=DIRECTION('',(0.,0.,-1.));
#7056=DIRECTION('center_axis',(0.,0.,1.));
#7057=DIRECTION('ref_axis',(1.,0.,0.));
#7058=DIRECTION('center_axis',(0.,0.,-1.));
#7059=DIRECTION('ref_axis',(1.,0.,0.));
#7060=DIRECTION('center_axis',(0.,0.,-1.));
#7061=DIRECTION('ref_axis',(1.,0.,0.));
#7062=DIRECTION('',(0.,0.,-1.));
#7063=DIRECTION('center_axis',(0.,0.,1.));
#7064=DIRECTION('ref_axis',(1.,0.,0.));
#7065=DIRECTION('center_axis',(0.,0.,-1.));
#7066=DIRECTION('ref_axis',(1.,0.,0.));
#7067=DIRECTION('center_axis',(0.,0.,-1.));
#7068=DIRECTION('ref_axis',(1.,0.,0.));
#7069=DIRECTION('',(0.,0.,-1.));
#7070=DIRECTION('center_axis',(0.,0.,1.));
#7071=DIRECTION('ref_axis',(1.,0.,0.));
#7072=DIRECTION('center_axis',(0.,0.,-1.));
#7073=DIRECTION('ref_axis',(1.,0.,0.));
#7074=DIRECTION('center_axis',(0.,0.,-1.));
#7075=DIRECTION('ref_axis',(1.,0.,0.));
#7076=DIRECTION('',(0.,0.,-1.));
#7077=DIRECTION('center_axis',(0.,0.,1.));
#7078=DIRECTION('ref_axis',(1.,0.,0.));
#7079=DIRECTION('center_axis',(0.,0.,-1.));
#7080=DIRECTION('ref_axis',(1.,0.,0.));
#7081=DIRECTION('center_axis',(0.,0.,-1.));
#7082=DIRECTION('ref_axis',(1.,0.,0.));
#7083=DIRECTION('',(0.,0.,-1.));
#7084=DIRECTION('center_axis',(0.,0.,1.));
#7085=DIRECTION('ref_axis',(1.,0.,0.));
#7086=DIRECTION('center_axis',(0.,0.,-1.));
#7087=DIRECTION('ref_axis',(1.,0.,0.));
#7088=DIRECTION('center_axis',(0.,0.,-1.));
#7089=DIRECTION('ref_axis',(1.,0.,0.));
#7090=DIRECTION('',(0.,0.,-1.));
#7091=DIRECTION('center_axis',(0.,0.,1.));
#7092=DIRECTION('ref_axis',(1.,0.,0.));
#7093=DIRECTION('center_axis',(0.,0.,-1.));
#7094=DIRECTION('ref_axis',(1.,0.,0.));
#7095=DIRECTION('center_axis',(0.,0.,-1.));
#7096=DIRECTION('ref_axis',(1.,0.,0.));
#7097=DIRECTION('',(0.,0.,-1.));
#7098=DIRECTION('center_axis',(0.,0.,1.));
#7099=DIRECTION('ref_axis',(1.,0.,0.));
#7100=DIRECTION('center_axis',(0.,0.,-1.));
#7101=DIRECTION('ref_axis',(1.,0.,0.));
#7102=DIRECTION('center_axis',(0.,0.,-1.));
#7103=DIRECTION('ref_axis',(1.,0.,0.));
#7104=DIRECTION('',(0.,0.,-1.));
#7105=DIRECTION('center_axis',(0.,0.,1.));
#7106=DIRECTION('ref_axis',(1.,0.,0.));
#7107=DIRECTION('center_axis',(0.,0.,-1.));
#7108=DIRECTION('ref_axis',(1.,0.,0.));
#7109=DIRECTION('center_axis',(0.,0.,-1.));
#7110=DIRECTION('ref_axis',(1.,0.,0.));
#7111=DIRECTION('',(0.,0.,-1.));
#7112=DIRECTION('center_axis',(0.,0.,1.));
#7113=DIRECTION('ref_axis',(1.,0.,0.));
#7114=DIRECTION('center_axis',(0.,0.,-1.));
#7115=DIRECTION('ref_axis',(1.,0.,0.));
#7116=DIRECTION('center_axis',(0.,0.,-1.));
#7117=DIRECTION('ref_axis',(1.,0.,0.));
#7118=DIRECTION('',(0.,0.,-1.));
#7119=DIRECTION('center_axis',(0.,0.,1.));
#7120=DIRECTION('ref_axis',(1.,0.,0.));
#7121=DIRECTION('center_axis',(0.,0.,-1.));
#7122=DIRECTION('ref_axis',(1.,0.,0.));
#7123=DIRECTION('center_axis',(0.,0.,-1.));
#7124=DIRECTION('ref_axis',(1.,0.,0.));
#7125=DIRECTION('',(0.,0.,-1.));
#7126=DIRECTION('center_axis',(0.,0.,1.));
#7127=DIRECTION('ref_axis',(1.,0.,0.));
#7128=DIRECTION('center_axis',(0.,0.,-1.));
#7129=DIRECTION('ref_axis',(1.,0.,0.));
#7130=DIRECTION('center_axis',(0.,0.,-1.));
#7131=DIRECTION('ref_axis',(1.,0.,0.));
#7132=DIRECTION('',(0.,0.,-1.));
#7133=DIRECTION('center_axis',(0.,0.,1.));
#7134=DIRECTION('ref_axis',(1.,0.,0.));
#7135=DIRECTION('center_axis',(0.,0.,-1.));
#7136=DIRECTION('ref_axis',(1.,0.,0.));
#7137=DIRECTION('center_axis',(0.,0.,-1.));
#7138=DIRECTION('ref_axis',(1.,0.,0.));
#7139=DIRECTION('',(0.,0.,-1.));
#7140=DIRECTION('center_axis',(0.,0.,1.));
#7141=DIRECTION('ref_axis',(1.,0.,0.));
#7142=DIRECTION('center_axis',(0.,0.,-1.));
#7143=DIRECTION('ref_axis',(1.,0.,0.));
#7144=DIRECTION('center_axis',(0.,0.,-1.));
#7145=DIRECTION('ref_axis',(1.,0.,0.));
#7146=DIRECTION('',(0.,0.,-1.));
#7147=DIRECTION('center_axis',(0.,0.,1.));
#7148=DIRECTION('ref_axis',(1.,0.,0.));
#7149=DIRECTION('center_axis',(0.,0.,-1.));
#7150=DIRECTION('ref_axis',(1.,0.,0.));
#7151=DIRECTION('center_axis',(0.,0.,-1.));
#7152=DIRECTION('ref_axis',(1.,0.,0.));
#7153=DIRECTION('',(0.,0.,-1.));
#7154=DIRECTION('center_axis',(0.,0.,1.));
#7155=DIRECTION('ref_axis',(1.,0.,0.));
#7156=DIRECTION('center_axis',(0.,0.,-1.));
#7157=DIRECTION('ref_axis',(1.,0.,0.));
#7158=DIRECTION('center_axis',(0.,0.,-1.));
#7159=DIRECTION('ref_axis',(1.,0.,0.));
#7160=DIRECTION('',(0.,0.,-1.));
#7161=DIRECTION('center_axis',(0.,0.,1.));
#7162=DIRECTION('ref_axis',(1.,0.,0.));
#7163=DIRECTION('center_axis',(0.,0.,-1.));
#7164=DIRECTION('ref_axis',(1.,0.,0.));
#7165=DIRECTION('center_axis',(0.,0.,-1.));
#7166=DIRECTION('ref_axis',(1.,0.,0.));
#7167=DIRECTION('',(0.,0.,-1.));
#7168=DIRECTION('center_axis',(0.,0.,1.));
#7169=DIRECTION('ref_axis',(1.,0.,0.));
#7170=DIRECTION('center_axis',(0.,0.,-1.));
#7171=DIRECTION('ref_axis',(1.,0.,0.));
#7172=DIRECTION('center_axis',(0.,0.,-1.));
#7173=DIRECTION('ref_axis',(1.,0.,0.));
#7174=DIRECTION('',(0.,0.,-1.));
#7175=DIRECTION('center_axis',(0.,0.,1.));
#7176=DIRECTION('ref_axis',(1.,0.,0.));
#7177=DIRECTION('center_axis',(0.,0.,-1.));
#7178=DIRECTION('ref_axis',(1.,0.,0.));
#7179=DIRECTION('center_axis',(0.,0.,-1.));
#7180=DIRECTION('ref_axis',(1.,0.,0.));
#7181=DIRECTION('',(0.,0.,-1.));
#7182=DIRECTION('center_axis',(0.,0.,1.));
#7183=DIRECTION('ref_axis',(1.,0.,0.));
#7184=DIRECTION('center_axis',(0.,0.,-1.));
#7185=DIRECTION('ref_axis',(1.,0.,0.));
#7186=DIRECTION('center_axis',(0.,0.,-1.));
#7187=DIRECTION('ref_axis',(1.,0.,0.));
#7188=DIRECTION('',(0.,0.,-1.));
#7189=DIRECTION('center_axis',(0.,0.,1.));
#7190=DIRECTION('ref_axis',(1.,0.,0.));
#7191=DIRECTION('center_axis',(0.,0.,-1.));
#7192=DIRECTION('ref_axis',(1.,0.,0.));
#7193=DIRECTION('center_axis',(0.,0.,-1.));
#7194=DIRECTION('ref_axis',(1.,0.,0.));
#7195=DIRECTION('',(0.,0.,-1.));
#7196=DIRECTION('center_axis',(0.,0.,1.));
#7197=DIRECTION('ref_axis',(1.,0.,0.));
#7198=DIRECTION('center_axis',(0.,0.,-1.));
#7199=DIRECTION('ref_axis',(1.,0.,0.));
#7200=DIRECTION('center_axis',(0.,0.,-1.));
#7201=DIRECTION('ref_axis',(1.,0.,0.));
#7202=DIRECTION('',(0.,0.,-1.));
#7203=DIRECTION('center_axis',(0.,0.,1.));
#7204=DIRECTION('ref_axis',(1.,0.,0.));
#7205=DIRECTION('center_axis',(0.,0.,-1.));
#7206=DIRECTION('ref_axis',(1.,0.,0.));
#7207=DIRECTION('center_axis',(0.,0.,-1.));
#7208=DIRECTION('ref_axis',(1.,0.,0.));
#7209=DIRECTION('',(0.,0.,-1.));
#7210=DIRECTION('center_axis',(0.,0.,1.));
#7211=DIRECTION('ref_axis',(1.,0.,0.));
#7212=DIRECTION('center_axis',(0.,0.,-1.));
#7213=DIRECTION('ref_axis',(1.,0.,0.));
#7214=DIRECTION('center_axis',(0.,0.,-1.));
#7215=DIRECTION('ref_axis',(1.,0.,0.));
#7216=DIRECTION('',(0.,0.,-1.));
#7217=DIRECTION('center_axis',(0.,0.,1.));
#7218=DIRECTION('ref_axis',(1.,0.,0.));
#7219=DIRECTION('center_axis',(0.,0.,-1.));
#7220=DIRECTION('ref_axis',(1.,0.,0.));
#7221=DIRECTION('center_axis',(0.,0.,-1.));
#7222=DIRECTION('ref_axis',(1.,0.,0.));
#7223=DIRECTION('',(0.,0.,-1.));
#7224=DIRECTION('center_axis',(0.,0.,1.));
#7225=DIRECTION('ref_axis',(1.,0.,0.));
#7226=DIRECTION('center_axis',(0.,0.,-1.));
#7227=DIRECTION('ref_axis',(1.,0.,0.));
#7228=DIRECTION('center_axis',(0.,0.,-1.));
#7229=DIRECTION('ref_axis',(1.,0.,0.));
#7230=DIRECTION('',(0.,0.,-1.));
#7231=DIRECTION('center_axis',(0.,0.,1.));
#7232=DIRECTION('ref_axis',(1.,0.,0.));
#7233=DIRECTION('center_axis',(0.,0.,-1.));
#7234=DIRECTION('ref_axis',(1.,0.,0.));
#7235=DIRECTION('center_axis',(0.,0.,-1.));
#7236=DIRECTION('ref_axis',(1.,0.,0.));
#7237=DIRECTION('',(0.,0.,-1.));
#7238=DIRECTION('center_axis',(0.,0.,1.));
#7239=DIRECTION('ref_axis',(1.,0.,0.));
#7240=DIRECTION('center_axis',(0.,0.,-1.));
#7241=DIRECTION('ref_axis',(1.,0.,0.));
#7242=DIRECTION('center_axis',(0.,0.,-1.));
#7243=DIRECTION('ref_axis',(1.,0.,0.));
#7244=DIRECTION('',(0.,0.,-1.));
#7245=DIRECTION('center_axis',(0.,0.,1.));
#7246=DIRECTION('ref_axis',(1.,0.,0.));
#7247=DIRECTION('center_axis',(0.,0.,-1.));
#7248=DIRECTION('ref_axis',(1.,0.,0.));
#7249=DIRECTION('center_axis',(0.,0.,-1.));
#7250=DIRECTION('ref_axis',(1.,0.,0.));
#7251=DIRECTION('',(0.,0.,-1.));
#7252=DIRECTION('center_axis',(0.,0.,1.));
#7253=DIRECTION('ref_axis',(1.,0.,0.));
#7254=DIRECTION('center_axis',(0.,0.,-1.));
#7255=DIRECTION('ref_axis',(1.,0.,0.));
#7256=DIRECTION('center_axis',(0.,0.,-1.));
#7257=DIRECTION('ref_axis',(1.,0.,0.));
#7258=DIRECTION('',(0.,0.,-1.));
#7259=DIRECTION('center_axis',(0.,0.,1.));
#7260=DIRECTION('ref_axis',(1.,0.,0.));
#7261=DIRECTION('center_axis',(0.,0.,-1.));
#7262=DIRECTION('ref_axis',(1.,0.,0.));
#7263=DIRECTION('center_axis',(0.,0.,-1.));
#7264=DIRECTION('ref_axis',(1.,0.,0.));
#7265=DIRECTION('',(0.,0.,-1.));
#7266=DIRECTION('center_axis',(0.,0.,1.));
#7267=DIRECTION('ref_axis',(1.,0.,0.));
#7268=DIRECTION('center_axis',(0.,0.,-1.));
#7269=DIRECTION('ref_axis',(1.,0.,0.));
#7270=DIRECTION('center_axis',(0.,0.,-1.));
#7271=DIRECTION('ref_axis',(1.,0.,0.));
#7272=DIRECTION('',(0.,0.,-1.));
#7273=DIRECTION('center_axis',(0.,0.,1.));
#7274=DIRECTION('ref_axis',(1.,0.,0.));
#7275=DIRECTION('center_axis',(0.,0.,-1.));
#7276=DIRECTION('ref_axis',(1.,0.,0.));
#7277=DIRECTION('center_axis',(0.,0.,-1.));
#7278=DIRECTION('ref_axis',(1.,0.,0.));
#7279=DIRECTION('',(0.,0.,-1.));
#7280=DIRECTION('center_axis',(0.,0.,1.));
#7281=DIRECTION('ref_axis',(1.,0.,0.));
#7282=DIRECTION('center_axis',(0.,0.,-1.));
#7283=DIRECTION('ref_axis',(1.,0.,0.));
#7284=DIRECTION('center_axis',(0.,0.,-1.));
#7285=DIRECTION('ref_axis',(1.,0.,0.));
#7286=DIRECTION('',(0.,0.,-1.));
#7287=DIRECTION('center_axis',(0.,0.,1.));
#7288=DIRECTION('ref_axis',(1.,0.,0.));
#7289=DIRECTION('center_axis',(0.,0.,-1.));
#7290=DIRECTION('ref_axis',(1.,0.,0.));
#7291=DIRECTION('center_axis',(0.,0.,-1.));
#7292=DIRECTION('ref_axis',(1.,0.,0.));
#7293=DIRECTION('',(0.,0.,-1.));
#7294=DIRECTION('center_axis',(0.,0.,1.));
#7295=DIRECTION('ref_axis',(1.,0.,0.));
#7296=DIRECTION('center_axis',(0.,0.,-1.));
#7297=DIRECTION('ref_axis',(1.,0.,0.));
#7298=DIRECTION('center_axis',(0.,0.,-1.));
#7299=DIRECTION('ref_axis',(1.,0.,0.));
#7300=DIRECTION('',(0.,0.,-1.));
#7301=DIRECTION('center_axis',(0.,0.,1.));
#7302=DIRECTION('ref_axis',(1.,0.,0.));
#7303=DIRECTION('center_axis',(0.,0.,-1.));
#7304=DIRECTION('ref_axis',(1.,0.,0.));
#7305=DIRECTION('center_axis',(0.,0.,-1.));
#7306=DIRECTION('ref_axis',(1.,0.,0.));
#7307=DIRECTION('',(0.,0.,-1.));
#7308=DIRECTION('center_axis',(0.,0.,1.));
#7309=DIRECTION('ref_axis',(1.,0.,0.));
#7310=DIRECTION('center_axis',(0.,0.,-1.));
#7311=DIRECTION('ref_axis',(1.,0.,0.));
#7312=DIRECTION('center_axis',(0.,0.,-1.));
#7313=DIRECTION('ref_axis',(1.,0.,0.));
#7314=DIRECTION('',(0.,0.,-1.));
#7315=DIRECTION('center_axis',(0.,0.,1.));
#7316=DIRECTION('ref_axis',(1.,0.,0.));
#7317=DIRECTION('center_axis',(0.,0.,-1.));
#7318=DIRECTION('ref_axis',(1.,0.,0.));
#7319=DIRECTION('center_axis',(0.,0.,-1.));
#7320=DIRECTION('ref_axis',(1.,0.,0.));
#7321=DIRECTION('',(0.,0.,-1.));
#7322=DIRECTION('center_axis',(0.,0.,1.));
#7323=DIRECTION('ref_axis',(1.,0.,0.));
#7324=DIRECTION('center_axis',(0.,0.,-1.));
#7325=DIRECTION('ref_axis',(1.,0.,0.));
#7326=DIRECTION('center_axis',(0.,0.,-1.));
#7327=DIRECTION('ref_axis',(1.,0.,0.));
#7328=DIRECTION('',(0.,0.,-1.));
#7329=DIRECTION('center_axis',(0.,0.,1.));
#7330=DIRECTION('ref_axis',(1.,0.,0.));
#7331=DIRECTION('center_axis',(0.,0.,-1.));
#7332=DIRECTION('ref_axis',(1.,0.,0.));
#7333=DIRECTION('center_axis',(0.,0.,-1.));
#7334=DIRECTION('ref_axis',(1.,0.,0.));
#7335=DIRECTION('',(0.,0.,-1.));
#7336=DIRECTION('center_axis',(0.,0.,1.));
#7337=DIRECTION('ref_axis',(1.,0.,0.));
#7338=DIRECTION('center_axis',(0.,0.,-1.));
#7339=DIRECTION('ref_axis',(1.,0.,0.));
#7340=DIRECTION('center_axis',(0.,0.,-1.));
#7341=DIRECTION('ref_axis',(1.,0.,0.));
#7342=DIRECTION('',(0.,0.,-1.));
#7343=DIRECTION('center_axis',(0.,0.,1.));
#7344=DIRECTION('ref_axis',(1.,0.,0.));
#7345=DIRECTION('center_axis',(0.,0.,-1.));
#7346=DIRECTION('ref_axis',(1.,0.,0.));
#7347=DIRECTION('center_axis',(0.,0.,-1.));
#7348=DIRECTION('ref_axis',(1.,0.,0.));
#7349=DIRECTION('',(0.,0.,-1.));
#7350=DIRECTION('center_axis',(0.,0.,1.));
#7351=DIRECTION('ref_axis',(1.,0.,0.));
#7352=DIRECTION('center_axis',(0.,0.,-1.));
#7353=DIRECTION('ref_axis',(1.,0.,0.));
#7354=DIRECTION('center_axis',(0.,0.,-1.));
#7355=DIRECTION('ref_axis',(1.,0.,0.));
#7356=DIRECTION('',(0.,0.,-1.));
#7357=DIRECTION('center_axis',(0.,0.,1.));
#7358=DIRECTION('ref_axis',(1.,0.,0.));
#7359=DIRECTION('center_axis',(0.,0.,-1.));
#7360=DIRECTION('ref_axis',(1.,0.,0.));
#7361=DIRECTION('center_axis',(0.,0.,-1.));
#7362=DIRECTION('ref_axis',(1.,0.,0.));
#7363=DIRECTION('',(0.,0.,-1.));
#7364=DIRECTION('center_axis',(0.,0.,1.));
#7365=DIRECTION('ref_axis',(1.,0.,0.));
#7366=DIRECTION('center_axis',(0.,0.,-1.));
#7367=DIRECTION('ref_axis',(1.,0.,0.));
#7368=DIRECTION('center_axis',(0.,0.,-1.));
#7369=DIRECTION('ref_axis',(1.,0.,0.));
#7370=DIRECTION('',(0.,0.,-1.));
#7371=DIRECTION('center_axis',(0.,0.,1.));
#7372=DIRECTION('ref_axis',(1.,0.,0.));
#7373=DIRECTION('center_axis',(0.,0.,-1.));
#7374=DIRECTION('ref_axis',(1.,0.,0.));
#7375=DIRECTION('center_axis',(0.,0.,-1.));
#7376=DIRECTION('ref_axis',(1.,0.,0.));
#7377=DIRECTION('',(0.,0.,-1.));
#7378=DIRECTION('center_axis',(0.,0.,1.));
#7379=DIRECTION('ref_axis',(1.,0.,0.));
#7380=DIRECTION('center_axis',(0.,0.,-1.));
#7381=DIRECTION('ref_axis',(1.,0.,0.));
#7382=DIRECTION('center_axis',(0.,0.,-1.));
#7383=DIRECTION('ref_axis',(1.,0.,0.));
#7384=DIRECTION('',(0.,0.,-1.));
#7385=DIRECTION('center_axis',(0.,0.,1.));
#7386=DIRECTION('ref_axis',(1.,0.,0.));
#7387=DIRECTION('center_axis',(0.,0.,-1.));
#7388=DIRECTION('ref_axis',(1.,0.,0.));
#7389=DIRECTION('center_axis',(0.,0.,-1.));
#7390=DIRECTION('ref_axis',(1.,0.,0.));
#7391=DIRECTION('',(0.,0.,-1.));
#7392=DIRECTION('center_axis',(0.,0.,1.));
#7393=DIRECTION('ref_axis',(1.,0.,0.));
#7394=DIRECTION('center_axis',(0.,0.,-1.));
#7395=DIRECTION('ref_axis',(1.,0.,0.));
#7396=DIRECTION('center_axis',(0.,0.,-1.));
#7397=DIRECTION('ref_axis',(1.,0.,0.));
#7398=DIRECTION('',(0.,0.,-1.));
#7399=DIRECTION('center_axis',(0.,0.,1.));
#7400=DIRECTION('ref_axis',(1.,0.,0.));
#7401=DIRECTION('center_axis',(0.,0.,-1.));
#7402=DIRECTION('ref_axis',(1.,0.,0.));
#7403=DIRECTION('center_axis',(0.,0.,-1.));
#7404=DIRECTION('ref_axis',(1.,0.,0.));
#7405=DIRECTION('',(0.,0.,-1.));
#7406=DIRECTION('center_axis',(0.,0.,1.));
#7407=DIRECTION('ref_axis',(1.,0.,0.));
#7408=DIRECTION('center_axis',(0.,0.,-1.));
#7409=DIRECTION('ref_axis',(1.,0.,0.));
#7410=DIRECTION('center_axis',(0.,0.,-1.));
#7411=DIRECTION('ref_axis',(1.,0.,0.));
#7412=DIRECTION('',(0.,0.,-1.));
#7413=DIRECTION('center_axis',(0.,0.,1.));
#7414=DIRECTION('ref_axis',(1.,0.,0.));
#7415=DIRECTION('center_axis',(0.,0.,-1.));
#7416=DIRECTION('ref_axis',(1.,0.,0.));
#7417=DIRECTION('center_axis',(0.,0.,-1.));
#7418=DIRECTION('ref_axis',(1.,0.,0.));
#7419=DIRECTION('',(0.,0.,-1.));
#7420=DIRECTION('center_axis',(0.,0.,1.));
#7421=DIRECTION('ref_axis',(1.,0.,0.));
#7422=DIRECTION('center_axis',(0.,0.,-1.));
#7423=DIRECTION('ref_axis',(1.,0.,0.));
#7424=DIRECTION('center_axis',(0.,0.,-1.));
#7425=DIRECTION('ref_axis',(1.,0.,0.));
#7426=DIRECTION('',(0.,0.,-1.));
#7427=DIRECTION('center_axis',(0.,0.,1.));
#7428=DIRECTION('ref_axis',(1.,0.,0.));
#7429=DIRECTION('center_axis',(0.,0.,-1.));
#7430=DIRECTION('ref_axis',(1.,0.,0.));
#7431=DIRECTION('center_axis',(0.,0.,-1.));
#7432=DIRECTION('ref_axis',(1.,0.,0.));
#7433=DIRECTION('',(0.,0.,-1.));
#7434=DIRECTION('center_axis',(0.,0.,1.));
#7435=DIRECTION('ref_axis',(1.,0.,0.));
#7436=DIRECTION('center_axis',(0.,0.,-1.));
#7437=DIRECTION('ref_axis',(1.,0.,0.));
#7438=DIRECTION('center_axis',(0.,0.,-1.));
#7439=DIRECTION('ref_axis',(1.,0.,0.));
#7440=DIRECTION('',(0.,0.,-1.));
#7441=DIRECTION('center_axis',(0.,0.,1.));
#7442=DIRECTION('ref_axis',(1.,0.,0.));
#7443=DIRECTION('center_axis',(0.,0.,-1.));
#7444=DIRECTION('ref_axis',(1.,0.,0.));
#7445=DIRECTION('center_axis',(0.,0.,-1.));
#7446=DIRECTION('ref_axis',(1.,0.,0.));
#7447=DIRECTION('',(0.,0.,-1.));
#7448=DIRECTION('center_axis',(0.,0.,1.));
#7449=DIRECTION('ref_axis',(1.,0.,0.));
#7450=DIRECTION('center_axis',(0.,0.,-1.));
#7451=DIRECTION('ref_axis',(1.,0.,0.));
#7452=DIRECTION('center_axis',(0.,0.,-1.));
#7453=DIRECTION('ref_axis',(1.,0.,0.));
#7454=DIRECTION('',(0.,0.,-1.));
#7455=DIRECTION('center_axis',(0.,0.,1.));
#7456=DIRECTION('ref_axis',(1.,0.,0.));
#7457=DIRECTION('center_axis',(0.,0.,-1.));
#7458=DIRECTION('ref_axis',(1.,0.,0.));
#7459=DIRECTION('center_axis',(0.,0.,-1.));
#7460=DIRECTION('ref_axis',(1.,0.,0.));
#7461=DIRECTION('',(0.,0.,-1.));
#7462=DIRECTION('center_axis',(0.,0.,1.));
#7463=DIRECTION('ref_axis',(1.,0.,0.));
#7464=DIRECTION('center_axis',(0.,0.,-1.));
#7465=DIRECTION('ref_axis',(1.,0.,0.));
#7466=DIRECTION('center_axis',(0.,0.,-1.));
#7467=DIRECTION('ref_axis',(1.,0.,0.));
#7468=DIRECTION('',(0.,0.,-1.));
#7469=DIRECTION('center_axis',(0.,0.,1.));
#7470=DIRECTION('ref_axis',(1.,0.,0.));
#7471=DIRECTION('center_axis',(0.,0.,-1.));
#7472=DIRECTION('ref_axis',(1.,0.,0.));
#7473=DIRECTION('center_axis',(0.,0.,-1.));
#7474=DIRECTION('ref_axis',(1.,0.,0.));
#7475=DIRECTION('',(0.,0.,-1.));
#7476=DIRECTION('center_axis',(0.,0.,1.));
#7477=DIRECTION('ref_axis',(1.,0.,0.));
#7478=DIRECTION('center_axis',(0.,0.,-1.));
#7479=DIRECTION('ref_axis',(1.,0.,0.));
#7480=DIRECTION('center_axis',(0.,0.,-1.));
#7481=DIRECTION('ref_axis',(1.,0.,0.));
#7482=DIRECTION('',(0.,0.,-1.));
#7483=DIRECTION('center_axis',(0.,0.,1.));
#7484=DIRECTION('ref_axis',(1.,0.,0.));
#7485=DIRECTION('center_axis',(0.,0.,-1.));
#7486=DIRECTION('ref_axis',(1.,0.,0.));
#7487=DIRECTION('center_axis',(0.,0.,-1.));
#7488=DIRECTION('ref_axis',(1.,0.,0.));
#7489=DIRECTION('',(0.,0.,-1.));
#7490=DIRECTION('center_axis',(0.,0.,1.));
#7491=DIRECTION('ref_axis',(1.,0.,0.));
#7492=DIRECTION('center_axis',(0.,0.,-1.));
#7493=DIRECTION('ref_axis',(1.,0.,0.));
#7494=DIRECTION('center_axis',(0.,0.,-1.));
#7495=DIRECTION('ref_axis',(1.,0.,0.));
#7496=DIRECTION('',(0.,0.,-1.));
#7497=DIRECTION('center_axis',(0.,0.,1.));
#7498=DIRECTION('ref_axis',(1.,0.,0.));
#7499=DIRECTION('center_axis',(0.,0.,-1.));
#7500=DIRECTION('ref_axis',(1.,0.,0.));
#7501=DIRECTION('center_axis',(0.,0.,-1.));
#7502=DIRECTION('ref_axis',(1.,0.,0.));
#7503=DIRECTION('',(0.,0.,-1.));
#7504=DIRECTION('center_axis',(0.,0.,1.));
#7505=DIRECTION('ref_axis',(1.,0.,0.));
#7506=DIRECTION('center_axis',(0.,0.,-1.));
#7507=DIRECTION('ref_axis',(1.,0.,0.));
#7508=DIRECTION('center_axis',(0.,0.,-1.));
#7509=DIRECTION('ref_axis',(1.,0.,0.));
#7510=DIRECTION('',(0.,0.,-1.));
#7511=DIRECTION('center_axis',(0.,0.,1.));
#7512=DIRECTION('ref_axis',(1.,0.,0.));
#7513=DIRECTION('center_axis',(0.,0.,-1.));
#7514=DIRECTION('ref_axis',(1.,0.,0.));
#7515=DIRECTION('center_axis',(0.,0.,-1.));
#7516=DIRECTION('ref_axis',(1.,0.,0.));
#7517=DIRECTION('',(0.,0.,-1.));
#7518=DIRECTION('center_axis',(0.,0.,1.));
#7519=DIRECTION('ref_axis',(1.,0.,0.));
#7520=DIRECTION('center_axis',(0.,0.,-1.));
#7521=DIRECTION('ref_axis',(1.,0.,0.));
#7522=DIRECTION('center_axis',(0.,0.,-1.));
#7523=DIRECTION('ref_axis',(1.,0.,0.));
#7524=DIRECTION('',(0.,0.,-1.));
#7525=DIRECTION('center_axis',(0.,0.,1.));
#7526=DIRECTION('ref_axis',(1.,0.,0.));
#7527=DIRECTION('center_axis',(0.,0.,-1.));
#7528=DIRECTION('ref_axis',(1.,0.,0.));
#7529=DIRECTION('center_axis',(0.,0.,-1.));
#7530=DIRECTION('ref_axis',(1.,0.,0.));
#7531=DIRECTION('',(0.,0.,-1.));
#7532=DIRECTION('center_axis',(0.,0.,1.));
#7533=DIRECTION('ref_axis',(1.,0.,0.));
#7534=DIRECTION('center_axis',(0.,0.,-1.));
#7535=DIRECTION('ref_axis',(1.,0.,0.));
#7536=DIRECTION('center_axis',(0.,0.,-1.));
#7537=DIRECTION('ref_axis',(1.,0.,0.));
#7538=DIRECTION('',(0.,0.,-1.));
#7539=DIRECTION('center_axis',(0.,0.,1.));
#7540=DIRECTION('ref_axis',(1.,0.,0.));
#7541=DIRECTION('center_axis',(0.,0.,-1.));
#7542=DIRECTION('ref_axis',(1.,0.,0.));
#7543=DIRECTION('center_axis',(0.,0.,-1.));
#7544=DIRECTION('ref_axis',(1.,0.,0.));
#7545=DIRECTION('',(0.,0.,-1.));
#7546=DIRECTION('center_axis',(0.,0.,1.));
#7547=DIRECTION('ref_axis',(1.,0.,0.));
#7548=DIRECTION('center_axis',(0.,0.,-1.));
#7549=DIRECTION('ref_axis',(1.,0.,0.));
#7550=DIRECTION('center_axis',(0.,0.,-1.));
#7551=DIRECTION('ref_axis',(1.,0.,0.));
#7552=DIRECTION('',(0.,0.,-1.));
#7553=DIRECTION('center_axis',(0.,0.,1.));
#7554=DIRECTION('ref_axis',(1.,0.,0.));
#7555=DIRECTION('center_axis',(0.,0.,-1.));
#7556=DIRECTION('ref_axis',(1.,0.,0.));
#7557=DIRECTION('center_axis',(0.,0.,-1.));
#7558=DIRECTION('ref_axis',(1.,0.,0.));
#7559=DIRECTION('',(0.,0.,-1.));
#7560=DIRECTION('center_axis',(0.,0.,1.));
#7561=DIRECTION('ref_axis',(1.,0.,0.));
#7562=DIRECTION('center_axis',(0.,0.,-1.));
#7563=DIRECTION('ref_axis',(1.,0.,0.));
#7564=DIRECTION('center_axis',(0.,0.,-1.));
#7565=DIRECTION('ref_axis',(1.,0.,0.));
#7566=DIRECTION('',(0.,0.,-1.));
#7567=DIRECTION('center_axis',(0.,0.,1.));
#7568=DIRECTION('ref_axis',(1.,0.,0.));
#7569=DIRECTION('center_axis',(0.,0.,-1.));
#7570=DIRECTION('ref_axis',(1.,0.,0.));
#7571=DIRECTION('center_axis',(0.,0.,-1.));
#7572=DIRECTION('ref_axis',(1.,0.,0.));
#7573=DIRECTION('',(0.,0.,-1.));
#7574=DIRECTION('center_axis',(0.,0.,1.));
#7575=DIRECTION('ref_axis',(1.,0.,0.));
#7576=DIRECTION('center_axis',(0.,0.,-1.));
#7577=DIRECTION('ref_axis',(1.,0.,0.));
#7578=DIRECTION('center_axis',(0.,0.,-1.));
#7579=DIRECTION('ref_axis',(1.,0.,0.));
#7580=DIRECTION('',(0.,0.,-1.));
#7581=DIRECTION('center_axis',(0.,0.,1.));
#7582=DIRECTION('ref_axis',(1.,0.,0.));
#7583=DIRECTION('center_axis',(0.,0.,-1.));
#7584=DIRECTION('ref_axis',(1.,0.,0.));
#7585=DIRECTION('center_axis',(0.,0.,-1.));
#7586=DIRECTION('ref_axis',(1.,0.,0.));
#7587=DIRECTION('',(0.,0.,-1.));
#7588=DIRECTION('center_axis',(0.,0.,1.));
#7589=DIRECTION('ref_axis',(1.,0.,0.));
#7590=DIRECTION('center_axis',(0.,0.,-1.));
#7591=DIRECTION('ref_axis',(1.,0.,0.));
#7592=DIRECTION('center_axis',(0.,0.,-1.));
#7593=DIRECTION('ref_axis',(1.,0.,0.));
#7594=DIRECTION('',(0.,0.,-1.));
#7595=DIRECTION('center_axis',(0.,0.,1.));
#7596=DIRECTION('ref_axis',(1.,0.,0.));
#7597=DIRECTION('center_axis',(0.,0.,-1.));
#7598=DIRECTION('ref_axis',(1.,0.,0.));
#7599=DIRECTION('center_axis',(0.,0.,-1.));
#7600=DIRECTION('ref_axis',(1.,0.,0.));
#7601=DIRECTION('',(0.,0.,-1.));
#7602=DIRECTION('center_axis',(0.,0.,1.));
#7603=DIRECTION('ref_axis',(1.,0.,0.));
#7604=DIRECTION('center_axis',(0.,0.,-1.));
#7605=DIRECTION('ref_axis',(1.,0.,0.));
#7606=DIRECTION('center_axis',(0.,0.,-1.));
#7607=DIRECTION('ref_axis',(1.,0.,0.));
#7608=DIRECTION('',(0.,0.,-1.));
#7609=DIRECTION('center_axis',(0.,0.,1.));
#7610=DIRECTION('ref_axis',(1.,0.,0.));
#7611=DIRECTION('center_axis',(0.,0.,-1.));
#7612=DIRECTION('ref_axis',(1.,0.,0.));
#7613=DIRECTION('center_axis',(0.,0.,-1.));
#7614=DIRECTION('ref_axis',(1.,0.,0.));
#7615=DIRECTION('',(0.,0.,-1.));
#7616=DIRECTION('center_axis',(0.,0.,1.));
#7617=DIRECTION('ref_axis',(1.,0.,0.));
#7618=DIRECTION('center_axis',(0.,0.,-1.));
#7619=DIRECTION('ref_axis',(1.,0.,0.));
#7620=DIRECTION('center_axis',(0.,0.,-1.));
#7621=DIRECTION('ref_axis',(1.,0.,0.));
#7622=DIRECTION('',(0.,0.,-1.));
#7623=DIRECTION('center_axis',(0.,0.,1.));
#7624=DIRECTION('ref_axis',(1.,0.,0.));
#7625=DIRECTION('center_axis',(0.,0.,-1.));
#7626=DIRECTION('ref_axis',(1.,0.,0.));
#7627=DIRECTION('center_axis',(0.,0.,-1.));
#7628=DIRECTION('ref_axis',(1.,0.,0.));
#7629=DIRECTION('',(0.,0.,-1.));
#7630=DIRECTION('center_axis',(0.,0.,1.));
#7631=DIRECTION('ref_axis',(1.,0.,0.));
#7632=DIRECTION('center_axis',(0.,0.,-1.));
#7633=DIRECTION('ref_axis',(1.,0.,0.));
#7634=DIRECTION('center_axis',(0.,0.,-1.));
#7635=DIRECTION('ref_axis',(1.,0.,0.));
#7636=DIRECTION('',(0.,0.,-1.));
#7637=DIRECTION('center_axis',(0.,0.,1.));
#7638=DIRECTION('ref_axis',(1.,0.,0.));
#7639=DIRECTION('center_axis',(0.,0.,-1.));
#7640=DIRECTION('ref_axis',(1.,0.,0.));
#7641=DIRECTION('center_axis',(0.,0.,-1.));
#7642=DIRECTION('ref_axis',(1.,0.,0.));
#7643=DIRECTION('',(0.,0.,-1.));
#7644=DIRECTION('center_axis',(0.,0.,1.));
#7645=DIRECTION('ref_axis',(1.,0.,0.));
#7646=DIRECTION('center_axis',(0.,0.,-1.));
#7647=DIRECTION('ref_axis',(1.,0.,0.));
#7648=DIRECTION('center_axis',(0.,0.,-1.));
#7649=DIRECTION('ref_axis',(1.,0.,0.));
#7650=DIRECTION('',(0.,0.,-1.));
#7651=DIRECTION('center_axis',(0.,0.,1.));
#7652=DIRECTION('ref_axis',(1.,0.,0.));
#7653=DIRECTION('center_axis',(0.,0.,-1.));
#7654=DIRECTION('ref_axis',(1.,0.,0.));
#7655=DIRECTION('center_axis',(0.,0.,-1.));
#7656=DIRECTION('ref_axis',(1.,0.,0.));
#7657=DIRECTION('',(0.,0.,-1.));
#7658=DIRECTION('center_axis',(0.,0.,1.));
#7659=DIRECTION('ref_axis',(1.,0.,0.));
#7660=DIRECTION('center_axis',(0.,0.,-1.));
#7661=DIRECTION('ref_axis',(1.,0.,0.));
#7662=DIRECTION('center_axis',(0.,0.,-1.));
#7663=DIRECTION('ref_axis',(1.,0.,0.));
#7664=DIRECTION('',(0.,0.,-1.));
#7665=DIRECTION('center_axis',(0.,0.,1.));
#7666=DIRECTION('ref_axis',(1.,0.,0.));
#7667=DIRECTION('center_axis',(0.,0.,-1.));
#7668=DIRECTION('ref_axis',(1.,0.,0.));
#7669=DIRECTION('center_axis',(0.,0.,-1.));
#7670=DIRECTION('ref_axis',(1.,0.,0.));
#7671=DIRECTION('',(0.,0.,-1.));
#7672=DIRECTION('center_axis',(0.,0.,1.));
#7673=DIRECTION('ref_axis',(1.,0.,0.));
#7674=DIRECTION('center_axis',(0.,0.,-1.));
#7675=DIRECTION('ref_axis',(1.,0.,0.));
#7676=DIRECTION('center_axis',(0.,0.,-1.));
#7677=DIRECTION('ref_axis',(1.,0.,0.));
#7678=DIRECTION('',(0.,0.,-1.));
#7679=DIRECTION('center_axis',(0.,0.,1.));
#7680=DIRECTION('ref_axis',(1.,0.,0.));
#7681=DIRECTION('center_axis',(0.,0.,-1.));
#7682=DIRECTION('ref_axis',(1.,0.,0.));
#7683=DIRECTION('center_axis',(0.,0.,-1.));
#7684=DIRECTION('ref_axis',(1.,0.,0.));
#7685=DIRECTION('',(0.,0.,-1.));
#7686=DIRECTION('center_axis',(0.,0.,1.));
#7687=DIRECTION('ref_axis',(1.,0.,0.));
#7688=DIRECTION('center_axis',(0.,0.,-1.));
#7689=DIRECTION('ref_axis',(1.,0.,0.));
#7690=DIRECTION('center_axis',(0.,0.,-1.));
#7691=DIRECTION('ref_axis',(1.,0.,0.));
#7692=DIRECTION('',(0.,0.,-1.));
#7693=DIRECTION('center_axis',(0.,0.,1.));
#7694=DIRECTION('ref_axis',(1.,0.,0.));
#7695=DIRECTION('center_axis',(0.,0.,-1.));
#7696=DIRECTION('ref_axis',(1.,0.,0.));
#7697=DIRECTION('center_axis',(0.,0.,-1.));
#7698=DIRECTION('ref_axis',(1.,0.,0.));
#7699=DIRECTION('',(0.,0.,-1.));
#7700=DIRECTION('center_axis',(0.,0.,1.));
#7701=DIRECTION('ref_axis',(1.,0.,0.));
#7702=DIRECTION('center_axis',(0.,0.,-1.));
#7703=DIRECTION('ref_axis',(1.,0.,0.));
#7704=DIRECTION('center_axis',(0.,0.,-1.));
#7705=DIRECTION('ref_axis',(1.,0.,0.));
#7706=DIRECTION('',(0.,0.,-1.));
#7707=DIRECTION('center_axis',(0.,0.,1.));
#7708=DIRECTION('ref_axis',(1.,0.,0.));
#7709=DIRECTION('center_axis',(0.,0.,-1.));
#7710=DIRECTION('ref_axis',(1.,0.,0.));
#7711=DIRECTION('center_axis',(0.,0.,-1.));
#7712=DIRECTION('ref_axis',(1.,0.,0.));
#7713=DIRECTION('',(0.,0.,-1.));
#7714=DIRECTION('center_axis',(0.,0.,1.));
#7715=DIRECTION('ref_axis',(1.,0.,0.));
#7716=DIRECTION('center_axis',(0.,0.,-1.));
#7717=DIRECTION('ref_axis',(1.,0.,0.));
#7718=DIRECTION('center_axis',(0.,0.,-1.));
#7719=DIRECTION('ref_axis',(1.,0.,0.));
#7720=DIRECTION('',(0.,0.,-1.));
#7721=DIRECTION('center_axis',(0.,0.,1.));
#7722=DIRECTION('ref_axis',(1.,0.,0.));
#7723=DIRECTION('center_axis',(0.,0.,-1.));
#7724=DIRECTION('ref_axis',(1.,0.,0.));
#7725=DIRECTION('center_axis',(0.,0.,-1.));
#7726=DIRECTION('ref_axis',(1.,0.,0.));
#7727=DIRECTION('',(0.,0.,-1.));
#7728=DIRECTION('center_axis',(0.,0.,1.));
#7729=DIRECTION('ref_axis',(1.,0.,0.));
#7730=DIRECTION('center_axis',(0.,0.,-1.));
#7731=DIRECTION('ref_axis',(1.,0.,0.));
#7732=DIRECTION('center_axis',(0.,0.,-1.));
#7733=DIRECTION('ref_axis',(1.,0.,0.));
#7734=DIRECTION('',(0.,0.,-1.));
#7735=DIRECTION('center_axis',(0.,0.,1.));
#7736=DIRECTION('ref_axis',(1.,0.,0.));
#7737=DIRECTION('center_axis',(0.,0.,-1.));
#7738=DIRECTION('ref_axis',(1.,0.,0.));
#7739=DIRECTION('center_axis',(0.,0.,-1.));
#7740=DIRECTION('ref_axis',(1.,0.,0.));
#7741=DIRECTION('',(0.,0.,-1.));
#7742=DIRECTION('center_axis',(0.,0.,1.));
#7743=DIRECTION('ref_axis',(1.,0.,0.));
#7744=DIRECTION('center_axis',(0.,0.,-1.));
#7745=DIRECTION('ref_axis',(1.,0.,0.));
#7746=DIRECTION('center_axis',(0.,0.,-1.));
#7747=DIRECTION('ref_axis',(1.,0.,0.));
#7748=DIRECTION('',(0.,0.,-1.));
#7749=DIRECTION('center_axis',(0.,0.,1.));
#7750=DIRECTION('ref_axis',(1.,0.,0.));
#7751=DIRECTION('center_axis',(0.,0.,-1.));
#7752=DIRECTION('ref_axis',(1.,0.,0.));
#7753=DIRECTION('center_axis',(0.,0.,-1.));
#7754=DIRECTION('ref_axis',(1.,0.,0.));
#7755=DIRECTION('',(0.,0.,-1.));
#7756=DIRECTION('center_axis',(0.,0.,1.));
#7757=DIRECTION('ref_axis',(1.,0.,0.));
#7758=DIRECTION('center_axis',(0.,0.,-1.));
#7759=DIRECTION('ref_axis',(1.,0.,0.));
#7760=DIRECTION('center_axis',(0.,0.,-1.));
#7761=DIRECTION('ref_axis',(1.,0.,0.));
#7762=DIRECTION('',(0.,0.,-1.));
#7763=DIRECTION('center_axis',(0.,0.,1.));
#7764=DIRECTION('ref_axis',(1.,0.,0.));
#7765=DIRECTION('center_axis',(0.,0.,-1.));
#7766=DIRECTION('ref_axis',(1.,0.,0.));
#7767=DIRECTION('center_axis',(0.,0.,-1.));
#7768=DIRECTION('ref_axis',(1.,0.,0.));
#7769=DIRECTION('',(0.,0.,-1.));
#7770=DIRECTION('center_axis',(0.,0.,1.));
#7771=DIRECTION('ref_axis',(1.,0.,0.));
#7772=DIRECTION('center_axis',(0.,0.,-1.));
#7773=DIRECTION('ref_axis',(1.,0.,0.));
#7774=DIRECTION('center_axis',(0.,0.,-1.));
#7775=DIRECTION('ref_axis',(1.,0.,0.));
#7776=DIRECTION('',(0.,0.,-1.));
#7777=DIRECTION('center_axis',(0.,0.,1.));
#7778=DIRECTION('ref_axis',(1.,0.,0.));
#7779=DIRECTION('center_axis',(0.,0.,-1.));
#7780=DIRECTION('ref_axis',(1.,0.,0.));
#7781=DIRECTION('center_axis',(0.,0.,-1.));
#7782=DIRECTION('ref_axis',(1.,0.,0.));
#7783=DIRECTION('',(0.,0.,-1.));
#7784=DIRECTION('center_axis',(0.,0.,1.));
#7785=DIRECTION('ref_axis',(1.,0.,0.));
#7786=DIRECTION('center_axis',(0.,0.,-1.));
#7787=DIRECTION('ref_axis',(1.,0.,0.));
#7788=DIRECTION('center_axis',(0.,0.,-1.));
#7789=DIRECTION('ref_axis',(1.,0.,0.));
#7790=DIRECTION('',(0.,0.,-1.));
#7791=DIRECTION('center_axis',(0.,0.,1.));
#7792=DIRECTION('ref_axis',(1.,0.,0.));
#7793=DIRECTION('center_axis',(0.,0.,-1.));
#7794=DIRECTION('ref_axis',(1.,0.,0.));
#7795=DIRECTION('center_axis',(0.,0.,-1.));
#7796=DIRECTION('ref_axis',(1.,0.,0.));
#7797=DIRECTION('',(0.,0.,-1.));
#7798=DIRECTION('center_axis',(0.,0.,1.));
#7799=DIRECTION('ref_axis',(1.,0.,0.));
#7800=DIRECTION('center_axis',(0.,0.,-1.));
#7801=DIRECTION('ref_axis',(1.,0.,0.));
#7802=DIRECTION('center_axis',(0.,0.,-1.));
#7803=DIRECTION('ref_axis',(1.,0.,0.));
#7804=DIRECTION('',(0.,0.,-1.));
#7805=DIRECTION('center_axis',(0.,0.,1.));
#7806=DIRECTION('ref_axis',(1.,0.,0.));
#7807=DIRECTION('center_axis',(0.,0.,-1.));
#7808=DIRECTION('ref_axis',(1.,0.,0.));
#7809=DIRECTION('center_axis',(0.,0.,-1.));
#7810=DIRECTION('ref_axis',(1.,0.,0.));
#7811=DIRECTION('',(0.,0.,-1.));
#7812=DIRECTION('center_axis',(0.,0.,1.));
#7813=DIRECTION('ref_axis',(1.,0.,0.));
#7814=DIRECTION('center_axis',(0.,0.,-1.));
#7815=DIRECTION('ref_axis',(1.,0.,0.));
#7816=DIRECTION('center_axis',(0.,0.,-1.));
#7817=DIRECTION('ref_axis',(1.,0.,0.));
#7818=DIRECTION('',(0.,0.,-1.));
#7819=DIRECTION('center_axis',(0.,0.,1.));
#7820=DIRECTION('ref_axis',(1.,0.,0.));
#7821=DIRECTION('center_axis',(0.,0.,-1.));
#7822=DIRECTION('ref_axis',(1.,0.,0.));
#7823=DIRECTION('center_axis',(0.,0.,-1.));
#7824=DIRECTION('ref_axis',(1.,0.,0.));
#7825=DIRECTION('',(0.,0.,-1.));
#7826=DIRECTION('center_axis',(0.,0.,1.));
#7827=DIRECTION('ref_axis',(1.,0.,0.));
#7828=DIRECTION('center_axis',(0.,0.,-1.));
#7829=DIRECTION('ref_axis',(1.,0.,0.));
#7830=DIRECTION('center_axis',(0.,0.,-1.));
#7831=DIRECTION('ref_axis',(1.,0.,0.));
#7832=DIRECTION('',(0.,0.,-1.));
#7833=DIRECTION('center_axis',(0.,0.,1.));
#7834=DIRECTION('ref_axis',(1.,0.,0.));
#7835=DIRECTION('center_axis',(0.,0.,-1.));
#7836=DIRECTION('ref_axis',(1.,0.,0.));
#7837=DIRECTION('center_axis',(0.,0.,-1.));
#7838=DIRECTION('ref_axis',(1.,0.,0.));
#7839=DIRECTION('',(0.,0.,-1.));
#7840=DIRECTION('center_axis',(0.,0.,1.));
#7841=DIRECTION('ref_axis',(1.,0.,0.));
#7842=DIRECTION('center_axis',(0.,0.,-1.));
#7843=DIRECTION('ref_axis',(1.,0.,0.));
#7844=DIRECTION('center_axis',(0.,0.,-1.));
#7845=DIRECTION('ref_axis',(1.,0.,0.));
#7846=DIRECTION('',(0.,0.,-1.));
#7847=DIRECTION('center_axis',(0.,0.,1.));
#7848=DIRECTION('ref_axis',(1.,0.,0.));
#7849=DIRECTION('center_axis',(0.,0.,-1.));
#7850=DIRECTION('ref_axis',(1.,0.,0.));
#7851=DIRECTION('center_axis',(0.,0.,-1.));
#7852=DIRECTION('ref_axis',(1.,0.,0.));
#7853=DIRECTION('',(0.,0.,-1.));
#7854=DIRECTION('center_axis',(0.,0.,1.));
#7855=DIRECTION('ref_axis',(1.,0.,0.));
#7856=DIRECTION('center_axis',(0.,0.,-1.));
#7857=DIRECTION('ref_axis',(1.,0.,0.));
#7858=DIRECTION('center_axis',(0.,0.,-1.));
#7859=DIRECTION('ref_axis',(1.,0.,0.));
#7860=DIRECTION('',(0.,0.,-1.));
#7861=DIRECTION('center_axis',(0.,0.,1.));
#7862=DIRECTION('ref_axis',(1.,0.,0.));
#7863=DIRECTION('center_axis',(0.,0.,-1.));
#7864=DIRECTION('ref_axis',(1.,0.,0.));
#7865=DIRECTION('center_axis',(0.,0.,-1.));
#7866=DIRECTION('ref_axis',(1.,0.,0.));
#7867=DIRECTION('',(0.,0.,-1.));
#7868=DIRECTION('center_axis',(0.,0.,1.));
#7869=DIRECTION('ref_axis',(1.,0.,0.));
#7870=DIRECTION('center_axis',(0.,0.,-1.));
#7871=DIRECTION('ref_axis',(1.,0.,0.));
#7872=DIRECTION('center_axis',(0.,0.,-1.));
#7873=DIRECTION('ref_axis',(1.,0.,0.));
#7874=DIRECTION('',(0.,0.,-1.));
#7875=DIRECTION('center_axis',(0.,0.,1.));
#7876=DIRECTION('ref_axis',(1.,0.,0.));
#7877=DIRECTION('center_axis',(0.,0.,-1.));
#7878=DIRECTION('ref_axis',(1.,0.,0.));
#7879=DIRECTION('center_axis',(0.,0.,-1.));
#7880=DIRECTION('ref_axis',(1.,0.,0.));
#7881=DIRECTION('',(0.,0.,-1.));
#7882=DIRECTION('center_axis',(0.,0.,1.));
#7883=DIRECTION('ref_axis',(1.,0.,0.));
#7884=DIRECTION('center_axis',(0.,0.,-1.));
#7885=DIRECTION('ref_axis',(1.,0.,0.));
#7886=DIRECTION('center_axis',(0.,0.,-1.));
#7887=DIRECTION('ref_axis',(1.,0.,0.));
#7888=DIRECTION('',(0.,0.,-1.));
#7889=DIRECTION('center_axis',(0.,0.,1.));
#7890=DIRECTION('ref_axis',(1.,0.,0.));
#7891=DIRECTION('center_axis',(0.,0.,-1.));
#7892=DIRECTION('ref_axis',(1.,0.,0.));
#7893=DIRECTION('center_axis',(0.,0.,-1.));
#7894=DIRECTION('ref_axis',(1.,0.,0.));
#7895=DIRECTION('',(0.,0.,-1.));
#7896=DIRECTION('center_axis',(0.,0.,1.));
#7897=DIRECTION('ref_axis',(1.,0.,0.));
#7898=DIRECTION('center_axis',(0.,0.,-1.));
#7899=DIRECTION('ref_axis',(1.,0.,0.));
#7900=DIRECTION('center_axis',(0.,0.,-1.));
#7901=DIRECTION('ref_axis',(1.,0.,0.));
#7902=DIRECTION('',(0.,0.,-1.));
#7903=DIRECTION('center_axis',(0.,0.,1.));
#7904=DIRECTION('ref_axis',(1.,0.,0.));
#7905=DIRECTION('center_axis',(0.,0.,-1.));
#7906=DIRECTION('ref_axis',(1.,0.,0.));
#7907=DIRECTION('center_axis',(0.,0.,-1.));
#7908=DIRECTION('ref_axis',(1.,0.,0.));
#7909=DIRECTION('',(0.,0.,-1.));
#7910=DIRECTION('center_axis',(0.,0.,1.));
#7911=DIRECTION('ref_axis',(1.,0.,0.));
#7912=DIRECTION('center_axis',(0.,0.,-1.));
#7913=DIRECTION('ref_axis',(1.,0.,0.));
#7914=DIRECTION('center_axis',(0.,0.,-1.));
#7915=DIRECTION('ref_axis',(1.,0.,0.));
#7916=DIRECTION('',(0.,0.,-1.));
#7917=DIRECTION('center_axis',(0.,0.,1.));
#7918=DIRECTION('ref_axis',(1.,0.,0.));
#7919=DIRECTION('center_axis',(0.,0.,-1.));
#7920=DIRECTION('ref_axis',(1.,0.,0.));
#7921=DIRECTION('center_axis',(0.,0.,-1.));
#7922=DIRECTION('ref_axis',(1.,0.,0.));
#7923=DIRECTION('',(0.,0.,-1.));
#7924=DIRECTION('center_axis',(0.,0.,1.));
#7925=DIRECTION('ref_axis',(1.,0.,0.));
#7926=DIRECTION('center_axis',(0.,0.,-1.));
#7927=DIRECTION('ref_axis',(1.,0.,0.));
#7928=DIRECTION('center_axis',(0.,0.,-1.));
#7929=DIRECTION('ref_axis',(1.,0.,0.));
#7930=DIRECTION('',(0.,0.,-1.));
#7931=DIRECTION('center_axis',(0.,0.,1.));
#7932=DIRECTION('ref_axis',(1.,0.,0.));
#7933=DIRECTION('center_axis',(0.,0.,-1.));
#7934=DIRECTION('ref_axis',(1.,0.,0.));
#7935=DIRECTION('center_axis',(0.,0.,-1.));
#7936=DIRECTION('ref_axis',(1.,0.,0.));
#7937=DIRECTION('',(0.,0.,-1.));
#7938=DIRECTION('center_axis',(0.,0.,1.));
#7939=DIRECTION('ref_axis',(1.,0.,0.));
#7940=DIRECTION('center_axis',(0.,0.,-1.));
#7941=DIRECTION('ref_axis',(1.,0.,0.));
#7942=DIRECTION('center_axis',(0.,0.,-1.));
#7943=DIRECTION('ref_axis',(1.,0.,0.));
#7944=DIRECTION('',(0.,0.,-1.));
#7945=DIRECTION('center_axis',(0.,0.,1.));
#7946=DIRECTION('ref_axis',(1.,0.,0.));
#7947=DIRECTION('center_axis',(0.,0.,-1.));
#7948=DIRECTION('ref_axis',(1.,0.,0.));
#7949=DIRECTION('center_axis',(0.,0.,-1.));
#7950=DIRECTION('ref_axis',(1.,0.,0.));
#7951=DIRECTION('',(0.,0.,-1.));
#7952=DIRECTION('center_axis',(0.,0.,1.));
#7953=DIRECTION('ref_axis',(1.,0.,0.));
#7954=DIRECTION('center_axis',(0.,0.,-1.));
#7955=DIRECTION('ref_axis',(1.,0.,0.));
#7956=DIRECTION('center_axis',(0.,0.,-1.));
#7957=DIRECTION('ref_axis',(1.,0.,0.));
#7958=DIRECTION('',(0.,0.,-1.));
#7959=DIRECTION('center_axis',(0.,0.,1.));
#7960=DIRECTION('ref_axis',(1.,0.,0.));
#7961=DIRECTION('center_axis',(0.,0.,-1.));
#7962=DIRECTION('ref_axis',(1.,0.,0.));
#7963=DIRECTION('center_axis',(0.,0.,-1.));
#7964=DIRECTION('ref_axis',(1.,0.,0.));
#7965=DIRECTION('',(0.,0.,-1.));
#7966=DIRECTION('center_axis',(0.,0.,1.));
#7967=DIRECTION('ref_axis',(1.,0.,0.));
#7968=DIRECTION('center_axis',(0.,0.,-1.));
#7969=DIRECTION('ref_axis',(1.,0.,0.));
#7970=DIRECTION('center_axis',(0.,0.,-1.));
#7971=DIRECTION('ref_axis',(1.,0.,0.));
#7972=DIRECTION('',(0.,0.,-1.));
#7973=DIRECTION('center_axis',(0.,0.,1.));
#7974=DIRECTION('ref_axis',(1.,0.,0.));
#7975=DIRECTION('center_axis',(0.,0.,-1.));
#7976=DIRECTION('ref_axis',(1.,0.,0.));
#7977=DIRECTION('center_axis',(0.,0.,-1.));
#7978=DIRECTION('ref_axis',(1.,0.,0.));
#7979=DIRECTION('',(0.,0.,-1.));
#7980=DIRECTION('center_axis',(0.,0.,1.));
#7981=DIRECTION('ref_axis',(1.,0.,0.));
#7982=DIRECTION('center_axis',(0.,0.,-1.));
#7983=DIRECTION('ref_axis',(1.,0.,0.));
#7984=DIRECTION('center_axis',(0.,0.,-1.));
#7985=DIRECTION('ref_axis',(1.,0.,0.));
#7986=DIRECTION('',(0.,0.,-1.));
#7987=DIRECTION('center_axis',(0.,0.,1.));
#7988=DIRECTION('ref_axis',(1.,0.,0.));
#7989=DIRECTION('center_axis',(0.,0.,-1.));
#7990=DIRECTION('ref_axis',(1.,0.,0.));
#7991=DIRECTION('center_axis',(0.,0.,-1.));
#7992=DIRECTION('ref_axis',(1.,0.,0.));
#7993=DIRECTION('',(0.,0.,-1.));
#7994=DIRECTION('center_axis',(0.,0.,1.));
#7995=DIRECTION('ref_axis',(1.,0.,0.));
#7996=DIRECTION('center_axis',(0.,0.,-1.));
#7997=DIRECTION('ref_axis',(1.,0.,0.));
#7998=DIRECTION('center_axis',(0.,0.,-1.));
#7999=DIRECTION('ref_axis',(1.,0.,0.));
#8000=DIRECTION('',(0.,0.,-1.));
#8001=DIRECTION('center_axis',(0.,0.,1.));
#8002=DIRECTION('ref_axis',(1.,0.,0.));
#8003=DIRECTION('center_axis',(0.,0.,-1.));
#8004=DIRECTION('ref_axis',(1.,0.,0.));
#8005=DIRECTION('center_axis',(0.,0.,-1.));
#8006=DIRECTION('ref_axis',(1.,0.,0.));
#8007=DIRECTION('',(0.,0.,-1.));
#8008=DIRECTION('center_axis',(0.,0.,1.));
#8009=DIRECTION('ref_axis',(1.,0.,0.));
#8010=DIRECTION('center_axis',(0.,0.,-1.));
#8011=DIRECTION('ref_axis',(1.,0.,0.));
#8012=DIRECTION('center_axis',(0.,0.,-1.));
#8013=DIRECTION('ref_axis',(1.,0.,0.));
#8014=DIRECTION('',(0.,0.,-1.));
#8015=DIRECTION('center_axis',(0.,0.,1.));
#8016=DIRECTION('ref_axis',(1.,0.,0.));
#8017=DIRECTION('center_axis',(0.,0.,-1.));
#8018=DIRECTION('ref_axis',(1.,0.,0.));
#8019=DIRECTION('center_axis',(0.,0.,-1.));
#8020=DIRECTION('ref_axis',(1.,0.,0.));
#8021=DIRECTION('',(0.,0.,-1.));
#8022=DIRECTION('center_axis',(0.,0.,1.));
#8023=DIRECTION('ref_axis',(1.,0.,0.));
#8024=DIRECTION('center_axis',(0.,0.,-1.));
#8025=DIRECTION('ref_axis',(1.,0.,0.));
#8026=DIRECTION('center_axis',(0.,0.,-1.));
#8027=DIRECTION('ref_axis',(1.,0.,0.));
#8028=DIRECTION('',(0.,0.,-1.));
#8029=DIRECTION('center_axis',(0.,0.,1.));
#8030=DIRECTION('ref_axis',(1.,0.,0.));
#8031=DIRECTION('center_axis',(0.,0.,-1.));
#8032=DIRECTION('ref_axis',(1.,0.,0.));
#8033=DIRECTION('center_axis',(0.,0.,-1.));
#8034=DIRECTION('ref_axis',(1.,0.,0.));
#8035=DIRECTION('',(0.,0.,-1.));
#8036=DIRECTION('center_axis',(0.,0.,1.));
#8037=DIRECTION('ref_axis',(1.,0.,0.));
#8038=DIRECTION('center_axis',(0.,0.,-1.));
#8039=DIRECTION('ref_axis',(1.,0.,0.));
#8040=DIRECTION('center_axis',(0.,0.,-1.));
#8041=DIRECTION('ref_axis',(1.,0.,0.));
#8042=DIRECTION('',(0.,0.,-1.));
#8043=DIRECTION('center_axis',(0.,0.,1.));
#8044=DIRECTION('ref_axis',(1.,0.,0.));
#8045=DIRECTION('center_axis',(0.,0.,-1.));
#8046=DIRECTION('ref_axis',(1.,0.,0.));
#8047=DIRECTION('center_axis',(0.,0.,-1.));
#8048=DIRECTION('ref_axis',(1.,0.,0.));
#8049=DIRECTION('',(0.,0.,-1.));
#8050=DIRECTION('center_axis',(0.,0.,1.));
#8051=DIRECTION('ref_axis',(1.,0.,0.));
#8052=DIRECTION('center_axis',(0.,0.,-1.));
#8053=DIRECTION('ref_axis',(1.,0.,0.));
#8054=DIRECTION('center_axis',(0.,0.,-1.));
#8055=DIRECTION('ref_axis',(1.,0.,0.));
#8056=DIRECTION('',(0.,0.,-1.));
#8057=DIRECTION('center_axis',(0.,0.,1.));
#8058=DIRECTION('ref_axis',(1.,0.,0.));
#8059=DIRECTION('center_axis',(0.,0.,-1.));
#8060=DIRECTION('ref_axis',(1.,0.,0.));
#8061=DIRECTION('center_axis',(0.,0.,-1.));
#8062=DIRECTION('ref_axis',(1.,0.,0.));
#8063=DIRECTION('',(0.,0.,-1.));
#8064=DIRECTION('center_axis',(0.,0.,1.));
#8065=DIRECTION('ref_axis',(1.,0.,0.));
#8066=DIRECTION('center_axis',(0.,0.,-1.));
#8067=DIRECTION('ref_axis',(1.,0.,0.));
#8068=DIRECTION('center_axis',(0.,0.,-1.));
#8069=DIRECTION('ref_axis',(1.,0.,0.));
#8070=DIRECTION('',(0.,0.,-1.));
#8071=DIRECTION('center_axis',(0.,0.,1.));
#8072=DIRECTION('ref_axis',(1.,0.,0.));
#8073=DIRECTION('center_axis',(0.,0.,-1.));
#8074=DIRECTION('ref_axis',(1.,0.,0.));
#8075=DIRECTION('center_axis',(0.,0.,-1.));
#8076=DIRECTION('ref_axis',(1.,0.,0.));
#8077=DIRECTION('',(0.,0.,-1.));
#8078=DIRECTION('center_axis',(0.,0.,1.));
#8079=DIRECTION('ref_axis',(1.,0.,0.));
#8080=DIRECTION('center_axis',(0.,0.,-1.));
#8081=DIRECTION('ref_axis',(1.,0.,0.));
#8082=DIRECTION('center_axis',(0.,0.,-1.));
#8083=DIRECTION('ref_axis',(1.,0.,0.));
#8084=DIRECTION('',(0.,0.,-1.));
#8085=DIRECTION('center_axis',(0.,0.,1.));
#8086=DIRECTION('ref_axis',(1.,0.,0.));
#8087=DIRECTION('center_axis',(0.,0.,-1.));
#8088=DIRECTION('ref_axis',(1.,0.,0.));
#8089=DIRECTION('center_axis',(0.,0.,-1.));
#8090=DIRECTION('ref_axis',(1.,0.,0.));
#8091=DIRECTION('',(0.,0.,-1.));
#8092=DIRECTION('center_axis',(0.,0.,1.));
#8093=DIRECTION('ref_axis',(1.,0.,0.));
#8094=DIRECTION('center_axis',(-1.,-2.8421709430404E-17,0.));
#8095=DIRECTION('ref_axis',(2.8421709430404E-17,-1.,0.));
#8096=DIRECTION('',(-2.8421709430404E-17,1.,0.));
#8097=DIRECTION('',(0.,0.,1.));
#8098=DIRECTION('',(2.8421709430404E-17,-1.,0.));
#8099=DIRECTION('',(0.,0.,1.));
#8100=DIRECTION('center_axis',(0.,1.,0.));
#8101=DIRECTION('ref_axis',(-1.,0.,0.));
#8102=DIRECTION('',(1.,0.,0.));
#8103=DIRECTION('',(-1.,0.,0.));
#8104=DIRECTION('',(0.,0.,1.));
#8105=DIRECTION('center_axis',(1.,0.,0.));
#8106=DIRECTION('ref_axis',(0.,1.,0.));
#8107=DIRECTION('',(0.,-1.,0.));
#8108=DIRECTION('',(0.,1.,0.));
#8109=DIRECTION('',(0.,0.,1.));
#8110=DIRECTION('center_axis',(4.736951571734E-16,-1.,0.));
#8111=DIRECTION('ref_axis',(1.,4.736951571734E-16,0.));
#8112=DIRECTION('',(-1.,-4.736951571734E-16,0.));
#8113=DIRECTION('',(1.,4.736951571734E-16,0.));
#8114=DIRECTION('center_axis',(0.,0.,1.));
#8115=DIRECTION('ref_axis',(1.,0.,0.));
#8116=DIRECTION('center_axis',(0.,0.,1.));
#8117=DIRECTION('ref_axis',(1.,0.,0.));
#8118=DIRECTION('',(0.,0.,1.));
#8119=DIRECTION('',(1.,0.,0.));
#8120=DIRECTION('',(1.99153528109319E-19,-8.57767233840408E-20,1.));
#8121=DIRECTION('',(1.,-3.41654741831777E-38,-4.33680868994202E-19));
#8122=CARTESIAN_POINT('',(0.,0.,0.));
#8123=CARTESIAN_POINT('',(0.,0.,0.));
#8124=CARTESIAN_POINT('',(0.,0.,0.));
#8125=CARTESIAN_POINT('Origin',(281.,0.,150.));
#8126=CARTESIAN_POINT('',(281.,734.,206.));
#8127=CARTESIAN_POINT('',(281.,734.,148.));
#8128=CARTESIAN_POINT('',(281.,734.,75.));
#8129=CARTESIAN_POINT('',(281.,2.,148.));
#8130=CARTESIAN_POINT('',(281.,0.,148.));
#8131=CARTESIAN_POINT('',(281.,2.00000000000001,206.));
#8132=CARTESIAN_POINT('',(281.,2.,75.));
#8133=CARTESIAN_POINT('',(281.,184.,206.));
#8134=CARTESIAN_POINT('Origin',(317.,0.,148.));
#8135=CARTESIAN_POINT('',(315.,734.,148.));
#8136=CARTESIAN_POINT('',(317.,734.,148.));
#8137=CARTESIAN_POINT('',(315.,2.,148.));
#8138=CARTESIAN_POINT('',(315.,0.,148.));
#8139=CARTESIAN_POINT('',(158.5,2.,148.));
#8140=CARTESIAN_POINT('Origin',(315.,0.,0.));
#8141=CARTESIAN_POINT('',(315.,734.,2.));
#8142=CARTESIAN_POINT('',(315.,734.,0.));
#8143=CARTESIAN_POINT('',(315.,2.00000000000001,2.));
#8144=CARTESIAN_POINT('',(315.,184.,2.));
#8145=CARTESIAN_POINT('',(315.,2.,0.));
#8146=CARTESIAN_POINT('',(315.,103.2,54.1));
#8147=CARTESIAN_POINT('Origin',(315.,65.1,54.1));
#8148=CARTESIAN_POINT('Origin',(0.,2.,0.));
#8149=CARTESIAN_POINT('',(2.,2.00000000000002,2.));
#8150=CARTESIAN_POINT('',(79.25,2.00000000000003,2.));
#8151=CARTESIAN_POINT('',(2.,2.00000000000002,204.));
#8152=CARTESIAN_POINT('',(2.,2.00000000000003,0.));
#8153=CARTESIAN_POINT('',(13.,2.00000000000003,204.));
#8154=CARTESIAN_POINT('',(79.25,2.00000000000003,204.));
#8155=CARTESIAN_POINT('',(13.,2.00000000000003,206.));
#8156=CARTESIAN_POINT('',(13.,2.00000000000003,103.));
#8157=CARTESIAN_POINT('',(79.25,2.00000000000003,206.));
#8158=CARTESIAN_POINT('Origin',(317.,734.,0.));
#8159=CARTESIAN_POINT('',(13.,734.,206.));
#8160=CARTESIAN_POINT('',(237.75,734.,206.));
#8161=CARTESIAN_POINT('',(13.,734.,204.));
#8162=CARTESIAN_POINT('',(12.9999999999999,734.,103.));
#8163=CARTESIAN_POINT('',(2.,734.,204.));
#8164=CARTESIAN_POINT('',(237.75,734.,204.));
#8165=CARTESIAN_POINT('',(2.,734.,2.));
#8166=CARTESIAN_POINT('',(1.99999999999999,734.,0.));
#8167=CARTESIAN_POINT('',(237.75,734.,2.));
#8168=CARTESIAN_POINT('Origin',(2.,736.,0.));
#8169=CARTESIAN_POINT('',(1.99999999999999,552.,2.));
#8170=CARTESIAN_POINT('',(1.99999999999999,552.,204.));
#8171=CARTESIAN_POINT('',(2.,103.2,54.1));
#8172=CARTESIAN_POINT('Origin',(2.,65.1,54.1));
#8173=CARTESIAN_POINT('Origin',(158.5,368.,204.));
#8174=CARTESIAN_POINT('',(13.,368.,204.));
#8175=CARTESIAN_POINT('Origin',(158.5,368.,2.));
#8176=CARTESIAN_POINT('Origin',(317.,65.1,54.1));
#8177=CARTESIAN_POINT('',(317.,103.2,54.1));
#8178=CARTESIAN_POINT('',(317.,103.2,54.1));
#8179=CARTESIAN_POINT('Origin',(317.,65.1,54.1));
#8180=CARTESIAN_POINT('Origin',(0.,65.1,54.1));
#8181=CARTESIAN_POINT('',(0.,103.2,54.1));
#8182=CARTESIAN_POINT('',(0.,103.2,54.1));
#8183=CARTESIAN_POINT('Origin',(0.,65.1,54.1));
#8184=CARTESIAN_POINT('Origin',(13.,368.,206.));
#8185=CARTESIAN_POINT('',(13.,368.,206.));
#8186=CARTESIAN_POINT('Origin',(158.5,368.,206.));
#8187=CARTESIAN_POINT('',(13.,0.,206.));
#8188=CARTESIAN_POINT('',(13.,368.,206.));
#8189=CARTESIAN_POINT('',(283.,0.,206.));
#8190=CARTESIAN_POINT('',(0.,0.,206.));
#8191=CARTESIAN_POINT('',(283.,736.,206.));
#8192=CARTESIAN_POINT('',(283.,184.,206.));
#8193=CARTESIAN_POINT('',(12.9999999999999,736.,206.));
#8194=CARTESIAN_POINT('',(317.,736.,206.));
#8195=CARTESIAN_POINT('',(13.,368.,206.));
#8196=CARTESIAN_POINT('Origin',(283.,0.,150.));
#8197=CARTESIAN_POINT('',(283.,736.,150.));
#8198=CARTESIAN_POINT('',(283.,736.,75.));
#8199=CARTESIAN_POINT('',(283.,0.,150.));
#8200=CARTESIAN_POINT('',(283.,0.,75.));
#8201=CARTESIAN_POINT('',(283.,0.,150.));
#8202=CARTESIAN_POINT('Origin',(317.,0.,150.));
#8203=CARTESIAN_POINT('',(317.,736.,150.));
#8204=CARTESIAN_POINT('',(317.,736.,150.));
#8205=CARTESIAN_POINT('',(317.,0.,150.));
#8206=CARTESIAN_POINT('',(158.5,0.,150.));
#8207=CARTESIAN_POINT('',(317.,0.,150.));
#8208=CARTESIAN_POINT('Origin',(317.,0.,0.));
#8209=CARTESIAN_POINT('',(317.,0.,0.));
#8210=CARTESIAN_POINT('',(317.,0.,0.));
#8211=CARTESIAN_POINT('',(317.,736.,0.));
#8212=CARTESIAN_POINT('',(317.,0.,0.));
#8213=CARTESIAN_POINT('',(317.,736.,0.));
#8214=CARTESIAN_POINT('Origin',(0.,0.,0.));
#8215=CARTESIAN_POINT('',(0.,0.,206.));
#8216=CARTESIAN_POINT('',(0.,0.,206.));
#8217=CARTESIAN_POINT('',(0.,0.,0.));
#8218=CARTESIAN_POINT('',(0.,0.,0.));
#8219=CARTESIAN_POINT('',(0.,0.,0.));
#8220=CARTESIAN_POINT('Origin',(317.,736.,0.));
#8221=CARTESIAN_POINT('',(0.,736.,0.));
#8222=CARTESIAN_POINT('',(317.,736.,0.));
#8223=CARTESIAN_POINT('',(0.,736.,206.));
#8224=CARTESIAN_POINT('',(0.,736.,0.));
#8225=CARTESIAN_POINT('',(317.,736.,206.));
#8226=CARTESIAN_POINT('Origin',(0.,736.,0.));
#8227=CARTESIAN_POINT('',(0.,736.,0.));
#8228=CARTESIAN_POINT('',(0.,736.,206.));
#8229=CARTESIAN_POINT('Origin',(158.5,368.,206.));
#8230=CARTESIAN_POINT('Origin',(158.5,368.,0.));
#8231=CARTESIAN_POINT('',(0.,0.,0.));
#8232=CARTESIAN_POINT('',(0.,0.,0.));
#8233=CARTESIAN_POINT('Origin',(100.,300.,1.35));
#8234=CARTESIAN_POINT('',(97.25,300.,3.));
#8235=CARTESIAN_POINT('Origin',(100.,300.,3.));
#8236=CARTESIAN_POINT('',(97.25,300.,0.));
#8237=CARTESIAN_POINT('',(97.25,300.,1.35));
#8238=CARTESIAN_POINT('Origin',(100.,300.,0.));
#8239=CARTESIAN_POINT('Origin',(100.,275.,1.35));
#8240=CARTESIAN_POINT('',(97.25,275.,3.));
#8241=CARTESIAN_POINT('Origin',(100.,275.,3.));
#8242=CARTESIAN_POINT('',(97.25,275.,0.));
#8243=CARTESIAN_POINT('',(97.25,275.,1.35));
#8244=CARTESIAN_POINT('Origin',(100.,275.,0.));
#8245=CARTESIAN_POINT('Origin',(100.,250.,1.35));
#8246=CARTESIAN_POINT('',(97.25,250.,3.));
#8247=CARTESIAN_POINT('Origin',(100.,250.,3.));
#8248=CARTESIAN_POINT('',(97.25,250.,0.));
#8249=CARTESIAN_POINT('',(97.25,250.,1.35));
#8250=CARTESIAN_POINT('Origin',(100.,250.,0.));
#8251=CARTESIAN_POINT('Origin',(100.,225.,1.35));
#8252=CARTESIAN_POINT('',(97.25,225.,3.));
#8253=CARTESIAN_POINT('Origin',(100.,225.,3.));
#8254=CARTESIAN_POINT('',(97.25,225.,0.));
#8255=CARTESIAN_POINT('',(97.25,225.,1.35));
#8256=CARTESIAN_POINT('Origin',(100.,225.,0.));
#8257=CARTESIAN_POINT('Origin',(100.,200.,1.35));
#8258=CARTESIAN_POINT('',(97.25,200.,3.));
#8259=CARTESIAN_POINT('Origin',(100.,200.,3.));
#8260=CARTESIAN_POINT('',(97.25,200.,0.));
#8261=CARTESIAN_POINT('',(97.25,200.,1.35));
#8262=CARTESIAN_POINT('Origin',(100.,200.,0.));
#8263=CARTESIAN_POINT('Origin',(100.,175.,1.35));
#8264=CARTESIAN_POINT('',(97.25,175.,3.));
#8265=CARTESIAN_POINT('Origin',(100.,175.,3.));
#8266=CARTESIAN_POINT('',(97.25,175.,0.));
#8267=CARTESIAN_POINT('',(97.25,175.,1.35));
#8268=CARTESIAN_POINT('Origin',(100.,175.,0.));
#8269=CARTESIAN_POINT('Origin',(100.,150.,1.35));
#8270=CARTESIAN_POINT('',(97.25,150.,3.));
#8271=CARTESIAN_POINT('Origin',(100.,150.,3.));
#8272=CARTESIAN_POINT('',(97.25,150.,0.));
#8273=CARTESIAN_POINT('',(97.25,150.,1.35));
#8274=CARTESIAN_POINT('Origin',(100.,150.,0.));
#8275=CARTESIAN_POINT('Origin',(100.,125.,1.35));
#8276=CARTESIAN_POINT('',(97.25,125.,3.));
#8277=CARTESIAN_POINT('Origin',(100.,125.,3.));
#8278=CARTESIAN_POINT('',(97.25,125.,0.));
#8279=CARTESIAN_POINT('',(97.25,125.,1.35));
#8280=CARTESIAN_POINT('Origin',(100.,125.,0.));
#8281=CARTESIAN_POINT('Origin',(100.,100.,1.35));
#8282=CARTESIAN_POINT('',(97.25,100.,3.));
#8283=CARTESIAN_POINT('Origin',(100.,100.,3.));
#8284=CARTESIAN_POINT('',(97.25,100.,0.));
#8285=CARTESIAN_POINT('',(97.25,100.,1.35));
#8286=CARTESIAN_POINT('Origin',(100.,100.,0.));
#8287=CARTESIAN_POINT('Origin',(100.,75.,1.35));
#8288=CARTESIAN_POINT('',(97.25,75.,3.));
#8289=CARTESIAN_POINT('Origin',(100.,75.,3.));
#8290=CARTESIAN_POINT('',(97.25,75.,0.));
#8291=CARTESIAN_POINT('',(97.25,75.,1.35));
#8292=CARTESIAN_POINT('Origin',(100.,75.,0.));
#8293=CARTESIAN_POINT('Origin',(100.,50.,1.35));
#8294=CARTESIAN_POINT('',(97.25,50.,3.));
#8295=CARTESIAN_POINT('Origin',(100.,50.,3.));
#8296=CARTESIAN_POINT('',(97.25,50.,0.));
#8297=CARTESIAN_POINT('',(97.25,50.,1.35));
#8298=CARTESIAN_POINT('Origin',(100.,50.,0.));
#8299=CARTESIAN_POINT('Origin',(100.,25.,1.35));
#8300=CARTESIAN_POINT('',(97.25,25.,3.));
#8301=CARTESIAN_POINT('Origin',(100.,25.,3.));
#8302=CARTESIAN_POINT('',(97.25,25.,0.));
#8303=CARTESIAN_POINT('',(97.25,25.,1.35));
#8304=CARTESIAN_POINT('Origin',(100.,25.,0.));
#8305=CARTESIAN_POINT('Origin',(100.,0.,1.35));
#8306=CARTESIAN_POINT('',(97.25,3.36777869765522E-16,3.));
#8307=CARTESIAN_POINT('Origin',(100.,0.,3.));
#8308=CARTESIAN_POINT('',(97.25,0.,0.));
#8309=CARTESIAN_POINT('',(97.25,3.36777869765522E-16,1.35));
#8310=CARTESIAN_POINT('Origin',(100.,0.,0.));
#8311=CARTESIAN_POINT('Origin',(100.,-25.,1.35));
#8312=CARTESIAN_POINT('',(97.25,-25.,3.));
#8313=CARTESIAN_POINT('Origin',(100.,-25.,3.));
#8314=CARTESIAN_POINT('',(97.25,-25.,0.));
#8315=CARTESIAN_POINT('',(97.25,-25.,1.35));
#8316=CARTESIAN_POINT('Origin',(100.,-25.,0.));
#8317=CARTESIAN_POINT('Origin',(100.,-50.,1.35));
#8318=CARTESIAN_POINT('',(97.25,-50.,3.));
#8319=CARTESIAN_POINT('Origin',(100.,-50.,3.));
#8320=CARTESIAN_POINT('',(97.25,-50.,0.));
#8321=CARTESIAN_POINT('',(97.25,-50.,1.35));
#8322=CARTESIAN_POINT('Origin',(100.,-50.,0.));
#8323=CARTESIAN_POINT('Origin',(100.,-75.,1.35));
#8324=CARTESIAN_POINT('',(97.25,-75.,3.));
#8325=CARTESIAN_POINT('Origin',(100.,-75.,3.));
#8326=CARTESIAN_POINT('',(97.25,-75.,0.));
#8327=CARTESIAN_POINT('',(97.25,-75.,1.35));
#8328=CARTESIAN_POINT('Origin',(100.,-75.,0.));
#8329=CARTESIAN_POINT('Origin',(100.,-100.,1.35));
#8330=CARTESIAN_POINT('',(97.25,-100.,3.));
#8331=CARTESIAN_POINT('Origin',(100.,-100.,3.));
#8332=CARTESIAN_POINT('',(97.25,-100.,0.));
#8333=CARTESIAN_POINT('',(97.25,-100.,1.35));
#8334=CARTESIAN_POINT('Origin',(100.,-100.,0.));
#8335=CARTESIAN_POINT('Origin',(100.,-125.,1.35));
#8336=CARTESIAN_POINT('',(97.25,-125.,3.));
#8337=CARTESIAN_POINT('Origin',(100.,-125.,3.));
#8338=CARTESIAN_POINT('',(97.25,-125.,0.));
#8339=CARTESIAN_POINT('',(97.25,-125.,1.35));
#8340=CARTESIAN_POINT('Origin',(100.,-125.,0.));
#8341=CARTESIAN_POINT('Origin',(100.,-150.,1.35));
#8342=CARTESIAN_POINT('',(97.25,-150.,3.));
#8343=CARTESIAN_POINT('Origin',(100.,-150.,3.));
#8344=CARTESIAN_POINT('',(97.25,-150.,0.));
#8345=CARTESIAN_POINT('',(97.25,-150.,1.35));
#8346=CARTESIAN_POINT('Origin',(100.,-150.,0.));
#8347=CARTESIAN_POINT('Origin',(100.,-175.,1.35));
#8348=CARTESIAN_POINT('',(97.25,-175.,3.));
#8349=CARTESIAN_POINT('Origin',(100.,-175.,3.));
#8350=CARTESIAN_POINT('',(97.25,-175.,0.));
#8351=CARTESIAN_POINT('',(97.25,-175.,1.35));
#8352=CARTESIAN_POINT('Origin',(100.,-175.,0.));
#8353=CARTESIAN_POINT('Origin',(100.,-200.,1.35));
#8354=CARTESIAN_POINT('',(97.25,-200.,3.));
#8355=CARTESIAN_POINT('Origin',(100.,-200.,3.));
#8356=CARTESIAN_POINT('',(97.25,-200.,0.));
#8357=CARTESIAN_POINT('',(97.25,-200.,1.35));
#8358=CARTESIAN_POINT('Origin',(100.,-200.,0.));
#8359=CARTESIAN_POINT('Origin',(100.,-225.,1.35));
#8360=CARTESIAN_POINT('',(97.25,-225.,3.));
#8361=CARTESIAN_POINT('Origin',(100.,-225.,3.));
#8362=CARTESIAN_POINT('',(97.25,-225.,0.));
#8363=CARTESIAN_POINT('',(97.25,-225.,1.35));
#8364=CARTESIAN_POINT('Origin',(100.,-225.,0.));
#8365=CARTESIAN_POINT('Origin',(100.,-250.,1.35));
#8366=CARTESIAN_POINT('',(97.25,-250.,3.));
#8367=CARTESIAN_POINT('Origin',(100.,-250.,3.));
#8368=CARTESIAN_POINT('',(97.25,-250.,0.));
#8369=CARTESIAN_POINT('',(97.25,-250.,1.35));
#8370=CARTESIAN_POINT('Origin',(100.,-250.,0.));
#8371=CARTESIAN_POINT('Origin',(100.,-275.,1.35));
#8372=CARTESIAN_POINT('',(97.25,-275.,3.));
#8373=CARTESIAN_POINT('Origin',(100.,-275.,3.));
#8374=CARTESIAN_POINT('',(97.25,-275.,0.));
#8375=CARTESIAN_POINT('',(97.25,-275.,1.35));
#8376=CARTESIAN_POINT('Origin',(100.,-275.,0.));
#8377=CARTESIAN_POINT('Origin',(100.,-300.,1.35));
#8378=CARTESIAN_POINT('',(97.25,-300.,3.));
#8379=CARTESIAN_POINT('Origin',(100.,-300.,3.));
#8380=CARTESIAN_POINT('',(97.25,-300.,0.));
#8381=CARTESIAN_POINT('',(97.25,-300.,1.35));
#8382=CARTESIAN_POINT('Origin',(100.,-300.,0.));
#8383=CARTESIAN_POINT('Origin',(75.,300.,1.35));
#8384=CARTESIAN_POINT('',(72.25,300.,3.));
#8385=CARTESIAN_POINT('Origin',(75.,300.,3.));
#8386=CARTESIAN_POINT('',(72.25,300.,0.));
#8387=CARTESIAN_POINT('',(72.25,300.,1.35));
#8388=CARTESIAN_POINT('Origin',(75.,300.,0.));
#8389=CARTESIAN_POINT('Origin',(75.,275.,1.35));
#8390=CARTESIAN_POINT('',(72.25,275.,3.));
#8391=CARTESIAN_POINT('Origin',(75.,275.,3.));
#8392=CARTESIAN_POINT('',(72.25,275.,0.));
#8393=CARTESIAN_POINT('',(72.25,275.,1.35));
#8394=CARTESIAN_POINT('Origin',(75.,275.,0.));
#8395=CARTESIAN_POINT('Origin',(75.,250.,1.35));
#8396=CARTESIAN_POINT('',(72.25,250.,3.));
#8397=CARTESIAN_POINT('Origin',(75.,250.,3.));
#8398=CARTESIAN_POINT('',(72.25,250.,0.));
#8399=CARTESIAN_POINT('',(72.25,250.,1.35));
#8400=CARTESIAN_POINT('Origin',(75.,250.,0.));
#8401=CARTESIAN_POINT('Origin',(75.,225.,1.35));
#8402=CARTESIAN_POINT('',(72.25,225.,3.));
#8403=CARTESIAN_POINT('Origin',(75.,225.,3.));
#8404=CARTESIAN_POINT('',(72.25,225.,0.));
#8405=CARTESIAN_POINT('',(72.25,225.,1.35));
#8406=CARTESIAN_POINT('Origin',(75.,225.,0.));
#8407=CARTESIAN_POINT('Origin',(75.,200.,1.35));
#8408=CARTESIAN_POINT('',(72.25,200.,3.));
#8409=CARTESIAN_POINT('Origin',(75.,200.,3.));
#8410=CARTESIAN_POINT('',(72.25,200.,0.));
#8411=CARTESIAN_POINT('',(72.25,200.,1.35));
#8412=CARTESIAN_POINT('Origin',(75.,200.,0.));
#8413=CARTESIAN_POINT('Origin',(75.,175.,1.35));
#8414=CARTESIAN_POINT('',(72.25,175.,3.));
#8415=CARTESIAN_POINT('Origin',(75.,175.,3.));
#8416=CARTESIAN_POINT('',(72.25,175.,0.));
#8417=CARTESIAN_POINT('',(72.25,175.,1.35));
#8418=CARTESIAN_POINT('Origin',(75.,175.,0.));
#8419=CARTESIAN_POINT('Origin',(75.,150.,1.35));
#8420=CARTESIAN_POINT('',(72.25,150.,3.));
#8421=CARTESIAN_POINT('Origin',(75.,150.,3.));
#8422=CARTESIAN_POINT('',(72.25,150.,0.));
#8423=CARTESIAN_POINT('',(72.25,150.,1.35));
#8424=CARTESIAN_POINT('Origin',(75.,150.,0.));
#8425=CARTESIAN_POINT('Origin',(75.,125.,1.35));
#8426=CARTESIAN_POINT('',(72.25,125.,3.));
#8427=CARTESIAN_POINT('Origin',(75.,125.,3.));
#8428=CARTESIAN_POINT('',(72.25,125.,0.));
#8429=CARTESIAN_POINT('',(72.25,125.,1.35));
#8430=CARTESIAN_POINT('Origin',(75.,125.,0.));
#8431=CARTESIAN_POINT('Origin',(75.,100.,1.35));
#8432=CARTESIAN_POINT('',(72.25,100.,3.));
#8433=CARTESIAN_POINT('Origin',(75.,100.,3.));
#8434=CARTESIAN_POINT('',(72.25,100.,0.));
#8435=CARTESIAN_POINT('',(72.25,100.,1.35));
#8436=CARTESIAN_POINT('Origin',(75.,100.,0.));
#8437=CARTESIAN_POINT('Origin',(75.,75.,1.35));
#8438=CARTESIAN_POINT('',(72.25,75.,3.));
#8439=CARTESIAN_POINT('Origin',(75.,75.,3.));
#8440=CARTESIAN_POINT('',(72.25,75.,0.));
#8441=CARTESIAN_POINT('',(72.25,75.,1.35));
#8442=CARTESIAN_POINT('Origin',(75.,75.,0.));
#8443=CARTESIAN_POINT('Origin',(75.,50.,1.35));
#8444=CARTESIAN_POINT('',(72.25,50.,3.));
#8445=CARTESIAN_POINT('Origin',(75.,50.,3.));
#8446=CARTESIAN_POINT('',(72.25,50.,0.));
#8447=CARTESIAN_POINT('',(72.25,50.,1.35));
#8448=CARTESIAN_POINT('Origin',(75.,50.,0.));
#8449=CARTESIAN_POINT('Origin',(75.,25.,1.35));
#8450=CARTESIAN_POINT('',(72.25,25.,3.));
#8451=CARTESIAN_POINT('Origin',(75.,25.,3.));
#8452=CARTESIAN_POINT('',(72.25,25.,0.));
#8453=CARTESIAN_POINT('',(72.25,25.,1.35));
#8454=CARTESIAN_POINT('Origin',(75.,25.,0.));
#8455=CARTESIAN_POINT('Origin',(75.,0.,1.35));
#8456=CARTESIAN_POINT('',(72.25,3.36777869765522E-16,3.));
#8457=CARTESIAN_POINT('Origin',(75.,0.,3.));
#8458=CARTESIAN_POINT('',(72.25,0.,0.));
#8459=CARTESIAN_POINT('',(72.25,3.36777869765522E-16,1.35));
#8460=CARTESIAN_POINT('Origin',(75.,0.,0.));
#8461=CARTESIAN_POINT('Origin',(75.,-25.,1.35));
#8462=CARTESIAN_POINT('',(72.25,-25.,3.));
#8463=CARTESIAN_POINT('Origin',(75.,-25.,3.));
#8464=CARTESIAN_POINT('',(72.25,-25.,0.));
#8465=CARTESIAN_POINT('',(72.25,-25.,1.35));
#8466=CARTESIAN_POINT('Origin',(75.,-25.,0.));
#8467=CARTESIAN_POINT('Origin',(75.,-50.,1.35));
#8468=CARTESIAN_POINT('',(72.25,-50.,3.));
#8469=CARTESIAN_POINT('Origin',(75.,-50.,3.));
#8470=CARTESIAN_POINT('',(72.25,-50.,0.));
#8471=CARTESIAN_POINT('',(72.25,-50.,1.35));
#8472=CARTESIAN_POINT('Origin',(75.,-50.,0.));
#8473=CARTESIAN_POINT('Origin',(75.,-75.,1.35));
#8474=CARTESIAN_POINT('',(72.25,-75.,3.));
#8475=CARTESIAN_POINT('Origin',(75.,-75.,3.));
#8476=CARTESIAN_POINT('',(72.25,-75.,0.));
#8477=CARTESIAN_POINT('',(72.25,-75.,1.35));
#8478=CARTESIAN_POINT('Origin',(75.,-75.,0.));
#8479=CARTESIAN_POINT('Origin',(75.,-100.,1.35));
#8480=CARTESIAN_POINT('',(72.25,-100.,3.));
#8481=CARTESIAN_POINT('Origin',(75.,-100.,3.));
#8482=CARTESIAN_POINT('',(72.25,-100.,0.));
#8483=CARTESIAN_POINT('',(72.25,-100.,1.35));
#8484=CARTESIAN_POINT('Origin',(75.,-100.,0.));
#8485=CARTESIAN_POINT('Origin',(75.,-125.,1.35));
#8486=CARTESIAN_POINT('',(72.25,-125.,3.));
#8487=CARTESIAN_POINT('Origin',(75.,-125.,3.));
#8488=CARTESIAN_POINT('',(72.25,-125.,0.));
#8489=CARTESIAN_POINT('',(72.25,-125.,1.35));
#8490=CARTESIAN_POINT('Origin',(75.,-125.,0.));
#8491=CARTESIAN_POINT('Origin',(75.,-150.,1.35));
#8492=CARTESIAN_POINT('',(72.25,-150.,3.));
#8493=CARTESIAN_POINT('Origin',(75.,-150.,3.));
#8494=CARTESIAN_POINT('',(72.25,-150.,0.));
#8495=CARTESIAN_POINT('',(72.25,-150.,1.35));
#8496=CARTESIAN_POINT('Origin',(75.,-150.,0.));
#8497=CARTESIAN_POINT('Origin',(75.,-175.,1.35));
#8498=CARTESIAN_POINT('',(72.25,-175.,3.));
#8499=CARTESIAN_POINT('Origin',(75.,-175.,3.));
#8500=CARTESIAN_POINT('',(72.25,-175.,0.));
#8501=CARTESIAN_POINT('',(72.25,-175.,1.35));
#8502=CARTESIAN_POINT('Origin',(75.,-175.,0.));
#8503=CARTESIAN_POINT('Origin',(75.,-200.,1.35));
#8504=CARTESIAN_POINT('',(72.25,-200.,3.));
#8505=CARTESIAN_POINT('Origin',(75.,-200.,3.));
#8506=CARTESIAN_POINT('',(72.25,-200.,0.));
#8507=CARTESIAN_POINT('',(72.25,-200.,1.35));
#8508=CARTESIAN_POINT('Origin',(75.,-200.,0.));
#8509=CARTESIAN_POINT('Origin',(75.,-225.,1.35));
#8510=CARTESIAN_POINT('',(72.25,-225.,3.));
#8511=CARTESIAN_POINT('Origin',(75.,-225.,3.));
#8512=CARTESIAN_POINT('',(72.25,-225.,0.));
#8513=CARTESIAN_POINT('',(72.25,-225.,1.35));
#8514=CARTESIAN_POINT('Origin',(75.,-225.,0.));
#8515=CARTESIAN_POINT('Origin',(75.,-250.,1.35));
#8516=CARTESIAN_POINT('',(72.25,-250.,3.));
#8517=CARTESIAN_POINT('Origin',(75.,-250.,3.));
#8518=CARTESIAN_POINT('',(72.25,-250.,0.));
#8519=CARTESIAN_POINT('',(72.25,-250.,1.35));
#8520=CARTESIAN_POINT('Origin',(75.,-250.,0.));
#8521=CARTESIAN_POINT('Origin',(75.,-275.,1.35));
#8522=CARTESIAN_POINT('',(72.25,-275.,3.));
#8523=CARTESIAN_POINT('Origin',(75.,-275.,3.));
#8524=CARTESIAN_POINT('',(72.25,-275.,0.));
#8525=CARTESIAN_POINT('',(72.25,-275.,1.35));
#8526=CARTESIAN_POINT('Origin',(75.,-275.,0.));
#8527=CARTESIAN_POINT('Origin',(75.,-300.,1.35));
#8528=CARTESIAN_POINT('',(72.25,-300.,3.));
#8529=CARTESIAN_POINT('Origin',(75.,-300.,3.));
#8530=CARTESIAN_POINT('',(72.25,-300.,0.));
#8531=CARTESIAN_POINT('',(72.25,-300.,1.35));
#8532=CARTESIAN_POINT('Origin',(75.,-300.,0.));
#8533=CARTESIAN_POINT('Origin',(50.,300.,1.35));
#8534=CARTESIAN_POINT('',(47.25,300.,3.));
#8535=CARTESIAN_POINT('Origin',(50.,300.,3.));
#8536=CARTESIAN_POINT('',(47.25,300.,0.));
#8537=CARTESIAN_POINT('',(47.25,300.,1.35));
#8538=CARTESIAN_POINT('Origin',(50.,300.,0.));
#8539=CARTESIAN_POINT('Origin',(50.,275.,1.35));
#8540=CARTESIAN_POINT('',(47.25,275.,3.));
#8541=CARTESIAN_POINT('Origin',(50.,275.,3.));
#8542=CARTESIAN_POINT('',(47.25,275.,0.));
#8543=CARTESIAN_POINT('',(47.25,275.,1.35));
#8544=CARTESIAN_POINT('Origin',(50.,275.,0.));
#8545=CARTESIAN_POINT('Origin',(50.,250.,1.35));
#8546=CARTESIAN_POINT('',(47.25,250.,3.));
#8547=CARTESIAN_POINT('Origin',(50.,250.,3.));
#8548=CARTESIAN_POINT('',(47.25,250.,0.));
#8549=CARTESIAN_POINT('',(47.25,250.,1.35));
#8550=CARTESIAN_POINT('Origin',(50.,250.,0.));
#8551=CARTESIAN_POINT('Origin',(50.,225.,1.35));
#8552=CARTESIAN_POINT('',(47.25,225.,3.));
#8553=CARTESIAN_POINT('Origin',(50.,225.,3.));
#8554=CARTESIAN_POINT('',(47.25,225.,0.));
#8555=CARTESIAN_POINT('',(47.25,225.,1.35));
#8556=CARTESIAN_POINT('Origin',(50.,225.,0.));
#8557=CARTESIAN_POINT('Origin',(50.,200.,1.35));
#8558=CARTESIAN_POINT('',(47.25,200.,3.));
#8559=CARTESIAN_POINT('Origin',(50.,200.,3.));
#8560=CARTESIAN_POINT('',(47.25,200.,0.));
#8561=CARTESIAN_POINT('',(47.25,200.,1.35));
#8562=CARTESIAN_POINT('Origin',(50.,200.,0.));
#8563=CARTESIAN_POINT('Origin',(50.,175.,1.35));
#8564=CARTESIAN_POINT('',(47.25,175.,3.));
#8565=CARTESIAN_POINT('Origin',(50.,175.,3.));
#8566=CARTESIAN_POINT('',(47.25,175.,0.));
#8567=CARTESIAN_POINT('',(47.25,175.,1.35));
#8568=CARTESIAN_POINT('Origin',(50.,175.,0.));
#8569=CARTESIAN_POINT('Origin',(50.,150.,1.35));
#8570=CARTESIAN_POINT('',(47.25,150.,3.));
#8571=CARTESIAN_POINT('Origin',(50.,150.,3.));
#8572=CARTESIAN_POINT('',(47.25,150.,0.));
#8573=CARTESIAN_POINT('',(47.25,150.,1.35));
#8574=CARTESIAN_POINT('Origin',(50.,150.,0.));
#8575=CARTESIAN_POINT('Origin',(50.,125.,1.35));
#8576=CARTESIAN_POINT('',(47.25,125.,3.));
#8577=CARTESIAN_POINT('Origin',(50.,125.,3.));
#8578=CARTESIAN_POINT('',(47.25,125.,0.));
#8579=CARTESIAN_POINT('',(47.25,125.,1.35));
#8580=CARTESIAN_POINT('Origin',(50.,125.,0.));
#8581=CARTESIAN_POINT('Origin',(50.,100.,1.35));
#8582=CARTESIAN_POINT('',(47.25,100.,3.));
#8583=CARTESIAN_POINT('Origin',(50.,100.,3.));
#8584=CARTESIAN_POINT('',(47.25,100.,0.));
#8585=CARTESIAN_POINT('',(47.25,100.,1.35));
#8586=CARTESIAN_POINT('Origin',(50.,100.,0.));
#8587=CARTESIAN_POINT('Origin',(50.,75.,1.35));
#8588=CARTESIAN_POINT('',(47.25,75.,3.));
#8589=CARTESIAN_POINT('Origin',(50.,75.,3.));
#8590=CARTESIAN_POINT('',(47.25,75.,0.));
#8591=CARTESIAN_POINT('',(47.25,75.,1.35));
#8592=CARTESIAN_POINT('Origin',(50.,75.,0.));
#8593=CARTESIAN_POINT('Origin',(50.,50.,1.35));
#8594=CARTESIAN_POINT('',(47.25,50.,3.));
#8595=CARTESIAN_POINT('Origin',(50.,50.,3.));
#8596=CARTESIAN_POINT('',(47.25,50.,0.));
#8597=CARTESIAN_POINT('',(47.25,50.,1.35));
#8598=CARTESIAN_POINT('Origin',(50.,50.,0.));
#8599=CARTESIAN_POINT('Origin',(50.,25.,1.35));
#8600=CARTESIAN_POINT('',(47.25,25.,3.));
#8601=CARTESIAN_POINT('Origin',(50.,25.,3.));
#8602=CARTESIAN_POINT('',(47.25,25.,0.));
#8603=CARTESIAN_POINT('',(47.25,25.,1.35));
#8604=CARTESIAN_POINT('Origin',(50.,25.,0.));
#8605=CARTESIAN_POINT('Origin',(50.,0.,1.35));
#8606=CARTESIAN_POINT('',(47.25,3.36777869765522E-16,3.));
#8607=CARTESIAN_POINT('Origin',(50.,0.,3.));
#8608=CARTESIAN_POINT('',(47.25,0.,0.));
#8609=CARTESIAN_POINT('',(47.25,3.36777869765522E-16,1.35));
#8610=CARTESIAN_POINT('Origin',(50.,0.,0.));
#8611=CARTESIAN_POINT('Origin',(50.,-25.,1.35));
#8612=CARTESIAN_POINT('',(47.25,-25.,3.));
#8613=CARTESIAN_POINT('Origin',(50.,-25.,3.));
#8614=CARTESIAN_POINT('',(47.25,-25.,0.));
#8615=CARTESIAN_POINT('',(47.25,-25.,1.35));
#8616=CARTESIAN_POINT('Origin',(50.,-25.,0.));
#8617=CARTESIAN_POINT('Origin',(50.,-50.,1.35));
#8618=CARTESIAN_POINT('',(47.25,-50.,3.));
#8619=CARTESIAN_POINT('Origin',(50.,-50.,3.));
#8620=CARTESIAN_POINT('',(47.25,-50.,0.));
#8621=CARTESIAN_POINT('',(47.25,-50.,1.35));
#8622=CARTESIAN_POINT('Origin',(50.,-50.,0.));
#8623=CARTESIAN_POINT('Origin',(50.,-75.,1.35));
#8624=CARTESIAN_POINT('',(47.25,-75.,3.));
#8625=CARTESIAN_POINT('Origin',(50.,-75.,3.));
#8626=CARTESIAN_POINT('',(47.25,-75.,0.));
#8627=CARTESIAN_POINT('',(47.25,-75.,1.35));
#8628=CARTESIAN_POINT('Origin',(50.,-75.,0.));
#8629=CARTESIAN_POINT('Origin',(50.,-100.,1.35));
#8630=CARTESIAN_POINT('',(47.25,-100.,3.));
#8631=CARTESIAN_POINT('Origin',(50.,-100.,3.));
#8632=CARTESIAN_POINT('',(47.25,-100.,0.));
#8633=CARTESIAN_POINT('',(47.25,-100.,1.35));
#8634=CARTESIAN_POINT('Origin',(50.,-100.,0.));
#8635=CARTESIAN_POINT('Origin',(50.,-125.,1.35));
#8636=CARTESIAN_POINT('',(47.25,-125.,3.));
#8637=CARTESIAN_POINT('Origin',(50.,-125.,3.));
#8638=CARTESIAN_POINT('',(47.25,-125.,0.));
#8639=CARTESIAN_POINT('',(47.25,-125.,1.35));
#8640=CARTESIAN_POINT('Origin',(50.,-125.,0.));
#8641=CARTESIAN_POINT('Origin',(50.,-150.,1.35));
#8642=CARTESIAN_POINT('',(47.25,-150.,3.));
#8643=CARTESIAN_POINT('Origin',(50.,-150.,3.));
#8644=CARTESIAN_POINT('',(47.25,-150.,0.));
#8645=CARTESIAN_POINT('',(47.25,-150.,1.35));
#8646=CARTESIAN_POINT('Origin',(50.,-150.,0.));
#8647=CARTESIAN_POINT('Origin',(50.,-175.,1.35));
#8648=CARTESIAN_POINT('',(47.25,-175.,3.));
#8649=CARTESIAN_POINT('Origin',(50.,-175.,3.));
#8650=CARTESIAN_POINT('',(47.25,-175.,0.));
#8651=CARTESIAN_POINT('',(47.25,-175.,1.35));
#8652=CARTESIAN_POINT('Origin',(50.,-175.,0.));
#8653=CARTESIAN_POINT('Origin',(50.,-200.,1.35));
#8654=CARTESIAN_POINT('',(47.25,-200.,3.));
#8655=CARTESIAN_POINT('Origin',(50.,-200.,3.));
#8656=CARTESIAN_POINT('',(47.25,-200.,0.));
#8657=CARTESIAN_POINT('',(47.25,-200.,1.35));
#8658=CARTESIAN_POINT('Origin',(50.,-200.,0.));
#8659=CARTESIAN_POINT('Origin',(50.,-225.,1.35));
#8660=CARTESIAN_POINT('',(47.25,-225.,3.));
#8661=CARTESIAN_POINT('Origin',(50.,-225.,3.));
#8662=CARTESIAN_POINT('',(47.25,-225.,0.));
#8663=CARTESIAN_POINT('',(47.25,-225.,1.35));
#8664=CARTESIAN_POINT('Origin',(50.,-225.,0.));
#8665=CARTESIAN_POINT('Origin',(50.,-250.,1.35));
#8666=CARTESIAN_POINT('',(47.25,-250.,3.));
#8667=CARTESIAN_POINT('Origin',(50.,-250.,3.));
#8668=CARTESIAN_POINT('',(47.25,-250.,0.));
#8669=CARTESIAN_POINT('',(47.25,-250.,1.35));
#8670=CARTESIAN_POINT('Origin',(50.,-250.,0.));
#8671=CARTESIAN_POINT('Origin',(50.,-275.,1.35));
#8672=CARTESIAN_POINT('',(47.25,-275.,3.));
#8673=CARTESIAN_POINT('Origin',(50.,-275.,3.));
#8674=CARTESIAN_POINT('',(47.25,-275.,0.));
#8675=CARTESIAN_POINT('',(47.25,-275.,1.35));
#8676=CARTESIAN_POINT('Origin',(50.,-275.,0.));
#8677=CARTESIAN_POINT('Origin',(50.,-300.,1.35));
#8678=CARTESIAN_POINT('',(47.25,-300.,3.));
#8679=CARTESIAN_POINT('Origin',(50.,-300.,3.));
#8680=CARTESIAN_POINT('',(47.25,-300.,0.));
#8681=CARTESIAN_POINT('',(47.25,-300.,1.35));
#8682=CARTESIAN_POINT('Origin',(50.,-300.,0.));
#8683=CARTESIAN_POINT('Origin',(25.,300.,1.35));
#8684=CARTESIAN_POINT('',(22.25,300.,3.));
#8685=CARTESIAN_POINT('Origin',(25.,300.,3.));
#8686=CARTESIAN_POINT('',(22.25,300.,0.));
#8687=CARTESIAN_POINT('',(22.25,300.,1.35));
#8688=CARTESIAN_POINT('Origin',(25.,300.,0.));
#8689=CARTESIAN_POINT('Origin',(25.,275.,1.35));
#8690=CARTESIAN_POINT('',(22.25,275.,3.));
#8691=CARTESIAN_POINT('Origin',(25.,275.,3.));
#8692=CARTESIAN_POINT('',(22.25,275.,0.));
#8693=CARTESIAN_POINT('',(22.25,275.,1.35));
#8694=CARTESIAN_POINT('Origin',(25.,275.,0.));
#8695=CARTESIAN_POINT('Origin',(25.,250.,1.35));
#8696=CARTESIAN_POINT('',(22.25,250.,3.));
#8697=CARTESIAN_POINT('Origin',(25.,250.,3.));
#8698=CARTESIAN_POINT('',(22.25,250.,0.));
#8699=CARTESIAN_POINT('',(22.25,250.,1.35));
#8700=CARTESIAN_POINT('Origin',(25.,250.,0.));
#8701=CARTESIAN_POINT('Origin',(25.,225.,1.35));
#8702=CARTESIAN_POINT('',(22.25,225.,3.));
#8703=CARTESIAN_POINT('Origin',(25.,225.,3.));
#8704=CARTESIAN_POINT('',(22.25,225.,0.));
#8705=CARTESIAN_POINT('',(22.25,225.,1.35));
#8706=CARTESIAN_POINT('Origin',(25.,225.,0.));
#8707=CARTESIAN_POINT('Origin',(25.,200.,1.35));
#8708=CARTESIAN_POINT('',(22.25,200.,3.));
#8709=CARTESIAN_POINT('Origin',(25.,200.,3.));
#8710=CARTESIAN_POINT('',(22.25,200.,0.));
#8711=CARTESIAN_POINT('',(22.25,200.,1.35));
#8712=CARTESIAN_POINT('Origin',(25.,200.,0.));
#8713=CARTESIAN_POINT('Origin',(25.,175.,1.35));
#8714=CARTESIAN_POINT('',(22.25,175.,3.));
#8715=CARTESIAN_POINT('Origin',(25.,175.,3.));
#8716=CARTESIAN_POINT('',(22.25,175.,0.));
#8717=CARTESIAN_POINT('',(22.25,175.,1.35));
#8718=CARTESIAN_POINT('Origin',(25.,175.,0.));
#8719=CARTESIAN_POINT('Origin',(25.,150.,1.35));
#8720=CARTESIAN_POINT('',(22.25,150.,3.));
#8721=CARTESIAN_POINT('Origin',(25.,150.,3.));
#8722=CARTESIAN_POINT('',(22.25,150.,0.));
#8723=CARTESIAN_POINT('',(22.25,150.,1.35));
#8724=CARTESIAN_POINT('Origin',(25.,150.,0.));
#8725=CARTESIAN_POINT('Origin',(25.,125.,1.35));
#8726=CARTESIAN_POINT('',(22.25,125.,3.));
#8727=CARTESIAN_POINT('Origin',(25.,125.,3.));
#8728=CARTESIAN_POINT('',(22.25,125.,0.));
#8729=CARTESIAN_POINT('',(22.25,125.,1.35));
#8730=CARTESIAN_POINT('Origin',(25.,125.,0.));
#8731=CARTESIAN_POINT('Origin',(25.,100.,1.35));
#8732=CARTESIAN_POINT('',(22.25,100.,3.));
#8733=CARTESIAN_POINT('Origin',(25.,100.,3.));
#8734=CARTESIAN_POINT('',(22.25,100.,0.));
#8735=CARTESIAN_POINT('',(22.25,100.,1.35));
#8736=CARTESIAN_POINT('Origin',(25.,100.,0.));
#8737=CARTESIAN_POINT('Origin',(25.,75.,1.35));
#8738=CARTESIAN_POINT('',(22.25,75.,3.));
#8739=CARTESIAN_POINT('Origin',(25.,75.,3.));
#8740=CARTESIAN_POINT('',(22.25,75.,0.));
#8741=CARTESIAN_POINT('',(22.25,75.,1.35));
#8742=CARTESIAN_POINT('Origin',(25.,75.,0.));
#8743=CARTESIAN_POINT('Origin',(25.,50.,1.35));
#8744=CARTESIAN_POINT('',(22.25,50.,3.));
#8745=CARTESIAN_POINT('Origin',(25.,50.,3.));
#8746=CARTESIAN_POINT('',(22.25,50.,0.));
#8747=CARTESIAN_POINT('',(22.25,50.,1.35));
#8748=CARTESIAN_POINT('Origin',(25.,50.,0.));
#8749=CARTESIAN_POINT('Origin',(25.,25.,1.35));
#8750=CARTESIAN_POINT('',(22.25,25.,3.));
#8751=CARTESIAN_POINT('Origin',(25.,25.,3.));
#8752=CARTESIAN_POINT('',(22.25,25.,0.));
#8753=CARTESIAN_POINT('',(22.25,25.,1.35));
#8754=CARTESIAN_POINT('Origin',(25.,25.,0.));
#8755=CARTESIAN_POINT('Origin',(25.,0.,1.35));
#8756=CARTESIAN_POINT('',(22.25,3.36777869765522E-16,3.));
#8757=CARTESIAN_POINT('Origin',(25.,0.,3.));
#8758=CARTESIAN_POINT('',(22.25,0.,0.));
#8759=CARTESIAN_POINT('',(22.25,3.36777869765522E-16,1.35));
#8760=CARTESIAN_POINT('Origin',(25.,0.,0.));
#8761=CARTESIAN_POINT('Origin',(25.,-25.,1.35));
#8762=CARTESIAN_POINT('',(22.25,-25.,3.));
#8763=CARTESIAN_POINT('Origin',(25.,-25.,3.));
#8764=CARTESIAN_POINT('',(22.25,-25.,0.));
#8765=CARTESIAN_POINT('',(22.25,-25.,1.35));
#8766=CARTESIAN_POINT('Origin',(25.,-25.,0.));
#8767=CARTESIAN_POINT('Origin',(25.,-50.,1.35));
#8768=CARTESIAN_POINT('',(22.25,-50.,3.));
#8769=CARTESIAN_POINT('Origin',(25.,-50.,3.));
#8770=CARTESIAN_POINT('',(22.25,-50.,0.));
#8771=CARTESIAN_POINT('',(22.25,-50.,1.35));
#8772=CARTESIAN_POINT('Origin',(25.,-50.,0.));
#8773=CARTESIAN_POINT('Origin',(25.,-75.,1.35));
#8774=CARTESIAN_POINT('',(22.25,-75.,3.));
#8775=CARTESIAN_POINT('Origin',(25.,-75.,3.));
#8776=CARTESIAN_POINT('',(22.25,-75.,0.));
#8777=CARTESIAN_POINT('',(22.25,-75.,1.35));
#8778=CARTESIAN_POINT('Origin',(25.,-75.,0.));
#8779=CARTESIAN_POINT('Origin',(25.,-100.,1.35));
#8780=CARTESIAN_POINT('',(22.25,-100.,3.));
#8781=CARTESIAN_POINT('Origin',(25.,-100.,3.));
#8782=CARTESIAN_POINT('',(22.25,-100.,0.));
#8783=CARTESIAN_POINT('',(22.25,-100.,1.35));
#8784=CARTESIAN_POINT('Origin',(25.,-100.,0.));
#8785=CARTESIAN_POINT('Origin',(25.,-125.,1.35));
#8786=CARTESIAN_POINT('',(22.25,-125.,3.));
#8787=CARTESIAN_POINT('Origin',(25.,-125.,3.));
#8788=CARTESIAN_POINT('',(22.25,-125.,0.));
#8789=CARTESIAN_POINT('',(22.25,-125.,1.35));
#8790=CARTESIAN_POINT('Origin',(25.,-125.,0.));
#8791=CARTESIAN_POINT('Origin',(25.,-150.,1.35));
#8792=CARTESIAN_POINT('',(22.25,-150.,3.));
#8793=CARTESIAN_POINT('Origin',(25.,-150.,3.));
#8794=CARTESIAN_POINT('',(22.25,-150.,0.));
#8795=CARTESIAN_POINT('',(22.25,-150.,1.35));
#8796=CARTESIAN_POINT('Origin',(25.,-150.,0.));
#8797=CARTESIAN_POINT('Origin',(25.,-175.,1.35));
#8798=CARTESIAN_POINT('',(22.25,-175.,3.));
#8799=CARTESIAN_POINT('Origin',(25.,-175.,3.));
#8800=CARTESIAN_POINT('',(22.25,-175.,0.));
#8801=CARTESIAN_POINT('',(22.25,-175.,1.35));
#8802=CARTESIAN_POINT('Origin',(25.,-175.,0.));
#8803=CARTESIAN_POINT('Origin',(25.,-200.,1.35));
#8804=CARTESIAN_POINT('',(22.25,-200.,3.));
#8805=CARTESIAN_POINT('Origin',(25.,-200.,3.));
#8806=CARTESIAN_POINT('',(22.25,-200.,0.));
#8807=CARTESIAN_POINT('',(22.25,-200.,1.35));
#8808=CARTESIAN_POINT('Origin',(25.,-200.,0.));
#8809=CARTESIAN_POINT('Origin',(25.,-225.,1.35));
#8810=CARTESIAN_POINT('',(22.25,-225.,3.));
#8811=CARTESIAN_POINT('Origin',(25.,-225.,3.));
#8812=CARTESIAN_POINT('',(22.25,-225.,0.));
#8813=CARTESIAN_POINT('',(22.25,-225.,1.35));
#8814=CARTESIAN_POINT('Origin',(25.,-225.,0.));
#8815=CARTESIAN_POINT('Origin',(25.,-250.,1.35));
#8816=CARTESIAN_POINT('',(22.25,-250.,3.));
#8817=CARTESIAN_POINT('Origin',(25.,-250.,3.));
#8818=CARTESIAN_POINT('',(22.25,-250.,0.));
#8819=CARTESIAN_POINT('',(22.25,-250.,1.35));
#8820=CARTESIAN_POINT('Origin',(25.,-250.,0.));
#8821=CARTESIAN_POINT('Origin',(25.,-275.,1.35));
#8822=CARTESIAN_POINT('',(22.25,-275.,3.));
#8823=CARTESIAN_POINT('Origin',(25.,-275.,3.));
#8824=CARTESIAN_POINT('',(22.25,-275.,0.));
#8825=CARTESIAN_POINT('',(22.25,-275.,1.35));
#8826=CARTESIAN_POINT('Origin',(25.,-275.,0.));
#8827=CARTESIAN_POINT('Origin',(25.,-300.,1.35));
#8828=CARTESIAN_POINT('',(22.25,-300.,3.));
#8829=CARTESIAN_POINT('Origin',(25.,-300.,3.));
#8830=CARTESIAN_POINT('',(22.25,-300.,0.));
#8831=CARTESIAN_POINT('',(22.25,-300.,1.35));
#8832=CARTESIAN_POINT('Origin',(25.,-300.,0.));
#8833=CARTESIAN_POINT('Origin',(0.,300.,1.35));
#8834=CARTESIAN_POINT('',(-2.75,300.,3.));
#8835=CARTESIAN_POINT('Origin',(0.,300.,3.));
#8836=CARTESIAN_POINT('',(-2.75,300.,0.));
#8837=CARTESIAN_POINT('',(-2.75,300.,1.35));
#8838=CARTESIAN_POINT('Origin',(0.,300.,0.));
#8839=CARTESIAN_POINT('Origin',(0.,275.,1.35));
#8840=CARTESIAN_POINT('',(-2.75,275.,3.));
#8841=CARTESIAN_POINT('Origin',(0.,275.,3.));
#8842=CARTESIAN_POINT('',(-2.75,275.,0.));
#8843=CARTESIAN_POINT('',(-2.75,275.,1.35));
#8844=CARTESIAN_POINT('Origin',(0.,275.,0.));
#8845=CARTESIAN_POINT('Origin',(0.,250.,1.35));
#8846=CARTESIAN_POINT('',(-2.75,250.,3.));
#8847=CARTESIAN_POINT('Origin',(0.,250.,3.));
#8848=CARTESIAN_POINT('',(-2.75,250.,0.));
#8849=CARTESIAN_POINT('',(-2.75,250.,1.35));
#8850=CARTESIAN_POINT('Origin',(0.,250.,0.));
#8851=CARTESIAN_POINT('Origin',(0.,225.,1.35));
#8852=CARTESIAN_POINT('',(-2.75,225.,3.));
#8853=CARTESIAN_POINT('Origin',(0.,225.,3.));
#8854=CARTESIAN_POINT('',(-2.75,225.,0.));
#8855=CARTESIAN_POINT('',(-2.75,225.,1.35));
#8856=CARTESIAN_POINT('Origin',(0.,225.,0.));
#8857=CARTESIAN_POINT('Origin',(0.,200.,1.35));
#8858=CARTESIAN_POINT('',(-2.75,200.,3.));
#8859=CARTESIAN_POINT('Origin',(0.,200.,3.));
#8860=CARTESIAN_POINT('',(-2.75,200.,0.));
#8861=CARTESIAN_POINT('',(-2.75,200.,1.35));
#8862=CARTESIAN_POINT('Origin',(0.,200.,0.));
#8863=CARTESIAN_POINT('Origin',(0.,175.,1.35));
#8864=CARTESIAN_POINT('',(-2.75,175.,3.));
#8865=CARTESIAN_POINT('Origin',(0.,175.,3.));
#8866=CARTESIAN_POINT('',(-2.75,175.,0.));
#8867=CARTESIAN_POINT('',(-2.75,175.,1.35));
#8868=CARTESIAN_POINT('Origin',(0.,175.,0.));
#8869=CARTESIAN_POINT('Origin',(0.,150.,1.35));
#8870=CARTESIAN_POINT('',(-2.75,150.,3.));
#8871=CARTESIAN_POINT('Origin',(0.,150.,3.));
#8872=CARTESIAN_POINT('',(-2.75,150.,0.));
#8873=CARTESIAN_POINT('',(-2.75,150.,1.35));
#8874=CARTESIAN_POINT('Origin',(0.,150.,0.));
#8875=CARTESIAN_POINT('Origin',(0.,125.,1.35));
#8876=CARTESIAN_POINT('',(-2.75,125.,3.));
#8877=CARTESIAN_POINT('Origin',(0.,125.,3.));
#8878=CARTESIAN_POINT('',(-2.75,125.,0.));
#8879=CARTESIAN_POINT('',(-2.75,125.,1.35));
#8880=CARTESIAN_POINT('Origin',(0.,125.,0.));
#8881=CARTESIAN_POINT('Origin',(0.,100.,1.35));
#8882=CARTESIAN_POINT('',(-2.75,100.,3.));
#8883=CARTESIAN_POINT('Origin',(0.,100.,3.));
#8884=CARTESIAN_POINT('',(-2.75,100.,0.));
#8885=CARTESIAN_POINT('',(-2.75,100.,1.35));
#8886=CARTESIAN_POINT('Origin',(0.,100.,0.));
#8887=CARTESIAN_POINT('Origin',(0.,75.,1.35));
#8888=CARTESIAN_POINT('',(-2.75,75.,3.));
#8889=CARTESIAN_POINT('Origin',(0.,75.,3.));
#8890=CARTESIAN_POINT('',(-2.75,75.,0.));
#8891=CARTESIAN_POINT('',(-2.75,75.,1.35));
#8892=CARTESIAN_POINT('Origin',(0.,75.,0.));
#8893=CARTESIAN_POINT('Origin',(0.,50.,1.35));
#8894=CARTESIAN_POINT('',(-2.75,50.,3.));
#8895=CARTESIAN_POINT('Origin',(0.,50.,3.));
#8896=CARTESIAN_POINT('',(-2.75,50.,0.));
#8897=CARTESIAN_POINT('',(-2.75,50.,1.35));
#8898=CARTESIAN_POINT('Origin',(0.,50.,0.));
#8899=CARTESIAN_POINT('Origin',(0.,25.,1.35));
#8900=CARTESIAN_POINT('',(-2.75,25.,3.));
#8901=CARTESIAN_POINT('Origin',(0.,25.,3.));
#8902=CARTESIAN_POINT('',(-2.75,25.,0.));
#8903=CARTESIAN_POINT('',(-2.75,25.,1.35));
#8904=CARTESIAN_POINT('Origin',(0.,25.,0.));
#8905=CARTESIAN_POINT('Origin',(0.,-25.,1.35));
#8906=CARTESIAN_POINT('',(-2.75,-25.,3.));
#8907=CARTESIAN_POINT('Origin',(0.,-25.,3.));
#8908=CARTESIAN_POINT('',(-2.75,-25.,0.));
#8909=CARTESIAN_POINT('',(-2.75,-25.,1.35));
#8910=CARTESIAN_POINT('Origin',(0.,-25.,0.));
#8911=CARTESIAN_POINT('Origin',(0.,-50.,1.35));
#8912=CARTESIAN_POINT('',(-2.75,-50.,3.));
#8913=CARTESIAN_POINT('Origin',(0.,-50.,3.));
#8914=CARTESIAN_POINT('',(-2.75,-50.,0.));
#8915=CARTESIAN_POINT('',(-2.75,-50.,1.35));
#8916=CARTESIAN_POINT('Origin',(0.,-50.,0.));
#8917=CARTESIAN_POINT('Origin',(0.,-75.,1.35));
#8918=CARTESIAN_POINT('',(-2.75,-75.,3.));
#8919=CARTESIAN_POINT('Origin',(0.,-75.,3.));
#8920=CARTESIAN_POINT('',(-2.75,-75.,0.));
#8921=CARTESIAN_POINT('',(-2.75,-75.,1.35));
#8922=CARTESIAN_POINT('Origin',(0.,-75.,0.));
#8923=CARTESIAN_POINT('Origin',(0.,-100.,1.35));
#8924=CARTESIAN_POINT('',(-2.75,-100.,3.));
#8925=CARTESIAN_POINT('Origin',(0.,-100.,3.));
#8926=CARTESIAN_POINT('',(-2.75,-100.,0.));
#8927=CARTESIAN_POINT('',(-2.75,-100.,1.35));
#8928=CARTESIAN_POINT('Origin',(0.,-100.,0.));
#8929=CARTESIAN_POINT('Origin',(0.,-125.,1.35));
#8930=CARTESIAN_POINT('',(-2.75,-125.,3.));
#8931=CARTESIAN_POINT('Origin',(0.,-125.,3.));
#8932=CARTESIAN_POINT('',(-2.75,-125.,0.));
#8933=CARTESIAN_POINT('',(-2.75,-125.,1.35));
#8934=CARTESIAN_POINT('Origin',(0.,-125.,0.));
#8935=CARTESIAN_POINT('Origin',(0.,-150.,1.35));
#8936=CARTESIAN_POINT('',(-2.75,-150.,3.));
#8937=CARTESIAN_POINT('Origin',(0.,-150.,3.));
#8938=CARTESIAN_POINT('',(-2.75,-150.,0.));
#8939=CARTESIAN_POINT('',(-2.75,-150.,1.35));
#8940=CARTESIAN_POINT('Origin',(0.,-150.,0.));
#8941=CARTESIAN_POINT('Origin',(0.,-175.,1.35));
#8942=CARTESIAN_POINT('',(-2.75,-175.,3.));
#8943=CARTESIAN_POINT('Origin',(0.,-175.,3.));
#8944=CARTESIAN_POINT('',(-2.75,-175.,0.));
#8945=CARTESIAN_POINT('',(-2.75,-175.,1.35));
#8946=CARTESIAN_POINT('Origin',(0.,-175.,0.));
#8947=CARTESIAN_POINT('Origin',(0.,-200.,1.35));
#8948=CARTESIAN_POINT('',(-2.75,-200.,3.));
#8949=CARTESIAN_POINT('Origin',(0.,-200.,3.));
#8950=CARTESIAN_POINT('',(-2.75,-200.,0.));
#8951=CARTESIAN_POINT('',(-2.75,-200.,1.35));
#8952=CARTESIAN_POINT('Origin',(0.,-200.,0.));
#8953=CARTESIAN_POINT('Origin',(0.,-225.,1.35));
#8954=CARTESIAN_POINT('',(-2.75,-225.,3.));
#8955=CARTESIAN_POINT('Origin',(0.,-225.,3.));
#8956=CARTESIAN_POINT('',(-2.75,-225.,0.));
#8957=CARTESIAN_POINT('',(-2.75,-225.,1.35));
#8958=CARTESIAN_POINT('Origin',(0.,-225.,0.));
#8959=CARTESIAN_POINT('Origin',(0.,-250.,1.35));
#8960=CARTESIAN_POINT('',(-2.75,-250.,3.));
#8961=CARTESIAN_POINT('Origin',(0.,-250.,3.));
#8962=CARTESIAN_POINT('',(-2.75,-250.,0.));
#8963=CARTESIAN_POINT('',(-2.75,-250.,1.35));
#8964=CARTESIAN_POINT('Origin',(0.,-250.,0.));
#8965=CARTESIAN_POINT('Origin',(0.,-275.,1.35));
#8966=CARTESIAN_POINT('',(-2.75,-275.,3.));
#8967=CARTESIAN_POINT('Origin',(0.,-275.,3.));
#8968=CARTESIAN_POINT('',(-2.75,-275.,0.));
#8969=CARTESIAN_POINT('',(-2.75,-275.,1.35));
#8970=CARTESIAN_POINT('Origin',(0.,-275.,0.));
#8971=CARTESIAN_POINT('Origin',(0.,-300.,1.35));
#8972=CARTESIAN_POINT('',(-2.75,-300.,3.));
#8973=CARTESIAN_POINT('Origin',(0.,-300.,3.));
#8974=CARTESIAN_POINT('',(-2.75,-300.,0.));
#8975=CARTESIAN_POINT('',(-2.75,-300.,1.35));
#8976=CARTESIAN_POINT('Origin',(0.,-300.,0.));
#8977=CARTESIAN_POINT('Origin',(-25.,300.,1.35));
#8978=CARTESIAN_POINT('',(-27.75,300.,3.));
#8979=CARTESIAN_POINT('Origin',(-25.,300.,3.));
#8980=CARTESIAN_POINT('',(-27.75,300.,0.));
#8981=CARTESIAN_POINT('',(-27.75,300.,1.35));
#8982=CARTESIAN_POINT('Origin',(-25.,300.,0.));
#8983=CARTESIAN_POINT('Origin',(-25.,275.,1.35));
#8984=CARTESIAN_POINT('',(-27.75,275.,3.));
#8985=CARTESIAN_POINT('Origin',(-25.,275.,3.));
#8986=CARTESIAN_POINT('',(-27.75,275.,0.));
#8987=CARTESIAN_POINT('',(-27.75,275.,1.35));
#8988=CARTESIAN_POINT('Origin',(-25.,275.,0.));
#8989=CARTESIAN_POINT('Origin',(-25.,250.,1.35));
#8990=CARTESIAN_POINT('',(-27.75,250.,3.));
#8991=CARTESIAN_POINT('Origin',(-25.,250.,3.));
#8992=CARTESIAN_POINT('',(-27.75,250.,0.));
#8993=CARTESIAN_POINT('',(-27.75,250.,1.35));
#8994=CARTESIAN_POINT('Origin',(-25.,250.,0.));
#8995=CARTESIAN_POINT('Origin',(-25.,225.,1.35));
#8996=CARTESIAN_POINT('',(-27.75,225.,3.));
#8997=CARTESIAN_POINT('Origin',(-25.,225.,3.));
#8998=CARTESIAN_POINT('',(-27.75,225.,0.));
#8999=CARTESIAN_POINT('',(-27.75,225.,1.35));
#9000=CARTESIAN_POINT('Origin',(-25.,225.,0.));
#9001=CARTESIAN_POINT('Origin',(-25.,200.,1.35));
#9002=CARTESIAN_POINT('',(-27.75,200.,3.));
#9003=CARTESIAN_POINT('Origin',(-25.,200.,3.));
#9004=CARTESIAN_POINT('',(-27.75,200.,0.));
#9005=CARTESIAN_POINT('',(-27.75,200.,1.35));
#9006=CARTESIAN_POINT('Origin',(-25.,200.,0.));
#9007=CARTESIAN_POINT('Origin',(-25.,175.,1.35));
#9008=CARTESIAN_POINT('',(-27.75,175.,3.));
#9009=CARTESIAN_POINT('Origin',(-25.,175.,3.));
#9010=CARTESIAN_POINT('',(-27.75,175.,0.));
#9011=CARTESIAN_POINT('',(-27.75,175.,1.35));
#9012=CARTESIAN_POINT('Origin',(-25.,175.,0.));
#9013=CARTESIAN_POINT('Origin',(-25.,150.,1.35));
#9014=CARTESIAN_POINT('',(-27.75,150.,3.));
#9015=CARTESIAN_POINT('Origin',(-25.,150.,3.));
#9016=CARTESIAN_POINT('',(-27.75,150.,0.));
#9017=CARTESIAN_POINT('',(-27.75,150.,1.35));
#9018=CARTESIAN_POINT('Origin',(-25.,150.,0.));
#9019=CARTESIAN_POINT('Origin',(-25.,125.,1.35));
#9020=CARTESIAN_POINT('',(-27.75,125.,3.));
#9021=CARTESIAN_POINT('Origin',(-25.,125.,3.));
#9022=CARTESIAN_POINT('',(-27.75,125.,0.));
#9023=CARTESIAN_POINT('',(-27.75,125.,1.35));
#9024=CARTESIAN_POINT('Origin',(-25.,125.,0.));
#9025=CARTESIAN_POINT('Origin',(-25.,100.,1.35));
#9026=CARTESIAN_POINT('',(-27.75,100.,3.));
#9027=CARTESIAN_POINT('Origin',(-25.,100.,3.));
#9028=CARTESIAN_POINT('',(-27.75,100.,0.));
#9029=CARTESIAN_POINT('',(-27.75,100.,1.35));
#9030=CARTESIAN_POINT('Origin',(-25.,100.,0.));
#9031=CARTESIAN_POINT('Origin',(-25.,75.,1.35));
#9032=CARTESIAN_POINT('',(-27.75,75.,3.));
#9033=CARTESIAN_POINT('Origin',(-25.,75.,3.));
#9034=CARTESIAN_POINT('',(-27.75,75.,0.));
#9035=CARTESIAN_POINT('',(-27.75,75.,1.35));
#9036=CARTESIAN_POINT('Origin',(-25.,75.,0.));
#9037=CARTESIAN_POINT('Origin',(-25.,50.,1.35));
#9038=CARTESIAN_POINT('',(-27.75,50.,3.));
#9039=CARTESIAN_POINT('Origin',(-25.,50.,3.));
#9040=CARTESIAN_POINT('',(-27.75,50.,0.));
#9041=CARTESIAN_POINT('',(-27.75,50.,1.35));
#9042=CARTESIAN_POINT('Origin',(-25.,50.,0.));
#9043=CARTESIAN_POINT('Origin',(-25.,25.,1.35));
#9044=CARTESIAN_POINT('',(-27.75,25.,3.));
#9045=CARTESIAN_POINT('Origin',(-25.,25.,3.));
#9046=CARTESIAN_POINT('',(-27.75,25.,0.));
#9047=CARTESIAN_POINT('',(-27.75,25.,1.35));
#9048=CARTESIAN_POINT('Origin',(-25.,25.,0.));
#9049=CARTESIAN_POINT('Origin',(-25.,0.,1.35));
#9050=CARTESIAN_POINT('',(-27.75,3.36777869765522E-16,3.));
#9051=CARTESIAN_POINT('Origin',(-25.,0.,3.));
#9052=CARTESIAN_POINT('',(-27.75,0.,0.));
#9053=CARTESIAN_POINT('',(-27.75,3.36777869765522E-16,1.35));
#9054=CARTESIAN_POINT('Origin',(-25.,0.,0.));
#9055=CARTESIAN_POINT('Origin',(-25.,-25.,1.35));
#9056=CARTESIAN_POINT('',(-27.75,-25.,3.));
#9057=CARTESIAN_POINT('Origin',(-25.,-25.,3.));
#9058=CARTESIAN_POINT('',(-27.75,-25.,0.));
#9059=CARTESIAN_POINT('',(-27.75,-25.,1.35));
#9060=CARTESIAN_POINT('Origin',(-25.,-25.,0.));
#9061=CARTESIAN_POINT('Origin',(-25.,-50.,1.35));
#9062=CARTESIAN_POINT('',(-27.75,-50.,3.));
#9063=CARTESIAN_POINT('Origin',(-25.,-50.,3.));
#9064=CARTESIAN_POINT('',(-27.75,-50.,0.));
#9065=CARTESIAN_POINT('',(-27.75,-50.,1.35));
#9066=CARTESIAN_POINT('Origin',(-25.,-50.,0.));
#9067=CARTESIAN_POINT('Origin',(-25.,-75.,1.35));
#9068=CARTESIAN_POINT('',(-27.75,-75.,3.));
#9069=CARTESIAN_POINT('Origin',(-25.,-75.,3.));
#9070=CARTESIAN_POINT('',(-27.75,-75.,0.));
#9071=CARTESIAN_POINT('',(-27.75,-75.,1.35));
#9072=CARTESIAN_POINT('Origin',(-25.,-75.,0.));
#9073=CARTESIAN_POINT('Origin',(-25.,-100.,1.35));
#9074=CARTESIAN_POINT('',(-27.75,-100.,3.));
#9075=CARTESIAN_POINT('Origin',(-25.,-100.,3.));
#9076=CARTESIAN_POINT('',(-27.75,-100.,0.));
#9077=CARTESIAN_POINT('',(-27.75,-100.,1.35));
#9078=CARTESIAN_POINT('Origin',(-25.,-100.,0.));
#9079=CARTESIAN_POINT('Origin',(-25.,-125.,1.35));
#9080=CARTESIAN_POINT('',(-27.75,-125.,3.));
#9081=CARTESIAN_POINT('Origin',(-25.,-125.,3.));
#9082=CARTESIAN_POINT('',(-27.75,-125.,0.));
#9083=CARTESIAN_POINT('',(-27.75,-125.,1.35));
#9084=CARTESIAN_POINT('Origin',(-25.,-125.,0.));
#9085=CARTESIAN_POINT('Origin',(-25.,-150.,1.35));
#9086=CARTESIAN_POINT('',(-27.75,-150.,3.));
#9087=CARTESIAN_POINT('Origin',(-25.,-150.,3.));
#9088=CARTESIAN_POINT('',(-27.75,-150.,0.));
#9089=CARTESIAN_POINT('',(-27.75,-150.,1.35));
#9090=CARTESIAN_POINT('Origin',(-25.,-150.,0.));
#9091=CARTESIAN_POINT('Origin',(-25.,-175.,1.35));
#9092=CARTESIAN_POINT('',(-27.75,-175.,3.));
#9093=CARTESIAN_POINT('Origin',(-25.,-175.,3.));
#9094=CARTESIAN_POINT('',(-27.75,-175.,0.));
#9095=CARTESIAN_POINT('',(-27.75,-175.,1.35));
#9096=CARTESIAN_POINT('Origin',(-25.,-175.,0.));
#9097=CARTESIAN_POINT('Origin',(-25.,-200.,1.35));
#9098=CARTESIAN_POINT('',(-27.75,-200.,3.));
#9099=CARTESIAN_POINT('Origin',(-25.,-200.,3.));
#9100=CARTESIAN_POINT('',(-27.75,-200.,0.));
#9101=CARTESIAN_POINT('',(-27.75,-200.,1.35));
#9102=CARTESIAN_POINT('Origin',(-25.,-200.,0.));
#9103=CARTESIAN_POINT('Origin',(-25.,-225.,1.35));
#9104=CARTESIAN_POINT('',(-27.75,-225.,3.));
#9105=CARTESIAN_POINT('Origin',(-25.,-225.,3.));
#9106=CARTESIAN_POINT('',(-27.75,-225.,0.));
#9107=CARTESIAN_POINT('',(-27.75,-225.,1.35));
#9108=CARTESIAN_POINT('Origin',(-25.,-225.,0.));
#9109=CARTESIAN_POINT('Origin',(-25.,-250.,1.35));
#9110=CARTESIAN_POINT('',(-27.75,-250.,3.));
#9111=CARTESIAN_POINT('Origin',(-25.,-250.,3.));
#9112=CARTESIAN_POINT('',(-27.75,-250.,0.));
#9113=CARTESIAN_POINT('',(-27.75,-250.,1.35));
#9114=CARTESIAN_POINT('Origin',(-25.,-250.,0.));
#9115=CARTESIAN_POINT('Origin',(-25.,-275.,1.35));
#9116=CARTESIAN_POINT('',(-27.75,-275.,3.));
#9117=CARTESIAN_POINT('Origin',(-25.,-275.,3.));
#9118=CARTESIAN_POINT('',(-27.75,-275.,0.));
#9119=CARTESIAN_POINT('',(-27.75,-275.,1.35));
#9120=CARTESIAN_POINT('Origin',(-25.,-275.,0.));
#9121=CARTESIAN_POINT('Origin',(-25.,-300.,1.35));
#9122=CARTESIAN_POINT('',(-27.75,-300.,3.));
#9123=CARTESIAN_POINT('Origin',(-25.,-300.,3.));
#9124=CARTESIAN_POINT('',(-27.75,-300.,0.));
#9125=CARTESIAN_POINT('',(-27.75,-300.,1.35));
#9126=CARTESIAN_POINT('Origin',(-25.,-300.,0.));
#9127=CARTESIAN_POINT('Origin',(-50.,300.,1.35));
#9128=CARTESIAN_POINT('',(-52.75,300.,3.));
#9129=CARTESIAN_POINT('Origin',(-50.,300.,3.));
#9130=CARTESIAN_POINT('',(-52.75,300.,0.));
#9131=CARTESIAN_POINT('',(-52.75,300.,1.35));
#9132=CARTESIAN_POINT('Origin',(-50.,300.,0.));
#9133=CARTESIAN_POINT('Origin',(-50.,275.,1.35));
#9134=CARTESIAN_POINT('',(-52.75,275.,3.));
#9135=CARTESIAN_POINT('Origin',(-50.,275.,3.));
#9136=CARTESIAN_POINT('',(-52.75,275.,0.));
#9137=CARTESIAN_POINT('',(-52.75,275.,1.35));
#9138=CARTESIAN_POINT('Origin',(-50.,275.,0.));
#9139=CARTESIAN_POINT('Origin',(-50.,250.,1.35));
#9140=CARTESIAN_POINT('',(-52.75,250.,3.));
#9141=CARTESIAN_POINT('Origin',(-50.,250.,3.));
#9142=CARTESIAN_POINT('',(-52.75,250.,0.));
#9143=CARTESIAN_POINT('',(-52.75,250.,1.35));
#9144=CARTESIAN_POINT('Origin',(-50.,250.,0.));
#9145=CARTESIAN_POINT('Origin',(-50.,225.,1.35));
#9146=CARTESIAN_POINT('',(-52.75,225.,3.));
#9147=CARTESIAN_POINT('Origin',(-50.,225.,3.));
#9148=CARTESIAN_POINT('',(-52.75,225.,0.));
#9149=CARTESIAN_POINT('',(-52.75,225.,1.35));
#9150=CARTESIAN_POINT('Origin',(-50.,225.,0.));
#9151=CARTESIAN_POINT('Origin',(-50.,200.,1.35));
#9152=CARTESIAN_POINT('',(-52.75,200.,3.));
#9153=CARTESIAN_POINT('Origin',(-50.,200.,3.));
#9154=CARTESIAN_POINT('',(-52.75,200.,0.));
#9155=CARTESIAN_POINT('',(-52.75,200.,1.35));
#9156=CARTESIAN_POINT('Origin',(-50.,200.,0.));
#9157=CARTESIAN_POINT('Origin',(-50.,175.,1.35));
#9158=CARTESIAN_POINT('',(-52.75,175.,3.));
#9159=CARTESIAN_POINT('Origin',(-50.,175.,3.));
#9160=CARTESIAN_POINT('',(-52.75,175.,0.));
#9161=CARTESIAN_POINT('',(-52.75,175.,1.35));
#9162=CARTESIAN_POINT('Origin',(-50.,175.,0.));
#9163=CARTESIAN_POINT('Origin',(-50.,150.,1.35));
#9164=CARTESIAN_POINT('',(-52.75,150.,3.));
#9165=CARTESIAN_POINT('Origin',(-50.,150.,3.));
#9166=CARTESIAN_POINT('',(-52.75,150.,0.));
#9167=CARTESIAN_POINT('',(-52.75,150.,1.35));
#9168=CARTESIAN_POINT('Origin',(-50.,150.,0.));
#9169=CARTESIAN_POINT('Origin',(-50.,125.,1.35));
#9170=CARTESIAN_POINT('',(-52.75,125.,3.));
#9171=CARTESIAN_POINT('Origin',(-50.,125.,3.));
#9172=CARTESIAN_POINT('',(-52.75,125.,0.));
#9173=CARTESIAN_POINT('',(-52.75,125.,1.35));
#9174=CARTESIAN_POINT('Origin',(-50.,125.,0.));
#9175=CARTESIAN_POINT('Origin',(-50.,100.,1.35));
#9176=CARTESIAN_POINT('',(-52.75,100.,3.));
#9177=CARTESIAN_POINT('Origin',(-50.,100.,3.));
#9178=CARTESIAN_POINT('',(-52.75,100.,0.));
#9179=CARTESIAN_POINT('',(-52.75,100.,1.35));
#9180=CARTESIAN_POINT('Origin',(-50.,100.,0.));
#9181=CARTESIAN_POINT('Origin',(-50.,75.,1.35));
#9182=CARTESIAN_POINT('',(-52.75,75.,3.));
#9183=CARTESIAN_POINT('Origin',(-50.,75.,3.));
#9184=CARTESIAN_POINT('',(-52.75,75.,0.));
#9185=CARTESIAN_POINT('',(-52.75,75.,1.35));
#9186=CARTESIAN_POINT('Origin',(-50.,75.,0.));
#9187=CARTESIAN_POINT('Origin',(-50.,50.,1.35));
#9188=CARTESIAN_POINT('',(-52.75,50.,3.));
#9189=CARTESIAN_POINT('Origin',(-50.,50.,3.));
#9190=CARTESIAN_POINT('',(-52.75,50.,0.));
#9191=CARTESIAN_POINT('',(-52.75,50.,1.35));
#9192=CARTESIAN_POINT('Origin',(-50.,50.,0.));
#9193=CARTESIAN_POINT('Origin',(-50.,25.,1.35));
#9194=CARTESIAN_POINT('',(-52.75,25.,3.));
#9195=CARTESIAN_POINT('Origin',(-50.,25.,3.));
#9196=CARTESIAN_POINT('',(-52.75,25.,0.));
#9197=CARTESIAN_POINT('',(-52.75,25.,1.35));
#9198=CARTESIAN_POINT('Origin',(-50.,25.,0.));
#9199=CARTESIAN_POINT('Origin',(-50.,0.,1.35));
#9200=CARTESIAN_POINT('',(-52.75,3.36777869765522E-16,3.));
#9201=CARTESIAN_POINT('Origin',(-50.,0.,3.));
#9202=CARTESIAN_POINT('',(-52.75,0.,0.));
#9203=CARTESIAN_POINT('',(-52.75,3.36777869765522E-16,1.35));
#9204=CARTESIAN_POINT('Origin',(-50.,0.,0.));
#9205=CARTESIAN_POINT('Origin',(-50.,-25.,1.35));
#9206=CARTESIAN_POINT('',(-52.75,-25.,3.));
#9207=CARTESIAN_POINT('Origin',(-50.,-25.,3.));
#9208=CARTESIAN_POINT('',(-52.75,-25.,0.));
#9209=CARTESIAN_POINT('',(-52.75,-25.,1.35));
#9210=CARTESIAN_POINT('Origin',(-50.,-25.,0.));
#9211=CARTESIAN_POINT('Origin',(-50.,-50.,1.35));
#9212=CARTESIAN_POINT('',(-52.75,-50.,3.));
#9213=CARTESIAN_POINT('Origin',(-50.,-50.,3.));
#9214=CARTESIAN_POINT('',(-52.75,-50.,0.));
#9215=CARTESIAN_POINT('',(-52.75,-50.,1.35));
#9216=CARTESIAN_POINT('Origin',(-50.,-50.,0.));
#9217=CARTESIAN_POINT('Origin',(-50.,-75.,1.35));
#9218=CARTESIAN_POINT('',(-52.75,-75.,3.));
#9219=CARTESIAN_POINT('Origin',(-50.,-75.,3.));
#9220=CARTESIAN_POINT('',(-52.75,-75.,0.));
#9221=CARTESIAN_POINT('',(-52.75,-75.,1.35));
#9222=CARTESIAN_POINT('Origin',(-50.,-75.,0.));
#9223=CARTESIAN_POINT('Origin',(-50.,-100.,1.35));
#9224=CARTESIAN_POINT('',(-52.75,-100.,3.));
#9225=CARTESIAN_POINT('Origin',(-50.,-100.,3.));
#9226=CARTESIAN_POINT('',(-52.75,-100.,0.));
#9227=CARTESIAN_POINT('',(-52.75,-100.,1.35));
#9228=CARTESIAN_POINT('Origin',(-50.,-100.,0.));
#9229=CARTESIAN_POINT('Origin',(-50.,-125.,1.35));
#9230=CARTESIAN_POINT('',(-52.75,-125.,3.));
#9231=CARTESIAN_POINT('Origin',(-50.,-125.,3.));
#9232=CARTESIAN_POINT('',(-52.75,-125.,0.));
#9233=CARTESIAN_POINT('',(-52.75,-125.,1.35));
#9234=CARTESIAN_POINT('Origin',(-50.,-125.,0.));
#9235=CARTESIAN_POINT('Origin',(-50.,-150.,1.35));
#9236=CARTESIAN_POINT('',(-52.75,-150.,3.));
#9237=CARTESIAN_POINT('Origin',(-50.,-150.,3.));
#9238=CARTESIAN_POINT('',(-52.75,-150.,0.));
#9239=CARTESIAN_POINT('',(-52.75,-150.,1.35));
#9240=CARTESIAN_POINT('Origin',(-50.,-150.,0.));
#9241=CARTESIAN_POINT('Origin',(-50.,-175.,1.35));
#9242=CARTESIAN_POINT('',(-52.75,-175.,3.));
#9243=CARTESIAN_POINT('Origin',(-50.,-175.,3.));
#9244=CARTESIAN_POINT('',(-52.75,-175.,0.));
#9245=CARTESIAN_POINT('',(-52.75,-175.,1.35));
#9246=CARTESIAN_POINT('Origin',(-50.,-175.,0.));
#9247=CARTESIAN_POINT('Origin',(-50.,-200.,1.35));
#9248=CARTESIAN_POINT('',(-52.75,-200.,3.));
#9249=CARTESIAN_POINT('Origin',(-50.,-200.,3.));
#9250=CARTESIAN_POINT('',(-52.75,-200.,0.));
#9251=CARTESIAN_POINT('',(-52.75,-200.,1.35));
#9252=CARTESIAN_POINT('Origin',(-50.,-200.,0.));
#9253=CARTESIAN_POINT('Origin',(-50.,-225.,1.35));
#9254=CARTESIAN_POINT('',(-52.75,-225.,3.));
#9255=CARTESIAN_POINT('Origin',(-50.,-225.,3.));
#9256=CARTESIAN_POINT('',(-52.75,-225.,0.));
#9257=CARTESIAN_POINT('',(-52.75,-225.,1.35));
#9258=CARTESIAN_POINT('Origin',(-50.,-225.,0.));
#9259=CARTESIAN_POINT('Origin',(-50.,-250.,1.35));
#9260=CARTESIAN_POINT('',(-52.75,-250.,3.));
#9261=CARTESIAN_POINT('Origin',(-50.,-250.,3.));
#9262=CARTESIAN_POINT('',(-52.75,-250.,0.));
#9263=CARTESIAN_POINT('',(-52.75,-250.,1.35));
#9264=CARTESIAN_POINT('Origin',(-50.,-250.,0.));
#9265=CARTESIAN_POINT('Origin',(-50.,-275.,1.35));
#9266=CARTESIAN_POINT('',(-52.75,-275.,3.));
#9267=CARTESIAN_POINT('Origin',(-50.,-275.,3.));
#9268=CARTESIAN_POINT('',(-52.75,-275.,0.));
#9269=CARTESIAN_POINT('',(-52.75,-275.,1.35));
#9270=CARTESIAN_POINT('Origin',(-50.,-275.,0.));
#9271=CARTESIAN_POINT('Origin',(-50.,-300.,1.35));
#9272=CARTESIAN_POINT('',(-52.75,-300.,3.));
#9273=CARTESIAN_POINT('Origin',(-50.,-300.,3.));
#9274=CARTESIAN_POINT('',(-52.75,-300.,0.));
#9275=CARTESIAN_POINT('',(-52.75,-300.,1.35));
#9276=CARTESIAN_POINT('Origin',(-50.,-300.,0.));
#9277=CARTESIAN_POINT('Origin',(-75.,300.,1.35));
#9278=CARTESIAN_POINT('',(-77.75,300.,3.));
#9279=CARTESIAN_POINT('Origin',(-75.,300.,3.));
#9280=CARTESIAN_POINT('',(-77.75,300.,0.));
#9281=CARTESIAN_POINT('',(-77.75,300.,1.35));
#9282=CARTESIAN_POINT('Origin',(-75.,300.,0.));
#9283=CARTESIAN_POINT('Origin',(-75.,275.,1.35));
#9284=CARTESIAN_POINT('',(-77.75,275.,3.));
#9285=CARTESIAN_POINT('Origin',(-75.,275.,3.));
#9286=CARTESIAN_POINT('',(-77.75,275.,0.));
#9287=CARTESIAN_POINT('',(-77.75,275.,1.35));
#9288=CARTESIAN_POINT('Origin',(-75.,275.,0.));
#9289=CARTESIAN_POINT('Origin',(-75.,250.,1.35));
#9290=CARTESIAN_POINT('',(-77.75,250.,3.));
#9291=CARTESIAN_POINT('Origin',(-75.,250.,3.));
#9292=CARTESIAN_POINT('',(-77.75,250.,0.));
#9293=CARTESIAN_POINT('',(-77.75,250.,1.35));
#9294=CARTESIAN_POINT('Origin',(-75.,250.,0.));
#9295=CARTESIAN_POINT('Origin',(-75.,225.,1.35));
#9296=CARTESIAN_POINT('',(-77.75,225.,3.));
#9297=CARTESIAN_POINT('Origin',(-75.,225.,3.));
#9298=CARTESIAN_POINT('',(-77.75,225.,0.));
#9299=CARTESIAN_POINT('',(-77.75,225.,1.35));
#9300=CARTESIAN_POINT('Origin',(-75.,225.,0.));
#9301=CARTESIAN_POINT('Origin',(-75.,200.,1.35));
#9302=CARTESIAN_POINT('',(-77.75,200.,3.));
#9303=CARTESIAN_POINT('Origin',(-75.,200.,3.));
#9304=CARTESIAN_POINT('',(-77.75,200.,0.));
#9305=CARTESIAN_POINT('',(-77.75,200.,1.35));
#9306=CARTESIAN_POINT('Origin',(-75.,200.,0.));
#9307=CARTESIAN_POINT('Origin',(-75.,175.,1.35));
#9308=CARTESIAN_POINT('',(-77.75,175.,3.));
#9309=CARTESIAN_POINT('Origin',(-75.,175.,3.));
#9310=CARTESIAN_POINT('',(-77.75,175.,0.));
#9311=CARTESIAN_POINT('',(-77.75,175.,1.35));
#9312=CARTESIAN_POINT('Origin',(-75.,175.,0.));
#9313=CARTESIAN_POINT('Origin',(-75.,150.,1.35));
#9314=CARTESIAN_POINT('',(-77.75,150.,3.));
#9315=CARTESIAN_POINT('Origin',(-75.,150.,3.));
#9316=CARTESIAN_POINT('',(-77.75,150.,0.));
#9317=CARTESIAN_POINT('',(-77.75,150.,1.35));
#9318=CARTESIAN_POINT('Origin',(-75.,150.,0.));
#9319=CARTESIAN_POINT('Origin',(-75.,125.,1.35));
#9320=CARTESIAN_POINT('',(-77.75,125.,3.));
#9321=CARTESIAN_POINT('Origin',(-75.,125.,3.));
#9322=CARTESIAN_POINT('',(-77.75,125.,0.));
#9323=CARTESIAN_POINT('',(-77.75,125.,1.35));
#9324=CARTESIAN_POINT('Origin',(-75.,125.,0.));
#9325=CARTESIAN_POINT('Origin',(-75.,100.,1.35));
#9326=CARTESIAN_POINT('',(-77.75,100.,3.));
#9327=CARTESIAN_POINT('Origin',(-75.,100.,3.));
#9328=CARTESIAN_POINT('',(-77.75,100.,0.));
#9329=CARTESIAN_POINT('',(-77.75,100.,1.35));
#9330=CARTESIAN_POINT('Origin',(-75.,100.,0.));
#9331=CARTESIAN_POINT('Origin',(-75.,75.,1.35));
#9332=CARTESIAN_POINT('',(-77.75,75.,3.));
#9333=CARTESIAN_POINT('Origin',(-75.,75.,3.));
#9334=CARTESIAN_POINT('',(-77.75,75.,0.));
#9335=CARTESIAN_POINT('',(-77.75,75.,1.35));
#9336=CARTESIAN_POINT('Origin',(-75.,75.,0.));
#9337=CARTESIAN_POINT('Origin',(-75.,50.,1.35));
#9338=CARTESIAN_POINT('',(-77.75,50.,3.));
#9339=CARTESIAN_POINT('Origin',(-75.,50.,3.));
#9340=CARTESIAN_POINT('',(-77.75,50.,0.));
#9341=CARTESIAN_POINT('',(-77.75,50.,1.35));
#9342=CARTESIAN_POINT('Origin',(-75.,50.,0.));
#9343=CARTESIAN_POINT('Origin',(-75.,25.,1.35));
#9344=CARTESIAN_POINT('',(-77.75,25.,3.));
#9345=CARTESIAN_POINT('Origin',(-75.,25.,3.));
#9346=CARTESIAN_POINT('',(-77.75,25.,0.));
#9347=CARTESIAN_POINT('',(-77.75,25.,1.35));
#9348=CARTESIAN_POINT('Origin',(-75.,25.,0.));
#9349=CARTESIAN_POINT('Origin',(-75.,0.,1.35));
#9350=CARTESIAN_POINT('',(-77.75,3.36777869765522E-16,3.));
#9351=CARTESIAN_POINT('Origin',(-75.,0.,3.));
#9352=CARTESIAN_POINT('',(-77.75,0.,0.));
#9353=CARTESIAN_POINT('',(-77.75,3.36777869765522E-16,1.35));
#9354=CARTESIAN_POINT('Origin',(-75.,0.,0.));
#9355=CARTESIAN_POINT('Origin',(-75.,-25.,1.35));
#9356=CARTESIAN_POINT('',(-77.75,-25.,3.));
#9357=CARTESIAN_POINT('Origin',(-75.,-25.,3.));
#9358=CARTESIAN_POINT('',(-77.75,-25.,0.));
#9359=CARTESIAN_POINT('',(-77.75,-25.,1.35));
#9360=CARTESIAN_POINT('Origin',(-75.,-25.,0.));
#9361=CARTESIAN_POINT('Origin',(-75.,-50.,1.35));
#9362=CARTESIAN_POINT('',(-77.75,-50.,3.));
#9363=CARTESIAN_POINT('Origin',(-75.,-50.,3.));
#9364=CARTESIAN_POINT('',(-77.75,-50.,0.));
#9365=CARTESIAN_POINT('',(-77.75,-50.,1.35));
#9366=CARTESIAN_POINT('Origin',(-75.,-50.,0.));
#9367=CARTESIAN_POINT('Origin',(-75.,-75.,1.35));
#9368=CARTESIAN_POINT('',(-77.75,-75.,3.));
#9369=CARTESIAN_POINT('Origin',(-75.,-75.,3.));
#9370=CARTESIAN_POINT('',(-77.75,-75.,0.));
#9371=CARTESIAN_POINT('',(-77.75,-75.,1.35));
#9372=CARTESIAN_POINT('Origin',(-75.,-75.,0.));
#9373=CARTESIAN_POINT('Origin',(-75.,-100.,1.35));
#9374=CARTESIAN_POINT('',(-77.75,-100.,3.));
#9375=CARTESIAN_POINT('Origin',(-75.,-100.,3.));
#9376=CARTESIAN_POINT('',(-77.75,-100.,0.));
#9377=CARTESIAN_POINT('',(-77.75,-100.,1.35));
#9378=CARTESIAN_POINT('Origin',(-75.,-100.,0.));
#9379=CARTESIAN_POINT('Origin',(-75.,-125.,1.35));
#9380=CARTESIAN_POINT('',(-77.75,-125.,3.));
#9381=CARTESIAN_POINT('Origin',(-75.,-125.,3.));
#9382=CARTESIAN_POINT('',(-77.75,-125.,0.));
#9383=CARTESIAN_POINT('',(-77.75,-125.,1.35));
#9384=CARTESIAN_POINT('Origin',(-75.,-125.,0.));
#9385=CARTESIAN_POINT('Origin',(-75.,-150.,1.35));
#9386=CARTESIAN_POINT('',(-77.75,-150.,3.));
#9387=CARTESIAN_POINT('Origin',(-75.,-150.,3.));
#9388=CARTESIAN_POINT('',(-77.75,-150.,0.));
#9389=CARTESIAN_POINT('',(-77.75,-150.,1.35));
#9390=CARTESIAN_POINT('Origin',(-75.,-150.,0.));
#9391=CARTESIAN_POINT('Origin',(-75.,-175.,1.35));
#9392=CARTESIAN_POINT('',(-77.75,-175.,3.));
#9393=CARTESIAN_POINT('Origin',(-75.,-175.,3.));
#9394=CARTESIAN_POINT('',(-77.75,-175.,0.));
#9395=CARTESIAN_POINT('',(-77.75,-175.,1.35));
#9396=CARTESIAN_POINT('Origin',(-75.,-175.,0.));
#9397=CARTESIAN_POINT('Origin',(-75.,-200.,1.35));
#9398=CARTESIAN_POINT('',(-77.75,-200.,3.));
#9399=CARTESIAN_POINT('Origin',(-75.,-200.,3.));
#9400=CARTESIAN_POINT('',(-77.75,-200.,0.));
#9401=CARTESIAN_POINT('',(-77.75,-200.,1.35));
#9402=CARTESIAN_POINT('Origin',(-75.,-200.,0.));
#9403=CARTESIAN_POINT('Origin',(-75.,-225.,1.35));
#9404=CARTESIAN_POINT('',(-77.75,-225.,3.));
#9405=CARTESIAN_POINT('Origin',(-75.,-225.,3.));
#9406=CARTESIAN_POINT('',(-77.75,-225.,0.));
#9407=CARTESIAN_POINT('',(-77.75,-225.,1.35));
#9408=CARTESIAN_POINT('Origin',(-75.,-225.,0.));
#9409=CARTESIAN_POINT('Origin',(-75.,-250.,1.35));
#9410=CARTESIAN_POINT('',(-77.75,-250.,3.));
#9411=CARTESIAN_POINT('Origin',(-75.,-250.,3.));
#9412=CARTESIAN_POINT('',(-77.75,-250.,0.));
#9413=CARTESIAN_POINT('',(-77.75,-250.,1.35));
#9414=CARTESIAN_POINT('Origin',(-75.,-250.,0.));
#9415=CARTESIAN_POINT('Origin',(-75.,-275.,1.35));
#9416=CARTESIAN_POINT('',(-77.75,-275.,3.));
#9417=CARTESIAN_POINT('Origin',(-75.,-275.,3.));
#9418=CARTESIAN_POINT('',(-77.75,-275.,0.));
#9419=CARTESIAN_POINT('',(-77.75,-275.,1.35));
#9420=CARTESIAN_POINT('Origin',(-75.,-275.,0.));
#9421=CARTESIAN_POINT('Origin',(-75.,-300.,1.35));
#9422=CARTESIAN_POINT('',(-77.75,-300.,3.));
#9423=CARTESIAN_POINT('Origin',(-75.,-300.,3.));
#9424=CARTESIAN_POINT('',(-77.75,-300.,0.));
#9425=CARTESIAN_POINT('',(-77.75,-300.,1.35));
#9426=CARTESIAN_POINT('Origin',(-75.,-300.,0.));
#9427=CARTESIAN_POINT('Origin',(-100.,300.,1.35));
#9428=CARTESIAN_POINT('',(-102.75,300.,3.));
#9429=CARTESIAN_POINT('Origin',(-100.,300.,3.));
#9430=CARTESIAN_POINT('',(-102.75,300.,0.));
#9431=CARTESIAN_POINT('',(-102.75,300.,1.35));
#9432=CARTESIAN_POINT('Origin',(-100.,300.,0.));
#9433=CARTESIAN_POINT('Origin',(-100.,275.,1.35));
#9434=CARTESIAN_POINT('',(-102.75,275.,3.));
#9435=CARTESIAN_POINT('Origin',(-100.,275.,3.));
#9436=CARTESIAN_POINT('',(-102.75,275.,0.));
#9437=CARTESIAN_POINT('',(-102.75,275.,1.35));
#9438=CARTESIAN_POINT('Origin',(-100.,275.,0.));
#9439=CARTESIAN_POINT('Origin',(-100.,250.,1.35));
#9440=CARTESIAN_POINT('',(-102.75,250.,3.));
#9441=CARTESIAN_POINT('Origin',(-100.,250.,3.));
#9442=CARTESIAN_POINT('',(-102.75,250.,0.));
#9443=CARTESIAN_POINT('',(-102.75,250.,1.35));
#9444=CARTESIAN_POINT('Origin',(-100.,250.,0.));
#9445=CARTESIAN_POINT('Origin',(-100.,225.,1.35));
#9446=CARTESIAN_POINT('',(-102.75,225.,3.));
#9447=CARTESIAN_POINT('Origin',(-100.,225.,3.));
#9448=CARTESIAN_POINT('',(-102.75,225.,0.));
#9449=CARTESIAN_POINT('',(-102.75,225.,1.35));
#9450=CARTESIAN_POINT('Origin',(-100.,225.,0.));
#9451=CARTESIAN_POINT('Origin',(-100.,200.,1.35));
#9452=CARTESIAN_POINT('',(-102.75,200.,3.));
#9453=CARTESIAN_POINT('Origin',(-100.,200.,3.));
#9454=CARTESIAN_POINT('',(-102.75,200.,0.));
#9455=CARTESIAN_POINT('',(-102.75,200.,1.35));
#9456=CARTESIAN_POINT('Origin',(-100.,200.,0.));
#9457=CARTESIAN_POINT('Origin',(-100.,175.,1.35));
#9458=CARTESIAN_POINT('',(-102.75,175.,3.));
#9459=CARTESIAN_POINT('Origin',(-100.,175.,3.));
#9460=CARTESIAN_POINT('',(-102.75,175.,0.));
#9461=CARTESIAN_POINT('',(-102.75,175.,1.35));
#9462=CARTESIAN_POINT('Origin',(-100.,175.,0.));
#9463=CARTESIAN_POINT('Origin',(-100.,150.,1.35));
#9464=CARTESIAN_POINT('',(-102.75,150.,3.));
#9465=CARTESIAN_POINT('Origin',(-100.,150.,3.));
#9466=CARTESIAN_POINT('',(-102.75,150.,0.));
#9467=CARTESIAN_POINT('',(-102.75,150.,1.35));
#9468=CARTESIAN_POINT('Origin',(-100.,150.,0.));
#9469=CARTESIAN_POINT('Origin',(-100.,125.,1.35));
#9470=CARTESIAN_POINT('',(-102.75,125.,3.));
#9471=CARTESIAN_POINT('Origin',(-100.,125.,3.));
#9472=CARTESIAN_POINT('',(-102.75,125.,0.));
#9473=CARTESIAN_POINT('',(-102.75,125.,1.35));
#9474=CARTESIAN_POINT('Origin',(-100.,125.,0.));
#9475=CARTESIAN_POINT('Origin',(-100.,100.,1.35));
#9476=CARTESIAN_POINT('',(-102.75,100.,3.));
#9477=CARTESIAN_POINT('Origin',(-100.,100.,3.));
#9478=CARTESIAN_POINT('',(-102.75,100.,0.));
#9479=CARTESIAN_POINT('',(-102.75,100.,1.35));
#9480=CARTESIAN_POINT('Origin',(-100.,100.,0.));
#9481=CARTESIAN_POINT('Origin',(-100.,75.,1.35));
#9482=CARTESIAN_POINT('',(-102.75,75.,3.));
#9483=CARTESIAN_POINT('Origin',(-100.,75.,3.));
#9484=CARTESIAN_POINT('',(-102.75,75.,0.));
#9485=CARTESIAN_POINT('',(-102.75,75.,1.35));
#9486=CARTESIAN_POINT('Origin',(-100.,75.,0.));
#9487=CARTESIAN_POINT('Origin',(-100.,50.,1.35));
#9488=CARTESIAN_POINT('',(-102.75,50.,3.));
#9489=CARTESIAN_POINT('Origin',(-100.,50.,3.));
#9490=CARTESIAN_POINT('',(-102.75,50.,0.));
#9491=CARTESIAN_POINT('',(-102.75,50.,1.35));
#9492=CARTESIAN_POINT('Origin',(-100.,50.,0.));
#9493=CARTESIAN_POINT('Origin',(-100.,25.,1.35));
#9494=CARTESIAN_POINT('',(-102.75,25.,3.));
#9495=CARTESIAN_POINT('Origin',(-100.,25.,3.));
#9496=CARTESIAN_POINT('',(-102.75,25.,0.));
#9497=CARTESIAN_POINT('',(-102.75,25.,1.35));
#9498=CARTESIAN_POINT('Origin',(-100.,25.,0.));
#9499=CARTESIAN_POINT('Origin',(-100.,0.,1.35));
#9500=CARTESIAN_POINT('',(-102.75,3.36777869765522E-16,3.));
#9501=CARTESIAN_POINT('Origin',(-100.,0.,3.));
#9502=CARTESIAN_POINT('',(-102.75,0.,0.));
#9503=CARTESIAN_POINT('',(-102.75,3.36777869765522E-16,1.35));
#9504=CARTESIAN_POINT('Origin',(-100.,0.,0.));
#9505=CARTESIAN_POINT('Origin',(-100.,-25.,1.35));
#9506=CARTESIAN_POINT('',(-102.75,-25.,3.));
#9507=CARTESIAN_POINT('Origin',(-100.,-25.,3.));
#9508=CARTESIAN_POINT('',(-102.75,-25.,0.));
#9509=CARTESIAN_POINT('',(-102.75,-25.,1.35));
#9510=CARTESIAN_POINT('Origin',(-100.,-25.,0.));
#9511=CARTESIAN_POINT('Origin',(-100.,-50.,1.35));
#9512=CARTESIAN_POINT('',(-102.75,-50.,3.));
#9513=CARTESIAN_POINT('Origin',(-100.,-50.,3.));
#9514=CARTESIAN_POINT('',(-102.75,-50.,0.));
#9515=CARTESIAN_POINT('',(-102.75,-50.,1.35));
#9516=CARTESIAN_POINT('Origin',(-100.,-50.,0.));
#9517=CARTESIAN_POINT('Origin',(-100.,-75.,1.35));
#9518=CARTESIAN_POINT('',(-102.75,-75.,3.));
#9519=CARTESIAN_POINT('Origin',(-100.,-75.,3.));
#9520=CARTESIAN_POINT('',(-102.75,-75.,0.));
#9521=CARTESIAN_POINT('',(-102.75,-75.,1.35));
#9522=CARTESIAN_POINT('Origin',(-100.,-75.,0.));
#9523=CARTESIAN_POINT('Origin',(-100.,-100.,1.35));
#9524=CARTESIAN_POINT('',(-102.75,-100.,3.));
#9525=CARTESIAN_POINT('Origin',(-100.,-100.,3.));
#9526=CARTESIAN_POINT('',(-102.75,-100.,0.));
#9527=CARTESIAN_POINT('',(-102.75,-100.,1.35));
#9528=CARTESIAN_POINT('Origin',(-100.,-100.,0.));
#9529=CARTESIAN_POINT('Origin',(-100.,-125.,1.35));
#9530=CARTESIAN_POINT('',(-102.75,-125.,3.));
#9531=CARTESIAN_POINT('Origin',(-100.,-125.,3.));
#9532=CARTESIAN_POINT('',(-102.75,-125.,0.));
#9533=CARTESIAN_POINT('',(-102.75,-125.,1.35));
#9534=CARTESIAN_POINT('Origin',(-100.,-125.,0.));
#9535=CARTESIAN_POINT('Origin',(-100.,-150.,1.35));
#9536=CARTESIAN_POINT('',(-102.75,-150.,3.));
#9537=CARTESIAN_POINT('Origin',(-100.,-150.,3.));
#9538=CARTESIAN_POINT('',(-102.75,-150.,0.));
#9539=CARTESIAN_POINT('',(-102.75,-150.,1.35));
#9540=CARTESIAN_POINT('Origin',(-100.,-150.,0.));
#9541=CARTESIAN_POINT('Origin',(-100.,-175.,1.35));
#9542=CARTESIAN_POINT('',(-102.75,-175.,3.));
#9543=CARTESIAN_POINT('Origin',(-100.,-175.,3.));
#9544=CARTESIAN_POINT('',(-102.75,-175.,0.));
#9545=CARTESIAN_POINT('',(-102.75,-175.,1.35));
#9546=CARTESIAN_POINT('Origin',(-100.,-175.,0.));
#9547=CARTESIAN_POINT('Origin',(-100.,-200.,1.35));
#9548=CARTESIAN_POINT('',(-102.75,-200.,3.));
#9549=CARTESIAN_POINT('Origin',(-100.,-200.,3.));
#9550=CARTESIAN_POINT('',(-102.75,-200.,0.));
#9551=CARTESIAN_POINT('',(-102.75,-200.,1.35));
#9552=CARTESIAN_POINT('Origin',(-100.,-200.,0.));
#9553=CARTESIAN_POINT('Origin',(-100.,-225.,1.35));
#9554=CARTESIAN_POINT('',(-102.75,-225.,3.));
#9555=CARTESIAN_POINT('Origin',(-100.,-225.,3.));
#9556=CARTESIAN_POINT('',(-102.75,-225.,0.));
#9557=CARTESIAN_POINT('',(-102.75,-225.,1.35));
#9558=CARTESIAN_POINT('Origin',(-100.,-225.,0.));
#9559=CARTESIAN_POINT('Origin',(-100.,-250.,1.35));
#9560=CARTESIAN_POINT('',(-102.75,-250.,3.));
#9561=CARTESIAN_POINT('Origin',(-100.,-250.,3.));
#9562=CARTESIAN_POINT('',(-102.75,-250.,0.));
#9563=CARTESIAN_POINT('',(-102.75,-250.,1.35));
#9564=CARTESIAN_POINT('Origin',(-100.,-250.,0.));
#9565=CARTESIAN_POINT('Origin',(-100.,-275.,1.35));
#9566=CARTESIAN_POINT('',(-102.75,-275.,3.));
#9567=CARTESIAN_POINT('Origin',(-100.,-275.,3.));
#9568=CARTESIAN_POINT('',(-102.75,-275.,0.));
#9569=CARTESIAN_POINT('',(-102.75,-275.,1.35));
#9570=CARTESIAN_POINT('Origin',(-100.,-275.,0.));
#9571=CARTESIAN_POINT('Origin',(-100.,-300.,1.35));
#9572=CARTESIAN_POINT('',(-102.75,-300.,3.));
#9573=CARTESIAN_POINT('Origin',(-100.,-300.,3.));
#9574=CARTESIAN_POINT('',(-102.75,-300.,0.));
#9575=CARTESIAN_POINT('',(-102.75,-300.,1.35));
#9576=CARTESIAN_POINT('Origin',(-100.,-300.,0.));
#9577=CARTESIAN_POINT('Origin',(0.,0.,1.35));
#9578=CARTESIAN_POINT('',(-2.75,3.36777869765522E-16,3.));
#9579=CARTESIAN_POINT('Origin',(0.,0.,3.));
#9580=CARTESIAN_POINT('',(-2.75,-3.36777869765522E-16,0.));
#9581=CARTESIAN_POINT('',(-2.75,3.36777869765522E-16,1.35));
#9582=CARTESIAN_POINT('Origin',(0.,0.,0.));
#9583=CARTESIAN_POINT('Origin',(-112.5,312.499999999999,0.));
#9584=CARTESIAN_POINT('',(-112.5,-312.500000000001,0.));
#9585=CARTESIAN_POINT('',(-112.5,312.499999999999,0.));
#9586=CARTESIAN_POINT('',(-112.5,-312.500000000001,0.));
#9587=CARTESIAN_POINT('',(-112.5,-312.500000000001,3.));
#9588=CARTESIAN_POINT('',(-112.5,-312.500000000001,0.));
#9589=CARTESIAN_POINT('',(-112.5,312.499999999999,3.));
#9590=CARTESIAN_POINT('',(-112.5,-312.500000000001,3.));
#9591=CARTESIAN_POINT('',(-112.5,312.499999999999,0.));
#9592=CARTESIAN_POINT('Origin',(112.5,312.499999999999,0.));
#9593=CARTESIAN_POINT('',(112.5,312.499999999999,0.));
#9594=CARTESIAN_POINT('',(-112.5,312.499999999999,0.));
#9595=CARTESIAN_POINT('',(112.5,312.499999999999,3.));
#9596=CARTESIAN_POINT('',(-112.5,312.499999999999,3.));
#9597=CARTESIAN_POINT('',(112.5,312.499999999999,0.));
#9598=CARTESIAN_POINT('Origin',(112.5,-312.5,0.));
#9599=CARTESIAN_POINT('',(112.5,-312.5,0.));
#9600=CARTESIAN_POINT('',(112.5,312.499999999999,0.));
#9601=CARTESIAN_POINT('',(112.5,-312.5,3.));
#9602=CARTESIAN_POINT('',(112.5,312.499999999999,3.));
#9603=CARTESIAN_POINT('',(112.5,-312.5,0.));
#9604=CARTESIAN_POINT('Origin',(-112.5,-312.500000000001,0.));
#9605=CARTESIAN_POINT('',(112.5,-312.5,0.));
#9606=CARTESIAN_POINT('',(112.5,-312.5,3.));
#9607=CARTESIAN_POINT('Origin',(7.105427357601E-14,-4.9737991503207E-13,
3.));
#9608=CARTESIAN_POINT('Origin',(7.105427357601E-14,-4.9737991503207E-13,
0.));
#9609=CARTESIAN_POINT('',(0.,0.,0.));
#9610=CARTESIAN_POINT('',(158.5,374.,14.));
#9611=UNCERTAINTY_MEASURE_WITH_UNIT(LENGTH_MEASURE(0.01),#9621,
'DISTANCE_ACCURACY_VALUE',
'Maximum model space distance between geometric entities at asserted c
onnectivities');
#9612=UNCERTAINTY_MEASURE_WITH_UNIT(LENGTH_MEASURE(0.01),#9621,
'DISTANCE_ACCURACY_VALUE',
'Maximum model space distance between geometric entities at asserted c
onnectivities');
#9613=UNCERTAINTY_MEASURE_WITH_UNIT(LENGTH_MEASURE(0.01),#9621,
'DISTANCE_ACCURACY_VALUE',
'Maximum model space distance between geometric entities at asserted c
onnectivities');
#9614=UNCERTAINTY_MEASURE_WITH_UNIT(LENGTH_MEASURE(0.01),#9621,
'DISTANCE_ACCURACY_VALUE',
'Maximum model space distance between geometric entities at asserted c
onnectivities');
#9615=UNCERTAINTY_MEASURE_WITH_UNIT(LENGTH_MEASURE(0.01),#9621,
'DISTANCE_ACCURACY_VALUE',
'Maximum model space distance between geometric entities at asserted c
onnectivities');
#9616=(
GEOMETRIC_REPRESENTATION_CONTEXT(3)
GLOBAL_UNCERTAINTY_ASSIGNED_CONTEXT((#9611))
GLOBAL_UNIT_ASSIGNED_CONTEXT((#9621,#9623,#9624))
REPRESENTATION_CONTEXT('','3D')
);
#9617=(
GEOMETRIC_REPRESENTATION_CONTEXT(3)
GLOBAL_UNCERTAINTY_ASSIGNED_CONTEXT((#9612))
GLOBAL_UNIT_ASSIGNED_CONTEXT((#9621,#9623,#9624))
REPRESENTATION_CONTEXT('','3D')
);
#9618=(
GEOMETRIC_REPRESENTATION_CONTEXT(3)
GLOBAL_UNCERTAINTY_ASSIGNED_CONTEXT((#9613))
GLOBAL_UNIT_ASSIGNED_CONTEXT((#9621,#9623,#9624))
REPRESENTATION_CONTEXT('','3D')
);
#9619=(
GEOMETRIC_REPRESENTATION_CONTEXT(3)
GLOBAL_UNCERTAINTY_ASSIGNED_CONTEXT((#9614))
GLOBAL_UNIT_ASSIGNED_CONTEXT((#9621,#9623,#9624))
REPRESENTATION_CONTEXT('','3D')
);
#9620=(
GEOMETRIC_REPRESENTATION_CONTEXT(3)
GLOBAL_UNCERTAINTY_ASSIGNED_CONTEXT((#9615))
GLOBAL_UNIT_ASSIGNED_CONTEXT((#9621,#9623,#9624))
REPRESENTATION_CONTEXT('','3D')
);
#9621=(
LENGTH_UNIT()
NAMED_UNIT(*)
SI_UNIT(.MILLI.,.METRE.)
);
#9622=(
LENGTH_UNIT()
NAMED_UNIT(*)
SI_UNIT($,.METRE.)
);
#9623=(
NAMED_UNIT(*)
PLANE_ANGLE_UNIT()
SI_UNIT($,.RADIAN.)
);
#9624=(
NAMED_UNIT(*)
SI_UNIT($,.STERADIAN.)
SOLID_ANGLE_UNIT()
);
#9625=SHAPE_DEFINITION_REPRESENTATION(#9629,#9636);
#9626=SHAPE_DEFINITION_REPRESENTATION(#9630,#9637);
#9627=SHAPE_DEFINITION_REPRESENTATION(#9631,#9638);
#9628=SHAPE_DEFINITION_REPRESENTATION(#9633,#9639);
#9629=PRODUCT_DEFINITION_SHAPE('',$,#9641);
#9630=PRODUCT_DEFINITION_SHAPE('',$,#9642);
#9631=PRODUCT_DEFINITION_SHAPE('',$,#9643);
#9632=PRODUCT_DEFINITION_SHAPE($,$,#20);
#9633=PRODUCT_DEFINITION_SHAPE('',$,#9644);
#9634=PRODUCT_DEFINITION_SHAPE($,$,#21);
#9635=PRODUCT_DEFINITION_SHAPE($,$,#22);
#9636=SHAPE_REPRESENTATION('',(#5701,#6411,#6412),#9616);
#9637=SHAPE_REPRESENTATION('',(#5702,#5728),#9617);
#9638=SHAPE_REPRESENTATION('',(#5703),#9618);
#9639=SHAPE_REPRESENTATION('',(#5729),#9619);
#9640=PRODUCT_DEFINITION_CONTEXT('part definition',#9654,'design');
#9641=PRODUCT_DEFINITION('Square D Cabinet Assembly',
'Square D Cabinet Assembly v2',#9645,#9640);
#9642=PRODUCT_DEFINITION('Square D Cabinet','Square D Cabinet v2',#9646,
#9640);
#9643=PRODUCT_DEFINITION('Cabinet Base','Cabinet Base',#9647,#9640);
#9644=PRODUCT_DEFINITION('Square D Internal Mounting Plate',
'Square D Internal Mounting Plate v3',#9648,#9640);
#9645=PRODUCT_DEFINITION_FORMATION('',$,#9656);
#9646=PRODUCT_DEFINITION_FORMATION('',$,#9657);
#9647=PRODUCT_DEFINITION_FORMATION('',$,#9658);
#9648=PRODUCT_DEFINITION_FORMATION('',$,#9659);
#9649=PRODUCT_RELATED_PRODUCT_CATEGORY('Square D Cabinet Assembly v2',
'Square D Cabinet Assembly v2',(#9656));
#9650=PRODUCT_RELATED_PRODUCT_CATEGORY('Square D Cabinet v2',
'Square D Cabinet v2',(#9657));
#9651=PRODUCT_RELATED_PRODUCT_CATEGORY('Cabinet Base','Cabinet Base',(#9658));
#9652=PRODUCT_RELATED_PRODUCT_CATEGORY(
'Square D Internal Mounting Plate v3',
'Square D Internal Mounting Plate v3',(#9659));
#9653=APPLICATION_PROTOCOL_DEFINITION('international standard',
'automotive_design',2009,#9654);
#9654=APPLICATION_CONTEXT(
'Core Data for Automotive Mechanical Design Process');
#9655=PRODUCT_CONTEXT('part definition',#9654,'mechanical');
#9656=PRODUCT('Square D Cabinet Assembly',
'Square D Cabinet Assembly v2',$,(#9655));
#9657=PRODUCT('Square D Cabinet','Square D Cabinet v2',$,(#9655));
#9658=PRODUCT('Cabinet Base','Cabinet Base',$,(#9655));
#9659=PRODUCT('Square D Internal Mounting Plate',
'Square D Internal Mounting Plate v3',$,(#9655));
#9660=PRESENTATION_STYLE_ASSIGNMENT((#9662));
#9661=PRESENTATION_STYLE_ASSIGNMENT((#9663));
#9662=SURFACE_STYLE_USAGE(.BOTH.,#9664);
#9663=SURFACE_STYLE_USAGE(.BOTH.,#9665);
#9664=SURFACE_SIDE_STYLE('',(#9666));
#9665=SURFACE_SIDE_STYLE('',(#9667));
#9666=SURFACE_STYLE_FILL_AREA(#9668);
#9667=SURFACE_STYLE_FILL_AREA(#9669);
#9668=FILL_AREA_STYLE('Steel - Satin',(#9670));
#9669=FILL_AREA_STYLE('Powder Coat - Rough (Grey)',(#9671));
#9670=FILL_AREA_STYLE_COLOUR('Steel - Satin',#9672);
#9671=FILL_AREA_STYLE_COLOUR('Powder Coat - Rough (Grey)',#9673);
#9672=COLOUR_RGB('Steel - Satin',0.627450980392157,0.627450980392157,0.627450980392157);
#9673=COLOUR_RGB('Powder Coat - Rough (Grey)',0.701960784313725,0.701960784313725,
0.701960784313725);
ENDSEC;
END-ISO-10303-21;
