ISO-10303-21;
HEADER;
FILE_DESCRIPTION(('STEP AP242'),'1');
FILE_NAME('1689750.stp','2025-09-02T11:55:17',('TraceParts'),('TraceParts S.A.'),'Spatial InterOp 3D',' ',' ');
FILE_SCHEMA(('AP242_MANAGED_MODEL_BASED_3D_ENGINEERING_MIM_LF  {1 0 10303 442 1 1 4}'));
ENDSEC;
DATA;
#1=MECHANICAL_DESIGN_GEOMETRIC_PRESENTATION_REPRESENTATION(' ',(#10,#11,#12,#13,#14,#15,#16,#17,#18,#19,#20,#21,#22,#23,#24,#25,#26,#27,#28,#29,#30,#31,#32,#33,#34,#35,#36,#37,#38,#39,#40,#41,#42,#43,#44,#45,#46,#47,#48,#49,#50,#51,#52,#53,#54,#55,#56,#57,#58,#59,#60,#61,#62,#63,#64,#65,#66,#67,#68,#69,#70,#71,#72,#73,#74,#75,#76,#77,#78,#79,#80,#81,#82,#83,#84,#85,#86,#87,#88,#89,#90,#91,#92,#93,#94,#95,#96,#97,#98,#99,#100,#101,#102,#103,#104,#105,#106,#107,#108,#109,#110,#111,#112,#113,#114,#115,#116,#117,#118,#119,#120,#121,#122,#123,#124,#125,#126,#127,#128,#129,#130,#131,#132,#133,#134,#135,#136,#137,#138,#139,#140,#141,#142,#143,#144,#145,#146,#147,#148,#149,#150,#151,#152,#153,#154,#155,#156,#157,#158,#159,#160,#161,#162,#163,#164,#165,#166,#167,#168,#169,#170,#171,#172,#173,#174,#175,#176,#177,#178,#179,#180,#181,#182,#183,#184,#185,#186,#187,#188,#189,#190,#191,#192,#193,#194,#195,#196,#197,#198,#199,#200,#201,#202,#203,#204,#205,#206,#207,#208,#209,#210,#211,#212,#213,#214,#215,#216,#217,#218,#219,#220,#221,#222,#223,#224,#225,#226,#227,#228,#229,#230,#231,#232,#233,#234,#235,#236,#237,#238,#239,#240,#241,#242,#243,#244,#245,#246,#247,#248,#249,#250,#251,#252,#253,#254,#255,#256,#257,#258,#259,#260,#261,#262,#263,#264,#265,#266,#267,#268,#269,#270,#271,#272,#273,#274,#275,#276,#277,#278,#279,#280,#281,#282,#283,#284,#285,#286,#287,#288,#289,#290,#291,#292,#293,#294,#295,#296,#297,#298,#299,#300,#301,#302,#303,#304,#305,#306,#307,#308,#309,#310,#311,#312,#313,#314,#315,#316,#317,#318,#319,#320,#321,#322,#323,#324,#325,#326,#327,#328,#329,#330,#331,#332,#333,#334,#335,#336,#337,#338,#339,#340,#341,#342,#343,#344,#345,#346,#347,#348,#349,#350,#351,#352,#353,#354,#355,#356,#357,#358,#359,#360),#6);
#2=PRODUCT_DEFINITION_CONTEXT('',#361,'design');
#3=APPLICATION_PROTOCOL_DEFINITION('INTERNATIONAL STANDARD','ap242_managed_model_based_3d_engineering',2014,#361);
#4=PRODUCT_CATEGORY_RELATIONSHIP('NONE','NONE',#362,#363);
#5=SHAPE_DEFINITION_REPRESENTATION(#364,#365);
#6= (GEOMETRIC_REPRESENTATION_CONTEXT(3)GLOBAL_UNCERTAINTY_ASSIGNED_CONTEXT((#368))GLOBAL_UNIT_ASSIGNED_CONTEXT((#370,#371,#372))REPRESENTATION_CONTEXT('NONE','WORKSPACE'));
#10=STYLED_ITEM('',(#374),#375);
#11=STYLED_ITEM('',(#376),#377);
#12=STYLED_ITEM('',(#378),#379);
#13=STYLED_ITEM('',(#380),#381);
#14=STYLED_ITEM('',(#382),#383);
#15=STYLED_ITEM('',(#384),#385);
#16=STYLED_ITEM('',(#386),#387);
#17=STYLED_ITEM('',(#388),#389);
#18=STYLED_ITEM('',(#390),#391);
#19=STYLED_ITEM('',(#392),#393);
#20=STYLED_ITEM('',(#394),#395);
#21=STYLED_ITEM('',(#396),#397);
#22=STYLED_ITEM('',(#398),#399);
#23=STYLED_ITEM('',(#400),#401);
#24=STYLED_ITEM('',(#402),#403);
#25=STYLED_ITEM('',(#404),#405);
#26=STYLED_ITEM('',(#406),#407);
#27=STYLED_ITEM('',(#408),#409);
#28=STYLED_ITEM('',(#410),#411);
#29=STYLED_ITEM('',(#412),#413);
#30=STYLED_ITEM('',(#414),#415);
#31=STYLED_ITEM('',(#416),#417);
#32=STYLED_ITEM('',(#418),#419);
#33=STYLED_ITEM('',(#420),#421);
#34=STYLED_ITEM('',(#422),#423);
#35=STYLED_ITEM('',(#424),#425);
#36=STYLED_ITEM('',(#426),#427);
#37=STYLED_ITEM('',(#428),#429);
#38=STYLED_ITEM('',(#430),#431);
#39=STYLED_ITEM('',(#432),#433);
#40=STYLED_ITEM('',(#434),#435);
#41=STYLED_ITEM('',(#436),#437);
#42=STYLED_ITEM('',(#438),#439);
#43=STYLED_ITEM('',(#440),#441);
#44=STYLED_ITEM('',(#442),#443);
#45=STYLED_ITEM('',(#444),#445);
#46=STYLED_ITEM('',(#446),#447);
#47=STYLED_ITEM('',(#448),#449);
#48=STYLED_ITEM('',(#450),#451);
#49=STYLED_ITEM('',(#452),#453);
#50=STYLED_ITEM('',(#454),#455);
#51=STYLED_ITEM('',(#456),#457);
#52=STYLED_ITEM('',(#458),#459);
#53=STYLED_ITEM('',(#460),#461);
#54=STYLED_ITEM('',(#462),#463);
#55=STYLED_ITEM('',(#464),#465);
#56=STYLED_ITEM('',(#466),#467);
#57=STYLED_ITEM('',(#468),#469);
#58=STYLED_ITEM('',(#470),#471);
#59=STYLED_ITEM('',(#472),#473);
#60=STYLED_ITEM('',(#474),#475);
#61=STYLED_ITEM('',(#476),#477);
#62=STYLED_ITEM('',(#478),#479);
#63=STYLED_ITEM('',(#480),#481);
#64=STYLED_ITEM('',(#482),#483);
#65=STYLED_ITEM('',(#484),#485);
#66=STYLED_ITEM('',(#486),#487);
#67=STYLED_ITEM('',(#488),#489);
#68=STYLED_ITEM('',(#490),#491);
#69=STYLED_ITEM('',(#492),#493);
#70=STYLED_ITEM('',(#494),#495);
#71=STYLED_ITEM('',(#496),#497);
#72=STYLED_ITEM('',(#498),#499);
#73=STYLED_ITEM('',(#500),#501);
#74=STYLED_ITEM('',(#502),#503);
#75=STYLED_ITEM('',(#504),#505);
#76=STYLED_ITEM('',(#506),#507);
#77=STYLED_ITEM('',(#508),#509);
#78=STYLED_ITEM('',(#510),#511);
#79=STYLED_ITEM('',(#512),#513);
#80=STYLED_ITEM('',(#514),#515);
#81=STYLED_ITEM('',(#516),#517);
#82=STYLED_ITEM('',(#518),#519);
#83=STYLED_ITEM('',(#520),#521);
#84=STYLED_ITEM('',(#522),#523);
#85=STYLED_ITEM('',(#524),#525);
#86=STYLED_ITEM('',(#526),#527);
#87=STYLED_ITEM('',(#528),#529);
#88=STYLED_ITEM('',(#530),#531);
#89=STYLED_ITEM('',(#532),#533);
#90=STYLED_ITEM('',(#534),#535);
#91=STYLED_ITEM('',(#536),#537);
#92=STYLED_ITEM('',(#538),#539);
#93=STYLED_ITEM('',(#540),#541);
#94=STYLED_ITEM('',(#542),#543);
#95=STYLED_ITEM('',(#544),#545);
#96=STYLED_ITEM('',(#546),#547);
#97=STYLED_ITEM('',(#548),#549);
#98=STYLED_ITEM('',(#550),#551);
#99=STYLED_ITEM('',(#552),#553);
#100=STYLED_ITEM('',(#554),#555);
#101=STYLED_ITEM('',(#556),#557);
#102=STYLED_ITEM('',(#558),#559);
#103=STYLED_ITEM('',(#560),#561);
#104=STYLED_ITEM('',(#562),#563);
#105=STYLED_ITEM('',(#564),#565);
#106=STYLED_ITEM('',(#566),#567);
#107=STYLED_ITEM('',(#568),#569);
#108=STYLED_ITEM('',(#570),#571);
#109=STYLED_ITEM('',(#572),#573);
#110=STYLED_ITEM('',(#574),#575);
#111=STYLED_ITEM('',(#576),#577);
#112=STYLED_ITEM('',(#578),#579);
#113=STYLED_ITEM('',(#580),#581);
#114=STYLED_ITEM('',(#582),#583);
#115=STYLED_ITEM('',(#584),#585);
#116=STYLED_ITEM('',(#586),#587);
#117=STYLED_ITEM('',(#588),#589);
#118=STYLED_ITEM('',(#590),#591);
#119=STYLED_ITEM('',(#592),#593);
#120=STYLED_ITEM('',(#594),#595);
#121=STYLED_ITEM('',(#596),#597);
#122=STYLED_ITEM('',(#598),#599);
#123=STYLED_ITEM('',(#600),#601);
#124=STYLED_ITEM('',(#602),#603);
#125=STYLED_ITEM('',(#604),#605);
#126=STYLED_ITEM('',(#606),#607);
#127=STYLED_ITEM('',(#608),#609);
#128=STYLED_ITEM('',(#610),#611);
#129=STYLED_ITEM('',(#612),#613);
#130=STYLED_ITEM('',(#614),#615);
#131=STYLED_ITEM('',(#616),#617);
#132=STYLED_ITEM('',(#618),#619);
#133=STYLED_ITEM('',(#620),#621);
#134=STYLED_ITEM('',(#622),#623);
#135=STYLED_ITEM('',(#624),#625);
#136=STYLED_ITEM('',(#626),#627);
#137=STYLED_ITEM('',(#628),#629);
#138=STYLED_ITEM('',(#630),#631);
#139=STYLED_ITEM('',(#632),#633);
#140=STYLED_ITEM('',(#634),#635);
#141=STYLED_ITEM('',(#636),#637);
#142=STYLED_ITEM('',(#638),#639);
#143=STYLED_ITEM('',(#640),#641);
#144=STYLED_ITEM('',(#642),#643);
#145=STYLED_ITEM('',(#644),#645);
#146=STYLED_ITEM('',(#646),#647);
#147=STYLED_ITEM('',(#648),#649);
#148=STYLED_ITEM('',(#650),#651);
#149=STYLED_ITEM('',(#652),#653);
#150=STYLED_ITEM('',(#654),#655);
#151=STYLED_ITEM('',(#656),#657);
#152=STYLED_ITEM('',(#658),#659);
#153=STYLED_ITEM('',(#660),#661);
#154=STYLED_ITEM('',(#662),#663);
#155=STYLED_ITEM('',(#664),#665);
#156=STYLED_ITEM('',(#666),#667);
#157=STYLED_ITEM('',(#668),#669);
#158=STYLED_ITEM('',(#670),#671);
#159=STYLED_ITEM('',(#672),#673);
#160=STYLED_ITEM('',(#674),#675);
#161=STYLED_ITEM('',(#676),#677);
#162=STYLED_ITEM('',(#678),#679);
#163=STYLED_ITEM('',(#680),#681);
#164=STYLED_ITEM('',(#682),#683);
#165=STYLED_ITEM('',(#684),#685);
#166=STYLED_ITEM('',(#686),#687);
#167=STYLED_ITEM('',(#688),#689);
#168=STYLED_ITEM('',(#690),#691);
#169=STYLED_ITEM('',(#692),#693);
#170=STYLED_ITEM('',(#694),#695);
#171=STYLED_ITEM('',(#696),#697);
#172=STYLED_ITEM('',(#698),#699);
#173=STYLED_ITEM('',(#700),#701);
#174=STYLED_ITEM('',(#702),#703);
#175=STYLED_ITEM('',(#704),#705);
#176=STYLED_ITEM('',(#706),#707);
#177=STYLED_ITEM('',(#708),#709);
#178=STYLED_ITEM('',(#710),#711);
#179=STYLED_ITEM('',(#712),#713);
#180=STYLED_ITEM('',(#714),#715);
#181=STYLED_ITEM('',(#716),#717);
#182=STYLED_ITEM('',(#718),#719);
#183=STYLED_ITEM('',(#720),#721);
#184=STYLED_ITEM('',(#722),#723);
#185=STYLED_ITEM('',(#724),#725);
#186=STYLED_ITEM('',(#726),#727);
#187=STYLED_ITEM('',(#728),#729);
#188=STYLED_ITEM('',(#730),#731);
#189=STYLED_ITEM('',(#732),#733);
#190=STYLED_ITEM('',(#734),#735);
#191=STYLED_ITEM('',(#736),#737);
#192=STYLED_ITEM('',(#738),#739);
#193=STYLED_ITEM('',(#740),#741);
#194=STYLED_ITEM('',(#742),#743);
#195=STYLED_ITEM('',(#744),#745);
#196=STYLED_ITEM('',(#746),#747);
#197=STYLED_ITEM('',(#748),#749);
#198=STYLED_ITEM('',(#750),#751);
#199=STYLED_ITEM('',(#752),#753);
#200=STYLED_ITEM('',(#754),#755);
#201=STYLED_ITEM('',(#756),#757);
#202=STYLED_ITEM('',(#758),#759);
#203=STYLED_ITEM('',(#760),#761);
#204=STYLED_ITEM('',(#762),#763);
#205=STYLED_ITEM('',(#764),#765);
#206=STYLED_ITEM('',(#766),#767);
#207=STYLED_ITEM('',(#768),#769);
#208=STYLED_ITEM('',(#770),#771);
#209=STYLED_ITEM('',(#772),#773);
#210=STYLED_ITEM('',(#774),#775);
#211=STYLED_ITEM('',(#776),#777);
#212=STYLED_ITEM('',(#778),#779);
#213=STYLED_ITEM('',(#780),#781);
#214=STYLED_ITEM('',(#782),#783);
#215=STYLED_ITEM('',(#784),#785);
#216=STYLED_ITEM('',(#786),#787);
#217=STYLED_ITEM('',(#788),#789);
#218=STYLED_ITEM('',(#790),#791);
#219=STYLED_ITEM('',(#792),#793);
#220=STYLED_ITEM('',(#794),#795);
#221=STYLED_ITEM('',(#796),#797);
#222=STYLED_ITEM('',(#798),#799);
#223=STYLED_ITEM('',(#800),#801);
#224=STYLED_ITEM('',(#802),#803);
#225=STYLED_ITEM('',(#804),#805);
#226=STYLED_ITEM('',(#806),#807);
#227=STYLED_ITEM('',(#808),#809);
#228=STYLED_ITEM('',(#810),#811);
#229=STYLED_ITEM('',(#812),#813);
#230=STYLED_ITEM('',(#814),#815);
#231=STYLED_ITEM('',(#816),#817);
#232=STYLED_ITEM('',(#818),#819);
#233=STYLED_ITEM('',(#820),#821);
#234=STYLED_ITEM('',(#822),#823);
#235=STYLED_ITEM('',(#824),#825);
#236=STYLED_ITEM('',(#826),#827);
#237=STYLED_ITEM('',(#828),#829);
#238=STYLED_ITEM('',(#830),#831);
#239=STYLED_ITEM('',(#832),#833);
#240=STYLED_ITEM('',(#834),#835);
#241=STYLED_ITEM('',(#836),#837);
#242=STYLED_ITEM('',(#838),#839);
#243=STYLED_ITEM('',(#840),#841);
#244=STYLED_ITEM('',(#842),#843);
#245=STYLED_ITEM('',(#844),#845);
#246=STYLED_ITEM('',(#846),#847);
#247=STYLED_ITEM('',(#848),#849);
#248=STYLED_ITEM('',(#850),#851);
#249=STYLED_ITEM('',(#852),#853);
#250=STYLED_ITEM('',(#854),#855);
#251=STYLED_ITEM('',(#856),#857);
#252=STYLED_ITEM('',(#858),#859);
#253=STYLED_ITEM('',(#860),#861);
#254=STYLED_ITEM('',(#862),#863);
#255=STYLED_ITEM('',(#864),#865);
#256=STYLED_ITEM('',(#866),#867);
#257=STYLED_ITEM('',(#868),#869);
#258=STYLED_ITEM('',(#870),#871);
#259=STYLED_ITEM('',(#872),#873);
#260=STYLED_ITEM('',(#874),#875);
#261=STYLED_ITEM('',(#876),#877);
#262=STYLED_ITEM('',(#878),#879);
#263=STYLED_ITEM('',(#880),#881);
#264=STYLED_ITEM('',(#882),#883);
#265=STYLED_ITEM('',(#884),#885);
#266=STYLED_ITEM('',(#886),#887);
#267=STYLED_ITEM('',(#888),#889);
#268=STYLED_ITEM('',(#890),#891);
#269=STYLED_ITEM('',(#892),#893);
#270=STYLED_ITEM('',(#894),#895);
#271=STYLED_ITEM('',(#896),#897);
#272=STYLED_ITEM('',(#898),#899);
#273=STYLED_ITEM('',(#900),#901);
#274=STYLED_ITEM('',(#902),#903);
#275=STYLED_ITEM('',(#904),#905);
#276=STYLED_ITEM('',(#906),#907);
#277=STYLED_ITEM('',(#908),#909);
#278=STYLED_ITEM('',(#910),#911);
#279=STYLED_ITEM('',(#912),#913);
#280=STYLED_ITEM('',(#914),#915);
#281=STYLED_ITEM('',(#916),#917);
#282=STYLED_ITEM('',(#918),#919);
#283=STYLED_ITEM('',(#920),#921);
#284=STYLED_ITEM('',(#922),#923);
#285=STYLED_ITEM('',(#924),#925);
#286=STYLED_ITEM('',(#926),#927);
#287=STYLED_ITEM('',(#928),#929);
#288=STYLED_ITEM('',(#930),#931);
#289=STYLED_ITEM('',(#932),#933);
#290=STYLED_ITEM('',(#934),#935);
#291=STYLED_ITEM('',(#936),#937);
#292=STYLED_ITEM('',(#938),#939);
#293=STYLED_ITEM('',(#940),#941);
#294=STYLED_ITEM('',(#942),#943);
#295=STYLED_ITEM('',(#944),#945);
#296=STYLED_ITEM('',(#946),#947);
#297=STYLED_ITEM('',(#948),#949);
#298=STYLED_ITEM('',(#950),#951);
#299=STYLED_ITEM('',(#952),#953);
#300=STYLED_ITEM('',(#954),#955);
#301=STYLED_ITEM('',(#956),#957);
#302=STYLED_ITEM('',(#958),#959);
#303=STYLED_ITEM('',(#960),#961);
#304=STYLED_ITEM('',(#962),#963);
#305=STYLED_ITEM('',(#964),#965);
#306=STYLED_ITEM('',(#966),#967);
#307=STYLED_ITEM('',(#968),#969);
#308=STYLED_ITEM('',(#970),#971);
#309=STYLED_ITEM('',(#972),#973);
#310=STYLED_ITEM('',(#974),#975);
#311=STYLED_ITEM('',(#976),#977);
#312=STYLED_ITEM('',(#978),#979);
#313=STYLED_ITEM('',(#980),#981);
#314=STYLED_ITEM('',(#982),#983);
#315=STYLED_ITEM('',(#984),#985);
#316=STYLED_ITEM('',(#986),#987);
#317=STYLED_ITEM('',(#988),#989);
#318=STYLED_ITEM('',(#990),#991);
#319=STYLED_ITEM('',(#992),#993);
#320=STYLED_ITEM('',(#994),#995);
#321=STYLED_ITEM('',(#996),#997);
#322=STYLED_ITEM('',(#998),#999);
#323=STYLED_ITEM('',(#1000),#1001);
#324=STYLED_ITEM('',(#1002),#1003);
#325=STYLED_ITEM('',(#1004),#1005);
#326=STYLED_ITEM('',(#1006),#1007);
#327=STYLED_ITEM('',(#1008),#1009);
#328=STYLED_ITEM('',(#1010),#1011);
#329=STYLED_ITEM('',(#1012),#1013);
#330=STYLED_ITEM('',(#1014),#1015);
#331=STYLED_ITEM('',(#1016),#1017);
#332=STYLED_ITEM('',(#1018),#1019);
#333=STYLED_ITEM('',(#1020),#1021);
#334=STYLED_ITEM('',(#1022),#1023);
#335=STYLED_ITEM('',(#1024),#1025);
#336=STYLED_ITEM('',(#1026),#1027);
#337=STYLED_ITEM('',(#1028),#1029);
#338=STYLED_ITEM('',(#1030),#1031);
#339=STYLED_ITEM('',(#1032),#1033);
#340=STYLED_ITEM('',(#1034),#1035);
#341=STYLED_ITEM('',(#1036),#1037);
#342=STYLED_ITEM('',(#1038),#1039);
#343=STYLED_ITEM('',(#1040),#1041);
#344=STYLED_ITEM('',(#1042),#1043);
#345=STYLED_ITEM('',(#1044),#1045);
#346=STYLED_ITEM('',(#1046),#1047);
#347=STYLED_ITEM('',(#1048),#1049);
#348=STYLED_ITEM('',(#1050),#1051);
#349=STYLED_ITEM('',(#1052),#1053);
#350=STYLED_ITEM('',(#1054),#1055);
#351=STYLED_ITEM('',(#1056),#1057);
#352=STYLED_ITEM('',(#1058),#1059);
#353=STYLED_ITEM('',(#1060),#1061);
#354=STYLED_ITEM('',(#1062),#1063);
#355=STYLED_ITEM('',(#1064),#1065);
#356=STYLED_ITEM('',(#1066),#1067);
#357=STYLED_ITEM('',(#1068),#1069);
#358=STYLED_ITEM('',(#1070),#1071);
#359=STYLED_ITEM('',(#1072),#1073);
#360=STYLED_ITEM('',(#1074),#1075);
#361=APPLICATION_CONTEXT('managed model based 3d engineering');
#362=PRODUCT_CATEGORY('part','NONE');
#363=PRODUCT_RELATED_PRODUCT_CATEGORY('detail',' ',(#1076));
#364=PRODUCT_DEFINITION_SHAPE('NONE','NONE',#1077);
#365=ADVANCED_BREP_SHAPE_REPRESENTATION('VS-25-A|1#VS-25-A;VS-25-A',(#1075,#1078),#6);
#368=UNCERTAINTY_MEASURE_WITH_UNIT(LENGTH_MEASURE(1.0E-06),#370,'','');
#370= (CONVERSION_BASED_UNIT('MILLIMETRE',#1081)LENGTH_UNIT()NAMED_UNIT(#1084));
#371= (NAMED_UNIT(#1086)PLANE_ANGLE_UNIT()SI_UNIT($,.RADIAN.));
#372= (NAMED_UNIT(#1086)SOLID_ANGLE_UNIT()SI_UNIT($,.STERADIAN.));
#374=PRESENTATION_STYLE_ASSIGNMENT((#1092));
#375=ADVANCED_FACE('',(#1093),#1094,.T.);
#376=PRESENTATION_STYLE_ASSIGNMENT((#1095));
#377=ADVANCED_FACE('',(#1096),#1097,.T.);
#378=PRESENTATION_STYLE_ASSIGNMENT((#1098));
#379=ADVANCED_FACE('',(#1099),#1100,.F.);
#380=PRESENTATION_STYLE_ASSIGNMENT((#1101));
#381=ADVANCED_FACE('',(#1102),#1103,.T.);
#382=PRESENTATION_STYLE_ASSIGNMENT((#1104));
#383=ADVANCED_FACE('',(#1105),#1106,.F.);
#384=PRESENTATION_STYLE_ASSIGNMENT((#1107));
#385=ADVANCED_FACE('',(#1108),#1109,.T.);
#386=PRESENTATION_STYLE_ASSIGNMENT((#1110));
#387=ADVANCED_FACE('',(#1111),#1112,.F.);
#388=PRESENTATION_STYLE_ASSIGNMENT((#1113));
#389=ADVANCED_FACE('',(#1114),#1115,.F.);
#390=PRESENTATION_STYLE_ASSIGNMENT((#1116));
#391=ADVANCED_FACE('',(#1117),#1118,.T.);
#392=PRESENTATION_STYLE_ASSIGNMENT((#1119));
#393=ADVANCED_FACE('',(#1120),#1121,.F.);
#394=PRESENTATION_STYLE_ASSIGNMENT((#1122));
#395=ADVANCED_FACE('',(#1123),#1124,.T.);
#396=PRESENTATION_STYLE_ASSIGNMENT((#1125));
#397=ADVANCED_FACE('',(#1126),#1127,.T.);
#398=PRESENTATION_STYLE_ASSIGNMENT((#1128));
#399=ADVANCED_FACE('',(#1129),#1130,.T.);
#400=PRESENTATION_STYLE_ASSIGNMENT((#1131));
#401=ADVANCED_FACE('',(#1132),#1133,.T.);
#402=PRESENTATION_STYLE_ASSIGNMENT((#1134));
#403=ADVANCED_FACE('',(#1135),#1136,.F.);
#404=PRESENTATION_STYLE_ASSIGNMENT((#1137));
#405=ADVANCED_FACE('',(#1138),#1139,.T.);
#406=PRESENTATION_STYLE_ASSIGNMENT((#1140));
#407=ADVANCED_FACE('',(#1141),#1142,.T.);
#408=PRESENTATION_STYLE_ASSIGNMENT((#1143));
#409=ADVANCED_FACE('',(#1144),#1145,.T.);
#410=PRESENTATION_STYLE_ASSIGNMENT((#1146));
#411=ADVANCED_FACE('',(#1147),#1148,.F.);
#412=PRESENTATION_STYLE_ASSIGNMENT((#1149));
#413=ADVANCED_FACE('',(#1150),#1151,.F.);
#414=PRESENTATION_STYLE_ASSIGNMENT((#1152));
#415=ADVANCED_FACE('',(#1153),#1154,.T.);
#416=PRESENTATION_STYLE_ASSIGNMENT((#1155));
#417=ADVANCED_FACE('',(#1156),#1157,.T.);
#418=PRESENTATION_STYLE_ASSIGNMENT((#1158));
#419=ADVANCED_FACE('',(#1159),#1160,.F.);
#420=PRESENTATION_STYLE_ASSIGNMENT((#1161));
#421=ADVANCED_FACE('',(#1162),#1163,.F.);
#422=PRESENTATION_STYLE_ASSIGNMENT((#1164));
#423=ADVANCED_FACE('',(#1165),#1166,.F.);
#424=PRESENTATION_STYLE_ASSIGNMENT((#1167));
#425=ADVANCED_FACE('',(#1168),#1169,.F.);
#426=PRESENTATION_STYLE_ASSIGNMENT((#1170));
#427=ADVANCED_FACE('',(#1171),#1172,.T.);
#428=PRESENTATION_STYLE_ASSIGNMENT((#1173));
#429=ADVANCED_FACE('',(#1174),#1175,.T.);
#430=PRESENTATION_STYLE_ASSIGNMENT((#1176));
#431=ADVANCED_FACE('',(#1177),#1178,.T.);
#432=PRESENTATION_STYLE_ASSIGNMENT((#1179));
#433=ADVANCED_FACE('',(#1180),#1181,.F.);
#434=PRESENTATION_STYLE_ASSIGNMENT((#1182));
#435=ADVANCED_FACE('',(#1183),#1184,.F.);
#436=PRESENTATION_STYLE_ASSIGNMENT((#1185));
#437=ADVANCED_FACE('',(#1186),#1187,.T.);
#438=PRESENTATION_STYLE_ASSIGNMENT((#1188));
#439=ADVANCED_FACE('',(#1189),#1190,.T.);
#440=PRESENTATION_STYLE_ASSIGNMENT((#1191));
#441=ADVANCED_FACE('',(#1192),#1193,.T.);
#442=PRESENTATION_STYLE_ASSIGNMENT((#1194));
#443=ADVANCED_FACE('',(#1195),#1196,.T.);
#444=PRESENTATION_STYLE_ASSIGNMENT((#1197));
#445=ADVANCED_FACE('',(#1198),#1199,.T.);
#446=PRESENTATION_STYLE_ASSIGNMENT((#1200));
#447=ADVANCED_FACE('',(#1201),#1202,.T.);
#448=PRESENTATION_STYLE_ASSIGNMENT((#1203));
#449=ADVANCED_FACE('',(#1204),#1205,.T.);
#450=PRESENTATION_STYLE_ASSIGNMENT((#1206));
#451=ADVANCED_FACE('',(#1207),#1208,.T.);
#452=PRESENTATION_STYLE_ASSIGNMENT((#1209));
#453=ADVANCED_FACE('',(#1210),#1211,.F.);
#454=PRESENTATION_STYLE_ASSIGNMENT((#1212));
#455=ADVANCED_FACE('',(#1213),#1214,.T.);
#456=PRESENTATION_STYLE_ASSIGNMENT((#1215));
#457=ADVANCED_FACE('',(#1216),#1217,.T.);
#458=PRESENTATION_STYLE_ASSIGNMENT((#1218));
#459=ADVANCED_FACE('',(#1219),#1220,.T.);
#460=PRESENTATION_STYLE_ASSIGNMENT((#1221));
#461=ADVANCED_FACE('',(#1222),#1223,.F.);
#462=PRESENTATION_STYLE_ASSIGNMENT((#1224));
#463=ADVANCED_FACE('',(#1225),#1226,.T.);
#464=PRESENTATION_STYLE_ASSIGNMENT((#1227));
#465=ADVANCED_FACE('',(#1228),#1229,.T.);
#466=PRESENTATION_STYLE_ASSIGNMENT((#1230));
#467=ADVANCED_FACE('',(#1231),#1232,.T.);
#468=PRESENTATION_STYLE_ASSIGNMENT((#1233));
#469=ADVANCED_FACE('',(#1234),#1235,.T.);
#470=PRESENTATION_STYLE_ASSIGNMENT((#1236));
#471=ADVANCED_FACE('',(#1237),#1238,.T.);
#472=PRESENTATION_STYLE_ASSIGNMENT((#1239));
#473=ADVANCED_FACE('',(#1240),#1241,.T.);
#474=PRESENTATION_STYLE_ASSIGNMENT((#1242));
#475=ADVANCED_FACE('',(#1243),#1244,.T.);
#476=PRESENTATION_STYLE_ASSIGNMENT((#1245));
#477=ADVANCED_FACE('',(#1246),#1247,.T.);
#478=PRESENTATION_STYLE_ASSIGNMENT((#1248));
#479=ADVANCED_FACE('',(#1249),#1250,.F.);
#480=PRESENTATION_STYLE_ASSIGNMENT((#1251));
#481=ADVANCED_FACE('',(#1252),#1253,.T.);
#482=PRESENTATION_STYLE_ASSIGNMENT((#1254));
#483=ADVANCED_FACE('',(#1255,#1256),#1257,.T.);
#484=PRESENTATION_STYLE_ASSIGNMENT((#1258));
#485=ADVANCED_FACE('',(#1259),#1260,.F.);
#486=PRESENTATION_STYLE_ASSIGNMENT((#1261));
#487=ADVANCED_FACE('',(#1262),#1263,.F.);
#488=PRESENTATION_STYLE_ASSIGNMENT((#1264));
#489=ADVANCED_FACE('',(#1265),#1266,.T.);
#490=PRESENTATION_STYLE_ASSIGNMENT((#1267));
#491=ADVANCED_FACE('',(#1268),#1269,.F.);
#492=PRESENTATION_STYLE_ASSIGNMENT((#1270));
#493=ADVANCED_FACE('',(#1271),#1272,.T.);
#494=PRESENTATION_STYLE_ASSIGNMENT((#1273));
#495=ADVANCED_FACE('',(#1274),#1275,.T.);
#496=PRESENTATION_STYLE_ASSIGNMENT((#1276));
#497=ADVANCED_FACE('',(#1277),#1278,.T.);
#498=PRESENTATION_STYLE_ASSIGNMENT((#1279));
#499=ADVANCED_FACE('',(#1280),#1281,.F.);
#500=PRESENTATION_STYLE_ASSIGNMENT((#1282));
#501=ADVANCED_FACE('',(#1283,#1284),#1285,.T.);
#502=PRESENTATION_STYLE_ASSIGNMENT((#1286));
#503=ADVANCED_FACE('',(#1287),#1288,.T.);
#504=PRESENTATION_STYLE_ASSIGNMENT((#1289));
#505=ADVANCED_FACE('',(#1290),#1291,.T.);
#506=PRESENTATION_STYLE_ASSIGNMENT((#1292));
#507=ADVANCED_FACE('',(#1293),#1294,.T.);
#508=PRESENTATION_STYLE_ASSIGNMENT((#1295));
#509=ADVANCED_FACE('',(#1296),#1297,.F.);
#510=PRESENTATION_STYLE_ASSIGNMENT((#1298));
#511=ADVANCED_FACE('',(#1299),#1300,.T.);
#512=PRESENTATION_STYLE_ASSIGNMENT((#1301));
#513=ADVANCED_FACE('',(#1302),#1303,.F.);
#514=PRESENTATION_STYLE_ASSIGNMENT((#1304));
#515=ADVANCED_FACE('',(#1305),#1306,.F.);
#516=PRESENTATION_STYLE_ASSIGNMENT((#1307));
#517=ADVANCED_FACE('',(#1308),#1309,.T.);
#518=PRESENTATION_STYLE_ASSIGNMENT((#1310));
#519=ADVANCED_FACE('',(#1311),#1312,.F.);
#520=PRESENTATION_STYLE_ASSIGNMENT((#1313));
#521=ADVANCED_FACE('',(#1314),#1315,.F.);
#522=PRESENTATION_STYLE_ASSIGNMENT((#1316));
#523=ADVANCED_FACE('',(#1317),#1318,.F.);
#524=PRESENTATION_STYLE_ASSIGNMENT((#1319));
#525=ADVANCED_FACE('',(#1320),#1321,.T.);
#526=PRESENTATION_STYLE_ASSIGNMENT((#1322));
#527=ADVANCED_FACE('',(#1323),#1324,.T.);
#528=PRESENTATION_STYLE_ASSIGNMENT((#1325));
#529=ADVANCED_FACE('',(#1326),#1327,.T.);
#530=PRESENTATION_STYLE_ASSIGNMENT((#1328));
#531=ADVANCED_FACE('',(#1329),#1330,.F.);
#532=PRESENTATION_STYLE_ASSIGNMENT((#1331));
#533=ADVANCED_FACE('',(#1332),#1333,.F.);
#534=PRESENTATION_STYLE_ASSIGNMENT((#1334));
#535=ADVANCED_FACE('',(#1335),#1336,.F.);
#536=PRESENTATION_STYLE_ASSIGNMENT((#1337));
#537=ADVANCED_FACE('',(#1338),#1339,.T.);
#538=PRESENTATION_STYLE_ASSIGNMENT((#1340));
#539=ADVANCED_FACE('',(#1341),#1342,.F.);
#540=PRESENTATION_STYLE_ASSIGNMENT((#1343));
#541=ADVANCED_FACE('',(#1344),#1345,.T.);
#542=PRESENTATION_STYLE_ASSIGNMENT((#1346));
#543=ADVANCED_FACE('',(#1347),#1348,.T.);
#544=PRESENTATION_STYLE_ASSIGNMENT((#1349));
#545=ADVANCED_FACE('',(#1350),#1351,.T.);
#546=PRESENTATION_STYLE_ASSIGNMENT((#1352));
#547=ADVANCED_FACE('',(#1353),#1354,.F.);
#548=PRESENTATION_STYLE_ASSIGNMENT((#1355));
#549=ADVANCED_FACE('',(#1356),#1357,.F.);
#550=PRESENTATION_STYLE_ASSIGNMENT((#1358));
#551=ADVANCED_FACE('',(#1359),#1360,.T.);
#552=PRESENTATION_STYLE_ASSIGNMENT((#1361));
#553=ADVANCED_FACE('',(#1362),#1363,.F.);
#554=PRESENTATION_STYLE_ASSIGNMENT((#1364));
#555=ADVANCED_FACE('',(#1365),#1366,.F.);
#556=PRESENTATION_STYLE_ASSIGNMENT((#1367));
#557=ADVANCED_FACE('',(#1368),#1369,.T.);
#558=PRESENTATION_STYLE_ASSIGNMENT((#1370));
#559=ADVANCED_FACE('',(#1371),#1372,.T.);
#560=PRESENTATION_STYLE_ASSIGNMENT((#1373));
#561=ADVANCED_FACE('',(#1374),#1375,.T.);
#562=PRESENTATION_STYLE_ASSIGNMENT((#1376));
#563=ADVANCED_FACE('',(#1377),#1378,.T.);
#564=PRESENTATION_STYLE_ASSIGNMENT((#1379));
#565=ADVANCED_FACE('',(#1380),#1381,.T.);
#566=PRESENTATION_STYLE_ASSIGNMENT((#1382));
#567=ADVANCED_FACE('',(#1383),#1384,.T.);
#568=PRESENTATION_STYLE_ASSIGNMENT((#1385));
#569=ADVANCED_FACE('',(#1386),#1387,.T.);
#570=PRESENTATION_STYLE_ASSIGNMENT((#1388));
#571=ADVANCED_FACE('',(#1389),#1390,.T.);
#572=PRESENTATION_STYLE_ASSIGNMENT((#1391));
#573=ADVANCED_FACE('',(#1392),#1393,.T.);
#574=PRESENTATION_STYLE_ASSIGNMENT((#1394));
#575=ADVANCED_FACE('',(#1395),#1396,.F.);
#576=PRESENTATION_STYLE_ASSIGNMENT((#1397));
#577=ADVANCED_FACE('',(#1398),#1399,.T.);
#578=PRESENTATION_STYLE_ASSIGNMENT((#1400));
#579=ADVANCED_FACE('',(#1401),#1402,.T.);
#580=PRESENTATION_STYLE_ASSIGNMENT((#1403));
#581=ADVANCED_FACE('',(#1404),#1405,.T.);
#582=PRESENTATION_STYLE_ASSIGNMENT((#1406));
#583=ADVANCED_FACE('',(#1407),#1408,.T.);
#584=PRESENTATION_STYLE_ASSIGNMENT((#1409));
#585=ADVANCED_FACE('',(#1410),#1411,.T.);
#586=PRESENTATION_STYLE_ASSIGNMENT((#1412));
#587=ADVANCED_FACE('',(#1413),#1414,.T.);
#588=PRESENTATION_STYLE_ASSIGNMENT((#1415));
#589=ADVANCED_FACE('',(#1416),#1417,.T.);
#590=PRESENTATION_STYLE_ASSIGNMENT((#1418));
#591=ADVANCED_FACE('',(#1419),#1420,.T.);
#592=PRESENTATION_STYLE_ASSIGNMENT((#1421));
#593=ADVANCED_FACE('',(#1422),#1423,.T.);
#594=PRESENTATION_STYLE_ASSIGNMENT((#1424));
#595=ADVANCED_FACE('',(#1425),#1426,.F.);
#596=PRESENTATION_STYLE_ASSIGNMENT((#1427));
#597=ADVANCED_FACE('',(#1428),#1429,.T.);
#598=PRESENTATION_STYLE_ASSIGNMENT((#1430));
#599=ADVANCED_FACE('',(#1431),#1432,.T.);
#600=PRESENTATION_STYLE_ASSIGNMENT((#1433));
#601=ADVANCED_FACE('',(#1434),#1435,.T.);
#602=PRESENTATION_STYLE_ASSIGNMENT((#1436));
#603=ADVANCED_FACE('',(#1437),#1438,.T.);
#604=PRESENTATION_STYLE_ASSIGNMENT((#1439));
#605=ADVANCED_FACE('',(#1440,#1441),#1442,.F.);
#606=PRESENTATION_STYLE_ASSIGNMENT((#1443));
#607=ADVANCED_FACE('',(#1444),#1445,.T.);
#608=PRESENTATION_STYLE_ASSIGNMENT((#1446));
#609=ADVANCED_FACE('',(#1447),#1448,.F.);
#610=PRESENTATION_STYLE_ASSIGNMENT((#1449));
#611=ADVANCED_FACE('',(#1450),#1451,.F.);
#612=PRESENTATION_STYLE_ASSIGNMENT((#1452));
#613=ADVANCED_FACE('',(#1453),#1454,.F.);
#614=PRESENTATION_STYLE_ASSIGNMENT((#1455));
#615=ADVANCED_FACE('',(#1456),#1457,.F.);
#616=PRESENTATION_STYLE_ASSIGNMENT((#1458));
#617=ADVANCED_FACE('',(#1459),#1460,.T.);
#618=PRESENTATION_STYLE_ASSIGNMENT((#1461));
#619=ADVANCED_FACE('',(#1462),#1463,.T.);
#620=PRESENTATION_STYLE_ASSIGNMENT((#1464));
#621=ADVANCED_FACE('',(#1465),#1466,.F.);
#622=PRESENTATION_STYLE_ASSIGNMENT((#1467));
#623=ADVANCED_FACE('',(#1468),#1469,.T.);
#624=PRESENTATION_STYLE_ASSIGNMENT((#1470));
#625=ADVANCED_FACE('',(#1471),#1472,.F.);
#626=PRESENTATION_STYLE_ASSIGNMENT((#1473));
#627=ADVANCED_FACE('',(#1474),#1475,.F.);
#628=PRESENTATION_STYLE_ASSIGNMENT((#1476));
#629=ADVANCED_FACE('',(#1477),#1478,.T.);
#630=PRESENTATION_STYLE_ASSIGNMENT((#1479));
#631=ADVANCED_FACE('',(#1480),#1481,.F.);
#632=PRESENTATION_STYLE_ASSIGNMENT((#1482));
#633=ADVANCED_FACE('',(#1483),#1484,.T.);
#634=PRESENTATION_STYLE_ASSIGNMENT((#1485));
#635=ADVANCED_FACE('',(#1486),#1487,.T.);
#636=PRESENTATION_STYLE_ASSIGNMENT((#1488));
#637=ADVANCED_FACE('',(#1489),#1490,.F.);
#638=PRESENTATION_STYLE_ASSIGNMENT((#1491));
#639=ADVANCED_FACE('',(#1492),#1493,.F.);
#640=PRESENTATION_STYLE_ASSIGNMENT((#1494));
#641=ADVANCED_FACE('',(#1495),#1496,.F.);
#642=PRESENTATION_STYLE_ASSIGNMENT((#1497));
#643=ADVANCED_FACE('',(#1498),#1499,.F.);
#644=PRESENTATION_STYLE_ASSIGNMENT((#1500));
#645=ADVANCED_FACE('',(#1501),#1502,.F.);
#646=PRESENTATION_STYLE_ASSIGNMENT((#1503));
#647=ADVANCED_FACE('',(#1504),#1505,.F.);
#648=PRESENTATION_STYLE_ASSIGNMENT((#1506));
#649=ADVANCED_FACE('',(#1507),#1508,.T.);
#650=PRESENTATION_STYLE_ASSIGNMENT((#1509));
#651=ADVANCED_FACE('',(#1510),#1511,.T.);
#652=PRESENTATION_STYLE_ASSIGNMENT((#1512));
#653=ADVANCED_FACE('',(#1513),#1514,.T.);
#654=PRESENTATION_STYLE_ASSIGNMENT((#1515));
#655=ADVANCED_FACE('',(#1516),#1517,.T.);
#656=PRESENTATION_STYLE_ASSIGNMENT((#1518));
#657=ADVANCED_FACE('',(#1519),#1520,.T.);
#658=PRESENTATION_STYLE_ASSIGNMENT((#1521));
#659=ADVANCED_FACE('',(#1522),#1523,.T.);
#660=PRESENTATION_STYLE_ASSIGNMENT((#1524));
#661=ADVANCED_FACE('',(#1525),#1526,.F.);
#662=PRESENTATION_STYLE_ASSIGNMENT((#1527));
#663=ADVANCED_FACE('',(#1528),#1529,.F.);
#664=PRESENTATION_STYLE_ASSIGNMENT((#1530));
#665=ADVANCED_FACE('',(#1531),#1532,.F.);
#666=PRESENTATION_STYLE_ASSIGNMENT((#1533));
#667=ADVANCED_FACE('',(#1534),#1535,.F.);
#668=PRESENTATION_STYLE_ASSIGNMENT((#1536));
#669=ADVANCED_FACE('',(#1537),#1538,.T.);
#670=PRESENTATION_STYLE_ASSIGNMENT((#1539));
#671=ADVANCED_FACE('',(#1540),#1541,.T.);
#672=PRESENTATION_STYLE_ASSIGNMENT((#1542));
#673=ADVANCED_FACE('',(#1543),#1544,.T.);
#674=PRESENTATION_STYLE_ASSIGNMENT((#1545));
#675=ADVANCED_FACE('',(#1546),#1547,.F.);
#676=PRESENTATION_STYLE_ASSIGNMENT((#1548));
#677=ADVANCED_FACE('',(#1549),#1550,.T.);
#678=PRESENTATION_STYLE_ASSIGNMENT((#1551));
#679=ADVANCED_FACE('',(#1552),#1553,.T.);
#680=PRESENTATION_STYLE_ASSIGNMENT((#1554));
#681=ADVANCED_FACE('',(#1555),#1556,.F.);
#682=PRESENTATION_STYLE_ASSIGNMENT((#1557));
#683=ADVANCED_FACE('',(#1558),#1559,.F.);
#684=PRESENTATION_STYLE_ASSIGNMENT((#1560));
#685=ADVANCED_FACE('',(#1561),#1562,.T.);
#686=PRESENTATION_STYLE_ASSIGNMENT((#1563));
#687=ADVANCED_FACE('',(#1564),#1565,.T.);
#688=PRESENTATION_STYLE_ASSIGNMENT((#1566));
#689=ADVANCED_FACE('',(#1567),#1568,.T.);
#690=PRESENTATION_STYLE_ASSIGNMENT((#1569));
#691=ADVANCED_FACE('',(#1570),#1571,.T.);
#692=PRESENTATION_STYLE_ASSIGNMENT((#1572));
#693=ADVANCED_FACE('',(#1573),#1574,.T.);
#694=PRESENTATION_STYLE_ASSIGNMENT((#1575));
#695=ADVANCED_FACE('',(#1576),#1577,.T.);
#696=PRESENTATION_STYLE_ASSIGNMENT((#1578));
#697=ADVANCED_FACE('',(#1579),#1580,.F.);
#698=PRESENTATION_STYLE_ASSIGNMENT((#1581));
#699=ADVANCED_FACE('',(#1582),#1583,.F.);
#700=PRESENTATION_STYLE_ASSIGNMENT((#1584));
#701=ADVANCED_FACE('',(#1585),#1586,.F.);
#702=PRESENTATION_STYLE_ASSIGNMENT((#1587));
#703=ADVANCED_FACE('',(#1588),#1589,.F.);
#704=PRESENTATION_STYLE_ASSIGNMENT((#1590));
#705=ADVANCED_FACE('',(#1591),#1592,.T.);
#706=PRESENTATION_STYLE_ASSIGNMENT((#1593));
#707=ADVANCED_FACE('',(#1594),#1595,.F.);
#708=PRESENTATION_STYLE_ASSIGNMENT((#1596));
#709=ADVANCED_FACE('',(#1597),#1598,.T.);
#710=PRESENTATION_STYLE_ASSIGNMENT((#1599));
#711=ADVANCED_FACE('',(#1600),#1601,.T.);
#712=PRESENTATION_STYLE_ASSIGNMENT((#1602));
#713=ADVANCED_FACE('',(#1603),#1604,.F.);
#714=PRESENTATION_STYLE_ASSIGNMENT((#1605));
#715=ADVANCED_FACE('',(#1606),#1607,.T.);
#716=PRESENTATION_STYLE_ASSIGNMENT((#1608));
#717=ADVANCED_FACE('',(#1609),#1610,.F.);
#718=PRESENTATION_STYLE_ASSIGNMENT((#1611));
#719=ADVANCED_FACE('',(#1612),#1613,.F.);
#720=PRESENTATION_STYLE_ASSIGNMENT((#1614));
#721=ADVANCED_FACE('',(#1615),#1616,.F.);
#722=PRESENTATION_STYLE_ASSIGNMENT((#1617));
#723=ADVANCED_FACE('',(#1618),#1619,.F.);
#724=PRESENTATION_STYLE_ASSIGNMENT((#1620));
#725=ADVANCED_FACE('',(#1621),#1622,.F.);
#726=PRESENTATION_STYLE_ASSIGNMENT((#1623));
#727=ADVANCED_FACE('',(#1624,#1625),#1626,.T.);
#728=PRESENTATION_STYLE_ASSIGNMENT((#1627));
#729=ADVANCED_FACE('',(#1628),#1629,.F.);
#730=PRESENTATION_STYLE_ASSIGNMENT((#1630));
#731=ADVANCED_FACE('',(#1631),#1632,.T.);
#732=PRESENTATION_STYLE_ASSIGNMENT((#1633));
#733=ADVANCED_FACE('',(#1634),#1635,.F.);
#734=PRESENTATION_STYLE_ASSIGNMENT((#1636));
#735=ADVANCED_FACE('',(#1637),#1638,.T.);
#736=PRESENTATION_STYLE_ASSIGNMENT((#1639));
#737=ADVANCED_FACE('',(#1640),#1641,.F.);
#738=PRESENTATION_STYLE_ASSIGNMENT((#1642));
#739=ADVANCED_FACE('',(#1643),#1644,.T.);
#740=PRESENTATION_STYLE_ASSIGNMENT((#1645));
#741=ADVANCED_FACE('',(#1646),#1647,.T.);
#742=PRESENTATION_STYLE_ASSIGNMENT((#1648));
#743=ADVANCED_FACE('',(#1649),#1650,.F.);
#744=PRESENTATION_STYLE_ASSIGNMENT((#1651));
#745=ADVANCED_FACE('',(#1652),#1653,.T.);
#746=PRESENTATION_STYLE_ASSIGNMENT((#1654));
#747=ADVANCED_FACE('',(#1655),#1656,.F.);
#748=PRESENTATION_STYLE_ASSIGNMENT((#1657));
#749=ADVANCED_FACE('',(#1658),#1659,.F.);
#750=PRESENTATION_STYLE_ASSIGNMENT((#1660));
#751=ADVANCED_FACE('',(#1661),#1662,.T.);
#752=PRESENTATION_STYLE_ASSIGNMENT((#1663));
#753=ADVANCED_FACE('',(#1664),#1665,.F.);
#754=PRESENTATION_STYLE_ASSIGNMENT((#1666));
#755=ADVANCED_FACE('',(#1667),#1668,.F.);
#756=PRESENTATION_STYLE_ASSIGNMENT((#1669));
#757=ADVANCED_FACE('',(#1670),#1671,.F.);
#758=PRESENTATION_STYLE_ASSIGNMENT((#1672));
#759=ADVANCED_FACE('',(#1673),#1674,.F.);
#760=PRESENTATION_STYLE_ASSIGNMENT((#1675));
#761=ADVANCED_FACE('',(#1676,#1677),#1678,.T.);
#762=PRESENTATION_STYLE_ASSIGNMENT((#1679));
#763=ADVANCED_FACE('',(#1680),#1681,.T.);
#764=PRESENTATION_STYLE_ASSIGNMENT((#1682));
#765=ADVANCED_FACE('',(#1683),#1684,.T.);
#766=PRESENTATION_STYLE_ASSIGNMENT((#1685));
#767=ADVANCED_FACE('',(#1686),#1687,.F.);
#768=PRESENTATION_STYLE_ASSIGNMENT((#1688));
#769=ADVANCED_FACE('',(#1689,#1690),#1691,.F.);
#770=PRESENTATION_STYLE_ASSIGNMENT((#1692));
#771=ADVANCED_FACE('',(#1693),#1694,.F.);
#772=PRESENTATION_STYLE_ASSIGNMENT((#1695));
#773=ADVANCED_FACE('',(#1696),#1697,.T.);
#774=PRESENTATION_STYLE_ASSIGNMENT((#1698));
#775=ADVANCED_FACE('',(#1699),#1700,.T.);
#776=PRESENTATION_STYLE_ASSIGNMENT((#1701));
#777=ADVANCED_FACE('',(#1702),#1703,.T.);
#778=PRESENTATION_STYLE_ASSIGNMENT((#1704));
#779=ADVANCED_FACE('',(#1705),#1706,.T.);
#780=PRESENTATION_STYLE_ASSIGNMENT((#1707));
#781=ADVANCED_FACE('',(#1708),#1709,.T.);
#782=PRESENTATION_STYLE_ASSIGNMENT((#1710));
#783=ADVANCED_FACE('',(#1711),#1712,.T.);
#784=PRESENTATION_STYLE_ASSIGNMENT((#1713));
#785=ADVANCED_FACE('',(#1714),#1715,.F.);
#786=PRESENTATION_STYLE_ASSIGNMENT((#1716));
#787=ADVANCED_FACE('',(#1717),#1718,.T.);
#788=PRESENTATION_STYLE_ASSIGNMENT((#1719));
#789=ADVANCED_FACE('',(#1720),#1721,.F.);
#790=PRESENTATION_STYLE_ASSIGNMENT((#1722));
#791=ADVANCED_FACE('',(#1723),#1724,.F.);
#792=PRESENTATION_STYLE_ASSIGNMENT((#1725));
#793=ADVANCED_FACE('',(#1726),#1727,.T.);
#794=PRESENTATION_STYLE_ASSIGNMENT((#1728));
#795=ADVANCED_FACE('',(#1729),#1730,.T.);
#796=PRESENTATION_STYLE_ASSIGNMENT((#1731));
#797=ADVANCED_FACE('',(#1732),#1733,.T.);
#798=PRESENTATION_STYLE_ASSIGNMENT((#1734));
#799=ADVANCED_FACE('',(#1735),#1736,.F.);
#800=PRESENTATION_STYLE_ASSIGNMENT((#1737));
#801=ADVANCED_FACE('',(#1738),#1739,.F.);
#802=PRESENTATION_STYLE_ASSIGNMENT((#1740));
#803=ADVANCED_FACE('',(#1741,#1742),#1743,.T.);
#804=PRESENTATION_STYLE_ASSIGNMENT((#1744));
#805=ADVANCED_FACE('',(#1745),#1746,.F.);
#806=PRESENTATION_STYLE_ASSIGNMENT((#1747));
#807=ADVANCED_FACE('',(#1748),#1749,.T.);
#808=PRESENTATION_STYLE_ASSIGNMENT((#1750));
#809=ADVANCED_FACE('',(#1751),#1752,.T.);
#810=PRESENTATION_STYLE_ASSIGNMENT((#1753));
#811=ADVANCED_FACE('',(#1754),#1755,.T.);
#812=PRESENTATION_STYLE_ASSIGNMENT((#1756));
#813=ADVANCED_FACE('',(#1757),#1758,.T.);
#814=PRESENTATION_STYLE_ASSIGNMENT((#1759));
#815=ADVANCED_FACE('',(#1760),#1761,.T.);
#816=PRESENTATION_STYLE_ASSIGNMENT((#1762));
#817=ADVANCED_FACE('',(#1763),#1764,.F.);
#818=PRESENTATION_STYLE_ASSIGNMENT((#1765));
#819=ADVANCED_FACE('',(#1766,#1767),#1768,.T.);
#820=PRESENTATION_STYLE_ASSIGNMENT((#1769));
#821=ADVANCED_FACE('',(#1770),#1771,.T.);
#822=PRESENTATION_STYLE_ASSIGNMENT((#1772));
#823=ADVANCED_FACE('',(#1773,#1774),#1775,.T.);
#824=PRESENTATION_STYLE_ASSIGNMENT((#1776));
#825=ADVANCED_FACE('',(#1777),#1778,.F.);
#826=PRESENTATION_STYLE_ASSIGNMENT((#1779));
#827=ADVANCED_FACE('',(#1780),#1781,.F.);
#828=PRESENTATION_STYLE_ASSIGNMENT((#1782));
#829=ADVANCED_FACE('',(#1783),#1784,.T.);
#830=PRESENTATION_STYLE_ASSIGNMENT((#1785));
#831=ADVANCED_FACE('',(#1786),#1787,.T.);
#832=PRESENTATION_STYLE_ASSIGNMENT((#1788));
#833=ADVANCED_FACE('',(#1789),#1790,.F.);
#834=PRESENTATION_STYLE_ASSIGNMENT((#1791));
#835=ADVANCED_FACE('',(#1792),#1793,.F.);
#836=PRESENTATION_STYLE_ASSIGNMENT((#1794));
#837=ADVANCED_FACE('',(#1795),#1796,.T.);
#838=PRESENTATION_STYLE_ASSIGNMENT((#1797));
#839=ADVANCED_FACE('',(#1798),#1799,.T.);
#840=PRESENTATION_STYLE_ASSIGNMENT((#1800));
#841=ADVANCED_FACE('',(#1801),#1802,.T.);
#842=PRESENTATION_STYLE_ASSIGNMENT((#1803));
#843=ADVANCED_FACE('',(#1804),#1805,.T.);
#844=PRESENTATION_STYLE_ASSIGNMENT((#1806));
#845=ADVANCED_FACE('',(#1807),#1808,.F.);
#846=PRESENTATION_STYLE_ASSIGNMENT((#1809));
#847=ADVANCED_FACE('',(#1810,#1811,#1812,#1813,#1814,#1815),#1816,.T.);
#848=PRESENTATION_STYLE_ASSIGNMENT((#1817));
#849=ADVANCED_FACE('',(#1818),#1819,.T.);
#850=PRESENTATION_STYLE_ASSIGNMENT((#1820));
#851=ADVANCED_FACE('',(#1821),#1822,.T.);
#852=PRESENTATION_STYLE_ASSIGNMENT((#1823));
#853=ADVANCED_FACE('',(#1824),#1825,.T.);
#854=PRESENTATION_STYLE_ASSIGNMENT((#1826));
#855=ADVANCED_FACE('',(#1827),#1828,.F.);
#856=PRESENTATION_STYLE_ASSIGNMENT((#1829));
#857=ADVANCED_FACE('',(#1830),#1831,.T.);
#858=PRESENTATION_STYLE_ASSIGNMENT((#1832));
#859=ADVANCED_FACE('',(#1833),#1834,.F.);
#860=PRESENTATION_STYLE_ASSIGNMENT((#1835));
#861=ADVANCED_FACE('',(#1836),#1837,.F.);
#862=PRESENTATION_STYLE_ASSIGNMENT((#1838));
#863=ADVANCED_FACE('',(#1839,#1840),#1841,.T.);
#864=PRESENTATION_STYLE_ASSIGNMENT((#1842));
#865=ADVANCED_FACE('',(#1843),#1844,.F.);
#866=PRESENTATION_STYLE_ASSIGNMENT((#1845));
#867=ADVANCED_FACE('',(#1846),#1847,.T.);
#868=PRESENTATION_STYLE_ASSIGNMENT((#1848));
#869=ADVANCED_FACE('',(#1849),#1850,.T.);
#870=PRESENTATION_STYLE_ASSIGNMENT((#1851));
#871=ADVANCED_FACE('',(#1852),#1853,.T.);
#872=PRESENTATION_STYLE_ASSIGNMENT((#1854));
#873=ADVANCED_FACE('',(#1855),#1856,.T.);
#874=PRESENTATION_STYLE_ASSIGNMENT((#1857));
#875=ADVANCED_FACE('',(#1858),#1859,.T.);
#876=PRESENTATION_STYLE_ASSIGNMENT((#1860));
#877=ADVANCED_FACE('',(#1861),#1862,.F.);
#878=PRESENTATION_STYLE_ASSIGNMENT((#1863));
#879=ADVANCED_FACE('',(#1864),#1865,.F.);
#880=PRESENTATION_STYLE_ASSIGNMENT((#1866));
#881=ADVANCED_FACE('',(#1867),#1868,.F.);
#882=PRESENTATION_STYLE_ASSIGNMENT((#1869));
#883=ADVANCED_FACE('',(#1870),#1871,.T.);
#884=PRESENTATION_STYLE_ASSIGNMENT((#1872));
#885=ADVANCED_FACE('',(#1873),#1874,.T.);
#886=PRESENTATION_STYLE_ASSIGNMENT((#1875));
#887=ADVANCED_FACE('',(#1876),#1877,.T.);
#888=PRESENTATION_STYLE_ASSIGNMENT((#1878));
#889=ADVANCED_FACE('',(#1879,#1880,#1881,#1882),#1883,.F.);
#890=PRESENTATION_STYLE_ASSIGNMENT((#1884));
#891=ADVANCED_FACE('',(#1885),#1886,.F.);
#892=PRESENTATION_STYLE_ASSIGNMENT((#1887));
#893=ADVANCED_FACE('',(#1888),#1889,.F.);
#894=PRESENTATION_STYLE_ASSIGNMENT((#1890));
#895=ADVANCED_FACE('',(#1891),#1892,.F.);
#896=PRESENTATION_STYLE_ASSIGNMENT((#1893));
#897=ADVANCED_FACE('',(#1894),#1895,.F.);
#898=PRESENTATION_STYLE_ASSIGNMENT((#1896));
#899=ADVANCED_FACE('',(#1897),#1898,.T.);
#900=PRESENTATION_STYLE_ASSIGNMENT((#1899));
#901=ADVANCED_FACE('',(#1900),#1901,.F.);
#902=PRESENTATION_STYLE_ASSIGNMENT((#1902));
#903=ADVANCED_FACE('',(#1903),#1904,.T.);
#904=PRESENTATION_STYLE_ASSIGNMENT((#1905));
#905=ADVANCED_FACE('',(#1906),#1907,.F.);
#906=PRESENTATION_STYLE_ASSIGNMENT((#1908));
#907=ADVANCED_FACE('',(#1909,#1910),#1911,.F.);
#908=PRESENTATION_STYLE_ASSIGNMENT((#1912));
#909=ADVANCED_FACE('',(#1913),#1914,.F.);
#910=PRESENTATION_STYLE_ASSIGNMENT((#1915));
#911=ADVANCED_FACE('',(#1916,#1917),#1918,.T.);
#912=PRESENTATION_STYLE_ASSIGNMENT((#1919));
#913=ADVANCED_FACE('',(#1920),#1921,.F.);
#914=PRESENTATION_STYLE_ASSIGNMENT((#1922));
#915=ADVANCED_FACE('',(#1923,#1924),#1925,.F.);
#916=PRESENTATION_STYLE_ASSIGNMENT((#1926));
#917=ADVANCED_FACE('',(#1927),#1928,.F.);
#918=PRESENTATION_STYLE_ASSIGNMENT((#1929));
#919=ADVANCED_FACE('',(#1930,#1931),#1932,.T.);
#920=PRESENTATION_STYLE_ASSIGNMENT((#1933));
#921=ADVANCED_FACE('',(#1934),#1935,.T.);
#922=PRESENTATION_STYLE_ASSIGNMENT((#1936));
#923=ADVANCED_FACE('',(#1937),#1938,.F.);
#924=PRESENTATION_STYLE_ASSIGNMENT((#1939));
#925=ADVANCED_FACE('',(#1940),#1941,.F.);
#926=PRESENTATION_STYLE_ASSIGNMENT((#1942));
#927=ADVANCED_FACE('',(#1943),#1944,.T.);
#928=PRESENTATION_STYLE_ASSIGNMENT((#1945));
#929=ADVANCED_FACE('',(#1946),#1947,.T.);
#930=PRESENTATION_STYLE_ASSIGNMENT((#1948));
#931=ADVANCED_FACE('',(#1949),#1950,.T.);
#932=PRESENTATION_STYLE_ASSIGNMENT((#1951));
#933=ADVANCED_FACE('',(#1952),#1953,.T.);
#934=PRESENTATION_STYLE_ASSIGNMENT((#1954));
#935=ADVANCED_FACE('',(#1955),#1956,.T.);
#936=PRESENTATION_STYLE_ASSIGNMENT((#1957));
#937=ADVANCED_FACE('',(#1958),#1959,.T.);
#938=PRESENTATION_STYLE_ASSIGNMENT((#1960));
#939=ADVANCED_FACE('',(#1961),#1962,.T.);
#940=PRESENTATION_STYLE_ASSIGNMENT((#1963));
#941=ADVANCED_FACE('',(#1964),#1965,.T.);
#942=PRESENTATION_STYLE_ASSIGNMENT((#1966));
#943=ADVANCED_FACE('',(#1967),#1968,.T.);
#944=PRESENTATION_STYLE_ASSIGNMENT((#1969));
#945=ADVANCED_FACE('',(#1970),#1971,.T.);
#946=PRESENTATION_STYLE_ASSIGNMENT((#1972));
#947=ADVANCED_FACE('',(#1973),#1974,.T.);
#948=PRESENTATION_STYLE_ASSIGNMENT((#1975));
#949=ADVANCED_FACE('',(#1976),#1977,.T.);
#950=PRESENTATION_STYLE_ASSIGNMENT((#1978));
#951=ADVANCED_FACE('',(#1979),#1980,.T.);
#952=PRESENTATION_STYLE_ASSIGNMENT((#1981));
#953=ADVANCED_FACE('',(#1982),#1983,.T.);
#954=PRESENTATION_STYLE_ASSIGNMENT((#1984));
#955=ADVANCED_FACE('',(#1985),#1986,.T.);
#956=PRESENTATION_STYLE_ASSIGNMENT((#1987));
#957=ADVANCED_FACE('',(#1988),#1989,.T.);
#958=PRESENTATION_STYLE_ASSIGNMENT((#1990));
#959=ADVANCED_FACE('',(#1991),#1992,.T.);
#960=PRESENTATION_STYLE_ASSIGNMENT((#1993));
#961=ADVANCED_FACE('',(#1994),#1995,.T.);
#962=PRESENTATION_STYLE_ASSIGNMENT((#1996));
#963=ADVANCED_FACE('',(#1997),#1998,.T.);
#964=PRESENTATION_STYLE_ASSIGNMENT((#1999));
#965=ADVANCED_FACE('',(#2000),#2001,.T.);
#966=PRESENTATION_STYLE_ASSIGNMENT((#2002));
#967=ADVANCED_FACE('',(#2003),#2004,.T.);
#968=PRESENTATION_STYLE_ASSIGNMENT((#2005));
#969=ADVANCED_FACE('',(#2006),#2007,.T.);
#970=PRESENTATION_STYLE_ASSIGNMENT((#2008));
#971=ADVANCED_FACE('',(#2009),#2010,.T.);
#972=PRESENTATION_STYLE_ASSIGNMENT((#2011));
#973=ADVANCED_FACE('',(#2012),#2013,.T.);
#974=PRESENTATION_STYLE_ASSIGNMENT((#2014));
#975=ADVANCED_FACE('',(#2015),#2016,.F.);
#976=PRESENTATION_STYLE_ASSIGNMENT((#2017));
#977=ADVANCED_FACE('',(#2018),#2019,.F.);
#978=PRESENTATION_STYLE_ASSIGNMENT((#2020));
#979=ADVANCED_FACE('',(#2021),#2022,.T.);
#980=PRESENTATION_STYLE_ASSIGNMENT((#2023));
#981=ADVANCED_FACE('',(#2024),#2025,.F.);
#982=PRESENTATION_STYLE_ASSIGNMENT((#2026));
#983=ADVANCED_FACE('',(#2027),#2028,.F.);
#984=PRESENTATION_STYLE_ASSIGNMENT((#2029));
#985=ADVANCED_FACE('',(#2030),#2031,.T.);
#986=PRESENTATION_STYLE_ASSIGNMENT((#2032));
#987=ADVANCED_FACE('',(#2033),#2034,.F.);
#988=PRESENTATION_STYLE_ASSIGNMENT((#2035));
#989=ADVANCED_FACE('',(#2036),#2037,.F.);
#990=PRESENTATION_STYLE_ASSIGNMENT((#2038));
#991=ADVANCED_FACE('',(#2039),#2040,.F.);
#992=PRESENTATION_STYLE_ASSIGNMENT((#2041));
#993=ADVANCED_FACE('',(#2042),#2043,.T.);
#994=PRESENTATION_STYLE_ASSIGNMENT((#2044));
#995=ADVANCED_FACE('',(#2045),#2046,.F.);
#996=PRESENTATION_STYLE_ASSIGNMENT((#2047));
#997=ADVANCED_FACE('',(#2048),#2049,.T.);
#998=PRESENTATION_STYLE_ASSIGNMENT((#2050));
#999=ADVANCED_FACE('',(#2051),#2052,.T.);
#1000=PRESENTATION_STYLE_ASSIGNMENT((#2053));
#1001=ADVANCED_FACE('',(#2054),#2055,.F.);
#1002=PRESENTATION_STYLE_ASSIGNMENT((#2056));
#1003=ADVANCED_FACE('',(#2057),#2058,.T.);
#1004=PRESENTATION_STYLE_ASSIGNMENT((#2059));
#1005=ADVANCED_FACE('',(#2060),#2061,.T.);
#1006=PRESENTATION_STYLE_ASSIGNMENT((#2062));
#1007=ADVANCED_FACE('',(#2063),#2064,.T.);
#1008=PRESENTATION_STYLE_ASSIGNMENT((#2065));
#1009=ADVANCED_FACE('',(#2066),#2067,.F.);
#1010=PRESENTATION_STYLE_ASSIGNMENT((#2068));
#1011=ADVANCED_FACE('',(#2069),#2070,.F.);
#1012=PRESENTATION_STYLE_ASSIGNMENT((#2071));
#1013=ADVANCED_FACE('',(#2072),#2073,.T.);
#1014=PRESENTATION_STYLE_ASSIGNMENT((#2074));
#1015=ADVANCED_FACE('',(#2075),#2076,.T.);
#1016=PRESENTATION_STYLE_ASSIGNMENT((#2077));
#1017=ADVANCED_FACE('',(#2078),#2079,.T.);
#1018=PRESENTATION_STYLE_ASSIGNMENT((#2080));
#1019=ADVANCED_FACE('',(#2081),#2082,.T.);
#1020=PRESENTATION_STYLE_ASSIGNMENT((#2083));
#1021=ADVANCED_FACE('',(#2084),#2085,.T.);
#1022=PRESENTATION_STYLE_ASSIGNMENT((#2086));
#1023=ADVANCED_FACE('',(#2087),#2088,.T.);
#1024=PRESENTATION_STYLE_ASSIGNMENT((#2089));
#1025=ADVANCED_FACE('',(#2090),#2091,.T.);
#1026=PRESENTATION_STYLE_ASSIGNMENT((#2092));
#1027=ADVANCED_FACE('',(#2093),#2094,.F.);
#1028=PRESENTATION_STYLE_ASSIGNMENT((#2095));
#1029=ADVANCED_FACE('',(#2096),#2097,.F.);
#1030=PRESENTATION_STYLE_ASSIGNMENT((#2098));
#1031=ADVANCED_FACE('',(#2099),#2100,.F.);
#1032=PRESENTATION_STYLE_ASSIGNMENT((#2101));
#1033=ADVANCED_FACE('',(#2102),#2103,.T.);
#1034=PRESENTATION_STYLE_ASSIGNMENT((#2104));
#1035=ADVANCED_FACE('',(#2105),#2106,.T.);
#1036=PRESENTATION_STYLE_ASSIGNMENT((#2107));
#1037=ADVANCED_FACE('',(#2108),#2109,.F.);
#1038=PRESENTATION_STYLE_ASSIGNMENT((#2110));
#1039=ADVANCED_FACE('',(#2111),#2112,.T.);
#1040=PRESENTATION_STYLE_ASSIGNMENT((#2113));
#1041=ADVANCED_FACE('',(#2114),#2115,.F.);
#1042=PRESENTATION_STYLE_ASSIGNMENT((#2116));
#1043=ADVANCED_FACE('',(#2117),#2118,.F.);
#1044=PRESENTATION_STYLE_ASSIGNMENT((#2119));
#1045=ADVANCED_FACE('',(#2120),#2121,.F.);
#1046=PRESENTATION_STYLE_ASSIGNMENT((#2122));
#1047=ADVANCED_FACE('',(#2123,#2124),#2125,.F.);
#1048=PRESENTATION_STYLE_ASSIGNMENT((#2126));
#1049=ADVANCED_FACE('',(#2127),#2128,.F.);
#1050=PRESENTATION_STYLE_ASSIGNMENT((#2129));
#1051=ADVANCED_FACE('',(#2130),#2131,.T.);
#1052=PRESENTATION_STYLE_ASSIGNMENT((#2132));
#1053=ADVANCED_FACE('',(#2133),#2134,.T.);
#1054=PRESENTATION_STYLE_ASSIGNMENT((#2135));
#1055=ADVANCED_FACE('',(#2136),#2137,.F.);
#1056=PRESENTATION_STYLE_ASSIGNMENT((#2138));
#1057=ADVANCED_FACE('',(#2139),#2140,.F.);
#1058=PRESENTATION_STYLE_ASSIGNMENT((#2141));
#1059=ADVANCED_FACE('',(#2142),#2143,.F.);
#1060=PRESENTATION_STYLE_ASSIGNMENT((#2144));
#1061=ADVANCED_FACE('',(#2145),#2146,.F.);
#1062=PRESENTATION_STYLE_ASSIGNMENT((#2147));
#1063=ADVANCED_FACE('',(#2148),#2149,.F.);
#1064=PRESENTATION_STYLE_ASSIGNMENT((#2150));
#1065=ADVANCED_FACE('',(#2151),#2152,.F.);
#1066=PRESENTATION_STYLE_ASSIGNMENT((#2153));
#1067=ADVANCED_FACE('',(#2154),#2155,.F.);
#1068=PRESENTATION_STYLE_ASSIGNMENT((#2156));
#1069=ADVANCED_FACE('',(#2157),#2158,.F.);
#1070=PRESENTATION_STYLE_ASSIGNMENT((#2159));
#1071=ADVANCED_FACE('',(#2160),#2161,.F.);
#1072=PRESENTATION_STYLE_ASSIGNMENT((#2162));
#1073=ADVANCED_FACE('',(#2163),#2164,.F.);
#1074=PRESENTATION_STYLE_ASSIGNMENT((#2165));
#1075=MANIFOLD_SOLID_BREP('VS-25-A|1#VS-25-A;VS-25-A',#2166);
#1076=PRODUCT('VS-25-A|1#VS-25-A;VS-25-A','','PART--DESC',(#2167));
#1077=PRODUCT_DEFINITION('','NONE',#2168,#2);
#1078=AXIS2_PLACEMENT_3D('',#2169,#2170,#2171);
#1081=LENGTH_MEASURE_WITH_UNIT(LENGTH_MEASURE(1.0),#2172);
#1084=DIMENSIONAL_EXPONENTS(1.0,0.0,0.0,0.0,0.0,0.0,0.0);
#1086=DIMENSIONAL_EXPONENTS(0.0,0.0,0.0,0.0,0.0,0.0,0.0);
#1092=SURFACE_STYLE_USAGE(.BOTH.,#2173);
#1093=FACE_OUTER_BOUND('',#2174,.T.);
#1094=TOROIDAL_SURFACE('',#2175,4.00000000000003,0.2);
#1095=SURFACE_STYLE_USAGE(.BOTH.,#2176);
#1096=FACE_OUTER_BOUND('',#2177,.T.);
#1097=TOROIDAL_SURFACE('',#2178,4.00000000000003,0.2);
#1098=SURFACE_STYLE_USAGE(.BOTH.,#2179);
#1099=FACE_OUTER_BOUND('',#2180,.T.);
#1100=TOROIDAL_SURFACE('',#2181,4.20000000000002,0.2);
#1101=SURFACE_STYLE_USAGE(.BOTH.,#2182);
#1102=FACE_OUTER_BOUND('',#2183,.T.);
#1103=TOROIDAL_SURFACE('',#2184,4.00000000000006,0.2);
#1104=SURFACE_STYLE_USAGE(.BOTH.,#2185);
#1105=FACE_OUTER_BOUND('',#2186,.T.);
#1106=TOROIDAL_SURFACE('',#2187,4.20000000000005,0.2);
#1107=SURFACE_STYLE_USAGE(.BOTH.,#2188);
#1108=FACE_OUTER_BOUND('',#2189,.T.);
#1109=TOROIDAL_SURFACE('',#2190,4.00000000000006,0.2);
#1110=SURFACE_STYLE_USAGE(.BOTH.,#2191);
#1111=FACE_OUTER_BOUND('',#2192,.T.);
#1112=CYLINDRICAL_SURFACE('',#2193,3.1);
#1113=SURFACE_STYLE_USAGE(.BOTH.,#2194);
#1114=FACE_OUTER_BOUND('',#2195,.T.);
#1115=CYLINDRICAL_SURFACE('',#2196,0.1935);
#1116=SURFACE_STYLE_USAGE(.BOTH.,#2197);
#1117=FACE_OUTER_BOUND('',#2198,.T.);
#1118=CYLINDRICAL_SURFACE('',#2199,0.19349999999998);
#1119=SURFACE_STYLE_USAGE(.BOTH.,#2200);
#1120=FACE_OUTER_BOUND('',#2201,.T.);
#1121=CYLINDRICAL_SURFACE('',#2202,3.1);
#1122=SURFACE_STYLE_USAGE(.BOTH.,#2203);
#1123=FACE_OUTER_BOUND('',#2204,.T.);
#1124=CYLINDRICAL_SURFACE('',#2205,1.0);
#1125=SURFACE_STYLE_USAGE(.BOTH.,#2206);
#1126=FACE_OUTER_BOUND('',#2207,.T.);
#1127=CYLINDRICAL_SURFACE('',#2208,1.0);
#1128=SURFACE_STYLE_USAGE(.BOTH.,#2209);
#1129=FACE_OUTER_BOUND('',#2210,.T.);
#1130=CYLINDRICAL_SURFACE('',#2211,1.0);
#1131=SURFACE_STYLE_USAGE(.BOTH.,#2212);
#1132=FACE_OUTER_BOUND('',#2213,.T.);
#1133=CYLINDRICAL_SURFACE('',#2214,1.0);
#1134=SURFACE_STYLE_USAGE(.BOTH.,#2215);
#1135=FACE_OUTER_BOUND('',#2216,.T.);
#1136=CYLINDRICAL_SURFACE('',#2217,0.193499999999987);
#1137=SURFACE_STYLE_USAGE(.BOTH.,#2218);
#1138=FACE_OUTER_BOUND('',#2219,.T.);
#1139=CYLINDRICAL_SURFACE('',#2220,0.2);
#1140=SURFACE_STYLE_USAGE(.BOTH.,#2221);
#1141=FACE_OUTER_BOUND('',#2222,.T.);
#1142=CYLINDRICAL_SURFACE('',#2223,0.193499999999979);
#1143=SURFACE_STYLE_USAGE(.BOTH.,#2224);
#1144=FACE_OUTER_BOUND('',#2225,.T.);
#1145=CYLINDRICAL_SURFACE('',#2226,0.2);
#1146=SURFACE_STYLE_USAGE(.BOTH.,#2227);
#1147=FACE_OUTER_BOUND('',#2228,.T.);
#1148=CYLINDRICAL_SURFACE('',#2229,0.193499999999987);
#1149=SURFACE_STYLE_USAGE(.BOTH.,#2230);
#1150=FACE_OUTER_BOUND('',#2231,.T.);
#1151=CYLINDRICAL_SURFACE('',#2232,0.1935);
#1152=SURFACE_STYLE_USAGE(.BOTH.,#2233);
#1153=FACE_OUTER_BOUND('',#2234,.T.);
#1154=CYLINDRICAL_SURFACE('',#2235,0.2);
#1155=SURFACE_STYLE_USAGE(.BOTH.,#2236);
#1156=FACE_OUTER_BOUND('',#2237,.T.);
#1157=CYLINDRICAL_SURFACE('',#2238,0.19349999999998);
#1158=SURFACE_STYLE_USAGE(.BOTH.,#2239);
#1159=FACE_OUTER_BOUND('',#2240,.T.);
#1160=CYLINDRICAL_SURFACE('',#2241,0.193499999999987);
#1161=SURFACE_STYLE_USAGE(.BOTH.,#2242);
#1162=FACE_OUTER_BOUND('',#2243,.T.);
#1163=CYLINDRICAL_SURFACE('',#2244,0.1935);
#1164=SURFACE_STYLE_USAGE(.BOTH.,#2245);
#1165=FACE_OUTER_BOUND('',#2246,.T.);
#1166=CYLINDRICAL_SURFACE('',#2247,3.1);
#1167=SURFACE_STYLE_USAGE(.BOTH.,#2248);
#1168=FACE_OUTER_BOUND('',#2249,.T.);
#1169=CYLINDRICAL_SURFACE('',#2250,0.1935);
#1170=SURFACE_STYLE_USAGE(.BOTH.,#2251);
#1171=FACE_OUTER_BOUND('',#2252,.T.);
#1172=CYLINDRICAL_SURFACE('',#2253,1.0);
#1173=SURFACE_STYLE_USAGE(.BOTH.,#2254);
#1174=FACE_OUTER_BOUND('',#2255,.T.);
#1175=CYLINDRICAL_SURFACE('',#2256,1.0);
#1176=SURFACE_STYLE_USAGE(.BOTH.,#2257);
#1177=FACE_OUTER_BOUND('',#2258,.T.);
#1178=CYLINDRICAL_SURFACE('',#2259,0.193499999999979);
#1179=SURFACE_STYLE_USAGE(.BOTH.,#2260);
#1180=FACE_OUTER_BOUND('',#2261,.T.);
#1181=CYLINDRICAL_SURFACE('',#2262,0.193499999999987);
#1182=SURFACE_STYLE_USAGE(.BOTH.,#2263);
#1183=FACE_OUTER_BOUND('',#2264,.T.);
#1184=CYLINDRICAL_SURFACE('',#2265,3.1);
#1185=SURFACE_STYLE_USAGE(.BOTH.,#2266);
#1186=FACE_OUTER_BOUND('',#2267,.T.);
#1187=CYLINDRICAL_SURFACE('',#2268,0.193499999999979);
#1188=SURFACE_STYLE_USAGE(.BOTH.,#2269);
#1189=FACE_OUTER_BOUND('',#2270,.T.);
#1190=CYLINDRICAL_SURFACE('',#2271,0.193499999999979);
#1191=SURFACE_STYLE_USAGE(.BOTH.,#2272);
#1192=FACE_OUTER_BOUND('',#2273,.T.);
#1193=CYLINDRICAL_SURFACE('',#2274,0.19349999999998);
#1194=SURFACE_STYLE_USAGE(.BOTH.,#2275);
#1195=FACE_OUTER_BOUND('',#2276,.T.);
#1196=CYLINDRICAL_SURFACE('',#2277,0.19349999999998);
#1197=SURFACE_STYLE_USAGE(.BOTH.,#2278);
#1198=FACE_OUTER_BOUND('',#2279,.T.);
#1199=CYLINDRICAL_SURFACE('',#2280,1.0);
#1200=SURFACE_STYLE_USAGE(.BOTH.,#2281);
#1201=FACE_OUTER_BOUND('',#2282,.T.);
#1202=CYLINDRICAL_SURFACE('',#2283,1.0);
#1203=SURFACE_STYLE_USAGE(.BOTH.,#2284);
#1204=FACE_OUTER_BOUND('',#2285,.T.);
#1205=CYLINDRICAL_SURFACE('',#2286,0.2);
#1206=SURFACE_STYLE_USAGE(.BOTH.,#2287);
#1207=FACE_OUTER_BOUND('',#2288,.T.);
#1208=PLANE('',#2289);
#1209=SURFACE_STYLE_USAGE(.BOTH.,#2290);
#1210=FACE_OUTER_BOUND('',#2291,.T.);
#1211=PLANE('',#2292);
#1212=SURFACE_STYLE_USAGE(.BOTH.,#2293);
#1213=FACE_OUTER_BOUND('',#2294,.T.);
#1214=PLANE('',#2295);
#1215=SURFACE_STYLE_USAGE(.BOTH.,#2296);
#1216=FACE_OUTER_BOUND('',#2297,.T.);
#1217=PLANE('',#2298);
#1218=SURFACE_STYLE_USAGE(.BOTH.,#2299);
#1219=FACE_OUTER_BOUND('',#2300,.T.);
#1220=TOROIDAL_SURFACE('',#2301,4.00000000000006,0.2);
#1221=SURFACE_STYLE_USAGE(.BOTH.,#2302);
#1222=FACE_OUTER_BOUND('',#2303,.T.);
#1223=PLANE('',#2304);
#1224=SURFACE_STYLE_USAGE(.BOTH.,#2305);
#1225=FACE_OUTER_BOUND('',#2306,.T.);
#1226=TOROIDAL_SURFACE('',#2307,2.95000000000005,0.5);
#1227=SURFACE_STYLE_USAGE(.BOTH.,#2308);
#1228=FACE_OUTER_BOUND('',#2309,.T.);
#1229=CYLINDRICAL_SURFACE('',#2310,3.45000000000002);
#1230=SURFACE_STYLE_USAGE(.BOTH.,#2311);
#1231=FACE_OUTER_BOUND('',#2312,.T.);
#1232=CYLINDRICAL_SURFACE('',#2313,1.0);
#1233=SURFACE_STYLE_USAGE(.BOTH.,#2314);
#1234=FACE_OUTER_BOUND('',#2315,.T.);
#1235=CYLINDRICAL_SURFACE('',#2316,1.0);
#1236=SURFACE_STYLE_USAGE(.BOTH.,#2317);
#1237=FACE_OUTER_BOUND('',#2318,.T.);
#1238=PLANE('',#2319);
#1239=SURFACE_STYLE_USAGE(.BOTH.,#2320);
#1240=FACE_OUTER_BOUND('',#2321,.T.);
#1241=CYLINDRICAL_SURFACE('',#2322,0.2);
#1242=SURFACE_STYLE_USAGE(.BOTH.,#2323);
#1243=FACE_OUTER_BOUND('',#2324,.T.);
#1244=PLANE('',#2325);
#1245=SURFACE_STYLE_USAGE(.BOTH.,#2326);
#1246=FACE_OUTER_BOUND('',#2327,.T.);
#1247=PLANE('',#2328);
#1248=SURFACE_STYLE_USAGE(.BOTH.,#2329);
#1249=FACE_OUTER_BOUND('',#2330,.T.);
#1250=CYLINDRICAL_SURFACE('',#2331,0.2);
#1251=SURFACE_STYLE_USAGE(.BOTH.,#2332);
#1252=FACE_OUTER_BOUND('',#2333,.T.);
#1253=PLANE('',#2334);
#1254=SURFACE_STYLE_USAGE(.BOTH.,#2335);
#1255=FACE_OUTER_BOUND('',#2336,.T.);
#1256=FACE_BOUND('',#2337,.T.);
#1257=PLANE('',#2338);
#1258=SURFACE_STYLE_USAGE(.BOTH.,#2339);
#1259=FACE_OUTER_BOUND('',#2340,.T.);
#1260=PLANE('',#2341);
#1261=SURFACE_STYLE_USAGE(.BOTH.,#2342);
#1262=FACE_OUTER_BOUND('',#2343,.T.);
#1263=TOROIDAL_SURFACE('',#2344,3.95000000000002,0.5);
#1264=SURFACE_STYLE_USAGE(.BOTH.,#2345);
#1265=FACE_OUTER_BOUND('',#2346,.T.);
#1266=CYLINDRICAL_SURFACE('',#2347,1.0);
#1267=SURFACE_STYLE_USAGE(.BOTH.,#2348);
#1268=FACE_OUTER_BOUND('',#2349,.T.);
#1269=PLANE('',#2350);
#1270=SURFACE_STYLE_USAGE(.BOTH.,#2351);
#1271=FACE_OUTER_BOUND('',#2352,.T.);
#1272=CYLINDRICAL_SURFACE('',#2353,4.5);
#1273=SURFACE_STYLE_USAGE(.BOTH.,#2354);
#1274=FACE_OUTER_BOUND('',#2355,.T.);
#1275=CYLINDRICAL_SURFACE('',#2356,0.19349999999998);
#1276=SURFACE_STYLE_USAGE(.BOTH.,#2357);
#1277=FACE_OUTER_BOUND('',#2358,.T.);
#1278=PLANE('',#2359);
#1279=SURFACE_STYLE_USAGE(.BOTH.,#2360);
#1280=FACE_OUTER_BOUND('',#2361,.T.);
#1281=CYLINDRICAL_SURFACE('',#2362,1.0);
#1282=SURFACE_STYLE_USAGE(.BOTH.,#2363);
#1283=FACE_OUTER_BOUND('',#2364,.T.);
#1284=FACE_BOUND('',#2365,.T.);
#1285=PLANE('',#2366);
#1286=SURFACE_STYLE_USAGE(.BOTH.,#2367);
#1287=FACE_OUTER_BOUND('',#2368,.T.);
#1288=PLANE('',#2369);
#1289=SURFACE_STYLE_USAGE(.BOTH.,#2370);
#1290=FACE_OUTER_BOUND('',#2371,.T.);
#1291=PLANE('',#2372);
#1292=SURFACE_STYLE_USAGE(.BOTH.,#2373);
#1293=FACE_OUTER_BOUND('',#2374,.T.);
#1294=PLANE('',#2375);
#1295=SURFACE_STYLE_USAGE(.BOTH.,#2376);
#1296=FACE_OUTER_BOUND('',#2377,.T.);
#1297=CYLINDRICAL_SURFACE('',#2378,1.55);
#1298=SURFACE_STYLE_USAGE(.BOTH.,#2379);
#1299=FACE_OUTER_BOUND('',#2380,.T.);
#1300=PLANE('',#2381);
#1301=SURFACE_STYLE_USAGE(.BOTH.,#2382);
#1302=FACE_OUTER_BOUND('',#2383,.T.);
#1303=TOROIDAL_SURFACE('',#2384,4.20000000000005,0.2);
#1304=SURFACE_STYLE_USAGE(.BOTH.,#2385);
#1305=FACE_OUTER_BOUND('',#2386,.T.);
#1306=PLANE('',#2387);
#1307=SURFACE_STYLE_USAGE(.BOTH.,#2388);
#1308=FACE_OUTER_BOUND('',#2389,.T.);
#1309=CYLINDRICAL_SURFACE('',#2390,3.20000000000001);
#1310=SURFACE_STYLE_USAGE(.BOTH.,#2391);
#1311=FACE_OUTER_BOUND('',#2392,.T.);
#1312=PLANE('',#2393);
#1313=SURFACE_STYLE_USAGE(.BOTH.,#2394);
#1314=FACE_OUTER_BOUND('',#2395,.T.);
#1315=TOROIDAL_SURFACE('',#2396,3.95000000000005,0.5);
#1316=SURFACE_STYLE_USAGE(.BOTH.,#2397);
#1317=FACE_OUTER_BOUND('',#2398,.T.);
#1318=CYLINDRICAL_SURFACE('',#2399,1.0);
#1319=SURFACE_STYLE_USAGE(.BOTH.,#2400);
#1320=FACE_OUTER_BOUND('',#2401,.T.);
#1321=PLANE('',#2402);
#1322=SURFACE_STYLE_USAGE(.BOTH.,#2403);
#1323=FACE_OUTER_BOUND('',#2404,.T.);
#1324=PLANE('',#2405);
#1325=SURFACE_STYLE_USAGE(.BOTH.,#2406);
#1326=FACE_OUTER_BOUND('',#2407,.T.);
#1327=PLANE('',#2408);
#1328=SURFACE_STYLE_USAGE(.BOTH.,#2409);
#1329=FACE_OUTER_BOUND('',#2410,.T.);
#1330=CYLINDRICAL_SURFACE('',#2411,1.0);
#1331=SURFACE_STYLE_USAGE(.BOTH.,#2412);
#1332=FACE_OUTER_BOUND('',#2413,.T.);
#1333=PLANE('',#2414);
#1334=SURFACE_STYLE_USAGE(.BOTH.,#2415);
#1335=FACE_OUTER_BOUND('',#2416,.T.);
#1336=PLANE('',#2417);
#1337=SURFACE_STYLE_USAGE(.BOTH.,#2418);
#1338=FACE_OUTER_BOUND('',#2419,.T.);
#1339=PLANE('',#2420);
#1340=SURFACE_STYLE_USAGE(.BOTH.,#2421);
#1341=FACE_OUTER_BOUND('',#2422,.T.);
#1342=CYLINDRICAL_SURFACE('',#2423,0.5);
#1343=SURFACE_STYLE_USAGE(.BOTH.,#2424);
#1344=FACE_OUTER_BOUND('',#2425,.T.);
#1345=PLANE('',#2426);
#1346=SURFACE_STYLE_USAGE(.BOTH.,#2427);
#1347=FACE_OUTER_BOUND('',#2428,.T.);
#1348=PLANE('',#2429);
#1349=SURFACE_STYLE_USAGE(.BOTH.,#2430);
#1350=FACE_OUTER_BOUND('',#2431,.T.);
#1351=PLANE('',#2432);
#1352=SURFACE_STYLE_USAGE(.BOTH.,#2433);
#1353=FACE_OUTER_BOUND('',#2434,.T.);
#1354=PLANE('',#2435);
#1355=SURFACE_STYLE_USAGE(.BOTH.,#2436);
#1356=FACE_OUTER_BOUND('',#2437,.T.);
#1357=PLANE('',#2438);
#1358=SURFACE_STYLE_USAGE(.BOTH.,#2439);
#1359=FACE_OUTER_BOUND('',#2440,.T.);
#1360=CONICAL_SURFACE('',#2441,4.05857864376271,0.785398163397448);
#1361=SURFACE_STYLE_USAGE(.BOTH.,#2442);
#1362=FACE_OUTER_BOUND('',#2443,.T.);
#1363=PLANE('',#2444);
#1364=SURFACE_STYLE_USAGE(.BOTH.,#2445);
#1365=FACE_OUTER_BOUND('',#2446,.T.);
#1366=PLANE('',#2447);
#1367=SURFACE_STYLE_USAGE(.BOTH.,#2448);
#1368=FACE_OUTER_BOUND('',#2449,.T.);
#1369=PLANE('',#2450);
#1370=SURFACE_STYLE_USAGE(.BOTH.,#2451);
#1371=FACE_OUTER_BOUND('',#2452,.T.);
#1372=CONICAL_SURFACE('',#2453,4.05857864376271,0.785398163397448);
#1373=SURFACE_STYLE_USAGE(.BOTH.,#2454);
#1374=FACE_OUTER_BOUND('',#2455,.T.);
#1375=PLANE('',#2456);
#1376=SURFACE_STYLE_USAGE(.BOTH.,#2457);
#1377=FACE_OUTER_BOUND('',#2458,.T.);
#1378=CYLINDRICAL_SURFACE('',#2459,3.20000000000004);
#1379=SURFACE_STYLE_USAGE(.BOTH.,#2460);
#1380=FACE_OUTER_BOUND('',#2461,.T.);
#1381=PLANE('',#2462);
#1382=SURFACE_STYLE_USAGE(.BOTH.,#2463);
#1383=FACE_OUTER_BOUND('',#2464,.T.);
#1384=PLANE('',#2465);
#1385=SURFACE_STYLE_USAGE(.BOTH.,#2466);
#1386=FACE_OUTER_BOUND('',#2467,.T.);
#1387=PLANE('',#2468);
#1388=SURFACE_STYLE_USAGE(.BOTH.,#2469);
#1389=FACE_OUTER_BOUND('',#2470,.T.);
#1390=CONICAL_SURFACE('',#2471,3.5169872981078,0.523598775598299);
#1391=SURFACE_STYLE_USAGE(.BOTH.,#2472);
#1392=FACE_OUTER_BOUND('',#2473,.T.);
#1393=CYLINDRICAL_SURFACE('',#2474,4.5);
#1394=SURFACE_STYLE_USAGE(.BOTH.,#2475);
#1395=FACE_OUTER_BOUND('',#2476,.T.);
#1396=PLANE('',#2477);
#1397=SURFACE_STYLE_USAGE(.BOTH.,#2478);
#1398=FACE_OUTER_BOUND('',#2479,.T.);
#1399=CYLINDRICAL_SURFACE('',#2480,0.19349999999998);
#1400=SURFACE_STYLE_USAGE(.BOTH.,#2481);
#1401=FACE_OUTER_BOUND('',#2482,.T.);
#1402=PLANE('',#2483);
#1403=SURFACE_STYLE_USAGE(.BOTH.,#2484);
#1404=FACE_OUTER_BOUND('',#2485,.T.);
#1405=PLANE('',#2486);
#1406=SURFACE_STYLE_USAGE(.BOTH.,#2487);
#1407=FACE_OUTER_BOUND('',#2488,.T.);
#1408=CYLINDRICAL_SURFACE('',#2489,0.193499999999979);
#1409=SURFACE_STYLE_USAGE(.BOTH.,#2490);
#1410=FACE_OUTER_BOUND('',#2491,.T.);
#1411=PLANE('',#2492);
#1412=SURFACE_STYLE_USAGE(.BOTH.,#2493);
#1413=FACE_OUTER_BOUND('',#2494,.T.);
#1414=PLANE('',#2495);
#1415=SURFACE_STYLE_USAGE(.BOTH.,#2496);
#1416=FACE_OUTER_BOUND('',#2497,.T.);
#1417=PLANE('',#2498);
#1418=SURFACE_STYLE_USAGE(.BOTH.,#2499);
#1419=FACE_OUTER_BOUND('',#2500,.T.);
#1420=PLANE('',#2501);
#1421=SURFACE_STYLE_USAGE(.BOTH.,#2502);
#1422=FACE_OUTER_BOUND('',#2503,.T.);
#1423=CYLINDRICAL_SURFACE('',#2504,0.193499999999979);
#1424=SURFACE_STYLE_USAGE(.BOTH.,#2505);
#1425=FACE_OUTER_BOUND('',#2506,.T.);
#1426=CYLINDRICAL_SURFACE('',#2507,3.1);
#1427=SURFACE_STYLE_USAGE(.BOTH.,#2508);
#1428=FACE_OUTER_BOUND('',#2509,.T.);
#1429=PLANE('',#2510);
#1430=SURFACE_STYLE_USAGE(.BOTH.,#2511);
#1431=FACE_OUTER_BOUND('',#2512,.T.);
#1432=CYLINDRICAL_SURFACE('',#2513,4.00000000000002);
#1433=SURFACE_STYLE_USAGE(.BOTH.,#2514);
#1434=FACE_OUTER_BOUND('',#2515,.T.);
#1435=CYLINDRICAL_SURFACE('',#2516,4.5);
#1436=SURFACE_STYLE_USAGE(.BOTH.,#2517);
#1437=FACE_OUTER_BOUND('',#2518,.T.);
#1438=PLANE('',#2519);
#1439=SURFACE_STYLE_USAGE(.BOTH.,#2520);
#1440=FACE_OUTER_BOUND('',#2521,.T.);
#1441=FACE_BOUND('',#2522,.T.);
#1442=PLANE('',#2523);
#1443=SURFACE_STYLE_USAGE(.BOTH.,#2524);
#1444=FACE_OUTER_BOUND('',#2525,.T.);
#1445=CONICAL_SURFACE('',#2526,3.5169872981078,0.523598775598299);
#1446=SURFACE_STYLE_USAGE(.BOTH.,#2527);
#1447=FACE_OUTER_BOUND('',#2528,.T.);
#1448=PLANE('',#2529);
#1449=SURFACE_STYLE_USAGE(.BOTH.,#2530);
#1450=FACE_OUTER_BOUND('',#2531,.T.);
#1451=CYLINDRICAL_SURFACE('',#2532,1.0);
#1452=SURFACE_STYLE_USAGE(.BOTH.,#2533);
#1453=FACE_OUTER_BOUND('',#2534,.T.);
#1454=PLANE('',#2535);
#1455=SURFACE_STYLE_USAGE(.BOTH.,#2536);
#1456=FACE_OUTER_BOUND('',#2537,.T.);
#1457=CYLINDRICAL_SURFACE('',#2538,1.25);
#1458=SURFACE_STYLE_USAGE(.BOTH.,#2539);
#1459=FACE_OUTER_BOUND('',#2540,.T.);
#1460=PLANE('',#2541);
#1461=SURFACE_STYLE_USAGE(.BOTH.,#2542);
#1462=FACE_OUTER_BOUND('',#2543,.T.);
#1463=PLANE('',#2544);
#1464=SURFACE_STYLE_USAGE(.BOTH.,#2545);
#1465=FACE_OUTER_BOUND('',#2546,.T.);
#1466=CYLINDRICAL_SURFACE('',#2547,0.193499999999987);
#1467=SURFACE_STYLE_USAGE(.BOTH.,#2548);
#1468=FACE_OUTER_BOUND('',#2549,.T.);
#1469=CYLINDRICAL_SURFACE('',#2550,4.00000000000002);
#1470=SURFACE_STYLE_USAGE(.BOTH.,#2551);
#1471=FACE_OUTER_BOUND('',#2552,.T.);
#1472=CYLINDRICAL_SURFACE('',#2553,1.0);
#1473=SURFACE_STYLE_USAGE(.BOTH.,#2554);
#1474=FACE_OUTER_BOUND('',#2555,.T.);
#1475=CYLINDRICAL_SURFACE('',#2556,1.6);
#1476=SURFACE_STYLE_USAGE(.BOTH.,#2557);
#1477=FACE_OUTER_BOUND('',#2558,.T.);
#1478=CYLINDRICAL_SURFACE('',#2559,1.0);
#1479=SURFACE_STYLE_USAGE(.BOTH.,#2560);
#1480=FACE_OUTER_BOUND('',#2561,.T.);
#1481=TOROIDAL_SURFACE('',#2562,3.95000000000005,0.5);
#1482=SURFACE_STYLE_USAGE(.BOTH.,#2563);
#1483=FACE_OUTER_BOUND('',#2564,.T.);
#1484=PLANE('',#2565);
#1485=SURFACE_STYLE_USAGE(.BOTH.,#2566);
#1486=FACE_OUTER_BOUND('',#2567,.T.);
#1487=PLANE('',#2568);
#1488=SURFACE_STYLE_USAGE(.BOTH.,#2569);
#1489=FACE_OUTER_BOUND('',#2570,.T.);
#1490=PLANE('',#2571);
#1491=SURFACE_STYLE_USAGE(.BOTH.,#2572);
#1492=FACE_OUTER_BOUND('',#2573,.T.);
#1493=TOROIDAL_SURFACE('',#2574,4.20000000000005,0.2);
#1494=SURFACE_STYLE_USAGE(.BOTH.,#2575);
#1495=FACE_OUTER_BOUND('',#2576,.T.);
#1496=PLANE('',#2577);
#1497=SURFACE_STYLE_USAGE(.BOTH.,#2578);
#1498=FACE_OUTER_BOUND('',#2579,.T.);
#1499=PLANE('',#2580);
#1500=SURFACE_STYLE_USAGE(.BOTH.,#2581);
#1501=FACE_OUTER_BOUND('',#2582,.T.);
#1502=CYLINDRICAL_SURFACE('',#2583,1.55);
#1503=SURFACE_STYLE_USAGE(.BOTH.,#2584);
#1504=FACE_OUTER_BOUND('',#2585,.T.);
#1505=CYLINDRICAL_SURFACE('',#2586,1.0);
#1506=SURFACE_STYLE_USAGE(.BOTH.,#2587);
#1507=FACE_OUTER_BOUND('',#2588,.T.);
#1508=PLANE('',#2589);
#1509=SURFACE_STYLE_USAGE(.BOTH.,#2590);
#1510=FACE_OUTER_BOUND('',#2591,.T.);
#1511=CYLINDRICAL_SURFACE('',#2592,0.193499999999979);
#1512=SURFACE_STYLE_USAGE(.BOTH.,#2593);
#1513=FACE_OUTER_BOUND('',#2594,.T.);
#1514=PLANE('',#2595);
#1515=SURFACE_STYLE_USAGE(.BOTH.,#2596);
#1516=FACE_OUTER_BOUND('',#2597,.T.);
#1517=TOROIDAL_SURFACE('',#2598,2.95000000000005,0.5);
#1518=SURFACE_STYLE_USAGE(.BOTH.,#2599);
#1519=FACE_OUTER_BOUND('',#2600,.T.);
#1520=PLANE('',#2601);
#1521=SURFACE_STYLE_USAGE(.BOTH.,#2602);
#1522=FACE_OUTER_BOUND('',#2603,.T.);
#1523=PLANE('',#2604);
#1524=SURFACE_STYLE_USAGE(.BOTH.,#2605);
#1525=FACE_OUTER_BOUND('',#2606,.T.);
#1526=PLANE('',#2607);
#1527=SURFACE_STYLE_USAGE(.BOTH.,#2608);
#1528=FACE_OUTER_BOUND('',#2609,.T.);
#1529=PLANE('',#2610);
#1530=SURFACE_STYLE_USAGE(.BOTH.,#2611);
#1531=FACE_OUTER_BOUND('',#2612,.T.);
#1532=PLANE('',#2613);
#1533=SURFACE_STYLE_USAGE(.BOTH.,#2614);
#1534=FACE_OUTER_BOUND('',#2615,.T.);
#1535=PLANE('',#2616);
#1536=SURFACE_STYLE_USAGE(.BOTH.,#2617);
#1537=FACE_OUTER_BOUND('',#2618,.T.);
#1538=PLANE('',#2619);
#1539=SURFACE_STYLE_USAGE(.BOTH.,#2620);
#1540=FACE_OUTER_BOUND('',#2621,.T.);
#1541=PLANE('',#2622);
#1542=SURFACE_STYLE_USAGE(.BOTH.,#2623);
#1543=FACE_OUTER_BOUND('',#2624,.T.);
#1544=CYLINDRICAL_SURFACE('',#2625,3.45000000000002);
#1545=SURFACE_STYLE_USAGE(.BOTH.,#2626);
#1546=FACE_OUTER_BOUND('',#2627,.T.);
#1547=PLANE('',#2628);
#1548=SURFACE_STYLE_USAGE(.BOTH.,#2629);
#1549=FACE_OUTER_BOUND('',#2630,.T.);
#1550=PLANE('',#2631);
#1551=SURFACE_STYLE_USAGE(.BOTH.,#2632);
#1552=FACE_OUTER_BOUND('',#2633,.T.);
#1553=PLANE('',#2634);
#1554=SURFACE_STYLE_USAGE(.BOTH.,#2635);
#1555=FACE_OUTER_BOUND('',#2636,.T.);
#1556=CYLINDRICAL_SURFACE('',#2637,0.2);
#1557=SURFACE_STYLE_USAGE(.BOTH.,#2638);
#1558=FACE_OUTER_BOUND('',#2639,.T.);
#1559=PLANE('',#2640);
#1560=SURFACE_STYLE_USAGE(.BOTH.,#2641);
#1561=FACE_OUTER_BOUND('',#2642,.T.);
#1562=CYLINDRICAL_SURFACE('',#2643,1.0);
#1563=SURFACE_STYLE_USAGE(.BOTH.,#2644);
#1564=FACE_OUTER_BOUND('',#2645,.T.);
#1565=PLANE('',#2646);
#1566=SURFACE_STYLE_USAGE(.BOTH.,#2647);
#1567=FACE_OUTER_BOUND('',#2648,.T.);
#1568=PLANE('',#2649);
#1569=SURFACE_STYLE_USAGE(.BOTH.,#2650);
#1570=FACE_OUTER_BOUND('',#2651,.T.);
#1571=PLANE('',#2652);
#1572=SURFACE_STYLE_USAGE(.BOTH.,#2653);
#1573=FACE_OUTER_BOUND('',#2654,.T.);
#1574=CYLINDRICAL_SURFACE('',#2655,2.79999999999998);
#1575=SURFACE_STYLE_USAGE(.BOTH.,#2656);
#1576=FACE_OUTER_BOUND('',#2657,.T.);
#1577=CYLINDRICAL_SURFACE('',#2658,1.0);
#1578=SURFACE_STYLE_USAGE(.BOTH.,#2659);
#1579=FACE_OUTER_BOUND('',#2660,.T.);
#1580=PLANE('',#2661);
#1581=SURFACE_STYLE_USAGE(.BOTH.,#2662);
#1582=FACE_OUTER_BOUND('',#2663,.T.);
#1583=PLANE('',#2664);
#1584=SURFACE_STYLE_USAGE(.BOTH.,#2665);
#1585=FACE_OUTER_BOUND('',#2666,.T.);
#1586=PLANE('',#2667);
#1587=SURFACE_STYLE_USAGE(.BOTH.,#2668);
#1588=FACE_OUTER_BOUND('',#2669,.T.);
#1589=PLANE('',#2670);
#1590=SURFACE_STYLE_USAGE(.BOTH.,#2671);
#1591=FACE_OUTER_BOUND('',#2672,.T.);
#1592=PLANE('',#2673);
#1593=SURFACE_STYLE_USAGE(.BOTH.,#2674);
#1594=FACE_OUTER_BOUND('',#2675,.T.);
#1595=CYLINDRICAL_SURFACE('',#2676,2.0);
#1596=SURFACE_STYLE_USAGE(.BOTH.,#2677);
#1597=FACE_OUTER_BOUND('',#2678,.T.);
#1598=PLANE('',#2679);
#1599=SURFACE_STYLE_USAGE(.BOTH.,#2680);
#1600=FACE_OUTER_BOUND('',#2681,.T.);
#1601=PLANE('',#2682);
#1602=SURFACE_STYLE_USAGE(.BOTH.,#2683);
#1603=FACE_OUTER_BOUND('',#2684,.T.);
#1604=PLANE('',#2685);
#1605=SURFACE_STYLE_USAGE(.BOTH.,#2686);
#1606=FACE_OUTER_BOUND('',#2687,.T.);
#1607=PLANE('',#2688);
#1608=SURFACE_STYLE_USAGE(.BOTH.,#2689);
#1609=FACE_OUTER_BOUND('',#2690,.T.);
#1610=CYLINDRICAL_SURFACE('',#2691,2.0);
#1611=SURFACE_STYLE_USAGE(.BOTH.,#2692);
#1612=FACE_OUTER_BOUND('',#2693,.T.);
#1613=PLANE('',#2694);
#1614=SURFACE_STYLE_USAGE(.BOTH.,#2695);
#1615=FACE_OUTER_BOUND('',#2696,.T.);
#1616=CYLINDRICAL_SURFACE('',#2697,0.2);
#1617=SURFACE_STYLE_USAGE(.BOTH.,#2698);
#1618=FACE_OUTER_BOUND('',#2699,.T.);
#1619=CYLINDRICAL_SURFACE('',#2700,0.1935);
#1620=SURFACE_STYLE_USAGE(.BOTH.,#2701);
#1621=FACE_OUTER_BOUND('',#2702,.T.);
#1622=CYLINDRICAL_SURFACE('',#2703,1.6);
#1623=SURFACE_STYLE_USAGE(.BOTH.,#2704);
#1624=FACE_OUTER_BOUND('',#2705,.T.);
#1625=FACE_BOUND('',#2706,.T.);
#1626=PLANE('',#2707);
#1627=SURFACE_STYLE_USAGE(.BOTH.,#2708);
#1628=FACE_OUTER_BOUND('',#2709,.T.);
#1629=CYLINDRICAL_SURFACE('',#2710,1.25);
#1630=SURFACE_STYLE_USAGE(.BOTH.,#2711);
#1631=FACE_OUTER_BOUND('',#2712,.T.);
#1632=PLANE('',#2713);
#1633=SURFACE_STYLE_USAGE(.BOTH.,#2714);
#1634=FACE_OUTER_BOUND('',#2715,.T.);
#1635=PLANE('',#2716);
#1636=SURFACE_STYLE_USAGE(.BOTH.,#2717);
#1637=FACE_OUTER_BOUND('',#2718,.T.);
#1638=PLANE('',#2719);
#1639=SURFACE_STYLE_USAGE(.BOTH.,#2720);
#1640=FACE_OUTER_BOUND('',#2721,.T.);
#1641=CYLINDRICAL_SURFACE('',#2722,1.0);
#1642=SURFACE_STYLE_USAGE(.BOTH.,#2723);
#1643=FACE_OUTER_BOUND('',#2724,.T.);
#1644=CYLINDRICAL_SURFACE('',#2725,0.5);
#1645=SURFACE_STYLE_USAGE(.BOTH.,#2726);
#1646=FACE_OUTER_BOUND('',#2727,.T.);
#1647=PLANE('',#2728);
#1648=SURFACE_STYLE_USAGE(.BOTH.,#2729);
#1649=FACE_OUTER_BOUND('',#2730,.T.);
#1650=CYLINDRICAL_SURFACE('',#2731,3.1);
#1651=SURFACE_STYLE_USAGE(.BOTH.,#2732);
#1652=FACE_OUTER_BOUND('',#2733,.T.);
#1653=TOROIDAL_SURFACE('',#2734,4.00000000000006,0.2);
#1654=SURFACE_STYLE_USAGE(.BOTH.,#2735);
#1655=FACE_OUTER_BOUND('',#2736,.T.);
#1656=PLANE('',#2737);
#1657=SURFACE_STYLE_USAGE(.BOTH.,#2738);
#1658=FACE_OUTER_BOUND('',#2739,.T.);
#1659=CYLINDRICAL_SURFACE('',#2740,0.5);
#1660=SURFACE_STYLE_USAGE(.BOTH.,#2741);
#1661=FACE_OUTER_BOUND('',#2742,.T.);
#1662=PLANE('',#2743);
#1663=SURFACE_STYLE_USAGE(.BOTH.,#2744);
#1664=FACE_OUTER_BOUND('',#2745,.T.);
#1665=CYLINDRICAL_SURFACE('',#2746,0.1935);
#1666=SURFACE_STYLE_USAGE(.BOTH.,#2747);
#1667=FACE_OUTER_BOUND('',#2748,.T.);
#1668=CYLINDRICAL_SURFACE('',#2749,0.2);
#1669=SURFACE_STYLE_USAGE(.BOTH.,#2750);
#1670=FACE_OUTER_BOUND('',#2751,.T.);
#1671=PLANE('',#2752);
#1672=SURFACE_STYLE_USAGE(.BOTH.,#2753);
#1673=FACE_OUTER_BOUND('',#2754,.T.);
#1674=PLANE('',#2755);
#1675=SURFACE_STYLE_USAGE(.BOTH.,#2756);
#1676=FACE_OUTER_BOUND('',#2757,.T.);
#1677=FACE_BOUND('',#2758,.T.);
#1678=PLANE('',#2759);
#1679=SURFACE_STYLE_USAGE(.BOTH.,#2760);
#1680=FACE_OUTER_BOUND('',#2761,.T.);
#1681=PLANE('',#2762);
#1682=SURFACE_STYLE_USAGE(.BOTH.,#2763);
#1683=FACE_OUTER_BOUND('',#2764,.T.);
#1684=PLANE('',#2765);
#1685=SURFACE_STYLE_USAGE(.BOTH.,#2766);
#1686=FACE_OUTER_BOUND('',#2767,.T.);
#1687=CYLINDRICAL_SURFACE('',#2768,0.193499999999987);
#1688=SURFACE_STYLE_USAGE(.BOTH.,#2769);
#1689=FACE_OUTER_BOUND('',#2770,.T.);
#1690=FACE_BOUND('',#2771,.T.);
#1691=PLANE('',#2772);
#1692=SURFACE_STYLE_USAGE(.BOTH.,#2773);
#1693=FACE_OUTER_BOUND('',#2774,.T.);
#1694=PLANE('',#2775);
#1695=SURFACE_STYLE_USAGE(.BOTH.,#2776);
#1696=FACE_OUTER_BOUND('',#2777,.T.);
#1697=CYLINDRICAL_SURFACE('',#2778,0.19349999999998);
#1698=SURFACE_STYLE_USAGE(.BOTH.,#2779);
#1699=FACE_OUTER_BOUND('',#2780,.T.);
#1700=PLANE('',#2781);
#1701=SURFACE_STYLE_USAGE(.BOTH.,#2782);
#1702=FACE_OUTER_BOUND('',#2783,.T.);
#1703=PLANE('',#2784);
#1704=SURFACE_STYLE_USAGE(.BOTH.,#2785);
#1705=FACE_OUTER_BOUND('',#2786,.T.);
#1706=PLANE('',#2787);
#1707=SURFACE_STYLE_USAGE(.BOTH.,#2788);
#1708=FACE_OUTER_BOUND('',#2789,.T.);
#1709=PLANE('',#2790);
#1710=SURFACE_STYLE_USAGE(.BOTH.,#2791);
#1711=FACE_OUTER_BOUND('',#2792,.T.);
#1712=CYLINDRICAL_SURFACE('',#2793,0.2);
#1713=SURFACE_STYLE_USAGE(.BOTH.,#2794);
#1714=FACE_OUTER_BOUND('',#2795,.T.);
#1715=CYLINDRICAL_SURFACE('',#2796,2.0);
#1716=SURFACE_STYLE_USAGE(.BOTH.,#2797);
#1717=FACE_OUTER_BOUND('',#2798,.T.);
#1718=PLANE('',#2799);
#1719=SURFACE_STYLE_USAGE(.BOTH.,#2800);
#1720=FACE_OUTER_BOUND('',#2801,.T.);
#1721=CYLINDRICAL_SURFACE('',#2802,1.0);
#1722=SURFACE_STYLE_USAGE(.BOTH.,#2803);
#1723=FACE_OUTER_BOUND('',#2804,.T.);
#1724=PLANE('',#2805);
#1725=SURFACE_STYLE_USAGE(.BOTH.,#2806);
#1726=FACE_OUTER_BOUND('',#2807,.T.);
#1727=CYLINDRICAL_SURFACE('',#2808,2.80000000000001);
#1728=SURFACE_STYLE_USAGE(.BOTH.,#2809);
#1729=FACE_OUTER_BOUND('',#2810,.T.);
#1730=CYLINDRICAL_SURFACE('',#2811,4.5);
#1731=SURFACE_STYLE_USAGE(.BOTH.,#2812);
#1732=FACE_OUTER_BOUND('',#2813,.T.);
#1733=PLANE('',#2814);
#1734=SURFACE_STYLE_USAGE(.BOTH.,#2815);
#1735=FACE_OUTER_BOUND('',#2816,.T.);
#1736=PLANE('',#2817);
#1737=SURFACE_STYLE_USAGE(.BOTH.,#2818);
#1738=FACE_OUTER_BOUND('',#2819,.T.);
#1739=CYLINDRICAL_SURFACE('',#2820,0.1935);
#1740=SURFACE_STYLE_USAGE(.BOTH.,#2821);
#1741=FACE_OUTER_BOUND('',#2822,.T.);
#1742=FACE_BOUND('',#2823,.T.);
#1743=PLANE('',#2824);
#1744=SURFACE_STYLE_USAGE(.BOTH.,#2825);
#1745=FACE_OUTER_BOUND('',#2826,.T.);
#1746=TOROIDAL_SURFACE('',#2827,4.20000000000002,0.2);
#1747=SURFACE_STYLE_USAGE(.BOTH.,#2828);
#1748=FACE_OUTER_BOUND('',#2829,.T.);
#1749=PLANE('',#2830);
#1750=SURFACE_STYLE_USAGE(.BOTH.,#2831);
#1751=FACE_OUTER_BOUND('',#2832,.T.);
#1752=CONICAL_SURFACE('',#2833,3.5169872981078,0.523598775598299);
#1753=SURFACE_STYLE_USAGE(.BOTH.,#2834);
#1754=FACE_OUTER_BOUND('',#2835,.T.);
#1755=PLANE('',#2836);
#1756=SURFACE_STYLE_USAGE(.BOTH.,#2837);
#1757=FACE_OUTER_BOUND('',#2838,.T.);
#1758=PLANE('',#2839);
#1759=SURFACE_STYLE_USAGE(.BOTH.,#2840);
#1760=FACE_OUTER_BOUND('',#2841,.T.);
#1761=PLANE('',#2842);
#1762=SURFACE_STYLE_USAGE(.BOTH.,#2843);
#1763=FACE_OUTER_BOUND('',#2844,.T.);
#1764=PLANE('',#2845);
#1765=SURFACE_STYLE_USAGE(.BOTH.,#2846);
#1766=FACE_OUTER_BOUND('',#2847,.T.);
#1767=FACE_BOUND('',#2848,.T.);
#1768=PLANE('',#2849);
#1769=SURFACE_STYLE_USAGE(.BOTH.,#2850);
#1770=FACE_OUTER_BOUND('',#2851,.T.);
#1771=CONICAL_SURFACE('',#2852,4.05857864376271,0.785398163397448);
#1772=SURFACE_STYLE_USAGE(.BOTH.,#2853);
#1773=FACE_OUTER_BOUND('',#2854,.T.);
#1774=FACE_BOUND('',#2855,.T.);
#1775=PLANE('',#2856);
#1776=SURFACE_STYLE_USAGE(.BOTH.,#2857);
#1777=FACE_OUTER_BOUND('',#2858,.T.);
#1778=CYLINDRICAL_SURFACE('',#2859,0.193499999999987);
#1779=SURFACE_STYLE_USAGE(.BOTH.,#2860);
#1780=FACE_OUTER_BOUND('',#2861,.T.);
#1781=PLANE('',#2862);
#1782=SURFACE_STYLE_USAGE(.BOTH.,#2863);
#1783=FACE_OUTER_BOUND('',#2864,.T.);
#1784=CYLINDRICAL_SURFACE('',#2865,4.5);
#1785=SURFACE_STYLE_USAGE(.BOTH.,#2866);
#1786=FACE_OUTER_BOUND('',#2867,.T.);
#1787=CYLINDRICAL_SURFACE('',#2868,0.5);
#1788=SURFACE_STYLE_USAGE(.BOTH.,#2869);
#1789=FACE_OUTER_BOUND('',#2870,.T.);
#1790=CYLINDRICAL_SURFACE('',#2871,1.0);
#1791=SURFACE_STYLE_USAGE(.BOTH.,#2872);
#1792=FACE_OUTER_BOUND('',#2873,.T.);
#1793=PLANE('',#2874);
#1794=SURFACE_STYLE_USAGE(.BOTH.,#2875);
#1795=FACE_OUTER_BOUND('',#2876,.T.);
#1796=PLANE('',#2877);
#1797=SURFACE_STYLE_USAGE(.BOTH.,#2878);
#1798=FACE_OUTER_BOUND('',#2879,.T.);
#1799=PLANE('',#2880);
#1800=SURFACE_STYLE_USAGE(.BOTH.,#2881);
#1801=FACE_OUTER_BOUND('',#2882,.T.);
#1802=CYLINDRICAL_SURFACE('',#2883,0.2);
#1803=SURFACE_STYLE_USAGE(.BOTH.,#2884);
#1804=FACE_OUTER_BOUND('',#2885,.T.);
#1805=CYLINDRICAL_SURFACE('',#2886,0.193499999999979);
#1806=SURFACE_STYLE_USAGE(.BOTH.,#2887);
#1807=FACE_OUTER_BOUND('',#2888,.T.);
#1808=CYLINDRICAL_SURFACE('',#2889,2.0);
#1809=SURFACE_STYLE_USAGE(.BOTH.,#2890);
#1810=FACE_OUTER_BOUND('',#2891,.T.);
#1811=FACE_BOUND('',#2892,.T.);
#1812=FACE_BOUND('',#2893,.T.);
#1813=FACE_BOUND('',#2894,.T.);
#1814=FACE_BOUND('',#2895,.T.);
#1815=FACE_BOUND('',#2896,.T.);
#1816=PLANE('',#2897);
#1817=SURFACE_STYLE_USAGE(.BOTH.,#2898);
#1818=FACE_OUTER_BOUND('',#2899,.T.);
#1819=CONICAL_SURFACE('',#2900,4.05857864376271,0.785398163397448);
#1820=SURFACE_STYLE_USAGE(.BOTH.,#2901);
#1821=FACE_OUTER_BOUND('',#2902,.T.);
#1822=CYLINDRICAL_SURFACE('',#2903,0.2);
#1823=SURFACE_STYLE_USAGE(.BOTH.,#2904);
#1824=FACE_OUTER_BOUND('',#2905,.T.);
#1825=PLANE('',#2906);
#1826=SURFACE_STYLE_USAGE(.BOTH.,#2907);
#1827=FACE_OUTER_BOUND('',#2908,.T.);
#1828=TOROIDAL_SURFACE('',#2909,4.20000000000002,0.2);
#1829=SURFACE_STYLE_USAGE(.BOTH.,#2910);
#1830=FACE_OUTER_BOUND('',#2911,.T.);
#1831=CYLINDRICAL_SURFACE('',#2912,0.5);
#1832=SURFACE_STYLE_USAGE(.BOTH.,#2913);
#1833=FACE_OUTER_BOUND('',#2914,.T.);
#1834=CYLINDRICAL_SURFACE('',#2915,0.5);
#1835=SURFACE_STYLE_USAGE(.BOTH.,#2916);
#1836=FACE_OUTER_BOUND('',#2917,.T.);
#1837=PLANE('',#2918);
#1838=SURFACE_STYLE_USAGE(.BOTH.,#2919);
#1839=FACE_OUTER_BOUND('',#2920,.T.);
#1840=FACE_BOUND('',#2921,.T.);
#1841=PLANE('',#2922);
#1842=SURFACE_STYLE_USAGE(.BOTH.,#2923);
#1843=FACE_OUTER_BOUND('',#2924,.T.);
#1844=CYLINDRICAL_SURFACE('',#2925,0.193499999999987);
#1845=SURFACE_STYLE_USAGE(.BOTH.,#2926);
#1846=FACE_OUTER_BOUND('',#2927,.T.);
#1847=PLANE('',#2928);
#1848=SURFACE_STYLE_USAGE(.BOTH.,#2929);
#1849=FACE_OUTER_BOUND('',#2930,.T.);
#1850=PLANE('',#2931);
#1851=SURFACE_STYLE_USAGE(.BOTH.,#2932);
#1852=FACE_OUTER_BOUND('',#2933,.T.);
#1853=PLANE('',#2934);
#1854=SURFACE_STYLE_USAGE(.BOTH.,#2935);
#1855=FACE_OUTER_BOUND('',#2936,.T.);
#1856=PLANE('',#2937);
#1857=SURFACE_STYLE_USAGE(.BOTH.,#2938);
#1858=FACE_OUTER_BOUND('',#2939,.T.);
#1859=TOROIDAL_SURFACE('',#2940,4.00000000000003,0.2);
#1860=SURFACE_STYLE_USAGE(.BOTH.,#2941);
#1861=FACE_OUTER_BOUND('',#2942,.T.);
#1862=CYLINDRICAL_SURFACE('',#2943,1.0);
#1863=SURFACE_STYLE_USAGE(.BOTH.,#2944);
#1864=FACE_OUTER_BOUND('',#2945,.T.);
#1865=PLANE('',#2946);
#1866=SURFACE_STYLE_USAGE(.BOTH.,#2947);
#1867=FACE_OUTER_BOUND('',#2948,.T.);
#1868=PLANE('',#2949);
#1869=SURFACE_STYLE_USAGE(.BOTH.,#2950);
#1870=FACE_OUTER_BOUND('',#2951,.T.);
#1871=PLANE('',#2952);
#1872=SURFACE_STYLE_USAGE(.BOTH.,#2953);
#1873=FACE_OUTER_BOUND('',#2954,.T.);
#1874=PLANE('',#2955);
#1875=SURFACE_STYLE_USAGE(.BOTH.,#2956);
#1876=FACE_OUTER_BOUND('',#2957,.T.);
#1877=PLANE('',#2958);
#1878=SURFACE_STYLE_USAGE(.BOTH.,#2959);
#1879=FACE_OUTER_BOUND('',#2960,.T.);
#1880=FACE_BOUND('',#2961,.T.);
#1881=FACE_BOUND('',#2962,.T.);
#1882=FACE_BOUND('',#2963,.T.);
#1883=PLANE('',#2964);
#1884=SURFACE_STYLE_USAGE(.BOTH.,#2965);
#1885=FACE_OUTER_BOUND('',#2966,.T.);
#1886=PLANE('',#2967);
#1887=SURFACE_STYLE_USAGE(.BOTH.,#2968);
#1888=FACE_OUTER_BOUND('',#2969,.T.);
#1889=PLANE('',#2970);
#1890=SURFACE_STYLE_USAGE(.BOTH.,#2971);
#1891=FACE_OUTER_BOUND('',#2972,.T.);
#1892=CYLINDRICAL_SURFACE('',#2973,1.0);
#1893=SURFACE_STYLE_USAGE(.BOTH.,#2974);
#1894=FACE_OUTER_BOUND('',#2975,.T.);
#1895=PLANE('',#2976);
#1896=SURFACE_STYLE_USAGE(.BOTH.,#2977);
#1897=FACE_OUTER_BOUND('',#2978,.T.);
#1898=PLANE('',#2979);
#1899=SURFACE_STYLE_USAGE(.BOTH.,#2980);
#1900=FACE_OUTER_BOUND('',#2981,.T.);
#1901=PLANE('',#2982);
#1902=SURFACE_STYLE_USAGE(.BOTH.,#2983);
#1903=FACE_OUTER_BOUND('',#2984,.T.);
#1904=PLANE('',#2985);
#1905=SURFACE_STYLE_USAGE(.BOTH.,#2986);
#1906=FACE_OUTER_BOUND('',#2987,.T.);
#1907=CYLINDRICAL_SURFACE('',#2988,1.25);
#1908=SURFACE_STYLE_USAGE(.BOTH.,#2989);
#1909=FACE_OUTER_BOUND('',#2990,.T.);
#1910=FACE_BOUND('',#2991,.T.);
#1911=PLANE('',#2992);
#1912=SURFACE_STYLE_USAGE(.BOTH.,#2993);
#1913=FACE_OUTER_BOUND('',#2994,.T.);
#1914=CYLINDRICAL_SURFACE('',#2995,1.6);
#1915=SURFACE_STYLE_USAGE(.BOTH.,#2996);
#1916=FACE_OUTER_BOUND('',#2997,.T.);
#1917=FACE_BOUND('',#2998,.T.);
#1918=PLANE('',#2999);
#1919=SURFACE_STYLE_USAGE(.BOTH.,#3000);
#1920=FACE_OUTER_BOUND('',#3001,.T.);
#1921=CYLINDRICAL_SURFACE('',#3002,1.25);
#1922=SURFACE_STYLE_USAGE(.BOTH.,#3003);
#1923=FACE_OUTER_BOUND('',#3004,.T.);
#1924=FACE_BOUND('',#3005,.T.);
#1925=PLANE('',#3006);
#1926=SURFACE_STYLE_USAGE(.BOTH.,#3007);
#1927=FACE_OUTER_BOUND('',#3008,.T.);
#1928=CYLINDRICAL_SURFACE('',#3009,1.6);
#1929=SURFACE_STYLE_USAGE(.BOTH.,#3010);
#1930=FACE_OUTER_BOUND('',#3011,.T.);
#1931=FACE_BOUND('',#3012,.T.);
#1932=PLANE('',#3013);
#1933=SURFACE_STYLE_USAGE(.BOTH.,#3014);
#1934=FACE_OUTER_BOUND('',#3015,.T.);
#1935=PLANE('',#3016);
#1936=SURFACE_STYLE_USAGE(.BOTH.,#3017);
#1937=FACE_OUTER_BOUND('',#3018,.T.);
#1938=PLANE('',#3019);
#1939=SURFACE_STYLE_USAGE(.BOTH.,#3020);
#1940=FACE_OUTER_BOUND('',#3021,.T.);
#1941=PLANE('',#3022);
#1942=SURFACE_STYLE_USAGE(.BOTH.,#3023);
#1943=FACE_OUTER_BOUND('',#3024,.T.);
#1944=CYLINDRICAL_SURFACE('',#3025,1.0);
#1945=SURFACE_STYLE_USAGE(.BOTH.,#3026);
#1946=FACE_OUTER_BOUND('',#3027,.T.);
#1947=CYLINDRICAL_SURFACE('',#3028,2.79999999999978);
#1948=SURFACE_STYLE_USAGE(.BOTH.,#3029);
#1949=FACE_OUTER_BOUND('',#3030,.T.);
#1950=PLANE('',#3031);
#1951=SURFACE_STYLE_USAGE(.BOTH.,#3032);
#1952=FACE_OUTER_BOUND('',#3033,.T.);
#1953=CYLINDRICAL_SURFACE('',#3034,4.5);
#1954=SURFACE_STYLE_USAGE(.BOTH.,#3035);
#1955=FACE_OUTER_BOUND('',#3036,.T.);
#1956=PLANE('',#3037);
#1957=SURFACE_STYLE_USAGE(.BOTH.,#3038);
#1958=FACE_OUTER_BOUND('',#3039,.T.);
#1959=PLANE('',#3040);
#1960=SURFACE_STYLE_USAGE(.BOTH.,#3041);
#1961=FACE_OUTER_BOUND('',#3042,.T.);
#1962=PLANE('',#3043);
#1963=SURFACE_STYLE_USAGE(.BOTH.,#3044);
#1964=FACE_OUTER_BOUND('',#3045,.T.);
#1965=PLANE('',#3046);
#1966=SURFACE_STYLE_USAGE(.BOTH.,#3047);
#1967=FACE_OUTER_BOUND('',#3048,.T.);
#1968=CYLINDRICAL_SURFACE('',#3049,3.19999999999999);
#1969=SURFACE_STYLE_USAGE(.BOTH.,#3050);
#1970=FACE_OUTER_BOUND('',#3051,.T.);
#1971=PLANE('',#3052);
#1972=SURFACE_STYLE_USAGE(.BOTH.,#3053);
#1973=FACE_OUTER_BOUND('',#3054,.T.);
#1974=PLANE('',#3055);
#1975=SURFACE_STYLE_USAGE(.BOTH.,#3056);
#1976=FACE_OUTER_BOUND('',#3057,.T.);
#1977=PLANE('',#3058);
#1978=SURFACE_STYLE_USAGE(.BOTH.,#3059);
#1979=FACE_OUTER_BOUND('',#3060,.T.);
#1980=PLANE('',#3061);
#1981=SURFACE_STYLE_USAGE(.BOTH.,#3062);
#1982=FACE_OUTER_BOUND('',#3063,.T.);
#1983=PLANE('',#3064);
#1984=SURFACE_STYLE_USAGE(.BOTH.,#3065);
#1985=FACE_OUTER_BOUND('',#3066,.T.);
#1986=PLANE('',#3067);
#1987=SURFACE_STYLE_USAGE(.BOTH.,#3068);
#1988=FACE_OUTER_BOUND('',#3069,.T.);
#1989=PLANE('',#3070);
#1990=SURFACE_STYLE_USAGE(.BOTH.,#3071);
#1991=FACE_OUTER_BOUND('',#3072,.T.);
#1992=PLANE('',#3073);
#1993=SURFACE_STYLE_USAGE(.BOTH.,#3074);
#1994=FACE_OUTER_BOUND('',#3075,.T.);
#1995=CYLINDRICAL_SURFACE('',#3076,3.19999999999995);
#1996=SURFACE_STYLE_USAGE(.BOTH.,#3077);
#1997=FACE_OUTER_BOUND('',#3078,.T.);
#1998=PLANE('',#3079);
#1999=SURFACE_STYLE_USAGE(.BOTH.,#3080);
#2000=FACE_OUTER_BOUND('',#3081,.T.);
#2001=PLANE('',#3082);
#2002=SURFACE_STYLE_USAGE(.BOTH.,#3083);
#2003=FACE_OUTER_BOUND('',#3084,.T.);
#2004=PLANE('',#3085);
#2005=SURFACE_STYLE_USAGE(.BOTH.,#3086);
#2006=FACE_OUTER_BOUND('',#3087,.T.);
#2007=CYLINDRICAL_SURFACE('',#3088,1.0);
#2008=SURFACE_STYLE_USAGE(.BOTH.,#3089);
#2009=FACE_OUTER_BOUND('',#3090,.T.);
#2010=CYLINDRICAL_SURFACE('',#3091,2.79999999999998);
#2011=SURFACE_STYLE_USAGE(.BOTH.,#3092);
#2012=FACE_OUTER_BOUND('',#3093,.T.);
#2013=PLANE('',#3094);
#2014=SURFACE_STYLE_USAGE(.BOTH.,#3095);
#2015=FACE_OUTER_BOUND('',#3096,.T.);
#2016=PLANE('',#3097);
#2017=SURFACE_STYLE_USAGE(.BOTH.,#3098);
#2018=FACE_OUTER_BOUND('',#3099,.T.);
#2019=PLANE('',#3100);
#2020=SURFACE_STYLE_USAGE(.BOTH.,#3101);
#2021=FACE_OUTER_BOUND('',#3102,.T.);
#2022=PLANE('',#3103);
#2023=SURFACE_STYLE_USAGE(.BOTH.,#3104);
#2024=FACE_OUTER_BOUND('',#3105,.T.);
#2025=CYLINDRICAL_SURFACE('',#3106,3.1);
#2026=SURFACE_STYLE_USAGE(.BOTH.,#3107);
#2027=FACE_OUTER_BOUND('',#3108,.T.);
#2028=PLANE('',#3109);
#2029=SURFACE_STYLE_USAGE(.BOTH.,#3110);
#2030=FACE_OUTER_BOUND('',#3111,.T.);
#2031=PLANE('',#3112);
#2032=SURFACE_STYLE_USAGE(.BOTH.,#3113);
#2033=FACE_OUTER_BOUND('',#3114,.T.);
#2034=PLANE('',#3115);
#2035=SURFACE_STYLE_USAGE(.BOTH.,#3116);
#2036=FACE_OUTER_BOUND('',#3117,.T.);
#2037=PLANE('',#3118);
#2038=SURFACE_STYLE_USAGE(.BOTH.,#3119);
#2039=FACE_OUTER_BOUND('',#3120,.T.);
#2040=CYLINDRICAL_SURFACE('',#3121,1.0);
#2041=SURFACE_STYLE_USAGE(.BOTH.,#3122);
#2042=FACE_OUTER_BOUND('',#3123,.T.);
#2043=CYLINDRICAL_SURFACE('',#3124,0.19349999999998);
#2044=SURFACE_STYLE_USAGE(.BOTH.,#3125);
#2045=FACE_OUTER_BOUND('',#3126,.T.);
#2046=PLANE('',#3127);
#2047=SURFACE_STYLE_USAGE(.BOTH.,#3128);
#2048=FACE_OUTER_BOUND('',#3129,.T.);
#2049=TOROIDAL_SURFACE('',#3130,2.95000000000002,0.5);
#2050=SURFACE_STYLE_USAGE(.BOTH.,#3131);
#2051=FACE_OUTER_BOUND('',#3132,.T.);
#2052=PLANE('',#3133);
#2053=SURFACE_STYLE_USAGE(.BOTH.,#3134);
#2054=FACE_OUTER_BOUND('',#3135,.T.);
#2055=PLANE('',#3136);
#2056=SURFACE_STYLE_USAGE(.BOTH.,#3137);
#2057=FACE_OUTER_BOUND('',#3138,.T.);
#2058=TOROIDAL_SURFACE('',#3139,4.00000000000003,0.2);
#2059=SURFACE_STYLE_USAGE(.BOTH.,#3140);
#2060=FACE_OUTER_BOUND('',#3141,.T.);
#2061=CONICAL_SURFACE('',#3142,3.5169872981078,0.523598775598299);
#2062=SURFACE_STYLE_USAGE(.BOTH.,#3143);
#2063=FACE_OUTER_BOUND('',#3144,.T.);
#2064=PLANE('',#3145);
#2065=SURFACE_STYLE_USAGE(.BOTH.,#3146);
#2066=FACE_OUTER_BOUND('',#3147,.T.);
#2067=CYLINDRICAL_SURFACE('',#3148,0.5);
#2068=SURFACE_STYLE_USAGE(.BOTH.,#3149);
#2069=FACE_OUTER_BOUND('',#3150,.T.);
#2070=TOROIDAL_SURFACE('',#3151,3.95000000000002,0.5);
#2071=SURFACE_STYLE_USAGE(.BOTH.,#3152);
#2072=FACE_OUTER_BOUND('',#3153,.T.);
#2073=CYLINDRICAL_SURFACE('',#3154,3.45000000000002);
#2074=SURFACE_STYLE_USAGE(.BOTH.,#3155);
#2075=FACE_OUTER_BOUND('',#3156,.T.);
#2076=TOROIDAL_SURFACE('',#3157,2.95000000000002,0.5);
#2077=SURFACE_STYLE_USAGE(.BOTH.,#3158);
#2078=FACE_OUTER_BOUND('',#3159,.T.);
#2079=PLANE('',#3160);
#2080=SURFACE_STYLE_USAGE(.BOTH.,#3161);
#2081=FACE_OUTER_BOUND('',#3162,.T.);
#2082=CYLINDRICAL_SURFACE('',#3163,0.5);
#2083=SURFACE_STYLE_USAGE(.BOTH.,#3164);
#2084=FACE_OUTER_BOUND('',#3165,.T.);
#2085=CYLINDRICAL_SURFACE('',#3166,4.5);
#2086=SURFACE_STYLE_USAGE(.BOTH.,#3167);
#2087=FACE_OUTER_BOUND('',#3168,.T.);
#2088=CYLINDRICAL_SURFACE('',#3169,4.5);
#2089=SURFACE_STYLE_USAGE(.BOTH.,#3170);
#2090=FACE_OUTER_BOUND('',#3171,.T.);
#2091=CYLINDRICAL_SURFACE('',#3172,3.45000000000002);
#2092=SURFACE_STYLE_USAGE(.BOTH.,#3173);
#2093=FACE_OUTER_BOUND('',#3174,.T.);
#2094=PLANE('',#3175);
#2095=SURFACE_STYLE_USAGE(.BOTH.,#3176);
#2096=FACE_OUTER_BOUND('',#3177,.T.);
#2097=PLANE('',#3178);
#2098=SURFACE_STYLE_USAGE(.BOTH.,#3179);
#2099=FACE_OUTER_BOUND('',#3180,.T.);
#2100=CYLINDRICAL_SURFACE('',#3181,0.1935);
#2101=SURFACE_STYLE_USAGE(.BOTH.,#3182);
#2102=FACE_OUTER_BOUND('',#3183,.T.);
#2103=PLANE('',#3184);
#2104=SURFACE_STYLE_USAGE(.BOTH.,#3185);
#2105=FACE_OUTER_BOUND('',#3186,.T.);
#2106=PLANE('',#3187);
#2107=SURFACE_STYLE_USAGE(.BOTH.,#3188);
#2108=FACE_OUTER_BOUND('',#3189,.T.);
#2109=PLANE('',#3190);
#2110=SURFACE_STYLE_USAGE(.BOTH.,#3191);
#2111=FACE_OUTER_BOUND('',#3192,.T.);
#2112=PLANE('',#3193);
#2113=SURFACE_STYLE_USAGE(.BOTH.,#3194);
#2114=FACE_OUTER_BOUND('',#3195,.T.);
#2115=PLANE('',#3196);
#2116=SURFACE_STYLE_USAGE(.BOTH.,#3197);
#2117=FACE_OUTER_BOUND('',#3198,.T.);
#2118=PLANE('',#3199);
#2119=SURFACE_STYLE_USAGE(.BOTH.,#3200);
#2120=FACE_OUTER_BOUND('',#3201,.T.);
#2121=CYLINDRICAL_SURFACE('',#3202,3.1);
#2122=SURFACE_STYLE_USAGE(.BOTH.,#3203);
#2123=FACE_OUTER_BOUND('',#3204,.T.);
#2124=FACE_BOUND('',#3205,.T.);
#2125=PLANE('',#3206);
#2126=SURFACE_STYLE_USAGE(.BOTH.,#3207);
#2127=FACE_OUTER_BOUND('',#3208,.T.);
#2128=PLANE('',#3209);
#2129=SURFACE_STYLE_USAGE(.BOTH.,#3210);
#2130=FACE_OUTER_BOUND('',#3211,.T.);
#2131=PLANE('',#3212);
#2132=SURFACE_STYLE_USAGE(.BOTH.,#3213);
#2133=FACE_OUTER_BOUND('',#3214,.T.);
#2134=PLANE('',#3215);
#2135=SURFACE_STYLE_USAGE(.BOTH.,#3216);
#2136=FACE_OUTER_BOUND('',#3217,.T.);
#2137=CYLINDRICAL_SURFACE('',#3218,1.25);
#2138=SURFACE_STYLE_USAGE(.BOTH.,#3219);
#2139=FACE_OUTER_BOUND('',#3220,.T.);
#2140=CYLINDRICAL_SURFACE('',#3221,1.25);
#2141=SURFACE_STYLE_USAGE(.BOTH.,#3222);
#2142=FACE_OUTER_BOUND('',#3223,.T.);
#2143=CYLINDRICAL_SURFACE('',#3224,1.6);
#2144=SURFACE_STYLE_USAGE(.BOTH.,#3225);
#2145=FACE_OUTER_BOUND('',#3226,.T.);
#2146=CYLINDRICAL_SURFACE('',#3227,1.55);
#2147=SURFACE_STYLE_USAGE(.BOTH.,#3228);
#2148=FACE_OUTER_BOUND('',#3229,.T.);
#2149=CYLINDRICAL_SURFACE('',#3230,1.25);
#2150=SURFACE_STYLE_USAGE(.BOTH.,#3231);
#2151=FACE_OUTER_BOUND('',#3232,.T.);
#2152=CYLINDRICAL_SURFACE('',#3233,1.6);
#2153=SURFACE_STYLE_USAGE(.BOTH.,#3234);
#2154=FACE_OUTER_BOUND('',#3235,.T.);
#2155=CYLINDRICAL_SURFACE('',#3236,1.6);
#2156=SURFACE_STYLE_USAGE(.BOTH.,#3237);
#2157=FACE_OUTER_BOUND('',#3238,.T.);
#2158=CYLINDRICAL_SURFACE('',#3239,1.55);
#2159=SURFACE_STYLE_USAGE(.BOTH.,#3240);
#2160=FACE_OUTER_BOUND('',#3241,.T.);
#2161=CYLINDRICAL_SURFACE('',#3242,1.6);
#2162=SURFACE_STYLE_USAGE(.BOTH.,#3243);
#2163=FACE_OUTER_BOUND('',#3244,.T.);
#2164=CYLINDRICAL_SURFACE('',#3245,1.25);
#2165=SURFACE_STYLE_USAGE(.BOTH.,#3246);
#2166=CLOSED_SHELL('',(#375,#377,#379,#381,#383,#385,#387,#389,#391,#393,#395,#397,#399,#401,#403,#405,#407,#409,#411,#413,#415,#417,#419,#421,#423,#425,#427,#429,#431,#433,#435,#437,#439,#441,#443,#445,#447,#449,#451,#453,#455,#457,#459,#461,#463,#465,#467,#469,#471,#473,#475,#477,#479,#481,#483,#485,#487,#489,#491,#493,#495,#497,#499,#501,#503,#505,#507,#509,#511,#513,#515,#517,#519,#521,#523,#525,#527,#529,#531,#533,#535,#537,#539,#541,#543,#545,#547,#549,#551,#553,#555,#557,#559,#561,#563,#565,#567,#569,#571,#573,#575,#577,#579,#581,#583,#585,#587,#589,#591,#593,#595,#597,#599,#601,#603,#605,#607,#609,#611,#613,#615,#617,#619,#621,#623,#625,#627,#629,#631,#633,#635,#637,#639,#641,#643,#645,#647,#649,#651,#653,#655,#657,#659,#661,#663,#665,#667,#669,#671,#673,#675,#677,#679,#681,#683,#685,#687,#689,#691,#693,#695,#697,#699,#701,#703,#705,#707,#709,#711,#713,#715,#717,#719,#721,#723,#725,#727,#729,#731,#733,#735,#737,#739,#741,#743,#745,#747,#749,#751,#753,#755,#757,#759,#761,#763,#765,#767,#769,#771,#773,#775,#777,#779,#781,#783,#785,#787,#789,#791,#793,#795,#797,#799,#801,#803,#805,#807,#809,#811,#813,#815,#817,#819,#821,#823,#825,#827,#829,#831,#833,#835,#837,#839,#841,#843,#845,#847,#849,#851,#853,#855,#857,#859,#861,#863,#865,#867,#869,#871,#873,#875,#877,#879,#881,#883,#885,#887,#889,#891,#893,#895,#897,#899,#901,#903,#905,#907,#909,#911,#913,#915,#917,#919,#921,#923,#925,#927,#929,#931,#933,#935,#937,#939,#941,#943,#945,#947,#949,#951,#953,#955,#957,#959,#961,#963,#965,#967,#969,#971,#973,#975,#977,#979,#981,#983,#985,#987,#989,#991,#993,#995,#997,#999,#1001,#1003,#1005,#1007,#1009,#1011,#1013,#1015,#1017,#1019,#1021,#1023,#1025,#1027,#1029,#1031,#1033,#1035,#1037,#1039,#1041,#1043,#1045,#1047,#1049,#1051,#1053,#1055,#1057,#1059,#1061,#1063,#1065,#1067,#1069,#1071,#1073));
#2167=PRODUCT_CONTEXT('',#361,'mechanical');
#2168=PRODUCT_DEFINITION_FORMATION_WITH_SPECIFIED_SOURCE(' ','NONE',#1076,.NOT_KNOWN.);
#2169=CARTESIAN_POINT('',(0.0,0.0,0.0));
#2170=DIRECTION('',(0.0,0.0,1.0));
#2171=DIRECTION('',(1.0,0.0,0.0));
#2172= (NAMED_UNIT(#1084)LENGTH_UNIT()SI_UNIT(.MILLI.,.METRE.));
#2173=SURFACE_SIDE_STYLE('',(#3248));
#2174=EDGE_LOOP('',(#3249,#3250,#3251,#3252));
#2175=AXIS2_PLACEMENT_3D('',#3253,#3254,#3255);
#2176=SURFACE_SIDE_STYLE('',(#3256));
#2177=EDGE_LOOP('',(#3257,#3258,#3259,#3260));
#2178=AXIS2_PLACEMENT_3D('',#3261,#3262,#3263);
#2179=SURFACE_SIDE_STYLE('',(#3264));
#2180=EDGE_LOOP('',(#3265,#3266,#3267,#3268));
#2181=AXIS2_PLACEMENT_3D('',#3269,#3270,#3271);
#2182=SURFACE_SIDE_STYLE('',(#3272));
#2183=EDGE_LOOP('',(#3273,#3274,#3275,#3276));
#2184=AXIS2_PLACEMENT_3D('',#3277,#3278,#3279);
#2185=SURFACE_SIDE_STYLE('',(#3280));
#2186=EDGE_LOOP('',(#3281,#3282,#3283,#3284));
#2187=AXIS2_PLACEMENT_3D('',#3285,#3286,#3287);
#2188=SURFACE_SIDE_STYLE('',(#3288));
#2189=EDGE_LOOP('',(#3289,#3290,#3291,#3292));
#2190=AXIS2_PLACEMENT_3D('',#3293,#3294,#3295);
#2191=SURFACE_SIDE_STYLE('',(#3296));
#2192=EDGE_LOOP('',(#3297,#3298,#3299,#3300));
#2193=AXIS2_PLACEMENT_3D('',#3301,#3302,#3303);
#2194=SURFACE_SIDE_STYLE('',(#3304));
#2195=EDGE_LOOP('',(#3305,#3306,#3307,#3308));
#2196=AXIS2_PLACEMENT_3D('',#3309,#3310,#3311);
#2197=SURFACE_SIDE_STYLE('',(#3312));
#2198=EDGE_LOOP('',(#3313,#3314,#3315,#3316));
#2199=AXIS2_PLACEMENT_3D('',#3317,#3318,#3319);
#2200=SURFACE_SIDE_STYLE('',(#3320));
#2201=EDGE_LOOP('',(#3321,#3322,#3323,#3324));
#2202=AXIS2_PLACEMENT_3D('',#3325,#3326,#3327);
#2203=SURFACE_SIDE_STYLE('',(#3328));
#2204=EDGE_LOOP('',(#3329,#3330,#3331,#3332,#3333));
#2205=AXIS2_PLACEMENT_3D('',#3334,#3335,#3336);
#2206=SURFACE_SIDE_STYLE('',(#3337));
#2207=EDGE_LOOP('',(#3338,#3339,#3340,#3341));
#2208=AXIS2_PLACEMENT_3D('',#3342,#3343,#3344);
#2209=SURFACE_SIDE_STYLE('',(#3345));
#2210=EDGE_LOOP('',(#3346,#3347,#3348,#3349,#3350));
#2211=AXIS2_PLACEMENT_3D('',#3351,#3352,#3353);
#2212=SURFACE_SIDE_STYLE('',(#3354));
#2213=EDGE_LOOP('',(#3355,#3356,#3357,#3358,#3359,#3360,#3361));
#2214=AXIS2_PLACEMENT_3D('',#3362,#3363,#3364);
#2215=SURFACE_SIDE_STYLE('',(#3365));
#2216=EDGE_LOOP('',(#3366,#3367,#3368,#3369));
#2217=AXIS2_PLACEMENT_3D('',#3370,#3371,#3372);
#2218=SURFACE_SIDE_STYLE('',(#3373));
#2219=EDGE_LOOP('',(#3374,#3375,#3376,#3377));
#2220=AXIS2_PLACEMENT_3D('',#3378,#3379,#3380);
#2221=SURFACE_SIDE_STYLE('',(#3381));
#2222=EDGE_LOOP('',(#3382,#3383,#3384,#3385));
#2223=AXIS2_PLACEMENT_3D('',#3386,#3387,#3388);
#2224=SURFACE_SIDE_STYLE('',(#3389));
#2225=EDGE_LOOP('',(#3390,#3391,#3392,#3393));
#2226=AXIS2_PLACEMENT_3D('',#3394,#3395,#3396);
#2227=SURFACE_SIDE_STYLE('',(#3397));
#2228=EDGE_LOOP('',(#3398,#3399,#3400,#3401));
#2229=AXIS2_PLACEMENT_3D('',#3402,#3403,#3404);
#2230=SURFACE_SIDE_STYLE('',(#3405));
#2231=EDGE_LOOP('',(#3406,#3407,#3408,#3409));
#2232=AXIS2_PLACEMENT_3D('',#3410,#3411,#3412);
#2233=SURFACE_SIDE_STYLE('',(#3413));
#2234=EDGE_LOOP('',(#3414,#3415,#3416,#3417));
#2235=AXIS2_PLACEMENT_3D('',#3418,#3419,#3420);
#2236=SURFACE_SIDE_STYLE('',(#3421));
#2237=EDGE_LOOP('',(#3422,#3423,#3424,#3425));
#2238=AXIS2_PLACEMENT_3D('',#3426,#3427,#3428);
#2239=SURFACE_SIDE_STYLE('',(#3429));
#2240=EDGE_LOOP('',(#3430,#3431,#3432,#3433));
#2241=AXIS2_PLACEMENT_3D('',#3434,#3435,#3436);
#2242=SURFACE_SIDE_STYLE('',(#3437));
#2243=EDGE_LOOP('',(#3438,#3439,#3440,#3441));
#2244=AXIS2_PLACEMENT_3D('',#3442,#3443,#3444);
#2245=SURFACE_SIDE_STYLE('',(#3445));
#2246=EDGE_LOOP('',(#3446,#3447,#3448,#3449));
#2247=AXIS2_PLACEMENT_3D('',#3450,#3451,#3452);
#2248=SURFACE_SIDE_STYLE('',(#3453));
#2249=EDGE_LOOP('',(#3454,#3455,#3456,#3457));
#2250=AXIS2_PLACEMENT_3D('',#3458,#3459,#3460);
#2251=SURFACE_SIDE_STYLE('',(#3461));
#2252=EDGE_LOOP('',(#3462,#3463,#3464,#3465,#3466));
#2253=AXIS2_PLACEMENT_3D('',#3467,#3468,#3469);
#2254=SURFACE_SIDE_STYLE('',(#3470));
#2255=EDGE_LOOP('',(#3471,#3472,#3473,#3474,#3475,#3476,#3477));
#2256=AXIS2_PLACEMENT_3D('',#3478,#3479,#3480);
#2257=SURFACE_SIDE_STYLE('',(#3481));
#2258=EDGE_LOOP('',(#3482,#3483,#3484,#3485));
#2259=AXIS2_PLACEMENT_3D('',#3486,#3487,#3488);
#2260=SURFACE_SIDE_STYLE('',(#3489));
#2261=EDGE_LOOP('',(#3490,#3491,#3492,#3493));
#2262=AXIS2_PLACEMENT_3D('',#3494,#3495,#3496);
#2263=SURFACE_SIDE_STYLE('',(#3497));
#2264=EDGE_LOOP('',(#3498,#3499,#3500,#3501));
#2265=AXIS2_PLACEMENT_3D('',#3502,#3503,#3504);
#2266=SURFACE_SIDE_STYLE('',(#3505));
#2267=EDGE_LOOP('',(#3506,#3507,#3508,#3509));
#2268=AXIS2_PLACEMENT_3D('',#3510,#3511,#3512);
#2269=SURFACE_SIDE_STYLE('',(#3513));
#2270=EDGE_LOOP('',(#3514,#3515,#3516,#3517));
#2271=AXIS2_PLACEMENT_3D('',#3518,#3519,#3520);
#2272=SURFACE_SIDE_STYLE('',(#3521));
#2273=EDGE_LOOP('',(#3522,#3523,#3524,#3525));
#2274=AXIS2_PLACEMENT_3D('',#3526,#3527,#3528);
#2275=SURFACE_SIDE_STYLE('',(#3529));
#2276=EDGE_LOOP('',(#3530,#3531,#3532,#3533));
#2277=AXIS2_PLACEMENT_3D('',#3534,#3535,#3536);
#2278=SURFACE_SIDE_STYLE('',(#3537));
#2279=EDGE_LOOP('',(#3538,#3539,#3540,#3541,#3542));
#2280=AXIS2_PLACEMENT_3D('',#3543,#3544,#3545);
#2281=SURFACE_SIDE_STYLE('',(#3546));
#2282=EDGE_LOOP('',(#3547,#3548,#3549,#3550));
#2283=AXIS2_PLACEMENT_3D('',#3551,#3552,#3553);
#2284=SURFACE_SIDE_STYLE('',(#3554));
#2285=EDGE_LOOP('',(#3555,#3556,#3557,#3558));
#2286=AXIS2_PLACEMENT_3D('',#3559,#3560,#3561);
#2287=SURFACE_SIDE_STYLE('',(#3562));
#2288=EDGE_LOOP('',(#3563,#3564,#3565,#3566,#3567));
#2289=AXIS2_PLACEMENT_3D('',#3568,#3569,#3570);
#2290=SURFACE_SIDE_STYLE('',(#3571));
#2291=EDGE_LOOP('',(#3572,#3573,#3574,#3575));
#2292=AXIS2_PLACEMENT_3D('',#3576,#3577,#3578);
#2293=SURFACE_SIDE_STYLE('',(#3579));
#2294=EDGE_LOOP('',(#3580,#3581,#3582,#3583));
#2295=AXIS2_PLACEMENT_3D('',#3584,#3585,#3586);
#2296=SURFACE_SIDE_STYLE('',(#3587));
#2297=EDGE_LOOP('',(#3588,#3589,#3590,#3591));
#2298=AXIS2_PLACEMENT_3D('',#3592,#3593,#3594);
#2299=SURFACE_SIDE_STYLE('',(#3595));
#2300=EDGE_LOOP('',(#3596,#3597,#3598,#3599));
#2301=AXIS2_PLACEMENT_3D('',#3600,#3601,#3602);
#2302=SURFACE_SIDE_STYLE('',(#3603));
#2303=EDGE_LOOP('',(#3604,#3605,#3606,#3607));
#2304=AXIS2_PLACEMENT_3D('',#3608,#3609,#3610);
#2305=SURFACE_SIDE_STYLE('',(#3611));
#2306=EDGE_LOOP('',(#3612,#3613,#3614,#3615));
#2307=AXIS2_PLACEMENT_3D('',#3616,#3617,#3618);
#2308=SURFACE_SIDE_STYLE('',(#3619));
#2309=EDGE_LOOP('',(#3620,#3621,#3622,#3623));
#2310=AXIS2_PLACEMENT_3D('',#3624,#3625,#3626);
#2311=SURFACE_SIDE_STYLE('',(#3627));
#2312=EDGE_LOOP('',(#3628,#3629,#3630,#3631));
#2313=AXIS2_PLACEMENT_3D('',#3632,#3633,#3634);
#2314=SURFACE_SIDE_STYLE('',(#3635));
#2315=EDGE_LOOP('',(#3636,#3637,#3638,#3639));
#2316=AXIS2_PLACEMENT_3D('',#3640,#3641,#3642);
#2317=SURFACE_SIDE_STYLE('',(#3643));
#2318=EDGE_LOOP('',(#3644,#3645,#3646,#3647));
#2319=AXIS2_PLACEMENT_3D('',#3648,#3649,#3650);
#2320=SURFACE_SIDE_STYLE('',(#3651));
#2321=EDGE_LOOP('',(#3652,#3653,#3654,#3655));
#2322=AXIS2_PLACEMENT_3D('',#3656,#3657,#3658);
#2323=SURFACE_SIDE_STYLE('',(#3659));
#2324=EDGE_LOOP('',(#3660,#3661,#3662,#3663));
#2325=AXIS2_PLACEMENT_3D('',#3664,#3665,#3666);
#2326=SURFACE_SIDE_STYLE('',(#3667));
#2327=EDGE_LOOP('',(#3668,#3669,#3670,#3671));
#2328=AXIS2_PLACEMENT_3D('',#3672,#3673,#3674);
#2329=SURFACE_SIDE_STYLE('',(#3675));
#2330=EDGE_LOOP('',(#3676,#3677,#3678,#3679));
#2331=AXIS2_PLACEMENT_3D('',#3680,#3681,#3682);
#2332=SURFACE_SIDE_STYLE('',(#3683));
#2333=EDGE_LOOP('',(#3684,#3685,#3686,#3687));
#2334=AXIS2_PLACEMENT_3D('',#3688,#3689,#3690);
#2335=SURFACE_SIDE_STYLE('',(#3691));
#2336=EDGE_LOOP('',(#3692,#3693,#3694,#3695,#3696));
#2337=EDGE_LOOP('',(#3697,#3698));
#2338=AXIS2_PLACEMENT_3D('',#3699,#3700,#3701);
#2339=SURFACE_SIDE_STYLE('',(#3702));
#2340=EDGE_LOOP('',(#3703,#3704,#3705,#3706,#3707,#3708));
#2341=AXIS2_PLACEMENT_3D('',#3709,#3710,#3711);
#2342=SURFACE_SIDE_STYLE('',(#3712));
#2343=EDGE_LOOP('',(#3713,#3714,#3715,#3716));
#2344=AXIS2_PLACEMENT_3D('',#3717,#3718,#3719);
#2345=SURFACE_SIDE_STYLE('',(#3720));
#2346=EDGE_LOOP('',(#3721,#3722,#3723,#3724,#3725,#3726,#3727));
#2347=AXIS2_PLACEMENT_3D('',#3728,#3729,#3730);
#2348=SURFACE_SIDE_STYLE('',(#3731));
#2349=EDGE_LOOP('',(#3732,#3733,#3734,#3735,#3736));
#2350=AXIS2_PLACEMENT_3D('',#3737,#3738,#3739);
#2351=SURFACE_SIDE_STYLE('',(#3740));
#2352=EDGE_LOOP('',(#3741,#3742,#3743,#3744,#3745,#3746));
#2353=AXIS2_PLACEMENT_3D('',#3747,#3748,#3749);
#2354=SURFACE_SIDE_STYLE('',(#3750));
#2355=EDGE_LOOP('',(#3751,#3752,#3753,#3754));
#2356=AXIS2_PLACEMENT_3D('',#3755,#3756,#3757);
#2357=SURFACE_SIDE_STYLE('',(#3758));
#2358=EDGE_LOOP('',(#3759,#3760,#3761,#3762));
#2359=AXIS2_PLACEMENT_3D('',#3763,#3764,#3765);
#2360=SURFACE_SIDE_STYLE('',(#3766));
#2361=EDGE_LOOP('',(#3767,#3768,#3769,#3770));
#2362=AXIS2_PLACEMENT_3D('',#3771,#3772,#3773);
#2363=SURFACE_SIDE_STYLE('',(#3774));
#2364=EDGE_LOOP('',(#3775,#3776,#3777,#3778,#3779,#3780,#3781,#3782,#3783,#3784));
#2365=EDGE_LOOP('',(#3785,#3786));
#2366=AXIS2_PLACEMENT_3D('',#3787,#3788,#3789);
#2367=SURFACE_SIDE_STYLE('',(#3790));
#2368=EDGE_LOOP('',(#3791,#3792,#3793,#3794));
#2369=AXIS2_PLACEMENT_3D('',#3795,#3796,#3797);
#2370=SURFACE_SIDE_STYLE('',(#3798));
#2371=EDGE_LOOP('',(#3799,#3800,#3801,#3802));
#2372=AXIS2_PLACEMENT_3D('',#3803,#3804,#3805);
#2373=SURFACE_SIDE_STYLE('',(#3806));
#2374=EDGE_LOOP('',(#3807,#3808,#3809,#3810));
#2375=AXIS2_PLACEMENT_3D('',#3811,#3812,#3813);
#2376=SURFACE_SIDE_STYLE('',(#3814));
#2377=EDGE_LOOP('',(#3815,#3816,#3817,#3818));
#2378=AXIS2_PLACEMENT_3D('',#3819,#3820,#3821);
#2379=SURFACE_SIDE_STYLE('',(#3822));
#2380=EDGE_LOOP('',(#3823,#3824,#3825,#3826));
#2381=AXIS2_PLACEMENT_3D('',#3827,#3828,#3829);
#2382=SURFACE_SIDE_STYLE('',(#3830));
#2383=EDGE_LOOP('',(#3831,#3832,#3833,#3834));
#2384=AXIS2_PLACEMENT_3D('',#3835,#3836,#3837);
#2385=SURFACE_SIDE_STYLE('',(#3838));
#2386=EDGE_LOOP('',(#3839,#3840,#3841));
#2387=AXIS2_PLACEMENT_3D('',#3842,#3843,#3844);
#2388=SURFACE_SIDE_STYLE('',(#3845));
#2389=EDGE_LOOP('',(#3846,#3847,#3848,#3849));
#2390=AXIS2_PLACEMENT_3D('',#3850,#3851,#3852);
#2391=SURFACE_SIDE_STYLE('',(#3853));
#2392=EDGE_LOOP('',(#3854,#3855,#3856,#3857,#3858,#3859,#3860,#3861,#3862,#3863,#3864,#3865));
#2393=AXIS2_PLACEMENT_3D('',#3866,#3867,#3868);
#2394=SURFACE_SIDE_STYLE('',(#3869));
#2395=EDGE_LOOP('',(#3870,#3871,#3872,#3873));
#2396=AXIS2_PLACEMENT_3D('',#3874,#3875,#3876);
#2397=SURFACE_SIDE_STYLE('',(#3877));
#2398=EDGE_LOOP('',(#3878,#3879,#3880,#3881));
#2399=AXIS2_PLACEMENT_3D('',#3882,#3883,#3884);
#2400=SURFACE_SIDE_STYLE('',(#3885));
#2401=EDGE_LOOP('',(#3886,#3887,#3888,#3889,#3890,#3891));
#2402=AXIS2_PLACEMENT_3D('',#3892,#3893,#3894);
#2403=SURFACE_SIDE_STYLE('',(#3895));
#2404=EDGE_LOOP('',(#3896,#3897,#3898,#3899));
#2405=AXIS2_PLACEMENT_3D('',#3900,#3901,#3902);
#2406=SURFACE_SIDE_STYLE('',(#3903));
#2407=EDGE_LOOP('',(#3904,#3905,#3906,#3907));
#2408=AXIS2_PLACEMENT_3D('',#3908,#3909,#3910);
#2409=SURFACE_SIDE_STYLE('',(#3911));
#2410=EDGE_LOOP('',(#3912,#3913,#3914,#3915));
#2411=AXIS2_PLACEMENT_3D('',#3916,#3917,#3918);
#2412=SURFACE_SIDE_STYLE('',(#3919));
#2413=EDGE_LOOP('',(#3920,#3921,#3922,#3923));
#2414=AXIS2_PLACEMENT_3D('',#3924,#3925,#3926);
#2415=SURFACE_SIDE_STYLE('',(#3927));
#2416=EDGE_LOOP('',(#3928,#3929,#3930,#3931));
#2417=AXIS2_PLACEMENT_3D('',#3932,#3933,#3934);
#2418=SURFACE_SIDE_STYLE('',(#3935));
#2419=EDGE_LOOP('',(#3936,#3937,#3938,#3939));
#2420=AXIS2_PLACEMENT_3D('',#3940,#3941,#3942);
#2421=SURFACE_SIDE_STYLE('',(#3943));
#2422=EDGE_LOOP('',(#3944,#3945,#3946,#3947));
#2423=AXIS2_PLACEMENT_3D('',#3948,#3949,#3950);
#2424=SURFACE_SIDE_STYLE('',(#3951));
#2425=EDGE_LOOP('',(#3952,#3953,#3954,#3955));
#2426=AXIS2_PLACEMENT_3D('',#3956,#3957,#3958);
#2427=SURFACE_SIDE_STYLE('',(#3959));
#2428=EDGE_LOOP('',(#3960,#3961,#3962));
#2429=AXIS2_PLACEMENT_3D('',#3963,#3964,#3965);
#2430=SURFACE_SIDE_STYLE('',(#3966));
#2431=EDGE_LOOP('',(#3967,#3968,#3969,#3970,#3971,#3972));
#2432=AXIS2_PLACEMENT_3D('',#3973,#3974,#3975);
#2433=SURFACE_SIDE_STYLE('',(#3976));
#2434=EDGE_LOOP('',(#3977,#3978,#3979,#3980));
#2435=AXIS2_PLACEMENT_3D('',#3981,#3982,#3983);
#2436=SURFACE_SIDE_STYLE('',(#3984));
#2437=EDGE_LOOP('',(#3985,#3986,#3987,#3988));
#2438=AXIS2_PLACEMENT_3D('',#3989,#3990,#3991);
#2439=SURFACE_SIDE_STYLE('',(#3992));
#2440=EDGE_LOOP('',(#3993,#3994,#3995,#3996));
#2441=AXIS2_PLACEMENT_3D('',#3997,#3998,#3999);
#2442=SURFACE_SIDE_STYLE('',(#4000));
#2443=EDGE_LOOP('',(#4001,#4002,#4003,#4004));
#2444=AXIS2_PLACEMENT_3D('',#4005,#4006,#4007);
#2445=SURFACE_SIDE_STYLE('',(#4008));
#2446=EDGE_LOOP('',(#4009,#4010,#4011,#4012));
#2447=AXIS2_PLACEMENT_3D('',#4013,#4014,#4015);
#2448=SURFACE_SIDE_STYLE('',(#4016));
#2449=EDGE_LOOP('',(#4017,#4018,#4019,#4020));
#2450=AXIS2_PLACEMENT_3D('',#4021,#4022,#4023);
#2451=SURFACE_SIDE_STYLE('',(#4024));
#2452=EDGE_LOOP('',(#4025,#4026,#4027,#4028));
#2453=AXIS2_PLACEMENT_3D('',#4029,#4030,#4031);
#2454=SURFACE_SIDE_STYLE('',(#4032));
#2455=EDGE_LOOP('',(#4033,#4034,#4035,#4036));
#2456=AXIS2_PLACEMENT_3D('',#4037,#4038,#4039);
#2457=SURFACE_SIDE_STYLE('',(#4040));
#2458=EDGE_LOOP('',(#4041,#4042,#4043,#4044));
#2459=AXIS2_PLACEMENT_3D('',#4045,#4046,#4047);
#2460=SURFACE_SIDE_STYLE('',(#4048));
#2461=EDGE_LOOP('',(#4049,#4050,#4051,#4052));
#2462=AXIS2_PLACEMENT_3D('',#4053,#4054,#4055);
#2463=SURFACE_SIDE_STYLE('',(#4056));
#2464=EDGE_LOOP('',(#4057,#4058,#4059,#4060));
#2465=AXIS2_PLACEMENT_3D('',#4061,#4062,#4063);
#2466=SURFACE_SIDE_STYLE('',(#4064));
#2467=EDGE_LOOP('',(#4065,#4066,#4067,#4068,#4069,#4070,#4071,#4072,#4073,#4074,#4075,#4076,#4077,#4078,#4079,#4080));
#2468=AXIS2_PLACEMENT_3D('',#4081,#4082,#4083);
#2469=SURFACE_SIDE_STYLE('',(#4084));
#2470=EDGE_LOOP('',(#4085,#4086,#4087,#4088));
#2471=AXIS2_PLACEMENT_3D('',#4089,#4090,#4091);
#2472=SURFACE_SIDE_STYLE('',(#4092));
#2473=EDGE_LOOP('',(#4093,#4094,#4095,#4096));
#2474=AXIS2_PLACEMENT_3D('',#4097,#4098,#4099);
#2475=SURFACE_SIDE_STYLE('',(#4100));
#2476=EDGE_LOOP('',(#4101,#4102,#4103,#4104,#4105,#4106,#4107,#4108));
#2477=AXIS2_PLACEMENT_3D('',#4109,#4110,#4111);
#2478=SURFACE_SIDE_STYLE('',(#4112));
#2479=EDGE_LOOP('',(#4113,#4114,#4115,#4116));
#2480=AXIS2_PLACEMENT_3D('',#4117,#4118,#4119);
#2481=SURFACE_SIDE_STYLE('',(#4120));
#2482=EDGE_LOOP('',(#4121,#4122,#4123,#4124));
#2483=AXIS2_PLACEMENT_3D('',#4125,#4126,#4127);
#2484=SURFACE_SIDE_STYLE('',(#4128));
#2485=EDGE_LOOP('',(#4129,#4130,#4131,#4132));
#2486=AXIS2_PLACEMENT_3D('',#4133,#4134,#4135);
#2487=SURFACE_SIDE_STYLE('',(#4136));
#2488=EDGE_LOOP('',(#4137,#4138,#4139,#4140));
#2489=AXIS2_PLACEMENT_3D('',#4141,#4142,#4143);
#2490=SURFACE_SIDE_STYLE('',(#4144));
#2491=EDGE_LOOP('',(#4145,#4146,#4147,#4148,#4149,#4150,#4151,#4152));
#2492=AXIS2_PLACEMENT_3D('',#4153,#4154,#4155);
#2493=SURFACE_SIDE_STYLE('',(#4156));
#2494=EDGE_LOOP('',(#4157,#4158,#4159,#4160));
#2495=AXIS2_PLACEMENT_3D('',#4161,#4162,#4163);
#2496=SURFACE_SIDE_STYLE('',(#4164));
#2497=EDGE_LOOP('',(#4165,#4166,#4167,#4168,#4169,#4170,#4171,#4172));
#2498=AXIS2_PLACEMENT_3D('',#4173,#4174,#4175);
#2499=SURFACE_SIDE_STYLE('',(#4176));
#2500=EDGE_LOOP('',(#4177,#4178,#4179,#4180,#4181,#4182,#4183,#4184,#4185,#4186,#4187,#4188,#4189,#4190,#4191,#4192,#4193,#4194,#4195,#4196,#4197,#4198,#4199,#4200));
#2501=AXIS2_PLACEMENT_3D('',#4201,#4202,#4203);
#2502=SURFACE_SIDE_STYLE('',(#4204));
#2503=EDGE_LOOP('',(#4205,#4206,#4207,#4208));
#2504=AXIS2_PLACEMENT_3D('',#4209,#4210,#4211);
#2505=SURFACE_SIDE_STYLE('',(#4212));
#2506=EDGE_LOOP('',(#4213,#4214,#4215,#4216,#4217));
#2507=AXIS2_PLACEMENT_3D('',#4218,#4219,#4220);
#2508=SURFACE_SIDE_STYLE('',(#4221));
#2509=EDGE_LOOP('',(#4222,#4223,#4224,#4225));
#2510=AXIS2_PLACEMENT_3D('',#4226,#4227,#4228);
#2511=SURFACE_SIDE_STYLE('',(#4229));
#2512=EDGE_LOOP('',(#4230,#4231,#4232,#4233));
#2513=AXIS2_PLACEMENT_3D('',#4234,#4235,#4236);
#2514=SURFACE_SIDE_STYLE('',(#4237));
#2515=EDGE_LOOP('',(#4238,#4239,#4240,#4241));
#2516=AXIS2_PLACEMENT_3D('',#4242,#4243,#4244);
#2517=SURFACE_SIDE_STYLE('',(#4245));
#2518=EDGE_LOOP('',(#4246,#4247,#4248,#4249));
#2519=AXIS2_PLACEMENT_3D('',#4250,#4251,#4252);
#2520=SURFACE_SIDE_STYLE('',(#4253));
#2521=EDGE_LOOP('',(#4254,#4255));
#2522=EDGE_LOOP('',(#4256,#4257));
#2523=AXIS2_PLACEMENT_3D('',#4258,#4259,#4260);
#2524=SURFACE_SIDE_STYLE('',(#4261));
#2525=EDGE_LOOP('',(#4262,#4263,#4264,#4265));
#2526=AXIS2_PLACEMENT_3D('',#4266,#4267,#4268);
#2527=SURFACE_SIDE_STYLE('',(#4269));
#2528=EDGE_LOOP('',(#4270,#4271,#4272,#4273));
#2529=AXIS2_PLACEMENT_3D('',#4274,#4275,#4276);
#2530=SURFACE_SIDE_STYLE('',(#4277));
#2531=EDGE_LOOP('',(#4278,#4279,#4280,#4281));
#2532=AXIS2_PLACEMENT_3D('',#4282,#4283,#4284);
#2533=SURFACE_SIDE_STYLE('',(#4285));
#2534=EDGE_LOOP('',(#4286,#4287,#4288,#4289));
#2535=AXIS2_PLACEMENT_3D('',#4290,#4291,#4292);
#2536=SURFACE_SIDE_STYLE('',(#4293));
#2537=EDGE_LOOP('',(#4294,#4295,#4296,#4297));
#2538=AXIS2_PLACEMENT_3D('',#4298,#4299,#4300);
#2539=SURFACE_SIDE_STYLE('',(#4301));
#2540=EDGE_LOOP('',(#4302,#4303,#4304,#4305));
#2541=AXIS2_PLACEMENT_3D('',#4306,#4307,#4308);
#2542=SURFACE_SIDE_STYLE('',(#4309));
#2543=EDGE_LOOP('',(#4310,#4311,#4312,#4313,#4314,#4315));
#2544=AXIS2_PLACEMENT_3D('',#4316,#4317,#4318);
#2545=SURFACE_SIDE_STYLE('',(#4319));
#2546=EDGE_LOOP('',(#4320,#4321,#4322,#4323));
#2547=AXIS2_PLACEMENT_3D('',#4324,#4325,#4326);
#2548=SURFACE_SIDE_STYLE('',(#4327));
#2549=EDGE_LOOP('',(#4328,#4329,#4330,#4331));
#2550=AXIS2_PLACEMENT_3D('',#4332,#4333,#4334);
#2551=SURFACE_SIDE_STYLE('',(#4335));
#2552=EDGE_LOOP('',(#4336,#4337,#4338,#4339));
#2553=AXIS2_PLACEMENT_3D('',#4340,#4341,#4342);
#2554=SURFACE_SIDE_STYLE('',(#4343));
#2555=EDGE_LOOP('',(#4344,#4345,#4346,#4347));
#2556=AXIS2_PLACEMENT_3D('',#4348,#4349,#4350);
#2557=SURFACE_SIDE_STYLE('',(#4351));
#2558=EDGE_LOOP('',(#4352,#4353,#4354,#4355));
#2559=AXIS2_PLACEMENT_3D('',#4356,#4357,#4358);
#2560=SURFACE_SIDE_STYLE('',(#4359));
#2561=EDGE_LOOP('',(#4360,#4361,#4362,#4363));
#2562=AXIS2_PLACEMENT_3D('',#4364,#4365,#4366);
#2563=SURFACE_SIDE_STYLE('',(#4367));
#2564=EDGE_LOOP('',(#4368,#4369,#4370,#4371));
#2565=AXIS2_PLACEMENT_3D('',#4372,#4373,#4374);
#2566=SURFACE_SIDE_STYLE('',(#4375));
#2567=EDGE_LOOP('',(#4376,#4377,#4378,#4379));
#2568=AXIS2_PLACEMENT_3D('',#4380,#4381,#4382);
#2569=SURFACE_SIDE_STYLE('',(#4383));
#2570=EDGE_LOOP('',(#4384,#4385,#4386,#4387,#4388,#4389,#4390));
#2571=AXIS2_PLACEMENT_3D('',#4391,#4392,#4393);
#2572=SURFACE_SIDE_STYLE('',(#4394));
#2573=EDGE_LOOP('',(#4395,#4396,#4397,#4398));
#2574=AXIS2_PLACEMENT_3D('',#4399,#4400,#4401);
#2575=SURFACE_SIDE_STYLE('',(#4402));
#2576=EDGE_LOOP('',(#4403,#4404,#4405));
#2577=AXIS2_PLACEMENT_3D('',#4406,#4407,#4408);
#2578=SURFACE_SIDE_STYLE('',(#4409));
#2579=EDGE_LOOP('',(#4410,#4411,#4412,#4413,#4414,#4415,#4416,#4417));
#2580=AXIS2_PLACEMENT_3D('',#4418,#4419,#4420);
#2581=SURFACE_SIDE_STYLE('',(#4421));
#2582=EDGE_LOOP('',(#4422,#4423,#4424,#4425));
#2583=AXIS2_PLACEMENT_3D('',#4426,#4427,#4428);
#2584=SURFACE_SIDE_STYLE('',(#4429));
#2585=EDGE_LOOP('',(#4430,#4431,#4432,#4433));
#2586=AXIS2_PLACEMENT_3D('',#4434,#4435,#4436);
#2587=SURFACE_SIDE_STYLE('',(#4437));
#2588=EDGE_LOOP('',(#4438,#4439,#4440));
#2589=AXIS2_PLACEMENT_3D('',#4441,#4442,#4443);
#2590=SURFACE_SIDE_STYLE('',(#4444));
#2591=EDGE_LOOP('',(#4445,#4446,#4447,#4448));
#2592=AXIS2_PLACEMENT_3D('',#4449,#4450,#4451);
#2593=SURFACE_SIDE_STYLE('',(#4452));
#2594=EDGE_LOOP('',(#4453,#4454,#4455,#4456,#4457,#4458,#4459,#4460));
#2595=AXIS2_PLACEMENT_3D('',#4461,#4462,#4463);
#2596=SURFACE_SIDE_STYLE('',(#4464));
#2597=EDGE_LOOP('',(#4465,#4466,#4467,#4468));
#2598=AXIS2_PLACEMENT_3D('',#4469,#4470,#4471);
#2599=SURFACE_SIDE_STYLE('',(#4472));
#2600=EDGE_LOOP('',(#4473,#4474,#4475,#4476));
#2601=AXIS2_PLACEMENT_3D('',#4477,#4478,#4479);
#2602=SURFACE_SIDE_STYLE('',(#4480));
#2603=EDGE_LOOP('',(#4481,#4482,#4483,#4484));
#2604=AXIS2_PLACEMENT_3D('',#4485,#4486,#4487);
#2605=SURFACE_SIDE_STYLE('',(#4488));
#2606=EDGE_LOOP('',(#4489,#4490,#4491,#4492));
#2607=AXIS2_PLACEMENT_3D('',#4493,#4494,#4495);
#2608=SURFACE_SIDE_STYLE('',(#4496));
#2609=EDGE_LOOP('',(#4497,#4498,#4499,#4500));
#2610=AXIS2_PLACEMENT_3D('',#4501,#4502,#4503);
#2611=SURFACE_SIDE_STYLE('',(#4504));
#2612=EDGE_LOOP('',(#4505,#4506,#4507,#4508));
#2613=AXIS2_PLACEMENT_3D('',#4509,#4510,#4511);
#2614=SURFACE_SIDE_STYLE('',(#4512));
#2615=EDGE_LOOP('',(#4513,#4514,#4515,#4516));
#2616=AXIS2_PLACEMENT_3D('',#4517,#4518,#4519);
#2617=SURFACE_SIDE_STYLE('',(#4520));
#2618=EDGE_LOOP('',(#4521,#4522,#4523,#4524));
#2619=AXIS2_PLACEMENT_3D('',#4525,#4526,#4527);
#2620=SURFACE_SIDE_STYLE('',(#4528));
#2621=EDGE_LOOP('',(#4529,#4530,#4531,#4532,#4533,#4534));
#2622=AXIS2_PLACEMENT_3D('',#4535,#4536,#4537);
#2623=SURFACE_SIDE_STYLE('',(#4538));
#2624=EDGE_LOOP('',(#4539,#4540,#4541,#4542));
#2625=AXIS2_PLACEMENT_3D('',#4543,#4544,#4545);
#2626=SURFACE_SIDE_STYLE('',(#4546));
#2627=EDGE_LOOP('',(#4547,#4548,#4549,#4550,#4551,#4552,#4553,#4554,#4555,#4556,#4557,#4558));
#2628=AXIS2_PLACEMENT_3D('',#4559,#4560,#4561);
#2629=SURFACE_SIDE_STYLE('',(#4562));
#2630=EDGE_LOOP('',(#4563,#4564,#4565,#4566));
#2631=AXIS2_PLACEMENT_3D('',#4567,#4568,#4569);
#2632=SURFACE_SIDE_STYLE('',(#4570));
#2633=EDGE_LOOP('',(#4571,#4572,#4573,#4574));
#2634=AXIS2_PLACEMENT_3D('',#4575,#4576,#4577);
#2635=SURFACE_SIDE_STYLE('',(#4578));
#2636=EDGE_LOOP('',(#4579,#4580,#4581,#4582));
#2637=AXIS2_PLACEMENT_3D('',#4583,#4584,#4585);
#2638=SURFACE_SIDE_STYLE('',(#4586));
#2639=EDGE_LOOP('',(#4587,#4588,#4589,#4590));
#2640=AXIS2_PLACEMENT_3D('',#4591,#4592,#4593);
#2641=SURFACE_SIDE_STYLE('',(#4594));
#2642=EDGE_LOOP('',(#4595,#4596,#4597,#4598));
#2643=AXIS2_PLACEMENT_3D('',#4599,#4600,#4601);
#2644=SURFACE_SIDE_STYLE('',(#4602));
#2645=EDGE_LOOP('',(#4603,#4604,#4605,#4606));
#2646=AXIS2_PLACEMENT_3D('',#4607,#4608,#4609);
#2647=SURFACE_SIDE_STYLE('',(#4610));
#2648=EDGE_LOOP('',(#4611,#4612,#4613,#4614));
#2649=AXIS2_PLACEMENT_3D('',#4615,#4616,#4617);
#2650=SURFACE_SIDE_STYLE('',(#4618));
#2651=EDGE_LOOP('',(#4619,#4620,#4621,#4622));
#2652=AXIS2_PLACEMENT_3D('',#4623,#4624,#4625);
#2653=SURFACE_SIDE_STYLE('',(#4626));
#2654=EDGE_LOOP('',(#4627,#4628,#4629,#4630,#4631,#4632,#4633,#4634,#4635));
#2655=AXIS2_PLACEMENT_3D('',#4636,#4637,#4638);
#2656=SURFACE_SIDE_STYLE('',(#4639));
#2657=EDGE_LOOP('',(#4640,#4641,#4642,#4643));
#2658=AXIS2_PLACEMENT_3D('',#4644,#4645,#4646);
#2659=SURFACE_SIDE_STYLE('',(#4647));
#2660=EDGE_LOOP('',(#4648,#4649,#4650,#4651));
#2661=AXIS2_PLACEMENT_3D('',#4652,#4653,#4654);
#2662=SURFACE_SIDE_STYLE('',(#4655));
#2663=EDGE_LOOP('',(#4656,#4657,#4658,#4659));
#2664=AXIS2_PLACEMENT_3D('',#4660,#4661,#4662);
#2665=SURFACE_SIDE_STYLE('',(#4663));
#2666=EDGE_LOOP('',(#4664,#4665,#4666,#4667,#4668));
#2667=AXIS2_PLACEMENT_3D('',#4669,#4670,#4671);
#2668=SURFACE_SIDE_STYLE('',(#4672));
#2669=EDGE_LOOP('',(#4673,#4674,#4675,#4676,#4677,#4678,#4679));
#2670=AXIS2_PLACEMENT_3D('',#4680,#4681,#4682);
#2671=SURFACE_SIDE_STYLE('',(#4683));
#2672=EDGE_LOOP('',(#4684,#4685,#4686,#4687));
#2673=AXIS2_PLACEMENT_3D('',#4688,#4689,#4690);
#2674=SURFACE_SIDE_STYLE('',(#4691));
#2675=EDGE_LOOP('',(#4692,#4693,#4694,#4695));
#2676=AXIS2_PLACEMENT_3D('',#4696,#4697,#4698);
#2677=SURFACE_SIDE_STYLE('',(#4699));
#2678=EDGE_LOOP('',(#4700,#4701,#4702,#4703));
#2679=AXIS2_PLACEMENT_3D('',#4704,#4705,#4706);
#2680=SURFACE_SIDE_STYLE('',(#4707));
#2681=EDGE_LOOP('',(#4708,#4709,#4710,#4711));
#2682=AXIS2_PLACEMENT_3D('',#4712,#4713,#4714);
#2683=SURFACE_SIDE_STYLE('',(#4715));
#2684=EDGE_LOOP('',(#4716,#4717,#4718,#4719));
#2685=AXIS2_PLACEMENT_3D('',#4720,#4721,#4722);
#2686=SURFACE_SIDE_STYLE('',(#4723));
#2687=EDGE_LOOP('',(#4724,#4725,#4726,#4727));
#2688=AXIS2_PLACEMENT_3D('',#4728,#4729,#4730);
#2689=SURFACE_SIDE_STYLE('',(#4731));
#2690=EDGE_LOOP('',(#4732,#4733,#4734,#4735));
#2691=AXIS2_PLACEMENT_3D('',#4736,#4737,#4738);
#2692=SURFACE_SIDE_STYLE('',(#4739));
#2693=EDGE_LOOP('',(#4740,#4741,#4742,#4743));
#2694=AXIS2_PLACEMENT_3D('',#4744,#4745,#4746);
#2695=SURFACE_SIDE_STYLE('',(#4747));
#2696=EDGE_LOOP('',(#4748,#4749,#4750,#4751));
#2697=AXIS2_PLACEMENT_3D('',#4752,#4753,#4754);
#2698=SURFACE_SIDE_STYLE('',(#4755));
#2699=EDGE_LOOP('',(#4756,#4757,#4758,#4759));
#2700=AXIS2_PLACEMENT_3D('',#4760,#4761,#4762);
#2701=SURFACE_SIDE_STYLE('',(#4763));
#2702=EDGE_LOOP('',(#4764,#4765,#4766,#4767));
#2703=AXIS2_PLACEMENT_3D('',#4768,#4769,#4770);
#2704=SURFACE_SIDE_STYLE('',(#4771));
#2705=EDGE_LOOP('',(#4772,#4773,#4774,#4775,#4776));
#2706=EDGE_LOOP('',(#4777,#4778));
#2707=AXIS2_PLACEMENT_3D('',#4779,#4780,#4781);
#2708=SURFACE_SIDE_STYLE('',(#4782));
#2709=EDGE_LOOP('',(#4783,#4784,#4785,#4786));
#2710=AXIS2_PLACEMENT_3D('',#4787,#4788,#4789);
#2711=SURFACE_SIDE_STYLE('',(#4790));
#2712=EDGE_LOOP('',(#4791,#4792,#4793,#4794,#4795,#4796));
#2713=AXIS2_PLACEMENT_3D('',#4797,#4798,#4799);
#2714=SURFACE_SIDE_STYLE('',(#4800));
#2715=EDGE_LOOP('',(#4801,#4802,#4803,#4804));
#2716=AXIS2_PLACEMENT_3D('',#4805,#4806,#4807);
#2717=SURFACE_SIDE_STYLE('',(#4808));
#2718=EDGE_LOOP('',(#4809,#4810,#4811));
#2719=AXIS2_PLACEMENT_3D('',#4812,#4813,#4814);
#2720=SURFACE_SIDE_STYLE('',(#4815));
#2721=EDGE_LOOP('',(#4816,#4817,#4818,#4819));
#2722=AXIS2_PLACEMENT_3D('',#4820,#4821,#4822);
#2723=SURFACE_SIDE_STYLE('',(#4823));
#2724=EDGE_LOOP('',(#4824,#4825,#4826,#4827,#4828,#4829,#4830,#4831));
#2725=AXIS2_PLACEMENT_3D('',#4832,#4833,#4834);
#2726=SURFACE_SIDE_STYLE('',(#4835));
#2727=EDGE_LOOP('',(#4836,#4837,#4838,#4839));
#2728=AXIS2_PLACEMENT_3D('',#4840,#4841,#4842);
#2729=SURFACE_SIDE_STYLE('',(#4843));
#2730=EDGE_LOOP('',(#4844,#4845,#4846,#4847,#4848));
#2731=AXIS2_PLACEMENT_3D('',#4849,#4850,#4851);
#2732=SURFACE_SIDE_STYLE('',(#4852));
#2733=EDGE_LOOP('',(#4853,#4854,#4855,#4856));
#2734=AXIS2_PLACEMENT_3D('',#4857,#4858,#4859);
#2735=SURFACE_SIDE_STYLE('',(#4860));
#2736=EDGE_LOOP('',(#4861,#4862,#4863,#4864,#4865,#4866));
#2737=AXIS2_PLACEMENT_3D('',#4867,#4868,#4869);
#2738=SURFACE_SIDE_STYLE('',(#4870));
#2739=EDGE_LOOP('',(#4871,#4872,#4873,#4874));
#2740=AXIS2_PLACEMENT_3D('',#4875,#4876,#4877);
#2741=SURFACE_SIDE_STYLE('',(#4878));
#2742=EDGE_LOOP('',(#4879,#4880,#4881,#4882,#4883,#4884,#4885));
#2743=AXIS2_PLACEMENT_3D('',#4886,#4887,#4888);
#2744=SURFACE_SIDE_STYLE('',(#4889));
#2745=EDGE_LOOP('',(#4890,#4891,#4892,#4893));
#2746=AXIS2_PLACEMENT_3D('',#4894,#4895,#4896);
#2747=SURFACE_SIDE_STYLE('',(#4897));
#2748=EDGE_LOOP('',(#4898,#4899,#4900,#4901));
#2749=AXIS2_PLACEMENT_3D('',#4902,#4903,#4904);
#2750=SURFACE_SIDE_STYLE('',(#4905));
#2751=EDGE_LOOP('',(#4906,#4907,#4908,#4909,#4910,#4911,#4912,#4913,#4914,#4915,#4916,#4917));
#2752=AXIS2_PLACEMENT_3D('',#4918,#4919,#4920);
#2753=SURFACE_SIDE_STYLE('',(#4921));
#2754=EDGE_LOOP('',(#4922,#4923,#4924,#4925));
#2755=AXIS2_PLACEMENT_3D('',#4926,#4927,#4928);
#2756=SURFACE_SIDE_STYLE('',(#4929));
#2757=EDGE_LOOP('',(#4930,#4931,#4932,#4933,#4934,#4935,#4936,#4937));
#2758=EDGE_LOOP('',(#4938,#4939,#4940,#4941,#4942,#4943,#4944,#4945));
#2759=AXIS2_PLACEMENT_3D('',#4946,#4947,#4948);
#2760=SURFACE_SIDE_STYLE('',(#4949));
#2761=EDGE_LOOP('',(#4950,#4951,#4952,#4953));
#2762=AXIS2_PLACEMENT_3D('',#4954,#4955,#4956);
#2763=SURFACE_SIDE_STYLE('',(#4957));
#2764=EDGE_LOOP('',(#4958,#4959,#4960,#4961,#4962,#4963,#4964));
#2765=AXIS2_PLACEMENT_3D('',#4965,#4966,#4967);
#2766=SURFACE_SIDE_STYLE('',(#4968));
#2767=EDGE_LOOP('',(#4969,#4970,#4971,#4972));
#2768=AXIS2_PLACEMENT_3D('',#4973,#4974,#4975);
#2769=SURFACE_SIDE_STYLE('',(#4976));
#2770=EDGE_LOOP('',(#4977,#4978));
#2771=EDGE_LOOP('',(#4979,#4980));
#2772=AXIS2_PLACEMENT_3D('',#4981,#4982,#4983);
#2773=SURFACE_SIDE_STYLE('',(#4984));
#2774=EDGE_LOOP('',(#4985,#4986,#4987,#4988));
#2775=AXIS2_PLACEMENT_3D('',#4989,#4990,#4991);
#2776=SURFACE_SIDE_STYLE('',(#4992));
#2777=EDGE_LOOP('',(#4993,#4994,#4995,#4996));
#2778=AXIS2_PLACEMENT_3D('',#4997,#4998,#4999);
#2779=SURFACE_SIDE_STYLE('',(#5000));
#2780=EDGE_LOOP('',(#5001,#5002,#5003,#5004));
#2781=AXIS2_PLACEMENT_3D('',#5005,#5006,#5007);
#2782=SURFACE_SIDE_STYLE('',(#5008));
#2783=EDGE_LOOP('',(#5009,#5010,#5011));
#2784=AXIS2_PLACEMENT_3D('',#5012,#5013,#5014);
#2785=SURFACE_SIDE_STYLE('',(#5015));
#2786=EDGE_LOOP('',(#5016,#5017,#5018,#5019,#5020));
#2787=AXIS2_PLACEMENT_3D('',#5021,#5022,#5023);
#2788=SURFACE_SIDE_STYLE('',(#5024));
#2789=EDGE_LOOP('',(#5025,#5026,#5027,#5028));
#2790=AXIS2_PLACEMENT_3D('',#5029,#5030,#5031);
#2791=SURFACE_SIDE_STYLE('',(#5032));
#2792=EDGE_LOOP('',(#5033,#5034,#5035,#5036));
#2793=AXIS2_PLACEMENT_3D('',#5037,#5038,#5039);
#2794=SURFACE_SIDE_STYLE('',(#5040));
#2795=EDGE_LOOP('',(#5041,#5042,#5043,#5044));
#2796=AXIS2_PLACEMENT_3D('',#5045,#5046,#5047);
#2797=SURFACE_SIDE_STYLE('',(#5048));
#2798=EDGE_LOOP('',(#5049,#5050,#5051));
#2799=AXIS2_PLACEMENT_3D('',#5052,#5053,#5054);
#2800=SURFACE_SIDE_STYLE('',(#5055));
#2801=EDGE_LOOP('',(#5056,#5057,#5058,#5059));
#2802=AXIS2_PLACEMENT_3D('',#5060,#5061,#5062);
#2803=SURFACE_SIDE_STYLE('',(#5063));
#2804=EDGE_LOOP('',(#5064,#5065,#5066,#5067));
#2805=AXIS2_PLACEMENT_3D('',#5068,#5069,#5070);
#2806=SURFACE_SIDE_STYLE('',(#5071));
#2807=EDGE_LOOP('',(#5072,#5073,#5074,#5075,#5076,#5077,#5078,#5079,#5080));
#2808=AXIS2_PLACEMENT_3D('',#5081,#5082,#5083);
#2809=SURFACE_SIDE_STYLE('',(#5084));
#2810=EDGE_LOOP('',(#5085,#5086,#5087,#5088,#5089,#5090));
#2811=AXIS2_PLACEMENT_3D('',#5091,#5092,#5093);
#2812=SURFACE_SIDE_STYLE('',(#5094));
#2813=EDGE_LOOP('',(#5095,#5096,#5097,#5098,#5099,#5100,#5101,#5102,#5103,#5104,#5105,#5106));
#2814=AXIS2_PLACEMENT_3D('',#5107,#5108,#5109);
#2815=SURFACE_SIDE_STYLE('',(#5110));
#2816=EDGE_LOOP('',(#5111,#5112,#5113,#5114));
#2817=AXIS2_PLACEMENT_3D('',#5115,#5116,#5117);
#2818=SURFACE_SIDE_STYLE('',(#5118));
#2819=EDGE_LOOP('',(#5119,#5120,#5121,#5122));
#2820=AXIS2_PLACEMENT_3D('',#5123,#5124,#5125);
#2821=SURFACE_SIDE_STYLE('',(#5126));
#2822=EDGE_LOOP('',(#5127,#5128,#5129,#5130,#5131,#5132,#5133,#5134,#5135,#5136,#5137,#5138,#5139,#5140,#5141,#5142));
#2823=EDGE_LOOP('',(#5143,#5144,#5145));
#2824=AXIS2_PLACEMENT_3D('',#5146,#5147,#5148);
#2825=SURFACE_SIDE_STYLE('',(#5149));
#2826=EDGE_LOOP('',(#5150,#5151,#5152,#5153));
#2827=AXIS2_PLACEMENT_3D('',#5154,#5155,#5156);
#2828=SURFACE_SIDE_STYLE('',(#5157));
#2829=EDGE_LOOP('',(#5158,#5159,#5160,#5161));
#2830=AXIS2_PLACEMENT_3D('',#5162,#5163,#5164);
#2831=SURFACE_SIDE_STYLE('',(#5165));
#2832=EDGE_LOOP('',(#5166,#5167,#5168,#5169));
#2833=AXIS2_PLACEMENT_3D('',#5170,#5171,#5172);
#2834=SURFACE_SIDE_STYLE('',(#5173));
#2835=EDGE_LOOP('',(#5174,#5175,#5176,#5177,#5178,#5179,#5180,#5181));
#2836=AXIS2_PLACEMENT_3D('',#5182,#5183,#5184);
#2837=SURFACE_SIDE_STYLE('',(#5185));
#2838=EDGE_LOOP('',(#5186,#5187,#5188,#5189));
#2839=AXIS2_PLACEMENT_3D('',#5190,#5191,#5192);
#2840=SURFACE_SIDE_STYLE('',(#5193));
#2841=EDGE_LOOP('',(#5194,#5195,#5196,#5197));
#2842=AXIS2_PLACEMENT_3D('',#5198,#5199,#5200);
#2843=SURFACE_SIDE_STYLE('',(#5201));
#2844=EDGE_LOOP('',(#5202,#5203,#5204,#5205,#5206,#5207,#5208,#5209,#5210,#5211,#5212,#5213));
#2845=AXIS2_PLACEMENT_3D('',#5214,#5215,#5216);
#2846=SURFACE_SIDE_STYLE('',(#5217));
#2847=EDGE_LOOP('',(#5218,#5219,#5220,#5221,#5222,#5223,#5224,#5225));
#2848=EDGE_LOOP('',(#5226,#5227,#5228,#5229,#5230,#5231,#5232,#5233));
#2849=AXIS2_PLACEMENT_3D('',#5234,#5235,#5236);
#2850=SURFACE_SIDE_STYLE('',(#5237));
#2851=EDGE_LOOP('',(#5238,#5239,#5240,#5241));
#2852=AXIS2_PLACEMENT_3D('',#5242,#5243,#5244);
#2853=SURFACE_SIDE_STYLE('',(#5245));
#2854=EDGE_LOOP('',(#5246,#5247,#5248,#5249,#5250,#5251,#5252,#5253));
#2855=EDGE_LOOP('',(#5254,#5255,#5256,#5257,#5258,#5259,#5260,#5261,#5262,#5263,#5264,#5265,#5266,#5267,#5268,#5269,#5270,#5271,#5272,#5273,#5274,#5275,#5276,#5277,#5278,#5279,#5280,#5281,#5282,#5283,#5284,#5285,#5286,#5287,#5288,#5289,#5290,#5291,#5292,#5293,#5294,#5295,#5296,#5297,#5298,#5299,#5300,#5301,#5302,#5303,#5304,#5305,#5306,#5307,#5308,#5309,#5310,#5311,#5312,#5313,#5314,#5315,#5316,#5317,#5318,#5319,#5320,#5321,#5322,#5323,#5324,#5325));
#2856=AXIS2_PLACEMENT_3D('',#5326,#5327,#5328);
#2857=SURFACE_SIDE_STYLE('',(#5329));
#2858=EDGE_LOOP('',(#5330,#5331,#5332,#5333));
#2859=AXIS2_PLACEMENT_3D('',#5334,#5335,#5336);
#2860=SURFACE_SIDE_STYLE('',(#5337));
#2861=EDGE_LOOP('',(#5338,#5339,#5340,#5341));
#2862=AXIS2_PLACEMENT_3D('',#5342,#5343,#5344);
#2863=SURFACE_SIDE_STYLE('',(#5345));
#2864=EDGE_LOOP('',(#5346,#5347,#5348,#5349));
#2865=AXIS2_PLACEMENT_3D('',#5350,#5351,#5352);
#2866=SURFACE_SIDE_STYLE('',(#5353));
#2867=EDGE_LOOP('',(#5354,#5355,#5356,#5357,#5358,#5359,#5360,#5361));
#2868=AXIS2_PLACEMENT_3D('',#5362,#5363,#5364);
#2869=SURFACE_SIDE_STYLE('',(#5365));
#2870=EDGE_LOOP('',(#5366,#5367,#5368,#5369));
#2871=AXIS2_PLACEMENT_3D('',#5370,#5371,#5372);
#2872=SURFACE_SIDE_STYLE('',(#5373));
#2873=EDGE_LOOP('',(#5374,#5375,#5376,#5377));
#2874=AXIS2_PLACEMENT_3D('',#5378,#5379,#5380);
#2875=SURFACE_SIDE_STYLE('',(#5381));
#2876=EDGE_LOOP('',(#5382,#5383,#5384,#5385,#5386,#5387,#5388,#5389,#5390,#5391,#5392,#5393));
#2877=AXIS2_PLACEMENT_3D('',#5394,#5395,#5396);
#2878=SURFACE_SIDE_STYLE('',(#5397));
#2879=EDGE_LOOP('',(#5398,#5399,#5400,#5401,#5402,#5403,#5404,#5405,#5406,#5407,#5408,#5409,#5410,#5411,#5412,#5413,#5414,#5415,#5416,#5417,#5418,#5419,#5420,#5421));
#2880=AXIS2_PLACEMENT_3D('',#5422,#5423,#5424);
#2881=SURFACE_SIDE_STYLE('',(#5425));
#2882=EDGE_LOOP('',(#5426,#5427,#5428,#5429));
#2883=AXIS2_PLACEMENT_3D('',#5430,#5431,#5432);
#2884=SURFACE_SIDE_STYLE('',(#5433));
#2885=EDGE_LOOP('',(#5434,#5435,#5436,#5437));
#2886=AXIS2_PLACEMENT_3D('',#5438,#5439,#5440);
#2887=SURFACE_SIDE_STYLE('',(#5441));
#2888=EDGE_LOOP('',(#5442,#5443,#5444,#5445));
#2889=AXIS2_PLACEMENT_3D('',#5446,#5447,#5448);
#2890=SURFACE_SIDE_STYLE('',(#5449));
#2891=EDGE_LOOP('',(#5450,#5451,#5452,#5453,#5454,#5455,#5456,#5457,#5458,#5459,#5460,#5461,#5462,#5463,#5464,#5465));
#2892=EDGE_LOOP('',(#5466,#5467));
#2893=EDGE_LOOP('',(#5468,#5469));
#2894=EDGE_LOOP('',(#5470,#5471));
#2895=EDGE_LOOP('',(#5472,#5473));
#2896=EDGE_LOOP('',(#5474,#5475,#5476,#5477,#5478,#5479,#5480,#5481));
#2897=AXIS2_PLACEMENT_3D('',#5482,#5483,#5484);
#2898=SURFACE_SIDE_STYLE('',(#5485));
#2899=EDGE_LOOP('',(#5486,#5487,#5488,#5489));
#2900=AXIS2_PLACEMENT_3D('',#5490,#5491,#5492);
#2901=SURFACE_SIDE_STYLE('',(#5493));
#2902=EDGE_LOOP('',(#5494,#5495,#5496,#5497));
#2903=AXIS2_PLACEMENT_3D('',#5498,#5499,#5500);
#2904=SURFACE_SIDE_STYLE('',(#5501));
#2905=EDGE_LOOP('',(#5502,#5503,#5504,#5505));
#2906=AXIS2_PLACEMENT_3D('',#5506,#5507,#5508);
#2907=SURFACE_SIDE_STYLE('',(#5509));
#2908=EDGE_LOOP('',(#5510,#5511,#5512,#5513));
#2909=AXIS2_PLACEMENT_3D('',#5514,#5515,#5516);
#2910=SURFACE_SIDE_STYLE('',(#5517));
#2911=EDGE_LOOP('',(#5518,#5519,#5520,#5521,#5522,#5523,#5524,#5525));
#2912=AXIS2_PLACEMENT_3D('',#5526,#5527,#5528);
#2913=SURFACE_SIDE_STYLE('',(#5529));
#2914=EDGE_LOOP('',(#5530,#5531,#5532,#5533));
#2915=AXIS2_PLACEMENT_3D('',#5534,#5535,#5536);
#2916=SURFACE_SIDE_STYLE('',(#5537));
#2917=EDGE_LOOP('',(#5538,#5539,#5540,#5541,#5542,#5543,#5544,#5545,#5546,#5547,#5548,#5549));
#2918=AXIS2_PLACEMENT_3D('',#5550,#5551,#5552);
#2919=SURFACE_SIDE_STYLE('',(#5553));
#2920=EDGE_LOOP('',(#5554,#5555,#5556,#5557,#5558,#5559,#5560,#5561,#5562,#5563,#5564,#5565,#5566,#5567,#5568,#5569));
#2921=EDGE_LOOP('',(#5570,#5571,#5572,#5573,#5574,#5575,#5576,#5577));
#2922=AXIS2_PLACEMENT_3D('',#5578,#5579,#5580);
#2923=SURFACE_SIDE_STYLE('',(#5581));
#2924=EDGE_LOOP('',(#5582,#5583,#5584,#5585));
#2925=AXIS2_PLACEMENT_3D('',#5586,#5587,#5588);
#2926=SURFACE_SIDE_STYLE('',(#5589));
#2927=EDGE_LOOP('',(#5590,#5591,#5592,#5593));
#2928=AXIS2_PLACEMENT_3D('',#5594,#5595,#5596);
#2929=SURFACE_SIDE_STYLE('',(#5597));
#2930=EDGE_LOOP('',(#5598,#5599,#5600,#5601));
#2931=AXIS2_PLACEMENT_3D('',#5602,#5603,#5604);
#2932=SURFACE_SIDE_STYLE('',(#5605));
#2933=EDGE_LOOP('',(#5606,#5607,#5608,#5609,#5610,#5611));
#2934=AXIS2_PLACEMENT_3D('',#5612,#5613,#5614);
#2935=SURFACE_SIDE_STYLE('',(#5615));
#2936=EDGE_LOOP('',(#5616,#5617,#5618,#5619));
#2937=AXIS2_PLACEMENT_3D('',#5620,#5621,#5622);
#2938=SURFACE_SIDE_STYLE('',(#5623));
#2939=EDGE_LOOP('',(#5624,#5625,#5626,#5627));
#2940=AXIS2_PLACEMENT_3D('',#5628,#5629,#5630);
#2941=SURFACE_SIDE_STYLE('',(#5631));
#2942=EDGE_LOOP('',(#5632,#5633,#5634,#5635));
#2943=AXIS2_PLACEMENT_3D('',#5636,#5637,#5638);
#2944=SURFACE_SIDE_STYLE('',(#5639));
#2945=EDGE_LOOP('',(#5640,#5641,#5642,#5643));
#2946=AXIS2_PLACEMENT_3D('',#5644,#5645,#5646);
#2947=SURFACE_SIDE_STYLE('',(#5647));
#2948=EDGE_LOOP('',(#5648,#5649,#5650,#5651));
#2949=AXIS2_PLACEMENT_3D('',#5652,#5653,#5654);
#2950=SURFACE_SIDE_STYLE('',(#5655));
#2951=EDGE_LOOP('',(#5656,#5657,#5658,#5659));
#2952=AXIS2_PLACEMENT_3D('',#5660,#5661,#5662);
#2953=SURFACE_SIDE_STYLE('',(#5663));
#2954=EDGE_LOOP('',(#5664,#5665,#5666,#5667,#5668,#5669,#5670));
#2955=AXIS2_PLACEMENT_3D('',#5671,#5672,#5673);
#2956=SURFACE_SIDE_STYLE('',(#5674));
#2957=EDGE_LOOP('',(#5675,#5676,#5677,#5678,#5679,#5680));
#2958=AXIS2_PLACEMENT_3D('',#5681,#5682,#5683);
#2959=SURFACE_SIDE_STYLE('',(#5684));
#2960=EDGE_LOOP('',(#5685,#5686,#5687,#5688,#5689,#5690,#5691,#5692));
#2961=EDGE_LOOP('',(#5693,#5694));
#2962=EDGE_LOOP('',(#5695,#5696,#5697,#5698,#5699,#5700,#5701,#5702,#5703,#5704,#5705,#5706,#5707,#5708,#5709,#5710));
#2963=EDGE_LOOP('',(#5711,#5712));
#2964=AXIS2_PLACEMENT_3D('',#5713,#5714,#5715);
#2965=SURFACE_SIDE_STYLE('',(#5716));
#2966=EDGE_LOOP('',(#5717,#5718,#5719,#5720,#5721));
#2967=AXIS2_PLACEMENT_3D('',#5722,#5723,#5724);
#2968=SURFACE_SIDE_STYLE('',(#5725));
#2969=EDGE_LOOP('',(#5726,#5727,#5728,#5729,#5730,#5731));
#2970=AXIS2_PLACEMENT_3D('',#5732,#5733,#5734);
#2971=SURFACE_SIDE_STYLE('',(#5735));
#2972=EDGE_LOOP('',(#5736,#5737,#5738,#5739));
#2973=AXIS2_PLACEMENT_3D('',#5740,#5741,#5742);
#2974=SURFACE_SIDE_STYLE('',(#5743));
#2975=EDGE_LOOP('',(#5744,#5745,#5746,#5747,#5748,#5749,#5750));
#2976=AXIS2_PLACEMENT_3D('',#5751,#5752,#5753);
#2977=SURFACE_SIDE_STYLE('',(#5754));
#2978=EDGE_LOOP('',(#5755,#5756,#5757,#5758,#5759,#5760,#5761,#5762));
#2979=AXIS2_PLACEMENT_3D('',#5763,#5764,#5765);
#2980=SURFACE_SIDE_STYLE('',(#5766));
#2981=EDGE_LOOP('',(#5767,#5768,#5769,#5770));
#2982=AXIS2_PLACEMENT_3D('',#5771,#5772,#5773);
#2983=SURFACE_SIDE_STYLE('',(#5774));
#2984=EDGE_LOOP('',(#5775,#5776,#5777,#5778,#5779));
#2985=AXIS2_PLACEMENT_3D('',#5780,#5781,#5782);
#2986=SURFACE_SIDE_STYLE('',(#5783));
#2987=EDGE_LOOP('',(#5784,#5785,#5786,#5787));
#2988=AXIS2_PLACEMENT_3D('',#5788,#5789,#5790);
#2989=SURFACE_SIDE_STYLE('',(#5791));
#2990=EDGE_LOOP('',(#5792,#5793));
#2991=EDGE_LOOP('',(#5794,#5795));
#2992=AXIS2_PLACEMENT_3D('',#5796,#5797,#5798);
#2993=SURFACE_SIDE_STYLE('',(#5799));
#2994=EDGE_LOOP('',(#5800,#5801,#5802,#5803));
#2995=AXIS2_PLACEMENT_3D('',#5804,#5805,#5806);
#2996=SURFACE_SIDE_STYLE('',(#5807));
#2997=EDGE_LOOP('',(#5808,#5809,#5810,#5811,#5812));
#2998=EDGE_LOOP('',(#5813,#5814));
#2999=AXIS2_PLACEMENT_3D('',#5815,#5816,#5817);
#3000=SURFACE_SIDE_STYLE('',(#5818));
#3001=EDGE_LOOP('',(#5819,#5820,#5821,#5822));
#3002=AXIS2_PLACEMENT_3D('',#5823,#5824,#5825);
#3003=SURFACE_SIDE_STYLE('',(#5826));
#3004=EDGE_LOOP('',(#5827,#5828));
#3005=EDGE_LOOP('',(#5829,#5830));
#3006=AXIS2_PLACEMENT_3D('',#5831,#5832,#5833);
#3007=SURFACE_SIDE_STYLE('',(#5834));
#3008=EDGE_LOOP('',(#5835,#5836,#5837,#5838));
#3009=AXIS2_PLACEMENT_3D('',#5839,#5840,#5841);
#3010=SURFACE_SIDE_STYLE('',(#5842));
#3011=EDGE_LOOP('',(#5843,#5844,#5845,#5846,#5847));
#3012=EDGE_LOOP('',(#5848,#5849));
#3013=AXIS2_PLACEMENT_3D('',#5850,#5851,#5852);
#3014=SURFACE_SIDE_STYLE('',(#5853));
#3015=EDGE_LOOP('',(#5854,#5855,#5856,#5857,#5858,#5859,#5860));
#3016=AXIS2_PLACEMENT_3D('',#5861,#5862,#5863);
#3017=SURFACE_SIDE_STYLE('',(#5864));
#3018=EDGE_LOOP('',(#5865,#5866,#5867));
#3019=AXIS2_PLACEMENT_3D('',#5868,#5869,#5870);
#3020=SURFACE_SIDE_STYLE('',(#5871));
#3021=EDGE_LOOP('',(#5872,#5873,#5874,#5875,#5876));
#3022=AXIS2_PLACEMENT_3D('',#5877,#5878,#5879);
#3023=SURFACE_SIDE_STYLE('',(#5880));
#3024=EDGE_LOOP('',(#5881,#5882,#5883,#5884));
#3025=AXIS2_PLACEMENT_3D('',#5885,#5886,#5887);
#3026=SURFACE_SIDE_STYLE('',(#5888));
#3027=EDGE_LOOP('',(#5889,#5890,#5891,#5892,#5893,#5894,#5895,#5896,#5897));
#3028=AXIS2_PLACEMENT_3D('',#5898,#5899,#5900);
#3029=SURFACE_SIDE_STYLE('',(#5901));
#3030=EDGE_LOOP('',(#5902,#5903,#5904,#5905));
#3031=AXIS2_PLACEMENT_3D('',#5906,#5907,#5908);
#3032=SURFACE_SIDE_STYLE('',(#5909));
#3033=EDGE_LOOP('',(#5910,#5911,#5912,#5913));
#3034=AXIS2_PLACEMENT_3D('',#5914,#5915,#5916);
#3035=SURFACE_SIDE_STYLE('',(#5917));
#3036=EDGE_LOOP('',(#5918,#5919,#5920,#5921));
#3037=AXIS2_PLACEMENT_3D('',#5922,#5923,#5924);
#3038=SURFACE_SIDE_STYLE('',(#5925));
#3039=EDGE_LOOP('',(#5926,#5927,#5928,#5929));
#3040=AXIS2_PLACEMENT_3D('',#5930,#5931,#5932);
#3041=SURFACE_SIDE_STYLE('',(#5933));
#3042=EDGE_LOOP('',(#5934,#5935,#5936,#5937));
#3043=AXIS2_PLACEMENT_3D('',#5938,#5939,#5940);
#3044=SURFACE_SIDE_STYLE('',(#5941));
#3045=EDGE_LOOP('',(#5942,#5943,#5944,#5945));
#3046=AXIS2_PLACEMENT_3D('',#5946,#5947,#5948);
#3047=SURFACE_SIDE_STYLE('',(#5949));
#3048=EDGE_LOOP('',(#5950,#5951,#5952,#5953));
#3049=AXIS2_PLACEMENT_3D('',#5954,#5955,#5956);
#3050=SURFACE_SIDE_STYLE('',(#5957));
#3051=EDGE_LOOP('',(#5958,#5959,#5960));
#3052=AXIS2_PLACEMENT_3D('',#5961,#5962,#5963);
#3053=SURFACE_SIDE_STYLE('',(#5964));
#3054=EDGE_LOOP('',(#5965,#5966,#5967,#5968,#5969,#5970,#5971,#5972));
#3055=AXIS2_PLACEMENT_3D('',#5973,#5974,#5975);
#3056=SURFACE_SIDE_STYLE('',(#5976));
#3057=EDGE_LOOP('',(#5977,#5978,#5979,#5980));
#3058=AXIS2_PLACEMENT_3D('',#5981,#5982,#5983);
#3059=SURFACE_SIDE_STYLE('',(#5984));
#3060=EDGE_LOOP('',(#5985,#5986,#5987,#5988));
#3061=AXIS2_PLACEMENT_3D('',#5989,#5990,#5991);
#3062=SURFACE_SIDE_STYLE('',(#5992));
#3063=EDGE_LOOP('',(#5993,#5994,#5995,#5996,#5997,#5998,#5999,#6000,#6001,#6002,#6003,#6004));
#3064=AXIS2_PLACEMENT_3D('',#6005,#6006,#6007);
#3065=SURFACE_SIDE_STYLE('',(#6008));
#3066=EDGE_LOOP('',(#6009,#6010,#6011,#6012));
#3067=AXIS2_PLACEMENT_3D('',#6013,#6014,#6015);
#3068=SURFACE_SIDE_STYLE('',(#6016));
#3069=EDGE_LOOP('',(#6017,#6018,#6019,#6020));
#3070=AXIS2_PLACEMENT_3D('',#6021,#6022,#6023);
#3071=SURFACE_SIDE_STYLE('',(#6024));
#3072=EDGE_LOOP('',(#6025,#6026,#6027,#6028));
#3073=AXIS2_PLACEMENT_3D('',#6029,#6030,#6031);
#3074=SURFACE_SIDE_STYLE('',(#6032));
#3075=EDGE_LOOP('',(#6033,#6034,#6035,#6036));
#3076=AXIS2_PLACEMENT_3D('',#6037,#6038,#6039);
#3077=SURFACE_SIDE_STYLE('',(#6040));
#3078=EDGE_LOOP('',(#6041,#6042,#6043,#6044));
#3079=AXIS2_PLACEMENT_3D('',#6045,#6046,#6047);
#3080=SURFACE_SIDE_STYLE('',(#6048));
#3081=EDGE_LOOP('',(#6049,#6050,#6051,#6052));
#3082=AXIS2_PLACEMENT_3D('',#6053,#6054,#6055);
#3083=SURFACE_SIDE_STYLE('',(#6056));
#3084=EDGE_LOOP('',(#6057,#6058,#6059,#6060));
#3085=AXIS2_PLACEMENT_3D('',#6061,#6062,#6063);
#3086=SURFACE_SIDE_STYLE('',(#6064));
#3087=EDGE_LOOP('',(#6065,#6066,#6067,#6068,#6069,#6070,#6071));
#3088=AXIS2_PLACEMENT_3D('',#6072,#6073,#6074);
#3089=SURFACE_SIDE_STYLE('',(#6075));
#3090=EDGE_LOOP('',(#6076,#6077,#6078,#6079,#6080,#6081,#6082,#6083,#6084));
#3091=AXIS2_PLACEMENT_3D('',#6085,#6086,#6087);
#3092=SURFACE_SIDE_STYLE('',(#6088));
#3093=EDGE_LOOP('',(#6089,#6090,#6091));
#3094=AXIS2_PLACEMENT_3D('',#6092,#6093,#6094);
#3095=SURFACE_SIDE_STYLE('',(#6095));
#3096=EDGE_LOOP('',(#6096,#6097,#6098,#6099));
#3097=AXIS2_PLACEMENT_3D('',#6100,#6101,#6102);
#3098=SURFACE_SIDE_STYLE('',(#6103));
#3099=EDGE_LOOP('',(#6104,#6105,#6106,#6107,#6108,#6109,#6110,#6111));
#3100=AXIS2_PLACEMENT_3D('',#6112,#6113,#6114);
#3101=SURFACE_SIDE_STYLE('',(#6115));
#3102=EDGE_LOOP('',(#6116,#6117,#6118,#6119,#6120));
#3103=AXIS2_PLACEMENT_3D('',#6121,#6122,#6123);
#3104=SURFACE_SIDE_STYLE('',(#6124));
#3105=EDGE_LOOP('',(#6125,#6126,#6127,#6128,#6129));
#3106=AXIS2_PLACEMENT_3D('',#6130,#6131,#6132);
#3107=SURFACE_SIDE_STYLE('',(#6133));
#3108=EDGE_LOOP('',(#6134,#6135,#6136));
#3109=AXIS2_PLACEMENT_3D('',#6137,#6138,#6139);
#3110=SURFACE_SIDE_STYLE('',(#6140));
#3111=EDGE_LOOP('',(#6141,#6142,#6143,#6144));
#3112=AXIS2_PLACEMENT_3D('',#6145,#6146,#6147);
#3113=SURFACE_SIDE_STYLE('',(#6148));
#3114=EDGE_LOOP('',(#6149,#6150,#6151,#6152));
#3115=AXIS2_PLACEMENT_3D('',#6153,#6154,#6155);
#3116=SURFACE_SIDE_STYLE('',(#6156));
#3117=EDGE_LOOP('',(#6157,#6158,#6159,#6160));
#3118=AXIS2_PLACEMENT_3D('',#6161,#6162,#6163);
#3119=SURFACE_SIDE_STYLE('',(#6164));
#3120=EDGE_LOOP('',(#6165,#6166,#6167,#6168));
#3121=AXIS2_PLACEMENT_3D('',#6169,#6170,#6171);
#3122=SURFACE_SIDE_STYLE('',(#6172));
#3123=EDGE_LOOP('',(#6173,#6174,#6175,#6176));
#3124=AXIS2_PLACEMENT_3D('',#6177,#6178,#6179);
#3125=SURFACE_SIDE_STYLE('',(#6180));
#3126=EDGE_LOOP('',(#6181,#6182,#6183,#6184,#6185,#6186,#6187));
#3127=AXIS2_PLACEMENT_3D('',#6188,#6189,#6190);
#3128=SURFACE_SIDE_STYLE('',(#6191));
#3129=EDGE_LOOP('',(#6192,#6193,#6194,#6195,#6196));
#3130=AXIS2_PLACEMENT_3D('',#6197,#6198,#6199);
#3131=SURFACE_SIDE_STYLE('',(#6200));
#3132=EDGE_LOOP('',(#6201,#6202,#6203,#6204));
#3133=AXIS2_PLACEMENT_3D('',#6205,#6206,#6207);
#3134=SURFACE_SIDE_STYLE('',(#6208));
#3135=EDGE_LOOP('',(#6209,#6210,#6211,#6212));
#3136=AXIS2_PLACEMENT_3D('',#6213,#6214,#6215);
#3137=SURFACE_SIDE_STYLE('',(#6216));
#3138=EDGE_LOOP('',(#6217,#6218,#6219,#6220));
#3139=AXIS2_PLACEMENT_3D('',#6221,#6222,#6223);
#3140=SURFACE_SIDE_STYLE('',(#6224));
#3141=EDGE_LOOP('',(#6225,#6226,#6227,#6228));
#3142=AXIS2_PLACEMENT_3D('',#6229,#6230,#6231);
#3143=SURFACE_SIDE_STYLE('',(#6232));
#3144=EDGE_LOOP('',(#6233,#6234,#6235,#6236));
#3145=AXIS2_PLACEMENT_3D('',#6237,#6238,#6239);
#3146=SURFACE_SIDE_STYLE('',(#6240));
#3147=EDGE_LOOP('',(#6241,#6242,#6243,#6244));
#3148=AXIS2_PLACEMENT_3D('',#6245,#6246,#6247);
#3149=SURFACE_SIDE_STYLE('',(#6248));
#3150=EDGE_LOOP('',(#6249,#6250,#6251,#6252));
#3151=AXIS2_PLACEMENT_3D('',#6253,#6254,#6255);
#3152=SURFACE_SIDE_STYLE('',(#6256));
#3153=EDGE_LOOP('',(#6257,#6258,#6259,#6260));
#3154=AXIS2_PLACEMENT_3D('',#6261,#6262,#6263);
#3155=SURFACE_SIDE_STYLE('',(#6264));
#3156=EDGE_LOOP('',(#6265,#6266,#6267,#6268,#6269));
#3157=AXIS2_PLACEMENT_3D('',#6270,#6271,#6272);
#3158=SURFACE_SIDE_STYLE('',(#6273));
#3159=EDGE_LOOP('',(#6274,#6275,#6276,#6277));
#3160=AXIS2_PLACEMENT_3D('',#6278,#6279,#6280);
#3161=SURFACE_SIDE_STYLE('',(#6281));
#3162=EDGE_LOOP('',(#6282,#6283,#6284,#6285,#6286,#6287));
#3163=AXIS2_PLACEMENT_3D('',#6288,#6289,#6290);
#3164=SURFACE_SIDE_STYLE('',(#6291));
#3165=EDGE_LOOP('',(#6292,#6293,#6294,#6295,#6296,#6297,#6298));
#3166=AXIS2_PLACEMENT_3D('',#6299,#6300,#6301);
#3167=SURFACE_SIDE_STYLE('',(#6302));
#3168=EDGE_LOOP('',(#6303,#6304,#6305,#6306,#6307,#6308,#6309));
#3169=AXIS2_PLACEMENT_3D('',#6310,#6311,#6312);
#3170=SURFACE_SIDE_STYLE('',(#6313));
#3171=EDGE_LOOP('',(#6314,#6315,#6316,#6317));
#3172=AXIS2_PLACEMENT_3D('',#6318,#6319,#6320);
#3173=SURFACE_SIDE_STYLE('',(#6321));
#3174=EDGE_LOOP('',(#6322,#6323,#6324,#6325));
#3175=AXIS2_PLACEMENT_3D('',#6326,#6327,#6328);
#3176=SURFACE_SIDE_STYLE('',(#6329));
#3177=EDGE_LOOP('',(#6330,#6331,#6332,#6333));
#3178=AXIS2_PLACEMENT_3D('',#6334,#6335,#6336);
#3179=SURFACE_SIDE_STYLE('',(#6337));
#3180=EDGE_LOOP('',(#6338,#6339,#6340,#6341));
#3181=AXIS2_PLACEMENT_3D('',#6342,#6343,#6344);
#3182=SURFACE_SIDE_STYLE('',(#6345));
#3183=EDGE_LOOP('',(#6346,#6347,#6348,#6349));
#3184=AXIS2_PLACEMENT_3D('',#6350,#6351,#6352);
#3185=SURFACE_SIDE_STYLE('',(#6353));
#3186=EDGE_LOOP('',(#6354,#6355,#6356,#6357));
#3187=AXIS2_PLACEMENT_3D('',#6358,#6359,#6360);
#3188=SURFACE_SIDE_STYLE('',(#6361));
#3189=EDGE_LOOP('',(#6362,#6363,#6364,#6365,#6366,#6367,#6368,#6369));
#3190=AXIS2_PLACEMENT_3D('',#6370,#6371,#6372);
#3191=SURFACE_SIDE_STYLE('',(#6373));
#3192=EDGE_LOOP('',(#6374,#6375,#6376,#6377));
#3193=AXIS2_PLACEMENT_3D('',#6378,#6379,#6380);
#3194=SURFACE_SIDE_STYLE('',(#6381));
#3195=EDGE_LOOP('',(#6382,#6383,#6384,#6385));
#3196=AXIS2_PLACEMENT_3D('',#6386,#6387,#6388);
#3197=SURFACE_SIDE_STYLE('',(#6389));
#3198=EDGE_LOOP('',(#6390,#6391,#6392,#6393));
#3199=AXIS2_PLACEMENT_3D('',#6394,#6395,#6396);
#3200=SURFACE_SIDE_STYLE('',(#6397));
#3201=EDGE_LOOP('',(#6398,#6399,#6400,#6401,#6402));
#3202=AXIS2_PLACEMENT_3D('',#6403,#6404,#6405);
#3203=SURFACE_SIDE_STYLE('',(#6406));
#3204=EDGE_LOOP('',(#6407,#6408,#6409,#6410,#6411,#6412,#6413,#6414,#6415,#6416));
#3205=EDGE_LOOP('',(#6417,#6418));
#3206=AXIS2_PLACEMENT_3D('',#6419,#6420,#6421);
#3207=SURFACE_SIDE_STYLE('',(#6422));
#3208=EDGE_LOOP('',(#6423,#6424,#6425,#6426,#6427,#6428));
#3209=AXIS2_PLACEMENT_3D('',#6429,#6430,#6431);
#3210=SURFACE_SIDE_STYLE('',(#6432));
#3211=EDGE_LOOP('',(#6433,#6434,#6435,#6436));
#3212=AXIS2_PLACEMENT_3D('',#6437,#6438,#6439);
#3213=SURFACE_SIDE_STYLE('',(#6440));
#3214=EDGE_LOOP('',(#6441,#6442,#6443,#6444,#6445,#6446));
#3215=AXIS2_PLACEMENT_3D('',#6447,#6448,#6449);
#3216=SURFACE_SIDE_STYLE('',(#6450));
#3217=EDGE_LOOP('',(#6451,#6452,#6453,#6454));
#3218=AXIS2_PLACEMENT_3D('',#6455,#6456,#6457);
#3219=SURFACE_SIDE_STYLE('',(#6458));
#3220=EDGE_LOOP('',(#6459,#6460,#6461,#6462));
#3221=AXIS2_PLACEMENT_3D('',#6463,#6464,#6465);
#3222=SURFACE_SIDE_STYLE('',(#6466));
#3223=EDGE_LOOP('',(#6467,#6468,#6469,#6470));
#3224=AXIS2_PLACEMENT_3D('',#6471,#6472,#6473);
#3225=SURFACE_SIDE_STYLE('',(#6474));
#3226=EDGE_LOOP('',(#6475,#6476,#6477,#6478));
#3227=AXIS2_PLACEMENT_3D('',#6479,#6480,#6481);
#3228=SURFACE_SIDE_STYLE('',(#6482));
#3229=EDGE_LOOP('',(#6483,#6484,#6485,#6486));
#3230=AXIS2_PLACEMENT_3D('',#6487,#6488,#6489);
#3231=SURFACE_SIDE_STYLE('',(#6490));
#3232=EDGE_LOOP('',(#6491,#6492,#6493,#6494));
#3233=AXIS2_PLACEMENT_3D('',#6495,#6496,#6497);
#3234=SURFACE_SIDE_STYLE('',(#6498));
#3235=EDGE_LOOP('',(#6499,#6500,#6501,#6502));
#3236=AXIS2_PLACEMENT_3D('',#6503,#6504,#6505);
#3237=SURFACE_SIDE_STYLE('',(#6506));
#3238=EDGE_LOOP('',(#6507,#6508,#6509,#6510));
#3239=AXIS2_PLACEMENT_3D('',#6511,#6512,#6513);
#3240=SURFACE_SIDE_STYLE('',(#6514));
#3241=EDGE_LOOP('',(#6515,#6516,#6517,#6518));
#3242=AXIS2_PLACEMENT_3D('',#6519,#6520,#6521);
#3243=SURFACE_SIDE_STYLE('',(#6522));
#3244=EDGE_LOOP('',(#6523,#6524,#6525,#6526));
#3245=AXIS2_PLACEMENT_3D('',#6527,#6528,#6529);
#3246=SURFACE_SIDE_STYLE('',(#6530));
#3248=SURFACE_STYLE_FILL_AREA(#6531);
#3249=ORIENTED_EDGE('',*,*,#6532,.F.);
#3250=ORIENTED_EDGE('',*,*,#6533,.F.);
#3251=ORIENTED_EDGE('',*,*,#6534,.T.);
#3252=ORIENTED_EDGE('',*,*,#6535,.T.);
#3253=CARTESIAN_POINT('',(10.300000572502,11.9579490558371,5.19999979850499));
#3254=DIRECTION('',(0.0,-1.0,-2.77555756156289E-17));
#3255=DIRECTION('',(-1.0,-1.87824025052621E-31,6.76707367390569E-15));
#3256=SURFACE_STYLE_FILL_AREA(#6536);
#3257=ORIENTED_EDGE('',*,*,#6537,.F.);
#3258=ORIENTED_EDGE('',*,*,#6538,.T.);
#3259=ORIENTED_EDGE('',*,*,#6539,.T.);
#3260=ORIENTED_EDGE('',*,*,#6540,.F.);
#3261=CARTESIAN_POINT('',(10.300000572502,11.9579490558371,18.799999798505));
#3262=DIRECTION('',(0.0,1.0,2.77555756156289E-17));
#3263=DIRECTION('',(-1.0,1.87824025052621E-31,-6.76707367390569E-15));
#3264=SURFACE_STYLE_FILL_AREA(#6541);
#3265=ORIENTED_EDGE('',*,*,#6542,.F.);
#3266=ORIENTED_EDGE('',*,*,#6543,.T.);
#3267=ORIENTED_EDGE('',*,*,#6544,.T.);
#3268=ORIENTED_EDGE('',*,*,#6545,.F.);
#3269=CARTESIAN_POINT('',(10.300000572502,11.5922636308879,5.19999979850499));
#3270=DIRECTION('',(0.0,-1.0,-2.77555756156289E-17));
#3271=DIRECTION('',(-1.0,-1.79286569368411E-31,6.4594794160009E-15));
#3272=SURFACE_STYLE_FILL_AREA(#6546);
#3273=ORIENTED_EDGE('',*,*,#6547,.F.);
#3274=ORIENTED_EDGE('',*,*,#6548,.F.);
#3275=ORIENTED_EDGE('',*,*,#6549,.T.);
#3276=ORIENTED_EDGE('',*,*,#6550,.T.);
#3277=CARTESIAN_POINT('',(65.800000572502,11.9579490558371,18.799999798505));
#3278=DIRECTION('',(0.0,-1.0,-2.77555756156289E-17));
#3279=DIRECTION('',(1.0,1.8782402505262E-31,-6.76707367390564E-15));
#3280=SURFACE_STYLE_FILL_AREA(#6551);
#3281=ORIENTED_EDGE('',*,*,#6552,.F.);
#3282=ORIENTED_EDGE('',*,*,#6553,.F.);
#3283=ORIENTED_EDGE('',*,*,#6554,.T.);
#3284=ORIENTED_EDGE('',*,*,#6555,.F.);
#3285=CARTESIAN_POINT('',(65.800000572502,11.5922636308879,5.19999979850499));
#3286=DIRECTION('',(-3.9719344226893E-47,1.0,2.77555756156289E-17));
#3287=DIRECTION('',(1.0,-1.7928656936841E-31,6.45947941600086E-15));
#3288=SURFACE_STYLE_FILL_AREA(#6556);
#3289=ORIENTED_EDGE('',*,*,#6557,.F.);
#3290=ORIENTED_EDGE('',*,*,#6558,.T.);
#3291=ORIENTED_EDGE('',*,*,#6559,.T.);
#3292=ORIENTED_EDGE('',*,*,#6560,.F.);
#3293=CARTESIAN_POINT('',(65.800000572502,11.9579490558371,5.19999979850499));
#3294=DIRECTION('',(0.0,1.0,2.77555756156289E-17));
#3295=DIRECTION('',(1.0,-1.8782402505262E-31,6.76707367390564E-15));
#3296=SURFACE_STYLE_FILL_AREA(#6561);
#3297=ORIENTED_EDGE('',*,*,#6562,.F.);
#3298=ORIENTED_EDGE('',*,*,#6563,.F.);
#3299=ORIENTED_EDGE('',*,*,#6564,.F.);
#3300=ORIENTED_EDGE('',*,*,#6565,.T.);
#3301=CARTESIAN_POINT('',(4.70000008011999,3.8,20.799999597011));
#3302=DIRECTION('',(0.0,1.0,2.77555756156289E-17));
#3303=DIRECTION('',(0.0,-2.77555756156289E-17,1.0));
#3304=SURFACE_STYLE_FILL_AREA(#6566);
#3305=ORIENTED_EDGE('',*,*,#6567,.F.);
#3306=ORIENTED_EDGE('',*,*,#6568,.T.);
#3307=ORIENTED_EDGE('',*,*,#6569,.F.);
#3308=ORIENTED_EDGE('',*,*,#6570,.F.);
#3309=CARTESIAN_POINT('',(9.79350057249599,4.70000000000001,11.156499999995));
#3310=DIRECTION('',(1.22464658788737E-16,-1.0,1.55941412567477E-16));
#3311=DIRECTION('',(-6.12323293943687E-17,1.55941412567477E-16,1.0));
#3312=SURFACE_STYLE_FILL_AREA(#6571);
#3313=ORIENTED_EDGE('',*,*,#6572,.F.);
#3314=ORIENTED_EDGE('',*,*,#6573,.T.);
#3315=ORIENTED_EDGE('',*,*,#6574,.T.);
#3316=ORIENTED_EDGE('',*,*,#6575,.F.);
#3317=CARTESIAN_POINT('',(10.327500572496,4.70000000000001,7.78799999999501));
#3318=DIRECTION('',(1.22464658788737E-16,-1.0,1.55941412567477E-16));
#3319=DIRECTION('',(-6.12323293943687E-17,1.55941412567477E-16,1.0));
#3320=SURFACE_STYLE_FILL_AREA(#6576);
#3321=ORIENTED_EDGE('',*,*,#6577,.F.);
#3322=ORIENTED_EDGE('',*,*,#6578,.F.);
#3323=ORIENTED_EDGE('',*,*,#6579,.T.);
#3324=ORIENTED_EDGE('',*,*,#6580,.T.);
#3325=CARTESIAN_POINT('',(4.70000008011999,3.8,3.20000080597799));
#3326=DIRECTION('',(0.0,-1.0,-2.77555756156289E-17));
#3327=DIRECTION('',(0.0,2.77555756156289E-17,-1.0));
#3328=SURFACE_STYLE_FILL_AREA(#6581);
#3329=ORIENTED_EDGE('',*,*,#6582,.F.);
#3330=ORIENTED_EDGE('',*,*,#6583,.F.);
#3331=ORIENTED_EDGE('',*,*,#6584,.F.);
#3332=ORIENTED_EDGE('',*,*,#6585,.T.);
#3333=ORIENTED_EDGE('',*,*,#6586,.T.);
#3334=CARTESIAN_POINT('',(1.0,6.91591399999999,1.0));
#3335=DIRECTION('',(-0.0,1.0,2.77555756156289E-17));
#3336=DIRECTION('',(1.0,0.0,0.0));
#3337=SURFACE_STYLE_FILL_AREA(#6587);
#3338=ORIENTED_EDGE('',*,*,#6588,.F.);
#3339=ORIENTED_EDGE('',*,*,#6589,.T.);
#3340=ORIENTED_EDGE('',*,*,#6590,.T.);
#3341=ORIENTED_EDGE('',*,*,#6591,.F.);
#3342=CARTESIAN_POINT('',(1.0,6.91591399999999,1.0));
#3343=DIRECTION('',(-0.0,1.0,2.77555756156289E-17));
#3344=DIRECTION('',(1.0,0.0,0.0));
#3345=SURFACE_STYLE_FILL_AREA(#6592);
#3346=ORIENTED_EDGE('',*,*,#6593,.T.);
#3347=ORIENTED_EDGE('',*,*,#6594,.T.);
#3348=ORIENTED_EDGE('',*,*,#6595,.T.);
#3349=ORIENTED_EDGE('',*,*,#6596,.T.);
#3350=ORIENTED_EDGE('',*,*,#6597,.F.);
#3351=CARTESIAN_POINT('',(1.0,7.41591399999999,23.0));
#3352=DIRECTION('',(-0.0,1.0,2.77555756156289E-17));
#3353=DIRECTION('',(1.0,0.0,0.0));
#3354=SURFACE_STYLE_FILL_AREA(#6598);
#3355=ORIENTED_EDGE('',*,*,#6599,.F.);
#3356=ORIENTED_EDGE('',*,*,#6600,.T.);
#3357=ORIENTED_EDGE('',*,*,#6601,.F.);
#3358=ORIENTED_EDGE('',*,*,#6602,.T.);
#3359=ORIENTED_EDGE('',*,*,#6603,.T.);
#3360=ORIENTED_EDGE('',*,*,#6593,.F.);
#3361=ORIENTED_EDGE('',*,*,#6604,.F.);
#3362=CARTESIAN_POINT('',(1.0,7.41591399999999,23.0));
#3363=DIRECTION('',(-0.0,1.0,2.77555756156289E-17));
#3364=DIRECTION('',(1.0,0.0,0.0));
#3365=SURFACE_STYLE_FILL_AREA(#6605);
#3366=ORIENTED_EDGE('',*,*,#6606,.F.);
#3367=ORIENTED_EDGE('',*,*,#6607,.F.);
#3368=ORIENTED_EDGE('',*,*,#6608,.T.);
#3369=ORIENTED_EDGE('',*,*,#6609,.T.);
#3370=CARTESIAN_POINT('',(9.79350057249599,4.70000000000001,7.843499999995));
#3371=DIRECTION('',(1.22464658788737E-16,-1.0,1.55941412567477E-16));
#3372=DIRECTION('',(-6.12323293943687E-17,1.55941412567477E-16,1.0));
#3373=SURFACE_STYLE_FILL_AREA(#6610);
#3374=ORIENTED_EDGE('',*,*,#6611,.F.);
#3375=ORIENTED_EDGE('',*,*,#6612,.T.);
#3376=ORIENTED_EDGE('',*,*,#6613,.T.);
#3377=ORIENTED_EDGE('',*,*,#6538,.F.);
#3378=CARTESIAN_POINT('',(6.300000572502,11.9579490558371,36.199999798506));
#3379=DIRECTION('',(6.12323399573677E-17,2.77555756156289E-17,-1.0));
#3380=DIRECTION('',(-1.0,1.69953884180861E-33,-6.12323399573677E-17));
#3381=SURFACE_STYLE_FILL_AREA(#6614);
#3382=ORIENTED_EDGE('',*,*,#6615,.F.);
#3383=ORIENTED_EDGE('',*,*,#6616,.T.);
#3384=ORIENTED_EDGE('',*,*,#6617,.F.);
#3385=ORIENTED_EDGE('',*,*,#6618,.F.);
#3386=CARTESIAN_POINT('',(10.327500572496,4.70000000000002,12.788000000005));
#3387=DIRECTION('',(1.22464658788737E-16,-1.0,-2.11452563798735E-16));
#3388=DIRECTION('',(-6.12323293943687E-17,2.11452563798735E-16,-1.0));
#3389=SURFACE_STYLE_FILL_AREA(#6619);
#3390=ORIENTED_EDGE('',*,*,#6620,.F.);
#3391=ORIENTED_EDGE('',*,*,#6550,.F.);
#3392=ORIENTED_EDGE('',*,*,#6621,.T.);
#3393=ORIENTED_EDGE('',*,*,#6622,.T.);
#3394=CARTESIAN_POINT('',(32.300000572502,11.9579490558371,22.799999798505));
#3395=DIRECTION('',(1.0,0.0,0.0));
#3396=DIRECTION('',(0.0,-2.77555756156289E-17,1.0));
#3397=SURFACE_STYLE_FILL_AREA(#6623);
#3398=ORIENTED_EDGE('',*,*,#6624,.F.);
#3399=ORIENTED_EDGE('',*,*,#6625,.T.);
#3400=ORIENTED_EDGE('',*,*,#6626,.T.);
#3401=ORIENTED_EDGE('',*,*,#6627,.F.);
#3402=CARTESIAN_POINT('',(9.79350057249599,4.70000000000002,16.156500000005));
#3403=DIRECTION('',(1.22464658788737E-16,-1.0,-2.11452563798735E-16));
#3404=DIRECTION('',(-6.12323293943687E-17,2.11452563798735E-16,-1.0));
#3405=SURFACE_STYLE_FILL_AREA(#6628);
#3406=ORIENTED_EDGE('',*,*,#6629,.F.);
#3407=ORIENTED_EDGE('',*,*,#6630,.F.);
#3408=ORIENTED_EDGE('',*,*,#6631,.F.);
#3409=ORIENTED_EDGE('',*,*,#6632,.T.);
#3410=CARTESIAN_POINT('',(9.79350057249599,4.70000000000002,12.843500000005));
#3411=DIRECTION('',(1.22464658788737E-16,-1.0,-2.11452563798735E-16));
#3412=DIRECTION('',(-6.12323293943687E-17,2.11452563798735E-16,-1.0));
#3413=SURFACE_STYLE_FILL_AREA(#6633);
#3414=ORIENTED_EDGE('',*,*,#6634,.F.);
#3415=ORIENTED_EDGE('',*,*,#6635,.F.);
#3416=ORIENTED_EDGE('',*,*,#6636,.F.);
#3417=ORIENTED_EDGE('',*,*,#6548,.T.);
#3418=CARTESIAN_POINT('',(69.800000572502,11.9579490558371,36.199999798506));
#3419=DIRECTION('',(-6.12323399573677E-17,2.77555756156289E-17,-1.0));
#3420=DIRECTION('',(1.0,1.69953884180861E-33,-6.12323399573677E-17));
#3421=SURFACE_STYLE_FILL_AREA(#6637);
#3422=ORIENTED_EDGE('',*,*,#6638,.F.);
#3423=ORIENTED_EDGE('',*,*,#6639,.T.);
#3424=ORIENTED_EDGE('',*,*,#6640,.T.);
#3425=ORIENTED_EDGE('',*,*,#6641,.F.);
#3426=CARTESIAN_POINT('',(65.672500572508,4.70000000000002,16.212000000005));
#3427=DIRECTION('',(-1.22464658788737E-16,-1.0,-2.11452563798735E-16));
#3428=DIRECTION('',(6.12323293943687E-17,2.11452563798735E-16,-1.0));
#3429=SURFACE_STYLE_FILL_AREA(#6642);
#3430=ORIENTED_EDGE('',*,*,#6643,.F.);
#3431=ORIENTED_EDGE('',*,*,#6644,.F.);
#3432=ORIENTED_EDGE('',*,*,#6645,.T.);
#3433=ORIENTED_EDGE('',*,*,#6646,.T.);
#3434=CARTESIAN_POINT('',(66.206500572508,4.70000000000002,16.156500000005));
#3435=DIRECTION('',(-1.22464658788737E-16,-1.0,-2.11452563798735E-16));
#3436=DIRECTION('',(6.12323293943687E-17,2.11452563798735E-16,-1.0));
#3437=SURFACE_STYLE_FILL_AREA(#6647);
#3438=ORIENTED_EDGE('',*,*,#6648,.F.);
#3439=ORIENTED_EDGE('',*,*,#6649,.F.);
#3440=ORIENTED_EDGE('',*,*,#6650,.F.);
#3441=ORIENTED_EDGE('',*,*,#6651,.T.);
#3442=CARTESIAN_POINT('',(66.206500572508,4.70000000000002,11.156499999995));
#3443=DIRECTION('',(-1.22464658788737E-16,-1.0,1.55941412567477E-16));
#3444=DIRECTION('',(6.12323293943687E-17,1.55941412567477E-16,1.0));
#3445=SURFACE_STYLE_FILL_AREA(#6652);
#3446=ORIENTED_EDGE('',*,*,#6653,.F.);
#3447=ORIENTED_EDGE('',*,*,#6654,.F.);
#3448=ORIENTED_EDGE('',*,*,#6655,.T.);
#3449=ORIENTED_EDGE('',*,*,#6656,.T.);
#3450=CARTESIAN_POINT('',(71.300000572502,3.8,20.799999597011));
#3451=DIRECTION('',(0.0,-1.0,-2.77555756156289E-17));
#3452=DIRECTION('',(0.0,-2.77555756156289E-17,1.0));
#3453=SURFACE_STYLE_FILL_AREA(#6657);
#3454=ORIENTED_EDGE('',*,*,#6658,.F.);
#3455=ORIENTED_EDGE('',*,*,#6659,.T.);
#3456=ORIENTED_EDGE('',*,*,#6660,.F.);
#3457=ORIENTED_EDGE('',*,*,#6661,.F.);
#3458=CARTESIAN_POINT('',(66.206500572508,4.70000000000002,12.843500000005));
#3459=DIRECTION('',(-1.22464658788737E-16,-1.0,-2.11452563798735E-16));
#3460=DIRECTION('',(6.12323293943687E-17,2.11452563798735E-16,-1.0));
#3461=SURFACE_STYLE_FILL_AREA(#6662);
#3462=ORIENTED_EDGE('',*,*,#6663,.T.);
#3463=ORIENTED_EDGE('',*,*,#6664,.F.);
#3464=ORIENTED_EDGE('',*,*,#6665,.T.);
#3465=ORIENTED_EDGE('',*,*,#6666,.F.);
#3466=ORIENTED_EDGE('',*,*,#6667,.F.);
#3467=CARTESIAN_POINT('',(75.000000572502,6.91591399999999,23.0));
#3468=DIRECTION('',(-0.0,-1.0,-2.77555756156289E-17));
#3469=DIRECTION('',(-1.0,0.0,0.0));
#3470=SURFACE_STYLE_FILL_AREA(#6668);
#3471=ORIENTED_EDGE('',*,*,#6669,.F.);
#3472=ORIENTED_EDGE('',*,*,#6670,.F.);
#3473=ORIENTED_EDGE('',*,*,#6663,.F.);
#3474=ORIENTED_EDGE('',*,*,#6671,.T.);
#3475=ORIENTED_EDGE('',*,*,#6672,.T.);
#3476=ORIENTED_EDGE('',*,*,#6673,.F.);
#3477=ORIENTED_EDGE('',*,*,#6674,.F.);
#3478=CARTESIAN_POINT('',(75.000000572502,6.91591399999999,23.0));
#3479=DIRECTION('',(-0.0,-1.0,-2.77555756156289E-17));
#3480=DIRECTION('',(-1.0,0.0,0.0));
#3481=SURFACE_STYLE_FILL_AREA(#6675);
#3482=ORIENTED_EDGE('',*,*,#6676,.F.);
#3483=ORIENTED_EDGE('',*,*,#6677,.F.);
#3484=ORIENTED_EDGE('',*,*,#6678,.F.);
#3485=ORIENTED_EDGE('',*,*,#6679,.T.);
#3486=CARTESIAN_POINT('',(65.672500572508,4.70000000000002,12.788000000005));
#3487=DIRECTION('',(-1.22464658788737E-16,-1.0,-2.11452563798735E-16));
#3488=DIRECTION('',(6.12323293943687E-17,2.11452563798735E-16,-1.0));
#3489=SURFACE_STYLE_FILL_AREA(#6680);
#3490=ORIENTED_EDGE('',*,*,#6681,.F.);
#3491=ORIENTED_EDGE('',*,*,#6682,.T.);
#3492=ORIENTED_EDGE('',*,*,#6683,.T.);
#3493=ORIENTED_EDGE('',*,*,#6684,.F.);
#3494=CARTESIAN_POINT('',(66.206500572508,4.70000000000002,7.843499999995));
#3495=DIRECTION('',(-1.22464658788737E-16,-1.0,1.55941412567477E-16));
#3496=DIRECTION('',(6.12323293943687E-17,1.55941412567477E-16,1.0));
#3497=SURFACE_STYLE_FILL_AREA(#6685);
#3498=ORIENTED_EDGE('',*,*,#6686,.F.);
#3499=ORIENTED_EDGE('',*,*,#6687,.F.);
#3500=ORIENTED_EDGE('',*,*,#6688,.F.);
#3501=ORIENTED_EDGE('',*,*,#6689,.T.);
#3502=CARTESIAN_POINT('',(71.300000572502,3.8,3.20000080597799));
#3503=DIRECTION('',(0.0,1.0,2.77555756156289E-17));
#3504=DIRECTION('',(0.0,2.77555756156289E-17,-1.0));
#3505=SURFACE_STYLE_FILL_AREA(#6690);
#3506=ORIENTED_EDGE('',*,*,#6691,.F.);
#3507=ORIENTED_EDGE('',*,*,#6692,.T.);
#3508=ORIENTED_EDGE('',*,*,#6693,.F.);
#3509=ORIENTED_EDGE('',*,*,#6694,.F.);
#3510=CARTESIAN_POINT('',(65.672500572508,4.70000000000002,11.211999999995));
#3511=DIRECTION('',(-1.22464658788737E-16,-1.0,1.55941412567477E-16));
#3512=DIRECTION('',(6.12323293943687E-17,1.55941412567477E-16,1.0));
#3513=SURFACE_STYLE_FILL_AREA(#6695);
#3514=ORIENTED_EDGE('',*,*,#6696,.F.);
#3515=ORIENTED_EDGE('',*,*,#6697,.F.);
#3516=ORIENTED_EDGE('',*,*,#6698,.F.);
#3517=ORIENTED_EDGE('',*,*,#6699,.T.);
#3518=CARTESIAN_POINT('',(10.327500572496,4.70000000000001,11.211999999995));
#3519=DIRECTION('',(1.22464658788737E-16,-1.0,1.55941412567477E-16));
#3520=DIRECTION('',(-6.12323293943687E-17,1.55941412567477E-16,1.0));
#3521=SURFACE_STYLE_FILL_AREA(#6700);
#3522=ORIENTED_EDGE('',*,*,#6701,.F.);
#3523=ORIENTED_EDGE('',*,*,#6702,.F.);
#3524=ORIENTED_EDGE('',*,*,#6703,.T.);
#3525=ORIENTED_EDGE('',*,*,#6704,.T.);
#3526=CARTESIAN_POINT('',(65.672500572508,4.70000000000002,7.78799999999501));
#3527=DIRECTION('',(-1.22464658788737E-16,-1.0,1.55941412567477E-16));
#3528=DIRECTION('',(6.12323293943687E-17,1.55941412567477E-16,1.0));
#3529=SURFACE_STYLE_FILL_AREA(#6705);
#3530=ORIENTED_EDGE('',*,*,#6706,.F.);
#3531=ORIENTED_EDGE('',*,*,#6707,.F.);
#3532=ORIENTED_EDGE('',*,*,#6708,.T.);
#3533=ORIENTED_EDGE('',*,*,#6709,.T.);
#3534=CARTESIAN_POINT('',(10.327500572496,4.70000000000002,16.212000000005));
#3535=DIRECTION('',(1.22464658788737E-16,-1.0,-2.11452563798735E-16));
#3536=DIRECTION('',(-6.12323293943687E-17,2.11452563798735E-16,-1.0));
#3537=SURFACE_STYLE_FILL_AREA(#6710);
#3538=ORIENTED_EDGE('',*,*,#6711,.F.);
#3539=ORIENTED_EDGE('',*,*,#6712,.F.);
#3540=ORIENTED_EDGE('',*,*,#6713,.F.);
#3541=ORIENTED_EDGE('',*,*,#6714,.F.);
#3542=ORIENTED_EDGE('',*,*,#6715,.F.);
#3543=CARTESIAN_POINT('',(75.000000572502,6.91591399999999,1.0));
#3544=DIRECTION('',(-0.0,-1.0,-2.77555756156289E-17));
#3545=DIRECTION('',(-1.0,0.0,0.0));
#3546=SURFACE_STYLE_FILL_AREA(#6716);
#3547=ORIENTED_EDGE('',*,*,#6717,.F.);
#3548=ORIENTED_EDGE('',*,*,#6718,.F.);
#3549=ORIENTED_EDGE('',*,*,#6719,.T.);
#3550=ORIENTED_EDGE('',*,*,#6720,.F.);
#3551=CARTESIAN_POINT('',(75.000000572502,6.91591399999999,1.0));
#3552=DIRECTION('',(-0.0,-1.0,-2.77555756156289E-17));
#3553=DIRECTION('',(-1.0,0.0,0.0));
#3554=SURFACE_STYLE_FILL_AREA(#6721);
#3555=ORIENTED_EDGE('',*,*,#6722,.F.);
#3556=ORIENTED_EDGE('',*,*,#6560,.T.);
#3557=ORIENTED_EDGE('',*,*,#6723,.F.);
#3558=ORIENTED_EDGE('',*,*,#6724,.F.);
#3559=CARTESIAN_POINT('',(21.300000572502,11.9579490558371,1.19999979850499));
#3560=DIRECTION('',(1.0,0.0,0.0));
#3561=DIRECTION('',(0.0,2.77555756156289E-17,-1.0));
#3562=SURFACE_STYLE_FILL_AREA(#6725);
#3563=ORIENTED_EDGE('',*,*,#6726,.F.);
#3564=ORIENTED_EDGE('',*,*,#6727,.F.);
#3565=ORIENTED_EDGE('',*,*,#6687,.T.);
#3566=ORIENTED_EDGE('',*,*,#6728,.F.);
#3567=ORIENTED_EDGE('',*,*,#6729,.T.);
#3568=CARTESIAN_POINT('',(75.022734004688,5.3,3.35461836751099));
#3569=DIRECTION('',(0.0,1.0,2.77555756156289E-17));
#3570=DIRECTION('',(0.0,-2.77555756156289E-17,1.0));
#3571=SURFACE_STYLE_FILL_AREA(#6730);
#3572=ORIENTED_EDGE('',*,*,#6731,.F.);
#3573=ORIENTED_EDGE('',*,*,#6732,.T.);
#3574=ORIENTED_EDGE('',*,*,#6733,.T.);
#3575=ORIENTED_EDGE('',*,*,#6734,.T.);
#3576=CARTESIAN_POINT('',(-22.099999427498,6.26057700000001,21.9));
#3577=DIRECTION('',(0.0,2.77555756156289E-17,-1.0));
#3578=DIRECTION('',(0.0,1.0,2.77555756156289E-17));
#3579=SURFACE_STYLE_FILL_AREA(#6735);
#3580=ORIENTED_EDGE('',*,*,#6736,.F.);
#3581=ORIENTED_EDGE('',*,*,#6737,.F.);
#3582=ORIENTED_EDGE('',*,*,#6738,.T.);
#3583=ORIENTED_EDGE('',*,*,#6739,.T.);
#3584=CARTESIAN_POINT('',(59.390000572502,0.999999999999999,20.299999395516));
#3585=DIRECTION('',(-6.12323399573677E-17,2.77555756156289E-17,-1.0));
#3586=DIRECTION('',(1.0,1.69953884180861E-33,-6.12323399573677E-17));
#3587=SURFACE_STYLE_FILL_AREA(#6740);
#3588=ORIENTED_EDGE('',*,*,#6741,.T.);
#3589=ORIENTED_EDGE('',*,*,#6742,.T.);
#3590=ORIENTED_EDGE('',*,*,#6743,.T.);
#3591=ORIENTED_EDGE('',*,*,#6744,.T.);
#3592=CARTESIAN_POINT('',(63.528844572502,14.7,4.65000000000001));
#3593=DIRECTION('',(0.0,-2.77555756156289E-17,1.0));
#3594=DIRECTION('',(1.0,0.0,0.0));
#3595=SURFACE_STYLE_FILL_AREA(#6745);
#3596=ORIENTED_EDGE('',*,*,#6557,.T.);
#3597=ORIENTED_EDGE('',*,*,#6746,.F.);
#3598=ORIENTED_EDGE('',*,*,#6747,.F.);
#3599=ORIENTED_EDGE('',*,*,#6635,.T.);
#3600=CARTESIAN_POINT('',(65.800000572502,11.9579490558371,5.19999979850499));
#3601=DIRECTION('',(0.0,1.0,2.77555756156289E-17));
#3602=DIRECTION('',(1.0,-1.8782402505262E-31,6.76707367390564E-15));
#3603=SURFACE_STYLE_FILL_AREA(#6748);
#3604=ORIENTED_EDGE('',*,*,#6749,.F.);
#3605=ORIENTED_EDGE('',*,*,#6553,.T.);
#3606=ORIENTED_EDGE('',*,*,#6750,.T.);
#3607=ORIENTED_EDGE('',*,*,#6751,.F.);
#3608=CARTESIAN_POINT('',(69.800000572502,11.560577,-12.200000201495));
#3609=DIRECTION('',(-1.0,1.69953884180861E-33,-6.12323399573677E-17));
#3610=DIRECTION('',(6.12323399573677E-17,2.77555756156289E-17,-1.0));
#3611=SURFACE_STYLE_FILL_AREA(#6752);
#3612=ORIENTED_EDGE('',*,*,#6753,.T.);
#3613=ORIENTED_EDGE('',*,*,#6754,.T.);
#3614=ORIENTED_EDGE('',*,*,#6755,.F.);
#3615=ORIENTED_EDGE('',*,*,#6756,.F.);
#3616=CARTESIAN_POINT('',(65.800000572502,13.560577,18.799999798505));
#3617=DIRECTION('',(0.0,-1.0,-2.77555756156289E-17));
#3618=DIRECTION('',(1.0,3.21984042947346E-31,-1.16006977266953E-14));
#3619=SURFACE_STYLE_FILL_AREA(#6757);
#3620=ORIENTED_EDGE('',*,*,#6755,.T.);
#3621=ORIENTED_EDGE('',*,*,#6758,.T.);
#3622=ORIENTED_EDGE('',*,*,#6759,.F.);
#3623=ORIENTED_EDGE('',*,*,#6760,.T.);
#3624=CARTESIAN_POINT('',(65.800000572502,13.5025642981078,18.799999798505));
#3625=DIRECTION('',(-2.29944218704842E-49,1.0,2.77555756156289E-17));
#3626=DIRECTION('',(-1.0,1.69953884180861E-33,-6.12323399573677E-17));
#3627=SURFACE_STYLE_FILL_AREA(#6761);
#3628=ORIENTED_EDGE('',*,*,#6762,.F.);
#3629=ORIENTED_EDGE('',*,*,#6763,.F.);
#3630=ORIENTED_EDGE('',*,*,#6764,.T.);
#3631=ORIENTED_EDGE('',*,*,#6765,.T.);
#3632=CARTESIAN_POINT('',(10.000000572502,6.91591399999999,4.80000000000001));
#3633=DIRECTION('',(-0.0,-1.0,-2.77555756156289E-17));
#3634=DIRECTION('',(-1.0,0.0,0.0));
#3635=SURFACE_STYLE_FILL_AREA(#6766);
#3636=ORIENTED_EDGE('',*,*,#6767,.F.);
#3637=ORIENTED_EDGE('',*,*,#6768,.F.);
#3638=ORIENTED_EDGE('',*,*,#6769,.T.);
#3639=ORIENTED_EDGE('',*,*,#6770,.T.);
#3640=CARTESIAN_POINT('',(66.000000572502,6.915914,19.2));
#3641=DIRECTION('',(0.0,-1.0,-2.77555756156289E-17));
#3642=DIRECTION('',(1.0,0.0,0.0));
#3643=SURFACE_STYLE_FILL_AREA(#6771);
#3644=ORIENTED_EDGE('',*,*,#6718,.T.);
#3645=ORIENTED_EDGE('',*,*,#6772,.T.);
#3646=ORIENTED_EDGE('',*,*,#6715,.T.);
#3647=ORIENTED_EDGE('',*,*,#6773,.F.);
#3648=CARTESIAN_POINT('',(74.338362404149,0.099999999999999,22.919110997415));
#3649=DIRECTION('',(-0.0,-1.0,-2.77555756156289E-17));
#3650=DIRECTION('',(-1.0,0.0,0.0));
#3651=SURFACE_STYLE_FILL_AREA(#6774);
#3652=ORIENTED_EDGE('',*,*,#6722,.T.);
#3653=ORIENTED_EDGE('',*,*,#6535,.F.);
#3654=ORIENTED_EDGE('',*,*,#6775,.F.);
#3655=ORIENTED_EDGE('',*,*,#6746,.T.);
#3656=CARTESIAN_POINT('',(21.300000572502,11.9579490558371,1.19999979850499));
#3657=DIRECTION('',(1.0,0.0,0.0));
#3658=DIRECTION('',(0.0,2.77555756156289E-17,-1.0));
#3659=SURFACE_STYLE_FILL_AREA(#6776);
#3660=ORIENTED_EDGE('',*,*,#6777,.T.);
#3661=ORIENTED_EDGE('',*,*,#6778,.T.);
#3662=ORIENTED_EDGE('',*,*,#6779,.T.);
#3663=ORIENTED_EDGE('',*,*,#6780,.T.);
#3664=CARTESIAN_POINT('',(67.000000572502,16.7,3.999999798506));
#3665=DIRECTION('',(-1.0,-0.0,0.0));
#3666=DIRECTION('',(0.0,-1.0,-2.77555756156289E-17));
#3667=SURFACE_STYLE_FILL_AREA(#6781);
#3668=ORIENTED_EDGE('',*,*,#6664,.T.);
#3669=ORIENTED_EDGE('',*,*,#6670,.T.);
#3670=ORIENTED_EDGE('',*,*,#6782,.T.);
#3671=ORIENTED_EDGE('',*,*,#6783,.F.);
#3672=CARTESIAN_POINT('',(74.338362404149,0.099999999999999,22.919110997415));
#3673=DIRECTION('',(-0.0,-1.0,-2.77555756156289E-17));
#3674=DIRECTION('',(-1.0,0.0,0.0));
#3675=SURFACE_STYLE_FILL_AREA(#6784);
#3676=ORIENTED_EDGE('',*,*,#6785,.F.);
#3677=ORIENTED_EDGE('',*,*,#6786,.F.);
#3678=ORIENTED_EDGE('',*,*,#6750,.F.);
#3679=ORIENTED_EDGE('',*,*,#6787,.T.);
#3680=CARTESIAN_POINT('',(70.000000572502,11.5922636308879,36.199999798506));
#3681=DIRECTION('',(-6.12323399573677E-17,2.77555756156289E-17,-1.0));
#3682=DIRECTION('',(1.0,1.69953884180861E-33,-6.12323399573677E-17));
#3683=SURFACE_STYLE_FILL_AREA(#6788);
#3684=ORIENTED_EDGE('',*,*,#6789,.T.);
#3685=ORIENTED_EDGE('',*,*,#6790,.F.);
#3686=ORIENTED_EDGE('',*,*,#6753,.F.);
#3687=ORIENTED_EDGE('',*,*,#6791,.F.);
#3688=CARTESIAN_POINT('',(10.300000572502,14.060577,21.249999798505));
#3689=DIRECTION('',(0.0,1.0,2.77555756156289E-17));
#3690=DIRECTION('',(0.0,-2.77555756156289E-17,1.0));
#3691=SURFACE_STYLE_FILL_AREA(#6792);
#3692=ORIENTED_EDGE('',*,*,#6793,.F.);
#3693=ORIENTED_EDGE('',*,*,#6654,.T.);
#3694=ORIENTED_EDGE('',*,*,#6794,.T.);
#3695=ORIENTED_EDGE('',*,*,#6795,.T.);
#3696=ORIENTED_EDGE('',*,*,#6796,.T.);
#3697=ORIENTED_EDGE('',*,*,#6797,.T.);
#3698=ORIENTED_EDGE('',*,*,#6798,.T.);
#3699=CARTESIAN_POINT('',(75.022734004688,3.8,3.35461836751099));
#3700=DIRECTION('',(0.0,1.0,2.77555756156289E-17));
#3701=DIRECTION('',(0.0,-2.77555756156289E-17,1.0));
#3702=SURFACE_STYLE_FILL_AREA(#6799);
#3703=ORIENTED_EDGE('',*,*,#6800,.T.);
#3704=ORIENTED_EDGE('',*,*,#6801,.F.);
#3705=ORIENTED_EDGE('',*,*,#6780,.F.);
#3706=ORIENTED_EDGE('',*,*,#6802,.T.);
#3707=ORIENTED_EDGE('',*,*,#6803,.T.);
#3708=ORIENTED_EDGE('',*,*,#6804,.F.);
#3709=CARTESIAN_POINT('',(66.500000572509,16.7,7.0));
#3710=DIRECTION('',(0.0,-2.77555756156289E-17,1.0));
#3711=DIRECTION('',(1.0,0.0,0.0));
#3712=SURFACE_STYLE_FILL_AREA(#6805);
#3713=ORIENTED_EDGE('',*,*,#6806,.F.);
#3714=ORIENTED_EDGE('',*,*,#6807,.T.);
#3715=ORIENTED_EDGE('',*,*,#6808,.T.);
#3716=ORIENTED_EDGE('',*,*,#6809,.F.);
#3717=CARTESIAN_POINT('',(10.300000572502,13.4445515962156,18.799999798505));
#3718=DIRECTION('',(2.24531079045794E-47,1.0,2.77555756156289E-17));
#3719=DIRECTION('',(-1.0,1.77272113532811E-31,-6.38690099559638E-15));
#3720=SURFACE_STYLE_FILL_AREA(#6810);
#3721=ORIENTED_EDGE('',*,*,#6717,.T.);
#3722=ORIENTED_EDGE('',*,*,#6811,.F.);
#3723=ORIENTED_EDGE('',*,*,#6812,.T.);
#3724=ORIENTED_EDGE('',*,*,#6813,.T.);
#3725=ORIENTED_EDGE('',*,*,#6814,.F.);
#3726=ORIENTED_EDGE('',*,*,#6711,.T.);
#3727=ORIENTED_EDGE('',*,*,#6772,.F.);
#3728=CARTESIAN_POINT('',(75.000000572502,6.91591399999999,1.0));
#3729=DIRECTION('',(-0.0,-1.0,-2.77555756156289E-17));
#3730=DIRECTION('',(-1.0,0.0,0.0));
#3731=SURFACE_STYLE_FILL_AREA(#6815);
#3732=ORIENTED_EDGE('',*,*,#6816,.T.);
#3733=ORIENTED_EDGE('',*,*,#6817,.F.);
#3734=ORIENTED_EDGE('',*,*,#6818,.F.);
#3735=ORIENTED_EDGE('',*,*,#6819,.F.);
#3736=ORIENTED_EDGE('',*,*,#6820,.T.);
#3737=CARTESIAN_POINT('',(11.037634857654,1.00000000000001,-278.70412615186));
#3738=DIRECTION('',(-0.0,-1.0,-2.77555756156289E-17));
#3739=DIRECTION('',(-1.0,0.0,0.0));
#3740=SURFACE_STYLE_FILL_AREA(#6821);
#3741=ORIENTED_EDGE('',*,*,#6822,.F.);
#3742=ORIENTED_EDGE('',*,*,#6823,.F.);
#3743=ORIENTED_EDGE('',*,*,#6824,.T.);
#3744=ORIENTED_EDGE('',*,*,#6825,.T.);
#3745=ORIENTED_EDGE('',*,*,#6826,.F.);
#3746=ORIENTED_EDGE('',*,*,#6827,.F.);
#3747=CARTESIAN_POINT('',(64.400000572502,6.87649100000002,6.59999999999999));
#3748=DIRECTION('',(0.0,1.0,2.77555756156289E-17));
#3749=DIRECTION('',(-1.0,0.0,0.0));
#3750=SURFACE_STYLE_FILL_AREA(#6828);
#3751=ORIENTED_EDGE('',*,*,#6706,.T.);
#3752=ORIENTED_EDGE('',*,*,#6829,.T.);
#3753=ORIENTED_EDGE('',*,*,#6830,.F.);
#3754=ORIENTED_EDGE('',*,*,#6831,.F.);
#3755=CARTESIAN_POINT('',(10.327500572496,4.70000000000002,16.212000000005));
#3756=DIRECTION('',(1.22464658788737E-16,-1.0,-2.11452563798735E-16));
#3757=DIRECTION('',(-6.12323293943687E-17,2.11452563798735E-16,-1.0));
#3758=SURFACE_STYLE_FILL_AREA(#6832);
#3759=ORIENTED_EDGE('',*,*,#6833,.T.);
#3760=ORIENTED_EDGE('',*,*,#6834,.T.);
#3761=ORIENTED_EDGE('',*,*,#6775,.T.);
#3762=ORIENTED_EDGE('',*,*,#6835,.F.);
#3763=CARTESIAN_POINT('',(60.200000572502,12.0579490558371,1.026794717749));
#3764=DIRECTION('',(0.0,0.5,-0.866025403784439));
#3765=DIRECTION('',(1.0,0.0,0.0));
#3766=SURFACE_STYLE_FILL_AREA(#6836);
#3767=ORIENTED_EDGE('',*,*,#6837,.F.);
#3768=ORIENTED_EDGE('',*,*,#6838,.T.);
#3769=ORIENTED_EDGE('',*,*,#6839,.T.);
#3770=ORIENTED_EDGE('',*,*,#6739,.F.);
#3771=CARTESIAN_POINT('',(66.240000572502,0.999999999999999,19.299999395516));
#3772=DIRECTION('',(0.0,1.0,2.77555756156289E-17));
#3773=DIRECTION('',(1.0,1.69953884180861E-33,-6.12323399573677E-17));
#3774=SURFACE_STYLE_FILL_AREA(#6840);
#3775=ORIENTED_EDGE('',*,*,#6841,.T.);
#3776=ORIENTED_EDGE('',*,*,#6842,.F.);
#3777=ORIENTED_EDGE('',*,*,#6843,.F.);
#3778=ORIENTED_EDGE('',*,*,#6844,.F.);
#3779=ORIENTED_EDGE('',*,*,#6845,.T.);
#3780=ORIENTED_EDGE('',*,*,#6804,.T.);
#3781=ORIENTED_EDGE('',*,*,#6846,.T.);
#3782=ORIENTED_EDGE('',*,*,#6847,.T.);
#3783=ORIENTED_EDGE('',*,*,#6848,.T.);
#3784=ORIENTED_EDGE('',*,*,#6849,.T.);
#3785=ORIENTED_EDGE('',*,*,#6850,.F.);
#3786=ORIENTED_EDGE('',*,*,#6851,.F.);
#3787=CARTESIAN_POINT('',(58.000000572502,2.0,11.5));
#3788=DIRECTION('',(0.0,1.0,2.77555756156289E-17));
#3789=DIRECTION('',(0.0,-2.77555756156289E-17,1.0));
#3790=SURFACE_STYLE_FILL_AREA(#6852);
#3791=ORIENTED_EDGE('',*,*,#6708,.F.);
#3792=ORIENTED_EDGE('',*,*,#6853,.T.);
#3793=ORIENTED_EDGE('',*,*,#6854,.T.);
#3794=ORIENTED_EDGE('',*,*,#6855,.F.);
#3795=CARTESIAN_POINT('',(9.918370780565,4.70000000000002,16.304316376421));
#3796=DIRECTION('',(-0.64532407270856,8.250110770313E-17,-0.763908922046887));
#3797=DIRECTION('',(0.763908922046887,1.7911341096648E-17,-0.64532407270856));
#3798=SURFACE_STYLE_FILL_AREA(#6856);
#3799=ORIENTED_EDGE('',*,*,#6723,.T.);
#3800=ORIENTED_EDGE('',*,*,#6857,.F.);
#3801=ORIENTED_EDGE('',*,*,#6858,.T.);
#3802=ORIENTED_EDGE('',*,*,#6859,.T.);
#3803=CARTESIAN_POINT('',(71.200000572502,11.7336849871252,1.141421154743));
#3804=DIRECTION('',(0.0,-0.707106781186548,-0.707106781186547));
#3805=DIRECTION('',(0.0,0.707106781186547,-0.707106781186548));
#3806=SURFACE_STYLE_FILL_AREA(#6860);
#3807=ORIENTED_EDGE('',*,*,#6861,.F.);
#3808=ORIENTED_EDGE('',*,*,#6862,.F.);
#3809=ORIENTED_EDGE('',*,*,#6811,.T.);
#3810=ORIENTED_EDGE('',*,*,#6720,.T.);
#3811=CARTESIAN_POINT('',(71.856461563478,0.999999999999998,12.977675896375));
#3812=DIRECTION('',(-0.0,-1.0,-2.77555756156289E-17));
#3813=DIRECTION('',(-1.0,0.0,0.0));
#3814=SURFACE_STYLE_FILL_AREA(#6863);
#3815=ORIENTED_EDGE('',*,*,#6850,.T.);
#3816=ORIENTED_EDGE('',*,*,#6864,.T.);
#3817=ORIENTED_EDGE('',*,*,#6865,.F.);
#3818=ORIENTED_EDGE('',*,*,#6866,.F.);
#3819=CARTESIAN_POINT('',(61.500000572502,15.6500024,12.000000201494));
#3820=DIRECTION('',(0.0,1.0,2.77555756156289E-17));
#3821=DIRECTION('',(0.0,-2.77555756156289E-17,1.0));
#3822=SURFACE_STYLE_FILL_AREA(#6867);
#3823=ORIENTED_EDGE('',*,*,#6818,.T.);
#3824=ORIENTED_EDGE('',*,*,#6868,.T.);
#3825=ORIENTED_EDGE('',*,*,#6869,.T.);
#3826=ORIENTED_EDGE('',*,*,#6870,.F.);
#3827=CARTESIAN_POINT('',(74.500000572502,0.999999999999999,21.199999395517));
#3828=DIRECTION('',(1.0,1.48081373613045E-30,-5.33519375219376E-14));
#3829=DIRECTION('',(5.33519375219376E-14,-2.77555756156289E-17,1.0));
#3830=SURFACE_STYLE_FILL_AREA(#6871);
#3831=ORIENTED_EDGE('',*,*,#6872,.T.);
#3832=ORIENTED_EDGE('',*,*,#6873,.F.);
#3833=ORIENTED_EDGE('',*,*,#6874,.F.);
#3834=ORIENTED_EDGE('',*,*,#6786,.T.);
#3835=CARTESIAN_POINT('',(65.800000572502,11.5922636308879,18.799999798505));
#3836=DIRECTION('',(-3.9719344226893E-47,-1.0,-2.77555756156289E-17));
#3837=DIRECTION('',(1.0,1.7928656936841E-31,-6.45947941600086E-15));
#3838=SURFACE_STYLE_FILL_AREA(#6875);
#3839=ORIENTED_EDGE('',*,*,#6667,.T.);
#3840=ORIENTED_EDGE('',*,*,#6876,.F.);
#3841=ORIENTED_EDGE('',*,*,#6877,.F.);
#3842=CARTESIAN_POINT('',(28.678281167657,0.999999999999998,23.224500529024));
#3843=DIRECTION('',(0.0,1.0,2.77555756156289E-17));
#3844=DIRECTION('',(0.0,-2.77555756156289E-17,1.0));
#3845=SURFACE_STYLE_FILL_AREA(#6878);
#3846=ORIENTED_EDGE('',*,*,#6879,.T.);
#3847=ORIENTED_EDGE('',*,*,#6880,.T.);
#3848=ORIENTED_EDGE('',*,*,#6881,.F.);
#3849=ORIENTED_EDGE('',*,*,#6882,.F.);
#3850=CARTESIAN_POINT('',(71.300000572502,0.999999999999999,3.19999939551701));
#3851=DIRECTION('',(2.67276471009218E-49,1.0,2.77555756156289E-17));
#3852=DIRECTION('',(1.0,1.69953884180861E-33,-6.12323399573677E-17));
#3853=SURFACE_STYLE_FILL_AREA(#6883);
#3854=ORIENTED_EDGE('',*,*,#6884,.T.);
#3855=ORIENTED_EDGE('',*,*,#6885,.T.);
#3856=ORIENTED_EDGE('',*,*,#6640,.F.);
#3857=ORIENTED_EDGE('',*,*,#6886,.F.);
#3858=ORIENTED_EDGE('',*,*,#6678,.T.);
#3859=ORIENTED_EDGE('',*,*,#6887,.T.);
#3860=ORIENTED_EDGE('',*,*,#6888,.F.);
#3861=ORIENTED_EDGE('',*,*,#6889,.T.);
#3862=ORIENTED_EDGE('',*,*,#6890,.T.);
#3863=ORIENTED_EDGE('',*,*,#6891,.T.);
#3864=ORIENTED_EDGE('',*,*,#6800,.F.);
#3865=ORIENTED_EDGE('',*,*,#6845,.F.);
#3866=CARTESIAN_POINT('',(65.500000572509,17.9,17.390000000005));
#3867=DIRECTION('',(1.0,-1.22464658788737E-16,4.80602437888541E-32));
#3868=DIRECTION('',(-1.22464658788737E-16,-1.0,-2.77555756156289E-17));
#3869=SURFACE_STYLE_FILL_AREA(#6892);
#3870=ORIENTED_EDGE('',*,*,#6893,.F.);
#3871=ORIENTED_EDGE('',*,*,#6894,.T.);
#3872=ORIENTED_EDGE('',*,*,#6895,.T.);
#3873=ORIENTED_EDGE('',*,*,#6896,.F.);
#3874=CARTESIAN_POINT('',(65.800000572502,13.4445515962155,5.19999979850499));
#3875=DIRECTION('',(0.0,1.0,2.77555756156289E-17));
#3876=DIRECTION('',(1.0,-1.7727211353281E-31,6.38690099559634E-15));
#3877=SURFACE_STYLE_FILL_AREA(#6897);
#3878=ORIENTED_EDGE('',*,*,#6898,.T.);
#3879=ORIENTED_EDGE('',*,*,#6899,.T.);
#3880=ORIENTED_EDGE('',*,*,#6900,.F.);
#3881=ORIENTED_EDGE('',*,*,#6901,.T.);
#3882=CARTESIAN_POINT('',(11.100000572502,14.7,5.65000000000001));
#3883=DIRECTION('',(0.0,-1.0,-2.77555756156289E-17));
#3884=DIRECTION('',(0.0,-2.77555756156289E-17,1.0));
#3885=SURFACE_STYLE_FILL_AREA(#6902);
#3886=ORIENTED_EDGE('',*,*,#6903,.T.);
#3887=ORIENTED_EDGE('',*,*,#6904,.T.);
#3888=ORIENTED_EDGE('',*,*,#6905,.T.);
#3889=ORIENTED_EDGE('',*,*,#6906,.T.);
#3890=ORIENTED_EDGE('',*,*,#6907,.T.);
#3891=ORIENTED_EDGE('',*,*,#6908,.F.);
#3892=CARTESIAN_POINT('',(67.773782166626,5.20000000000001,8.77506992391801));
#3893=DIRECTION('',(0.0,1.0,2.77555756156289E-17));
#3894=DIRECTION('',(0.0,-2.77555756156289E-17,1.0));
#3895=SURFACE_STYLE_FILL_AREA(#6909);
#3896=ORIENTED_EDGE('',*,*,#6636,.T.);
#3897=ORIENTED_EDGE('',*,*,#6910,.F.);
#3898=ORIENTED_EDGE('',*,*,#6911,.F.);
#3899=ORIENTED_EDGE('',*,*,#6912,.T.);
#3900=CARTESIAN_POINT('',(69.973205653259,12.0579490558371,35.199999798506));
#3901=DIRECTION('',(0.866025403784439,0.5,-3.91509741284308E-17));
#3902=DIRECTION('',(-5.33729362479519E-33,7.83019482568617E-17,1.0));
#3903=SURFACE_STYLE_FILL_AREA(#6913);
#3904=ORIENTED_EDGE('',*,*,#6914,.T.);
#3905=ORIENTED_EDGE('',*,*,#6915,.T.);
#3906=ORIENTED_EDGE('',*,*,#6916,.F.);
#3907=ORIENTED_EDGE('',*,*,#6917,.T.);
#3908=CARTESIAN_POINT('',(68.200000572502,6.3,3.0));
#3909=DIRECTION('',(1.0,0.0,0.0));
#3910=DIRECTION('',(0.0,-2.77555756156289E-17,1.0));
#3911=SURFACE_STYLE_FILL_AREA(#6918);
#3912=ORIENTED_EDGE('',*,*,#6919,.F.);
#3913=ORIENTED_EDGE('',*,*,#6744,.F.);
#3914=ORIENTED_EDGE('',*,*,#6920,.T.);
#3915=ORIENTED_EDGE('',*,*,#6921,.F.);
#3916=CARTESIAN_POINT('',(64.900000572502,14.7,5.65000000000001));
#3917=DIRECTION('',(0.0,-1.0,-2.77555756156289E-17));
#3918=DIRECTION('',(0.0,-2.77555756156289E-17,1.0));
#3919=SURFACE_STYLE_FILL_AREA(#6922);
#3920=ORIENTED_EDGE('',*,*,#6923,.F.);
#3921=ORIENTED_EDGE('',*,*,#6924,.T.);
#3922=ORIENTED_EDGE('',*,*,#6621,.F.);
#3923=ORIENTED_EDGE('',*,*,#6925,.F.);
#3924=CARTESIAN_POINT('',(43.800000572502,12.0579490558371,22.973204879262));
#3925=DIRECTION('',(0.0,-0.5,-0.866025403784439));
#3926=DIRECTION('',(0.0,0.866025403784439,-0.5));
#3927=SURFACE_STYLE_FILL_AREA(#6926);
#3928=ORIENTED_EDGE('',*,*,#6927,.F.);
#3929=ORIENTED_EDGE('',*,*,#6928,.T.);
#3930=ORIENTED_EDGE('',*,*,#6728,.T.);
#3931=ORIENTED_EDGE('',*,*,#6929,.T.);
#3932=CARTESIAN_POINT('',(76.398883572502,3.8,6.30000040298901));
#3933=DIRECTION('',(0.0,-2.77555756156289E-17,1.0));
#3934=DIRECTION('',(1.0,0.0,0.0));
#3935=SURFACE_STYLE_FILL_AREA(#6930);
#3936=ORIENTED_EDGE('',*,*,#6931,.T.);
#3937=ORIENTED_EDGE('',*,*,#6688,.T.);
#3938=ORIENTED_EDGE('',*,*,#6727,.T.);
#3939=ORIENTED_EDGE('',*,*,#6932,.F.);
#3940=CARTESIAN_POINT('',(74.400000572502,3.8,3.20000080597799));
#3941=DIRECTION('',(-1.0,-0.0,0.0));
#3942=DIRECTION('',(0.0,-1.0,-2.77555756156289E-17));
#3943=SURFACE_STYLE_FILL_AREA(#6933);
#3944=ORIENTED_EDGE('',*,*,#6934,.T.);
#3945=ORIENTED_EDGE('',*,*,#6895,.F.);
#3946=ORIENTED_EDGE('',*,*,#6833,.F.);
#3947=ORIENTED_EDGE('',*,*,#6935,.T.);
#3948=CARTESIAN_POINT('',(17.150000572502,13.4445515962156,1.249999798506));
#3949=DIRECTION('',(1.0,0.0,0.0));
#3950=DIRECTION('',(0.0,2.77555756156289E-17,-1.0));
#3951=SURFACE_STYLE_FILL_AREA(#6936);
#3952=ORIENTED_EDGE('',*,*,#6793,.T.);
#3953=ORIENTED_EDGE('',*,*,#6937,.T.);
#3954=ORIENTED_EDGE('',*,*,#6938,.T.);
#3955=ORIENTED_EDGE('',*,*,#6655,.F.);
#3956=CARTESIAN_POINT('',(74.400000572502,3.8,24.0));
#3957=DIRECTION('',(-1.0,-0.0,0.0));
#3958=DIRECTION('',(0.0,-1.0,-2.77555756156289E-17));
#3959=SURFACE_STYLE_FILL_AREA(#6939);
#3960=ORIENTED_EDGE('',*,*,#6940,.F.);
#3961=ORIENTED_EDGE('',*,*,#6941,.T.);
#3962=ORIENTED_EDGE('',*,*,#6585,.F.);
#3963=CARTESIAN_POINT('',(49.856461563478,0.999999999999998,12.977675896375));
#3964=DIRECTION('',(-0.0,-1.0,-2.77555756156289E-17));
#3965=DIRECTION('',(-1.0,0.0,0.0));
#3966=SURFACE_STYLE_FILL_AREA(#6942);
#3967=ORIENTED_EDGE('',*,*,#6943,.F.);
#3968=ORIENTED_EDGE('',*,*,#6944,.T.);
#3969=ORIENTED_EDGE('',*,*,#6920,.F.);
#3970=ORIENTED_EDGE('',*,*,#6743,.F.);
#3971=ORIENTED_EDGE('',*,*,#6945,.F.);
#3972=ORIENTED_EDGE('',*,*,#6946,.T.);
#3973=CARTESIAN_POINT('',(67.773782166626,5.20000000000001,8.77506992391801));
#3974=DIRECTION('',(0.0,1.0,2.77555756156289E-17));
#3975=DIRECTION('',(0.0,-2.77555756156289E-17,1.0));
#3976=SURFACE_STYLE_FILL_AREA(#6947);
#3977=ORIENTED_EDGE('',*,*,#6948,.F.);
#3978=ORIENTED_EDGE('',*,*,#6949,.F.);
#3979=ORIENTED_EDGE('',*,*,#6950,.F.);
#3980=ORIENTED_EDGE('',*,*,#6951,.T.);
#3981=CARTESIAN_POINT('',(37.611427630377,3.29060899999998,0.0));
#3982=DIRECTION('',(-0.984807753012208,0.17364817766693,4.81970512575064E-18));
#3983=DIRECTION('',(0.0,2.77555756156289E-17,-1.0));
#3984=SURFACE_STYLE_FILL_AREA(#6952);
#3985=ORIENTED_EDGE('',*,*,#6953,.F.);
#3986=ORIENTED_EDGE('',*,*,#6954,.T.);
#3987=ORIENTED_EDGE('',*,*,#6660,.T.);
#3988=ORIENTED_EDGE('',*,*,#6955,.F.);
#3989=CARTESIAN_POINT('',(65.797370780578,4.70000000000002,12.935816376421));
#3990=DIRECTION('',(-0.645324072708576,2.40559892447954E-16,-0.763908922046873));
#3991=DIRECTION('',(0.763908922046873,1.79113410966485E-17,-0.645324072708576));
#3992=SURFACE_STYLE_FILL_AREA(#6956);
#3993=ORIENTED_EDGE('',*,*,#6957,.F.);
#3994=ORIENTED_EDGE('',*,*,#6958,.T.);
#3995=ORIENTED_EDGE('',*,*,#6857,.T.);
#3996=ORIENTED_EDGE('',*,*,#6559,.F.);
#3997=CARTESIAN_POINT('',(65.800000572502,11.7336849871252,5.19999979850499));
#3998=DIRECTION('',(-3.32309494037499E-49,1.0,2.77555756156289E-17));
#3999=DIRECTION('',(1.0,1.69953884180861E-33,-6.12323399573677E-17));
#4000=SURFACE_STYLE_FILL_AREA(#6959);
#4001=ORIENTED_EDGE('',*,*,#6960,.T.);
#4002=ORIENTED_EDGE('',*,*,#6961,.T.);
#4003=ORIENTED_EDGE('',*,*,#6962,.F.);
#4004=ORIENTED_EDGE('',*,*,#6963,.F.);
#4005=CARTESIAN_POINT('',(9.00000057250199,16.7,3.999999798506));
#4006=DIRECTION('',(-1.0,-0.0,0.0));
#4007=DIRECTION('',(0.0,-1.0,-2.77555756156289E-17));
#4008=SURFACE_STYLE_FILL_AREA(#6964);
#4009=ORIENTED_EDGE('',*,*,#6965,.T.);
#4010=ORIENTED_EDGE('',*,*,#6966,.T.);
#4011=ORIENTED_EDGE('',*,*,#6967,.T.);
#4012=ORIENTED_EDGE('',*,*,#6968,.T.);
#4013=CARTESIAN_POINT('',(67.760000572502,6.26057700000002,2.09999999999999));
#4014=DIRECTION('',(0.0,-2.77555756156289E-17,1.0));
#4015=DIRECTION('',(1.0,0.0,0.0));
#4016=SURFACE_STYLE_FILL_AREA(#6969);
#4017=ORIENTED_EDGE('',*,*,#6970,.T.);
#4018=ORIENTED_EDGE('',*,*,#6971,.T.);
#4019=ORIENTED_EDGE('',*,*,#6972,.T.);
#4020=ORIENTED_EDGE('',*,*,#6973,.F.);
#4021=CARTESIAN_POINT('',(8.75999999999999,0.999999999999999,19.299999395516));
#4022=DIRECTION('',(1.0,1.69953884180861E-33,-6.12323399573677E-17));
#4023=DIRECTION('',(6.12323399573677E-17,-2.77555756156289E-17,1.0));
#4024=SURFACE_STYLE_FILL_AREA(#6974);
#4025=ORIENTED_EDGE('',*,*,#6975,.T.);
#4026=ORIENTED_EDGE('',*,*,#6976,.F.);
#4027=ORIENTED_EDGE('',*,*,#6872,.F.);
#4028=ORIENTED_EDGE('',*,*,#6977,.T.);
#4029=CARTESIAN_POINT('',(65.800000572502,11.7336849871252,18.799999798505));
#4030=DIRECTION('',(3.32309494037499E-49,1.0,2.77555756156289E-17));
#4031=DIRECTION('',(1.0,-1.69953884180861E-33,6.12323399573677E-17));
#4032=SURFACE_STYLE_FILL_AREA(#6978);
#4033=ORIENTED_EDGE('',*,*,#6979,.F.);
#4034=ORIENTED_EDGE('',*,*,#6980,.T.);
#4035=ORIENTED_EDGE('',*,*,#6674,.T.);
#4036=ORIENTED_EDGE('',*,*,#6981,.T.);
#4037=CARTESIAN_POINT('',(71.856461563478,0.999999999999998,12.977675896375));
#4038=DIRECTION('',(-0.0,-1.0,-2.77555756156289E-17));
#4039=DIRECTION('',(-1.0,0.0,0.0));
#4040=SURFACE_STYLE_FILL_AREA(#6982);
#4041=ORIENTED_EDGE('',*,*,#6819,.T.);
#4042=ORIENTED_EDGE('',*,*,#6870,.T.);
#4043=ORIENTED_EDGE('',*,*,#6983,.F.);
#4044=ORIENTED_EDGE('',*,*,#6984,.F.);
#4045=CARTESIAN_POINT('',(71.300000572502,0.999999999999999,20.799999395516));
#4046=DIRECTION('',(2.67276471009213E-49,1.0,2.77555756156289E-17));
#4047=DIRECTION('',(1.0,1.69953884180861E-33,-6.12323399573677E-17));
#4048=SURFACE_STYLE_FILL_AREA(#6985);
#4049=ORIENTED_EDGE('',*,*,#6986,.F.);
#4050=ORIENTED_EDGE('',*,*,#6987,.F.);
#4051=ORIENTED_EDGE('',*,*,#6988,.T.);
#4052=ORIENTED_EDGE('',*,*,#6989,.F.);
#4053=CARTESIAN_POINT('',(46.890000572502,3.5,19.05));
#4054=DIRECTION('',(0.0,2.77555756156289E-17,-1.0));
#4055=DIRECTION('',(0.0,1.0,2.77555756156289E-17));
#4056=SURFACE_STYLE_FILL_AREA(#6990);
#4057=ORIENTED_EDGE('',*,*,#6991,.F.);
#4058=ORIENTED_EDGE('',*,*,#6992,.T.);
#4059=ORIENTED_EDGE('',*,*,#6993,.T.);
#4060=ORIENTED_EDGE('',*,*,#6613,.F.);
#4061=CARTESIAN_POINT('',(6.24142192873899,11.7336849871252,-12.200000201495));
#4062=DIRECTION('',(-0.707106781186547,-0.707106781186548,2.36716470782275E-17));
#4063=DIRECTION('',(-0.707106781186548,0.707106781186547,1.96261557335472E-17));
#4064=SURFACE_STYLE_FILL_AREA(#6994);
#4065=ORIENTED_EDGE('',*,*,#6995,.T.);
#4066=ORIENTED_EDGE('',*,*,#6996,.F.);
#4067=ORIENTED_EDGE('',*,*,#6981,.F.);
#4068=ORIENTED_EDGE('',*,*,#6673,.T.);
#4069=ORIENTED_EDGE('',*,*,#6997,.F.);
#4070=ORIENTED_EDGE('',*,*,#6937,.F.);
#4071=ORIENTED_EDGE('',*,*,#6796,.F.);
#4072=ORIENTED_EDGE('',*,*,#6998,.T.);
#4073=ORIENTED_EDGE('',*,*,#6999,.T.);
#4074=ORIENTED_EDGE('',*,*,#7000,.F.);
#4075=ORIENTED_EDGE('',*,*,#7001,.F.);
#4076=ORIENTED_EDGE('',*,*,#7002,.F.);
#4077=ORIENTED_EDGE('',*,*,#7003,.F.);
#4078=ORIENTED_EDGE('',*,*,#6601,.T.);
#4079=ORIENTED_EDGE('',*,*,#7004,.T.);
#4080=ORIENTED_EDGE('',*,*,#7005,.T.);
#4081=CARTESIAN_POINT('',(99.921263897787,2.7878899884036,24.0));
#4082=DIRECTION('',(0.0,-2.77555756156289E-17,1.0));
#4083=DIRECTION('',(1.0,0.0,0.0));
#4084=SURFACE_STYLE_FILL_AREA(#7006);
#4085=ORIENTED_EDGE('',*,*,#6910,.T.);
#4086=ORIENTED_EDGE('',*,*,#6747,.T.);
#4087=ORIENTED_EDGE('',*,*,#6834,.F.);
#4088=ORIENTED_EDGE('',*,*,#6894,.F.);
#4089=CARTESIAN_POINT('',(65.800000572502,13.1945515962155,5.19999979850499));
#4090=DIRECTION('',(-0.0,-1.0,-2.77555756156289E-17));
#4091=DIRECTION('',(-1.0,-1.69953884180861E-33,6.12323399573677E-17));
#4092=SURFACE_STYLE_FILL_AREA(#7007);
#4093=ORIENTED_EDGE('',*,*,#7008,.T.);
#4094=ORIENTED_EDGE('',*,*,#7009,.T.);
#4095=ORIENTED_EDGE('',*,*,#6966,.F.);
#4096=ORIENTED_EDGE('',*,*,#7010,.F.);
#4097=CARTESIAN_POINT('',(64.400000572502,6.87649100000002,6.59999999999999));
#4098=DIRECTION('',(0.0,1.0,2.77555756156289E-17));
#4099=DIRECTION('',(-1.0,0.0,0.0));
#4100=SURFACE_STYLE_FILL_AREA(#7011);
#4101=ORIENTED_EDGE('',*,*,#6928,.F.);
#4102=ORIENTED_EDGE('',*,*,#7012,.F.);
#4103=ORIENTED_EDGE('',*,*,#7013,.F.);
#4104=ORIENTED_EDGE('',*,*,#7014,.F.);
#4105=ORIENTED_EDGE('',*,*,#6672,.F.);
#4106=ORIENTED_EDGE('',*,*,#7015,.F.);
#4107=ORIENTED_EDGE('',*,*,#6813,.F.);
#4108=ORIENTED_EDGE('',*,*,#6729,.F.);
#4109=CARTESIAN_POINT('',(75.000000572502,5.3,14.9));
#4110=DIRECTION('',(-0.707106781186548,-0.707106781186548,-1.96261557335472E-17));
#4111=DIRECTION('',(-0.707106781186548,0.707106781186548,1.96261557335472E-17));
#4112=SURFACE_STYLE_FILL_AREA(#7016);
#4113=ORIENTED_EDGE('',*,*,#6701,.T.);
#4114=ORIENTED_EDGE('',*,*,#7017,.T.);
#4115=ORIENTED_EDGE('',*,*,#6890,.F.);
#4116=ORIENTED_EDGE('',*,*,#7018,.F.);
#4117=CARTESIAN_POINT('',(65.672500572508,4.70000000000002,7.78799999999501));
#4118=DIRECTION('',(-1.22464658788737E-16,-1.0,1.55941412567477E-16));
#4119=DIRECTION('',(6.12323293943687E-17,1.55941412567477E-16,1.0));
#4120=SURFACE_STYLE_FILL_AREA(#7019);
#4121=ORIENTED_EDGE('',*,*,#6825,.F.);
#4122=ORIENTED_EDGE('',*,*,#7020,.F.);
#4123=ORIENTED_EDGE('',*,*,#7021,.T.);
#4124=ORIENTED_EDGE('',*,*,#7022,.T.);
#4125=CARTESIAN_POINT('',(10.300000572502,14.060577,21.249999798505));
#4126=DIRECTION('',(0.0,1.0,2.77555756156289E-17));
#4127=DIRECTION('',(0.0,-2.77555756156289E-17,1.0));
#4128=SURFACE_STYLE_FILL_AREA(#7023);
#4129=ORIENTED_EDGE('',*,*,#7024,.T.);
#4130=ORIENTED_EDGE('',*,*,#6555,.T.);
#4131=ORIENTED_EDGE('',*,*,#7025,.T.);
#4132=ORIENTED_EDGE('',*,*,#7026,.F.);
#4133=CARTESIAN_POINT('',(68.500000572502,11.560577,1.19999979850499));
#4134=DIRECTION('',(0.0,2.77555756156289E-17,-1.0));
#4135=DIRECTION('',(0.0,1.0,2.77555756156289E-17));
#4136=SURFACE_STYLE_FILL_AREA(#7027);
#4137=ORIENTED_EDGE('',*,*,#6696,.T.);
#4138=ORIENTED_EDGE('',*,*,#7028,.T.);
#4139=ORIENTED_EDGE('',*,*,#7029,.T.);
#4140=ORIENTED_EDGE('',*,*,#7030,.F.);
#4141=CARTESIAN_POINT('',(10.327500572496,4.70000000000001,11.211999999995));
#4142=DIRECTION('',(1.22464658788737E-16,-1.0,1.55941412567477E-16));
#4143=DIRECTION('',(-6.12323293943687E-17,1.55941412567477E-16,1.0));
#4144=SURFACE_STYLE_FILL_AREA(#7031);
#4145=ORIENTED_EDGE('',*,*,#7032,.F.);
#4146=ORIENTED_EDGE('',*,*,#7033,.F.);
#4147=ORIENTED_EDGE('',*,*,#7034,.F.);
#4148=ORIENTED_EDGE('',*,*,#7035,.F.);
#4149=ORIENTED_EDGE('',*,*,#7036,.F.);
#4150=ORIENTED_EDGE('',*,*,#7037,.T.);
#4151=ORIENTED_EDGE('',*,*,#7038,.F.);
#4152=ORIENTED_EDGE('',*,*,#7039,.F.);
#4153=CARTESIAN_POINT('',(8.76086934029999,14.7,17.342561009504));
#4154=DIRECTION('',(0.0,1.0,2.77555756156289E-17));
#4155=DIRECTION('',(0.0,-2.77555756156289E-17,1.0));
#4156=SURFACE_STYLE_FILL_AREA(#7040);
#4157=ORIENTED_EDGE('',*,*,#7041,.F.);
#4158=ORIENTED_EDGE('',*,*,#7042,.F.);
#4159=ORIENTED_EDGE('',*,*,#7043,.T.);
#4160=ORIENTED_EDGE('',*,*,#7044,.F.);
#4161=CARTESIAN_POINT('',(66.400000572508,17.9,7.750000000005));
#4162=DIRECTION('',(-1.0,-1.08978734233739E-32,1.22464658788737E-16));
#4163=DIRECTION('',(7.49879632612091E-33,-1.0,-2.77555756156289E-17));
#4164=SURFACE_STYLE_FILL_AREA(#7045);
#4165=ORIENTED_EDGE('',*,*,#7046,.F.);
#4166=ORIENTED_EDGE('',*,*,#7047,.F.);
#4167=ORIENTED_EDGE('',*,*,#6814,.T.);
#4168=ORIENTED_EDGE('',*,*,#7015,.T.);
#4169=ORIENTED_EDGE('',*,*,#6671,.F.);
#4170=ORIENTED_EDGE('',*,*,#6877,.T.);
#4171=ORIENTED_EDGE('',*,*,#7048,.T.);
#4172=ORIENTED_EDGE('',*,*,#7049,.F.);
#4173=CARTESIAN_POINT('',(76.000000572502,4.3,6.30000040298901));
#4174=DIRECTION('',(1.0,0.0,0.0));
#4175=DIRECTION('',(0.0,-2.77555756156289E-17,1.0));
#4176=SURFACE_STYLE_FILL_AREA(#7050);
#4177=ORIENTED_EDGE('',*,*,#7051,.F.);
#4178=ORIENTED_EDGE('',*,*,#7052,.T.);
#4179=ORIENTED_EDGE('',*,*,#6904,.F.);
#4180=ORIENTED_EDGE('',*,*,#7053,.T.);
#4181=ORIENTED_EDGE('',*,*,#6841,.F.);
#4182=ORIENTED_EDGE('',*,*,#7054,.F.);
#4183=ORIENTED_EDGE('',*,*,#7055,.T.);
#4184=ORIENTED_EDGE('',*,*,#7056,.F.);
#4185=ORIENTED_EDGE('',*,*,#7057,.T.);
#4186=ORIENTED_EDGE('',*,*,#6986,.T.);
#4187=ORIENTED_EDGE('',*,*,#6989,.T.);
#4188=ORIENTED_EDGE('',*,*,#6988,.F.);
#4189=ORIENTED_EDGE('',*,*,#7058,.F.);
#4190=ORIENTED_EDGE('',*,*,#7059,.F.);
#4191=ORIENTED_EDGE('',*,*,#7060,.T.);
#4192=ORIENTED_EDGE('',*,*,#7061,.T.);
#4193=ORIENTED_EDGE('',*,*,#7062,.F.);
#4194=ORIENTED_EDGE('',*,*,#7063,.F.);
#4195=ORIENTED_EDGE('',*,*,#7064,.T.);
#4196=ORIENTED_EDGE('',*,*,#7065,.F.);
#4197=ORIENTED_EDGE('',*,*,#7066,.F.);
#4198=ORIENTED_EDGE('',*,*,#7067,.F.);
#4199=ORIENTED_EDGE('',*,*,#7068,.F.);
#4200=ORIENTED_EDGE('',*,*,#7069,.F.);
#4201=CARTESIAN_POINT('',(24.890000572502,3.5,19.05));
#4202=DIRECTION('',(0.0,2.77555756156289E-17,-1.0));
#4203=DIRECTION('',(0.0,1.0,2.77555756156289E-17));
#4204=SURFACE_STYLE_FILL_AREA(#7070);
#4205=ORIENTED_EDGE('',*,*,#6691,.T.);
#4206=ORIENTED_EDGE('',*,*,#7071,.F.);
#4207=ORIENTED_EDGE('',*,*,#6888,.T.);
#4208=ORIENTED_EDGE('',*,*,#7072,.T.);
#4209=CARTESIAN_POINT('',(65.672500572508,4.70000000000002,11.211999999995));
#4210=DIRECTION('',(-1.22464658788737E-16,-1.0,1.55941412567477E-16));
#4211=DIRECTION('',(6.12323293943687E-17,1.55941412567477E-16,1.0));
#4212=SURFACE_STYLE_FILL_AREA(#7073);
#4213=ORIENTED_EDGE('',*,*,#6686,.T.);
#4214=ORIENTED_EDGE('',*,*,#7074,.T.);
#4215=ORIENTED_EDGE('',*,*,#6914,.F.);
#4216=ORIENTED_EDGE('',*,*,#7075,.F.);
#4217=ORIENTED_EDGE('',*,*,#6929,.F.);
#4218=CARTESIAN_POINT('',(71.300000572502,3.8,3.20000080597799));
#4219=DIRECTION('',(0.0,1.0,2.77555756156289E-17));
#4220=DIRECTION('',(0.0,2.77555756156289E-17,-1.0));
#4221=SURFACE_STYLE_FILL_AREA(#7076);
#4222=ORIENTED_EDGE('',*,*,#7077,.T.);
#4223=ORIENTED_EDGE('',*,*,#7078,.F.);
#4224=ORIENTED_EDGE('',*,*,#7079,.F.);
#4225=ORIENTED_EDGE('',*,*,#7080,.F.);
#4226=CARTESIAN_POINT('',(58.700000572502,0.499999999999995,4.95000000000002));
#4227=DIRECTION('',(0.0,-2.77555756156289E-17,1.0));
#4228=DIRECTION('',(1.0,0.0,0.0));
#4229=SURFACE_STYLE_FILL_AREA(#7081);
#4230=ORIENTED_EDGE('',*,*,#6874,.T.);
#4231=ORIENTED_EDGE('',*,*,#7082,.T.);
#4232=ORIENTED_EDGE('',*,*,#7083,.T.);
#4233=ORIENTED_EDGE('',*,*,#6751,.T.);
#4234=CARTESIAN_POINT('',(65.800000572502,11.5764203154439,18.799999798505));
#4235=DIRECTION('',(0.0,1.0,2.77555756156289E-17));
#4236=DIRECTION('',(-1.0,1.69953884180861E-33,-6.12323399573677E-17));
#4237=SURFACE_STYLE_FILL_AREA(#7084);
#4238=ORIENTED_EDGE('',*,*,#7085,.F.);
#4239=ORIENTED_EDGE('',*,*,#7086,.F.);
#4240=ORIENTED_EDGE('',*,*,#7087,.T.);
#4241=ORIENTED_EDGE('',*,*,#7088,.T.);
#4242=CARTESIAN_POINT('',(64.400000572502,6.87649100000002,17.4));
#4243=DIRECTION('',(0.0,1.0,2.77555756156289E-17));
#4244=DIRECTION('',(-1.0,0.0,0.0));
#4245=SURFACE_STYLE_FILL_AREA(#7089);
#4246=ORIENTED_EDGE('',*,*,#7090,.F.);
#4247=ORIENTED_EDGE('',*,*,#6765,.F.);
#4248=ORIENTED_EDGE('',*,*,#7091,.F.);
#4249=ORIENTED_EDGE('',*,*,#7092,.T.);
#4250=CARTESIAN_POINT('',(9.00000057250199,0.999999999999995,20.244198));
#4251=DIRECTION('',(-1.0,-0.0,0.0));
#4252=DIRECTION('',(0.0,-1.0,-2.77555756156289E-17));
#4253=SURFACE_STYLE_FILL_AREA(#7093);
#4254=ORIENTED_EDGE('',*,*,#7094,.F.);
#4255=ORIENTED_EDGE('',*,*,#7095,.F.);
#4256=ORIENTED_EDGE('',*,*,#7096,.T.);
#4257=ORIENTED_EDGE('',*,*,#7097,.T.);
#4258=CARTESIAN_POINT('',(11.037634857654,1.00000000000001,-278.70412615186));
#4259=DIRECTION('',(-0.0,-1.0,-2.77555756156289E-17));
#4260=DIRECTION('',(-1.0,0.0,0.0));
#4261=SURFACE_STYLE_FILL_AREA(#7098);
#4262=ORIENTED_EDGE('',*,*,#7099,.T.);
#4263=ORIENTED_EDGE('',*,*,#6925,.T.);
#4264=ORIENTED_EDGE('',*,*,#6549,.F.);
#4265=ORIENTED_EDGE('',*,*,#6912,.F.);
#4266=CARTESIAN_POINT('',(65.800000572502,13.1945515962156,18.799999798505));
#4267=DIRECTION('',(-0.0,-1.0,-2.77555756156289E-17));
#4268=DIRECTION('',(-1.0,1.69953884180861E-33,-6.12323399573677E-17));
#4269=SURFACE_STYLE_FILL_AREA(#7100);
#4270=ORIENTED_EDGE('',*,*,#7101,.F.);
#4271=ORIENTED_EDGE('',*,*,#6977,.F.);
#4272=ORIENTED_EDGE('',*,*,#6785,.T.);
#4273=ORIENTED_EDGE('',*,*,#6957,.T.);
#4274=CARTESIAN_POINT('',(69.858579216264,11.7336849871252,-12.200000201495));
#4275=DIRECTION('',(-0.707106781186547,0.707106781186548,-2.36716470782275E-17));
#4276=DIRECTION('',(6.12323399573678E-17,2.77555756156289E-17,-1.0));
#4277=SURFACE_STYLE_FILL_AREA(#7102);
#4278=ORIENTED_EDGE('',*,*,#7053,.F.);
#4279=ORIENTED_EDGE('',*,*,#6903,.F.);
#4280=ORIENTED_EDGE('',*,*,#7103,.T.);
#4281=ORIENTED_EDGE('',*,*,#6842,.T.);
#4282=CARTESIAN_POINT('',(64.900000572502,6.915914,18.05));
#4283=DIRECTION('',(-0.0,1.0,2.77555756156289E-17));
#4284=DIRECTION('',(1.0,0.0,0.0));
#4285=SURFACE_STYLE_FILL_AREA(#7104);
#4286=ORIENTED_EDGE('',*,*,#7105,.T.);
#4287=ORIENTED_EDGE('',*,*,#7013,.T.);
#4288=ORIENTED_EDGE('',*,*,#7106,.F.);
#4289=ORIENTED_EDGE('',*,*,#7107,.F.);
#4290=CARTESIAN_POINT('',(71.300000572502,3.8,17.7));
#4291=DIRECTION('',(0.0,2.77555756156289E-17,-1.0));
#4292=DIRECTION('',(0.0,1.0,2.77555756156289E-17));
#4293=SURFACE_STYLE_FILL_AREA(#7108);
#4294=ORIENTED_EDGE('',*,*,#7109,.T.);
#4295=ORIENTED_EDGE('',*,*,#7110,.F.);
#4296=ORIENTED_EDGE('',*,*,#7111,.F.);
#4297=ORIENTED_EDGE('',*,*,#7112,.T.);
#4298=CARTESIAN_POINT('',(71.300000572502,0.999999999999999,3.19999939551701));
#4299=DIRECTION('',(2.18952885050753E-49,1.0,2.77555756156289E-17));
#4300=DIRECTION('',(1.0,1.69953884180861E-33,-6.12323399573677E-17));
#4301=SURFACE_STYLE_FILL_AREA(#7113);
#4302=ORIENTED_EDGE('',*,*,#7114,.F.);
#4303=ORIENTED_EDGE('',*,*,#6768,.T.);
#4304=ORIENTED_EDGE('',*,*,#7115,.T.);
#4305=ORIENTED_EDGE('',*,*,#7116,.F.);
#4306=CARTESIAN_POINT('',(16.802963572502,0.999999999999998,20.2));
#4307=DIRECTION('',(0.0,-2.77555756156289E-17,1.0));
#4308=DIRECTION('',(1.0,0.0,0.0));
#4309=SURFACE_STYLE_FILL_AREA(#7117);
#4310=ORIENTED_EDGE('',*,*,#7037,.F.);
#4311=ORIENTED_EDGE('',*,*,#7118,.F.);
#4312=ORIENTED_EDGE('',*,*,#7119,.T.);
#4313=ORIENTED_EDGE('',*,*,#6884,.F.);
#4314=ORIENTED_EDGE('',*,*,#6844,.T.);
#4315=ORIENTED_EDGE('',*,*,#7120,.T.);
#4316=CARTESIAN_POINT('',(66.500000572509,17.239423,17.0));
#4317=DIRECTION('',(0.0,-2.77555756156289E-17,1.0));
#4318=DIRECTION('',(1.0,0.0,0.0));
#4319=SURFACE_STYLE_FILL_AREA(#7121);
#4320=ORIENTED_EDGE('',*,*,#6681,.T.);
#4321=ORIENTED_EDGE('',*,*,#7122,.F.);
#4322=ORIENTED_EDGE('',*,*,#7123,.F.);
#4323=ORIENTED_EDGE('',*,*,#7124,.T.);
#4324=CARTESIAN_POINT('',(66.206500572508,4.70000000000002,7.843499999995));
#4325=DIRECTION('',(-1.22464658788737E-16,-1.0,1.55941412567477E-16));
#4326=DIRECTION('',(6.12323293943687E-17,1.55941412567477E-16,1.0));
#4327=SURFACE_STYLE_FILL_AREA(#7125);
#4328=ORIENTED_EDGE('',*,*,#7126,.F.);
#4329=ORIENTED_EDGE('',*,*,#7127,.F.);
#4330=ORIENTED_EDGE('',*,*,#7128,.F.);
#4331=ORIENTED_EDGE('',*,*,#7129,.F.);
#4332=CARTESIAN_POINT('',(10.300000572502,11.5764203154439,18.799999798505));
#4333=DIRECTION('',(0.0,1.0,2.77555756156289E-17));
#4334=DIRECTION('',(1.0,1.69953884180861E-33,-6.12323399573677E-17));
#4335=SURFACE_STYLE_FILL_AREA(#7130);
#4336=ORIENTED_EDGE('',*,*,#7131,.F.);
#4337=ORIENTED_EDGE('',*,*,#7132,.T.);
#4338=ORIENTED_EDGE('',*,*,#7133,.T.);
#4339=ORIENTED_EDGE('',*,*,#7134,.F.);
#4340=CARTESIAN_POINT('',(66.240000572502,0.999999999999999,4.69999939551602));
#4341=DIRECTION('',(0.0,1.0,2.77555756156289E-17));
#4342=DIRECTION('',(1.0,1.69953884180861E-33,-6.12323399573677E-17));
#4343=SURFACE_STYLE_FILL_AREA(#7135);
#4344=ORIENTED_EDGE('',*,*,#6797,.F.);
#4345=ORIENTED_EDGE('',*,*,#7136,.T.);
#4346=ORIENTED_EDGE('',*,*,#7094,.T.);
#4347=ORIENTED_EDGE('',*,*,#7137,.F.);
#4348=CARTESIAN_POINT('',(71.300000572502,18.8633677,20.799999597011));
#4349=DIRECTION('',(0.0,1.0,2.77555756156289E-17));
#4350=DIRECTION('',(0.0,-2.77555756156289E-17,1.0));
#4351=SURFACE_STYLE_FILL_AREA(#7138);
#4352=ORIENTED_EDGE('',*,*,#7139,.T.);
#4353=ORIENTED_EDGE('',*,*,#7140,.F.);
#4354=ORIENTED_EDGE('',*,*,#7141,.F.);
#4355=ORIENTED_EDGE('',*,*,#7142,.T.);
#4356=CARTESIAN_POINT('',(66.000000572502,7.415914,4.80000000000001));
#4357=DIRECTION('',(0.0,-1.0,-2.77555756156289E-17));
#4358=DIRECTION('',(1.0,0.0,0.0));
#4359=SURFACE_STYLE_FILL_AREA(#7143);
#4360=ORIENTED_EDGE('',*,*,#6759,.T.);
#4361=ORIENTED_EDGE('',*,*,#7144,.F.);
#4362=ORIENTED_EDGE('',*,*,#7099,.F.);
#4363=ORIENTED_EDGE('',*,*,#7145,.T.);
#4364=CARTESIAN_POINT('',(65.800000572502,13.4445515962156,18.799999798505));
#4365=DIRECTION('',(0.0,-1.0,-2.77555756156289E-17));
#4366=DIRECTION('',(1.0,1.7727211353281E-31,-6.38690099559634E-15));
#4367=SURFACE_STYLE_FILL_AREA(#7146);
#4368=ORIENTED_EDGE('',*,*,#7147,.T.);
#4369=ORIENTED_EDGE('',*,*,#7148,.F.);
#4370=ORIENTED_EDGE('',*,*,#7149,.T.);
#4371=ORIENTED_EDGE('',*,*,#7150,.F.);
#4372=CARTESIAN_POINT('',(40.850000572502,0.499999999999995,4.95000000000002));
#4373=DIRECTION('',(0.0,-2.77555756156289E-17,1.0));
#4374=DIRECTION('',(1.0,0.0,0.0));
#4375=SURFACE_STYLE_FILL_AREA(#7151);
#4376=ORIENTED_EDGE('',*,*,#7152,.F.);
#4377=ORIENTED_EDGE('',*,*,#7134,.T.);
#4378=ORIENTED_EDGE('',*,*,#7153,.T.);
#4379=ORIENTED_EDGE('',*,*,#6838,.F.);
#4380=CARTESIAN_POINT('',(67.240000572502,0.999999999999999,4.69999939551602));
#4381=DIRECTION('',(-1.0,-6.92389999052511E-32,2.49459787338236E-15));
#4382=DIRECTION('',(0.0,-1.0,-2.77555756156289E-17));
#4383=SURFACE_STYLE_FILL_AREA(#7154);
#4384=ORIENTED_EDGE('',*,*,#7155,.F.);
#4385=ORIENTED_EDGE('',*,*,#6905,.F.);
#4386=ORIENTED_EDGE('',*,*,#7052,.F.);
#4387=ORIENTED_EDGE('',*,*,#7156,.T.);
#4388=ORIENTED_EDGE('',*,*,#7157,.F.);
#4389=ORIENTED_EDGE('',*,*,#7158,.T.);
#4390=ORIENTED_EDGE('',*,*,#7033,.T.);
#4391=CARTESIAN_POINT('',(60.790571695255,16.6981723418767,5.5));
#4392=DIRECTION('',(-0.999847695156391,-0.0174524064372835,-4.84401586544711E-19));
#4393=DIRECTION('',(0.0174524064372835,-0.999847695156391,-2.77513483070255E-17));
#4394=SURFACE_STYLE_FILL_AREA(#7159);
#4395=ORIENTED_EDGE('',*,*,#6552,.T.);
#4396=ORIENTED_EDGE('',*,*,#7160,.T.);
#4397=ORIENTED_EDGE('',*,*,#6958,.F.);
#4398=ORIENTED_EDGE('',*,*,#6787,.F.);
#4399=CARTESIAN_POINT('',(65.800000572502,11.5922636308879,5.19999979850499));
#4400=DIRECTION('',(-3.9719344226893E-47,1.0,2.77555756156289E-17));
#4401=DIRECTION('',(1.0,-1.7928656936841E-31,6.45947941600086E-15));
#4402=SURFACE_STYLE_FILL_AREA(#7161);
#4403=ORIENTED_EDGE('',*,*,#6712,.T.);
#4404=ORIENTED_EDGE('',*,*,#7047,.T.);
#4405=ORIENTED_EDGE('',*,*,#7162,.T.);
#4406=CARTESIAN_POINT('',(28.678281167657,0.999999999999998,23.224500529024));
#4407=DIRECTION('',(0.0,1.0,2.77555756156289E-17));
#4408=DIRECTION('',(0.0,-2.77555756156289E-17,1.0));
#4409=SURFACE_STYLE_FILL_AREA(#7163);
#4410=ORIENTED_EDGE('',*,*,#7164,.F.);
#4411=ORIENTED_EDGE('',*,*,#6802,.F.);
#4412=ORIENTED_EDGE('',*,*,#6779,.F.);
#4413=ORIENTED_EDGE('',*,*,#7165,.T.);
#4414=ORIENTED_EDGE('',*,*,#7166,.F.);
#4415=ORIENTED_EDGE('',*,*,#7167,.T.);
#4416=ORIENTED_EDGE('',*,*,#6741,.F.);
#4417=ORIENTED_EDGE('',*,*,#6919,.T.);
#4418=CARTESIAN_POINT('',(8.76086934029999,14.7,6.65743899049599));
#4419=DIRECTION('',(-0.0,-1.0,-2.77555756156289E-17));
#4420=DIRECTION('',(-1.0,0.0,0.0));
#4421=SURFACE_STYLE_FILL_AREA(#7168);
#4422=ORIENTED_EDGE('',*,*,#7169,.T.);
#4423=ORIENTED_EDGE('',*,*,#7170,.T.);
#4424=ORIENTED_EDGE('',*,*,#7171,.F.);
#4425=ORIENTED_EDGE('',*,*,#7172,.F.);
#4426=CARTESIAN_POINT('',(14.500000572502,15.6500024,11.999999798506));
#4427=DIRECTION('',(0.0,1.0,2.77555756156289E-17));
#4428=DIRECTION('',(0.0,-2.77555756156289E-17,1.0));
#4429=SURFACE_STYLE_FILL_AREA(#7173);
#4430=ORIENTED_EDGE('',*,*,#7039,.T.);
#4431=ORIENTED_EDGE('',*,*,#7174,.F.);
#4432=ORIENTED_EDGE('',*,*,#6907,.F.);
#4433=ORIENTED_EDGE('',*,*,#7175,.T.);
#4434=CARTESIAN_POINT('',(64.900000572502,14.7,18.35));
#4435=DIRECTION('',(0.0,-1.0,-2.77555756156289E-17));
#4436=DIRECTION('',(0.0,2.77555756156289E-17,-1.0));
#4437=SURFACE_STYLE_FILL_AREA(#7176);
#4438=ORIENTED_EDGE('',*,*,#7177,.F.);
#4439=ORIENTED_EDGE('',*,*,#7178,.T.);
#4440=ORIENTED_EDGE('',*,*,#6666,.T.);
#4441=CARTESIAN_POINT('',(71.856461563478,0.999999999999998,12.977675896375));
#4442=DIRECTION('',(-0.0,-1.0,-2.77555756156289E-17));
#4443=DIRECTION('',(-1.0,0.0,0.0));
#4444=SURFACE_STYLE_FILL_AREA(#7179);
#4445=ORIENTED_EDGE('',*,*,#6676,.T.);
#4446=ORIENTED_EDGE('',*,*,#7180,.T.);
#4447=ORIENTED_EDGE('',*,*,#6953,.T.);
#4448=ORIENTED_EDGE('',*,*,#7181,.F.);
#4449=CARTESIAN_POINT('',(65.672500572508,4.70000000000002,12.788000000005));
#4450=DIRECTION('',(-1.22464658788737E-16,-1.0,-2.11452563798735E-16));
#4451=DIRECTION('',(6.12323293943687E-17,2.11452563798735E-16,-1.0));
#4452=SURFACE_STYLE_FILL_AREA(#7182);
#4453=ORIENTED_EDGE('',*,*,#7183,.F.);
#4454=ORIENTED_EDGE('',*,*,#7184,.F.);
#4455=ORIENTED_EDGE('',*,*,#7185,.F.);
#4456=ORIENTED_EDGE('',*,*,#7186,.F.);
#4457=ORIENTED_EDGE('',*,*,#7187,.F.);
#4458=ORIENTED_EDGE('',*,*,#7188,.T.);
#4459=ORIENTED_EDGE('',*,*,#7189,.T.);
#4460=ORIENTED_EDGE('',*,*,#7190,.T.);
#4461=CARTESIAN_POINT('',(74.266244551169,3.55168404727384,11.999999798506));
#4462=DIRECTION('',(0.342020143325669,-0.939692620785908,-2.60817095916718E-17));
#4463=DIRECTION('',(0.0,2.77555756156289E-17,-1.0));
#4464=SURFACE_STYLE_FILL_AREA(#7191);
#4465=ORIENTED_EDGE('',*,*,#7192,.T.);
#4466=ORIENTED_EDGE('',*,*,#7193,.T.);
#4467=ORIENTED_EDGE('',*,*,#7194,.F.);
#4468=ORIENTED_EDGE('',*,*,#7021,.F.);
#4469=CARTESIAN_POINT('',(65.800000572502,13.560577,5.19999979850499));
#4470=DIRECTION('',(0.0,1.0,2.77555756156289E-17));
#4471=DIRECTION('',(1.0,-3.21984042947346E-31,1.16006977266953E-14));
#4472=SURFACE_STYLE_FILL_AREA(#7195);
#4473=ORIENTED_EDGE('',*,*,#7196,.F.);
#4474=ORIENTED_EDGE('',*,*,#7087,.F.);
#4475=ORIENTED_EDGE('',*,*,#7197,.F.);
#4476=ORIENTED_EDGE('',*,*,#7008,.F.);
#4477=CARTESIAN_POINT('',(68.900000572502,6.26057700000002,11.5));
#4478=DIRECTION('',(1.0,0.0,0.0));
#4479=DIRECTION('',(0.0,-2.77555756156289E-17,1.0));
#4480=SURFACE_STYLE_FILL_AREA(#7198);
#4481=ORIENTED_EDGE('',*,*,#7199,.F.);
#4482=ORIENTED_EDGE('',*,*,#7142,.F.);
#4483=ORIENTED_EDGE('',*,*,#7200,.F.);
#4484=ORIENTED_EDGE('',*,*,#6763,.T.);
#4485=CARTESIAN_POINT('',(42.000000572502,0.499999999999995,3.80000000000001));
#4486=DIRECTION('',(0.0,2.77555756156289E-17,-1.0));
#4487=DIRECTION('',(0.0,1.0,2.77555756156289E-17));
#4488=SURFACE_STYLE_FILL_AREA(#7201);
#4489=ORIENTED_EDGE('',*,*,#7118,.T.);
#4490=ORIENTED_EDGE('',*,*,#7036,.T.);
#4491=ORIENTED_EDGE('',*,*,#7202,.F.);
#4492=ORIENTED_EDGE('',*,*,#7203,.F.);
#4493=CARTESIAN_POINT('',(67.000000572502,16.7,20.000000201494));
#4494=DIRECTION('',(1.0,0.0,0.0));
#4495=DIRECTION('',(0.0,-2.77555756156289E-17,1.0));
#4496=SURFACE_STYLE_FILL_AREA(#7204);
#4497=ORIENTED_EDGE('',*,*,#7205,.T.);
#4498=ORIENTED_EDGE('',*,*,#7034,.T.);
#4499=ORIENTED_EDGE('',*,*,#7158,.F.);
#4500=ORIENTED_EDGE('',*,*,#7206,.F.);
#4501=CARTESIAN_POINT('',(61.000000572502,16.7,20.000000201494));
#4502=DIRECTION('',(0.0,-2.77555756156289E-17,1.0));
#4503=DIRECTION('',(1.0,0.0,0.0));
#4504=SURFACE_STYLE_FILL_AREA(#7207);
#4505=ORIENTED_EDGE('',*,*,#7208,.F.);
#4506=ORIENTED_EDGE('',*,*,#6760,.F.);
#4507=ORIENTED_EDGE('',*,*,#7209,.T.);
#4508=ORIENTED_EDGE('',*,*,#7210,.T.);
#4509=CARTESIAN_POINT('',(69.250000572502,13.310577,-11.200000201495));
#4510=DIRECTION('',(-1.0,1.69953884180861E-33,-6.12323399573677E-17));
#4511=DIRECTION('',(6.12323399573677E-17,2.77555756156289E-17,-1.0));
#4512=SURFACE_STYLE_FILL_AREA(#7211);
#4513=ORIENTED_EDGE('',*,*,#7212,.T.);
#4514=ORIENTED_EDGE('',*,*,#7213,.T.);
#4515=ORIENTED_EDGE('',*,*,#7079,.T.);
#4516=ORIENTED_EDGE('',*,*,#7214,.T.);
#4517=CARTESIAN_POINT('',(58.700000572502,2.0,12.5));
#4518=DIRECTION('',(1.0,0.0,0.0));
#4519=DIRECTION('',(0.0,-2.77555756156289E-17,1.0));
#4520=SURFACE_STYLE_FILL_AREA(#7215);
#4521=ORIENTED_EDGE('',*,*,#7216,.T.);
#4522=ORIENTED_EDGE('',*,*,#7065,.T.);
#4523=ORIENTED_EDGE('',*,*,#7217,.T.);
#4524=ORIENTED_EDGE('',*,*,#7218,.T.);
#4525=CARTESIAN_POINT('',(17.300000572502,1.7,15.05));
#4526=DIRECTION('',(1.0,0.0,0.0));
#4527=DIRECTION('',(0.0,-2.77555756156289E-17,1.0));
#4528=SURFACE_STYLE_FILL_AREA(#7219);
#4529=ORIENTED_EDGE('',*,*,#7038,.T.);
#4530=ORIENTED_EDGE('',*,*,#7120,.F.);
#4531=ORIENTED_EDGE('',*,*,#6843,.T.);
#4532=ORIENTED_EDGE('',*,*,#7103,.F.);
#4533=ORIENTED_EDGE('',*,*,#6908,.T.);
#4534=ORIENTED_EDGE('',*,*,#7174,.T.);
#4535=CARTESIAN_POINT('',(65.900000572502,0.800000000000002,5.5));
#4536=DIRECTION('',(-1.0,-0.0,0.0));
#4537=DIRECTION('',(0.0,-1.0,-2.77555756156289E-17));
#4538=SURFACE_STYLE_FILL_AREA(#7220);
#4539=ORIENTED_EDGE('',*,*,#7210,.F.);
#4540=ORIENTED_EDGE('',*,*,#6896,.T.);
#4541=ORIENTED_EDGE('',*,*,#7221,.F.);
#4542=ORIENTED_EDGE('',*,*,#7193,.F.);
#4543=CARTESIAN_POINT('',(65.800000572502,13.5025642981078,5.19999979850499));
#4544=DIRECTION('',(2.29944218704842E-49,1.0,2.77555756156289E-17));
#4545=DIRECTION('',(-1.0,-1.69953884180861E-33,6.12323399573677E-17));
#4546=SURFACE_STYLE_FILL_AREA(#7222);
#4547=ORIENTED_EDGE('',*,*,#6820,.F.);
#4548=ORIENTED_EDGE('',*,*,#6984,.T.);
#4549=ORIENTED_EDGE('',*,*,#7223,.F.);
#4550=ORIENTED_EDGE('',*,*,#6880,.F.);
#4551=ORIENTED_EDGE('',*,*,#7224,.F.);
#4552=ORIENTED_EDGE('',*,*,#7225,.T.);
#4553=ORIENTED_EDGE('',*,*,#7183,.T.);
#4554=ORIENTED_EDGE('',*,*,#7226,.F.);
#4555=ORIENTED_EDGE('',*,*,#7227,.T.);
#4556=ORIENTED_EDGE('',*,*,#7228,.F.);
#4557=ORIENTED_EDGE('',*,*,#7187,.T.);
#4558=ORIENTED_EDGE('',*,*,#7229,.F.);
#4559=CARTESIAN_POINT('',(73.300000572502,3.08748866352592,24.9300024));
#4560=DIRECTION('',(-1.0,-0.0,0.0));
#4561=DIRECTION('',(0.0,-1.0,-2.77555756156289E-17));
#4562=SURFACE_STYLE_FILL_AREA(#7230);
#4563=ORIENTED_EDGE('',*,*,#7231,.F.);
#4564=ORIENTED_EDGE('',*,*,#7185,.T.);
#4565=ORIENTED_EDGE('',*,*,#7232,.F.);
#4566=ORIENTED_EDGE('',*,*,#7049,.T.);
#4567=CARTESIAN_POINT('',(74.65753191129,3.51745083908233,-0.930002400000006));
#4568=DIRECTION('',(-0.0871557427476582,-0.996194698091746,-2.7649957270774E-17));
#4569=DIRECTION('',(-0.996194698091746,0.0871557427476582,2.41905780816893E-18));
#4570=SURFACE_STYLE_FILL_AREA(#7233);
#4571=ORIENTED_EDGE('',*,*,#7234,.T.);
#4572=ORIENTED_EDGE('',*,*,#7235,.T.);
#4573=ORIENTED_EDGE('',*,*,#7236,.T.);
#4574=ORIENTED_EDGE('',*,*,#7227,.F.);
#4575=CARTESIAN_POINT('',(71.856461563478,0.0999999999999982,12.977675896375));
#4576=DIRECTION('',(-0.0,-1.0,-2.77555756156289E-17));
#4577=DIRECTION('',(-1.0,0.0,0.0));
#4578=SURFACE_STYLE_FILL_AREA(#7237);
#4579=ORIENTED_EDGE('',*,*,#7024,.F.);
#4580=ORIENTED_EDGE('',*,*,#6545,.T.);
#4581=ORIENTED_EDGE('',*,*,#6858,.F.);
#4582=ORIENTED_EDGE('',*,*,#7160,.F.);
#4583=CARTESIAN_POINT('',(79.500000572502,11.5922636308879,0.999999798505996));
#4584=DIRECTION('',(-1.0,0.0,0.0));
#4585=DIRECTION('',(0.0,2.77555756156289E-17,-1.0));
#4586=SURFACE_STYLE_FILL_AREA(#7238);
#4587=ORIENTED_EDGE('',*,*,#6849,.F.);
#4588=ORIENTED_EDGE('',*,*,#7239,.T.);
#4589=ORIENTED_EDGE('',*,*,#7213,.F.);
#4590=ORIENTED_EDGE('',*,*,#7054,.T.);
#4591=CARTESIAN_POINT('',(58.700000572502,2.0,12.5));
#4592=DIRECTION('',(1.0,0.0,0.0));
#4593=DIRECTION('',(0.0,-2.77555756156289E-17,1.0));
#4594=SURFACE_STYLE_FILL_AREA(#7240);
#4595=ORIENTED_EDGE('',*,*,#6669,.T.);
#4596=ORIENTED_EDGE('',*,*,#6980,.F.);
#4597=ORIENTED_EDGE('',*,*,#7241,.F.);
#4598=ORIENTED_EDGE('',*,*,#6782,.F.);
#4599=CARTESIAN_POINT('',(75.000000572502,6.91591399999999,23.0));
#4600=DIRECTION('',(-0.0,-1.0,-2.77555756156289E-17));
#4601=DIRECTION('',(-1.0,0.0,0.0));
#4602=SURFACE_STYLE_FILL_AREA(#7242);
#4603=ORIENTED_EDGE('',*,*,#6703,.F.);
#4604=ORIENTED_EDGE('',*,*,#7243,.T.);
#4605=ORIENTED_EDGE('',*,*,#7123,.T.);
#4606=ORIENTED_EDGE('',*,*,#7244,.F.);
#4607=CARTESIAN_POINT('',(66.081630364439,4.70000000000002,7.69568362357901));
#4608=DIRECTION('',(0.64532407270856,4.00956440044782E-17,0.763908922046887));
#4609=DIRECTION('',(9.49885157646793E-17,-1.0,-2.77555756156289E-17));
#4610=SURFACE_STYLE_FILL_AREA(#7245);
#4611=ORIENTED_EDGE('',*,*,#7246,.F.);
#4612=ORIENTED_EDGE('',*,*,#7189,.F.);
#4613=ORIENTED_EDGE('',*,*,#7247,.T.);
#4614=ORIENTED_EDGE('',*,*,#7235,.F.);
#4615=CARTESIAN_POINT('',(74.000000572502,0.999999999999998,7.0));
#4616=DIRECTION('',(1.0,0.0,0.0));
#4617=DIRECTION('',(0.0,-2.77555756156289E-17,1.0));
#4618=SURFACE_STYLE_FILL_AREA(#7248);
#4619=ORIENTED_EDGE('',*,*,#7246,.T.);
#4620=ORIENTED_EDGE('',*,*,#7234,.F.);
#4621=ORIENTED_EDGE('',*,*,#7226,.T.);
#4622=ORIENTED_EDGE('',*,*,#7190,.F.);
#4623=CARTESIAN_POINT('',(74.000000572502,0.999999999999998,7.0));
#4624=DIRECTION('',(0.0,2.77555756156289E-17,-1.0));
#4625=DIRECTION('',(0.0,1.0,2.77555756156289E-17));
#4626=SURFACE_STYLE_FILL_AREA(#7249);
#4627=ORIENTED_EDGE('',*,*,#6979,.T.);
#4628=ORIENTED_EDGE('',*,*,#6996,.T.);
#4629=ORIENTED_EDGE('',*,*,#7250,.F.);
#4630=ORIENTED_EDGE('',*,*,#6868,.F.);
#4631=ORIENTED_EDGE('',*,*,#6817,.T.);
#4632=ORIENTED_EDGE('',*,*,#7177,.T.);
#4633=ORIENTED_EDGE('',*,*,#6665,.F.);
#4634=ORIENTED_EDGE('',*,*,#6783,.T.);
#4635=ORIENTED_EDGE('',*,*,#7241,.T.);
#4636=CARTESIAN_POINT('',(71.700000572502,0.999999999999999,21.199999395517));
#4637=DIRECTION('',(0.0,1.0,2.77555756156289E-17));
#4638=DIRECTION('',(1.0,1.69953884180861E-33,-6.12323399573677E-17));
#4639=SURFACE_STYLE_FILL_AREA(#7251);
#4640=ORIENTED_EDGE('',*,*,#7252,.T.);
#4641=ORIENTED_EDGE('',*,*,#7092,.F.);
#4642=ORIENTED_EDGE('',*,*,#7253,.F.);
#4643=ORIENTED_EDGE('',*,*,#7116,.T.);
#4644=CARTESIAN_POINT('',(10.000000572502,7.41591399999999,19.2));
#4645=DIRECTION('',(-0.0,-1.0,-2.77555756156289E-17));
#4646=DIRECTION('',(-1.0,0.0,0.0));
#4647=SURFACE_STYLE_FILL_AREA(#7254);
#4648=ORIENTED_EDGE('',*,*,#7255,.F.);
#4649=ORIENTED_EDGE('',*,*,#6998,.F.);
#4650=ORIENTED_EDGE('',*,*,#6795,.F.);
#4651=ORIENTED_EDGE('',*,*,#7256,.T.);
#4652=CARTESIAN_POINT('',(68.200000572502,6.3,21.0));
#4653=DIRECTION('',(-1.0,-0.0,0.0));
#4654=DIRECTION('',(0.0,-1.0,-2.77555756156289E-17));
#4655=SURFACE_STYLE_FILL_AREA(#7257);
#4656=ORIENTED_EDGE('',*,*,#7258,.T.);
#4657=ORIENTED_EDGE('',*,*,#6827,.T.);
#4658=ORIENTED_EDGE('',*,*,#7259,.F.);
#4659=ORIENTED_EDGE('',*,*,#7260,.T.);
#4660=CARTESIAN_POINT('',(67.760000572502,6.26057700000002,2.09999999999999));
#4661=DIRECTION('',(0.0,-2.77555756156289E-17,1.0));
#4662=DIRECTION('',(1.0,0.0,0.0));
#4663=SURFACE_STYLE_FILL_AREA(#7261);
#4664=ORIENTED_EDGE('',*,*,#7262,.F.);
#4665=ORIENTED_EDGE('',*,*,#7224,.T.);
#4666=ORIENTED_EDGE('',*,*,#6879,.F.);
#4667=ORIENTED_EDGE('',*,*,#7263,.F.);
#4668=ORIENTED_EDGE('',*,*,#7264,.F.);
#4669=CARTESIAN_POINT('',(11.037634857654,1.00000000000001,-278.70412615186));
#4670=DIRECTION('',(-0.0,-1.0,-2.77555756156289E-17));
#4671=DIRECTION('',(-1.0,0.0,0.0));
#4672=SURFACE_STYLE_FILL_AREA(#7265);
#4673=ORIENTED_EDGE('',*,*,#7186,.T.);
#4674=ORIENTED_EDGE('',*,*,#7231,.T.);
#4675=ORIENTED_EDGE('',*,*,#7048,.F.);
#4676=ORIENTED_EDGE('',*,*,#6876,.T.);
#4677=ORIENTED_EDGE('',*,*,#7178,.F.);
#4678=ORIENTED_EDGE('',*,*,#6816,.F.);
#4679=ORIENTED_EDGE('',*,*,#7229,.T.);
#4680=CARTESIAN_POINT('',(72.91742815727,5.10342560111522,22.0));
#4681=DIRECTION('',(0.0,-2.77555756156289E-17,1.0));
#4682=DIRECTION('',(1.0,0.0,0.0));
#4683=SURFACE_STYLE_FILL_AREA(#7266);
#4684=ORIENTED_EDGE('',*,*,#7263,.T.);
#4685=ORIENTED_EDGE('',*,*,#6882,.T.);
#4686=ORIENTED_EDGE('',*,*,#7267,.T.);
#4687=ORIENTED_EDGE('',*,*,#7268,.F.);
#4688=CARTESIAN_POINT('',(74.500000572502,0.999999999999999,3.19999939551701));
#4689=DIRECTION('',(1.0,3.45296599918196E-30,-1.24406211097911E-13));
#4690=DIRECTION('',(1.24406211097911E-13,-2.77555756156289E-17,1.0));
#4691=SURFACE_STYLE_FILL_AREA(#7269);
#4692=ORIENTED_EDGE('',*,*,#7270,.F.);
#4693=ORIENTED_EDGE('',*,*,#7271,.F.);
#4694=ORIENTED_EDGE('',*,*,#7272,.T.);
#4695=ORIENTED_EDGE('',*,*,#7273,.T.);
#4696=CARTESIAN_POINT('',(11.000000572502,6.87649100000001,18.000000201494));
#4697=DIRECTION('',(-0.0,1.0,2.77555756156289E-17));
#4698=DIRECTION('',(1.0,0.0,0.0));
#4699=SURFACE_STYLE_FILL_AREA(#7274);
#4700=ORIENTED_EDGE('',*,*,#7275,.F.);
#4701=ORIENTED_EDGE('',*,*,#6770,.F.);
#4702=ORIENTED_EDGE('',*,*,#7276,.F.);
#4703=ORIENTED_EDGE('',*,*,#7140,.T.);
#4704=CARTESIAN_POINT('',(67.000000572502,0.999999999999998,3.75580200000002));
#4705=DIRECTION('',(1.0,0.0,0.0));
#4706=DIRECTION('',(0.0,-2.77555756156289E-17,1.0));
#4707=SURFACE_STYLE_FILL_AREA(#7277);
#4708=ORIENTED_EDGE('',*,*,#7059,.T.);
#4709=ORIENTED_EDGE('',*,*,#7278,.F.);
#4710=ORIENTED_EDGE('',*,*,#7061,.F.);
#4711=ORIENTED_EDGE('',*,*,#7060,.F.);
#4712=CARTESIAN_POINT('',(33.190000572502,3.5,19.05));
#4713=DIRECTION('',(0.0,2.77555756156289E-17,-1.0));
#4714=DIRECTION('',(0.0,1.0,2.77555756156289E-17));
#4715=SURFACE_STYLE_FILL_AREA(#7279);
#4716=ORIENTED_EDGE('',*,*,#7280,.F.);
#4717=ORIENTED_EDGE('',*,*,#7281,.T.);
#4718=ORIENTED_EDGE('',*,*,#7282,.T.);
#4719=ORIENTED_EDGE('',*,*,#6758,.F.);
#4720=CARTESIAN_POINT('',(57.500000572502,13.310577,22.249999798505));
#4721=DIRECTION('',(0.0,2.77555756156289E-17,-1.0));
#4722=DIRECTION('',(0.0,1.0,2.77555756156289E-17));
#4723=SURFACE_STYLE_FILL_AREA(#7283);
#4724=ORIENTED_EDGE('',*,*,#7284,.F.);
#4725=ORIENTED_EDGE('',*,*,#7285,.T.);
#4726=ORIENTED_EDGE('',*,*,#6693,.T.);
#4727=ORIENTED_EDGE('',*,*,#7286,.F.);
#4728=CARTESIAN_POINT('',(65.797370780578,4.70000000000002,11.064183623579));
#4729=DIRECTION('',(0.645324072708576,-1.98154428749303E-16,-0.763908922046873));
#4730=DIRECTION('',(0.0,1.0,-2.59395358570172E-16));
#4731=SURFACE_STYLE_FILL_AREA(#7287);
#4732=ORIENTED_EDGE('',*,*,#7205,.F.);
#4733=ORIENTED_EDGE('',*,*,#7288,.F.);
#4734=ORIENTED_EDGE('',*,*,#7202,.T.);
#4735=ORIENTED_EDGE('',*,*,#7035,.T.);
#4736=CARTESIAN_POINT('',(65.000000572502,6.87649100000002,18.000000201494));
#4737=DIRECTION('',(0.0,1.0,2.77555756156289E-17));
#4738=DIRECTION('',(-1.0,0.0,0.0));
#4739=SURFACE_STYLE_FILL_AREA(#7289);
#4740=ORIENTED_EDGE('',*,*,#7032,.T.);
#4741=ORIENTED_EDGE('',*,*,#7175,.F.);
#4742=ORIENTED_EDGE('',*,*,#6906,.F.);
#4743=ORIENTED_EDGE('',*,*,#7155,.T.);
#4744=CARTESIAN_POINT('',(63.528844572502,14.7,19.35));
#4745=DIRECTION('',(0.0,-2.77555756156289E-17,1.0));
#4746=DIRECTION('',(1.0,0.0,0.0));
#4747=SURFACE_STYLE_FILL_AREA(#7290);
#4748=ORIENTED_EDGE('',*,*,#7291,.T.);
#4749=ORIENTED_EDGE('',*,*,#6873,.T.);
#4750=ORIENTED_EDGE('',*,*,#7292,.T.);
#4751=ORIENTED_EDGE('',*,*,#7293,.F.);
#4752=CARTESIAN_POINT('',(49.200000572502,11.5922636308879,22.999999798505));
#4753=DIRECTION('',(-1.0,0.0,0.0));
#4754=DIRECTION('',(0.0,-2.77555756156289E-17,1.0));
#4755=SURFACE_STYLE_FILL_AREA(#7294);
#4756=ORIENTED_EDGE('',*,*,#6658,.T.);
#4757=ORIENTED_EDGE('',*,*,#7295,.F.);
#4758=ORIENTED_EDGE('',*,*,#7041,.T.);
#4759=ORIENTED_EDGE('',*,*,#7296,.T.);
#4760=CARTESIAN_POINT('',(66.206500572508,4.70000000000002,12.843500000005));
#4761=DIRECTION('',(-1.22464658788737E-16,-1.0,-2.11452563798735E-16));
#4762=DIRECTION('',(6.12323293943687E-17,2.11452563798735E-16,-1.0));
#4763=SURFACE_STYLE_FILL_AREA(#7297);
#4764=ORIENTED_EDGE('',*,*,#7298,.T.);
#4765=ORIENTED_EDGE('',*,*,#7299,.T.);
#4766=ORIENTED_EDGE('',*,*,#7300,.F.);
#4767=ORIENTED_EDGE('',*,*,#7301,.F.);
#4768=CARTESIAN_POINT('',(71.300000572502,18.8633677,3.20000040298899));
#4769=DIRECTION('',(0.0,1.0,2.77555756156289E-17));
#4770=DIRECTION('',(0.0,2.77555756156289E-17,-1.0));
#4771=SURFACE_STYLE_FILL_AREA(#7302);
#4772=ORIENTED_EDGE('',*,*,#6931,.F.);
#4773=ORIENTED_EDGE('',*,*,#7303,.F.);
#4774=ORIENTED_EDGE('',*,*,#6915,.F.);
#4775=ORIENTED_EDGE('',*,*,#7074,.F.);
#4776=ORIENTED_EDGE('',*,*,#6689,.F.);
#4777=ORIENTED_EDGE('',*,*,#7298,.F.);
#4778=ORIENTED_EDGE('',*,*,#7304,.F.);
#4779=CARTESIAN_POINT('',(75.022734004688,3.8,3.35461836751099));
#4780=DIRECTION('',(0.0,1.0,2.77555756156289E-17));
#4781=DIRECTION('',(0.0,-2.77555756156289E-17,1.0));
#4782=SURFACE_STYLE_FILL_AREA(#7305);
#4783=ORIENTED_EDGE('',*,*,#7306,.T.);
#4784=ORIENTED_EDGE('',*,*,#7307,.F.);
#4785=ORIENTED_EDGE('',*,*,#7096,.F.);
#4786=ORIENTED_EDGE('',*,*,#7308,.T.);
#4787=CARTESIAN_POINT('',(71.300000572502,0.999999999999999,20.799999395516));
#4788=DIRECTION('',(2.18952885050753E-49,1.0,2.77555756156289E-17));
#4789=DIRECTION('',(1.0,1.69953884180861E-33,-6.12323399573677E-17));
#4790=SURFACE_STYLE_FILL_AREA(#7309);
#4791=ORIENTED_EDGE('',*,*,#7310,.T.);
#4792=ORIENTED_EDGE('',*,*,#7311,.T.);
#4793=ORIENTED_EDGE('',*,*,#7312,.T.);
#4794=ORIENTED_EDGE('',*,*,#7313,.T.);
#4795=ORIENTED_EDGE('',*,*,#6900,.T.);
#4796=ORIENTED_EDGE('',*,*,#7314,.F.);
#4797=CARTESIAN_POINT('',(54.073782166626,5.20000000000001,8.77506992391801));
#4798=DIRECTION('',(0.0,1.0,2.77555756156289E-17));
#4799=DIRECTION('',(0.0,-2.77555756156289E-17,1.0));
#4800=SURFACE_STYLE_FILL_AREA(#7315);
#4801=ORIENTED_EDGE('',*,*,#6650,.T.);
#4802=ORIENTED_EDGE('',*,*,#7316,.T.);
#4803=ORIENTED_EDGE('',*,*,#6683,.F.);
#4804=ORIENTED_EDGE('',*,*,#7317,.F.);
#4805=CARTESIAN_POINT('',(66.400000572508,17.9,16.249999999995));
#4806=DIRECTION('',(1.0,4.09971922886793E-33,1.22464658788737E-16));
#4807=DIRECTION('',(-1.22464658788737E-16,-2.77555756156289E-17,1.0));
#4808=SURFACE_STYLE_FILL_AREA(#7318);
#4809=ORIENTED_EDGE('',*,*,#7319,.T.);
#4810=ORIENTED_EDGE('',*,*,#7320,.T.);
#4811=ORIENTED_EDGE('',*,*,#6949,.T.);
#4812=CARTESIAN_POINT('',(45.022412813966,2.77212485555626,0.0999999999999943));
#4813=DIRECTION('',(0.0,2.77555756156289E-17,-1.0));
#4814=DIRECTION('',(0.0,1.0,2.77555756156289E-17));
#4815=SURFACE_STYLE_FILL_AREA(#7321);
#4816=ORIENTED_EDGE('',*,*,#7322,.F.);
#4817=ORIENTED_EDGE('',*,*,#7323,.T.);
#4818=ORIENTED_EDGE('',*,*,#7067,.T.);
#4819=ORIENTED_EDGE('',*,*,#7324,.F.);
#4820=CARTESIAN_POINT('',(11.100000572502,7.41591399999999,18.05));
#4821=DIRECTION('',(0.0,1.0,2.77555756156289E-17));
#4822=DIRECTION('',(-1.0,0.0,0.0));
#4823=SURFACE_STYLE_FILL_AREA(#7325);
#4824=ORIENTED_EDGE('',*,*,#7208,.T.);
#4825=ORIENTED_EDGE('',*,*,#7192,.F.);
#4826=ORIENTED_EDGE('',*,*,#7020,.T.);
#4827=ORIENTED_EDGE('',*,*,#6824,.F.);
#4828=ORIENTED_EDGE('',*,*,#7326,.F.);
#4829=ORIENTED_EDGE('',*,*,#7327,.T.);
#4830=ORIENTED_EDGE('',*,*,#6791,.T.);
#4831=ORIENTED_EDGE('',*,*,#6756,.T.);
#4832=CARTESIAN_POINT('',(68.750000572502,13.560577,35.199999798506));
#4833=DIRECTION('',(6.12323399573677E-17,-2.77555756156289E-17,1.0));
#4834=DIRECTION('',(-1.0,-1.69953884180861E-33,6.12323399573677E-17));
#4835=SURFACE_STYLE_FILL_AREA(#7328);
#4836=ORIENTED_EDGE('',*,*,#7247,.F.);
#4837=ORIENTED_EDGE('',*,*,#7188,.F.);
#4838=ORIENTED_EDGE('',*,*,#7228,.T.);
#4839=ORIENTED_EDGE('',*,*,#7236,.F.);
#4840=CARTESIAN_POINT('',(74.000000572502,0.999999999999998,17.0));
#4841=DIRECTION('',(0.0,-2.77555756156289E-17,1.0));
#4842=DIRECTION('',(1.0,0.0,0.0));
#4843=SURFACE_STYLE_FILL_AREA(#7329);
#4844=ORIENTED_EDGE('',*,*,#6653,.T.);
#4845=ORIENTED_EDGE('',*,*,#7107,.T.);
#4846=ORIENTED_EDGE('',*,*,#7330,.T.);
#4847=ORIENTED_EDGE('',*,*,#7256,.F.);
#4848=ORIENTED_EDGE('',*,*,#6794,.F.);
#4849=CARTESIAN_POINT('',(71.300000572502,3.8,20.799999597011));
#4850=DIRECTION('',(0.0,-1.0,-2.77555756156289E-17));
#4851=DIRECTION('',(0.0,-2.77555756156289E-17,1.0));
#4852=SURFACE_STYLE_FILL_AREA(#7331);
#4853=ORIENTED_EDGE('',*,*,#6547,.T.);
#4854=ORIENTED_EDGE('',*,*,#7332,.T.);
#4855=ORIENTED_EDGE('',*,*,#6975,.F.);
#4856=ORIENTED_EDGE('',*,*,#7333,.F.);
#4857=CARTESIAN_POINT('',(65.800000572502,11.9579490558371,18.799999798505));
#4858=DIRECTION('',(0.0,-1.0,-2.77555756156289E-17));
#4859=DIRECTION('',(1.0,1.8782402505262E-31,-6.76707367390564E-15));
#4860=SURFACE_STYLE_FILL_AREA(#7334);
#4861=ORIENTED_EDGE('',*,*,#7164,.T.);
#4862=ORIENTED_EDGE('',*,*,#6921,.T.);
#4863=ORIENTED_EDGE('',*,*,#6944,.F.);
#4864=ORIENTED_EDGE('',*,*,#7335,.T.);
#4865=ORIENTED_EDGE('',*,*,#6846,.F.);
#4866=ORIENTED_EDGE('',*,*,#6803,.F.);
#4867=CARTESIAN_POINT('',(65.900000572502,0.799999999999998,18.5));
#4868=DIRECTION('',(1.0,0.0,0.0));
#4869=DIRECTION('',(0.0,-2.77555756156289E-17,1.0));
#4870=SURFACE_STYLE_FILL_AREA(#7336);
#4871=ORIENTED_EDGE('',*,*,#6911,.T.);
#4872=ORIENTED_EDGE('',*,*,#6893,.T.);
#4873=ORIENTED_EDGE('',*,*,#7209,.F.);
#4874=ORIENTED_EDGE('',*,*,#7145,.F.);
#4875=CARTESIAN_POINT('',(69.750000572502,13.4445515962155,35.199999798506));
#4876=DIRECTION('',(-6.12323399573677E-17,2.77555756156289E-17,-1.0));
#4877=DIRECTION('',(1.0,1.69953884180861E-33,-6.12323399573677E-17));
#4878=SURFACE_STYLE_FILL_AREA(#7337);
#4879=ORIENTED_EDGE('',*,*,#7046,.T.);
#4880=ORIENTED_EDGE('',*,*,#7232,.T.);
#4881=ORIENTED_EDGE('',*,*,#7184,.T.);
#4882=ORIENTED_EDGE('',*,*,#7225,.F.);
#4883=ORIENTED_EDGE('',*,*,#7262,.T.);
#4884=ORIENTED_EDGE('',*,*,#7338,.F.);
#4885=ORIENTED_EDGE('',*,*,#7162,.F.);
#4886=CARTESIAN_POINT('',(72.91742815727,5.10342560111522,2.0));
#4887=DIRECTION('',(0.0,-2.77555756156289E-17,1.0));
#4888=DIRECTION('',(1.0,0.0,0.0));
#4889=SURFACE_STYLE_FILL_AREA(#7339);
#4890=ORIENTED_EDGE('',*,*,#6648,.T.);
#4891=ORIENTED_EDGE('',*,*,#7340,.T.);
#4892=ORIENTED_EDGE('',*,*,#7284,.T.);
#4893=ORIENTED_EDGE('',*,*,#7341,.F.);
#4894=CARTESIAN_POINT('',(66.206500572508,4.70000000000002,11.156499999995));
#4895=DIRECTION('',(-1.22464658788737E-16,-1.0,1.55941412567477E-16));
#4896=DIRECTION('',(6.12323293943687E-17,1.55941412567477E-16,1.0));
#4897=SURFACE_STYLE_FILL_AREA(#7342);
#4898=ORIENTED_EDGE('',*,*,#6543,.F.);
#4899=ORIENTED_EDGE('',*,*,#7343,.F.);
#4900=ORIENTED_EDGE('',*,*,#7344,.T.);
#4901=ORIENTED_EDGE('',*,*,#6992,.F.);
#4902=CARTESIAN_POINT('',(6.10000057250198,11.5922636308879,-12.200000201495));
#4903=DIRECTION('',(6.12323399573677E-17,-2.77555756156289E-17,1.0));
#4904=DIRECTION('',(-1.0,-1.69953884180861E-33,6.12323399573677E-17));
#4905=SURFACE_STYLE_FILL_AREA(#7345);
#4906=ORIENTED_EDGE('',*,*,#7042,.T.);
#4907=ORIENTED_EDGE('',*,*,#7295,.T.);
#4908=ORIENTED_EDGE('',*,*,#6661,.T.);
#4909=ORIENTED_EDGE('',*,*,#6954,.F.);
#4910=ORIENTED_EDGE('',*,*,#7180,.F.);
#4911=ORIENTED_EDGE('',*,*,#6679,.F.);
#4912=ORIENTED_EDGE('',*,*,#6886,.T.);
#4913=ORIENTED_EDGE('',*,*,#6639,.F.);
#4914=ORIENTED_EDGE('',*,*,#7346,.F.);
#4915=ORIENTED_EDGE('',*,*,#7347,.F.);
#4916=ORIENTED_EDGE('',*,*,#6644,.T.);
#4917=ORIENTED_EDGE('',*,*,#7348,.T.);
#4918=CARTESIAN_POINT('',(90.198223144901,8.20000000000001,41.548961102842));
#4919=DIRECTION('',(-1.22464658788737E-16,-1.0,-2.11452563798735E-16));
#4920=DIRECTION('',(0.0,2.11452563798735E-16,-1.0));
#4921=SURFACE_STYLE_FILL_AREA(#7349);
#4922=ORIENTED_EDGE('',*,*,#7291,.F.);
#4923=ORIENTED_EDGE('',*,*,#7128,.T.);
#4924=ORIENTED_EDGE('',*,*,#7350,.F.);
#4925=ORIENTED_EDGE('',*,*,#7082,.F.);
#4926=CARTESIAN_POINT('',(49.200000572502,11.560577,22.799999798505));
#4927=DIRECTION('',(0.0,2.77555756156289E-17,-1.0));
#4928=DIRECTION('',(0.0,1.0,2.77555756156289E-17));
#4929=SURFACE_STYLE_FILL_AREA(#7351);
#4930=ORIENTED_EDGE('',*,*,#7350,.T.);
#4931=ORIENTED_EDGE('',*,*,#7127,.T.);
#4932=ORIENTED_EDGE('',*,*,#7352,.T.);
#4933=ORIENTED_EDGE('',*,*,#7353,.T.);
#4934=ORIENTED_EDGE('',*,*,#7025,.F.);
#4935=ORIENTED_EDGE('',*,*,#6554,.F.);
#4936=ORIENTED_EDGE('',*,*,#6749,.T.);
#4937=ORIENTED_EDGE('',*,*,#7083,.F.);
#4938=ORIENTED_EDGE('',*,*,#7354,.F.);
#4939=ORIENTED_EDGE('',*,*,#7088,.F.);
#4940=ORIENTED_EDGE('',*,*,#7196,.T.);
#4941=ORIENTED_EDGE('',*,*,#7010,.T.);
#4942=ORIENTED_EDGE('',*,*,#6965,.F.);
#4943=ORIENTED_EDGE('',*,*,#7355,.F.);
#4944=ORIENTED_EDGE('',*,*,#7356,.F.);
#4945=ORIENTED_EDGE('',*,*,#7357,.F.);
#4946=CARTESIAN_POINT('',(13.29923620119,11.560577,11.315048620223));
#4947=DIRECTION('',(-0.0,-1.0,-2.77555756156289E-17));
#4948=DIRECTION('',(-1.0,0.0,0.0));
#4949=SURFACE_STYLE_FILL_AREA(#7358);
#4950=ORIENTED_EDGE('',*,*,#7359,.F.);
#4951=ORIENTED_EDGE('',*,*,#7360,.T.);
#4952=ORIENTED_EDGE('',*,*,#7361,.F.);
#4953=ORIENTED_EDGE('',*,*,#7166,.T.);
#4954=CARTESIAN_POINT('',(61.000000572502,16.7,3.999999798506));
#4955=DIRECTION('',(0.0,-2.77555756156289E-17,1.0));
#4956=DIRECTION('',(1.0,0.0,0.0));
#4957=SURFACE_STYLE_FILL_AREA(#7362);
#4958=ORIENTED_EDGE('',*,*,#7167,.F.);
#4959=ORIENTED_EDGE('',*,*,#7361,.T.);
#4960=ORIENTED_EDGE('',*,*,#7363,.T.);
#4961=ORIENTED_EDGE('',*,*,#7364,.T.);
#4962=ORIENTED_EDGE('',*,*,#7365,.T.);
#4963=ORIENTED_EDGE('',*,*,#6945,.T.);
#4964=ORIENTED_EDGE('',*,*,#6742,.F.);
#4965=CARTESIAN_POINT('',(60.790571695255,16.6981723418767,18.5));
#4966=DIRECTION('',(0.999847695156391,0.0174524064372835,4.84401586544711E-19));
#4967=DIRECTION('',(0.0,-2.77555756156289E-17,1.0));
#4968=SURFACE_STYLE_FILL_AREA(#7366);
#4969=ORIENTED_EDGE('',*,*,#6643,.T.);
#4970=ORIENTED_EDGE('',*,*,#7367,.T.);
#4971=ORIENTED_EDGE('',*,*,#7043,.F.);
#4972=ORIENTED_EDGE('',*,*,#7348,.F.);
#4973=CARTESIAN_POINT('',(66.206500572508,4.70000000000002,16.156500000005));
#4974=DIRECTION('',(-1.22464658788737E-16,-1.0,-2.11452563798735E-16));
#4975=DIRECTION('',(6.12323293943687E-17,2.11452563798735E-16,-1.0));
#4976=SURFACE_STYLE_FILL_AREA(#7368);
#4977=ORIENTED_EDGE('',*,*,#7300,.T.);
#4978=ORIENTED_EDGE('',*,*,#7369,.T.);
#4979=ORIENTED_EDGE('',*,*,#7111,.T.);
#4980=ORIENTED_EDGE('',*,*,#7370,.T.);
#4981=CARTESIAN_POINT('',(11.037634857654,1.00000000000001,-278.70412615186));
#4982=DIRECTION('',(-0.0,-1.0,-2.77555756156289E-17));
#4983=DIRECTION('',(-1.0,0.0,0.0));
#4984=SURFACE_STYLE_FILL_AREA(#7371);
#4985=ORIENTED_EDGE('',*,*,#6645,.F.);
#4986=ORIENTED_EDGE('',*,*,#7347,.T.);
#4987=ORIENTED_EDGE('',*,*,#7372,.T.);
#4988=ORIENTED_EDGE('',*,*,#7373,.F.);
#4989=CARTESIAN_POINT('',(66.081630364439,4.70000000000002,16.304316376421));
#4990=DIRECTION('',(-0.64532407270856,-8.25011077031301E-17,0.763908922046887));
#4991=DIRECTION('',(9.49885157646793E-17,-1.0,-2.77555756156289E-17));
#4992=SURFACE_STYLE_FILL_AREA(#7374);
#4993=ORIENTED_EDGE('',*,*,#6638,.T.);
#4994=ORIENTED_EDGE('',*,*,#7375,.F.);
#4995=ORIENTED_EDGE('',*,*,#7372,.F.);
#4996=ORIENTED_EDGE('',*,*,#7346,.T.);
#4997=CARTESIAN_POINT('',(65.672500572508,4.70000000000002,16.212000000005));
#4998=DIRECTION('',(-1.22464658788737E-16,-1.0,-2.11452563798735E-16));
#4999=DIRECTION('',(6.12323293943687E-17,2.11452563798735E-16,-1.0));
#5000=SURFACE_STYLE_FILL_AREA(#7376);
#5001=ORIENTED_EDGE('',*,*,#7377,.T.);
#5002=ORIENTED_EDGE('',*,*,#7378,.F.);
#5003=ORIENTED_EDGE('',*,*,#7326,.T.);
#5004=ORIENTED_EDGE('',*,*,#6823,.T.);
#5005=CARTESIAN_POINT('',(68.900000572502,6.26057700000002,11.5));
#5006=DIRECTION('',(1.0,0.0,0.0));
#5007=DIRECTION('',(0.0,-2.77555756156289E-17,1.0));
#5008=SURFACE_STYLE_FILL_AREA(#7379);
#5009=ORIENTED_EDGE('',*,*,#7380,.F.);
#5010=ORIENTED_EDGE('',*,*,#6713,.T.);
#5011=ORIENTED_EDGE('',*,*,#7338,.T.);
#5012=CARTESIAN_POINT('',(71.856461563478,0.999999999999998,12.977675896375));
#5013=DIRECTION('',(-0.0,-1.0,-2.77555756156289E-17));
#5014=DIRECTION('',(-1.0,0.0,0.0));
#5015=SURFACE_STYLE_FILL_AREA(#7381);
#5016=ORIENTED_EDGE('',*,*,#7105,.F.);
#5017=ORIENTED_EDGE('',*,*,#6656,.F.);
#5018=ORIENTED_EDGE('',*,*,#6938,.F.);
#5019=ORIENTED_EDGE('',*,*,#6997,.T.);
#5020=ORIENTED_EDGE('',*,*,#7014,.T.);
#5021=CARTESIAN_POINT('',(75.022734004688,5.3,3.35461836751099));
#5022=DIRECTION('',(0.0,1.0,2.77555756156289E-17));
#5023=DIRECTION('',(0.0,-2.77555756156289E-17,1.0));
#5024=SURFACE_STYLE_FILL_AREA(#7382);
#5025=ORIENTED_EDGE('',*,*,#7056,.T.);
#5026=ORIENTED_EDGE('',*,*,#7055,.F.);
#5027=ORIENTED_EDGE('',*,*,#7212,.F.);
#5028=ORIENTED_EDGE('',*,*,#7383,.F.);
#5029=CARTESIAN_POINT('',(40.040000572502,3.5,19.05));
#5030=DIRECTION('',(0.0,2.77555756156289E-17,-1.0));
#5031=DIRECTION('',(0.0,1.0,2.77555756156289E-17));
#5032=SURFACE_STYLE_FILL_AREA(#7384);
#5033=ORIENTED_EDGE('',*,*,#6634,.T.);
#5034=ORIENTED_EDGE('',*,*,#7333,.T.);
#5035=ORIENTED_EDGE('',*,*,#7101,.T.);
#5036=ORIENTED_EDGE('',*,*,#6558,.F.);
#5037=CARTESIAN_POINT('',(69.800000572502,11.9579490558371,36.199999798506));
#5038=DIRECTION('',(-6.12323399573677E-17,2.77555756156289E-17,-1.0));
#5039=DIRECTION('',(1.0,1.69953884180861E-33,-6.12323399573677E-17));
#5040=SURFACE_STYLE_FILL_AREA(#7385);
#5041=ORIENTED_EDGE('',*,*,#6778,.F.);
#5042=ORIENTED_EDGE('',*,*,#7386,.T.);
#5043=ORIENTED_EDGE('',*,*,#7359,.T.);
#5044=ORIENTED_EDGE('',*,*,#7165,.F.);
#5045=CARTESIAN_POINT('',(65.000000572502,6.87649100000002,5.999999798506));
#5046=DIRECTION('',(0.0,1.0,2.77555756156289E-17));
#5047=DIRECTION('',(-1.0,0.0,0.0));
#5048=SURFACE_STYLE_FILL_AREA(#7387);
#5049=ORIENTED_EDGE('',*,*,#7388,.T.);
#5050=ORIENTED_EDGE('',*,*,#7389,.T.);
#5051=ORIENTED_EDGE('',*,*,#7390,.F.);
#5052=CARTESIAN_POINT('',(-11.699999427498,14.060577,21.249999798505));
#5053=DIRECTION('',(0.0,1.0,2.77555756156289E-17));
#5054=DIRECTION('',(0.0,-2.77555756156289E-17,1.0));
#5055=SURFACE_STYLE_FILL_AREA(#7391);
#5056=ORIENTED_EDGE('',*,*,#7335,.F.);
#5057=ORIENTED_EDGE('',*,*,#6943,.T.);
#5058=ORIENTED_EDGE('',*,*,#7392,.T.);
#5059=ORIENTED_EDGE('',*,*,#6847,.F.);
#5060=CARTESIAN_POINT('',(64.900000572502,7.415914,5.95000000000002));
#5061=DIRECTION('',(-0.0,1.0,2.77555756156289E-17));
#5062=DIRECTION('',(1.0,0.0,0.0));
#5063=SURFACE_STYLE_FILL_AREA(#7393);
#5064=ORIENTED_EDGE('',*,*,#7394,.T.);
#5065=ORIENTED_EDGE('',*,*,#7319,.F.);
#5066=ORIENTED_EDGE('',*,*,#6948,.T.);
#5067=ORIENTED_EDGE('',*,*,#7395,.T.);
#5068=CARTESIAN_POINT('',(38.140515955633,6.28999999999999,0.0));
#5069=DIRECTION('',(0.984807753012208,0.17364817766693,4.81970512575064E-18));
#5070=DIRECTION('',(0.0,-2.77555756156289E-17,1.0));
#5071=SURFACE_STYLE_FILL_AREA(#7396);
#5072=ORIENTED_EDGE('',*,*,#7264,.T.);
#5073=ORIENTED_EDGE('',*,*,#7268,.T.);
#5074=ORIENTED_EDGE('',*,*,#7397,.F.);
#5075=ORIENTED_EDGE('',*,*,#7398,.F.);
#5076=ORIENTED_EDGE('',*,*,#6861,.T.);
#5077=ORIENTED_EDGE('',*,*,#6719,.F.);
#5078=ORIENTED_EDGE('',*,*,#6773,.T.);
#5079=ORIENTED_EDGE('',*,*,#6714,.T.);
#5080=ORIENTED_EDGE('',*,*,#7380,.T.);
#5081=CARTESIAN_POINT('',(71.700000572502,1.0,2.79999939551601));
#5082=DIRECTION('',(0.0,1.0,2.77555756156289E-17));
#5083=DIRECTION('',(1.0,1.69953884180861E-33,-6.12323399573677E-17));
#5084=SURFACE_STYLE_FILL_AREA(#7399);
#5085=ORIENTED_EDGE('',*,*,#7400,.T.);
#5086=ORIENTED_EDGE('',*,*,#6734,.F.);
#5087=ORIENTED_EDGE('',*,*,#7401,.F.);
#5088=ORIENTED_EDGE('',*,*,#6789,.F.);
#5089=ORIENTED_EDGE('',*,*,#7327,.F.);
#5090=ORIENTED_EDGE('',*,*,#7378,.T.);
#5091=CARTESIAN_POINT('',(64.400000572502,6.87649100000002,17.4));
#5092=DIRECTION('',(0.0,1.0,2.77555756156289E-17));
#5093=DIRECTION('',(-1.0,0.0,0.0));
#5094=SURFACE_STYLE_FILL_AREA(#7402);
#5095=ORIENTED_EDGE('',*,*,#7243,.F.);
#5096=ORIENTED_EDGE('',*,*,#6702,.T.);
#5097=ORIENTED_EDGE('',*,*,#7018,.T.);
#5098=ORIENTED_EDGE('',*,*,#6889,.F.);
#5099=ORIENTED_EDGE('',*,*,#7071,.T.);
#5100=ORIENTED_EDGE('',*,*,#6694,.T.);
#5101=ORIENTED_EDGE('',*,*,#7285,.F.);
#5102=ORIENTED_EDGE('',*,*,#7340,.F.);
#5103=ORIENTED_EDGE('',*,*,#6651,.F.);
#5104=ORIENTED_EDGE('',*,*,#7317,.T.);
#5105=ORIENTED_EDGE('',*,*,#6682,.F.);
#5106=ORIENTED_EDGE('',*,*,#7124,.F.);
#5107=CARTESIAN_POINT('',(90.198223144901,8.20000000000001,-17.548961102842));
#5108=DIRECTION('',(1.22464658788737E-16,1.0,-1.55941412567477E-16));
#5109=DIRECTION('',(0.0,1.55941412567477E-16,1.0));
#5110=SURFACE_STYLE_FILL_AREA(#7403);
#5111=ORIENTED_EDGE('',*,*,#6950,.T.);
#5112=ORIENTED_EDGE('',*,*,#7320,.F.);
#5113=ORIENTED_EDGE('',*,*,#7394,.F.);
#5114=ORIENTED_EDGE('',*,*,#7404,.T.);
#5115=CARTESIAN_POINT('',(38.669389514628,3.29060899999998,0.0));
#5116=DIRECTION('',(-0.0,-1.0,-2.77555756156289E-17));
#5117=DIRECTION('',(-1.0,0.0,0.0));
#5118=SURFACE_STYLE_FILL_AREA(#7405);
#5119=ORIENTED_EDGE('',*,*,#6629,.T.);
#5120=ORIENTED_EDGE('',*,*,#7406,.T.);
#5121=ORIENTED_EDGE('',*,*,#7407,.T.);
#5122=ORIENTED_EDGE('',*,*,#7408,.F.);
#5123=CARTESIAN_POINT('',(9.79350057249599,4.70000000000002,12.843500000005));
#5124=DIRECTION('',(1.22464658788737E-16,-1.0,-2.11452563798735E-16));
#5125=DIRECTION('',(-6.12323293943687E-17,2.11452563798735E-16,-1.0));
#5126=SURFACE_STYLE_FILL_AREA(#7409);
#5127=ORIENTED_EDGE('',*,*,#7410,.F.);
#5128=ORIENTED_EDGE('',*,*,#6916,.T.);
#5129=ORIENTED_EDGE('',*,*,#7303,.T.);
#5130=ORIENTED_EDGE('',*,*,#6932,.T.);
#5131=ORIENTED_EDGE('',*,*,#6726,.T.);
#5132=ORIENTED_EDGE('',*,*,#6812,.F.);
#5133=ORIENTED_EDGE('',*,*,#6862,.T.);
#5134=ORIENTED_EDGE('',*,*,#7398,.T.);
#5135=ORIENTED_EDGE('',*,*,#7411,.F.);
#5136=ORIENTED_EDGE('',*,*,#7412,.F.);
#5137=ORIENTED_EDGE('',*,*,#7413,.F.);
#5138=ORIENTED_EDGE('',*,*,#7414,.F.);
#5139=ORIENTED_EDGE('',*,*,#7415,.T.);
#5140=ORIENTED_EDGE('',*,*,#7416,.T.);
#5141=ORIENTED_EDGE('',*,*,#7417,.T.);
#5142=ORIENTED_EDGE('',*,*,#7418,.F.);
#5143=ORIENTED_EDGE('',*,*,#6951,.F.);
#5144=ORIENTED_EDGE('',*,*,#7404,.F.);
#5145=ORIENTED_EDGE('',*,*,#7395,.F.);
#5146=CARTESIAN_POINT('',(56.703064166824,2.82351670859819,0.0));
#5147=DIRECTION('',(0.0,2.77555756156289E-17,-1.0));
#5148=DIRECTION('',(0.0,1.0,2.77555756156289E-17));
#5149=SURFACE_STYLE_FILL_AREA(#7419);
#5150=ORIENTED_EDGE('',*,*,#6542,.T.);
#5151=ORIENTED_EDGE('',*,*,#7026,.T.);
#5152=ORIENTED_EDGE('',*,*,#7353,.F.);
#5153=ORIENTED_EDGE('',*,*,#7420,.F.);
#5154=CARTESIAN_POINT('',(10.300000572502,11.5922636308879,5.19999979850499));
#5155=DIRECTION('',(0.0,-1.0,-2.77555756156289E-17));
#5156=DIRECTION('',(-1.0,-1.79286569368411E-31,6.4594794160009E-15));
#5157=SURFACE_STYLE_FILL_AREA(#7421);
#5158=ORIENTED_EDGE('',*,*,#7352,.F.);
#5159=ORIENTED_EDGE('',*,*,#7126,.T.);
#5160=ORIENTED_EDGE('',*,*,#7343,.T.);
#5161=ORIENTED_EDGE('',*,*,#7420,.T.);
#5162=CARTESIAN_POINT('',(6.300000572502,11.560577,-12.200000201495));
#5163=DIRECTION('',(-1.0,-1.69953884180861E-33,6.12323399573677E-17));
#5164=DIRECTION('',(0.0,-1.0,-2.77555756156289E-17));
#5165=SURFACE_STYLE_FILL_AREA(#7422);
#5166=ORIENTED_EDGE('',*,*,#7423,.T.);
#5167=ORIENTED_EDGE('',*,*,#7424,.T.);
#5168=ORIENTED_EDGE('',*,*,#6924,.F.);
#5169=ORIENTED_EDGE('',*,*,#6807,.F.);
#5170=CARTESIAN_POINT('',(10.300000572502,13.1945515962156,18.799999798505));
#5171=DIRECTION('',(-0.0,-1.0,-2.77555756156289E-17));
#5172=DIRECTION('',(1.0,1.69953884180861E-33,-6.12323399573677E-17));
#5173=SURFACE_STYLE_FILL_AREA(#7425);
#5174=ORIENTED_EDGE('',*,*,#7426,.F.);
#5175=ORIENTED_EDGE('',*,*,#6898,.F.);
#5176=ORIENTED_EDGE('',*,*,#7427,.T.);
#5177=ORIENTED_EDGE('',*,*,#7428,.F.);
#5178=ORIENTED_EDGE('',*,*,#7429,.F.);
#5179=ORIENTED_EDGE('',*,*,#7430,.F.);
#5180=ORIENTED_EDGE('',*,*,#6961,.F.);
#5181=ORIENTED_EDGE('',*,*,#7431,.T.);
#5182=CARTESIAN_POINT('',(67.239131804705,14.7,6.65743899049599));
#5183=DIRECTION('',(0.0,1.0,2.77555756156289E-17));
#5184=DIRECTION('',(0.0,-2.77555756156289E-17,1.0));
#5185=SURFACE_STYLE_FILL_AREA(#7432);
#5186=ORIENTED_EDGE('',*,*,#7433,.F.);
#5187=ORIENTED_EDGE('',*,*,#7434,.T.);
#5188=ORIENTED_EDGE('',*,*,#7435,.T.);
#5189=ORIENTED_EDGE('',*,*,#7132,.F.);
#5190=CARTESIAN_POINT('',(37.16,0.999999999999999,3.69999939551602));
#5191=DIRECTION('',(6.12323399573677E-17,-2.77555756156289E-17,1.0));
#5192=DIRECTION('',(1.0,1.69953884180861E-33,-6.12323399573677E-17));
#5193=SURFACE_STYLE_FILL_AREA(#7436);
#5194=ORIENTED_EDGE('',*,*,#7437,.T.);
#5195=ORIENTED_EDGE('',*,*,#7438,.F.);
#5196=ORIENTED_EDGE('',*,*,#7439,.F.);
#5197=ORIENTED_EDGE('',*,*,#7440,.F.);
#5198=CARTESIAN_POINT('',(54.550000572502,0.499999999999995,4.95000000000002));
#5199=DIRECTION('',(0.0,-2.77555756156289E-17,1.0));
#5200=DIRECTION('',(1.0,0.0,0.0));
#5201=SURFACE_STYLE_FILL_AREA(#7441);
#5202=ORIENTED_EDGE('',*,*,#7442,.T.);
#5203=ORIENTED_EDGE('',*,*,#7443,.T.);
#5204=ORIENTED_EDGE('',*,*,#6574,.F.);
#5205=ORIENTED_EDGE('',*,*,#7444,.F.);
#5206=ORIENTED_EDGE('',*,*,#6698,.T.);
#5207=ORIENTED_EDGE('',*,*,#7445,.T.);
#5208=ORIENTED_EDGE('',*,*,#7446,.F.);
#5209=ORIENTED_EDGE('',*,*,#7447,.T.);
#5210=ORIENTED_EDGE('',*,*,#6830,.T.);
#5211=ORIENTED_EDGE('',*,*,#7448,.T.);
#5212=ORIENTED_EDGE('',*,*,#7449,.F.);
#5213=ORIENTED_EDGE('',*,*,#7450,.T.);
#5214=CARTESIAN_POINT('',(10.500000572496,18.4,6.60999999999501));
#5215=DIRECTION('',(-1.0,-1.22464658788737E-16,-5.48583979833601E-32));
#5216=DIRECTION('',(1.22464658788737E-16,-1.0,-2.77555756156289E-17));
#5217=SURFACE_STYLE_FILL_AREA(#7451);
#5218=ORIENTED_EDGE('',*,*,#6738,.F.);
#5219=ORIENTED_EDGE('',*,*,#7452,.T.);
#5220=ORIENTED_EDGE('',*,*,#6970,.F.);
#5221=ORIENTED_EDGE('',*,*,#7453,.T.);
#5222=ORIENTED_EDGE('',*,*,#7433,.T.);
#5223=ORIENTED_EDGE('',*,*,#7131,.T.);
#5224=ORIENTED_EDGE('',*,*,#7152,.T.);
#5225=ORIENTED_EDGE('',*,*,#6837,.T.);
#5226=ORIENTED_EDGE('',*,*,#7115,.F.);
#5227=ORIENTED_EDGE('',*,*,#6767,.T.);
#5228=ORIENTED_EDGE('',*,*,#7275,.T.);
#5229=ORIENTED_EDGE('',*,*,#7139,.F.);
#5230=ORIENTED_EDGE('',*,*,#7199,.T.);
#5231=ORIENTED_EDGE('',*,*,#6762,.T.);
#5232=ORIENTED_EDGE('',*,*,#7090,.T.);
#5233=ORIENTED_EDGE('',*,*,#7252,.F.);
#5234=CARTESIAN_POINT('',(74.556461563478,0.999999999999998,12.977675896375));
#5235=DIRECTION('',(-0.0,-1.0,-2.77555756156289E-17));
#5236=DIRECTION('',(-1.0,0.0,0.0));
#5237=SURFACE_STYLE_FILL_AREA(#7454);
#5238=ORIENTED_EDGE('',*,*,#7455,.T.);
#5239=ORIENTED_EDGE('',*,*,#6859,.F.);
#5240=ORIENTED_EDGE('',*,*,#6544,.F.);
#5241=ORIENTED_EDGE('',*,*,#6991,.T.);
#5242=CARTESIAN_POINT('',(10.300000572502,11.7336849871252,5.19999979850499));
#5243=DIRECTION('',(3.32309494037499E-49,1.0,2.77555756156289E-17));
#5244=DIRECTION('',(-1.0,1.69953884180861E-33,-6.12323399573677E-17));
#5245=SURFACE_STYLE_FILL_AREA(#7456);
#5246=ORIENTED_EDGE('',*,*,#7258,.F.);
#5247=ORIENTED_EDGE('',*,*,#7457,.F.);
#5248=ORIENTED_EDGE('',*,*,#7458,.T.);
#5249=ORIENTED_EDGE('',*,*,#7459,.F.);
#5250=ORIENTED_EDGE('',*,*,#6731,.T.);
#5251=ORIENTED_EDGE('',*,*,#7400,.F.);
#5252=ORIENTED_EDGE('',*,*,#7377,.F.);
#5253=ORIENTED_EDGE('',*,*,#6822,.T.);
#5254=ORIENTED_EDGE('',*,*,#7460,.T.);
#5255=ORIENTED_EDGE('',*,*,#7363,.F.);
#5256=ORIENTED_EDGE('',*,*,#7360,.F.);
#5257=ORIENTED_EDGE('',*,*,#7386,.F.);
#5258=ORIENTED_EDGE('',*,*,#6777,.F.);
#5259=ORIENTED_EDGE('',*,*,#6801,.T.);
#5260=ORIENTED_EDGE('',*,*,#6891,.F.);
#5261=ORIENTED_EDGE('',*,*,#7017,.F.);
#5262=ORIENTED_EDGE('',*,*,#6704,.F.);
#5263=ORIENTED_EDGE('',*,*,#7244,.T.);
#5264=ORIENTED_EDGE('',*,*,#7122,.T.);
#5265=ORIENTED_EDGE('',*,*,#6684,.T.);
#5266=ORIENTED_EDGE('',*,*,#7316,.F.);
#5267=ORIENTED_EDGE('',*,*,#6649,.T.);
#5268=ORIENTED_EDGE('',*,*,#7341,.T.);
#5269=ORIENTED_EDGE('',*,*,#7286,.T.);
#5270=ORIENTED_EDGE('',*,*,#6692,.F.);
#5271=ORIENTED_EDGE('',*,*,#7072,.F.);
#5272=ORIENTED_EDGE('',*,*,#6887,.F.);
#5273=ORIENTED_EDGE('',*,*,#6677,.T.);
#5274=ORIENTED_EDGE('',*,*,#7181,.T.);
#5275=ORIENTED_EDGE('',*,*,#6955,.T.);
#5276=ORIENTED_EDGE('',*,*,#6659,.F.);
#5277=ORIENTED_EDGE('',*,*,#7296,.F.);
#5278=ORIENTED_EDGE('',*,*,#7044,.T.);
#5279=ORIENTED_EDGE('',*,*,#7367,.F.);
#5280=ORIENTED_EDGE('',*,*,#6646,.F.);
#5281=ORIENTED_EDGE('',*,*,#7373,.T.);
#5282=ORIENTED_EDGE('',*,*,#7375,.T.);
#5283=ORIENTED_EDGE('',*,*,#6641,.T.);
#5284=ORIENTED_EDGE('',*,*,#6885,.F.);
#5285=ORIENTED_EDGE('',*,*,#7119,.F.);
#5286=ORIENTED_EDGE('',*,*,#7203,.T.);
#5287=ORIENTED_EDGE('',*,*,#7288,.T.);
#5288=ORIENTED_EDGE('',*,*,#7206,.T.);
#5289=ORIENTED_EDGE('',*,*,#7157,.T.);
#5290=ORIENTED_EDGE('',*,*,#7461,.T.);
#5291=ORIENTED_EDGE('',*,*,#7462,.F.);
#5292=ORIENTED_EDGE('',*,*,#7463,.F.);
#5293=ORIENTED_EDGE('',*,*,#7272,.F.);
#5294=ORIENTED_EDGE('',*,*,#7464,.F.);
#5295=ORIENTED_EDGE('',*,*,#7465,.T.);
#5296=ORIENTED_EDGE('',*,*,#7448,.F.);
#5297=ORIENTED_EDGE('',*,*,#6829,.F.);
#5298=ORIENTED_EDGE('',*,*,#6709,.F.);
#5299=ORIENTED_EDGE('',*,*,#6855,.T.);
#5300=ORIENTED_EDGE('',*,*,#7466,.T.);
#5301=ORIENTED_EDGE('',*,*,#6627,.T.);
#5302=ORIENTED_EDGE('',*,*,#7467,.F.);
#5303=ORIENTED_EDGE('',*,*,#6630,.T.);
#5304=ORIENTED_EDGE('',*,*,#7408,.T.);
#5305=ORIENTED_EDGE('',*,*,#7468,.T.);
#5306=ORIENTED_EDGE('',*,*,#6616,.F.);
#5307=ORIENTED_EDGE('',*,*,#7469,.F.);
#5308=ORIENTED_EDGE('',*,*,#7445,.F.);
#5309=ORIENTED_EDGE('',*,*,#6697,.T.);
#5310=ORIENTED_EDGE('',*,*,#7030,.T.);
#5311=ORIENTED_EDGE('',*,*,#7470,.T.);
#5312=ORIENTED_EDGE('',*,*,#6568,.F.);
#5313=ORIENTED_EDGE('',*,*,#7471,.F.);
#5314=ORIENTED_EDGE('',*,*,#7472,.F.);
#5315=ORIENTED_EDGE('',*,*,#7473,.F.);
#5316=ORIENTED_EDGE('',*,*,#6609,.F.);
#5317=ORIENTED_EDGE('',*,*,#7474,.F.);
#5318=ORIENTED_EDGE('',*,*,#7475,.T.);
#5319=ORIENTED_EDGE('',*,*,#6575,.T.);
#5320=ORIENTED_EDGE('',*,*,#7443,.F.);
#5321=ORIENTED_EDGE('',*,*,#7476,.F.);
#5322=ORIENTED_EDGE('',*,*,#6963,.T.);
#5323=ORIENTED_EDGE('',*,*,#7477,.T.);
#5324=ORIENTED_EDGE('',*,*,#7478,.T.);
#5325=ORIENTED_EDGE('',*,*,#7479,.T.);
#5326=CARTESIAN_POINT('',(14.530000572502,16.7,12.6500024));
#5327=DIRECTION('',(0.0,1.0,2.77555756156289E-17));
#5328=DIRECTION('',(0.0,-2.77555756156289E-17,1.0));
#5329=SURFACE_STYLE_FILL_AREA(#7480);
#5330=ORIENTED_EDGE('',*,*,#6624,.T.);
#5331=ORIENTED_EDGE('',*,*,#7466,.F.);
#5332=ORIENTED_EDGE('',*,*,#6854,.F.);
#5333=ORIENTED_EDGE('',*,*,#7481,.T.);
#5334=CARTESIAN_POINT('',(9.79350057249599,4.70000000000002,16.156500000005));
#5335=DIRECTION('',(1.22464658788737E-16,-1.0,-2.11452563798735E-16));
#5336=DIRECTION('',(-6.12323293943687E-17,2.11452563798735E-16,-1.0));
#5337=SURFACE_STYLE_FILL_AREA(#7482);
#5338=ORIENTED_EDGE('',*,*,#7483,.T.);
#5339=ORIENTED_EDGE('',*,*,#7085,.T.);
#5340=ORIENTED_EDGE('',*,*,#7354,.T.);
#5341=ORIENTED_EDGE('',*,*,#7484,.T.);
#5342=CARTESIAN_POINT('',(-8.39999942749802,6.26057700000001,21.9));
#5343=DIRECTION('',(0.0,2.77555756156289E-17,-1.0));
#5344=DIRECTION('',(0.0,1.0,2.77555756156289E-17));
#5345=SURFACE_STYLE_FILL_AREA(#7485);
#5346=ORIENTED_EDGE('',*,*,#7357,.T.);
#5347=ORIENTED_EDGE('',*,*,#7486,.F.);
#5348=ORIENTED_EDGE('',*,*,#7487,.F.);
#5349=ORIENTED_EDGE('',*,*,#7484,.F.);
#5350=CARTESIAN_POINT('',(11.600000572502,6.87649100000001,17.4));
#5351=DIRECTION('',(0.0,-1.0,-2.77555756156289E-17));
#5352=DIRECTION('',(1.0,0.0,0.0));
#5353=SURFACE_STYLE_FILL_AREA(#7488);
#5354=ORIENTED_EDGE('',*,*,#7489,.F.);
#5355=ORIENTED_EDGE('',*,*,#7490,.F.);
#5356=ORIENTED_EDGE('',*,*,#7389,.F.);
#5357=ORIENTED_EDGE('',*,*,#7491,.F.);
#5358=ORIENTED_EDGE('',*,*,#7259,.T.);
#5359=ORIENTED_EDGE('',*,*,#6826,.T.);
#5360=ORIENTED_EDGE('',*,*,#7022,.F.);
#5361=ORIENTED_EDGE('',*,*,#7194,.T.);
#5362=CARTESIAN_POINT('',(-0.699999427498,13.560577,2.249999798506));
#5363=DIRECTION('',(-1.0,0.0,0.0));
#5364=DIRECTION('',(0.0,-2.77555756156289E-17,1.0));
#5365=SURFACE_STYLE_FILL_AREA(#7492);
#5366=ORIENTED_EDGE('',*,*,#7452,.F.);
#5367=ORIENTED_EDGE('',*,*,#6737,.T.);
#5368=ORIENTED_EDGE('',*,*,#7493,.T.);
#5369=ORIENTED_EDGE('',*,*,#6971,.F.);
#5370=CARTESIAN_POINT('',(9.75999999999999,0.999999999999999,19.299999395516));
#5371=DIRECTION('',(0.0,1.0,2.77555756156289E-17));
#5372=DIRECTION('',(1.0,1.69953884180861E-33,-6.12323399573677E-17));
#5373=SURFACE_STYLE_FILL_AREA(#7494);
#5374=ORIENTED_EDGE('',*,*,#7292,.F.);
#5375=ORIENTED_EDGE('',*,*,#6976,.T.);
#5376=ORIENTED_EDGE('',*,*,#7495,.T.);
#5377=ORIENTED_EDGE('',*,*,#7496,.F.);
#5378=CARTESIAN_POINT('',(43.800000572502,11.7336849871252,22.858578442268));
#5379=DIRECTION('',(0.0,0.707106781186548,-0.707106781186547));
#5380=DIRECTION('',(1.0,0.0,0.0));
#5381=SURFACE_STYLE_FILL_AREA(#7497);
#5382=ORIENTED_EDGE('',*,*,#6853,.F.);
#5383=ORIENTED_EDGE('',*,*,#6707,.T.);
#5384=ORIENTED_EDGE('',*,*,#6831,.T.);
#5385=ORIENTED_EDGE('',*,*,#7447,.F.);
#5386=ORIENTED_EDGE('',*,*,#7498,.T.);
#5387=ORIENTED_EDGE('',*,*,#6618,.T.);
#5388=ORIENTED_EDGE('',*,*,#7499,.F.);
#5389=ORIENTED_EDGE('',*,*,#7406,.F.);
#5390=ORIENTED_EDGE('',*,*,#6632,.F.);
#5391=ORIENTED_EDGE('',*,*,#7500,.T.);
#5392=ORIENTED_EDGE('',*,*,#6625,.F.);
#5393=ORIENTED_EDGE('',*,*,#7481,.F.);
#5394=CARTESIAN_POINT('',(-14.198221999897,8.20000000000001,41.548961102842));
#5395=DIRECTION('',(-1.22464658788737E-16,1.0,2.11452563798735E-16));
#5396=DIRECTION('',(0.0,-2.11452563798735E-16,1.0));
#5397=SURFACE_STYLE_FILL_AREA(#7501);
#5398=ORIENTED_EDGE('',*,*,#7502,.F.);
#5399=ORIENTED_EDGE('',*,*,#7503,.T.);
#5400=ORIENTED_EDGE('',*,*,#7311,.F.);
#5401=ORIENTED_EDGE('',*,*,#7504,.T.);
#5402=ORIENTED_EDGE('',*,*,#7505,.F.);
#5403=ORIENTED_EDGE('',*,*,#7218,.F.);
#5404=ORIENTED_EDGE('',*,*,#7506,.T.);
#5405=ORIENTED_EDGE('',*,*,#7507,.F.);
#5406=ORIENTED_EDGE('',*,*,#7508,.F.);
#5407=ORIENTED_EDGE('',*,*,#7147,.F.);
#5408=ORIENTED_EDGE('',*,*,#7150,.T.);
#5409=ORIENTED_EDGE('',*,*,#7149,.F.);
#5410=ORIENTED_EDGE('',*,*,#7509,.F.);
#5411=ORIENTED_EDGE('',*,*,#7437,.F.);
#5412=ORIENTED_EDGE('',*,*,#7440,.T.);
#5413=ORIENTED_EDGE('',*,*,#7439,.T.);
#5414=ORIENTED_EDGE('',*,*,#7510,.T.);
#5415=ORIENTED_EDGE('',*,*,#7077,.F.);
#5416=ORIENTED_EDGE('',*,*,#7080,.T.);
#5417=ORIENTED_EDGE('',*,*,#7239,.F.);
#5418=ORIENTED_EDGE('',*,*,#6848,.F.);
#5419=ORIENTED_EDGE('',*,*,#7392,.F.);
#5420=ORIENTED_EDGE('',*,*,#6946,.F.);
#5421=ORIENTED_EDGE('',*,*,#7365,.F.);
#5422=CARTESIAN_POINT('',(72.400000572502,0.499999999999995,4.95000000000002));
#5423=DIRECTION('',(0.0,-2.77555756156289E-17,1.0));
#5424=DIRECTION('',(1.0,0.0,0.0));
#5425=SURFACE_STYLE_FILL_AREA(#7511);
#5426=ORIENTED_EDGE('',*,*,#6620,.T.);
#5427=ORIENTED_EDGE('',*,*,#6540,.T.);
#5428=ORIENTED_EDGE('',*,*,#7495,.F.);
#5429=ORIENTED_EDGE('',*,*,#7332,.F.);
#5430=CARTESIAN_POINT('',(32.300000572502,11.9579490558371,22.799999798505));
#5431=DIRECTION('',(1.0,0.0,0.0));
#5432=DIRECTION('',(0.0,-2.77555756156289E-17,1.0));
#5433=SURFACE_STYLE_FILL_AREA(#7512);
#5434=ORIENTED_EDGE('',*,*,#6615,.T.);
#5435=ORIENTED_EDGE('',*,*,#7498,.F.);
#5436=ORIENTED_EDGE('',*,*,#7446,.T.);
#5437=ORIENTED_EDGE('',*,*,#7469,.T.);
#5438=CARTESIAN_POINT('',(10.327500572496,4.70000000000002,12.788000000005));
#5439=DIRECTION('',(1.22464658788737E-16,-1.0,-2.11452563798735E-16));
#5440=DIRECTION('',(-6.12323293943687E-17,2.11452563798735E-16,-1.0));
#5441=SURFACE_STYLE_FILL_AREA(#7513);
#5442=ORIENTED_EDGE('',*,*,#7514,.F.);
#5443=ORIENTED_EDGE('',*,*,#7477,.F.);
#5444=ORIENTED_EDGE('',*,*,#6962,.T.);
#5445=ORIENTED_EDGE('',*,*,#7430,.T.);
#5446=CARTESIAN_POINT('',(11.000000572502,6.87649100000001,5.999999798506));
#5447=DIRECTION('',(-0.0,1.0,2.77555756156289E-17));
#5448=DIRECTION('',(1.0,0.0,0.0));
#5449=SURFACE_STYLE_FILL_AREA(#7515);
#5450=ORIENTED_EDGE('',*,*,#6995,.F.);
#5451=ORIENTED_EDGE('',*,*,#7516,.T.);
#5452=ORIENTED_EDGE('',*,*,#7517,.F.);
#5453=ORIENTED_EDGE('',*,*,#7518,.T.);
#5454=ORIENTED_EDGE('',*,*,#7519,.T.);
#5455=ORIENTED_EDGE('',*,*,#7520,.T.);
#5456=ORIENTED_EDGE('',*,*,#7521,.F.);
#5457=ORIENTED_EDGE('',*,*,#7522,.T.);
#5458=ORIENTED_EDGE('',*,*,#7411,.T.);
#5459=ORIENTED_EDGE('',*,*,#7397,.T.);
#5460=ORIENTED_EDGE('',*,*,#7267,.F.);
#5461=ORIENTED_EDGE('',*,*,#6881,.T.);
#5462=ORIENTED_EDGE('',*,*,#7223,.T.);
#5463=ORIENTED_EDGE('',*,*,#6983,.T.);
#5464=ORIENTED_EDGE('',*,*,#6869,.F.);
#5465=ORIENTED_EDGE('',*,*,#7250,.T.);
#5466=ORIENTED_EDGE('',*,*,#7523,.F.);
#5467=ORIENTED_EDGE('',*,*,#7524,.F.);
#5468=ORIENTED_EDGE('',*,*,#7525,.F.);
#5469=ORIENTED_EDGE('',*,*,#7526,.F.);
#5470=ORIENTED_EDGE('',*,*,#7109,.F.);
#5471=ORIENTED_EDGE('',*,*,#7527,.F.);
#5472=ORIENTED_EDGE('',*,*,#7306,.F.);
#5473=ORIENTED_EDGE('',*,*,#7528,.F.);
#5474=ORIENTED_EDGE('',*,*,#6736,.T.);
#5475=ORIENTED_EDGE('',*,*,#6839,.F.);
#5476=ORIENTED_EDGE('',*,*,#7153,.F.);
#5477=ORIENTED_EDGE('',*,*,#7133,.F.);
#5478=ORIENTED_EDGE('',*,*,#7435,.F.);
#5479=ORIENTED_EDGE('',*,*,#7529,.F.);
#5480=ORIENTED_EDGE('',*,*,#6972,.F.);
#5481=ORIENTED_EDGE('',*,*,#7493,.F.);
#5482=CARTESIAN_POINT('',(-4.11236514234599,7.32747196252603E-15,-278.70412615186));
#5483=DIRECTION('',(-0.0,-1.0,-2.77555756156289E-17));
#5484=DIRECTION('',(-1.0,0.0,0.0));
#5485=SURFACE_STYLE_FILL_AREA(#7530);
#5486=ORIENTED_EDGE('',*,*,#6993,.F.);
#5487=ORIENTED_EDGE('',*,*,#7531,.T.);
#5488=ORIENTED_EDGE('',*,*,#7496,.T.);
#5489=ORIENTED_EDGE('',*,*,#6539,.F.);
#5490=CARTESIAN_POINT('',(10.300000572502,11.7336849871252,18.799999798505));
#5491=DIRECTION('',(-3.32309494037499E-49,1.0,2.77555756156289E-17));
#5492=DIRECTION('',(-1.0,-1.69953884180861E-33,6.12323399573677E-17));
#5493=SURFACE_STYLE_FILL_AREA(#7532);
#5494=ORIENTED_EDGE('',*,*,#6611,.T.);
#5495=ORIENTED_EDGE('',*,*,#7533,.F.);
#5496=ORIENTED_EDGE('',*,*,#7534,.F.);
#5497=ORIENTED_EDGE('',*,*,#6533,.T.);
#5498=CARTESIAN_POINT('',(6.300000572502,11.9579490558371,36.199999798506));
#5499=DIRECTION('',(6.12323399573677E-17,2.77555756156289E-17,-1.0));
#5500=DIRECTION('',(-1.0,1.69953884180861E-33,-6.12323399573677E-17));
#5501=SURFACE_STYLE_FILL_AREA(#7535);
#5502=ORIENTED_EDGE('',*,*,#7460,.F.);
#5503=ORIENTED_EDGE('',*,*,#7536,.F.);
#5504=ORIENTED_EDGE('',*,*,#7502,.T.);
#5505=ORIENTED_EDGE('',*,*,#7364,.F.);
#5506=CARTESIAN_POINT('',(65.400000572502,16.271339295013,4.54748737341501));
#5507=DIRECTION('',(0.0,0.499999999999999,0.866025403784439));
#5508=DIRECTION('',(-1.0,-0.0,0.0));
#5509=SURFACE_STYLE_FILL_AREA(#7537);
#5510=ORIENTED_EDGE('',*,*,#7344,.F.);
#5511=ORIENTED_EDGE('',*,*,#7129,.T.);
#5512=ORIENTED_EDGE('',*,*,#7293,.T.);
#5513=ORIENTED_EDGE('',*,*,#7531,.F.);
#5514=CARTESIAN_POINT('',(10.300000572502,11.5922636308879,18.799999798505));
#5515=DIRECTION('',(0.0,1.0,2.77555756156289E-17));
#5516=DIRECTION('',(-1.0,1.79286569368411E-31,-6.4594794160009E-15));
#5517=SURFACE_STYLE_FILL_AREA(#7538);
#5518=ORIENTED_EDGE('',*,*,#6733,.F.);
#5519=ORIENTED_EDGE('',*,*,#7539,.F.);
#5520=ORIENTED_EDGE('',*,*,#7540,.T.);
#5521=ORIENTED_EDGE('',*,*,#7541,.T.);
#5522=ORIENTED_EDGE('',*,*,#7280,.T.);
#5523=ORIENTED_EDGE('',*,*,#6754,.F.);
#5524=ORIENTED_EDGE('',*,*,#6790,.T.);
#5525=ORIENTED_EDGE('',*,*,#7401,.T.);
#5526=CARTESIAN_POINT('',(-6.29999942749799,13.560577,21.749999798505));
#5527=DIRECTION('',(-1.0,0.0,0.0));
#5528=DIRECTION('',(0.0,2.77555756156289E-17,-1.0));
#5529=SURFACE_STYLE_FILL_AREA(#7542);
#5530=ORIENTED_EDGE('',*,*,#7282,.F.);
#5531=ORIENTED_EDGE('',*,*,#6808,.F.);
#5532=ORIENTED_EDGE('',*,*,#6923,.T.);
#5533=ORIENTED_EDGE('',*,*,#7144,.T.);
#5534=CARTESIAN_POINT('',(-19.999999427498,13.4445515962156,22.749999798505));
#5535=DIRECTION('',(1.0,0.0,0.0));
#5536=DIRECTION('',(0.0,-2.77555756156289E-17,1.0));
#5537=SURFACE_STYLE_FILL_AREA(#7543);
#5538=ORIENTED_EDGE('',*,*,#7544,.F.);
#5539=ORIENTED_EDGE('',*,*,#7028,.F.);
#5540=ORIENTED_EDGE('',*,*,#6699,.F.);
#5541=ORIENTED_EDGE('',*,*,#7444,.T.);
#5542=ORIENTED_EDGE('',*,*,#6573,.F.);
#5543=ORIENTED_EDGE('',*,*,#7545,.F.);
#5544=ORIENTED_EDGE('',*,*,#7546,.F.);
#5545=ORIENTED_EDGE('',*,*,#6607,.T.);
#5546=ORIENTED_EDGE('',*,*,#7547,.T.);
#5547=ORIENTED_EDGE('',*,*,#7548,.T.);
#5548=ORIENTED_EDGE('',*,*,#7549,.T.);
#5549=ORIENTED_EDGE('',*,*,#6570,.T.);
#5550=CARTESIAN_POINT('',(-14.198221999897,8.2,-17.548961102842));
#5551=DIRECTION('',(1.22464658788737E-16,-1.0,1.55941412567477E-16));
#5552=DIRECTION('',(-1.0,-1.22464658788737E-16,-3.39907709725298E-33));
#5553=SURFACE_STYLE_FILL_AREA(#7550);
#5554=ORIENTED_EDGE('',*,*,#7410,.T.);
#5555=ORIENTED_EDGE('',*,*,#7551,.T.);
#5556=ORIENTED_EDGE('',*,*,#7552,.F.);
#5557=ORIENTED_EDGE('',*,*,#7553,.T.);
#5558=ORIENTED_EDGE('',*,*,#7554,.T.);
#5559=ORIENTED_EDGE('',*,*,#7555,.T.);
#5560=ORIENTED_EDGE('',*,*,#7556,.T.);
#5561=ORIENTED_EDGE('',*,*,#7557,.F.);
#5562=ORIENTED_EDGE('',*,*,#6999,.F.);
#5563=ORIENTED_EDGE('',*,*,#7255,.T.);
#5564=ORIENTED_EDGE('',*,*,#7330,.F.);
#5565=ORIENTED_EDGE('',*,*,#7106,.T.);
#5566=ORIENTED_EDGE('',*,*,#7012,.T.);
#5567=ORIENTED_EDGE('',*,*,#6927,.T.);
#5568=ORIENTED_EDGE('',*,*,#7075,.T.);
#5569=ORIENTED_EDGE('',*,*,#6917,.F.);
#5570=ORIENTED_EDGE('',*,*,#6967,.F.);
#5571=ORIENTED_EDGE('',*,*,#7009,.F.);
#5572=ORIENTED_EDGE('',*,*,#7197,.T.);
#5573=ORIENTED_EDGE('',*,*,#7086,.T.);
#5574=ORIENTED_EDGE('',*,*,#7483,.F.);
#5575=ORIENTED_EDGE('',*,*,#7487,.T.);
#5576=ORIENTED_EDGE('',*,*,#7558,.F.);
#5577=ORIENTED_EDGE('',*,*,#7559,.T.);
#5578=CARTESIAN_POINT('',(71.130000572502,6.29999999999999,17.8));
#5579=DIRECTION('',(0.0,1.0,2.77555756156289E-17));
#5580=DIRECTION('',(0.0,-2.77555756156289E-17,1.0));
#5581=SURFACE_STYLE_FILL_AREA(#7560);
#5582=ORIENTED_EDGE('',*,*,#6606,.T.);
#5583=ORIENTED_EDGE('',*,*,#7473,.T.);
#5584=ORIENTED_EDGE('',*,*,#7561,.F.);
#5585=ORIENTED_EDGE('',*,*,#7547,.F.);
#5586=CARTESIAN_POINT('',(9.79350057249599,4.70000000000001,7.843499999995));
#5587=DIRECTION('',(1.22464658788737E-16,-1.0,1.55941412567477E-16));
#5588=DIRECTION('',(-6.12323293943687E-17,1.55941412567477E-16,1.0));
#5589=SURFACE_STYLE_FILL_AREA(#7562);
#5590=ORIENTED_EDGE('',*,*,#7464,.T.);
#5591=ORIENTED_EDGE('',*,*,#7271,.T.);
#5592=ORIENTED_EDGE('',*,*,#7563,.T.);
#5593=ORIENTED_EDGE('',*,*,#7564,.T.);
#5594=CARTESIAN_POINT('',(9.00000057250199,16.7,20.000000201494));
#5595=DIRECTION('',(1.0,0.0,0.0));
#5596=DIRECTION('',(0.0,-2.77555756156289E-17,1.0));
#5597=SURFACE_STYLE_FILL_AREA(#7565);
#5598=ORIENTED_EDGE('',*,*,#7463,.T.);
#5599=ORIENTED_EDGE('',*,*,#7566,.F.);
#5600=ORIENTED_EDGE('',*,*,#7567,.T.);
#5601=ORIENTED_EDGE('',*,*,#7273,.F.);
#5602=CARTESIAN_POINT('',(15.000000572502,16.7,20.000000201494));
#5603=DIRECTION('',(0.0,2.77555756156289E-17,-1.0));
#5604=DIRECTION('',(0.0,1.0,2.77555756156289E-17));
#5605=SURFACE_STYLE_FILL_AREA(#7568);
#5606=ORIENTED_EDGE('',*,*,#7426,.T.);
#5607=ORIENTED_EDGE('',*,*,#7569,.F.);
#5608=ORIENTED_EDGE('',*,*,#7570,.F.);
#5609=ORIENTED_EDGE('',*,*,#7571,.F.);
#5610=ORIENTED_EDGE('',*,*,#7314,.T.);
#5611=ORIENTED_EDGE('',*,*,#6899,.F.);
#5612=CARTESIAN_POINT('',(10.100000572502,0.799999999999991,18.5));
#5613=DIRECTION('',(1.0,0.0,0.0));
#5614=DIRECTION('',(0.0,-2.77555756156289E-17,1.0));
#5615=SURFACE_STYLE_FILL_AREA(#7572);
#5616=ORIENTED_EDGE('',*,*,#7407,.F.);
#5617=ORIENTED_EDGE('',*,*,#7499,.T.);
#5618=ORIENTED_EDGE('',*,*,#6617,.T.);
#5619=ORIENTED_EDGE('',*,*,#7468,.F.);
#5620=CARTESIAN_POINT('',(10.202630364427,4.70000000000002,12.935816376421));
#5621=DIRECTION('',(-0.645324072708576,-2.40559892447954E-16,0.763908922046873));
#5622=DIRECTION('',(3.39917833342145E-16,-1.0,-2.77555756156289E-17));
#5623=SURFACE_STYLE_FILL_AREA(#7573);
#5624=ORIENTED_EDGE('',*,*,#6537,.T.);
#5625=ORIENTED_EDGE('',*,*,#6622,.F.);
#5626=ORIENTED_EDGE('',*,*,#7424,.F.);
#5627=ORIENTED_EDGE('',*,*,#7533,.T.);
#5628=CARTESIAN_POINT('',(10.300000572502,11.9579490558371,18.799999798505));
#5629=DIRECTION('',(0.0,1.0,2.77555756156289E-17));
#5630=DIRECTION('',(-1.0,1.87824025052621E-31,-6.76707367390569E-15));
#5631=SURFACE_STYLE_FILL_AREA(#7574);
#5632=ORIENTED_EDGE('',*,*,#7575,.F.);
#5633=ORIENTED_EDGE('',*,*,#7576,.F.);
#5634=ORIENTED_EDGE('',*,*,#7577,.T.);
#5635=ORIENTED_EDGE('',*,*,#7578,.T.);
#5636=CARTESIAN_POINT('',(11.100000572502,14.7,18.35));
#5637=DIRECTION('',(0.0,-1.0,-2.77555756156289E-17));
#5638=DIRECTION('',(0.0,2.77555756156289E-17,-1.0));
#5639=SURFACE_STYLE_FILL_AREA(#7579);
#5640=ORIENTED_EDGE('',*,*,#7427,.F.);
#5641=ORIENTED_EDGE('',*,*,#6901,.F.);
#5642=ORIENTED_EDGE('',*,*,#7313,.F.);
#5643=ORIENTED_EDGE('',*,*,#7580,.F.);
#5644=CARTESIAN_POINT('',(12.471156572502,14.7,4.65000000000001));
#5645=DIRECTION('',(0.0,2.77555756156289E-17,-1.0));
#5646=DIRECTION('',(0.0,1.0,2.77555756156289E-17));
#5647=SURFACE_STYLE_FILL_AREA(#7581);
#5648=ORIENTED_EDGE('',*,*,#7458,.F.);
#5649=ORIENTED_EDGE('',*,*,#7582,.F.);
#5650=ORIENTED_EDGE('',*,*,#7583,.F.);
#5651=ORIENTED_EDGE('',*,*,#7584,.T.);
#5652=CARTESIAN_POINT('',(7.10000057250198,6.26057700000001,11.5));
#5653=DIRECTION('',(1.0,0.0,0.0));
#5654=DIRECTION('',(0.0,-2.77555756156289E-17,1.0));
#5655=SURFACE_STYLE_FILL_AREA(#7585);
#5656=ORIENTED_EDGE('',*,*,#6934,.F.);
#5657=ORIENTED_EDGE('',*,*,#7586,.F.);
#5658=ORIENTED_EDGE('',*,*,#7489,.T.);
#5659=ORIENTED_EDGE('',*,*,#7221,.T.);
#5660=CARTESIAN_POINT('',(68.500000572502,13.310577,1.749999798506));
#5661=DIRECTION('',(0.0,2.77555756156289E-17,-1.0));
#5662=DIRECTION('',(0.0,1.0,2.77555756156289E-17));
#5663=SURFACE_STYLE_FILL_AREA(#7587);
#5664=ORIENTED_EDGE('',*,*,#7588,.F.);
#5665=ORIENTED_EDGE('',*,*,#7566,.T.);
#5666=ORIENTED_EDGE('',*,*,#7462,.T.);
#5667=ORIENTED_EDGE('',*,*,#7589,.T.);
#5668=ORIENTED_EDGE('',*,*,#7069,.T.);
#5669=ORIENTED_EDGE('',*,*,#7590,.T.);
#5670=ORIENTED_EDGE('',*,*,#7591,.T.);
#5671=CARTESIAN_POINT('',(15.209429449749,16.6981723418767,5.5));
#5672=DIRECTION('',(-0.999847695156391,0.0174524064372835,4.84401586544711E-19));
#5673=DIRECTION('',(0.0,2.77555756156289E-17,-1.0));
#5674=SURFACE_STYLE_FILL_AREA(#7592);
#5675=ORIENTED_EDGE('',*,*,#7431,.F.);
#5676=ORIENTED_EDGE('',*,*,#6960,.F.);
#5677=ORIENTED_EDGE('',*,*,#7476,.T.);
#5678=ORIENTED_EDGE('',*,*,#7442,.F.);
#5679=ORIENTED_EDGE('',*,*,#7593,.F.);
#5680=ORIENTED_EDGE('',*,*,#7569,.T.);
#5681=CARTESIAN_POINT('',(9.50000057249599,17.239423,7.0));
#5682=DIRECTION('',(0.0,2.77555756156289E-17,-1.0));
#5683=DIRECTION('',(0.0,1.0,2.77555756156289E-17));
#5684=SURFACE_STYLE_FILL_AREA(#7594);
#5685=ORIENTED_EDGE('',*,*,#7200,.T.);
#5686=ORIENTED_EDGE('',*,*,#7141,.T.);
#5687=ORIENTED_EDGE('',*,*,#7276,.T.);
#5688=ORIENTED_EDGE('',*,*,#6769,.F.);
#5689=ORIENTED_EDGE('',*,*,#7114,.T.);
#5690=ORIENTED_EDGE('',*,*,#7253,.T.);
#5691=ORIENTED_EDGE('',*,*,#7091,.T.);
#5692=ORIENTED_EDGE('',*,*,#6764,.F.);
#5693=ORIENTED_EDGE('',*,*,#7171,.T.);
#5694=ORIENTED_EDGE('',*,*,#7595,.T.);
#5695=ORIENTED_EDGE('',*,*,#7438,.T.);
#5696=ORIENTED_EDGE('',*,*,#7509,.T.);
#5697=ORIENTED_EDGE('',*,*,#7148,.T.);
#5698=ORIENTED_EDGE('',*,*,#7508,.T.);
#5699=ORIENTED_EDGE('',*,*,#7596,.T.);
#5700=ORIENTED_EDGE('',*,*,#7597,.T.);
#5701=ORIENTED_EDGE('',*,*,#7598,.T.);
#5702=ORIENTED_EDGE('',*,*,#7062,.T.);
#5703=ORIENTED_EDGE('',*,*,#7278,.T.);
#5704=ORIENTED_EDGE('',*,*,#7058,.T.);
#5705=ORIENTED_EDGE('',*,*,#6987,.T.);
#5706=ORIENTED_EDGE('',*,*,#7057,.F.);
#5707=ORIENTED_EDGE('',*,*,#7383,.T.);
#5708=ORIENTED_EDGE('',*,*,#7214,.F.);
#5709=ORIENTED_EDGE('',*,*,#7078,.T.);
#5710=ORIENTED_EDGE('',*,*,#7510,.F.);
#5711=ORIENTED_EDGE('',*,*,#6865,.T.);
#5712=ORIENTED_EDGE('',*,*,#7599,.T.);
#5713=CARTESIAN_POINT('',(52.015073928405,0.499999999999995,5.888427089391));
#5714=DIRECTION('',(0.0,1.0,2.77555756156289E-17));
#5715=DIRECTION('',(0.0,-2.77555756156289E-17,1.0));
#5716=SURFACE_STYLE_FILL_AREA(#7600);
#5717=ORIENTED_EDGE('',*,*,#7601,.T.);
#5718=ORIENTED_EDGE('',*,*,#7602,.T.);
#5719=ORIENTED_EDGE('',*,*,#7603,.F.);
#5720=ORIENTED_EDGE('',*,*,#7604,.T.);
#5721=ORIENTED_EDGE('',*,*,#7605,.F.);
#5722=CARTESIAN_POINT('',(-10.962365142346,1.00000000000001,-278.70412615186));
#5723=DIRECTION('',(-0.0,-1.0,-2.77555756156289E-17));
#5724=DIRECTION('',(-1.0,0.0,0.0));
#5725=SURFACE_STYLE_FILL_AREA(#7606);
#5726=ORIENTED_EDGE('',*,*,#7607,.T.);
#5727=ORIENTED_EDGE('',*,*,#7578,.F.);
#5728=ORIENTED_EDGE('',*,*,#7608,.F.);
#5729=ORIENTED_EDGE('',*,*,#7322,.T.);
#5730=ORIENTED_EDGE('',*,*,#7609,.T.);
#5731=ORIENTED_EDGE('',*,*,#7610,.F.);
#5732=CARTESIAN_POINT('',(10.100000572502,0.799999999999995,5.5));
#5733=DIRECTION('',(-1.0,-0.0,0.0));
#5734=DIRECTION('',(0.0,-1.0,-2.77555756156289E-17));
#5735=SURFACE_STYLE_FILL_AREA(#7611);
#5736=ORIENTED_EDGE('',*,*,#7453,.F.);
#5737=ORIENTED_EDGE('',*,*,#6973,.T.);
#5738=ORIENTED_EDGE('',*,*,#7529,.T.);
#5739=ORIENTED_EDGE('',*,*,#7434,.F.);
#5740=CARTESIAN_POINT('',(9.75999999999999,0.999999999999999,4.69999939551602));
#5741=DIRECTION('',(0.0,1.0,2.77555756156289E-17));
#5742=DIRECTION('',(1.0,1.69953884180861E-33,-6.12323399573677E-17));
#5743=SURFACE_STYLE_FILL_AREA(#7612);
#5744=ORIENTED_EDGE('',*,*,#7613,.F.);
#5745=ORIENTED_EDGE('',*,*,#7614,.T.);
#5746=ORIENTED_EDGE('',*,*,#6941,.F.);
#5747=ORIENTED_EDGE('',*,*,#7602,.F.);
#5748=ORIENTED_EDGE('',*,*,#7615,.T.);
#5749=ORIENTED_EDGE('',*,*,#7616,.F.);
#5750=ORIENTED_EDGE('',*,*,#7617,.T.);
#5751=CARTESIAN_POINT('',(3.08257298773501,5.10342560111521,2.0));
#5752=DIRECTION('',(0.0,2.77555756156289E-17,-1.0));
#5753=DIRECTION('',(0.0,1.0,2.77555756156289E-17));
#5754=SURFACE_STYLE_FILL_AREA(#7618);
#5755=ORIENTED_EDGE('',*,*,#6603,.F.);
#5756=ORIENTED_EDGE('',*,*,#7619,.T.);
#5757=ORIENTED_EDGE('',*,*,#7620,.T.);
#5758=ORIENTED_EDGE('',*,*,#7621,.F.);
#5759=ORIENTED_EDGE('',*,*,#7613,.T.);
#5760=ORIENTED_EDGE('',*,*,#7622,.T.);
#5761=ORIENTED_EDGE('',*,*,#7623,.F.);
#5762=ORIENTED_EDGE('',*,*,#7624,.T.);
#5763=CARTESIAN_POINT('',(0.0,4.3,8.07369820149401));
#5764=DIRECTION('',(-1.0,-0.0,0.0));
#5765=DIRECTION('',(0.0,-1.0,-2.77555756156289E-17));
#5766=SURFACE_STYLE_FILL_AREA(#7625);
#5767=ORIENTED_EDGE('',*,*,#7626,.T.);
#5768=ORIENTED_EDGE('',*,*,#7558,.T.);
#5769=ORIENTED_EDGE('',*,*,#7486,.T.);
#5770=ORIENTED_EDGE('',*,*,#7356,.T.);
#5771=CARTESIAN_POINT('',(7.10000057250198,6.26057700000001,11.5));
#5772=DIRECTION('',(1.0,0.0,0.0));
#5773=DIRECTION('',(0.0,-2.77555756156289E-17,1.0));
#5774=SURFACE_STYLE_FILL_AREA(#7627);
#5775=ORIENTED_EDGE('',*,*,#7003,.T.);
#5776=ORIENTED_EDGE('',*,*,#7628,.F.);
#5777=ORIENTED_EDGE('',*,*,#6563,.T.);
#5778=ORIENTED_EDGE('',*,*,#7629,.F.);
#5779=ORIENTED_EDGE('',*,*,#7630,.F.);
#5780=CARTESIAN_POINT('',(61.322734004688,5.3,3.35461836751099));
#5781=DIRECTION('',(0.0,1.0,2.77555756156289E-17));
#5782=DIRECTION('',(0.0,-2.77555756156289E-17,1.0));
#5783=SURFACE_STYLE_FILL_AREA(#7631);
#5784=ORIENTED_EDGE('',*,*,#7523,.T.);
#5785=ORIENTED_EDGE('',*,*,#7632,.F.);
#5786=ORIENTED_EDGE('',*,*,#7633,.F.);
#5787=ORIENTED_EDGE('',*,*,#7634,.T.);
#5788=CARTESIAN_POINT('',(4.69999999999999,0.999999999999999,20.799999395516));
#5789=DIRECTION('',(2.18952885050753E-49,1.0,2.77555756156289E-17));
#5790=DIRECTION('',(1.0,1.69953884180861E-33,-6.12323399573677E-17));
#5791=SURFACE_STYLE_FILL_AREA(#7635);
#5792=ORIENTED_EDGE('',*,*,#7636,.T.);
#5793=ORIENTED_EDGE('',*,*,#7637,.T.);
#5794=ORIENTED_EDGE('',*,*,#7633,.T.);
#5795=ORIENTED_EDGE('',*,*,#7638,.T.);
#5796=CARTESIAN_POINT('',(-10.962365142346,1.00000000000001,-278.70412615186));
#5797=DIRECTION('',(-0.0,-1.0,-2.77555756156289E-17));
#5798=DIRECTION('',(-1.0,0.0,0.0));
#5799=SURFACE_STYLE_FILL_AREA(#7639);
#5800=ORIENTED_EDGE('',*,*,#7640,.T.);
#5801=ORIENTED_EDGE('',*,*,#7641,.T.);
#5802=ORIENTED_EDGE('',*,*,#7636,.F.);
#5803=ORIENTED_EDGE('',*,*,#7642,.F.);
#5804=CARTESIAN_POINT('',(4.70000057250201,18.8633677,20.799999597011));
#5805=DIRECTION('',(0.0,1.0,2.77555756156289E-17));
#5806=DIRECTION('',(0.0,-2.77555756156289E-17,1.0));
#5807=SURFACE_STYLE_FILL_AREA(#7643);
#5808=ORIENTED_EDGE('',*,*,#6565,.F.);
#5809=ORIENTED_EDGE('',*,*,#7644,.F.);
#5810=ORIENTED_EDGE('',*,*,#7001,.T.);
#5811=ORIENTED_EDGE('',*,*,#7645,.F.);
#5812=ORIENTED_EDGE('',*,*,#7646,.F.);
#5813=ORIENTED_EDGE('',*,*,#7640,.F.);
#5814=ORIENTED_EDGE('',*,*,#7647,.F.);
#5815=CARTESIAN_POINT('',(61.322734004688,3.8,3.35461836751099));
#5816=DIRECTION('',(0.0,1.0,2.77555756156289E-17));
#5817=DIRECTION('',(0.0,-2.77555756156289E-17,1.0));
#5818=SURFACE_STYLE_FILL_AREA(#7648);
#5819=ORIENTED_EDGE('',*,*,#7525,.T.);
#5820=ORIENTED_EDGE('',*,*,#7649,.F.);
#5821=ORIENTED_EDGE('',*,*,#7650,.F.);
#5822=ORIENTED_EDGE('',*,*,#7651,.T.);
#5823=CARTESIAN_POINT('',(4.69999999999999,0.999999999999999,3.19999939551701));
#5824=DIRECTION('',(2.18952885050753E-49,1.0,2.77555756156289E-17));
#5825=DIRECTION('',(1.0,1.69953884180861E-33,-6.12323399573677E-17));
#5826=SURFACE_STYLE_FILL_AREA(#7652);
#5827=ORIENTED_EDGE('',*,*,#7653,.F.);
#5828=ORIENTED_EDGE('',*,*,#7654,.F.);
#5829=ORIENTED_EDGE('',*,*,#7650,.T.);
#5830=ORIENTED_EDGE('',*,*,#7655,.T.);
#5831=CARTESIAN_POINT('',(-10.962365142346,1.00000000000001,-278.70412615186));
#5832=DIRECTION('',(-0.0,-1.0,-2.77555756156289E-17));
#5833=DIRECTION('',(-1.0,0.0,0.0));
#5834=SURFACE_STYLE_FILL_AREA(#7656);
#5835=ORIENTED_EDGE('',*,*,#7653,.T.);
#5836=ORIENTED_EDGE('',*,*,#7657,.F.);
#5837=ORIENTED_EDGE('',*,*,#7658,.F.);
#5838=ORIENTED_EDGE('',*,*,#7659,.T.);
#5839=CARTESIAN_POINT('',(4.70000057250201,18.3633677,3.20000040298899));
#5840=DIRECTION('',(0.0,1.0,2.77555756156289E-17));
#5841=DIRECTION('',(0.0,2.77555756156289E-17,-1.0));
#5842=SURFACE_STYLE_FILL_AREA(#7660);
#5843=ORIENTED_EDGE('',*,*,#6578,.T.);
#5844=ORIENTED_EDGE('',*,*,#7661,.T.);
#5845=ORIENTED_EDGE('',*,*,#7662,.T.);
#5846=ORIENTED_EDGE('',*,*,#7417,.F.);
#5847=ORIENTED_EDGE('',*,*,#7663,.F.);
#5848=ORIENTED_EDGE('',*,*,#7658,.T.);
#5849=ORIENTED_EDGE('',*,*,#7664,.T.);
#5850=CARTESIAN_POINT('',(61.322734004688,3.8,3.35461836751099));
#5851=DIRECTION('',(0.0,1.0,2.77555756156289E-17));
#5852=DIRECTION('',(0.0,-2.77555756156289E-17,1.0));
#5853=SURFACE_STYLE_FILL_AREA(#7665);
#5854=ORIENTED_EDGE('',*,*,#7623,.T.);
#5855=ORIENTED_EDGE('',*,*,#7666,.F.);
#5856=ORIENTED_EDGE('',*,*,#7667,.F.);
#5857=ORIENTED_EDGE('',*,*,#7668,.F.);
#5858=ORIENTED_EDGE('',*,*,#7669,.T.);
#5859=ORIENTED_EDGE('',*,*,#7670,.T.);
#5860=ORIENTED_EDGE('',*,*,#7671,.F.);
#5861=CARTESIAN_POINT('',(3.08257298773501,5.10342560111522,22.0));
#5862=DIRECTION('',(0.0,2.77555756156289E-17,-1.0));
#5863=DIRECTION('',(0.0,1.0,2.77555756156289E-17));
#5864=SURFACE_STYLE_FILL_AREA(#7672);
#5865=ORIENTED_EDGE('',*,*,#6594,.F.);
#5866=ORIENTED_EDGE('',*,*,#7624,.F.);
#5867=ORIENTED_EDGE('',*,*,#7671,.T.);
#5868=CARTESIAN_POINT('',(14.978281167657,0.999999999999998,23.224500529024));
#5869=DIRECTION('',(0.0,1.0,2.77555756156289E-17));
#5870=DIRECTION('',(0.0,-2.77555756156289E-17,1.0));
#5871=SURFACE_STYLE_FILL_AREA(#7673);
#5872=ORIENTED_EDGE('',*,*,#7669,.F.);
#5873=ORIENTED_EDGE('',*,*,#7674,.T.);
#5874=ORIENTED_EDGE('',*,*,#7675,.F.);
#5875=ORIENTED_EDGE('',*,*,#7676,.T.);
#5876=ORIENTED_EDGE('',*,*,#7677,.F.);
#5877=CARTESIAN_POINT('',(-10.962365142346,1.00000000000001,-278.70412615186));
#5878=DIRECTION('',(-0.0,-1.0,-2.77555756156289E-17));
#5879=DIRECTION('',(-1.0,0.0,0.0));
#5880=SURFACE_STYLE_FILL_AREA(#7678);
#5881=ORIENTED_EDGE('',*,*,#6599,.T.);
#5882=ORIENTED_EDGE('',*,*,#7679,.F.);
#5883=ORIENTED_EDGE('',*,*,#7680,.F.);
#5884=ORIENTED_EDGE('',*,*,#7681,.T.);
#5885=CARTESIAN_POINT('',(1.0,7.41591399999999,23.0));
#5886=DIRECTION('',(-0.0,1.0,2.77555756156289E-17));
#5887=DIRECTION('',(1.0,0.0,0.0));
#5888=SURFACE_STYLE_FILL_AREA(#7682);
#5889=ORIENTED_EDGE('',*,*,#7677,.T.);
#5890=ORIENTED_EDGE('',*,*,#7683,.T.);
#5891=ORIENTED_EDGE('',*,*,#7516,.F.);
#5892=ORIENTED_EDGE('',*,*,#7005,.F.);
#5893=ORIENTED_EDGE('',*,*,#7684,.T.);
#5894=ORIENTED_EDGE('',*,*,#7680,.T.);
#5895=ORIENTED_EDGE('',*,*,#7685,.T.);
#5896=ORIENTED_EDGE('',*,*,#6596,.F.);
#5897=ORIENTED_EDGE('',*,*,#7686,.T.);
#5898=CARTESIAN_POINT('',(4.29999999999998,0.999999999999999,21.199999395517));
#5899=DIRECTION('',(0.0,1.0,2.77555756156289E-17));
#5900=DIRECTION('',(1.0,1.69953884180861E-33,-6.12323399573677E-17));
#5901=SURFACE_STYLE_FILL_AREA(#7687);
#5902=ORIENTED_EDGE('',*,*,#7679,.T.);
#5903=ORIENTED_EDGE('',*,*,#6604,.T.);
#5904=ORIENTED_EDGE('',*,*,#6597,.T.);
#5905=ORIENTED_EDGE('',*,*,#7685,.F.);
#5906=CARTESIAN_POINT('',(60.63836240415,0.099999999999999,22.919110997415));
#5907=DIRECTION('',(-0.0,-1.0,-2.77555756156289E-17));
#5908=DIRECTION('',(-1.0,0.0,0.0));
#5909=SURFACE_STYLE_FILL_AREA(#7688);
#5910=ORIENTED_EDGE('',*,*,#7355,.T.);
#5911=ORIENTED_EDGE('',*,*,#6968,.F.);
#5912=ORIENTED_EDGE('',*,*,#7559,.F.);
#5913=ORIENTED_EDGE('',*,*,#7626,.F.);
#5914=CARTESIAN_POINT('',(11.600000572502,6.87649100000001,6.59999999999999));
#5915=DIRECTION('',(-0.0,1.0,2.77555756156289E-17));
#5916=DIRECTION('',(1.0,0.0,0.0));
#5917=SURFACE_STYLE_FILL_AREA(#7689);
#5918=ORIENTED_EDGE('',*,*,#7644,.T.);
#5919=ORIENTED_EDGE('',*,*,#6564,.T.);
#5920=ORIENTED_EDGE('',*,*,#7628,.T.);
#5921=ORIENTED_EDGE('',*,*,#7002,.T.);
#5922=CARTESIAN_POINT('',(1.59999999999999,3.8,20.799999597011));
#5923=DIRECTION('',(1.0,0.0,0.0));
#5924=DIRECTION('',(0.0,-2.77555756156289E-17,1.0));
#5925=SURFACE_STYLE_FILL_AREA(#7690);
#5926=ORIENTED_EDGE('',*,*,#7691,.T.);
#5927=ORIENTED_EDGE('',*,*,#7645,.T.);
#5928=ORIENTED_EDGE('',*,*,#7000,.T.);
#5929=ORIENTED_EDGE('',*,*,#7557,.T.);
#5930=CARTESIAN_POINT('',(7.800000572502,6.29999999999999,21.0));
#5931=DIRECTION('',(-1.0,-0.0,0.0));
#5932=DIRECTION('',(0.0,-1.0,-2.77555756156289E-17));
#5933=SURFACE_STYLE_FILL_AREA(#7692);
#5934=ORIENTED_EDGE('',*,*,#7684,.F.);
#5935=ORIENTED_EDGE('',*,*,#7004,.F.);
#5936=ORIENTED_EDGE('',*,*,#6600,.F.);
#5937=ORIENTED_EDGE('',*,*,#7681,.F.);
#5938=CARTESIAN_POINT('',(49.856461563478,0.999999999999998,12.977675896375));
#5939=DIRECTION('',(-0.0,-1.0,-2.77555756156289E-17));
#5940=DIRECTION('',(-1.0,0.0,0.0));
#5941=SURFACE_STYLE_FILL_AREA(#7693);
#5942=ORIENTED_EDGE('',*,*,#7676,.F.);
#5943=ORIENTED_EDGE('',*,*,#7694,.T.);
#5944=ORIENTED_EDGE('',*,*,#7517,.T.);
#5945=ORIENTED_EDGE('',*,*,#7683,.F.);
#5946=CARTESIAN_POINT('',(1.5,0.999999999999999,20.799999395516));
#5947=DIRECTION('',(-1.0,1.97045272420971E-30,-7.09930412360163E-14));
#5948=DIRECTION('',(7.09930412360163E-14,2.77555756156289E-17,-1.0));
#5949=SURFACE_STYLE_FILL_AREA(#7695);
#5950=ORIENTED_EDGE('',*,*,#7675,.T.);
#5951=ORIENTED_EDGE('',*,*,#7696,.T.);
#5952=ORIENTED_EDGE('',*,*,#7518,.F.);
#5953=ORIENTED_EDGE('',*,*,#7694,.F.);
#5954=CARTESIAN_POINT('',(4.69999999999999,0.999999999999999,20.799999395516));
#5955=DIRECTION('',(2.67276471009221E-49,1.0,2.77555756156289E-17));
#5956=DIRECTION('',(1.0,1.69953884180861E-33,-6.12323399573677E-17));
#5957=SURFACE_STYLE_FILL_AREA(#7697);
#5958=ORIENTED_EDGE('',*,*,#7686,.F.);
#5959=ORIENTED_EDGE('',*,*,#6595,.F.);
#5960=ORIENTED_EDGE('',*,*,#7670,.F.);
#5961=CARTESIAN_POINT('',(49.856461563478,0.999999999999998,12.977675896375));
#5962=DIRECTION('',(-0.0,-1.0,-2.77555756156289E-17));
#5963=DIRECTION('',(-1.0,0.0,0.0));
#5964=SURFACE_STYLE_FILL_AREA(#7698);
#5965=ORIENTED_EDGE('',*,*,#7616,.T.);
#5966=ORIENTED_EDGE('',*,*,#7699,.F.);
#5967=ORIENTED_EDGE('',*,*,#7700,.T.);
#5968=ORIENTED_EDGE('',*,*,#7701,.T.);
#5969=ORIENTED_EDGE('',*,*,#7702,.T.);
#5970=ORIENTED_EDGE('',*,*,#7703,.F.);
#5971=ORIENTED_EDGE('',*,*,#7667,.T.);
#5972=ORIENTED_EDGE('',*,*,#7704,.F.);
#5973=CARTESIAN_POINT('',(1.73375659383498,3.55168404727384,11.999999798506));
#5974=DIRECTION('',(-0.342020143325669,-0.939692620785908,-2.60817095916718E-17));
#5975=DIRECTION('',(-0.939692620785908,0.342020143325669,9.49296595014384E-18));
#5976=SURFACE_STYLE_FILL_AREA(#7705);
#5977=ORIENTED_EDGE('',*,*,#7706,.T.);
#5978=ORIENTED_EDGE('',*,*,#7702,.F.);
#5979=ORIENTED_EDGE('',*,*,#7707,.F.);
#5980=ORIENTED_EDGE('',*,*,#7708,.T.);
#5981=CARTESIAN_POINT('',(2.70000057250201,0.999999999999998,17.0));
#5982=DIRECTION('',(0.0,-2.77555756156289E-17,1.0));
#5983=DIRECTION('',(1.0,0.0,0.0));
#5984=SURFACE_STYLE_FILL_AREA(#7709);
#5985=ORIENTED_EDGE('',*,*,#7710,.T.);
#5986=ORIENTED_EDGE('',*,*,#7711,.T.);
#5987=ORIENTED_EDGE('',*,*,#7707,.T.);
#5988=ORIENTED_EDGE('',*,*,#7701,.F.);
#5989=CARTESIAN_POINT('',(2.00000057250199,0.999999999999998,7.0));
#5990=DIRECTION('',(-1.0,-0.0,0.0));
#5991=DIRECTION('',(0.0,-1.0,-2.77555756156289E-17));
#5992=SURFACE_STYLE_FILL_AREA(#7712);
#5993=ORIENTED_EDGE('',*,*,#7713,.T.);
#5994=ORIENTED_EDGE('',*,*,#7519,.F.);
#5995=ORIENTED_EDGE('',*,*,#7696,.F.);
#5996=ORIENTED_EDGE('',*,*,#7674,.F.);
#5997=ORIENTED_EDGE('',*,*,#7668,.T.);
#5998=ORIENTED_EDGE('',*,*,#7703,.T.);
#5999=ORIENTED_EDGE('',*,*,#7706,.F.);
#6000=ORIENTED_EDGE('',*,*,#7714,.T.);
#6001=ORIENTED_EDGE('',*,*,#7715,.F.);
#6002=ORIENTED_EDGE('',*,*,#7699,.T.);
#6003=ORIENTED_EDGE('',*,*,#7615,.F.);
#6004=ORIENTED_EDGE('',*,*,#7601,.F.);
#6005=CARTESIAN_POINT('',(2.69999999999999,0.999999999999999,5.697998594876));
#6006=DIRECTION('',(-1.0,-1.69953884180861E-33,6.12323399573677E-17));
#6007=DIRECTION('',(0.0,-1.0,-2.77555756156289E-17));
#6008=SURFACE_STYLE_FILL_AREA(#7716);
#6009=ORIENTED_EDGE('',*,*,#7715,.T.);
#6010=ORIENTED_EDGE('',*,*,#7717,.T.);
#6011=ORIENTED_EDGE('',*,*,#7710,.F.);
#6012=ORIENTED_EDGE('',*,*,#7700,.F.);
#6013=CARTESIAN_POINT('',(2.70000057250201,0.999999999999998,7.0));
#6014=DIRECTION('',(0.0,2.77555756156289E-17,-1.0));
#6015=DIRECTION('',(0.0,1.0,2.77555756156289E-17));
#6016=SURFACE_STYLE_FILL_AREA(#7718);
#6017=ORIENTED_EDGE('',*,*,#7714,.F.);
#6018=ORIENTED_EDGE('',*,*,#7708,.F.);
#6019=ORIENTED_EDGE('',*,*,#7711,.F.);
#6020=ORIENTED_EDGE('',*,*,#7717,.F.);
#6021=CARTESIAN_POINT('',(49.856461563478,0.0999999999999982,12.977675896375));
#6022=DIRECTION('',(-0.0,-1.0,-2.77555756156289E-17));
#6023=DIRECTION('',(-1.0,0.0,0.0));
#6024=SURFACE_STYLE_FILL_AREA(#7719);
#6025=ORIENTED_EDGE('',*,*,#7704,.T.);
#6026=ORIENTED_EDGE('',*,*,#7666,.T.);
#6027=ORIENTED_EDGE('',*,*,#7622,.F.);
#6028=ORIENTED_EDGE('',*,*,#7617,.F.);
#6029=CARTESIAN_POINT('',(1.34246923371501,3.51745083908233,24.9300024));
#6030=DIRECTION('',(0.0871557427476582,-0.996194698091746,-2.7649957270774E-17));
#6031=DIRECTION('',(0.0,2.77555756156289E-17,-1.0));
#6032=SURFACE_STYLE_FILL_AREA(#7720);
#6033=ORIENTED_EDGE('',*,*,#7605,.T.);
#6034=ORIENTED_EDGE('',*,*,#7721,.T.);
#6035=ORIENTED_EDGE('',*,*,#7520,.F.);
#6036=ORIENTED_EDGE('',*,*,#7713,.F.);
#6037=CARTESIAN_POINT('',(4.69999999999999,0.999999999999999,3.19999939551701));
#6038=DIRECTION('',(0.0,1.0,2.77555756156289E-17));
#6039=DIRECTION('',(1.0,1.69953884180861E-33,-6.12323399573677E-17));
#6040=SURFACE_STYLE_FILL_AREA(#7722);
#6041=ORIENTED_EDGE('',*,*,#7604,.F.);
#6042=ORIENTED_EDGE('',*,*,#7723,.T.);
#6043=ORIENTED_EDGE('',*,*,#7521,.T.);
#6044=ORIENTED_EDGE('',*,*,#7721,.F.);
#6045=CARTESIAN_POINT('',(1.5,1.0,2.79999939551601));
#6046=DIRECTION('',(-1.0,-1.69953884180861E-33,6.12323399573677E-17));
#6047=DIRECTION('',(0.0,-1.0,-2.77555756156289E-17));
#6048=SURFACE_STYLE_FILL_AREA(#7724);
#6049=ORIENTED_EDGE('',*,*,#7725,.F.);
#6050=ORIENTED_EDGE('',*,*,#6589,.F.);
#6051=ORIENTED_EDGE('',*,*,#7726,.F.);
#6052=ORIENTED_EDGE('',*,*,#7413,.T.);
#6053=CARTESIAN_POINT('',(49.856461563478,0.999999999999998,12.977675896375));
#6054=DIRECTION('',(-0.0,-1.0,-2.77555756156289E-17));
#6055=DIRECTION('',(-1.0,0.0,0.0));
#6056=SURFACE_STYLE_FILL_AREA(#7727);
#6057=ORIENTED_EDGE('',*,*,#6583,.T.);
#6058=ORIENTED_EDGE('',*,*,#7728,.T.);
#6059=ORIENTED_EDGE('',*,*,#6591,.T.);
#6060=ORIENTED_EDGE('',*,*,#7729,.F.);
#6061=CARTESIAN_POINT('',(60.63836240415,0.099999999999999,22.919110997415));
#6062=DIRECTION('',(-0.0,-1.0,-2.77555756156289E-17));
#6063=DIRECTION('',(-1.0,0.0,0.0));
#6064=SURFACE_STYLE_FILL_AREA(#7730);
#6065=ORIENTED_EDGE('',*,*,#6588,.T.);
#6066=ORIENTED_EDGE('',*,*,#7728,.F.);
#6067=ORIENTED_EDGE('',*,*,#6582,.T.);
#6068=ORIENTED_EDGE('',*,*,#7620,.F.);
#6069=ORIENTED_EDGE('',*,*,#7731,.T.);
#6070=ORIENTED_EDGE('',*,*,#7414,.T.);
#6071=ORIENTED_EDGE('',*,*,#7726,.T.);
#6072=CARTESIAN_POINT('',(1.0,6.91591399999999,1.0));
#6073=DIRECTION('',(-0.0,1.0,2.77555756156289E-17));
#6074=DIRECTION('',(1.0,0.0,0.0));
#6075=SURFACE_STYLE_FILL_AREA(#7732);
#6076=ORIENTED_EDGE('',*,*,#7725,.T.);
#6077=ORIENTED_EDGE('',*,*,#7412,.T.);
#6078=ORIENTED_EDGE('',*,*,#7522,.F.);
#6079=ORIENTED_EDGE('',*,*,#7723,.F.);
#6080=ORIENTED_EDGE('',*,*,#7603,.T.);
#6081=ORIENTED_EDGE('',*,*,#6940,.T.);
#6082=ORIENTED_EDGE('',*,*,#6584,.T.);
#6083=ORIENTED_EDGE('',*,*,#7729,.T.);
#6084=ORIENTED_EDGE('',*,*,#6590,.F.);
#6085=CARTESIAN_POINT('',(4.29999999999998,1.0,2.79999939551601));
#6086=DIRECTION('',(0.0,1.0,2.77555756156289E-17));
#6087=DIRECTION('',(1.0,1.69953884180861E-33,-6.12323399573677E-17));
#6088=SURFACE_STYLE_FILL_AREA(#7733);
#6089=ORIENTED_EDGE('',*,*,#7540,.F.);
#6090=ORIENTED_EDGE('',*,*,#7734,.T.);
#6091=ORIENTED_EDGE('',*,*,#7735,.T.);
#6092=CARTESIAN_POINT('',(-11.699999427498,14.060577,21.249999798505));
#6093=DIRECTION('',(0.0,1.0,2.77555756156289E-17));
#6094=DIRECTION('',(0.0,-2.77555756156289E-17,1.0));
#6095=SURFACE_STYLE_FILL_AREA(#7736);
#6096=ORIENTED_EDGE('',*,*,#7737,.T.);
#6097=ORIENTED_EDGE('',*,*,#7738,.T.);
#6098=ORIENTED_EDGE('',*,*,#7553,.F.);
#6099=ORIENTED_EDGE('',*,*,#7739,.F.);
#6100=CARTESIAN_POINT('',(4.70000008011999,3.8,6.30000040298901));
#6101=DIRECTION('',(0.0,-2.77555756156289E-17,1.0));
#6102=DIRECTION('',(1.0,0.0,0.0));
#6103=SURFACE_STYLE_FILL_AREA(#7740);
#6104=ORIENTED_EDGE('',*,*,#7741,.F.);
#6105=ORIENTED_EDGE('',*,*,#7554,.F.);
#6106=ORIENTED_EDGE('',*,*,#7738,.F.);
#6107=ORIENTED_EDGE('',*,*,#7742,.T.);
#6108=ORIENTED_EDGE('',*,*,#7731,.F.);
#6109=ORIENTED_EDGE('',*,*,#7619,.F.);
#6110=ORIENTED_EDGE('',*,*,#6602,.F.);
#6111=ORIENTED_EDGE('',*,*,#7630,.T.);
#6112=CARTESIAN_POINT('',(1.00000057250199,5.29999999999999,9.09999999999999));
#6113=DIRECTION('',(0.707106781186548,-0.707106781186548,-1.96261557335472E-17));
#6114=DIRECTION('',(0.0,2.77555756156289E-17,-1.0));
#6115=SURFACE_STYLE_FILL_AREA(#7743);
#6116=ORIENTED_EDGE('',*,*,#7737,.F.);
#6117=ORIENTED_EDGE('',*,*,#6580,.F.);
#6118=ORIENTED_EDGE('',*,*,#7744,.F.);
#6119=ORIENTED_EDGE('',*,*,#7415,.F.);
#6120=ORIENTED_EDGE('',*,*,#7742,.F.);
#6121=CARTESIAN_POINT('',(61.322734004688,5.3,3.35461836751099));
#6122=DIRECTION('',(0.0,1.0,2.77555756156289E-17));
#6123=DIRECTION('',(0.0,-2.77555756156289E-17,1.0));
#6124=SURFACE_STYLE_FILL_AREA(#7745);
#6125=ORIENTED_EDGE('',*,*,#6577,.T.);
#6126=ORIENTED_EDGE('',*,*,#7739,.T.);
#6127=ORIENTED_EDGE('',*,*,#7552,.T.);
#6128=ORIENTED_EDGE('',*,*,#7746,.F.);
#6129=ORIENTED_EDGE('',*,*,#7661,.F.);
#6130=CARTESIAN_POINT('',(4.70000008011999,3.8,3.20000080597799));
#6131=DIRECTION('',(0.0,-1.0,-2.77555756156289E-17));
#6132=DIRECTION('',(0.0,2.77555756156289E-17,-1.0));
#6133=SURFACE_STYLE_FILL_AREA(#7747);
#6134=ORIENTED_EDGE('',*,*,#6586,.F.);
#6135=ORIENTED_EDGE('',*,*,#7614,.F.);
#6136=ORIENTED_EDGE('',*,*,#7621,.T.);
#6137=CARTESIAN_POINT('',(14.978281167657,0.999999999999998,23.224500529024));
#6138=DIRECTION('',(0.0,1.0,2.77555756156289E-17));
#6139=DIRECTION('',(0.0,-2.77555756156289E-17,1.0));
#6140=SURFACE_STYLE_FILL_AREA(#7748);
#6141=ORIENTED_EDGE('',*,*,#7663,.T.);
#6142=ORIENTED_EDGE('',*,*,#7416,.F.);
#6143=ORIENTED_EDGE('',*,*,#7744,.T.);
#6144=ORIENTED_EDGE('',*,*,#6579,.F.);
#6145=CARTESIAN_POINT('',(1.59999999999999,3.8,4.02989002168397E-07));
#6146=DIRECTION('',(1.0,0.0,0.0));
#6147=DIRECTION('',(0.0,-2.77555756156289E-17,1.0));
#6148=SURFACE_STYLE_FILL_AREA(#7749);
#6149=ORIENTED_EDGE('',*,*,#7551,.F.);
#6150=ORIENTED_EDGE('',*,*,#7418,.T.);
#6151=ORIENTED_EDGE('',*,*,#7662,.F.);
#6152=ORIENTED_EDGE('',*,*,#7746,.T.);
#6153=CARTESIAN_POINT('',(7.800000572502,6.29999999999999,3.0));
#6154=DIRECTION('',(1.0,0.0,0.0));
#6155=DIRECTION('',(0.0,-2.77555756156289E-17,1.0));
#6156=SURFACE_STYLE_FILL_AREA(#7750);
#6157=ORIENTED_EDGE('',*,*,#7555,.F.);
#6158=ORIENTED_EDGE('',*,*,#7741,.T.);
#6159=ORIENTED_EDGE('',*,*,#7629,.T.);
#6160=ORIENTED_EDGE('',*,*,#7751,.T.);
#6161=CARTESIAN_POINT('',(-0.398882919880009,3.8,17.7));
#6162=DIRECTION('',(0.0,2.77555756156289E-17,-1.0));
#6163=DIRECTION('',(0.0,1.0,2.77555756156289E-17));
#6164=SURFACE_STYLE_FILL_AREA(#7752);
#6165=ORIENTED_EDGE('',*,*,#7504,.F.);
#6166=ORIENTED_EDGE('',*,*,#7310,.F.);
#6167=ORIENTED_EDGE('',*,*,#7571,.T.);
#6168=ORIENTED_EDGE('',*,*,#7753,.T.);
#6169=CARTESIAN_POINT('',(11.100000572502,7.41591399999999,5.95000000000002));
#6170=DIRECTION('',(0.0,1.0,2.77555756156289E-17));
#6171=DIRECTION('',(-1.0,0.0,0.0));
#6172=SURFACE_STYLE_FILL_AREA(#7754);
#6173=ORIENTED_EDGE('',*,*,#6572,.T.);
#6174=ORIENTED_EDGE('',*,*,#7475,.F.);
#6175=ORIENTED_EDGE('',*,*,#7755,.F.);
#6176=ORIENTED_EDGE('',*,*,#7545,.T.);
#6177=CARTESIAN_POINT('',(10.327500572496,4.70000000000001,7.78799999999501));
#6178=DIRECTION('',(1.22464658788737E-16,-1.0,1.55941412567477E-16));
#6179=DIRECTION('',(-6.12323293943687E-17,1.55941412567477E-16,1.0));
#6180=SURFACE_STYLE_FILL_AREA(#7756);
#6181=ORIENTED_EDGE('',*,*,#7428,.T.);
#6182=ORIENTED_EDGE('',*,*,#7580,.T.);
#6183=ORIENTED_EDGE('',*,*,#7312,.F.);
#6184=ORIENTED_EDGE('',*,*,#7503,.F.);
#6185=ORIENTED_EDGE('',*,*,#7536,.T.);
#6186=ORIENTED_EDGE('',*,*,#7479,.F.);
#6187=ORIENTED_EDGE('',*,*,#7757,.T.);
#6188=CARTESIAN_POINT('',(15.209429449749,16.6981723418767,18.5));
#6189=DIRECTION('',(0.999847695156391,-0.0174524064372835,-4.84401586544711E-19));
#6190=DIRECTION('',(0.0,2.77555756156289E-17,-1.0));
#6191=SURFACE_STYLE_FILL_AREA(#7758);
#6192=ORIENTED_EDGE('',*,*,#7759,.T.);
#6193=ORIENTED_EDGE('',*,*,#7760,.T.);
#6194=ORIENTED_EDGE('',*,*,#7541,.F.);
#6195=ORIENTED_EDGE('',*,*,#7735,.F.);
#6196=ORIENTED_EDGE('',*,*,#7761,.F.);
#6197=CARTESIAN_POINT('',(10.300000572502,13.560577,18.799999798505));
#6198=DIRECTION('',(4.02556295410743E-47,1.0,2.77555756156289E-17));
#6199=DIRECTION('',(-1.0,3.21984042947348E-31,-1.16006977266954E-14));
#6200=SURFACE_STYLE_FILL_AREA(#7762);
#6201=ORIENTED_EDGE('',*,*,#7763,.F.);
#6202=ORIENTED_EDGE('',*,*,#7591,.F.);
#6203=ORIENTED_EDGE('',*,*,#7764,.T.);
#6204=ORIENTED_EDGE('',*,*,#7576,.T.);
#6205=CARTESIAN_POINT('',(12.471156572502,14.7,19.35));
#6206=DIRECTION('',(0.0,2.77555756156289E-17,-1.0));
#6207=DIRECTION('',(0.0,1.0,2.77555756156289E-17));
#6208=SURFACE_STYLE_FILL_AREA(#7765);
#6209=ORIENTED_EDGE('',*,*,#6608,.F.);
#6210=ORIENTED_EDGE('',*,*,#7546,.T.);
#6211=ORIENTED_EDGE('',*,*,#7755,.T.);
#6212=ORIENTED_EDGE('',*,*,#7474,.T.);
#6213=CARTESIAN_POINT('',(9.918370780565,4.70000000000001,7.69568362357901));
#6214=DIRECTION('',(0.64532407270856,-4.00956440044782E-17,-0.763908922046887));
#6215=DIRECTION('',(-3.97711665748269E-33,1.0,-5.24874665647866E-17));
#6216=SURFACE_STYLE_FILL_AREA(#7766);
#6217=ORIENTED_EDGE('',*,*,#6532,.T.);
#6218=ORIENTED_EDGE('',*,*,#6724,.T.);
#6219=ORIENTED_EDGE('',*,*,#7455,.F.);
#6220=ORIENTED_EDGE('',*,*,#6612,.F.);
#6221=CARTESIAN_POINT('',(10.300000572502,11.9579490558371,5.19999979850499));
#6222=DIRECTION('',(0.0,-1.0,-2.77555756156289E-17));
#6223=DIRECTION('',(-1.0,-1.87824025052621E-31,6.76707367390569E-15));
#6224=SURFACE_STYLE_FILL_AREA(#7767);
#6225=ORIENTED_EDGE('',*,*,#7768,.T.);
#6226=ORIENTED_EDGE('',*,*,#6835,.T.);
#6227=ORIENTED_EDGE('',*,*,#6534,.F.);
#6228=ORIENTED_EDGE('',*,*,#7769,.F.);
#6229=CARTESIAN_POINT('',(10.300000572502,13.1945515962156,5.19999979850499));
#6230=DIRECTION('',(-0.0,-1.0,-2.77555756156289E-17));
#6231=DIRECTION('',(1.0,-1.69953884180861E-33,6.12323399573677E-17));
#6232=SURFACE_STYLE_FILL_AREA(#7770);
#6233=ORIENTED_EDGE('',*,*,#7534,.T.);
#6234=ORIENTED_EDGE('',*,*,#7423,.F.);
#6235=ORIENTED_EDGE('',*,*,#7771,.F.);
#6236=ORIENTED_EDGE('',*,*,#7769,.T.);
#6237=CARTESIAN_POINT('',(6.12679549174499,12.0579490558371,-11.200000201495));
#6238=DIRECTION('',(-0.866025403784439,0.5,6.69065497440597E-17));
#6239=DIRECTION('',(-6.12323399573676E-17,2.77555756156289E-17,-1.0));
#6240=SURFACE_STYLE_FILL_AREA(#7772);
#6241=ORIENTED_EDGE('',*,*,#7773,.F.);
#6242=ORIENTED_EDGE('',*,*,#7771,.T.);
#6243=ORIENTED_EDGE('',*,*,#6806,.T.);
#6244=ORIENTED_EDGE('',*,*,#7774,.T.);
#6245=CARTESIAN_POINT('',(6.35000057250198,13.4445515962156,35.199999798506));
#6246=DIRECTION('',(6.12323399573677E-17,2.77555756156289E-17,-1.0));
#6247=DIRECTION('',(-1.0,1.69953884180861E-33,-6.12323399573677E-17));
#6248=SURFACE_STYLE_FILL_AREA(#7775);
#6249=ORIENTED_EDGE('',*,*,#7776,.T.);
#6250=ORIENTED_EDGE('',*,*,#6935,.F.);
#6251=ORIENTED_EDGE('',*,*,#7768,.F.);
#6252=ORIENTED_EDGE('',*,*,#7773,.T.);
#6253=CARTESIAN_POINT('',(10.300000572502,13.4445515962156,5.19999979850499));
#6254=DIRECTION('',(2.24531079045794E-47,-1.0,-2.77555756156289E-17));
#6255=DIRECTION('',(-1.0,-1.77272113532811E-31,6.38690099559638E-15));
#6256=SURFACE_STYLE_FILL_AREA(#7777);
#6257=ORIENTED_EDGE('',*,*,#7778,.T.);
#6258=ORIENTED_EDGE('',*,*,#7586,.T.);
#6259=ORIENTED_EDGE('',*,*,#7776,.F.);
#6260=ORIENTED_EDGE('',*,*,#7779,.T.);
#6261=CARTESIAN_POINT('',(10.300000572502,13.5025642981078,5.19999979850499));
#6262=DIRECTION('',(-2.29944218704842E-49,1.0,2.77555756156289E-17));
#6263=DIRECTION('',(1.0,-1.69953884180861E-33,6.12323399573677E-17));
#6264=SURFACE_STYLE_FILL_AREA(#7780);
#6265=ORIENTED_EDGE('',*,*,#7390,.T.);
#6266=ORIENTED_EDGE('',*,*,#7490,.T.);
#6267=ORIENTED_EDGE('',*,*,#7778,.F.);
#6268=ORIENTED_EDGE('',*,*,#7781,.F.);
#6269=ORIENTED_EDGE('',*,*,#7782,.F.);
#6270=CARTESIAN_POINT('',(10.300000572502,13.560577,5.19999979850499));
#6271=DIRECTION('',(4.02556295410743E-47,-1.0,-2.77555756156289E-17));
#6272=DIRECTION('',(-1.0,-3.21984042947348E-31,1.16006977266954E-14));
#6273=SURFACE_STYLE_FILL_AREA(#7783);
#6274=ORIENTED_EDGE('',*,*,#7774,.F.);
#6275=ORIENTED_EDGE('',*,*,#7784,.T.);
#6276=ORIENTED_EDGE('',*,*,#7785,.F.);
#6277=ORIENTED_EDGE('',*,*,#7779,.F.);
#6278=CARTESIAN_POINT('',(6.85000057250198,13.310577,-11.200000201495));
#6279=DIRECTION('',(-1.0,-1.69953884180861E-33,6.12323399573677E-17));
#6280=DIRECTION('',(0.0,-1.0,-2.77555756156289E-17));
#6281=SURFACE_STYLE_FILL_AREA(#7786);
#6282=ORIENTED_EDGE('',*,*,#7781,.T.);
#6283=ORIENTED_EDGE('',*,*,#7785,.T.);
#6284=ORIENTED_EDGE('',*,*,#7759,.F.);
#6285=ORIENTED_EDGE('',*,*,#7787,.T.);
#6286=ORIENTED_EDGE('',*,*,#7583,.T.);
#6287=ORIENTED_EDGE('',*,*,#7788,.F.);
#6288=CARTESIAN_POINT('',(7.35000057250198,13.560577,35.199999798506));
#6289=DIRECTION('',(-6.12323399573677E-17,-2.77555756156289E-17,1.0));
#6290=DIRECTION('',(1.0,-1.69953884180861E-33,6.12323399573677E-17));
#6291=SURFACE_STYLE_FILL_AREA(#7789);
#6292=ORIENTED_EDGE('',*,*,#7459,.T.);
#6293=ORIENTED_EDGE('',*,*,#7584,.F.);
#6294=ORIENTED_EDGE('',*,*,#7787,.F.);
#6295=ORIENTED_EDGE('',*,*,#7761,.T.);
#6296=ORIENTED_EDGE('',*,*,#7734,.F.);
#6297=ORIENTED_EDGE('',*,*,#7539,.T.);
#6298=ORIENTED_EDGE('',*,*,#6732,.F.);
#6299=CARTESIAN_POINT('',(11.600000572502,6.87649100000001,17.4));
#6300=DIRECTION('',(0.0,-1.0,-2.77555756156289E-17));
#6301=DIRECTION('',(1.0,0.0,0.0));
#6302=SURFACE_STYLE_FILL_AREA(#7790);
#6303=ORIENTED_EDGE('',*,*,#7457,.T.);
#6304=ORIENTED_EDGE('',*,*,#7260,.F.);
#6305=ORIENTED_EDGE('',*,*,#7491,.T.);
#6306=ORIENTED_EDGE('',*,*,#7388,.F.);
#6307=ORIENTED_EDGE('',*,*,#7782,.T.);
#6308=ORIENTED_EDGE('',*,*,#7788,.T.);
#6309=ORIENTED_EDGE('',*,*,#7582,.T.);
#6310=CARTESIAN_POINT('',(11.600000572502,6.87649100000001,6.59999999999999));
#6311=DIRECTION('',(-0.0,1.0,2.77555756156289E-17));
#6312=DIRECTION('',(1.0,0.0,0.0));
#6313=SURFACE_STYLE_FILL_AREA(#7791);
#6314=ORIENTED_EDGE('',*,*,#7784,.F.);
#6315=ORIENTED_EDGE('',*,*,#6809,.T.);
#6316=ORIENTED_EDGE('',*,*,#7281,.F.);
#6317=ORIENTED_EDGE('',*,*,#7760,.F.);
#6318=CARTESIAN_POINT('',(10.300000572502,13.5025642981078,18.799999798505));
#6319=DIRECTION('',(2.29944218704842E-49,1.0,2.77555756156289E-17));
#6320=DIRECTION('',(1.0,1.69953884180861E-33,-6.12323399573677E-17));
#6321=SURFACE_STYLE_FILL_AREA(#7792);
#6322=ORIENTED_EDGE('',*,*,#7051,.T.);
#6323=ORIENTED_EDGE('',*,*,#7589,.F.);
#6324=ORIENTED_EDGE('',*,*,#7461,.F.);
#6325=ORIENTED_EDGE('',*,*,#7156,.F.);
#6326=CARTESIAN_POINT('',(29.700000572502,16.271339295013,19.452512626585));
#6327=DIRECTION('',(0.0,-0.499999999999999,0.866025403784439));
#6328=DIRECTION('',(-1.0,0.0,0.0));
#6329=SURFACE_STYLE_FILL_AREA(#7793);
#6330=ORIENTED_EDGE('',*,*,#6631,.T.);
#6331=ORIENTED_EDGE('',*,*,#7467,.T.);
#6332=ORIENTED_EDGE('',*,*,#6626,.F.);
#6333=ORIENTED_EDGE('',*,*,#7500,.F.);
#6334=CARTESIAN_POINT('',(9.60000057249599,17.9,7.750000000005));
#6335=DIRECTION('',(-1.0,1.08978734233739E-32,-1.22464658788737E-16));
#6336=DIRECTION('',(1.22464658788737E-16,2.77555756156289E-17,-1.0));
#6337=SURFACE_STYLE_FILL_AREA(#7794);
#6338=ORIENTED_EDGE('',*,*,#6567,.T.);
#6339=ORIENTED_EDGE('',*,*,#7549,.F.);
#6340=ORIENTED_EDGE('',*,*,#7795,.T.);
#6341=ORIENTED_EDGE('',*,*,#7471,.T.);
#6342=CARTESIAN_POINT('',(9.79350057249599,4.70000000000001,11.156499999995));
#6343=DIRECTION('',(1.22464658788737E-16,-1.0,1.55941412567477E-16));
#6344=DIRECTION('',(-6.12323293943687E-17,1.55941412567477E-16,1.0));
#6345=SURFACE_STYLE_FILL_AREA(#7796);
#6346=ORIENTED_EDGE('',*,*,#7795,.F.);
#6347=ORIENTED_EDGE('',*,*,#7548,.F.);
#6348=ORIENTED_EDGE('',*,*,#7561,.T.);
#6349=ORIENTED_EDGE('',*,*,#7472,.T.);
#6350=CARTESIAN_POINT('',(9.60000057249599,17.9,16.249999999995));
#6351=DIRECTION('',(1.0,-4.09971922886793E-33,-1.22464658788737E-16));
#6352=DIRECTION('',(1.22464658788737E-16,-2.77555756156289E-17,1.0));
#6353=SURFACE_STYLE_FILL_AREA(#7797);
#6354=ORIENTED_EDGE('',*,*,#7064,.F.);
#6355=ORIENTED_EDGE('',*,*,#7063,.T.);
#6356=ORIENTED_EDGE('',*,*,#7598,.F.);
#6357=ORIENTED_EDGE('',*,*,#7798,.F.);
#6358=CARTESIAN_POINT('',(18.040000572502,3.5,19.05));
#6359=DIRECTION('',(0.0,2.77555756156289E-17,-1.0));
#6360=DIRECTION('',(0.0,1.0,2.77555756156289E-17));
#6361=SURFACE_STYLE_FILL_AREA(#7799);
#6362=ORIENTED_EDGE('',*,*,#7763,.T.);
#6363=ORIENTED_EDGE('',*,*,#7575,.T.);
#6364=ORIENTED_EDGE('',*,*,#7607,.F.);
#6365=ORIENTED_EDGE('',*,*,#7800,.F.);
#6366=ORIENTED_EDGE('',*,*,#7563,.F.);
#6367=ORIENTED_EDGE('',*,*,#7270,.T.);
#6368=ORIENTED_EDGE('',*,*,#7567,.F.);
#6369=ORIENTED_EDGE('',*,*,#7588,.T.);
#6370=CARTESIAN_POINT('',(67.239131804705,14.7,17.342561009504));
#6371=DIRECTION('',(-0.0,-1.0,-2.77555756156289E-17));
#6372=DIRECTION('',(-1.0,0.0,0.0));
#6373=SURFACE_STYLE_FILL_AREA(#7801);
#6374=ORIENTED_EDGE('',*,*,#7802,.F.);
#6375=ORIENTED_EDGE('',*,*,#7217,.F.);
#6376=ORIENTED_EDGE('',*,*,#7798,.T.);
#6377=ORIENTED_EDGE('',*,*,#7597,.F.);
#6378=CARTESIAN_POINT('',(17.300000572502,1.7,15.05));
#6379=DIRECTION('',(1.0,0.0,0.0));
#6380=DIRECTION('',(0.0,-2.77555756156289E-17,1.0));
#6381=SURFACE_STYLE_FILL_AREA(#7803);
#6382=ORIENTED_EDGE('',*,*,#7029,.F.);
#6383=ORIENTED_EDGE('',*,*,#7544,.T.);
#6384=ORIENTED_EDGE('',*,*,#6569,.T.);
#6385=ORIENTED_EDGE('',*,*,#7470,.F.);
#6386=CARTESIAN_POINT('',(10.202630364427,4.70000000000001,11.064183623579));
#6387=DIRECTION('',(0.645324072708576,1.98154428749303E-16,0.763908922046873));
#6388=DIRECTION('',(3.39917833342145E-16,-1.0,-2.77555756156289E-17));
#6389=SURFACE_STYLE_FILL_AREA(#7804);
#6390=ORIENTED_EDGE('',*,*,#7478,.F.);
#6391=ORIENTED_EDGE('',*,*,#7514,.T.);
#6392=ORIENTED_EDGE('',*,*,#7429,.T.);
#6393=ORIENTED_EDGE('',*,*,#7757,.F.);
#6394=CARTESIAN_POINT('',(15.000000572502,16.7,3.999999798506));
#6395=DIRECTION('',(0.0,2.77555756156289E-17,-1.0));
#6396=DIRECTION('',(0.0,1.0,2.77555756156289E-17));
#6397=SURFACE_STYLE_FILL_AREA(#7805);
#6398=ORIENTED_EDGE('',*,*,#6562,.T.);
#6399=ORIENTED_EDGE('',*,*,#7646,.T.);
#6400=ORIENTED_EDGE('',*,*,#7691,.F.);
#6401=ORIENTED_EDGE('',*,*,#7556,.F.);
#6402=ORIENTED_EDGE('',*,*,#7751,.F.);
#6403=CARTESIAN_POINT('',(4.70000008011999,3.8,20.799999597011));
#6404=DIRECTION('',(0.0,1.0,2.77555756156289E-17));
#6405=DIRECTION('',(0.0,-2.77555756156289E-17,1.0));
#6406=SURFACE_STYLE_FILL_AREA(#7806);
#6407=ORIENTED_EDGE('',*,*,#7216,.F.);
#6408=ORIENTED_EDGE('',*,*,#7505,.T.);
#6409=ORIENTED_EDGE('',*,*,#7753,.F.);
#6410=ORIENTED_EDGE('',*,*,#7570,.T.);
#6411=ORIENTED_EDGE('',*,*,#7593,.T.);
#6412=ORIENTED_EDGE('',*,*,#7450,.F.);
#6413=ORIENTED_EDGE('',*,*,#7807,.F.);
#6414=ORIENTED_EDGE('',*,*,#7609,.F.);
#6415=ORIENTED_EDGE('',*,*,#7324,.T.);
#6416=ORIENTED_EDGE('',*,*,#7066,.T.);
#6417=ORIENTED_EDGE('',*,*,#7169,.F.);
#6418=ORIENTED_EDGE('',*,*,#7808,.F.);
#6419=CARTESIAN_POINT('',(18.000000572502,1.99999999999999,11.5));
#6420=DIRECTION('',(-0.0,-1.0,-2.77555756156289E-17));
#6421=DIRECTION('',(-1.0,0.0,0.0));
#6422=SURFACE_STYLE_FILL_AREA(#7809);
#6423=ORIENTED_EDGE('',*,*,#7800,.T.);
#6424=ORIENTED_EDGE('',*,*,#7610,.T.);
#6425=ORIENTED_EDGE('',*,*,#7807,.T.);
#6426=ORIENTED_EDGE('',*,*,#7449,.T.);
#6427=ORIENTED_EDGE('',*,*,#7465,.F.);
#6428=ORIENTED_EDGE('',*,*,#7564,.F.);
#6429=CARTESIAN_POINT('',(9.50000057249599,17.2,17.0));
#6430=DIRECTION('',(0.0,2.77555756156289E-17,-1.0));
#6431=DIRECTION('',(0.0,1.0,2.77555756156289E-17));
#6432=SURFACE_STYLE_FILL_AREA(#7810);
#6433=ORIENTED_EDGE('',*,*,#7596,.F.);
#6434=ORIENTED_EDGE('',*,*,#7507,.T.);
#6435=ORIENTED_EDGE('',*,*,#7506,.F.);
#6436=ORIENTED_EDGE('',*,*,#7802,.T.);
#6437=CARTESIAN_POINT('',(36.700000572502,0.499999999999995,4.95000000000002));
#6438=DIRECTION('',(0.0,-2.77555756156289E-17,1.0));
#6439=DIRECTION('',(1.0,0.0,0.0));
#6440=SURFACE_STYLE_FILL_AREA(#7811);
#6441=ORIENTED_EDGE('',*,*,#7068,.T.);
#6442=ORIENTED_EDGE('',*,*,#7323,.F.);
#6443=ORIENTED_EDGE('',*,*,#7608,.T.);
#6444=ORIENTED_EDGE('',*,*,#7577,.F.);
#6445=ORIENTED_EDGE('',*,*,#7764,.F.);
#6446=ORIENTED_EDGE('',*,*,#7590,.F.);
#6447=CARTESIAN_POINT('',(54.073782166626,5.20000000000001,8.77506992391801));
#6448=DIRECTION('',(0.0,1.0,2.77555756156289E-17));
#6449=DIRECTION('',(0.0,-2.77555756156289E-17,1.0));
#6450=SURFACE_STYLE_FILL_AREA(#7812);
#6451=ORIENTED_EDGE('',*,*,#7110,.T.);
#6452=ORIENTED_EDGE('',*,*,#7527,.T.);
#6453=ORIENTED_EDGE('',*,*,#7112,.F.);
#6454=ORIENTED_EDGE('',*,*,#7370,.F.);
#6455=CARTESIAN_POINT('',(71.300000572502,0.999999999999999,3.19999939551701));
#6456=DIRECTION('',(2.18952885050753E-49,1.0,2.77555756156289E-17));
#6457=DIRECTION('',(1.0,1.69953884180861E-33,-6.12323399573677E-17));
#6458=SURFACE_STYLE_FILL_AREA(#7813);
#6459=ORIENTED_EDGE('',*,*,#7632,.T.);
#6460=ORIENTED_EDGE('',*,*,#7524,.T.);
#6461=ORIENTED_EDGE('',*,*,#7634,.F.);
#6462=ORIENTED_EDGE('',*,*,#7638,.F.);
#6463=CARTESIAN_POINT('',(4.69999999999999,0.999999999999999,20.799999395516));
#6464=DIRECTION('',(2.18952885050753E-49,1.0,2.77555756156289E-17));
#6465=DIRECTION('',(1.0,1.69953884180861E-33,-6.12323399573677E-17));
#6466=SURFACE_STYLE_FILL_AREA(#7814);
#6467=ORIENTED_EDGE('',*,*,#7641,.F.);
#6468=ORIENTED_EDGE('',*,*,#7647,.T.);
#6469=ORIENTED_EDGE('',*,*,#7642,.T.);
#6470=ORIENTED_EDGE('',*,*,#7637,.F.);
#6471=CARTESIAN_POINT('',(4.70000057250201,18.8633677,20.799999597011));
#6472=DIRECTION('',(0.0,1.0,2.77555756156289E-17));
#6473=DIRECTION('',(0.0,-2.77555756156289E-17,1.0));
#6474=SURFACE_STYLE_FILL_AREA(#7815);
#6475=ORIENTED_EDGE('',*,*,#6864,.F.);
#6476=ORIENTED_EDGE('',*,*,#6851,.T.);
#6477=ORIENTED_EDGE('',*,*,#6866,.T.);
#6478=ORIENTED_EDGE('',*,*,#7599,.F.);
#6479=CARTESIAN_POINT('',(61.500000572502,15.6500024,12.000000201494));
#6480=DIRECTION('',(0.0,1.0,2.77555756156289E-17));
#6481=DIRECTION('',(0.0,-2.77555756156289E-17,1.0));
#6482=SURFACE_STYLE_FILL_AREA(#7816);
#6483=ORIENTED_EDGE('',*,*,#7307,.T.);
#6484=ORIENTED_EDGE('',*,*,#7528,.T.);
#6485=ORIENTED_EDGE('',*,*,#7308,.F.);
#6486=ORIENTED_EDGE('',*,*,#7097,.F.);
#6487=CARTESIAN_POINT('',(71.300000572502,0.999999999999999,20.799999395516));
#6488=DIRECTION('',(2.18952885050753E-49,1.0,2.77555756156289E-17));
#6489=DIRECTION('',(1.0,1.69953884180861E-33,-6.12323399573677E-17));
#6490=SURFACE_STYLE_FILL_AREA(#7817);
#6491=ORIENTED_EDGE('',*,*,#7299,.F.);
#6492=ORIENTED_EDGE('',*,*,#7304,.T.);
#6493=ORIENTED_EDGE('',*,*,#7301,.T.);
#6494=ORIENTED_EDGE('',*,*,#7369,.F.);
#6495=CARTESIAN_POINT('',(71.300000572502,18.8633677,3.20000040298899));
#6496=DIRECTION('',(0.0,1.0,2.77555756156289E-17));
#6497=DIRECTION('',(0.0,2.77555756156289E-17,-1.0));
#6498=SURFACE_STYLE_FILL_AREA(#7818);
#6499=ORIENTED_EDGE('',*,*,#7137,.T.);
#6500=ORIENTED_EDGE('',*,*,#7095,.T.);
#6501=ORIENTED_EDGE('',*,*,#7136,.F.);
#6502=ORIENTED_EDGE('',*,*,#6798,.F.);
#6503=CARTESIAN_POINT('',(71.300000572502,18.8633677,20.799999597011));
#6504=DIRECTION('',(0.0,1.0,2.77555756156289E-17));
#6505=DIRECTION('',(0.0,-2.77555756156289E-17,1.0));
#6506=SURFACE_STYLE_FILL_AREA(#7819);
#6507=ORIENTED_EDGE('',*,*,#7170,.F.);
#6508=ORIENTED_EDGE('',*,*,#7808,.T.);
#6509=ORIENTED_EDGE('',*,*,#7172,.T.);
#6510=ORIENTED_EDGE('',*,*,#7595,.F.);
#6511=CARTESIAN_POINT('',(14.500000572502,15.6500024,11.999999798506));
#6512=DIRECTION('',(0.0,1.0,2.77555756156289E-17));
#6513=DIRECTION('',(0.0,-2.77555756156289E-17,1.0));
#6514=SURFACE_STYLE_FILL_AREA(#7820);
#6515=ORIENTED_EDGE('',*,*,#7657,.T.);
#6516=ORIENTED_EDGE('',*,*,#7654,.T.);
#6517=ORIENTED_EDGE('',*,*,#7659,.F.);
#6518=ORIENTED_EDGE('',*,*,#7664,.F.);
#6519=CARTESIAN_POINT('',(4.70000057250201,18.3633677,3.20000040298899));
#6520=DIRECTION('',(0.0,1.0,2.77555756156289E-17));
#6521=DIRECTION('',(0.0,2.77555756156289E-17,-1.0));
#6522=SURFACE_STYLE_FILL_AREA(#7821);
#6523=ORIENTED_EDGE('',*,*,#7649,.T.);
#6524=ORIENTED_EDGE('',*,*,#7526,.T.);
#6525=ORIENTED_EDGE('',*,*,#7651,.F.);
#6526=ORIENTED_EDGE('',*,*,#7655,.F.);
#6527=CARTESIAN_POINT('',(4.69999999999999,0.999999999999999,3.19999939551701));
#6528=DIRECTION('',(2.18952885050753E-49,1.0,2.77555756156289E-17));
#6529=DIRECTION('',(1.0,1.69953884180861E-33,-6.12323399573677E-17));
#6530=SURFACE_STYLE_FILL_AREA(#7822);
#6531=FILL_AREA_STYLE('',(#7823));
#6532=EDGE_CURVE('',#7824,#7825,#7826,.T.);
#6533=EDGE_CURVE('',#7827,#7824,#7828,.T.);
#6534=EDGE_CURVE('',#7827,#7829,#7830,.T.);
#6535=EDGE_CURVE('',#7829,#7825,#7831,.T.);
#6536=FILL_AREA_STYLE('',(#7832));
#6537=EDGE_CURVE('',#7833,#7834,#7835,.T.);
#6538=EDGE_CURVE('',#7833,#7836,#7837,.T.);
#6539=EDGE_CURVE('',#7836,#7838,#7839,.T.);
#6540=EDGE_CURVE('',#7834,#7838,#7840,.T.);
#6541=FILL_AREA_STYLE('',(#7841));
#6542=EDGE_CURVE('',#7842,#7843,#7844,.T.);
#6543=EDGE_CURVE('',#7842,#7845,#7846,.T.);
#6544=EDGE_CURVE('',#7845,#7847,#7848,.T.);
#6545=EDGE_CURVE('',#7843,#7847,#7849,.T.);
#6546=FILL_AREA_STYLE('',(#7850));
#6547=EDGE_CURVE('',#7851,#7852,#7853,.T.);
#6548=EDGE_CURVE('',#7854,#7851,#7855,.T.);
#6549=EDGE_CURVE('',#7854,#7856,#7857,.T.);
#6550=EDGE_CURVE('',#7856,#7852,#7858,.T.);
#6551=FILL_AREA_STYLE('',(#7859));
#6552=EDGE_CURVE('',#7860,#7861,#7862,.T.);
#6553=EDGE_CURVE('',#7863,#7860,#7864,.T.);
#6554=EDGE_CURVE('',#7863,#7865,#7866,.T.);
#6555=EDGE_CURVE('',#7861,#7865,#7867,.T.);
#6556=FILL_AREA_STYLE('',(#7868));
#6557=EDGE_CURVE('',#7869,#7870,#7871,.T.);
#6558=EDGE_CURVE('',#7869,#7872,#7873,.T.);
#6559=EDGE_CURVE('',#7872,#7874,#7875,.T.);
#6560=EDGE_CURVE('',#7870,#7874,#7876,.T.);
#6561=FILL_AREA_STYLE('',(#7877));
#6562=EDGE_CURVE('',#7878,#7879,#7880,.T.);
#6563=EDGE_CURVE('',#7881,#7878,#7882,.T.);
#6564=EDGE_CURVE('',#7883,#7881,#7884,.T.);
#6565=EDGE_CURVE('',#7883,#7879,#7885,.T.);
#6566=FILL_AREA_STYLE('',(#7886));
#6567=EDGE_CURVE('',#7887,#7888,#7889,.T.);
#6568=EDGE_CURVE('',#7887,#7890,#7891,.T.);
#6569=EDGE_CURVE('',#7892,#7890,#7893,.T.);
#6570=EDGE_CURVE('',#7888,#7892,#7894,.T.);
#6571=FILL_AREA_STYLE('',(#7895));
#6572=EDGE_CURVE('',#7896,#7897,#7898,.T.);
#6573=EDGE_CURVE('',#7896,#7899,#7900,.T.);
#6574=EDGE_CURVE('',#7899,#7901,#7902,.T.);
#6575=EDGE_CURVE('',#7897,#7901,#7903,.T.);
#6576=FILL_AREA_STYLE('',(#7904));
#6577=EDGE_CURVE('',#7905,#7906,#7907,.T.);
#6578=EDGE_CURVE('',#7908,#7905,#7909,.T.);
#6579=EDGE_CURVE('',#7908,#7910,#7911,.T.);
#6580=EDGE_CURVE('',#7910,#7906,#7912,.T.);
#6581=FILL_AREA_STYLE('',(#7913));
#6582=EDGE_CURVE('',#7914,#7915,#7916,.T.);
#6583=EDGE_CURVE('',#7917,#7914,#7918,.T.);
#6584=EDGE_CURVE('',#7919,#7917,#7920,.T.);
#6585=EDGE_CURVE('',#7919,#7921,#7922,.T.);
#6586=EDGE_CURVE('',#7921,#7915,#7923,.T.);
#6587=FILL_AREA_STYLE('',(#7924));
#6588=EDGE_CURVE('',#7925,#7926,#7927,.T.);
#6589=EDGE_CURVE('',#7925,#7928,#7929,.T.);
#6590=EDGE_CURVE('',#7928,#7930,#7931,.T.);
#6591=EDGE_CURVE('',#7926,#7930,#7932,.T.);
#6592=FILL_AREA_STYLE('',(#7933));
#6593=EDGE_CURVE('',#7934,#7935,#7936,.T.);
#6594=EDGE_CURVE('',#7935,#7937,#7938,.T.);
#6595=EDGE_CURVE('',#7937,#7939,#7940,.T.);
#6596=EDGE_CURVE('',#7939,#7941,#7942,.T.);
#6597=EDGE_CURVE('',#7934,#7941,#7943,.T.);
#6598=FILL_AREA_STYLE('',(#7944));
#6599=EDGE_CURVE('',#7945,#7946,#7947,.T.);
#6600=EDGE_CURVE('',#7945,#7948,#7949,.T.);
#6601=EDGE_CURVE('',#7950,#7948,#7951,.T.);
#6602=EDGE_CURVE('',#7950,#7952,#7953,.T.);
#6603=EDGE_CURVE('',#7952,#7935,#7954,.T.);
#6604=EDGE_CURVE('',#7946,#7934,#7955,.T.);
#6605=FILL_AREA_STYLE('',(#7956));
#6606=EDGE_CURVE('',#7957,#7958,#7959,.T.);
#6607=EDGE_CURVE('',#7960,#7957,#7961,.T.);
#6608=EDGE_CURVE('',#7960,#7962,#7963,.T.);
#6609=EDGE_CURVE('',#7962,#7958,#7964,.T.);
#6610=FILL_AREA_STYLE('',(#7965));
#6611=EDGE_CURVE('',#7824,#7833,#7966,.T.);
#6612=EDGE_CURVE('',#7824,#7967,#7968,.T.);
#6613=EDGE_CURVE('',#7967,#7836,#7969,.T.);
#6614=FILL_AREA_STYLE('',(#7970));
#6615=EDGE_CURVE('',#7971,#7972,#7973,.T.);
#6616=EDGE_CURVE('',#7971,#7974,#7975,.T.);
#6617=EDGE_CURVE('',#7976,#7974,#7977,.T.);
#6618=EDGE_CURVE('',#7972,#7976,#7978,.T.);
#6619=FILL_AREA_STYLE('',(#7979));
#6620=EDGE_CURVE('',#7852,#7834,#7980,.T.);
#6621=EDGE_CURVE('',#7856,#7981,#7982,.T.);
#6622=EDGE_CURVE('',#7981,#7834,#7983,.T.);
#6623=FILL_AREA_STYLE('',(#7984));
#6624=EDGE_CURVE('',#7985,#7986,#7987,.T.);
#6625=EDGE_CURVE('',#7985,#7988,#7989,.T.);
#6626=EDGE_CURVE('',#7988,#7990,#7991,.T.);
#6627=EDGE_CURVE('',#7986,#7990,#7992,.T.);
#6628=FILL_AREA_STYLE('',(#7993));
#6629=EDGE_CURVE('',#7994,#7995,#7996,.T.);
#6630=EDGE_CURVE('',#7997,#7994,#7998,.T.);
#6631=EDGE_CURVE('',#7999,#7997,#8000,.T.);
#6632=EDGE_CURVE('',#7999,#7995,#8001,.T.);
#6633=FILL_AREA_STYLE('',(#8002));
#6634=EDGE_CURVE('',#7869,#7851,#8003,.T.);
#6635=EDGE_CURVE('',#8004,#7869,#8005,.T.);
#6636=EDGE_CURVE('',#7854,#8004,#8006,.T.);
#6637=FILL_AREA_STYLE('',(#8007));
#6638=EDGE_CURVE('',#8008,#8009,#8010,.T.);
#6639=EDGE_CURVE('',#8008,#8011,#8012,.T.);
#6640=EDGE_CURVE('',#8011,#8013,#8014,.T.);
#6641=EDGE_CURVE('',#8009,#8013,#8015,.T.);
#6642=FILL_AREA_STYLE('',(#8016));
#6643=EDGE_CURVE('',#8017,#8018,#8019,.T.);
#6644=EDGE_CURVE('',#8020,#8017,#8021,.T.);
#6645=EDGE_CURVE('',#8020,#8022,#8023,.T.);
#6646=EDGE_CURVE('',#8022,#8018,#8024,.T.);
#6647=FILL_AREA_STYLE('',(#8025));
#6648=EDGE_CURVE('',#8026,#8027,#8028,.T.);
#6649=EDGE_CURVE('',#8029,#8026,#8030,.T.);
#6650=EDGE_CURVE('',#8031,#8029,#8032,.T.);
#6651=EDGE_CURVE('',#8031,#8027,#8033,.T.);
#6652=FILL_AREA_STYLE('',(#8034));
#6653=EDGE_CURVE('',#8035,#8036,#8037,.T.);
#6654=EDGE_CURVE('',#8038,#8035,#8039,.T.);
#6655=EDGE_CURVE('',#8038,#8040,#8041,.T.);
#6656=EDGE_CURVE('',#8040,#8036,#8042,.T.);
#6657=FILL_AREA_STYLE('',(#8043));
#6658=EDGE_CURVE('',#8044,#8045,#8046,.T.);
#6659=EDGE_CURVE('',#8044,#8047,#8048,.T.);
#6660=EDGE_CURVE('',#8049,#8047,#8050,.T.);
#6661=EDGE_CURVE('',#8045,#8049,#8051,.T.);
#6662=FILL_AREA_STYLE('',(#8052));
#6663=EDGE_CURVE('',#8053,#8054,#8055,.T.);
#6664=EDGE_CURVE('',#8056,#8054,#8057,.T.);
#6665=EDGE_CURVE('',#8056,#8058,#8059,.T.);
#6666=EDGE_CURVE('',#8060,#8058,#8061,.T.);
#6667=EDGE_CURVE('',#8053,#8060,#8062,.T.);
#6668=FILL_AREA_STYLE('',(#8063));
#6669=EDGE_CURVE('',#8064,#8065,#8066,.T.);
#6670=EDGE_CURVE('',#8054,#8064,#8067,.T.);
#6671=EDGE_CURVE('',#8053,#8068,#8069,.T.);
#6672=EDGE_CURVE('',#8068,#8070,#8071,.T.);
#6673=EDGE_CURVE('',#8072,#8070,#8073,.T.);
#6674=EDGE_CURVE('',#8065,#8072,#8074,.T.);
#6675=FILL_AREA_STYLE('',(#8075));
#6676=EDGE_CURVE('',#8076,#8077,#8078,.T.);
#6677=EDGE_CURVE('',#8079,#8076,#8080,.T.);
#6678=EDGE_CURVE('',#8081,#8079,#8082,.T.);
#6679=EDGE_CURVE('',#8081,#8077,#8083,.T.);
#6680=FILL_AREA_STYLE('',(#8084));
#6681=EDGE_CURVE('',#8085,#8086,#8087,.T.);
#6682=EDGE_CURVE('',#8085,#8088,#8089,.T.);
#6683=EDGE_CURVE('',#8088,#8090,#8091,.T.);
#6684=EDGE_CURVE('',#8086,#8090,#8092,.T.);
#6685=FILL_AREA_STYLE('',(#8093));
#6686=EDGE_CURVE('',#8094,#8095,#8096,.T.);
#6687=EDGE_CURVE('',#8097,#8094,#8098,.T.);
#6688=EDGE_CURVE('',#8099,#8097,#8100,.T.);
#6689=EDGE_CURVE('',#8099,#8095,#8101,.T.);
#6690=FILL_AREA_STYLE('',(#8102));
#6691=EDGE_CURVE('',#8103,#8104,#8105,.T.);
#6692=EDGE_CURVE('',#8103,#8106,#8107,.T.);
#6693=EDGE_CURVE('',#8108,#8106,#8109,.T.);
#6694=EDGE_CURVE('',#8104,#8108,#8110,.T.);
#6695=FILL_AREA_STYLE('',(#8111));
#6696=EDGE_CURVE('',#8112,#8113,#8114,.T.);
#6697=EDGE_CURVE('',#8115,#8112,#8116,.T.);
#6698=EDGE_CURVE('',#8117,#8115,#8118,.T.);
#6699=EDGE_CURVE('',#8117,#8113,#8119,.T.);
#6700=FILL_AREA_STYLE('',(#8120));
#6701=EDGE_CURVE('',#8121,#8122,#8123,.T.);
#6702=EDGE_CURVE('',#8124,#8121,#8125,.T.);
#6703=EDGE_CURVE('',#8124,#8126,#8127,.T.);
#6704=EDGE_CURVE('',#8126,#8122,#8128,.T.);
#6705=FILL_AREA_STYLE('',(#8129));
#6706=EDGE_CURVE('',#8130,#8131,#8132,.T.);
#6707=EDGE_CURVE('',#8133,#8130,#8134,.T.);
#6708=EDGE_CURVE('',#8133,#8135,#8136,.T.);
#6709=EDGE_CURVE('',#8135,#8131,#8137,.T.);
#6710=FILL_AREA_STYLE('',(#8138));
#6711=EDGE_CURVE('',#8139,#8140,#8141,.T.);
#6712=EDGE_CURVE('',#8142,#8139,#8143,.T.);
#6713=EDGE_CURVE('',#8144,#8142,#8145,.T.);
#6714=EDGE_CURVE('',#8146,#8144,#8147,.T.);
#6715=EDGE_CURVE('',#8140,#8146,#8148,.T.);
#6716=FILL_AREA_STYLE('',(#8149));
#6717=EDGE_CURVE('',#8150,#8151,#8152,.T.);
#6718=EDGE_CURVE('',#8153,#8150,#8154,.T.);
#6719=EDGE_CURVE('',#8153,#8155,#8156,.T.);
#6720=EDGE_CURVE('',#8151,#8155,#8157,.T.);
#6721=FILL_AREA_STYLE('',(#8158));
#6722=EDGE_CURVE('',#7870,#7825,#8159,.T.);
#6723=EDGE_CURVE('',#8160,#7874,#8161,.T.);
#6724=EDGE_CURVE('',#7825,#8160,#8162,.T.);
#6725=FILL_AREA_STYLE('',(#8163));
#6726=EDGE_CURVE('',#8164,#8165,#8166,.T.);
#6727=EDGE_CURVE('',#8097,#8164,#8167,.T.);
#6728=EDGE_CURVE('',#8168,#8094,#8169,.T.);
#6729=EDGE_CURVE('',#8168,#8165,#8170,.T.);
#6730=FILL_AREA_STYLE('',(#8171));
#6731=EDGE_CURVE('',#8172,#8173,#8174,.T.);
#6732=EDGE_CURVE('',#8172,#8175,#8176,.T.);
#6733=EDGE_CURVE('',#8175,#8177,#8178,.T.);
#6734=EDGE_CURVE('',#8177,#8173,#8179,.T.);
#6735=FILL_AREA_STYLE('',(#8180));
#6736=EDGE_CURVE('',#8181,#8182,#8183,.T.);
#6737=EDGE_CURVE('',#8184,#8181,#8185,.T.);
#6738=EDGE_CURVE('',#8184,#8186,#8187,.T.);
#6739=EDGE_CURVE('',#8186,#8182,#8188,.T.);
#6740=FILL_AREA_STYLE('',(#8189));
#6741=EDGE_CURVE('',#8190,#8191,#8192,.T.);
#6742=EDGE_CURVE('',#8191,#8193,#8194,.T.);
#6743=EDGE_CURVE('',#8193,#8195,#8196,.T.);
#6744=EDGE_CURVE('',#8195,#8190,#8197,.T.);
#6745=FILL_AREA_STYLE('',(#8198));
#6746=EDGE_CURVE('',#8199,#7870,#8200,.T.);
#6747=EDGE_CURVE('',#8004,#8199,#8201,.T.);
#6748=FILL_AREA_STYLE('',(#8202));
#6749=EDGE_CURVE('',#7863,#8203,#8204,.T.);
#6750=EDGE_CURVE('',#7860,#8205,#8206,.T.);
#6751=EDGE_CURVE('',#8203,#8205,#8207,.T.);
#6752=FILL_AREA_STYLE('',(#8208));
#6753=EDGE_CURVE('',#8209,#8210,#8211,.T.);
#6754=EDGE_CURVE('',#8210,#8212,#8213,.T.);
#6755=EDGE_CURVE('',#8214,#8212,#8215,.T.);
#6756=EDGE_CURVE('',#8209,#8214,#8216,.T.);
#6757=FILL_AREA_STYLE('',(#8217));
#6758=EDGE_CURVE('',#8212,#8218,#8219,.T.);
#6759=EDGE_CURVE('',#8220,#8218,#8221,.T.);
#6760=EDGE_CURVE('',#8220,#8214,#8222,.T.);
#6761=FILL_AREA_STYLE('',(#8223));
#6762=EDGE_CURVE('',#8224,#8225,#8226,.T.);
#6763=EDGE_CURVE('',#8227,#8224,#8228,.T.);
#6764=EDGE_CURVE('',#8227,#8229,#8230,.T.);
#6765=EDGE_CURVE('',#8229,#8225,#8231,.T.);
#6766=FILL_AREA_STYLE('',(#8232));
#6767=EDGE_CURVE('',#8233,#8234,#8235,.T.);
#6768=EDGE_CURVE('',#8236,#8233,#8237,.T.);
#6769=EDGE_CURVE('',#8236,#8238,#8239,.T.);
#6770=EDGE_CURVE('',#8238,#8234,#8240,.T.);
#6771=FILL_AREA_STYLE('',(#8241));
#6772=EDGE_CURVE('',#8150,#8140,#8242,.T.);
#6773=EDGE_CURVE('',#8153,#8146,#8243,.T.);
#6774=FILL_AREA_STYLE('',(#8244));
#6775=EDGE_CURVE('',#8199,#7829,#8245,.T.);
#6776=FILL_AREA_STYLE('',(#8246));
#6777=EDGE_CURVE('',#8247,#8248,#8249,.T.);
#6778=EDGE_CURVE('',#8248,#8250,#8251,.T.);
#6779=EDGE_CURVE('',#8250,#8252,#8253,.T.);
#6780=EDGE_CURVE('',#8252,#8247,#8254,.T.);
#6781=FILL_AREA_STYLE('',(#8255));
#6782=EDGE_CURVE('',#8064,#8256,#8257,.T.);
#6783=EDGE_CURVE('',#8056,#8256,#8258,.T.);
#6784=FILL_AREA_STYLE('',(#8259));
#6785=EDGE_CURVE('',#8260,#8261,#8262,.T.);
#6786=EDGE_CURVE('',#8205,#8260,#8263,.T.);
#6787=EDGE_CURVE('',#7860,#8261,#8264,.T.);
#6788=FILL_AREA_STYLE('',(#8265));
#6789=EDGE_CURVE('',#8266,#8267,#8268,.T.);
#6790=EDGE_CURVE('',#8210,#8267,#8269,.T.);
#6791=EDGE_CURVE('',#8266,#8209,#8270,.T.);
#6792=FILL_AREA_STYLE('',(#8271));
#6793=EDGE_CURVE('',#8038,#8272,#8273,.T.);
#6794=EDGE_CURVE('',#8035,#8274,#8275,.T.);
#6795=EDGE_CURVE('',#8274,#8276,#8277,.T.);
#6796=EDGE_CURVE('',#8276,#8272,#8278,.T.);
#6797=EDGE_CURVE('',#8279,#8280,#8281,.T.);
#6798=EDGE_CURVE('',#8280,#8279,#8282,.T.);
#6799=FILL_AREA_STYLE('',(#8283));
#6800=EDGE_CURVE('',#8284,#8285,#8286,.T.);
#6801=EDGE_CURVE('',#8247,#8285,#8287,.T.);
#6802=EDGE_CURVE('',#8252,#8288,#8289,.T.);
#6803=EDGE_CURVE('',#8288,#8290,#8291,.T.);
#6804=EDGE_CURVE('',#8284,#8290,#8292,.T.);
#6805=FILL_AREA_STYLE('',(#8293));
#6806=EDGE_CURVE('',#8294,#8295,#8296,.T.);
#6807=EDGE_CURVE('',#8294,#8297,#8298,.T.);
#6808=EDGE_CURVE('',#8297,#8299,#8300,.T.);
#6809=EDGE_CURVE('',#8295,#8299,#8301,.T.);
#6810=FILL_AREA_STYLE('',(#8302));
#6811=EDGE_CURVE('',#8303,#8151,#8304,.T.);
#6812=EDGE_CURVE('',#8303,#8165,#8305,.T.);
#6813=EDGE_CURVE('',#8165,#8306,#8307,.T.);
#6814=EDGE_CURVE('',#8139,#8306,#8308,.T.);
#6815=FILL_AREA_STYLE('',(#8309));
#6816=EDGE_CURVE('',#8310,#8311,#8312,.T.);
#6817=EDGE_CURVE('',#8313,#8311,#8314,.T.);
#6818=EDGE_CURVE('',#8315,#8313,#8316,.T.);
#6819=EDGE_CURVE('',#8317,#8315,#8318,.T.);
#6820=EDGE_CURVE('',#8317,#8310,#8319,.T.);
#6821=FILL_AREA_STYLE('',(#8320));
#6822=EDGE_CURVE('',#8321,#8322,#8323,.T.);
#6823=EDGE_CURVE('',#8324,#8321,#8325,.T.);
#6824=EDGE_CURVE('',#8324,#8326,#8327,.T.);
#6825=EDGE_CURVE('',#8326,#8328,#8329,.T.);
#6826=EDGE_CURVE('',#8330,#8328,#8331,.T.);
#6827=EDGE_CURVE('',#8322,#8330,#8332,.T.);
#6828=FILL_AREA_STYLE('',(#8333));
#6829=EDGE_CURVE('',#8131,#8334,#8335,.T.);
#6830=EDGE_CURVE('',#8336,#8334,#8337,.T.);
#6831=EDGE_CURVE('',#8130,#8336,#8338,.T.);
#6832=FILL_AREA_STYLE('',(#8339));
#6833=EDGE_CURVE('',#8340,#8341,#8342,.T.);
#6834=EDGE_CURVE('',#8341,#8199,#8343,.T.);
#6835=EDGE_CURVE('',#8340,#7829,#8344,.T.);
#6836=FILL_AREA_STYLE('',(#8345));
#6837=EDGE_CURVE('',#8346,#8186,#8347,.T.);
#6838=EDGE_CURVE('',#8346,#8348,#8349,.T.);
#6839=EDGE_CURVE('',#8348,#8182,#8350,.T.);
#6840=FILL_AREA_STYLE('',(#8351));
#6841=EDGE_CURVE('',#8352,#8353,#8354,.T.);
#6842=EDGE_CURVE('',#8355,#8353,#8356,.T.);
#6843=EDGE_CURVE('',#8357,#8355,#8358,.T.);
#6844=EDGE_CURVE('',#8359,#8357,#8360,.T.);
#6845=EDGE_CURVE('',#8359,#8284,#8361,.T.);
#6846=EDGE_CURVE('',#8290,#8362,#8363,.T.);
#6847=EDGE_CURVE('',#8362,#8364,#8365,.T.);
#6848=EDGE_CURVE('',#8364,#8366,#8367,.T.);
#6849=EDGE_CURVE('',#8366,#8352,#8368,.T.);
#6850=EDGE_CURVE('',#8369,#8370,#8371,.T.);
#6851=EDGE_CURVE('',#8370,#8369,#8372,.T.);
#6852=FILL_AREA_STYLE('',(#8373));
#6853=EDGE_CURVE('',#8133,#8374,#8375,.T.);
#6854=EDGE_CURVE('',#8374,#8376,#8377,.T.);
#6855=EDGE_CURVE('',#8135,#8376,#8378,.T.);
#6856=FILL_AREA_STYLE('',(#8379));
#6857=EDGE_CURVE('',#8380,#7874,#8381,.T.);
#6858=EDGE_CURVE('',#8380,#7847,#8382,.T.);
#6859=EDGE_CURVE('',#7847,#8160,#8383,.T.);
#6860=FILL_AREA_STYLE('',(#8384));
#6861=EDGE_CURVE('',#8385,#8155,#8386,.T.);
#6862=EDGE_CURVE('',#8303,#8385,#8387,.T.);
#6863=FILL_AREA_STYLE('',(#8388));
#6864=EDGE_CURVE('',#8370,#8389,#8390,.T.);
#6865=EDGE_CURVE('',#8391,#8389,#8392,.T.);
#6866=EDGE_CURVE('',#8369,#8391,#8393,.T.);
#6867=FILL_AREA_STYLE('',(#8394));
#6868=EDGE_CURVE('',#8313,#8395,#8396,.T.);
#6869=EDGE_CURVE('',#8395,#8397,#8398,.T.);
#6870=EDGE_CURVE('',#8315,#8397,#8399,.T.);
#6871=FILL_AREA_STYLE('',(#8400));
#6872=EDGE_CURVE('',#8260,#8401,#8402,.T.);
#6873=EDGE_CURVE('',#8403,#8401,#8404,.T.);
#6874=EDGE_CURVE('',#8205,#8403,#8405,.T.);
#6875=FILL_AREA_STYLE('',(#8406));
#6876=EDGE_CURVE('',#8407,#8060,#8408,.T.);
#6877=EDGE_CURVE('',#8053,#8407,#8409,.T.);
#6878=FILL_AREA_STYLE('',(#8410));
#6879=EDGE_CURVE('',#8411,#8412,#8413,.T.);
#6880=EDGE_CURVE('',#8412,#8414,#8415,.T.);
#6881=EDGE_CURVE('',#8416,#8414,#8417,.T.);
#6882=EDGE_CURVE('',#8411,#8416,#8418,.T.);
#6883=FILL_AREA_STYLE('',(#8419));
#6884=EDGE_CURVE('',#8359,#8420,#8421,.T.);
#6885=EDGE_CURVE('',#8420,#8013,#8422,.T.);
#6886=EDGE_CURVE('',#8081,#8011,#8423,.T.);
#6887=EDGE_CURVE('',#8079,#8424,#8425,.T.);
#6888=EDGE_CURVE('',#8426,#8424,#8427,.T.);
#6889=EDGE_CURVE('',#8426,#8428,#8429,.T.);
#6890=EDGE_CURVE('',#8428,#8430,#8431,.T.);
#6891=EDGE_CURVE('',#8430,#8285,#8432,.T.);
#6892=FILL_AREA_STYLE('',(#8433));
#6893=EDGE_CURVE('',#8434,#8435,#8436,.T.);
#6894=EDGE_CURVE('',#8434,#8341,#8437,.T.);
#6895=EDGE_CURVE('',#8341,#8438,#8439,.T.);
#6896=EDGE_CURVE('',#8435,#8438,#8440,.T.);
#6897=FILL_AREA_STYLE('',(#8441));
#6898=EDGE_CURVE('',#8442,#8443,#8444,.T.);
#6899=EDGE_CURVE('',#8443,#8445,#8446,.T.);
#6900=EDGE_CURVE('',#8447,#8445,#8448,.T.);
#6901=EDGE_CURVE('',#8447,#8442,#8449,.T.);
#6902=FILL_AREA_STYLE('',(#8450));
#6903=EDGE_CURVE('',#8451,#8452,#8453,.T.);
#6904=EDGE_CURVE('',#8452,#8454,#8455,.T.);
#6905=EDGE_CURVE('',#8454,#8456,#8457,.T.);
#6906=EDGE_CURVE('',#8456,#8458,#8459,.T.);
#6907=EDGE_CURVE('',#8458,#8460,#8461,.T.);
#6908=EDGE_CURVE('',#8451,#8460,#8462,.T.);
#6909=FILL_AREA_STYLE('',(#8463));
#6910=EDGE_CURVE('',#8434,#8004,#8464,.T.);
#6911=EDGE_CURVE('',#8465,#8434,#8466,.T.);
#6912=EDGE_CURVE('',#8465,#7854,#8467,.T.);
#6913=FILL_AREA_STYLE('',(#8468));
#6914=EDGE_CURVE('',#8469,#8470,#8471,.T.);
#6915=EDGE_CURVE('',#8470,#8472,#8473,.T.);
#6916=EDGE_CURVE('',#8474,#8472,#8475,.T.);
#6917=EDGE_CURVE('',#8474,#8469,#8476,.T.);
#6918=FILL_AREA_STYLE('',(#8477));
#6919=EDGE_CURVE('',#8190,#8478,#8479,.T.);
#6920=EDGE_CURVE('',#8195,#8480,#8481,.T.);
#6921=EDGE_CURVE('',#8478,#8480,#8482,.T.);
#6922=FILL_AREA_STYLE('',(#8483));
#6923=EDGE_CURVE('',#8297,#8484,#8485,.T.);
#6924=EDGE_CURVE('',#8297,#7981,#8486,.T.);
#6925=EDGE_CURVE('',#8484,#7856,#8487,.T.);
#6926=FILL_AREA_STYLE('',(#8488));
#6927=EDGE_CURVE('',#8489,#8490,#8491,.T.);
#6928=EDGE_CURVE('',#8489,#8168,#8492,.T.);
#6929=EDGE_CURVE('',#8094,#8490,#8493,.T.);
#6930=FILL_AREA_STYLE('',(#8494));
#6931=EDGE_CURVE('',#8495,#8099,#8496,.T.);
#6932=EDGE_CURVE('',#8495,#8164,#8497,.T.);
#6933=FILL_AREA_STYLE('',(#8498));
#6934=EDGE_CURVE('',#8499,#8438,#8500,.T.);
#6935=EDGE_CURVE('',#8340,#8499,#8501,.T.);
#6936=FILL_AREA_STYLE('',(#8502));
#6937=EDGE_CURVE('',#8272,#8503,#8504,.T.);
#6938=EDGE_CURVE('',#8503,#8040,#8505,.T.);
#6939=FILL_AREA_STYLE('',(#8506));
#6940=EDGE_CURVE('',#8507,#7919,#8508,.T.);
#6941=EDGE_CURVE('',#8507,#7921,#8509,.T.);
#6942=FILL_AREA_STYLE('',(#8510));
#6943=EDGE_CURVE('',#8511,#8512,#8513,.T.);
#6944=EDGE_CURVE('',#8511,#8480,#8514,.T.);
#6945=EDGE_CURVE('',#8515,#8193,#8516,.T.);
#6946=EDGE_CURVE('',#8515,#8512,#8517,.T.);
#6947=FILL_AREA_STYLE('',(#8518));
#6948=EDGE_CURVE('',#8519,#8520,#8521,.T.);
#6949=EDGE_CURVE('',#8522,#8519,#8523,.T.);
#6950=EDGE_CURVE('',#8524,#8522,#8525,.T.);
#6951=EDGE_CURVE('',#8524,#8520,#8526,.T.);
#6952=FILL_AREA_STYLE('',(#8527));
#6953=EDGE_CURVE('',#8528,#8529,#8530,.T.);
#6954=EDGE_CURVE('',#8528,#8049,#8531,.T.);
#6955=EDGE_CURVE('',#8529,#8047,#8532,.T.);
#6956=FILL_AREA_STYLE('',(#8533));
#6957=EDGE_CURVE('',#8261,#7872,#8534,.T.);
#6958=EDGE_CURVE('',#8261,#8380,#8535,.T.);
#6959=FILL_AREA_STYLE('',(#8536));
#6960=EDGE_CURVE('',#8537,#8538,#8539,.T.);
#6961=EDGE_CURVE('',#8538,#8540,#8541,.T.);
#6962=EDGE_CURVE('',#8542,#8540,#8543,.T.);
#6963=EDGE_CURVE('',#8537,#8542,#8544,.T.);
#6964=FILL_AREA_STYLE('',(#8545));
#6965=EDGE_CURVE('',#8546,#8547,#8548,.T.);
#6966=EDGE_CURVE('',#8547,#8549,#8550,.T.);
#6967=EDGE_CURVE('',#8549,#8551,#8552,.T.);
#6968=EDGE_CURVE('',#8551,#8546,#8553,.T.);
#6969=FILL_AREA_STYLE('',(#8554));
#6970=EDGE_CURVE('',#8555,#8556,#8557,.T.);
#6971=EDGE_CURVE('',#8556,#8558,#8559,.T.);
#6972=EDGE_CURVE('',#8558,#8560,#8561,.T.);
#6973=EDGE_CURVE('',#8555,#8560,#8562,.T.);
#6974=FILL_AREA_STYLE('',(#8563));
#6975=EDGE_CURVE('',#8564,#8565,#8566,.T.);
#6976=EDGE_CURVE('',#8401,#8565,#8567,.T.);
#6977=EDGE_CURVE('',#8260,#8564,#8568,.T.);
#6978=FILL_AREA_STYLE('',(#8569));
#6979=EDGE_CURVE('',#8570,#8571,#8572,.T.);
#6980=EDGE_CURVE('',#8570,#8065,#8573,.T.);
#6981=EDGE_CURVE('',#8072,#8571,#8574,.T.);
#6982=FILL_AREA_STYLE('',(#8575));
#6983=EDGE_CURVE('',#8576,#8397,#8577,.T.);
#6984=EDGE_CURVE('',#8317,#8576,#8578,.T.);
#6985=FILL_AREA_STYLE('',(#8579));
#6986=EDGE_CURVE('',#8580,#8581,#8582,.T.);
#6987=EDGE_CURVE('',#8583,#8580,#8584,.T.);
#6988=EDGE_CURVE('',#8583,#8585,#8586,.T.);
#6989=EDGE_CURVE('',#8581,#8585,#8587,.T.);
#6990=FILL_AREA_STYLE('',(#8588));
#6991=EDGE_CURVE('',#7845,#7967,#8589,.T.);
#6992=EDGE_CURVE('',#7845,#8590,#8591,.T.);
#6993=EDGE_CURVE('',#8590,#7836,#8592,.T.);
#6994=FILL_AREA_STYLE('',(#8593));
#6995=EDGE_CURVE('',#8594,#8595,#8596,.T.);
#6996=EDGE_CURVE('',#8571,#8595,#8597,.T.);
#6997=EDGE_CURVE('',#8503,#8070,#8598,.T.);
#6998=EDGE_CURVE('',#8276,#8599,#8600,.T.);
#6999=EDGE_CURVE('',#8599,#8601,#8602,.T.);
#7000=EDGE_CURVE('',#8603,#8601,#8604,.T.);
#7001=EDGE_CURVE('',#8605,#8603,#8606,.T.);
#7002=EDGE_CURVE('',#8607,#8605,#8608,.T.);
#7003=EDGE_CURVE('',#7950,#8607,#8609,.T.);
#7004=EDGE_CURVE('',#7948,#8610,#8611,.T.);
#7005=EDGE_CURVE('',#8610,#8594,#8612,.T.);
#7006=FILL_AREA_STYLE('',(#8613));
#7007=FILL_AREA_STYLE('',(#8614));
#7008=EDGE_CURVE('',#8615,#8616,#8617,.T.);
#7009=EDGE_CURVE('',#8616,#8549,#8618,.T.);
#7010=EDGE_CURVE('',#8615,#8547,#8619,.T.);
#7011=FILL_AREA_STYLE('',(#8620));
#7012=EDGE_CURVE('',#8621,#8489,#8622,.T.);
#7013=EDGE_CURVE('',#8623,#8621,#8624,.T.);
#7014=EDGE_CURVE('',#8070,#8623,#8625,.T.);
#7015=EDGE_CURVE('',#8306,#8068,#8626,.T.);
#7016=FILL_AREA_STYLE('',(#8627));
#7017=EDGE_CURVE('',#8122,#8430,#8628,.T.);
#7018=EDGE_CURVE('',#8121,#8428,#8629,.T.);
#7019=FILL_AREA_STYLE('',(#8630));
#7020=EDGE_CURVE('',#8631,#8326,#8632,.T.);
#7021=EDGE_CURVE('',#8631,#8633,#8634,.T.);
#7022=EDGE_CURVE('',#8633,#8328,#8635,.T.);
#7023=FILL_AREA_STYLE('',(#8636));
#7024=EDGE_CURVE('',#7843,#7861,#8637,.T.);
#7025=EDGE_CURVE('',#7865,#8638,#8639,.T.);
#7026=EDGE_CURVE('',#7843,#8638,#8640,.T.);
#7027=FILL_AREA_STYLE('',(#8641));
#7028=EDGE_CURVE('',#8113,#8642,#8643,.T.);
#7029=EDGE_CURVE('',#8642,#8644,#8645,.T.);
#7030=EDGE_CURVE('',#8112,#8644,#8646,.T.);
#7031=FILL_AREA_STYLE('',(#8647));
#7032=EDGE_CURVE('',#8648,#8649,#8650,.T.);
#7033=EDGE_CURVE('',#8651,#8648,#8652,.T.);
#7034=EDGE_CURVE('',#8653,#8651,#8654,.T.);
#7035=EDGE_CURVE('',#8655,#8653,#8656,.T.);
#7036=EDGE_CURVE('',#8657,#8655,#8658,.T.);
#7037=EDGE_CURVE('',#8657,#8659,#8660,.T.);
#7038=EDGE_CURVE('',#8661,#8659,#8662,.T.);
#7039=EDGE_CURVE('',#8649,#8661,#8663,.T.);
#7040=FILL_AREA_STYLE('',(#8664));
#7041=EDGE_CURVE('',#8665,#8666,#8667,.T.);
#7042=EDGE_CURVE('',#8668,#8665,#8669,.T.);
#7043=EDGE_CURVE('',#8668,#8670,#8671,.T.);
#7044=EDGE_CURVE('',#8666,#8670,#8672,.T.);
#7045=FILL_AREA_STYLE('',(#8673));
#7046=EDGE_CURVE('',#8674,#8675,#8676,.T.);
#7047=EDGE_CURVE('',#8139,#8674,#8677,.T.);
#7048=EDGE_CURVE('',#8407,#8678,#8679,.T.);
#7049=EDGE_CURVE('',#8675,#8678,#8680,.T.);
#7050=FILL_AREA_STYLE('',(#8681));
#7051=EDGE_CURVE('',#8682,#8683,#8684,.T.);
#7052=EDGE_CURVE('',#8682,#8454,#8685,.T.);
#7053=EDGE_CURVE('',#8452,#8353,#8686,.T.);
#7054=EDGE_CURVE('',#8687,#8352,#8688,.T.);
#7055=EDGE_CURVE('',#8687,#8689,#8690,.T.);
#7056=EDGE_CURVE('',#8691,#8689,#8692,.T.);
#7057=EDGE_CURVE('',#8691,#8580,#8693,.T.);
#7058=EDGE_CURVE('',#8694,#8583,#8695,.T.);
#7059=EDGE_CURVE('',#8696,#8694,#8697,.T.);
#7060=EDGE_CURVE('',#8696,#8698,#8699,.T.);
#7061=EDGE_CURVE('',#8698,#8700,#8701,.T.);
#7062=EDGE_CURVE('',#8702,#8700,#8703,.T.);
#7063=EDGE_CURVE('',#8704,#8702,#8705,.T.);
#7064=EDGE_CURVE('',#8704,#8706,#8707,.T.);
#7065=EDGE_CURVE('',#8708,#8706,#8709,.T.);
#7066=EDGE_CURVE('',#8710,#8708,#8711,.T.);
#7067=EDGE_CURVE('',#8712,#8710,#8713,.T.);
#7068=EDGE_CURVE('',#8714,#8712,#8715,.T.);
#7069=EDGE_CURVE('',#8683,#8714,#8716,.T.);
#7070=FILL_AREA_STYLE('',(#8717));
#7071=EDGE_CURVE('',#8426,#8104,#8718,.T.);
#7072=EDGE_CURVE('',#8424,#8103,#8719,.T.);
#7073=FILL_AREA_STYLE('',(#8720));
#7074=EDGE_CURVE('',#8095,#8470,#8721,.T.);
#7075=EDGE_CURVE('',#8490,#8469,#8722,.T.);
#7076=FILL_AREA_STYLE('',(#8723));
#7077=EDGE_CURVE('',#8724,#8725,#8726,.T.);
#7078=EDGE_CURVE('',#8727,#8725,#8728,.T.);
#7079=EDGE_CURVE('',#8729,#8727,#8730,.T.);
#7080=EDGE_CURVE('',#8724,#8729,#8731,.T.);
#7081=FILL_AREA_STYLE('',(#8732));
#7082=EDGE_CURVE('',#8403,#8733,#8734,.T.);
#7083=EDGE_CURVE('',#8733,#8203,#8735,.T.);
#7084=FILL_AREA_STYLE('',(#8736));
#7085=EDGE_CURVE('',#8737,#8738,#8739,.T.);
#7086=EDGE_CURVE('',#8740,#8737,#8741,.T.);
#7087=EDGE_CURVE('',#8740,#8742,#8743,.T.);
#7088=EDGE_CURVE('',#8742,#8738,#8744,.T.);
#7089=FILL_AREA_STYLE('',(#8745));
#7090=EDGE_CURVE('',#8225,#8746,#8747,.T.);
#7091=EDGE_CURVE('',#8748,#8229,#8749,.T.);
#7092=EDGE_CURVE('',#8748,#8746,#8750,.T.);
#7093=FILL_AREA_STYLE('',(#8751));
#7094=EDGE_CURVE('',#8752,#8753,#8754,.T.);
#7095=EDGE_CURVE('',#8753,#8752,#8755,.T.);
#7096=EDGE_CURVE('',#8756,#8757,#8758,.T.);
#7097=EDGE_CURVE('',#8757,#8756,#8759,.T.);
#7098=FILL_AREA_STYLE('',(#8760));
#7099=EDGE_CURVE('',#8465,#8484,#8761,.T.);
#7100=FILL_AREA_STYLE('',(#8762));
#7101=EDGE_CURVE('',#8564,#7872,#8763,.T.);
#7102=FILL_AREA_STYLE('',(#8764));
#7103=EDGE_CURVE('',#8451,#8355,#8765,.T.);
#7104=FILL_AREA_STYLE('',(#8766));
#7105=EDGE_CURVE('',#8036,#8623,#8767,.T.);
#7106=EDGE_CURVE('',#8768,#8621,#8769,.T.);
#7107=EDGE_CURVE('',#8036,#8768,#8770,.T.);
#7108=FILL_AREA_STYLE('',(#8771));
#7109=EDGE_CURVE('',#8772,#8773,#8774,.T.);
#7110=EDGE_CURVE('',#8775,#8773,#8776,.T.);
#7111=EDGE_CURVE('',#8777,#8775,#8778,.T.);
#7112=EDGE_CURVE('',#8777,#8772,#8779,.T.);
#7113=FILL_AREA_STYLE('',(#8780));
#7114=EDGE_CURVE('',#8236,#8781,#8782,.T.);
#7115=EDGE_CURVE('',#8233,#8783,#8784,.T.);
#7116=EDGE_CURVE('',#8781,#8783,#8785,.T.);
#7117=FILL_AREA_STYLE('',(#8786));
#7118=EDGE_CURVE('',#8787,#8657,#8788,.T.);
#7119=EDGE_CURVE('',#8787,#8420,#8789,.T.);
#7120=EDGE_CURVE('',#8357,#8659,#8790,.T.);
#7121=FILL_AREA_STYLE('',(#8791));
#7122=EDGE_CURVE('',#8792,#8086,#8793,.T.);
#7123=EDGE_CURVE('',#8794,#8792,#8795,.T.);
#7124=EDGE_CURVE('',#8794,#8085,#8796,.T.);
#7125=FILL_AREA_STYLE('',(#8797));
#7126=EDGE_CURVE('',#8798,#8799,#8800,.T.);
#7127=EDGE_CURVE('',#8801,#8798,#8802,.T.);
#7128=EDGE_CURVE('',#8803,#8801,#8804,.T.);
#7129=EDGE_CURVE('',#8799,#8803,#8805,.T.);
#7130=FILL_AREA_STYLE('',(#8806));
#7131=EDGE_CURVE('',#8807,#8808,#8809,.T.);
#7132=EDGE_CURVE('',#8807,#8810,#8811,.T.);
#7133=EDGE_CURVE('',#8810,#8812,#8813,.T.);
#7134=EDGE_CURVE('',#8808,#8812,#8814,.T.);
#7135=FILL_AREA_STYLE('',(#8815));
#7136=EDGE_CURVE('',#8279,#8752,#8816,.T.);
#7137=EDGE_CURVE('',#8280,#8753,#8817,.T.);
#7138=FILL_AREA_STYLE('',(#8818));
#7139=EDGE_CURVE('',#8819,#8820,#8821,.T.);
#7140=EDGE_CURVE('',#8822,#8820,#8823,.T.);
#7141=EDGE_CURVE('',#8824,#8822,#8825,.T.);
#7142=EDGE_CURVE('',#8824,#8819,#8826,.T.);
#7143=FILL_AREA_STYLE('',(#8827));
#7144=EDGE_CURVE('',#8484,#8218,#8828,.T.);
#7145=EDGE_CURVE('',#8465,#8220,#8829,.T.);
#7146=FILL_AREA_STYLE('',(#8830));
#7147=EDGE_CURVE('',#8831,#8832,#8833,.T.);
#7148=EDGE_CURVE('',#8834,#8832,#8835,.T.);
#7149=EDGE_CURVE('',#8834,#8836,#8837,.T.);
#7150=EDGE_CURVE('',#8831,#8836,#8838,.T.);
#7151=FILL_AREA_STYLE('',(#8839));
#7152=EDGE_CURVE('',#8808,#8346,#8840,.T.);
#7153=EDGE_CURVE('',#8812,#8348,#8841,.T.);
#7154=FILL_AREA_STYLE('',(#8842));
#7155=EDGE_CURVE('',#8456,#8648,#8843,.T.);
#7156=EDGE_CURVE('',#8682,#8844,#8845,.T.);
#7157=EDGE_CURVE('',#8846,#8844,#8847,.T.);
#7158=EDGE_CURVE('',#8846,#8651,#8848,.T.);
#7159=FILL_AREA_STYLE('',(#8849));
#7160=EDGE_CURVE('',#7861,#8380,#8850,.T.);
#7161=FILL_AREA_STYLE('',(#8851));
#7162=EDGE_CURVE('',#8674,#8142,#8852,.T.);
#7163=FILL_AREA_STYLE('',(#8853));
#7164=EDGE_CURVE('',#8288,#8478,#8854,.T.);
#7165=EDGE_CURVE('',#8250,#8855,#8856,.T.);
#7166=EDGE_CURVE('',#8857,#8855,#8858,.T.);
#7167=EDGE_CURVE('',#8857,#8191,#8859,.T.);
#7168=FILL_AREA_STYLE('',(#8860));
#7169=EDGE_CURVE('',#8861,#8862,#8863,.T.);
#7170=EDGE_CURVE('',#8862,#8864,#8865,.T.);
#7171=EDGE_CURVE('',#8866,#8864,#8867,.T.);
#7172=EDGE_CURVE('',#8861,#8866,#8868,.T.);
#7173=FILL_AREA_STYLE('',(#8869));
#7174=EDGE_CURVE('',#8460,#8661,#8870,.T.);
#7175=EDGE_CURVE('',#8458,#8649,#8871,.T.);
#7176=FILL_AREA_STYLE('',(#8872));
#7177=EDGE_CURVE('',#8311,#8058,#8873,.T.);
#7178=EDGE_CURVE('',#8311,#8060,#8874,.T.);
#7179=FILL_AREA_STYLE('',(#8875));
#7180=EDGE_CURVE('',#8077,#8528,#8876,.T.);
#7181=EDGE_CURVE('',#8076,#8529,#8877,.T.);
#7182=FILL_AREA_STYLE('',(#8878));
#7183=EDGE_CURVE('',#8879,#8880,#8881,.T.);
#7184=EDGE_CURVE('',#8882,#8879,#8883,.T.);
#7185=EDGE_CURVE('',#8884,#8882,#8885,.T.);
#7186=EDGE_CURVE('',#8886,#8884,#8887,.T.);
#7187=EDGE_CURVE('',#8888,#8886,#8889,.T.);
#7188=EDGE_CURVE('',#8888,#8890,#8891,.T.);
#7189=EDGE_CURVE('',#8890,#8892,#8893,.T.);
#7190=EDGE_CURVE('',#8892,#8880,#8894,.T.);
#7191=FILL_AREA_STYLE('',(#8895));
#7192=EDGE_CURVE('',#8631,#8896,#8897,.T.);
#7193=EDGE_CURVE('',#8896,#8898,#8899,.T.);
#7194=EDGE_CURVE('',#8633,#8898,#8900,.T.);
#7195=FILL_AREA_STYLE('',(#8901));
#7196=EDGE_CURVE('',#8742,#8615,#8902,.T.);
#7197=EDGE_CURVE('',#8616,#8740,#8903,.T.);
#7198=FILL_AREA_STYLE('',(#8904));
#7199=EDGE_CURVE('',#8819,#8224,#8905,.T.);
#7200=EDGE_CURVE('',#8227,#8824,#8906,.T.);
#7201=FILL_AREA_STYLE('',(#8907));
#7202=EDGE_CURVE('',#8908,#8655,#8909,.T.);
#7203=EDGE_CURVE('',#8787,#8908,#8910,.T.);
#7204=FILL_AREA_STYLE('',(#8911));
#7205=EDGE_CURVE('',#8912,#8653,#8913,.T.);
#7206=EDGE_CURVE('',#8912,#8846,#8914,.T.);
#7207=FILL_AREA_STYLE('',(#8915));
#7208=EDGE_CURVE('',#8214,#8896,#8916,.T.);
#7209=EDGE_CURVE('',#8220,#8435,#8917,.T.);
#7210=EDGE_CURVE('',#8435,#8896,#8918,.T.);
#7211=FILL_AREA_STYLE('',(#8919));
#7212=EDGE_CURVE('',#8920,#8687,#8921,.T.);
#7213=EDGE_CURVE('',#8687,#8729,#8922,.T.);
#7214=EDGE_CURVE('',#8727,#8920,#8923,.T.);
#7215=FILL_AREA_STYLE('',(#8924));
#7216=EDGE_CURVE('',#8925,#8708,#8926,.T.);
#7217=EDGE_CURVE('',#8706,#8927,#8928,.T.);
#7218=EDGE_CURVE('',#8927,#8925,#8929,.T.);
#7219=FILL_AREA_STYLE('',(#8930));
#7220=FILL_AREA_STYLE('',(#8931));
#7221=EDGE_CURVE('',#8898,#8438,#8932,.T.);
#7222=FILL_AREA_STYLE('',(#8933));
#7223=EDGE_CURVE('',#8414,#8576,#8934,.T.);
#7224=EDGE_CURVE('',#8935,#8412,#8936,.T.);
#7225=EDGE_CURVE('',#8935,#8879,#8937,.T.);
#7226=EDGE_CURVE('',#8938,#8880,#8939,.T.);
#7227=EDGE_CURVE('',#8938,#8940,#8941,.T.);
#7228=EDGE_CURVE('',#8888,#8940,#8942,.T.);
#7229=EDGE_CURVE('',#8310,#8886,#8943,.T.);
#7230=FILL_AREA_STYLE('',(#8944));
#7231=EDGE_CURVE('',#8884,#8678,#8945,.T.);
#7232=EDGE_CURVE('',#8675,#8882,#8946,.T.);
#7233=FILL_AREA_STYLE('',(#8947));
#7234=EDGE_CURVE('',#8938,#8948,#8949,.T.);
#7235=EDGE_CURVE('',#8948,#8950,#8951,.T.);
#7236=EDGE_CURVE('',#8950,#8940,#8952,.T.);
#7237=FILL_AREA_STYLE('',(#8953));
#7238=FILL_AREA_STYLE('',(#8954));
#7239=EDGE_CURVE('',#8366,#8729,#8955,.T.);
#7240=FILL_AREA_STYLE('',(#8956));
#7241=EDGE_CURVE('',#8256,#8570,#8957,.T.);
#7242=FILL_AREA_STYLE('',(#8958));
#7243=EDGE_CURVE('',#8124,#8794,#8959,.T.);
#7244=EDGE_CURVE('',#8126,#8792,#8960,.T.);
#7245=FILL_AREA_STYLE('',(#8961));
#7246=EDGE_CURVE('',#8892,#8948,#8962,.T.);
#7247=EDGE_CURVE('',#8890,#8950,#8963,.T.);
#7248=FILL_AREA_STYLE('',(#8964));
#7249=FILL_AREA_STYLE('',(#8965));
#7250=EDGE_CURVE('',#8395,#8595,#8966,.T.);
#7251=FILL_AREA_STYLE('',(#8967));
#7252=EDGE_CURVE('',#8783,#8746,#8968,.T.);
#7253=EDGE_CURVE('',#8781,#8748,#8969,.T.);
#7254=FILL_AREA_STYLE('',(#8970));
#7255=EDGE_CURVE('',#8599,#8971,#8972,.T.);
#7256=EDGE_CURVE('',#8274,#8971,#8973,.T.);
#7257=FILL_AREA_STYLE('',(#8974));
#7258=EDGE_CURVE('',#8975,#8322,#8976,.T.);
#7259=EDGE_CURVE('',#8977,#8330,#8978,.T.);
#7260=EDGE_CURVE('',#8977,#8975,#8979,.T.);
#7261=FILL_AREA_STYLE('',(#8980));
#7262=EDGE_CURVE('',#8935,#8981,#8982,.T.);
#7263=EDGE_CURVE('',#8983,#8411,#8984,.T.);
#7264=EDGE_CURVE('',#8981,#8983,#8985,.T.);
#7265=FILL_AREA_STYLE('',(#8986));
#7266=FILL_AREA_STYLE('',(#8987));
#7267=EDGE_CURVE('',#8416,#8988,#8989,.T.);
#7268=EDGE_CURVE('',#8983,#8988,#8990,.T.);
#7269=FILL_AREA_STYLE('',(#8991));
#7270=EDGE_CURVE('',#8992,#8993,#8994,.T.);
#7271=EDGE_CURVE('',#8995,#8992,#8996,.T.);
#7272=EDGE_CURVE('',#8995,#8997,#8998,.T.);
#7273=EDGE_CURVE('',#8997,#8993,#8999,.T.);
#7274=FILL_AREA_STYLE('',(#9000));
#7275=EDGE_CURVE('',#8234,#8820,#9001,.T.);
#7276=EDGE_CURVE('',#8822,#8238,#9002,.T.);
#7277=FILL_AREA_STYLE('',(#9003));
#7278=EDGE_CURVE('',#8700,#8694,#9004,.T.);
#7279=FILL_AREA_STYLE('',(#9005));
#7280=EDGE_CURVE('',#9006,#8212,#9007,.T.);
#7281=EDGE_CURVE('',#9006,#8299,#9008,.T.);
#7282=EDGE_CURVE('',#8299,#8218,#9009,.T.);
#7283=FILL_AREA_STYLE('',(#9010));
#7284=EDGE_CURVE('',#9011,#9012,#9013,.T.);
#7285=EDGE_CURVE('',#9011,#8108,#9014,.T.);
#7286=EDGE_CURVE('',#9012,#8106,#9015,.T.);
#7287=FILL_AREA_STYLE('',(#9016));
#7288=EDGE_CURVE('',#8908,#8912,#9017,.T.);
#7289=FILL_AREA_STYLE('',(#9018));
#7290=FILL_AREA_STYLE('',(#9019));
#7291=EDGE_CURVE('',#8803,#8403,#9020,.T.);
#7292=EDGE_CURVE('',#8401,#9021,#9022,.T.);
#7293=EDGE_CURVE('',#8803,#9021,#9023,.T.);
#7294=FILL_AREA_STYLE('',(#9024));
#7295=EDGE_CURVE('',#8665,#8045,#9025,.T.);
#7296=EDGE_CURVE('',#8666,#8044,#9026,.T.);
#7297=FILL_AREA_STYLE('',(#9027));
#7298=EDGE_CURVE('',#9028,#9029,#9030,.T.);
#7299=EDGE_CURVE('',#9029,#9031,#9032,.T.);
#7300=EDGE_CURVE('',#9033,#9031,#9034,.T.);
#7301=EDGE_CURVE('',#9028,#9033,#9035,.T.);
#7302=FILL_AREA_STYLE('',(#9036));
#7303=EDGE_CURVE('',#8472,#8495,#9037,.T.);
#7304=EDGE_CURVE('',#9029,#9028,#9038,.T.);
#7305=FILL_AREA_STYLE('',(#9039));
#7306=EDGE_CURVE('',#9040,#9041,#9042,.T.);
#7307=EDGE_CURVE('',#8757,#9041,#9043,.T.);
#7308=EDGE_CURVE('',#8756,#9040,#9044,.T.);
#7309=FILL_AREA_STYLE('',(#9045));
#7310=EDGE_CURVE('',#9046,#9047,#9048,.T.);
#7311=EDGE_CURVE('',#9047,#9049,#9050,.T.);
#7312=EDGE_CURVE('',#9049,#9051,#9052,.T.);
#7313=EDGE_CURVE('',#9051,#8447,#9053,.T.);
#7314=EDGE_CURVE('',#9046,#8445,#9054,.T.);
#7315=FILL_AREA_STYLE('',(#9055));
#7316=EDGE_CURVE('',#8029,#8090,#9056,.T.);
#7317=EDGE_CURVE('',#8031,#8088,#9057,.T.);
#7318=FILL_AREA_STYLE('',(#9058));
#7319=EDGE_CURVE('',#8519,#9059,#9060,.T.);
#7320=EDGE_CURVE('',#9059,#8522,#9061,.T.);
#7321=FILL_AREA_STYLE('',(#9062));
#7322=EDGE_CURVE('',#9063,#9064,#9065,.T.);
#7323=EDGE_CURVE('',#9063,#8712,#9066,.T.);
#7324=EDGE_CURVE('',#9064,#8710,#9067,.T.);
#7325=FILL_AREA_STYLE('',(#9068));
#7326=EDGE_CURVE('',#9069,#8324,#9070,.T.);
#7327=EDGE_CURVE('',#9069,#8266,#9071,.T.);
#7328=FILL_AREA_STYLE('',(#9072));
#7329=FILL_AREA_STYLE('',(#9073));
#7330=EDGE_CURVE('',#8768,#8971,#9074,.T.);
#7331=FILL_AREA_STYLE('',(#9075));
#7332=EDGE_CURVE('',#7852,#8565,#9076,.T.);
#7333=EDGE_CURVE('',#7851,#8564,#9077,.T.);
#7334=FILL_AREA_STYLE('',(#9078));
#7335=EDGE_CURVE('',#8511,#8362,#9079,.T.);
#7336=FILL_AREA_STYLE('',(#9080));
#7337=FILL_AREA_STYLE('',(#9081));
#7338=EDGE_CURVE('',#8142,#8981,#9082,.T.);
#7339=FILL_AREA_STYLE('',(#9083));
#7340=EDGE_CURVE('',#8027,#9011,#9084,.T.);
#7341=EDGE_CURVE('',#8026,#9012,#9085,.T.);
#7342=FILL_AREA_STYLE('',(#9086));
#7343=EDGE_CURVE('',#8799,#7842,#9087,.T.);
#7344=EDGE_CURVE('',#8799,#8590,#9088,.T.);
#7345=FILL_AREA_STYLE('',(#9089));
#7346=EDGE_CURVE('',#9090,#8008,#9091,.T.);
#7347=EDGE_CURVE('',#8020,#9090,#9092,.T.);
#7348=EDGE_CURVE('',#8017,#8668,#9093,.T.);
#7349=FILL_AREA_STYLE('',(#9094));
#7350=EDGE_CURVE('',#8733,#8801,#9095,.T.);
#7351=FILL_AREA_STYLE('',(#9096));
#7352=EDGE_CURVE('',#8798,#9097,#9098,.T.);
#7353=EDGE_CURVE('',#9097,#8638,#9099,.T.);
#7354=EDGE_CURVE('',#8738,#9100,#9101,.T.);
#7355=EDGE_CURVE('',#9102,#8546,#9103,.T.);
#7356=EDGE_CURVE('',#9104,#9102,#9105,.T.);
#7357=EDGE_CURVE('',#9100,#9104,#9106,.T.);
#7358=FILL_AREA_STYLE('',(#9107));
#7359=EDGE_CURVE('',#9108,#8855,#9109,.T.);
#7360=EDGE_CURVE('',#9108,#9110,#9111,.T.);
#7361=EDGE_CURVE('',#8857,#9110,#9112,.T.);
#7362=FILL_AREA_STYLE('',(#9113));
#7363=EDGE_CURVE('',#9110,#9114,#9115,.T.);
#7364=EDGE_CURVE('',#9114,#9116,#9117,.T.);
#7365=EDGE_CURVE('',#9116,#8515,#9118,.T.);
#7366=FILL_AREA_STYLE('',(#9119));
#7367=EDGE_CURVE('',#8018,#8670,#9120,.T.);
#7368=FILL_AREA_STYLE('',(#9121));
#7369=EDGE_CURVE('',#9031,#9033,#9122,.T.);
#7370=EDGE_CURVE('',#8775,#8777,#9123,.T.);
#7371=FILL_AREA_STYLE('',(#9124));
#7372=EDGE_CURVE('',#9090,#9125,#9126,.T.);
#7373=EDGE_CURVE('',#8022,#9125,#9127,.T.);
#7374=FILL_AREA_STYLE('',(#9128));
#7375=EDGE_CURVE('',#9125,#8009,#9129,.T.);
#7376=FILL_AREA_STYLE('',(#9130));
#7377=EDGE_CURVE('',#8321,#9131,#9132,.T.);
#7378=EDGE_CURVE('',#9069,#9131,#9133,.T.);
#7379=FILL_AREA_STYLE('',(#9134));
#7380=EDGE_CURVE('',#8144,#8981,#9135,.T.);
#7381=FILL_AREA_STYLE('',(#9136));
#7382=FILL_AREA_STYLE('',(#9137));
#7383=EDGE_CURVE('',#8691,#8920,#9138,.T.);
#7384=FILL_AREA_STYLE('',(#9139));
#7385=FILL_AREA_STYLE('',(#9140));
#7386=EDGE_CURVE('',#8248,#9108,#9141,.T.);
#7387=FILL_AREA_STYLE('',(#9142));
#7388=EDGE_CURVE('',#9143,#9144,#9145,.T.);
#7389=EDGE_CURVE('',#9144,#9146,#9147,.T.);
#7390=EDGE_CURVE('',#9143,#9146,#9148,.T.);
#7391=FILL_AREA_STYLE('',(#9149));
#7392=EDGE_CURVE('',#8512,#8364,#9150,.T.);
#7393=FILL_AREA_STYLE('',(#9151));
#7394=EDGE_CURVE('',#9152,#9059,#9153,.T.);
#7395=EDGE_CURVE('',#8520,#9152,#9154,.T.);
#7396=FILL_AREA_STYLE('',(#9155));
#7397=EDGE_CURVE('',#9156,#8988,#9157,.T.);
#7398=EDGE_CURVE('',#8385,#9156,#9158,.T.);
#7399=FILL_AREA_STYLE('',(#9159));
#7400=EDGE_CURVE('',#9131,#8173,#9160,.T.);
#7401=EDGE_CURVE('',#8267,#8177,#9161,.T.);
#7402=FILL_AREA_STYLE('',(#9162));
#7403=FILL_AREA_STYLE('',(#9163));
#7404=EDGE_CURVE('',#9152,#8524,#9164,.T.);
#7405=FILL_AREA_STYLE('',(#9165));
#7406=EDGE_CURVE('',#7995,#9166,#9167,.T.);
#7407=EDGE_CURVE('',#9166,#9168,#9169,.T.);
#7408=EDGE_CURVE('',#7994,#9168,#9170,.T.);
#7409=FILL_AREA_STYLE('',(#9171));
#7410=EDGE_CURVE('',#8474,#9172,#9173,.T.);
#7411=EDGE_CURVE('',#9174,#9156,#9175,.T.);
#7412=EDGE_CURVE('',#9176,#9174,#9177,.T.);
#7413=EDGE_CURVE('',#9178,#9176,#9179,.T.);
#7414=EDGE_CURVE('',#9180,#9178,#9181,.T.);
#7415=EDGE_CURVE('',#9180,#9182,#9183,.T.);
#7416=EDGE_CURVE('',#9182,#9184,#9185,.T.);
#7417=EDGE_CURVE('',#9184,#9186,#9187,.T.);
#7418=EDGE_CURVE('',#9172,#9186,#9188,.T.);
#7419=FILL_AREA_STYLE('',(#9189));
#7420=EDGE_CURVE('',#7842,#9097,#9190,.T.);
#7421=FILL_AREA_STYLE('',(#9191));
#7422=FILL_AREA_STYLE('',(#9192));
#7423=EDGE_CURVE('',#8294,#9193,#9194,.T.);
#7424=EDGE_CURVE('',#9193,#7981,#9195,.T.);
#7425=FILL_AREA_STYLE('',(#9196));
#7426=EDGE_CURVE('',#8443,#9197,#9198,.T.);
#7427=EDGE_CURVE('',#8442,#9199,#9200,.T.);
#7428=EDGE_CURVE('',#9201,#9199,#9202,.T.);
#7429=EDGE_CURVE('',#9203,#9201,#9204,.T.);
#7430=EDGE_CURVE('',#8540,#9203,#9205,.T.);
#7431=EDGE_CURVE('',#8538,#9197,#9206,.T.);
#7432=FILL_AREA_STYLE('',(#9207));
#7433=EDGE_CURVE('',#9208,#8807,#9209,.T.);
#7434=EDGE_CURVE('',#9208,#9210,#9211,.T.);
#7435=EDGE_CURVE('',#9210,#8810,#9212,.T.);
#7436=FILL_AREA_STYLE('',(#9213));
#7437=EDGE_CURVE('',#9214,#9215,#9216,.T.);
#7438=EDGE_CURVE('',#9217,#9215,#9218,.T.);
#7439=EDGE_CURVE('',#9219,#9217,#9220,.T.);
#7440=EDGE_CURVE('',#9214,#9219,#9221,.T.);
#7441=FILL_AREA_STYLE('',(#9222));
#7442=EDGE_CURVE('',#9223,#9224,#9225,.T.);
#7443=EDGE_CURVE('',#9224,#7901,#9226,.T.);
#7444=EDGE_CURVE('',#8117,#7899,#9227,.T.);
#7445=EDGE_CURVE('',#8115,#9228,#9229,.T.);
#7446=EDGE_CURVE('',#9230,#9228,#9231,.T.);
#7447=EDGE_CURVE('',#9230,#8336,#9232,.T.);
#7448=EDGE_CURVE('',#8334,#9233,#9234,.T.);
#7449=EDGE_CURVE('',#9235,#9233,#9236,.T.);
#7450=EDGE_CURVE('',#9235,#9223,#9237,.T.);
#7451=FILL_AREA_STYLE('',(#9238));
#7452=EDGE_CURVE('',#8184,#8556,#9239,.T.);
#7453=EDGE_CURVE('',#8555,#9208,#9240,.T.);
#7454=FILL_AREA_STYLE('',(#9241));
#7455=EDGE_CURVE('',#7967,#8160,#9242,.T.);
#7456=FILL_AREA_STYLE('',(#9243));
#7457=EDGE_CURVE('',#9244,#8975,#9245,.T.);
#7458=EDGE_CURVE('',#9244,#9246,#9247,.T.);
#7459=EDGE_CURVE('',#8172,#9246,#9248,.T.);
#7460=EDGE_CURVE('',#9249,#9114,#9250,.T.);
#7461=EDGE_CURVE('',#8844,#9251,#9252,.T.);
#7462=EDGE_CURVE('',#9253,#9251,#9254,.T.);
#7463=EDGE_CURVE('',#8997,#9253,#9255,.T.);
#7464=EDGE_CURVE('',#9256,#8995,#9257,.T.);
#7465=EDGE_CURVE('',#9256,#9233,#9258,.T.);
#7466=EDGE_CURVE('',#8376,#7986,#9259,.T.);
#7467=EDGE_CURVE('',#7997,#7990,#9260,.T.);
#7468=EDGE_CURVE('',#9168,#7974,#9261,.T.);
#7469=EDGE_CURVE('',#9228,#7971,#9262,.T.);
#7470=EDGE_CURVE('',#8644,#7890,#9263,.T.);
#7471=EDGE_CURVE('',#9264,#7887,#9265,.T.);
#7472=EDGE_CURVE('',#9266,#9264,#9267,.T.);
#7473=EDGE_CURVE('',#7958,#9266,#9268,.T.);
#7474=EDGE_CURVE('',#9269,#7962,#9270,.T.);
#7475=EDGE_CURVE('',#9269,#7897,#9271,.T.);
#7476=EDGE_CURVE('',#8537,#9224,#9272,.T.);
#7477=EDGE_CURVE('',#8542,#9273,#9274,.T.);
#7478=EDGE_CURVE('',#9273,#9275,#9276,.T.);
#7479=EDGE_CURVE('',#9275,#9249,#9277,.T.);
#7480=FILL_AREA_STYLE('',(#9278));
#7481=EDGE_CURVE('',#8374,#7985,#9279,.T.);
#7482=FILL_AREA_STYLE('',(#9280));
#7483=EDGE_CURVE('',#9281,#8737,#9282,.T.);
#7484=EDGE_CURVE('',#9100,#9281,#9283,.T.);
#7485=FILL_AREA_STYLE('',(#9284));
#7486=EDGE_CURVE('',#9285,#9104,#9286,.T.);
#7487=EDGE_CURVE('',#9281,#9285,#9287,.T.);
#7488=FILL_AREA_STYLE('',(#9288));
#7489=EDGE_CURVE('',#9289,#8898,#9290,.T.);
#7490=EDGE_CURVE('',#9146,#9289,#9291,.T.);
#7491=EDGE_CURVE('',#8977,#9144,#9292,.T.);
#7492=FILL_AREA_STYLE('',(#9293));
#7493=EDGE_CURVE('',#8181,#8558,#9294,.T.);
#7494=FILL_AREA_STYLE('',(#9295));
#7495=EDGE_CURVE('',#8565,#7838,#9296,.T.);
#7496=EDGE_CURVE('',#9021,#7838,#9297,.T.);
#7497=FILL_AREA_STYLE('',(#9298));
#7498=EDGE_CURVE('',#9230,#7972,#9299,.T.);
#7499=EDGE_CURVE('',#9166,#7976,#9300,.T.);
#7500=EDGE_CURVE('',#7999,#7988,#9301,.T.);
#7501=FILL_AREA_STYLE('',(#9302));
#7502=EDGE_CURVE('',#9303,#9116,#9304,.T.);
#7503=EDGE_CURVE('',#9303,#9049,#9305,.T.);
#7504=EDGE_CURVE('',#9047,#9306,#9307,.T.);
#7505=EDGE_CURVE('',#8925,#9306,#9308,.T.);
#7506=EDGE_CURVE('',#8927,#9309,#9310,.T.);
#7507=EDGE_CURVE('',#9311,#9309,#9312,.T.);
#7508=EDGE_CURVE('',#8832,#9311,#9313,.T.);
#7509=EDGE_CURVE('',#9215,#8834,#9314,.T.);
#7510=EDGE_CURVE('',#9217,#8725,#9315,.T.);
#7511=FILL_AREA_STYLE('',(#9316));
#7512=FILL_AREA_STYLE('',(#9317));
#7513=FILL_AREA_STYLE('',(#9318));
#7514=EDGE_CURVE('',#9273,#9203,#9319,.T.);
#7515=FILL_AREA_STYLE('',(#9320));
#7516=EDGE_CURVE('',#8594,#9321,#9322,.T.);
#7517=EDGE_CURVE('',#9323,#9321,#9324,.T.);
#7518=EDGE_CURVE('',#9323,#9325,#9326,.T.);
#7519=EDGE_CURVE('',#9325,#9327,#9328,.T.);
#7520=EDGE_CURVE('',#9327,#9329,#9330,.T.);
#7521=EDGE_CURVE('',#9331,#9329,#9332,.T.);
#7522=EDGE_CURVE('',#9331,#9174,#9333,.T.);
#7523=EDGE_CURVE('',#9334,#9335,#9336,.T.);
#7524=EDGE_CURVE('',#9335,#9334,#9337,.T.);
#7525=EDGE_CURVE('',#9338,#9339,#9340,.T.);
#7526=EDGE_CURVE('',#9339,#9338,#9341,.T.);
#7527=EDGE_CURVE('',#8773,#8772,#9342,.T.);
#7528=EDGE_CURVE('',#9041,#9040,#9343,.T.);
#7529=EDGE_CURVE('',#8560,#9210,#9344,.T.);
#7530=FILL_AREA_STYLE('',(#9345));
#7531=EDGE_CURVE('',#8590,#9021,#9346,.T.);
#7532=FILL_AREA_STYLE('',(#9347));
#7533=EDGE_CURVE('',#9193,#7833,#9348,.T.);
#7534=EDGE_CURVE('',#7827,#9193,#9349,.T.);
#7535=FILL_AREA_STYLE('',(#9350));
#7536=EDGE_CURVE('',#9303,#9249,#9351,.T.);
#7537=FILL_AREA_STYLE('',(#9352));
#7538=FILL_AREA_STYLE('',(#9353));
#7539=EDGE_CURVE('',#9354,#8175,#9355,.T.);
#7540=EDGE_CURVE('',#9354,#9356,#9357,.T.);
#7541=EDGE_CURVE('',#9356,#9006,#9358,.T.);
#7542=FILL_AREA_STYLE('',(#9359));
#7543=FILL_AREA_STYLE('',(#9360));
#7544=EDGE_CURVE('',#8642,#7892,#9361,.T.);
#7545=EDGE_CURVE('',#9362,#7896,#9363,.T.);
#7546=EDGE_CURVE('',#7960,#9362,#9364,.T.);
#7547=EDGE_CURVE('',#7957,#9365,#9366,.T.);
#7548=EDGE_CURVE('',#9365,#9367,#9368,.T.);
#7549=EDGE_CURVE('',#9367,#7888,#9369,.T.);
#7550=FILL_AREA_STYLE('',(#9370));
#7551=EDGE_CURVE('',#9172,#9371,#9372,.T.);
#7552=EDGE_CURVE('',#9373,#9371,#9374,.T.);
#7553=EDGE_CURVE('',#9373,#9375,#9376,.T.);
#7554=EDGE_CURVE('',#9375,#9377,#9378,.T.);
#7555=EDGE_CURVE('',#9377,#9379,#9380,.T.);
#7556=EDGE_CURVE('',#9379,#9381,#9382,.T.);
#7557=EDGE_CURVE('',#8601,#9381,#9383,.T.);
#7558=EDGE_CURVE('',#9384,#9285,#9385,.T.);
#7559=EDGE_CURVE('',#9384,#8551,#9386,.T.);
#7560=FILL_AREA_STYLE('',(#9387));
#7561=EDGE_CURVE('',#9365,#9266,#9388,.T.);
#7562=FILL_AREA_STYLE('',(#9389));
#7563=EDGE_CURVE('',#8992,#9390,#9391,.T.);
#7564=EDGE_CURVE('',#9390,#9256,#9392,.T.);
#7565=FILL_AREA_STYLE('',(#9393));
#7566=EDGE_CURVE('',#9394,#9253,#9395,.T.);
#7567=EDGE_CURVE('',#9394,#8993,#9396,.T.);
#7568=FILL_AREA_STYLE('',(#9397));
#7569=EDGE_CURVE('',#9398,#9197,#9399,.T.);
#7570=EDGE_CURVE('',#9400,#9398,#9401,.T.);
#7571=EDGE_CURVE('',#9046,#9400,#9402,.T.);
#7572=FILL_AREA_STYLE('',(#9403));
#7573=FILL_AREA_STYLE('',(#9404));
#7574=FILL_AREA_STYLE('',(#9405));
#7575=EDGE_CURVE('',#9406,#9407,#9408,.T.);
#7576=EDGE_CURVE('',#9409,#9406,#9410,.T.);
#7577=EDGE_CURVE('',#9409,#9411,#9412,.T.);
#7578=EDGE_CURVE('',#9411,#9407,#9413,.T.);
#7579=FILL_AREA_STYLE('',(#9414));
#7580=EDGE_CURVE('',#9199,#9051,#9415,.T.);
#7581=FILL_AREA_STYLE('',(#9416));
#7582=EDGE_CURVE('',#9417,#9244,#9418,.T.);
#7583=EDGE_CURVE('',#9419,#9417,#9420,.T.);
#7584=EDGE_CURVE('',#9419,#9246,#9421,.T.);
#7585=FILL_AREA_STYLE('',(#9422));
#7586=EDGE_CURVE('',#9289,#8499,#9423,.T.);
#7587=FILL_AREA_STYLE('',(#9424));
#7588=EDGE_CURVE('',#9394,#9425,#9426,.T.);
#7589=EDGE_CURVE('',#9251,#8683,#9427,.T.);
#7590=EDGE_CURVE('',#8714,#9428,#9429,.T.);
#7591=EDGE_CURVE('',#9428,#9425,#9430,.T.);
#7592=FILL_AREA_STYLE('',(#9431));
#7593=EDGE_CURVE('',#9398,#9223,#9432,.T.);
#7594=FILL_AREA_STYLE('',(#9433));
#7595=EDGE_CURVE('',#8864,#8866,#9434,.T.);
#7596=EDGE_CURVE('',#9311,#9435,#9436,.T.);
#7597=EDGE_CURVE('',#9435,#9437,#9438,.T.);
#7598=EDGE_CURVE('',#9437,#8702,#9439,.T.);
#7599=EDGE_CURVE('',#8389,#8391,#9440,.T.);
#7600=FILL_AREA_STYLE('',(#9441));
#7601=EDGE_CURVE('',#9442,#9443,#9444,.T.);
#7602=EDGE_CURVE('',#9443,#8507,#9445,.T.);
#7603=EDGE_CURVE('',#9446,#8507,#9447,.T.);
#7604=EDGE_CURVE('',#9446,#9448,#9449,.T.);
#7605=EDGE_CURVE('',#9442,#9448,#9450,.T.);
#7606=FILL_AREA_STYLE('',(#9451));
#7607=EDGE_CURVE('',#9452,#9407,#9453,.T.);
#7608=EDGE_CURVE('',#9063,#9411,#9454,.T.);
#7609=EDGE_CURVE('',#9064,#9455,#9456,.T.);
#7610=EDGE_CURVE('',#9452,#9455,#9457,.T.);
#7611=FILL_AREA_STYLE('',(#9458));
#7612=FILL_AREA_STYLE('',(#9459));
#7613=EDGE_CURVE('',#9460,#9461,#9462,.T.);
#7614=EDGE_CURVE('',#9460,#7921,#9463,.T.);
#7615=EDGE_CURVE('',#9443,#9464,#9465,.T.);
#7616=EDGE_CURVE('',#9466,#9464,#9467,.T.);
#7617=EDGE_CURVE('',#9466,#9461,#9468,.T.);
#7618=FILL_AREA_STYLE('',(#9469));
#7619=EDGE_CURVE('',#7952,#9470,#9471,.T.);
#7620=EDGE_CURVE('',#9470,#7915,#9472,.T.);
#7621=EDGE_CURVE('',#9460,#7915,#9473,.T.);
#7622=EDGE_CURVE('',#9461,#9474,#9475,.T.);
#7623=EDGE_CURVE('',#9476,#9474,#9477,.T.);
#7624=EDGE_CURVE('',#9476,#7935,#9478,.T.);
#7625=FILL_AREA_STYLE('',(#9479));
#7626=EDGE_CURVE('',#9102,#9384,#9480,.T.);
#7627=FILL_AREA_STYLE('',(#9481));
#7628=EDGE_CURVE('',#7881,#8607,#9482,.T.);
#7629=EDGE_CURVE('',#9483,#7878,#9484,.T.);
#7630=EDGE_CURVE('',#7950,#9483,#9485,.T.);
#7631=FILL_AREA_STYLE('',(#9486));
#7632=EDGE_CURVE('',#9487,#9335,#9488,.T.);
#7633=EDGE_CURVE('',#9489,#9487,#9490,.T.);
#7634=EDGE_CURVE('',#9489,#9334,#9491,.T.);
#7635=FILL_AREA_STYLE('',(#9492));
#7636=EDGE_CURVE('',#9493,#9494,#9495,.T.);
#7637=EDGE_CURVE('',#9494,#9493,#9496,.T.);
#7638=EDGE_CURVE('',#9487,#9489,#9497,.T.);
#7639=FILL_AREA_STYLE('',(#9498));
#7640=EDGE_CURVE('',#9499,#9500,#9501,.T.);
#7641=EDGE_CURVE('',#9500,#9494,#9502,.T.);
#7642=EDGE_CURVE('',#9499,#9493,#9503,.T.);
#7643=FILL_AREA_STYLE('',(#9504));
#7644=EDGE_CURVE('',#8605,#7883,#9505,.T.);
#7645=EDGE_CURVE('',#9506,#8603,#9507,.T.);
#7646=EDGE_CURVE('',#7879,#9506,#9508,.T.);
#7647=EDGE_CURVE('',#9500,#9499,#9509,.T.);
#7648=FILL_AREA_STYLE('',(#9510));
#7649=EDGE_CURVE('',#9511,#9339,#9512,.T.);
#7650=EDGE_CURVE('',#9513,#9511,#9514,.T.);
#7651=EDGE_CURVE('',#9513,#9338,#9515,.T.);
#7652=FILL_AREA_STYLE('',(#9516));
#7653=EDGE_CURVE('',#9517,#9518,#9519,.T.);
#7654=EDGE_CURVE('',#9518,#9517,#9520,.T.);
#7655=EDGE_CURVE('',#9511,#9513,#9521,.T.);
#7656=FILL_AREA_STYLE('',(#9522));
#7657=EDGE_CURVE('',#9523,#9518,#9524,.T.);
#7658=EDGE_CURVE('',#9525,#9523,#9526,.T.);
#7659=EDGE_CURVE('',#9525,#9517,#9527,.T.);
#7660=FILL_AREA_STYLE('',(#9528));
#7661=EDGE_CURVE('',#7905,#9529,#9530,.T.);
#7662=EDGE_CURVE('',#9529,#9186,#9531,.T.);
#7663=EDGE_CURVE('',#7908,#9184,#9532,.T.);
#7664=EDGE_CURVE('',#9523,#9525,#9533,.T.);
#7665=FILL_AREA_STYLE('',(#9534));
#7666=EDGE_CURVE('',#9535,#9474,#9536,.T.);
#7667=EDGE_CURVE('',#9537,#9535,#9538,.T.);
#7668=EDGE_CURVE('',#9539,#9537,#9540,.T.);
#7669=EDGE_CURVE('',#9539,#9541,#9542,.T.);
#7670=EDGE_CURVE('',#9541,#7937,#9543,.T.);
#7671=EDGE_CURVE('',#9476,#7937,#9544,.T.);
#7672=FILL_AREA_STYLE('',(#9545));
#7673=FILL_AREA_STYLE('',(#9546));
#7674=EDGE_CURVE('',#9539,#9547,#9548,.T.);
#7675=EDGE_CURVE('',#9549,#9547,#9550,.T.);
#7676=EDGE_CURVE('',#9549,#9551,#9552,.T.);
#7677=EDGE_CURVE('',#9541,#9551,#9553,.T.);
#7678=FILL_AREA_STYLE('',(#9554));
#7679=EDGE_CURVE('',#9555,#7946,#9556,.T.);
#7680=EDGE_CURVE('',#9557,#9555,#9558,.T.);
#7681=EDGE_CURVE('',#9557,#7945,#9559,.T.);
#7682=FILL_AREA_STYLE('',(#9560));
#7683=EDGE_CURVE('',#9551,#9321,#9561,.T.);
#7684=EDGE_CURVE('',#8610,#9557,#9562,.T.);
#7685=EDGE_CURVE('',#9555,#7941,#9563,.T.);
#7686=EDGE_CURVE('',#7939,#9541,#9564,.T.);
#7687=FILL_AREA_STYLE('',(#9565));
#7688=FILL_AREA_STYLE('',(#9566));
#7689=FILL_AREA_STYLE('',(#9567));
#7690=FILL_AREA_STYLE('',(#9568));
#7691=EDGE_CURVE('',#9381,#9506,#9569,.T.);
#7692=FILL_AREA_STYLE('',(#9570));
#7693=FILL_AREA_STYLE('',(#9571));
#7694=EDGE_CURVE('',#9549,#9323,#9572,.T.);
#7695=FILL_AREA_STYLE('',(#9573));
#7696=EDGE_CURVE('',#9547,#9325,#9574,.T.);
#7697=FILL_AREA_STYLE('',(#9575));
#7698=FILL_AREA_STYLE('',(#9576));
#7699=EDGE_CURVE('',#9577,#9464,#9578,.T.);
#7700=EDGE_CURVE('',#9577,#9579,#9580,.T.);
#7701=EDGE_CURVE('',#9579,#9581,#9582,.T.);
#7702=EDGE_CURVE('',#9581,#9583,#9584,.T.);
#7703=EDGE_CURVE('',#9537,#9583,#9585,.T.);
#7704=EDGE_CURVE('',#9466,#9535,#9586,.T.);
#7705=FILL_AREA_STYLE('',(#9587));
#7706=EDGE_CURVE('',#9588,#9583,#9589,.T.);
#7707=EDGE_CURVE('',#9590,#9581,#9591,.T.);
#7708=EDGE_CURVE('',#9590,#9588,#9592,.T.);
#7709=FILL_AREA_STYLE('',(#9593));
#7710=EDGE_CURVE('',#9579,#9594,#9595,.T.);
#7711=EDGE_CURVE('',#9594,#9590,#9596,.T.);
#7712=FILL_AREA_STYLE('',(#9597));
#7713=EDGE_CURVE('',#9442,#9327,#9598,.T.);
#7714=EDGE_CURVE('',#9588,#9599,#9600,.T.);
#7715=EDGE_CURVE('',#9577,#9599,#9601,.T.);
#7716=FILL_AREA_STYLE('',(#9602));
#7717=EDGE_CURVE('',#9599,#9594,#9603,.T.);
#7718=FILL_AREA_STYLE('',(#9604));
#7719=FILL_AREA_STYLE('',(#9605));
#7720=FILL_AREA_STYLE('',(#9606));
#7721=EDGE_CURVE('',#9448,#9329,#9607,.T.);
#7722=FILL_AREA_STYLE('',(#9608));
#7723=EDGE_CURVE('',#9446,#9331,#9609,.T.);
#7724=FILL_AREA_STYLE('',(#9610));
#7725=EDGE_CURVE('',#7928,#9176,#9611,.T.);
#7726=EDGE_CURVE('',#9178,#7925,#9612,.T.);
#7727=FILL_AREA_STYLE('',(#9613));
#7728=EDGE_CURVE('',#7914,#7926,#9614,.T.);
#7729=EDGE_CURVE('',#7917,#7930,#9615,.T.);
#7730=FILL_AREA_STYLE('',(#9616));
#7731=EDGE_CURVE('',#9470,#9180,#9617,.T.);
#7732=FILL_AREA_STYLE('',(#9618));
#7733=FILL_AREA_STYLE('',(#9619));
#7734=EDGE_CURVE('',#9354,#9620,#9621,.T.);
#7735=EDGE_CURVE('',#9620,#9356,#9622,.T.);
#7736=FILL_AREA_STYLE('',(#9623));
#7737=EDGE_CURVE('',#7906,#9624,#9625,.T.);
#7738=EDGE_CURVE('',#9624,#9375,#9626,.T.);
#7739=EDGE_CURVE('',#7906,#9373,#9627,.T.);
#7740=FILL_AREA_STYLE('',(#9628));
#7741=EDGE_CURVE('',#9377,#9483,#9629,.T.);
#7742=EDGE_CURVE('',#9624,#9180,#9630,.T.);
#7743=FILL_AREA_STYLE('',(#9631));
#7744=EDGE_CURVE('',#9182,#7910,#9632,.T.);
#7745=FILL_AREA_STYLE('',(#9633));
#7746=EDGE_CURVE('',#9529,#9371,#9634,.T.);
#7747=FILL_AREA_STYLE('',(#9635));
#7748=FILL_AREA_STYLE('',(#9636));
#7749=FILL_AREA_STYLE('',(#9637));
#7750=FILL_AREA_STYLE('',(#9638));
#7751=EDGE_CURVE('',#7878,#9379,#9639,.T.);
#7752=FILL_AREA_STYLE('',(#9640));
#7753=EDGE_CURVE('',#9400,#9306,#9641,.T.);
#7754=FILL_AREA_STYLE('',(#9642));
#7755=EDGE_CURVE('',#9362,#9269,#9643,.T.);
#7756=FILL_AREA_STYLE('',(#9644));
#7757=EDGE_CURVE('',#9275,#9201,#9645,.T.);
#7758=FILL_AREA_STYLE('',(#9646));
#7759=EDGE_CURVE('',#9647,#9648,#9649,.T.);
#7760=EDGE_CURVE('',#9648,#9006,#9650,.T.);
#7761=EDGE_CURVE('',#9647,#9620,#9651,.T.);
#7762=FILL_AREA_STYLE('',(#9652));
#7763=EDGE_CURVE('',#9425,#9406,#9653,.T.);
#7764=EDGE_CURVE('',#9428,#9409,#9654,.T.);
#7765=FILL_AREA_STYLE('',(#9655));
#7766=FILL_AREA_STYLE('',(#9656));
#7767=FILL_AREA_STYLE('',(#9657));
#7768=EDGE_CURVE('',#9658,#8340,#9659,.T.);
#7769=EDGE_CURVE('',#9658,#7827,#9660,.T.);
#7770=FILL_AREA_STYLE('',(#9661));
#7771=EDGE_CURVE('',#9658,#8294,#9662,.T.);
#7772=FILL_AREA_STYLE('',(#9663));
#7773=EDGE_CURVE('',#9658,#9664,#9665,.T.);
#7774=EDGE_CURVE('',#8295,#9664,#9666,.T.);
#7775=FILL_AREA_STYLE('',(#9667));
#7776=EDGE_CURVE('',#9664,#8499,#9668,.T.);
#7777=FILL_AREA_STYLE('',(#9669));
#7778=EDGE_CURVE('',#9670,#9289,#9671,.T.);
#7779=EDGE_CURVE('',#9664,#9670,#9672,.T.);
#7780=FILL_AREA_STYLE('',(#9673));
#7781=EDGE_CURVE('',#9674,#9670,#9675,.T.);
#7782=EDGE_CURVE('',#9143,#9674,#9676,.T.);
#7783=FILL_AREA_STYLE('',(#9677));
#7784=EDGE_CURVE('',#8295,#9648,#9678,.T.);
#7785=EDGE_CURVE('',#9670,#9648,#9679,.T.);
#7786=FILL_AREA_STYLE('',(#9680));
#7787=EDGE_CURVE('',#9647,#9419,#9681,.T.);
#7788=EDGE_CURVE('',#9674,#9417,#9682,.T.);
#7789=FILL_AREA_STYLE('',(#9683));
#7790=FILL_AREA_STYLE('',(#9684));
#7791=FILL_AREA_STYLE('',(#9685));
#7792=FILL_AREA_STYLE('',(#9686));
#7793=FILL_AREA_STYLE('',(#9687));
#7794=FILL_AREA_STYLE('',(#9688));
#7795=EDGE_CURVE('',#9367,#9264,#9689,.T.);
#7796=FILL_AREA_STYLE('',(#9690));
#7797=FILL_AREA_STYLE('',(#9691));
#7798=EDGE_CURVE('',#8706,#9437,#9692,.T.);
#7799=FILL_AREA_STYLE('',(#9693));
#7800=EDGE_CURVE('',#9390,#9452,#9694,.T.);
#7801=FILL_AREA_STYLE('',(#9695));
#7802=EDGE_CURVE('',#8927,#9435,#9696,.T.);
#7803=FILL_AREA_STYLE('',(#9697));
#7804=FILL_AREA_STYLE('',(#9698));
#7805=FILL_AREA_STYLE('',(#9699));
#7806=FILL_AREA_STYLE('',(#9700));
#7807=EDGE_CURVE('',#9455,#9235,#9701,.T.);
#7808=EDGE_CURVE('',#8862,#8861,#9702,.T.);
#7809=FILL_AREA_STYLE('',(#9703));
#7810=FILL_AREA_STYLE('',(#9704));
#7811=FILL_AREA_STYLE('',(#9705));
#7812=FILL_AREA_STYLE('',(#9706));
#7813=FILL_AREA_STYLE('',(#9707));
#7814=FILL_AREA_STYLE('',(#9708));
#7815=FILL_AREA_STYLE('',(#9709));
#7816=FILL_AREA_STYLE('',(#9710));
#7817=FILL_AREA_STYLE('',(#9711));
#7818=FILL_AREA_STYLE('',(#9712));
#7819=FILL_AREA_STYLE('',(#9713));
#7820=FILL_AREA_STYLE('',(#9714));
#7821=FILL_AREA_STYLE('',(#9715));
#7822=FILL_AREA_STYLE('',(#9716));
#7823=FILL_AREA_STYLE_COLOUR('',#9717);
#7824=VERTEX_POINT('',#9718);
#7825=VERTEX_POINT('',#9719);
#7826=CIRCLE('',#9720,4.20000000000003);
#7827=VERTEX_POINT('',#9721);
#7828=CIRCLE('',#9722,0.2);
#7829=VERTEX_POINT('',#9723);
#7830=CIRCLE('',#9724,4.1732050807569);
#7831=CIRCLE('',#9725,0.2);
#7832=FILL_AREA_STYLE_COLOUR('',#9726);
#7833=VERTEX_POINT('',#9727);
#7834=VERTEX_POINT('',#9728);
#7835=CIRCLE('',#9729,4.20000000000003);
#7836=VERTEX_POINT('',#9730);
#7837=CIRCLE('',#9731,0.2);
#7838=VERTEX_POINT('',#9732);
#7839=CIRCLE('',#9733,4.14142135623733);
#7840=CIRCLE('',#9734,0.2);
#7841=FILL_AREA_STYLE_COLOUR('',#9735);
#7842=VERTEX_POINT('',#9736);
#7843=VERTEX_POINT('',#9737);
#7844=CIRCLE('',#9738,4.00000000000002);
#7845=VERTEX_POINT('',#9739);
#7846=CIRCLE('',#9740,0.2);
#7847=VERTEX_POINT('',#9741);
#7848=CIRCLE('',#9742,4.05857864376271);
#7849=CIRCLE('',#9743,0.2);
#7850=FILL_AREA_STYLE_COLOUR('',#9744);
#7851=VERTEX_POINT('',#9745);
#7852=VERTEX_POINT('',#9746);
#7853=CIRCLE('',#9747,4.20000000000006);
#7854=VERTEX_POINT('',#9748);
#7855=CIRCLE('',#9749,0.2);
#7856=VERTEX_POINT('',#9750);
#7857=CIRCLE('',#9751,4.1732050807569);
#7858=CIRCLE('',#9752,0.2);
#7859=FILL_AREA_STYLE_COLOUR('',#9753);
#7860=VERTEX_POINT('',#9754);
#7861=VERTEX_POINT('',#9755);
#7862=CIRCLE('',#9756,4.00000000000005);
#7863=VERTEX_POINT('',#9757);
#7864=B_SPLINE_CURVE_WITH_KNOTS('',3,(#9758,#9759,#9760,#9761,#9762,#9763,#9764,#9765,#9766,#9767,#9768,#9769,#9770),.UNSPECIFIED.,.F.,.F.,(4,3,3,3,4),(7.18851980770902E-12,0.0364858358501647,0.0729288905459373,0.109324224366996,0.145667096256413),.UNSPECIFIED.);
#7865=VERTEX_POINT('',#9771);
#7866=CIRCLE('',#9772,4.00252605887619);
#7867=B_SPLINE_CURVE_WITH_KNOTS('',3,(#9773,#9774,#9775,#9776,#9777,#9778,#9779,#9780,#9781,#9782,#9783,#9784,#9785),.UNSPECIFIED.,.F.,.F.,(4,3,3,3,4),(0.0,0.0364167756789383,0.0728335576992097,0.109250331058078,0.145667096410429),.UNSPECIFIED.);
#7868=FILL_AREA_STYLE_COLOUR('',#9786);
#7869=VERTEX_POINT('',#9787);
#7870=VERTEX_POINT('',#9788);
#7871=CIRCLE('',#9789,4.20000000000006);
#7872=VERTEX_POINT('',#9790);
#7873=CIRCLE('',#9791,0.2);
#7874=VERTEX_POINT('',#9792);
#7875=CIRCLE('',#9793,4.14142135623733);
#7876=CIRCLE('',#9794,0.2);
#7877=FILL_AREA_STYLE_COLOUR('',#9795);
#7878=VERTEX_POINT('',#9796);
#7879=VERTEX_POINT('',#9797);
#7880=LINE('',#9798,#9799);
#7881=VERTEX_POINT('',#9800);
#7882=CIRCLE('',#9801,3.1);
#7883=VERTEX_POINT('',#9802);
#7884=LINE('',#9803,#9804);
#7885=CIRCLE('',#9805,3.1);
#7886=FILL_AREA_STYLE_COLOUR('',#9806);
#7887=VERTEX_POINT('',#9807);
#7888=VERTEX_POINT('',#9808);
#7889=LINE('',#9809,#9810);
#7890=VERTEX_POINT('',#9811);
#7891=CIRCLE('',#9812,0.1935);
#7892=VERTEX_POINT('',#9813);
#7893=LINE('',#9814,#9815);
#7894=CIRCLE('',#9816,0.1935);
#7895=FILL_AREA_STYLE_COLOUR('',#9817);
#7896=VERTEX_POINT('',#9818);
#7897=VERTEX_POINT('',#9819);
#7898=LINE('',#9820,#9821);
#7899=VERTEX_POINT('',#9822);
#7900=CIRCLE('',#9823,0.19349999999998);
#7901=VERTEX_POINT('',#9824);
#7902=LINE('',#9825,#9826);
#7903=CIRCLE('',#9827,0.19349999999998);
#7904=FILL_AREA_STYLE_COLOUR('',#9828);
#7905=VERTEX_POINT('',#9829);
#7906=VERTEX_POINT('',#9830);
#7907=LINE('',#9831,#9832);
#7908=VERTEX_POINT('',#9833);
#7909=CIRCLE('',#9834,3.1);
#7910=VERTEX_POINT('',#9835);
#7911=LINE('',#9836,#9837);
#7912=CIRCLE('',#9838,3.1);
#7913=FILL_AREA_STYLE_COLOUR('',#9839);
#7914=VERTEX_POINT('',#9840);
#7915=VERTEX_POINT('',#9841);
#7916=LINE('',#9842,#9843);
#7917=VERTEX_POINT('',#9844);
#7918=CIRCLE('',#9845,1.0);
#7919=VERTEX_POINT('',#9846);
#7920=LINE('',#9847,#9848);
#7921=VERTEX_POINT('',#9849);
#7922=CIRCLE('',#9850,1.0);
#7923=CIRCLE('',#9851,1.0);
#7924=FILL_AREA_STYLE_COLOUR('',#9852);
#7925=VERTEX_POINT('',#9853);
#7926=VERTEX_POINT('',#9854);
#7927=LINE('',#9855,#9856);
#7928=VERTEX_POINT('',#9857);
#7929=CIRCLE('',#9858,1.0);
#7930=VERTEX_POINT('',#9859);
#7931=LINE('',#9860,#9861);
#7932=CIRCLE('',#9862,1.0);
#7933=FILL_AREA_STYLE_COLOUR('',#9863);
#7934=VERTEX_POINT('',#9864);
#7935=VERTEX_POINT('',#9865);
#7936=LINE('',#9866,#9867);
#7937=VERTEX_POINT('',#9868);
#7938=CIRCLE('',#9869,1.0);
#7939=VERTEX_POINT('',#9870);
#7940=CIRCLE('',#9871,1.0);
#7941=VERTEX_POINT('',#9872);
#7942=LINE('',#9873,#9874);
#7943=CIRCLE('',#9875,1.0);
#7944=FILL_AREA_STYLE_COLOUR('',#9876);
#7945=VERTEX_POINT('',#9877);
#7946=VERTEX_POINT('',#9878);
#7947=LINE('',#9879,#9880);
#7948=VERTEX_POINT('',#9881);
#7949=CIRCLE('',#9882,1.0);
#7950=VERTEX_POINT('',#9883);
#7951=LINE('',#9884,#9885);
#7952=VERTEX_POINT('',#9886);
#7953=ELLIPSE('',#9887,1.4142135623731,1.0);
#7954=LINE('',#9888,#9889);
#7955=CIRCLE('',#9890,1.0);
#7956=FILL_AREA_STYLE_COLOUR('',#9891);
#7957=VERTEX_POINT('',#9892);
#7958=VERTEX_POINT('',#9893);
#7959=LINE('',#9894,#9895);
#7960=VERTEX_POINT('',#9896);
#7961=CIRCLE('',#9897,0.193499999999987);
#7962=VERTEX_POINT('',#9898);
#7963=LINE('',#9899,#9900);
#7964=CIRCLE('',#9901,0.193499999999987);
#7965=FILL_AREA_STYLE_COLOUR('',#9902);
#7966=LINE('',#9903,#9904);
#7967=VERTEX_POINT('',#9905);
#7968=CIRCLE('',#9906,0.2);
#7969=LINE('',#9907,#9908);
#7970=FILL_AREA_STYLE_COLOUR('',#9909);
#7971=VERTEX_POINT('',#9910);
#7972=VERTEX_POINT('',#9911);
#7973=LINE('',#9912,#9913);
#7974=VERTEX_POINT('',#9914);
#7975=CIRCLE('',#9915,0.193499999999979);
#7976=VERTEX_POINT('',#9916);
#7977=LINE('',#9917,#9918);
#7978=CIRCLE('',#9919,0.193499999999979);
#7979=FILL_AREA_STYLE_COLOUR('',#9920);
#7980=LINE('',#9921,#9922);
#7981=VERTEX_POINT('',#9923);
#7982=LINE('',#9924,#9925);
#7983=CIRCLE('',#9926,0.2);
#7984=FILL_AREA_STYLE_COLOUR('',#9927);
#7985=VERTEX_POINT('',#9928);
#7986=VERTEX_POINT('',#9929);
#7987=LINE('',#9930,#9931);
#7988=VERTEX_POINT('',#9932);
#7989=CIRCLE('',#9933,0.193499999999987);
#7990=VERTEX_POINT('',#9934);
#7991=LINE('',#9935,#9936);
#7992=CIRCLE('',#9937,0.193499999999987);
#7993=FILL_AREA_STYLE_COLOUR('',#9938);
#7994=VERTEX_POINT('',#9939);
#7995=VERTEX_POINT('',#9940);
#7996=LINE('',#9941,#9942);
#7997=VERTEX_POINT('',#9943);
#7998=CIRCLE('',#9944,0.1935);
#7999=VERTEX_POINT('',#9945);
#8000=LINE('',#9946,#9947);
#8001=CIRCLE('',#9948,0.1935);
#8002=FILL_AREA_STYLE_COLOUR('',#9949);
#8003=LINE('',#9950,#9951);
#8004=VERTEX_POINT('',#9952);
#8005=CIRCLE('',#9953,0.2);
#8006=LINE('',#9954,#9955);
#8007=FILL_AREA_STYLE_COLOUR('',#9956);
#8008=VERTEX_POINT('',#9957);
#8009=VERTEX_POINT('',#9958);
#8010=LINE('',#9959,#9960);
#8011=VERTEX_POINT('',#9961);
#8012=CIRCLE('',#9962,0.19349999999998);
#8013=VERTEX_POINT('',#9963);
#8014=LINE('',#9964,#9965);
#8015=CIRCLE('',#9966,0.19349999999998);
#8016=FILL_AREA_STYLE_COLOUR('',#9967);
#8017=VERTEX_POINT('',#9968);
#8018=VERTEX_POINT('',#9969);
#8019=LINE('',#9970,#9971);
#8020=VERTEX_POINT('',#9972);
#8021=CIRCLE('',#9973,0.193499999999987);
#8022=VERTEX_POINT('',#9974);
#8023=LINE('',#9975,#9976);
#8024=CIRCLE('',#9977,0.193499999999987);
#8025=FILL_AREA_STYLE_COLOUR('',#9978);
#8026=VERTEX_POINT('',#9979);
#8027=VERTEX_POINT('',#9980);
#8028=LINE('',#9981,#9982);
#8029=VERTEX_POINT('',#9983);
#8030=CIRCLE('',#9984,0.1935);
#8031=VERTEX_POINT('',#9985);
#8032=LINE('',#9986,#9987);
#8033=CIRCLE('',#9988,0.1935);
#8034=FILL_AREA_STYLE_COLOUR('',#9989);
#8035=VERTEX_POINT('',#9990);
#8036=VERTEX_POINT('',#9991);
#8037=LINE('',#9992,#9993);
#8038=VERTEX_POINT('',#9994);
#8039=CIRCLE('',#9995,3.1);
#8040=VERTEX_POINT('',#9996);
#8041=LINE('',#9997,#9998);
#8042=CIRCLE('',#9999,3.1);
#8043=FILL_AREA_STYLE_COLOUR('',#10000);
#8044=VERTEX_POINT('',#10001);
#8045=VERTEX_POINT('',#10002);
#8046=LINE('',#10003,#10004);
#8047=VERTEX_POINT('',#10005);
#8048=CIRCLE('',#10006,0.1935);
#8049=VERTEX_POINT('',#10007);
#8050=LINE('',#10008,#10009);
#8051=CIRCLE('',#10010,0.1935);
#8052=FILL_AREA_STYLE_COLOUR('',#10011);
#8053=VERTEX_POINT('',#10012);
#8054=VERTEX_POINT('',#10013);
#8055=LINE('',#10014,#10015);
#8056=VERTEX_POINT('',#10016);
#8057=CIRCLE('',#10017,1.0);
#8058=VERTEX_POINT('',#10018);
#8059=LINE('',#10019,#10020);
#8060=VERTEX_POINT('',#10021);
#8061=CIRCLE('',#10022,1.0);
#8062=CIRCLE('',#10023,1.0);
#8063=FILL_AREA_STYLE_COLOUR('',#10024);
#8064=VERTEX_POINT('',#10025);
#8065=VERTEX_POINT('',#10026);
#8066=LINE('',#10027,#10028);
#8067=CIRCLE('',#10029,1.0);
#8068=VERTEX_POINT('',#10030);
#8069=LINE('',#10031,#10032);
#8070=VERTEX_POINT('',#10033);
#8071=ELLIPSE('',#10034,1.4142135623731,1.0);
#8072=VERTEX_POINT('',#10035);
#8073=LINE('',#10036,#10037);
#8074=CIRCLE('',#10038,1.0);
#8075=FILL_AREA_STYLE_COLOUR('',#10039);
#8076=VERTEX_POINT('',#10040);
#8077=VERTEX_POINT('',#10041);
#8078=LINE('',#10042,#10043);
#8079=VERTEX_POINT('',#10044);
#8080=CIRCLE('',#10045,0.193499999999979);
#8081=VERTEX_POINT('',#10046);
#8082=LINE('',#10047,#10048);
#8083=CIRCLE('',#10049,0.193499999999979);
#8084=FILL_AREA_STYLE_COLOUR('',#10050);
#8085=VERTEX_POINT('',#10051);
#8086=VERTEX_POINT('',#10052);
#8087=LINE('',#10053,#10054);
#8088=VERTEX_POINT('',#10055);
#8089=CIRCLE('',#10056,0.193499999999987);
#8090=VERTEX_POINT('',#10057);
#8091=LINE('',#10058,#10059);
#8092=CIRCLE('',#10060,0.193499999999987);
#8093=FILL_AREA_STYLE_COLOUR('',#10061);
#8094=VERTEX_POINT('',#10062);
#8095=VERTEX_POINT('',#10063);
#8096=LINE('',#10064,#10065);
#8097=VERTEX_POINT('',#10066);
#8098=CIRCLE('',#10067,3.1);
#8099=VERTEX_POINT('',#10068);
#8100=LINE('',#10069,#10070);
#8101=CIRCLE('',#10071,3.1);
#8102=FILL_AREA_STYLE_COLOUR('',#10072);
#8103=VERTEX_POINT('',#10073);
#8104=VERTEX_POINT('',#10074);
#8105=LINE('',#10075,#10076);
#8106=VERTEX_POINT('',#10077);
#8107=CIRCLE('',#10078,0.193499999999979);
#8108=VERTEX_POINT('',#10079);
#8109=LINE('',#10080,#10081);
#8110=CIRCLE('',#10082,0.193499999999979);
#8111=FILL_AREA_STYLE_COLOUR('',#10083);
#8112=VERTEX_POINT('',#10084);
#8113=VERTEX_POINT('',#10085);
#8114=LINE('',#10086,#10087);
#8115=VERTEX_POINT('',#10088);
#8116=CIRCLE('',#10089,0.193499999999979);
#8117=VERTEX_POINT('',#10090);
#8118=LINE('',#10091,#10092);
#8119=CIRCLE('',#10093,0.193499999999979);
#8120=FILL_AREA_STYLE_COLOUR('',#10094);
#8121=VERTEX_POINT('',#10095);
#8122=VERTEX_POINT('',#10096);
#8123=LINE('',#10097,#10098);
#8124=VERTEX_POINT('',#10099);
#8125=CIRCLE('',#10100,0.19349999999998);
#8126=VERTEX_POINT('',#10101);
#8127=LINE('',#10102,#10103);
#8128=CIRCLE('',#10104,0.19349999999998);
#8129=FILL_AREA_STYLE_COLOUR('',#10105);
#8130=VERTEX_POINT('',#10106);
#8131=VERTEX_POINT('',#10107);
#8132=LINE('',#10108,#10109);
#8133=VERTEX_POINT('',#10110);
#8134=CIRCLE('',#10111,0.19349999999998);
#8135=VERTEX_POINT('',#10112);
#8136=LINE('',#10113,#10114);
#8137=CIRCLE('',#10115,0.19349999999998);
#8138=FILL_AREA_STYLE_COLOUR('',#10116);
#8139=VERTEX_POINT('',#10117);
#8140=VERTEX_POINT('',#10118);
#8141=LINE('',#10119,#10120);
#8142=VERTEX_POINT('',#10121);
#8143=CIRCLE('',#10122,1.0);
#8144=VERTEX_POINT('',#10123);
#8145=CIRCLE('',#10124,1.0);
#8146=VERTEX_POINT('',#10125);
#8147=LINE('',#10126,#10127);
#8148=CIRCLE('',#10128,1.0);
#8149=FILL_AREA_STYLE_COLOUR('',#10129);
#8150=VERTEX_POINT('',#10130);
#8151=VERTEX_POINT('',#10131);
#8152=LINE('',#10132,#10133);
#8153=VERTEX_POINT('',#10134);
#8154=CIRCLE('',#10135,1.0);
#8155=VERTEX_POINT('',#10136);
#8156=LINE('',#10137,#10138);
#8157=CIRCLE('',#10139,1.0);
#8158=FILL_AREA_STYLE_COLOUR('',#10140);
#8159=LINE('',#10141,#10142);
#8160=VERTEX_POINT('',#10143);
#8161=LINE('',#10144,#10145);
#8162=CIRCLE('',#10146,0.2);
#8163=FILL_AREA_STYLE_COLOUR('',#10147);
#8164=VERTEX_POINT('',#10148);
#8165=VERTEX_POINT('',#10149);
#8166=LINE('',#10150,#10151);
#8167=LINE('',#10152,#10153);
#8168=VERTEX_POINT('',#10154);
#8169=LINE('',#10155,#10156);
#8170=LINE('',#10157,#10158);
#8171=FILL_AREA_STYLE_COLOUR('',#10159);
#8172=VERTEX_POINT('',#10160);
#8173=VERTEX_POINT('',#10161);
#8174=LINE('',#10162,#10163);
#8175=VERTEX_POINT('',#10164);
#8176=LINE('',#10165,#10166);
#8177=VERTEX_POINT('',#10167);
#8178=LINE('',#10168,#10169);
#8179=LINE('',#10170,#10171);
#8180=FILL_AREA_STYLE_COLOUR('',#10172);
#8181=VERTEX_POINT('',#10173);
#8182=VERTEX_POINT('',#10174);
#8183=LINE('',#10175,#10176);
#8184=VERTEX_POINT('',#10177);
#8185=LINE('',#10178,#10179);
#8186=VERTEX_POINT('',#10180);
#8187=LINE('',#10181,#10182);
#8188=LINE('',#10183,#10184);
#8189=FILL_AREA_STYLE_COLOUR('',#10185);
#8190=VERTEX_POINT('',#10186);
#8191=VERTEX_POINT('',#10187);
#8192=LINE('',#10188,#10189);
#8193=VERTEX_POINT('',#10190);
#8194=LINE('',#10191,#10192);
#8195=VERTEX_POINT('',#10193);
#8196=LINE('',#10194,#10195);
#8197=LINE('',#10196,#10197);
#8198=FILL_AREA_STYLE_COLOUR('',#10198);
#8199=VERTEX_POINT('',#10199);
#8200=CIRCLE('',#10200,0.2);
#8201=CIRCLE('',#10201,4.1732050807569);
#8202=FILL_AREA_STYLE_COLOUR('',#10202);
#8203=VERTEX_POINT('',#10203);
#8204=LINE('',#10204,#10205);
#8205=VERTEX_POINT('',#10206);
#8206=LINE('',#10207,#10208);
#8207=LINE('',#10209,#10210);
#8208=FILL_AREA_STYLE_COLOUR('',#10211);
#8209=VERTEX_POINT('',#10212);
#8210=VERTEX_POINT('',#10213);
#8211=CIRCLE('',#10214,2.95000000000002);
#8212=VERTEX_POINT('',#10215);
#8213=CIRCLE('',#10216,0.5);
#8214=VERTEX_POINT('',#10217);
#8215=CIRCLE('',#10218,3.45000000000002);
#8216=CIRCLE('',#10219,0.5);
#8217=FILL_AREA_STYLE_COLOUR('',#10220);
#8218=VERTEX_POINT('',#10221);
#8219=LINE('',#10222,#10223);
#8220=VERTEX_POINT('',#10224);
#8221=CIRCLE('',#10225,3.45000000000002);
#8222=LINE('',#10226,#10227);
#8223=FILL_AREA_STYLE_COLOUR('',#10228);
#8224=VERTEX_POINT('',#10229);
#8225=VERTEX_POINT('',#10230);
#8226=CIRCLE('',#10231,1.0);
#8227=VERTEX_POINT('',#10232);
#8228=LINE('',#10233,#10234);
#8229=VERTEX_POINT('',#10235);
#8230=CIRCLE('',#10236,1.0);
#8231=LINE('',#10237,#10238);
#8232=FILL_AREA_STYLE_COLOUR('',#10239);
#8233=VERTEX_POINT('',#10240);
#8234=VERTEX_POINT('',#10241);
#8235=CIRCLE('',#10242,1.0);
#8236=VERTEX_POINT('',#10243);
#8237=LINE('',#10244,#10245);
#8238=VERTEX_POINT('',#10246);
#8239=CIRCLE('',#10247,1.0);
#8240=LINE('',#10248,#10249);
#8241=FILL_AREA_STYLE_COLOUR('',#10250);
#8242=CIRCLE('',#10251,1.0);
#8243=CIRCLE('',#10252,2.80000000000001);
#8244=FILL_AREA_STYLE_COLOUR('',#10253);
#8245=LINE('',#10254,#10255);
#8246=FILL_AREA_STYLE_COLOUR('',#10256);
#8247=VERTEX_POINT('',#10257);
#8248=VERTEX_POINT('',#10258);
#8249=LINE('',#10259,#10260);
#8250=VERTEX_POINT('',#10261);
#8251=LINE('',#10262,#10263);
#8252=VERTEX_POINT('',#10264);
#8253=LINE('',#10265,#10266);
#8254=LINE('',#10267,#10268);
#8255=FILL_AREA_STYLE_COLOUR('',#10269);
#8256=VERTEX_POINT('',#10270);
#8257=CIRCLE('',#10271,1.0);
#8258=CIRCLE('',#10272,2.79999999999998);
#8259=FILL_AREA_STYLE_COLOUR('',#10273);
#8260=VERTEX_POINT('',#10274);
#8261=VERTEX_POINT('',#10275);
#8262=LINE('',#10276,#10277);
#8263=CIRCLE('',#10278,0.2);
#8264=CIRCLE('',#10279,0.2);
#8265=FILL_AREA_STYLE_COLOUR('',#10280);
#8266=VERTEX_POINT('',#10281);
#8267=VERTEX_POINT('',#10282);
#8268=CIRCLE('',#10283,4.5);
#8269=LINE('',#10284,#10285);
#8270=LINE('',#10286,#10287);
#8271=FILL_AREA_STYLE_COLOUR('',#10288);
#8272=VERTEX_POINT('',#10289);
#8273=LINE('',#10290,#10291);
#8274=VERTEX_POINT('',#10292);
#8275=CIRCLE('',#10293,3.1);
#8276=VERTEX_POINT('',#10294);
#8277=LINE('',#10295,#10296);
#8278=LINE('',#10297,#10298);
#8279=VERTEX_POINT('',#10299);
#8280=VERTEX_POINT('',#10300);
#8281=CIRCLE('',#10301,1.6);
#8282=CIRCLE('',#10302,1.6);
#8283=FILL_AREA_STYLE_COLOUR('',#10303);
#8284=VERTEX_POINT('',#10304);
#8285=VERTEX_POINT('',#10305);
#8286=LINE('',#10306,#10307);
#8287=LINE('',#10308,#10309);
#8288=VERTEX_POINT('',#10310);
#8289=LINE('',#10311,#10312);
#8290=VERTEX_POINT('',#10313);
#8291=LINE('',#10314,#10315);
#8292=LINE('',#10316,#10317);
#8293=FILL_AREA_STYLE_COLOUR('',#10318);
#8294=VERTEX_POINT('',#10319);
#8295=VERTEX_POINT('',#10320);
#8296=CIRCLE('',#10321,0.5);
#8297=VERTEX_POINT('',#10322);
#8298=CIRCLE('',#10323,3.5169872981078);
#8299=VERTEX_POINT('',#10324);
#8300=CIRCLE('',#10325,0.5);
#8301=CIRCLE('',#10326,3.45000000000002);
#8302=FILL_AREA_STYLE_COLOUR('',#10327);
#8303=VERTEX_POINT('',#10328);
#8304=CIRCLE('',#10329,1.0);
#8305=LINE('',#10330,#10331);
#8306=VERTEX_POINT('',#10332);
#8307=ELLIPSE('',#10333,1.4142135623731,1.0);
#8308=LINE('',#10334,#10335);
#8309=FILL_AREA_STYLE_COLOUR('',#10336);
#8310=VERTEX_POINT('',#10337);
#8311=VERTEX_POINT('',#10338);
#8312=LINE('',#10339,#10340);
#8313=VERTEX_POINT('',#10341);
#8314=CIRCLE('',#10342,2.79999999999998);
#8315=VERTEX_POINT('',#10343);
#8316=LINE('',#10344,#10345);
#8317=VERTEX_POINT('',#10346);
#8318=CIRCLE('',#10347,3.20000000000004);
#8319=LINE('',#10348,#10349);
#8320=FILL_AREA_STYLE_COLOUR('',#10350);
#8321=VERTEX_POINT('',#10351);
#8322=VERTEX_POINT('',#10352);
#8323=CIRCLE('',#10353,4.5);
#8324=VERTEX_POINT('',#10354);
#8325=LINE('',#10355,#10356);
#8326=VERTEX_POINT('',#10357);
#8327=B_SPLINE_CURVE_WITH_KNOTS('',3,(#10358,#10359,#10360,#10361,#10362,#10363,#10364,#10365,#10366,#10367,#10368,#10369,#10370,#10371,#10372,#10373,#10374,#10375,#10376,#10377,#10378,#10379,#10380,#10381,#10382),.UNSPECIFIED.,.F.,.F.,(4,3,3,3,3,3,3,3,4),(0.0,0.145853389076889,0.291660418889767,0.437336417058124,0.582873689058821,0.72851604296612,0.874210114928808,1.01986907662966,1.16542396375859),.UNSPECIFIED.);
#8328=VERTEX_POINT('',#10383);
#8329=CIRCLE('',#10384,4.5);
#8330=VERTEX_POINT('',#10385);
#8331=B_SPLINE_CURVE_WITH_KNOTS('',3,(#10386,#10387,#10388,#10389,#10390,#10391,#10392,#10393,#10394,#10395,#10396,#10397,#10398,#10399,#10400,#10401,#10402,#10403,#10404,#10405,#10406,#10407,#10408,#10409,#10410),.UNSPECIFIED.,.F.,.F.,(4,3,3,3,3,3,3,3,4),(0.0,0.145850951818304,0.291667062929142,0.4373632174243,0.582900890386961,0.728525252185204,0.874209715990192,1.01986582728977,1.16542317530028),.UNSPECIFIED.);
#8332=LINE('',#10411,#10412);
#8333=FILL_AREA_STYLE_COLOUR('',#10413);
#8334=VERTEX_POINT('',#10414);
#8335=CIRCLE('',#10415,0.19349999999998);
#8336=VERTEX_POINT('',#10416);
#8337=LINE('',#10417,#10418);
#8338=CIRCLE('',#10419,0.19349999999998);
#8339=FILL_AREA_STYLE_COLOUR('',#10420);
#8340=VERTEX_POINT('',#10421);
#8341=VERTEX_POINT('',#10422);
#8342=LINE('',#10423,#10424);
#8343=LINE('',#10425,#10426);
#8344=LINE('',#10427,#10428);
#8345=FILL_AREA_STYLE_COLOUR('',#10429);
#8346=VERTEX_POINT('',#10430);
#8347=CIRCLE('',#10431,1.0);
#8348=VERTEX_POINT('',#10432);
#8349=LINE('',#10433,#10434);
#8350=CIRCLE('',#10435,1.0);
#8351=FILL_AREA_STYLE_COLOUR('',#10436);
#8352=VERTEX_POINT('',#10437);
#8353=VERTEX_POINT('',#10438);
#8354=LINE('',#10439,#10440);
#8355=VERTEX_POINT('',#10441);
#8356=CIRCLE('',#10442,1.0);
#8357=VERTEX_POINT('',#10443);
#8358=LINE('',#10444,#10445);
#8359=VERTEX_POINT('',#10446);
#8360=LINE('',#10447,#10448);
#8361=LINE('',#10449,#10450);
#8362=VERTEX_POINT('',#10451);
#8363=LINE('',#10452,#10453);
#8364=VERTEX_POINT('',#10454);
#8365=CIRCLE('',#10455,1.0);
#8366=VERTEX_POINT('',#10456);
#8367=LINE('',#10457,#10458);
#8368=LINE('',#10459,#10460);
#8369=VERTEX_POINT('',#10461);
#8370=VERTEX_POINT('',#10462);
#8371=CIRCLE('',#10463,1.55);
#8372=CIRCLE('',#10464,1.55);
#8373=FILL_AREA_STYLE_COLOUR('',#10465);
#8374=VERTEX_POINT('',#10466);
#8375=LINE('',#10467,#10468);
#8376=VERTEX_POINT('',#10469);
#8377=LINE('',#10470,#10471);
#8378=LINE('',#10472,#10473);
#8379=FILL_AREA_STYLE_COLOUR('',#10474);
#8380=VERTEX_POINT('',#10475);
#8381=LINE('',#10476,#10477);
#8382=LINE('',#10478,#10479);
#8383=LINE('',#10480,#10481);
#8384=FILL_AREA_STYLE_COLOUR('',#10482);
#8385=VERTEX_POINT('',#10483);
#8386=CIRCLE('',#10484,2.80000000000001);
#8387=LINE('',#10485,#10486);
#8388=FILL_AREA_STYLE_COLOUR('',#10487);
#8389=VERTEX_POINT('',#10488);
#8390=LINE('',#10489,#10490);
#8391=VERTEX_POINT('',#10491);
#8392=CIRCLE('',#10492,1.55);
#8393=LINE('',#10493,#10494);
#8394=FILL_AREA_STYLE_COLOUR('',#10495);
#8395=VERTEX_POINT('',#10496);
#8396=LINE('',#10497,#10498);
#8397=VERTEX_POINT('',#10499);
#8398=LINE('',#10500,#10501);
#8399=LINE('',#10502,#10503);
#8400=FILL_AREA_STYLE_COLOUR('',#10504);
#8401=VERTEX_POINT('',#10505);
#8402=CIRCLE('',#10506,4.05857864376271);
#8403=VERTEX_POINT('',#10507);
#8404=CIRCLE('',#10508,0.2);
#8405=CIRCLE('',#10509,4.00000000000002);
#8406=FILL_AREA_STYLE_COLOUR('',#10510);
#8407=VERTEX_POINT('',#10511);
#8408=LINE('',#10512,#10513);
#8409=LINE('',#10514,#10515);
#8410=FILL_AREA_STYLE_COLOUR('',#10516);
#8411=VERTEX_POINT('',#10517);
#8412=VERTEX_POINT('',#10518);
#8413=CIRCLE('',#10519,3.20000000000001);
#8414=VERTEX_POINT('',#10520);
#8415=LINE('',#10521,#10522);
#8416=VERTEX_POINT('',#10523);
#8417=CIRCLE('',#10524,3.20000000000001);
#8418=LINE('',#10525,#10526);
#8419=FILL_AREA_STYLE_COLOUR('',#10527);
#8420=VERTEX_POINT('',#10528);
#8421=LINE('',#10529,#10530);
#8422=LINE('',#10531,#10532);
#8423=LINE('',#10533,#10534);
#8424=VERTEX_POINT('',#10535);
#8425=LINE('',#10536,#10537);
#8426=VERTEX_POINT('',#10538);
#8427=LINE('',#10539,#10540);
#8428=VERTEX_POINT('',#10541);
#8429=LINE('',#10542,#10543);
#8430=VERTEX_POINT('',#10544);
#8431=LINE('',#10545,#10546);
#8432=LINE('',#10547,#10548);
#8433=FILL_AREA_STYLE_COLOUR('',#10549);
#8434=VERTEX_POINT('',#10550);
#8435=VERTEX_POINT('',#10551);
#8436=CIRCLE('',#10552,0.5);
#8437=CIRCLE('',#10553,3.5169872981078);
#8438=VERTEX_POINT('',#10554);
#8439=CIRCLE('',#10555,0.5);
#8440=CIRCLE('',#10556,3.45000000000002);
#8441=FILL_AREA_STYLE_COLOUR('',#10557);
#8442=VERTEX_POINT('',#10558);
#8443=VERTEX_POINT('',#10559);
#8444=CIRCLE('',#10560,1.0);
#8445=VERTEX_POINT('',#10561);
#8446=LINE('',#10562,#10563);
#8447=VERTEX_POINT('',#10564);
#8448=CIRCLE('',#10565,1.0);
#8449=LINE('',#10566,#10567);
#8450=FILL_AREA_STYLE_COLOUR('',#10568);
#8451=VERTEX_POINT('',#10569);
#8452=VERTEX_POINT('',#10570);
#8453=CIRCLE('',#10571,1.0);
#8454=VERTEX_POINT('',#10572);
#8455=LINE('',#10573,#10574);
#8456=VERTEX_POINT('',#10575);
#8457=LINE('',#10576,#10577);
#8458=VERTEX_POINT('',#10578);
#8459=LINE('',#10579,#10580);
#8460=VERTEX_POINT('',#10581);
#8461=CIRCLE('',#10582,1.0);
#8462=LINE('',#10583,#10584);
#8463=FILL_AREA_STYLE_COLOUR('',#10585);
#8464=LINE('',#10586,#10587);
#8465=VERTEX_POINT('',#10588);
#8466=LINE('',#10589,#10590);
#8467=LINE('',#10591,#10592);
#8468=FILL_AREA_STYLE_COLOUR('',#10593);
#8469=VERTEX_POINT('',#10594);
#8470=VERTEX_POINT('',#10595);
#8471=LINE('',#10596,#10597);
#8472=VERTEX_POINT('',#10598);
#8473=LINE('',#10599,#10600);
#8474=VERTEX_POINT('',#10601);
#8475=LINE('',#10602,#10603);
#8476=LINE('',#10604,#10605);
#8477=FILL_AREA_STYLE_COLOUR('',#10606);
#8478=VERTEX_POINT('',#10607);
#8479=CIRCLE('',#10608,1.0);
#8480=VERTEX_POINT('',#10609);
#8481=CIRCLE('',#10610,1.0);
#8482=LINE('',#10611,#10612);
#8483=FILL_AREA_STYLE_COLOUR('',#10613);
#8484=VERTEX_POINT('',#10614);
#8485=LINE('',#10615,#10616);
#8486=LINE('',#10617,#10618);
#8487=LINE('',#10619,#10620);
#8488=FILL_AREA_STYLE_COLOUR('',#10621);
#8489=VERTEX_POINT('',#10622);
#8490=VERTEX_POINT('',#10623);
#8491=LINE('',#10624,#10625);
#8492=LINE('',#10626,#10627);
#8493=LINE('',#10628,#10629);
#8494=FILL_AREA_STYLE_COLOUR('',#10630);
#8495=VERTEX_POINT('',#10631);
#8496=LINE('',#10632,#10633);
#8497=LINE('',#10634,#10635);
#8498=FILL_AREA_STYLE_COLOUR('',#10636);
#8499=VERTEX_POINT('',#10637);
#8500=LINE('',#10638,#10639);
#8501=CIRCLE('',#10640,0.5);
#8502=FILL_AREA_STYLE_COLOUR('',#10641);
#8503=VERTEX_POINT('',#10642);
#8504=LINE('',#10643,#10644);
#8505=LINE('',#10645,#10646);
#8506=FILL_AREA_STYLE_COLOUR('',#10647);
#8507=VERTEX_POINT('',#10648);
#8508=CIRCLE('',#10649,2.79999999999998);
#8509=LINE('',#10650,#10651);
#8510=FILL_AREA_STYLE_COLOUR('',#10652);
#8511=VERTEX_POINT('',#10653);
#8512=VERTEX_POINT('',#10654);
#8513=CIRCLE('',#10655,1.0);
#8514=LINE('',#10656,#10657);
#8515=VERTEX_POINT('',#10658);
#8516=LINE('',#10659,#10660);
#8517=LINE('',#10661,#10662);
#8518=FILL_AREA_STYLE_COLOUR('',#10663);
#8519=VERTEX_POINT('',#10664);
#8520=VERTEX_POINT('',#10665);
#8521=LINE('',#10666,#10667);
#8522=VERTEX_POINT('',#10668);
#8523=LINE('',#10669,#10670);
#8524=VERTEX_POINT('',#10671);
#8525=LINE('',#10672,#10673);
#8526=LINE('',#10674,#10675);
#8527=FILL_AREA_STYLE_COLOUR('',#10676);
#8528=VERTEX_POINT('',#10677);
#8529=VERTEX_POINT('',#10678);
#8530=LINE('',#10679,#10680);
#8531=LINE('',#10681,#10682);
#8532=LINE('',#10683,#10684);
#8533=FILL_AREA_STYLE_COLOUR('',#10685);
#8534=LINE('',#10686,#10687);
#8535=CIRCLE('',#10688,4.05857864376271);
#8536=FILL_AREA_STYLE_COLOUR('',#10689);
#8537=VERTEX_POINT('',#10690);
#8538=VERTEX_POINT('',#10691);
#8539=LINE('',#10692,#10693);
#8540=VERTEX_POINT('',#10694);
#8541=LINE('',#10695,#10696);
#8542=VERTEX_POINT('',#10697);
#8543=LINE('',#10698,#10699);
#8544=LINE('',#10700,#10701);
#8545=FILL_AREA_STYLE_COLOUR('',#10702);
#8546=VERTEX_POINT('',#10703);
#8547=VERTEX_POINT('',#10704);
#8548=LINE('',#10705,#10706);
#8549=VERTEX_POINT('',#10707);
#8550=LINE('',#10708,#10709);
#8551=VERTEX_POINT('',#10710);
#8552=LINE('',#10711,#10712);
#8553=LINE('',#10713,#10714);
#8554=FILL_AREA_STYLE_COLOUR('',#10715);
#8555=VERTEX_POINT('',#10716);
#8556=VERTEX_POINT('',#10717);
#8557=LINE('',#10718,#10719);
#8558=VERTEX_POINT('',#10720);
#8559=LINE('',#10721,#10722);
#8560=VERTEX_POINT('',#10723);
#8561=LINE('',#10724,#10725);
#8562=LINE('',#10726,#10727);
#8563=FILL_AREA_STYLE_COLOUR('',#10728);
#8564=VERTEX_POINT('',#10729);
#8565=VERTEX_POINT('',#10730);
#8566=CIRCLE('',#10731,4.14142135623733);
#8567=LINE('',#10732,#10733);
#8568=LINE('',#10734,#10735);
#8569=FILL_AREA_STYLE_COLOUR('',#10736);
#8570=VERTEX_POINT('',#10737);
#8571=VERTEX_POINT('',#10738);
#8572=CIRCLE('',#10739,2.79999999999998);
#8573=CIRCLE('',#10740,1.0);
#8574=LINE('',#10741,#10742);
#8575=FILL_AREA_STYLE_COLOUR('',#10743);
#8576=VERTEX_POINT('',#10744);
#8577=CIRCLE('',#10745,3.20000000000004);
#8578=LINE('',#10746,#10747);
#8579=FILL_AREA_STYLE_COLOUR('',#10748);
#8580=VERTEX_POINT('',#10749);
#8581=VERTEX_POINT('',#10750);
#8582=LINE('',#10751,#10752);
#8583=VERTEX_POINT('',#10753);
#8584=LINE('',#10754,#10755);
#8585=VERTEX_POINT('',#10756);
#8586=LINE('',#10757,#10758);
#8587=LINE('',#10759,#10760);
#8588=FILL_AREA_STYLE_COLOUR('',#10761);
#8589=LINE('',#10762,#10763);
#8590=VERTEX_POINT('',#10764);
#8591=LINE('',#10765,#10766);
#8592=LINE('',#10767,#10768);
#8593=FILL_AREA_STYLE_COLOUR('',#10769);
#8594=VERTEX_POINT('',#10770);
#8595=VERTEX_POINT('',#10771);
#8596=LINE('',#10772,#10773);
#8597=LINE('',#10774,#10775);
#8598=LINE('',#10776,#10777);
#8599=VERTEX_POINT('',#10778);
#8600=LINE('',#10779,#10780);
#8601=VERTEX_POINT('',#10781);
#8602=LINE('',#10782,#10783);
#8603=VERTEX_POINT('',#10784);
#8604=LINE('',#10785,#10786);
#8605=VERTEX_POINT('',#10787);
#8606=LINE('',#10788,#10789);
#8607=VERTEX_POINT('',#10790);
#8608=LINE('',#10791,#10792);
#8609=LINE('',#10793,#10794);
#8610=VERTEX_POINT('',#10795);
#8611=LINE('',#10796,#10797);
#8612=LINE('',#10798,#10799);
#8613=FILL_AREA_STYLE_COLOUR('',#10800);
#8614=FILL_AREA_STYLE_COLOUR('',#10801);
#8615=VERTEX_POINT('',#10802);
#8616=VERTEX_POINT('',#10803);
#8617=LINE('',#10804,#10805);
#8618=CIRCLE('',#10806,4.5);
#8619=CIRCLE('',#10807,4.5);
#8620=FILL_AREA_STYLE_COLOUR('',#10808);
#8621=VERTEX_POINT('',#10809);
#8622=LINE('',#10810,#10811);
#8623=VERTEX_POINT('',#10812);
#8624=LINE('',#10813,#10814);
#8625=LINE('',#10815,#10816);
#8626=LINE('',#10817,#10818);
#8627=FILL_AREA_STYLE_COLOUR('',#10819);
#8628=CIRCLE('',#10820,0.19349999999998);
#8629=CIRCLE('',#10821,0.19349999999998);
#8630=FILL_AREA_STYLE_COLOUR('',#10822);
#8631=VERTEX_POINT('',#10823);
#8632=LINE('',#10824,#10825);
#8633=VERTEX_POINT('',#10826);
#8634=CIRCLE('',#10827,2.95000000000002);
#8635=LINE('',#10828,#10829);
#8636=FILL_AREA_STYLE_COLOUR('',#10830);
#8637=LINE('',#10831,#10832);
#8638=VERTEX_POINT('',#10833);
#8639=LINE('',#10834,#10835);
#8640=B_SPLINE_CURVE_WITH_KNOTS('',3,(#10836,#10837,#10838,#10839,#10840,#10841,#10842,#10843,#10844,#10845,#10846,#10847,#10848),.UNSPECIFIED.,.F.,.F.,(4,3,3,3,4),(0.0,0.036342872425862,0.0727382062305166,0.10918126092202,0.145667096771874),.UNSPECIFIED.);
#8641=FILL_AREA_STYLE_COLOUR('',#10849);
#8642=VERTEX_POINT('',#10850);
#8643=CIRCLE('',#10851,0.193499999999979);
#8644=VERTEX_POINT('',#10852);
#8645=LINE('',#10853,#10854);
#8646=CIRCLE('',#10855,0.193499999999979);
#8647=FILL_AREA_STYLE_COLOUR('',#10856);
#8648=VERTEX_POINT('',#10857);
#8649=VERTEX_POINT('',#10858);
#8650=LINE('',#10859,#10860);
#8651=VERTEX_POINT('',#10861);
#8652=LINE('',#10862,#10863);
#8653=VERTEX_POINT('',#10864);
#8654=LINE('',#10865,#10866);
#8655=VERTEX_POINT('',#10867);
#8656=CIRCLE('',#10868,2.0);
#8657=VERTEX_POINT('',#10869);
#8658=LINE('',#10870,#10871);
#8659=VERTEX_POINT('',#10872);
#8660=LINE('',#10873,#10874);
#8661=VERTEX_POINT('',#10875);
#8662=LINE('',#10876,#10877);
#8663=CIRCLE('',#10878,1.0);
#8664=FILL_AREA_STYLE_COLOUR('',#10879);
#8665=VERTEX_POINT('',#10880);
#8666=VERTEX_POINT('',#10881);
#8667=LINE('',#10882,#10883);
#8668=VERTEX_POINT('',#10884);
#8669=LINE('',#10885,#10886);
#8670=VERTEX_POINT('',#10887);
#8671=LINE('',#10888,#10889);
#8672=LINE('',#10890,#10891);
#8673=FILL_AREA_STYLE_COLOUR('',#10892);
#8674=VERTEX_POINT('',#10893);
#8675=VERTEX_POINT('',#10894);
#8676=LINE('',#10895,#10896);
#8677=LINE('',#10897,#10898);
#8678=VERTEX_POINT('',#10899);
#8679=LINE('',#10900,#10901);
#8680=LINE('',#10902,#10903);
#8681=FILL_AREA_STYLE_COLOUR('',#10904);
#8682=VERTEX_POINT('',#10905);
#8683=VERTEX_POINT('',#10906);
#8684=LINE('',#10907,#10908);
#8685=LINE('',#10909,#10910);
#8686=LINE('',#10911,#10912);
#8687=VERTEX_POINT('',#10913);
#8688=LINE('',#10914,#10915);
#8689=VERTEX_POINT('',#10916);
#8690=LINE('',#10917,#10918);
#8691=VERTEX_POINT('',#10919);
#8692=LINE('',#10920,#10921);
#8693=LINE('',#10922,#10923);
#8694=VERTEX_POINT('',#10924);
#8695=LINE('',#10925,#10926);
#8696=VERTEX_POINT('',#10927);
#8697=LINE('',#10928,#10929);
#8698=VERTEX_POINT('',#10930);
#8699=LINE('',#10931,#10932);
#8700=VERTEX_POINT('',#10933);
#8701=LINE('',#10934,#10935);
#8702=VERTEX_POINT('',#10936);
#8703=LINE('',#10937,#10938);
#8704=VERTEX_POINT('',#10939);
#8705=LINE('',#10940,#10941);
#8706=VERTEX_POINT('',#10942);
#8707=LINE('',#10943,#10944);
#8708=VERTEX_POINT('',#10945);
#8709=LINE('',#10946,#10947);
#8710=VERTEX_POINT('',#10948);
#8711=LINE('',#10949,#10950);
#8712=VERTEX_POINT('',#10951);
#8713=LINE('',#10952,#10953);
#8714=VERTEX_POINT('',#10954);
#8715=LINE('',#10955,#10956);
#8716=LINE('',#10957,#10958);
#8717=FILL_AREA_STYLE_COLOUR('',#10959);
#8718=CIRCLE('',#10960,0.193499999999979);
#8719=CIRCLE('',#10961,0.193499999999979);
#8720=FILL_AREA_STYLE_COLOUR('',#10962);
#8721=CIRCLE('',#10963,3.1);
#8722=CIRCLE('',#10964,3.1);
#8723=FILL_AREA_STYLE_COLOUR('',#10965);
#8724=VERTEX_POINT('',#10966);
#8725=VERTEX_POINT('',#10967);
#8726=LINE('',#10968,#10969);
#8727=VERTEX_POINT('',#10970);
#8728=LINE('',#10971,#10972);
#8729=VERTEX_POINT('',#10973);
#8730=LINE('',#10974,#10975);
#8731=LINE('',#10976,#10977);
#8732=FILL_AREA_STYLE_COLOUR('',#10978);
#8733=VERTEX_POINT('',#10979);
#8734=LINE('',#10980,#10981);
#8735=CIRCLE('',#10982,4.00000000000002);
#8736=FILL_AREA_STYLE_COLOUR('',#10983);
#8737=VERTEX_POINT('',#10984);
#8738=VERTEX_POINT('',#10985);
#8739=LINE('',#10986,#10987);
#8740=VERTEX_POINT('',#10988);
#8741=CIRCLE('',#10989,4.5);
#8742=VERTEX_POINT('',#10990);
#8743=LINE('',#10991,#10992);
#8744=CIRCLE('',#10993,4.5);
#8745=FILL_AREA_STYLE_COLOUR('',#10994);
#8746=VERTEX_POINT('',#10995);
#8747=LINE('',#10996,#10997);
#8748=VERTEX_POINT('',#10998);
#8749=LINE('',#10999,#11000);
#8750=LINE('',#11001,#11002);
#8751=FILL_AREA_STYLE_COLOUR('',#11003);
#8752=VERTEX_POINT('',#11004);
#8753=VERTEX_POINT('',#11005);
#8754=CIRCLE('',#11006,1.6);
#8755=CIRCLE('',#11007,1.6);
#8756=VERTEX_POINT('',#11008);
#8757=VERTEX_POINT('',#11009);
#8758=CIRCLE('',#11010,1.25);
#8759=CIRCLE('',#11011,1.25);
#8760=FILL_AREA_STYLE_COLOUR('',#11012);
#8761=CIRCLE('',#11013,3.5169872981078);
#8762=FILL_AREA_STYLE_COLOUR('',#11014);
#8763=LINE('',#11015,#11016);
#8764=FILL_AREA_STYLE_COLOUR('',#11017);
#8765=LINE('',#11018,#11019);
#8766=FILL_AREA_STYLE_COLOUR('',#11020);
#8767=LINE('',#11021,#11022);
#8768=VERTEX_POINT('',#11023);
#8769=LINE('',#11024,#11025);
#8770=LINE('',#11026,#11027);
#8771=FILL_AREA_STYLE_COLOUR('',#11028);
#8772=VERTEX_POINT('',#11029);
#8773=VERTEX_POINT('',#11030);
#8774=CIRCLE('',#11031,1.25);
#8775=VERTEX_POINT('',#11032);
#8776=LINE('',#11033,#11034);
#8777=VERTEX_POINT('',#11035);
#8778=CIRCLE('',#11036,1.25);
#8779=LINE('',#11037,#11038);
#8780=FILL_AREA_STYLE_COLOUR('',#11039);
#8781=VERTEX_POINT('',#11040);
#8782=LINE('',#11041,#11042);
#8783=VERTEX_POINT('',#11043);
#8784=LINE('',#11044,#11045);
#8785=LINE('',#11046,#11047);
#8786=FILL_AREA_STYLE_COLOUR('',#11048);
#8787=VERTEX_POINT('',#11049);
#8788=LINE('',#11050,#11051);
#8789=LINE('',#11052,#11053);
#8790=LINE('',#11054,#11055);
#8791=FILL_AREA_STYLE_COLOUR('',#11056);
#8792=VERTEX_POINT('',#11057);
#8793=CIRCLE('',#11058,0.193499999999987);
#8794=VERTEX_POINT('',#11059);
#8795=LINE('',#11060,#11061);
#8796=CIRCLE('',#11062,0.193499999999987);
#8797=FILL_AREA_STYLE_COLOUR('',#11063);
#8798=VERTEX_POINT('',#11064);
#8799=VERTEX_POINT('',#11065);
#8800=LINE('',#11066,#11067);
#8801=VERTEX_POINT('',#11068);
#8802=CIRCLE('',#11069,4.00000000000002);
#8803=VERTEX_POINT('',#11070);
#8804=LINE('',#11071,#11072);
#8805=CIRCLE('',#11073,4.00000000000002);
#8806=FILL_AREA_STYLE_COLOUR('',#11074);
#8807=VERTEX_POINT('',#11075);
#8808=VERTEX_POINT('',#11076);
#8809=CIRCLE('',#11077,1.0);
#8810=VERTEX_POINT('',#11078);
#8811=LINE('',#11079,#11080);
#8812=VERTEX_POINT('',#11081);
#8813=CIRCLE('',#11082,1.0);
#8814=LINE('',#11083,#11084);
#8815=FILL_AREA_STYLE_COLOUR('',#11085);
#8816=LINE('',#11086,#11087);
#8817=LINE('',#11088,#11089);
#8818=FILL_AREA_STYLE_COLOUR('',#11090);
#8819=VERTEX_POINT('',#11091);
#8820=VERTEX_POINT('',#11092);
#8821=CIRCLE('',#11093,1.0);
#8822=VERTEX_POINT('',#11094);
#8823=LINE('',#11095,#11096);
#8824=VERTEX_POINT('',#11097);
#8825=CIRCLE('',#11098,1.0);
#8826=LINE('',#11099,#11100);
#8827=FILL_AREA_STYLE_COLOUR('',#11101);
#8828=CIRCLE('',#11102,0.5);
#8829=CIRCLE('',#11103,0.5);
#8830=FILL_AREA_STYLE_COLOUR('',#11104);
#8831=VERTEX_POINT('',#11105);
#8832=VERTEX_POINT('',#11106);
#8833=LINE('',#11107,#11108);
#8834=VERTEX_POINT('',#11109);
#8835=LINE('',#11110,#11111);
#8836=VERTEX_POINT('',#11112);
#8837=LINE('',#11113,#11114);
#8838=LINE('',#11115,#11116);
#8839=FILL_AREA_STYLE_COLOUR('',#11117);
#8840=LINE('',#11118,#11119);
#8841=LINE('',#11120,#11121);
#8842=FILL_AREA_STYLE_COLOUR('',#11122);
#8843=LINE('',#11123,#11124);
#8844=VERTEX_POINT('',#11125);
#8845=LINE('',#11126,#11127);
#8846=VERTEX_POINT('',#11128);
#8847=LINE('',#11129,#11130);
#8848=LINE('',#11131,#11132);
#8849=FILL_AREA_STYLE_COLOUR('',#11133);
#8850=CIRCLE('',#11134,0.2);
#8851=FILL_AREA_STYLE_COLOUR('',#11135);
#8852=LINE('',#11136,#11137);
#8853=FILL_AREA_STYLE_COLOUR('',#11138);
#8854=LINE('',#11139,#11140);
#8855=VERTEX_POINT('',#11141);
#8856=CIRCLE('',#11142,2.0);
#8857=VERTEX_POINT('',#11143);
#8858=LINE('',#11144,#11145);
#8859=LINE('',#11146,#11147);
#8860=FILL_AREA_STYLE_COLOUR('',#11148);
#8861=VERTEX_POINT('',#11149);
#8862=VERTEX_POINT('',#11150);
#8863=CIRCLE('',#11151,1.55);
#8864=VERTEX_POINT('',#11152);
#8865=LINE('',#11153,#11154);
#8866=VERTEX_POINT('',#11155);
#8867=CIRCLE('',#11156,1.55);
#8868=LINE('',#11157,#11158);
#8869=FILL_AREA_STYLE_COLOUR('',#11159);
#8870=LINE('',#11160,#11161);
#8871=LINE('',#11162,#11163);
#8872=FILL_AREA_STYLE_COLOUR('',#11164);
#8873=CIRCLE('',#11165,2.79999999999998);
#8874=LINE('',#11166,#11167);
#8875=FILL_AREA_STYLE_COLOUR('',#11168);
#8876=CIRCLE('',#11169,0.193499999999979);
#8877=CIRCLE('',#11170,0.193499999999979);
#8878=FILL_AREA_STYLE_COLOUR('',#11171);
#8879=VERTEX_POINT('',#11172);
#8880=VERTEX_POINT('',#11173);
#8881=LINE('',#11174,#11175);
#8882=VERTEX_POINT('',#11176);
#8883=LINE('',#11177,#11178);
#8884=VERTEX_POINT('',#11179);
#8885=LINE('',#11180,#11181);
#8886=VERTEX_POINT('',#11182);
#8887=LINE('',#11183,#11184);
#8888=VERTEX_POINT('',#11185);
#8889=LINE('',#11186,#11187);
#8890=VERTEX_POINT('',#11188);
#8891=LINE('',#11189,#11190);
#8892=VERTEX_POINT('',#11191);
#8893=LINE('',#11192,#11193);
#8894=LINE('',#11194,#11195);
#8895=FILL_AREA_STYLE_COLOUR('',#11196);
#8896=VERTEX_POINT('',#11197);
#8897=CIRCLE('',#11198,0.5);
#8898=VERTEX_POINT('',#11199);
#8899=CIRCLE('',#11200,3.45000000000002);
#8900=CIRCLE('',#11201,0.5);
#8901=FILL_AREA_STYLE_COLOUR('',#11202);
#8902=LINE('',#11203,#11204);
#8903=LINE('',#11205,#11206);
#8904=FILL_AREA_STYLE_COLOUR('',#11207);
#8905=LINE('',#11208,#11209);
#8906=LINE('',#11210,#11211);
#8907=FILL_AREA_STYLE_COLOUR('',#11212);
#8908=VERTEX_POINT('',#11213);
#8909=LINE('',#11214,#11215);
#8910=LINE('',#11216,#11217);
#8911=FILL_AREA_STYLE_COLOUR('',#11218);
#8912=VERTEX_POINT('',#11219);
#8913=LINE('',#11220,#11221);
#8914=LINE('',#11222,#11223);
#8915=FILL_AREA_STYLE_COLOUR('',#11224);
#8916=LINE('',#11225,#11226);
#8917=LINE('',#11227,#11228);
#8918=LINE('',#11229,#11230);
#8919=FILL_AREA_STYLE_COLOUR('',#11231);
#8920=VERTEX_POINT('',#11232);
#8921=LINE('',#11233,#11234);
#8922=LINE('',#11235,#11236);
#8923=LINE('',#11237,#11238);
#8924=FILL_AREA_STYLE_COLOUR('',#11239);
#8925=VERTEX_POINT('',#11240);
#8926=LINE('',#11241,#11242);
#8927=VERTEX_POINT('',#11243);
#8928=LINE('',#11244,#11245);
#8929=LINE('',#11246,#11247);
#8930=FILL_AREA_STYLE_COLOUR('',#11248);
#8931=FILL_AREA_STYLE_COLOUR('',#11249);
#8932=LINE('',#11250,#11251);
#8933=FILL_AREA_STYLE_COLOUR('',#11252);
#8934=LINE('',#11253,#11254);
#8935=VERTEX_POINT('',#11255);
#8936=LINE('',#11256,#11257);
#8937=LINE('',#11258,#11259);
#8938=VERTEX_POINT('',#11260);
#8939=LINE('',#11261,#11262);
#8940=VERTEX_POINT('',#11263);
#8941=LINE('',#11264,#11265);
#8942=LINE('',#11266,#11267);
#8943=LINE('',#11268,#11269);
#8944=FILL_AREA_STYLE_COLOUR('',#11270);
#8945=LINE('',#11271,#11272);
#8946=LINE('',#11273,#11274);
#8947=FILL_AREA_STYLE_COLOUR('',#11275);
#8948=VERTEX_POINT('',#11276);
#8949=LINE('',#11277,#11278);
#8950=VERTEX_POINT('',#11279);
#8951=LINE('',#11280,#11281);
#8952=LINE('',#11282,#11283);
#8953=FILL_AREA_STYLE_COLOUR('',#11284);
#8954=FILL_AREA_STYLE_COLOUR('',#11285);
#8955=LINE('',#11286,#11287);
#8956=FILL_AREA_STYLE_COLOUR('',#11288);
#8957=LINE('',#11289,#11290);
#8958=FILL_AREA_STYLE_COLOUR('',#11291);
#8959=LINE('',#11292,#11293);
#8960=LINE('',#11294,#11295);
#8961=FILL_AREA_STYLE_COLOUR('',#11296);
#8962=LINE('',#11297,#11298);
#8963=LINE('',#11299,#11300);
#8964=FILL_AREA_STYLE_COLOUR('',#11301);
#8965=FILL_AREA_STYLE_COLOUR('',#11302);
#8966=CIRCLE('',#11303,2.79999999999998);
#8967=FILL_AREA_STYLE_COLOUR('',#11304);
#8968=CIRCLE('',#11305,1.0);
#8969=CIRCLE('',#11306,1.0);
#8970=FILL_AREA_STYLE_COLOUR('',#11307);
#8971=VERTEX_POINT('',#11308);
#8972=LINE('',#11309,#11310);
#8973=LINE('',#11311,#11312);
#8974=FILL_AREA_STYLE_COLOUR('',#11313);
#8975=VERTEX_POINT('',#11314);
#8976=LINE('',#11315,#11316);
#8977=VERTEX_POINT('',#11317);
#8978=LINE('',#11318,#11319);
#8979=LINE('',#11320,#11321);
#8980=FILL_AREA_STYLE_COLOUR('',#11322);
#8981=VERTEX_POINT('',#11323);
#8982=LINE('',#11324,#11325);
#8983=VERTEX_POINT('',#11326);
#8984=LINE('',#11327,#11328);
#8985=CIRCLE('',#11329,2.80000000000001);
#8986=FILL_AREA_STYLE_COLOUR('',#11330);
#8987=FILL_AREA_STYLE_COLOUR('',#11331);
#8988=VERTEX_POINT('',#11332);
#8989=LINE('',#11333,#11334);
#8990=LINE('',#11335,#11336);
#8991=FILL_AREA_STYLE_COLOUR('',#11337);
#8992=VERTEX_POINT('',#11338);
#8993=VERTEX_POINT('',#11339);
#8994=CIRCLE('',#11340,2.0);
#8995=VERTEX_POINT('',#11341);
#8996=LINE('',#11342,#11343);
#8997=VERTEX_POINT('',#11344);
#8998=CIRCLE('',#11345,2.0);
#8999=LINE('',#11346,#11347);
#9000=FILL_AREA_STYLE_COLOUR('',#11348);
#9001=LINE('',#11349,#11350);
#9002=LINE('',#11351,#11352);
#9003=FILL_AREA_STYLE_COLOUR('',#11353);
#9004=LINE('',#11354,#11355);
#9005=FILL_AREA_STYLE_COLOUR('',#11356);
#9006=VERTEX_POINT('',#11357);
#9007=LINE('',#11358,#11359);
#9008=LINE('',#11360,#11361);
#9009=LINE('',#11362,#11363);
#9010=FILL_AREA_STYLE_COLOUR('',#11364);
#9011=VERTEX_POINT('',#11365);
#9012=VERTEX_POINT('',#11366);
#9013=LINE('',#11367,#11368);
#9014=LINE('',#11369,#11370);
#9015=LINE('',#11371,#11372);
#9016=FILL_AREA_STYLE_COLOUR('',#11373);
#9017=CIRCLE('',#11374,2.0);
#9018=FILL_AREA_STYLE_COLOUR('',#11375);
#9019=FILL_AREA_STYLE_COLOUR('',#11376);
#9020=LINE('',#11377,#11378);
#9021=VERTEX_POINT('',#11379);
#9022=LINE('',#11380,#11381);
#9023=CIRCLE('',#11382,0.2);
#9024=FILL_AREA_STYLE_COLOUR('',#11383);
#9025=CIRCLE('',#11384,0.1935);
#9026=CIRCLE('',#11385,0.1935);
#9027=FILL_AREA_STYLE_COLOUR('',#11386);
#9028=VERTEX_POINT('',#11387);
#9029=VERTEX_POINT('',#11388);
#9030=CIRCLE('',#11389,1.6);
#9031=VERTEX_POINT('',#11390);
#9032=LINE('',#11391,#11392);
#9033=VERTEX_POINT('',#11393);
#9034=CIRCLE('',#11394,1.6);
#9035=LINE('',#11395,#11396);
#9036=FILL_AREA_STYLE_COLOUR('',#11397);
#9037=LINE('',#11398,#11399);
#9038=CIRCLE('',#11400,1.6);
#9039=FILL_AREA_STYLE_COLOUR('',#11401);
#9040=VERTEX_POINT('',#11402);
#9041=VERTEX_POINT('',#11403);
#9042=CIRCLE('',#11404,1.25);
#9043=LINE('',#11405,#11406);
#9044=LINE('',#11407,#11408);
#9045=FILL_AREA_STYLE_COLOUR('',#11409);
#9046=VERTEX_POINT('',#11410);
#9047=VERTEX_POINT('',#11411);
#9048=CIRCLE('',#11412,1.0);
#9049=VERTEX_POINT('',#11413);
#9050=LINE('',#11414,#11415);
#9051=VERTEX_POINT('',#11416);
#9052=LINE('',#11417,#11418);
#9053=LINE('',#11419,#11420);
#9054=LINE('',#11421,#11422);
#9055=FILL_AREA_STYLE_COLOUR('',#11423);
#9056=LINE('',#11424,#11425);
#9057=LINE('',#11426,#11427);
#9058=FILL_AREA_STYLE_COLOUR('',#11428);
#9059=VERTEX_POINT('',#11429);
#9060=LINE('',#11430,#11431);
#9061=LINE('',#11432,#11433);
#9062=FILL_AREA_STYLE_COLOUR('',#11434);
#9063=VERTEX_POINT('',#11435);
#9064=VERTEX_POINT('',#11436);
#9065=LINE('',#11437,#11438);
#9066=CIRCLE('',#11439,1.0);
#9067=CIRCLE('',#11440,1.0);
#9068=FILL_AREA_STYLE_COLOUR('',#11441);
#9069=VERTEX_POINT('',#11442);
#9070=LINE('',#11443,#11444);
#9071=B_SPLINE_CURVE_WITH_KNOTS('',3,(#11445,#11446,#11447,#11448,#11449,#11450,#11451,#11452,#11453,#11454,#11455,#11456,#11457,#11458,#11459,#11460,#11461,#11462,#11463,#11464,#11465,#11466,#11467,#11468,#11469),.UNSPECIFIED.,.F.,.F.,(4,3,3,3,3,3,3,3,4),(0.0,0.14585338906818,0.291660418872214,0.437336417031602,0.58287368902347,0.728516042922066,0.874210114876078,1.0198690765681,1.16542396368825),.UNSPECIFIED.);
#9072=FILL_AREA_STYLE_COLOUR('',#11470);
#9073=FILL_AREA_STYLE_COLOUR('',#11471);
#9074=CIRCLE('',#11472,3.1);
#9075=FILL_AREA_STYLE_COLOUR('',#11473);
#9076=CIRCLE('',#11474,0.2);
#9077=CIRCLE('',#11475,0.2);
#9078=FILL_AREA_STYLE_COLOUR('',#11476);
#9079=LINE('',#11477,#11478);
#9080=FILL_AREA_STYLE_COLOUR('',#11479);
#9081=FILL_AREA_STYLE_COLOUR('',#11480);
#9082=LINE('',#11481,#11482);
#9083=FILL_AREA_STYLE_COLOUR('',#11483);
#9084=CIRCLE('',#11484,0.1935);
#9085=CIRCLE('',#11485,0.1935);
#9086=FILL_AREA_STYLE_COLOUR('',#11486);
#9087=LINE('',#11487,#11488);
#9088=CIRCLE('',#11489,0.2);
#9089=FILL_AREA_STYLE_COLOUR('',#11490);
#9090=VERTEX_POINT('',#11491);
#9091=CIRCLE('',#11492,0.19349999999998);
#9092=LINE('',#11493,#11494);
#9093=CIRCLE('',#11495,0.193499999999987);
#9094=FILL_AREA_STYLE_COLOUR('',#11496);
#9095=LINE('',#11497,#11498);
#9096=FILL_AREA_STYLE_COLOUR('',#11499);
#9097=VERTEX_POINT('',#11500);
#9098=LINE('',#11501,#11502);
#9099=CIRCLE('',#11503,4.00252605887619);
#9100=VERTEX_POINT('',#11504);
#9101=LINE('',#11505,#11506);
#9102=VERTEX_POINT('',#11507);
#9103=CIRCLE('',#11508,4.5);
#9104=VERTEX_POINT('',#11509);
#9105=LINE('',#11510,#11511);
#9106=CIRCLE('',#11512,4.5);
#9107=FILL_AREA_STYLE_COLOUR('',#11513);
#9108=VERTEX_POINT('',#11514);
#9109=LINE('',#11515,#11516);
#9110=VERTEX_POINT('',#11517);
#9111=LINE('',#11518,#11519);
#9112=LINE('',#11520,#11521);
#9113=FILL_AREA_STYLE_COLOUR('',#11522);
#9114=VERTEX_POINT('',#11523);
#9115=LINE('',#11524,#11525);
#9116=VERTEX_POINT('',#11526);
#9117=LINE('',#11527,#11528);
#9118=LINE('',#11529,#11530);
#9119=FILL_AREA_STYLE_COLOUR('',#11531);
#9120=CIRCLE('',#11532,0.193499999999987);
#9121=FILL_AREA_STYLE_COLOUR('',#11533);
#9122=CIRCLE('',#11534,1.6);
#9123=CIRCLE('',#11535,1.25);
#9124=FILL_AREA_STYLE_COLOUR('',#11536);
#9125=VERTEX_POINT('',#11537);
#9126=LINE('',#11538,#11539);
#9127=LINE('',#11540,#11541);
#9128=FILL_AREA_STYLE_COLOUR('',#11542);
#9129=CIRCLE('',#11543,0.19349999999998);
#9130=FILL_AREA_STYLE_COLOUR('',#11544);
#9131=VERTEX_POINT('',#11545);
#9132=LINE('',#11546,#11547);
#9133=LINE('',#11548,#11549);
#9134=FILL_AREA_STYLE_COLOUR('',#11550);
#9135=CIRCLE('',#11551,2.80000000000001);
#9136=FILL_AREA_STYLE_COLOUR('',#11552);
#9137=FILL_AREA_STYLE_COLOUR('',#11553);
#9138=LINE('',#11554,#11555);
#9139=FILL_AREA_STYLE_COLOUR('',#11556);
#9140=FILL_AREA_STYLE_COLOUR('',#11557);
#9141=CIRCLE('',#11558,2.0);
#9142=FILL_AREA_STYLE_COLOUR('',#11559);
#9143=VERTEX_POINT('',#11560);
#9144=VERTEX_POINT('',#11561);
#9145=CIRCLE('',#11562,4.5);
#9146=VERTEX_POINT('',#11563);
#9147=LINE('',#11564,#11565);
#9148=CIRCLE('',#11566,2.95000000000002);
#9149=FILL_AREA_STYLE_COLOUR('',#11567);
#9150=LINE('',#11568,#11569);
#9151=FILL_AREA_STYLE_COLOUR('',#11570);
#9152=VERTEX_POINT('',#11571);
#9153=LINE('',#11572,#11573);
#9154=LINE('',#11574,#11575);
#9155=FILL_AREA_STYLE_COLOUR('',#11576);
#9156=VERTEX_POINT('',#11577);
#9157=CIRCLE('',#11578,2.80000000000001);
#9158=LINE('',#11579,#11580);
#9159=FILL_AREA_STYLE_COLOUR('',#11581);
#9160=CIRCLE('',#11582,4.5);
#9161=B_SPLINE_CURVE_WITH_KNOTS('',3,(#11583,#11584,#11585,#11586,#11587,#11588,#11589,#11590,#11591,#11592,#11593,#11594,#11595,#11596,#11597,#11598,#11599,#11600,#11601,#11602,#11603,#11604,#11605,#11606,#11607),.UNSPECIFIED.,.F.,.F.,(4,3,3,3,3,3,3,3,4),(8.20593575271799E-12,0.145557544450838,0.291213852217504,0.436898512193305,0.58252306937665,0.728060939743455,0.873757293630235,1.01957360318536,1.16542475205901),.UNSPECIFIED.);
#9162=FILL_AREA_STYLE_COLOUR('',#11608);
#9163=FILL_AREA_STYLE_COLOUR('',#11609);
#9164=LINE('',#11610,#11611);
#9165=FILL_AREA_STYLE_COLOUR('',#11612);
#9166=VERTEX_POINT('',#11613);
#9167=CIRCLE('',#11614,0.1935);
#9168=VERTEX_POINT('',#11615);
#9169=LINE('',#11616,#11617);
#9170=CIRCLE('',#11618,0.1935);
#9171=FILL_AREA_STYLE_COLOUR('',#11619);
#9172=VERTEX_POINT('',#11620);
#9173=LINE('',#11621,#11622);
#9174=VERTEX_POINT('',#11623);
#9175=LINE('',#11624,#11625);
#9176=VERTEX_POINT('',#11626);
#9177=LINE('',#11627,#11628);
#9178=VERTEX_POINT('',#11629);
#9179=LINE('',#11630,#11631);
#9180=VERTEX_POINT('',#11632);
#9181=LINE('',#11633,#11634);
#9182=VERTEX_POINT('',#11635);
#9183=LINE('',#11636,#11637);
#9184=VERTEX_POINT('',#11638);
#9185=LINE('',#11639,#11640);
#9186=VERTEX_POINT('',#11641);
#9187=LINE('',#11642,#11643);
#9188=LINE('',#11644,#11645);
#9189=FILL_AREA_STYLE_COLOUR('',#11646);
#9190=B_SPLINE_CURVE_WITH_KNOTS('',3,(#11647,#11648,#11649,#11650,#11651,#11652,#11653,#11654,#11655,#11656,#11657,#11658,#11659),.UNSPECIFIED.,.F.,.F.,(4,3,3,3,4),(0.0,0.0363428720183472,0.0727382059039895,0.109181260615607,0.145667096463249),.UNSPECIFIED.);
#9191=FILL_AREA_STYLE_COLOUR('',#11660);
#9192=FILL_AREA_STYLE_COLOUR('',#11661);
#9193=VERTEX_POINT('',#11662);
#9194=LINE('',#11663,#11664);
#9195=CIRCLE('',#11665,4.1732050807569);
#9196=FILL_AREA_STYLE_COLOUR('',#11666);
#9197=VERTEX_POINT('',#11667);
#9198=LINE('',#11668,#11669);
#9199=VERTEX_POINT('',#11670);
#9200=LINE('',#11671,#11672);
#9201=VERTEX_POINT('',#11673);
#9202=LINE('',#11674,#11675);
#9203=VERTEX_POINT('',#11676);
#9204=LINE('',#11677,#11678);
#9205=CIRCLE('',#11679,2.0);
#9206=LINE('',#11680,#11681);
#9207=FILL_AREA_STYLE_COLOUR('',#11682);
#9208=VERTEX_POINT('',#11683);
#9209=LINE('',#11684,#11685);
#9210=VERTEX_POINT('',#11686);
#9211=LINE('',#11687,#11688);
#9212=LINE('',#11689,#11690);
#9213=FILL_AREA_STYLE_COLOUR('',#11691);
#9214=VERTEX_POINT('',#11692);
#9215=VERTEX_POINT('',#11693);
#9216=LINE('',#11694,#11695);
#9217=VERTEX_POINT('',#11696);
#9218=LINE('',#11697,#11698);
#9219=VERTEX_POINT('',#11699);
#9220=LINE('',#11700,#11701);
#9221=LINE('',#11702,#11703);
#9222=FILL_AREA_STYLE_COLOUR('',#11704);
#9223=VERTEX_POINT('',#11705);
#9224=VERTEX_POINT('',#11706);
#9225=LINE('',#11707,#11708);
#9226=LINE('',#11709,#11710);
#9227=LINE('',#11711,#11712);
#9228=VERTEX_POINT('',#11713);
#9229=LINE('',#11714,#11715);
#9230=VERTEX_POINT('',#11716);
#9231=LINE('',#11717,#11718);
#9232=LINE('',#11719,#11720);
#9233=VERTEX_POINT('',#11721);
#9234=LINE('',#11722,#11723);
#9235=VERTEX_POINT('',#11724);
#9236=LINE('',#11725,#11726);
#9237=LINE('',#11727,#11728);
#9238=FILL_AREA_STYLE_COLOUR('',#11729);
#9239=CIRCLE('',#11730,1.0);
#9240=CIRCLE('',#11731,1.0);
#9241=FILL_AREA_STYLE_COLOUR('',#11732);
#9242=CIRCLE('',#11733,4.14142135623733);
#9243=FILL_AREA_STYLE_COLOUR('',#11734);
#9244=VERTEX_POINT('',#11735);
#9245=CIRCLE('',#11736,4.5);
#9246=VERTEX_POINT('',#11737);
#9247=LINE('',#11738,#11739);
#9248=CIRCLE('',#11740,4.5);
#9249=VERTEX_POINT('',#11741);
#9250=LINE('',#11742,#11743);
#9251=VERTEX_POINT('',#11744);
#9252=LINE('',#11745,#11746);
#9253=VERTEX_POINT('',#11747);
#9254=LINE('',#11748,#11749);
#9255=LINE('',#11750,#11751);
#9256=VERTEX_POINT('',#11752);
#9257=LINE('',#11753,#11754);
#9258=LINE('',#11755,#11756);
#9259=CIRCLE('',#11757,0.193499999999987);
#9260=LINE('',#11758,#11759);
#9261=LINE('',#11760,#11761);
#9262=CIRCLE('',#11762,0.193499999999979);
#9263=LINE('',#11763,#11764);
#9264=VERTEX_POINT('',#11765);
#9265=CIRCLE('',#11766,0.1935);
#9266=VERTEX_POINT('',#11767);
#9267=LINE('',#11768,#11769);
#9268=CIRCLE('',#11770,0.193499999999987);
#9269=VERTEX_POINT('',#11771);
#9270=LINE('',#11772,#11773);
#9271=CIRCLE('',#11774,0.19349999999998);
#9272=LINE('',#11775,#11776);
#9273=VERTEX_POINT('',#11777);
#9274=CIRCLE('',#11778,2.0);
#9275=VERTEX_POINT('',#11779);
#9276=LINE('',#11780,#11781);
#9277=LINE('',#11782,#11783);
#9278=FILL_AREA_STYLE_COLOUR('',#11784);
#9279=CIRCLE('',#11785,0.193499999999987);
#9280=FILL_AREA_STYLE_COLOUR('',#11786);
#9281=VERTEX_POINT('',#11787);
#9282=LINE('',#11788,#11789);
#9283=LINE('',#11790,#11791);
#9284=FILL_AREA_STYLE_COLOUR('',#11792);
#9285=VERTEX_POINT('',#11793);
#9286=LINE('',#11794,#11795);
#9287=CIRCLE('',#11796,4.5);
#9288=FILL_AREA_STYLE_COLOUR('',#11797);
#9289=VERTEX_POINT('',#11798);
#9290=LINE('',#11799,#11800);
#9291=CIRCLE('',#11801,0.5);
#9292=B_SPLINE_CURVE_WITH_KNOTS('',3,(#11802,#11803,#11804,#11805,#11806,#11807,#11808,#11809,#11810,#11811,#11812,#11813,#11814,#11815,#11816,#11817,#11818,#11819,#11820,#11821,#11822,#11823,#11824,#11825,#11826),.UNSPECIFIED.,.F.,.F.,(4,3,3,3,3,3,3,3,4),(1.59962785210242E-10,0.145853290473565,0.291660220767878,0.437336118744646,0.582873292418064,0.728515548951897,0.874209523003891,1.01986838652357,1.16542317537981),.UNSPECIFIED.);
#9293=FILL_AREA_STYLE_COLOUR('',#11827);
#9294=CIRCLE('',#11828,1.0);
#9295=FILL_AREA_STYLE_COLOUR('',#11829);
#9296=LINE('',#11830,#11831);
#9297=LINE('',#11832,#11833);
#9298=FILL_AREA_STYLE_COLOUR('',#11834);
#9299=CIRCLE('',#11835,0.193499999999979);
#9300=LINE('',#11836,#11837);
#9301=LINE('',#11838,#11839);
#9302=FILL_AREA_STYLE_COLOUR('',#11840);
#9303=VERTEX_POINT('',#11841);
#9304=LINE('',#11842,#11843);
#9305=LINE('',#11844,#11845);
#9306=VERTEX_POINT('',#11846);
#9307=LINE('',#11847,#11848);
#9308=LINE('',#11849,#11850);
#9309=VERTEX_POINT('',#11851);
#9310=LINE('',#11852,#11853);
#9311=VERTEX_POINT('',#11854);
#9312=LINE('',#11855,#11856);
#9313=LINE('',#11857,#11858);
#9314=LINE('',#11859,#11860);
#9315=LINE('',#11861,#11862);
#9316=FILL_AREA_STYLE_COLOUR('',#11863);
#9317=FILL_AREA_STYLE_COLOUR('',#11864);
#9318=FILL_AREA_STYLE_COLOUR('',#11865);
#9319=LINE('',#11866,#11867);
#9320=FILL_AREA_STYLE_COLOUR('',#11868);
#9321=VERTEX_POINT('',#11869);
#9322=CIRCLE('',#11870,2.79999999999978);
#9323=VERTEX_POINT('',#11871);
#9324=LINE('',#11872,#11873);
#9325=VERTEX_POINT('',#11874);
#9326=CIRCLE('',#11875,3.19999999999999);
#9327=VERTEX_POINT('',#11876);
#9328=LINE('',#11877,#11878);
#9329=VERTEX_POINT('',#11879);
#9330=CIRCLE('',#11880,3.19999999999995);
#9331=VERTEX_POINT('',#11881);
#9332=LINE('',#11882,#11883);
#9333=CIRCLE('',#11884,2.79999999999998);
#9334=VERTEX_POINT('',#11885);
#9335=VERTEX_POINT('',#11886);
#9336=CIRCLE('',#11887,1.25);
#9337=CIRCLE('',#11888,1.25);
#9338=VERTEX_POINT('',#11889);
#9339=VERTEX_POINT('',#11890);
#9340=CIRCLE('',#11891,1.25);
#9341=CIRCLE('',#11892,1.25);
#9342=CIRCLE('',#11893,1.25);
#9343=CIRCLE('',#11894,1.25);
#9344=CIRCLE('',#11895,1.0);
#9345=FILL_AREA_STYLE_COLOUR('',#11896);
#9346=CIRCLE('',#11897,4.05857864376271);
#9347=FILL_AREA_STYLE_COLOUR('',#11898);
#9348=CIRCLE('',#11899,0.2);
#9349=LINE('',#11900,#11901);
#9350=FILL_AREA_STYLE_COLOUR('',#11902);
#9351=LINE('',#11903,#11904);
#9352=FILL_AREA_STYLE_COLOUR('',#11905);
#9353=FILL_AREA_STYLE_COLOUR('',#11906);
#9354=VERTEX_POINT('',#11907);
#9355=B_SPLINE_CURVE_WITH_KNOTS('',3,(#11908,#11909,#11910,#11911,#11912,#11913,#11914,#11915,#11916,#11917,#11918,#11919,#11920,#11921,#11922,#11923,#11924,#11925,#11926,#11927,#11928,#11929,#11930,#11931,#11932),.UNSPECIFIED.,.F.,.F.,(4,3,3,3,3,3,3,3,4),(0.0,0.145554985383383,0.2912140452475,0.436908215102803,0.582550666365638,0.72808803667561,0.873764135017115,1.01957126433045,1.16542475183275),.UNSPECIFIED.);
#9356=VERTEX_POINT('',#11933);
#9357=LINE('',#11934,#11935);
#9358=CIRCLE('',#11936,0.5);
#9359=FILL_AREA_STYLE_COLOUR('',#11937);
#9360=FILL_AREA_STYLE_COLOUR('',#11938);
#9361=LINE('',#11939,#11940);
#9362=VERTEX_POINT('',#11941);
#9363=CIRCLE('',#11942,0.19349999999998);
#9364=LINE('',#11943,#11944);
#9365=VERTEX_POINT('',#11945);
#9366=CIRCLE('',#11946,0.193499999999987);
#9367=VERTEX_POINT('',#11947);
#9368=LINE('',#11948,#11949);
#9369=CIRCLE('',#11950,0.1935);
#9370=FILL_AREA_STYLE_COLOUR('',#11951);
#9371=VERTEX_POINT('',#11952);
#9372=LINE('',#11953,#11954);
#9373=VERTEX_POINT('',#11955);
#9374=CIRCLE('',#11956,3.1);
#9375=VERTEX_POINT('',#11957);
#9376=LINE('',#11958,#11959);
#9377=VERTEX_POINT('',#11960);
#9378=LINE('',#11961,#11962);
#9379=VERTEX_POINT('',#11963);
#9380=LINE('',#11964,#11965);
#9381=VERTEX_POINT('',#11966);
#9382=CIRCLE('',#11967,3.1);
#9383=LINE('',#11968,#11969);
#9384=VERTEX_POINT('',#11970);
#9385=LINE('',#11971,#11972);
#9386=CIRCLE('',#11973,4.5);
#9387=FILL_AREA_STYLE_COLOUR('',#11974);
#9388=LINE('',#11975,#11976);
#9389=FILL_AREA_STYLE_COLOUR('',#11977);
#9390=VERTEX_POINT('',#11978);
#9391=LINE('',#11979,#11980);
#9392=LINE('',#11981,#11982);
#9393=FILL_AREA_STYLE_COLOUR('',#11983);
#9394=VERTEX_POINT('',#11984);
#9395=LINE('',#11985,#11986);
#9396=LINE('',#11987,#11988);
#9397=FILL_AREA_STYLE_COLOUR('',#11989);
#9398=VERTEX_POINT('',#11990);
#9399=LINE('',#11991,#11992);
#9400=VERTEX_POINT('',#11993);
#9401=LINE('',#11994,#11995);
#9402=LINE('',#11996,#11997);
#9403=FILL_AREA_STYLE_COLOUR('',#11998);
#9404=FILL_AREA_STYLE_COLOUR('',#11999);
#9405=FILL_AREA_STYLE_COLOUR('',#12000);
#9406=VERTEX_POINT('',#12001);
#9407=VERTEX_POINT('',#12002);
#9408=CIRCLE('',#12003,1.0);
#9409=VERTEX_POINT('',#12004);
#9410=LINE('',#12005,#12006);
#9411=VERTEX_POINT('',#12007);
#9412=CIRCLE('',#12008,1.0);
#9413=LINE('',#12009,#12010);
#9414=FILL_AREA_STYLE_COLOUR('',#12011);
#9415=LINE('',#12012,#12013);
#9416=FILL_AREA_STYLE_COLOUR('',#12014);
#9417=VERTEX_POINT('',#12015);
#9418=LINE('',#12016,#12017);
#9419=VERTEX_POINT('',#12018);
#9420=LINE('',#12019,#12020);
#9421=LINE('',#12021,#12022);
#9422=FILL_AREA_STYLE_COLOUR('',#12023);
#9423=LINE('',#12024,#12025);
#9424=FILL_AREA_STYLE_COLOUR('',#12026);
#9425=VERTEX_POINT('',#12027);
#9426=LINE('',#12028,#12029);
#9427=LINE('',#12030,#12031);
#9428=VERTEX_POINT('',#12032);
#9429=LINE('',#12033,#12034);
#9430=LINE('',#12035,#12036);
#9431=FILL_AREA_STYLE_COLOUR('',#12037);
#9432=LINE('',#12038,#12039);
#9433=FILL_AREA_STYLE_COLOUR('',#12040);
#9434=CIRCLE('',#12041,1.55);
#9435=VERTEX_POINT('',#12042);
#9436=LINE('',#12043,#12044);
#9437=VERTEX_POINT('',#12045);
#9438=LINE('',#12046,#12047);
#9439=LINE('',#12048,#12049);
#9440=CIRCLE('',#12050,1.55);
#9441=FILL_AREA_STYLE_COLOUR('',#12051);
#9442=VERTEX_POINT('',#12052);
#9443=VERTEX_POINT('',#12053);
#9444=LINE('',#12054,#12055);
#9445=LINE('',#12056,#12057);
#9446=VERTEX_POINT('',#12058);
#9447=CIRCLE('',#12059,2.79999999999998);
#9448=VERTEX_POINT('',#12060);
#9449=LINE('',#12061,#12062);
#9450=CIRCLE('',#12063,3.19999999999995);
#9451=FILL_AREA_STYLE_COLOUR('',#12064);
#9452=VERTEX_POINT('',#12065);
#9453=LINE('',#12066,#12067);
#9454=LINE('',#12068,#12069);
#9455=VERTEX_POINT('',#12070);
#9456=LINE('',#12071,#12072);
#9457=LINE('',#12073,#12074);
#9458=FILL_AREA_STYLE_COLOUR('',#12075);
#9459=FILL_AREA_STYLE_COLOUR('',#12076);
#9460=VERTEX_POINT('',#12077);
#9461=VERTEX_POINT('',#12078);
#9462=LINE('',#12079,#12080);
#9463=LINE('',#12081,#12082);
#9464=VERTEX_POINT('',#12083);
#9465=LINE('',#12084,#12085);
#9466=VERTEX_POINT('',#12086);
#9467=LINE('',#12087,#12088);
#9468=LINE('',#12089,#12090);
#9469=FILL_AREA_STYLE_COLOUR('',#12091);
#9470=VERTEX_POINT('',#12092);
#9471=LINE('',#12093,#12094);
#9472=LINE('',#12095,#12096);
#9473=LINE('',#12097,#12098);
#9474=VERTEX_POINT('',#12099);
#9475=LINE('',#12100,#12101);
#9476=VERTEX_POINT('',#12102);
#9477=LINE('',#12103,#12104);
#9478=LINE('',#12105,#12106);
#9479=FILL_AREA_STYLE_COLOUR('',#12107);
#9480=LINE('',#12108,#12109);
#9481=FILL_AREA_STYLE_COLOUR('',#12110);
#9482=LINE('',#12111,#12112);
#9483=VERTEX_POINT('',#12113);
#9484=LINE('',#12114,#12115);
#9485=LINE('',#12116,#12117);
#9486=FILL_AREA_STYLE_COLOUR('',#12118);
#9487=VERTEX_POINT('',#12119);
#9488=LINE('',#12120,#12121);
#9489=VERTEX_POINT('',#12122);
#9490=CIRCLE('',#12123,1.25);
#9491=LINE('',#12124,#12125);
#9492=FILL_AREA_STYLE_COLOUR('',#12126);
#9493=VERTEX_POINT('',#12127);
#9494=VERTEX_POINT('',#12128);
#9495=CIRCLE('',#12129,1.6);
#9496=CIRCLE('',#12130,1.6);
#9497=CIRCLE('',#12131,1.25);
#9498=FILL_AREA_STYLE_COLOUR('',#12132);
#9499=VERTEX_POINT('',#12133);
#9500=VERTEX_POINT('',#12134);
#9501=CIRCLE('',#12135,1.6);
#9502=LINE('',#12136,#12137);
#9503=LINE('',#12138,#12139);
#9504=FILL_AREA_STYLE_COLOUR('',#12140);
#9505=LINE('',#12141,#12142);
#9506=VERTEX_POINT('',#12143);
#9507=LINE('',#12144,#12145);
#9508=CIRCLE('',#12146,3.1);
#9509=CIRCLE('',#12147,1.6);
#9510=FILL_AREA_STYLE_COLOUR('',#12148);
#9511=VERTEX_POINT('',#12149);
#9512=LINE('',#12150,#12151);
#9513=VERTEX_POINT('',#12152);
#9514=CIRCLE('',#12153,1.25);
#9515=LINE('',#12154,#12155);
#9516=FILL_AREA_STYLE_COLOUR('',#12156);
#9517=VERTEX_POINT('',#12157);
#9518=VERTEX_POINT('',#12158);
#9519=CIRCLE('',#12159,1.6);
#9520=CIRCLE('',#12160,1.6);
#9521=CIRCLE('',#12161,1.25);
#9522=FILL_AREA_STYLE_COLOUR('',#12162);
#9523=VERTEX_POINT('',#12163);
#9524=LINE('',#12164,#12165);
#9525=VERTEX_POINT('',#12166);
#9526=CIRCLE('',#12167,1.6);
#9527=LINE('',#12168,#12169);
#9528=FILL_AREA_STYLE_COLOUR('',#12170);
#9529=VERTEX_POINT('',#12171);
#9530=CIRCLE('',#12172,3.1);
#9531=LINE('',#12173,#12174);
#9532=LINE('',#12175,#12176);
#9533=CIRCLE('',#12177,1.6);
#9534=FILL_AREA_STYLE_COLOUR('',#12178);
#9535=VERTEX_POINT('',#12179);
#9536=LINE('',#12180,#12181);
#9537=VERTEX_POINT('',#12182);
#9538=LINE('',#12183,#12184);
#9539=VERTEX_POINT('',#12185);
#9540=LINE('',#12186,#12187);
#9541=VERTEX_POINT('',#12188);
#9542=LINE('',#12189,#12190);
#9543=LINE('',#12191,#12192);
#9544=LINE('',#12193,#12194);
#9545=FILL_AREA_STYLE_COLOUR('',#12195);
#9546=FILL_AREA_STYLE_COLOUR('',#12196);
#9547=VERTEX_POINT('',#12197);
#9548=LINE('',#12198,#12199);
#9549=VERTEX_POINT('',#12200);
#9550=CIRCLE('',#12201,3.19999999999999);
#9551=VERTEX_POINT('',#12202);
#9552=LINE('',#12203,#12204);
#9553=CIRCLE('',#12205,2.79999999999978);
#9554=FILL_AREA_STYLE_COLOUR('',#12206);
#9555=VERTEX_POINT('',#12207);
#9556=CIRCLE('',#12208,1.0);
#9557=VERTEX_POINT('',#12209);
#9558=LINE('',#12210,#12211);
#9559=CIRCLE('',#12212,1.0);
#9560=FILL_AREA_STYLE_COLOUR('',#12213);
#9561=LINE('',#12214,#12215);
#9562=CIRCLE('',#12216,2.79999999999978);
#9563=CIRCLE('',#12217,2.79999999999978);
#9564=CIRCLE('',#12218,2.79999999999978);
#9565=FILL_AREA_STYLE_COLOUR('',#12219);
#9566=FILL_AREA_STYLE_COLOUR('',#12220);
#9567=FILL_AREA_STYLE_COLOUR('',#12221);
#9568=FILL_AREA_STYLE_COLOUR('',#12222);
#9569=LINE('',#12223,#12224);
#9570=FILL_AREA_STYLE_COLOUR('',#12225);
#9571=FILL_AREA_STYLE_COLOUR('',#12226);
#9572=LINE('',#12227,#12228);
#9573=FILL_AREA_STYLE_COLOUR('',#12229);
#9574=LINE('',#12230,#12231);
#9575=FILL_AREA_STYLE_COLOUR('',#12232);
#9576=FILL_AREA_STYLE_COLOUR('',#12233);
#9577=VERTEX_POINT('',#12234);
#9578=LINE('',#12235,#12236);
#9579=VERTEX_POINT('',#12237);
#9580=LINE('',#12238,#12239);
#9581=VERTEX_POINT('',#12240);
#9582=LINE('',#12241,#12242);
#9583=VERTEX_POINT('',#12243);
#9584=LINE('',#12244,#12245);
#9585=LINE('',#12246,#12247);
#9586=LINE('',#12248,#12249);
#9587=FILL_AREA_STYLE_COLOUR('',#12250);
#9588=VERTEX_POINT('',#12251);
#9589=LINE('',#12252,#12253);
#9590=VERTEX_POINT('',#12254);
#9591=LINE('',#12255,#12256);
#9592=LINE('',#12257,#12258);
#9593=FILL_AREA_STYLE_COLOUR('',#12259);
#9594=VERTEX_POINT('',#12260);
#9595=LINE('',#12261,#12262);
#9596=LINE('',#12263,#12264);
#9597=FILL_AREA_STYLE_COLOUR('',#12265);
#9598=LINE('',#12266,#12267);
#9599=VERTEX_POINT('',#12268);
#9600=LINE('',#12269,#12270);
#9601=LINE('',#12271,#12272);
#9602=FILL_AREA_STYLE_COLOUR('',#12273);
#9603=LINE('',#12274,#12275);
#9604=FILL_AREA_STYLE_COLOUR('',#12276);
#9605=FILL_AREA_STYLE_COLOUR('',#12277);
#9606=FILL_AREA_STYLE_COLOUR('',#12278);
#9607=LINE('',#12279,#12280);
#9608=FILL_AREA_STYLE_COLOUR('',#12281);
#9609=LINE('',#12282,#12283);
#9610=FILL_AREA_STYLE_COLOUR('',#12284);
#9611=CIRCLE('',#12285,2.79999999999998);
#9612=CIRCLE('',#12286,1.0);
#9613=FILL_AREA_STYLE_COLOUR('',#12287);
#9614=CIRCLE('',#12288,1.0);
#9615=CIRCLE('',#12289,2.79999999999998);
#9616=FILL_AREA_STYLE_COLOUR('',#12290);
#9617=ELLIPSE('',#12291,1.4142135623731,1.0);
#9618=FILL_AREA_STYLE_COLOUR('',#12292);
#9619=FILL_AREA_STYLE_COLOUR('',#12293);
#9620=VERTEX_POINT('',#12294);
#9621=CIRCLE('',#12295,4.5);
#9622=CIRCLE('',#12296,2.95000000000002);
#9623=FILL_AREA_STYLE_COLOUR('',#12297);
#9624=VERTEX_POINT('',#12298);
#9625=LINE('',#12299,#12300);
#9626=LINE('',#12301,#12302);
#9627=LINE('',#12303,#12304);
#9628=FILL_AREA_STYLE_COLOUR('',#12305);
#9629=LINE('',#12306,#12307);
#9630=LINE('',#12308,#12309);
#9631=FILL_AREA_STYLE_COLOUR('',#12310);
#9632=LINE('',#12311,#12312);
#9633=FILL_AREA_STYLE_COLOUR('',#12313);
#9634=LINE('',#12314,#12315);
#9635=FILL_AREA_STYLE_COLOUR('',#12316);
#9636=FILL_AREA_STYLE_COLOUR('',#12317);
#9637=FILL_AREA_STYLE_COLOUR('',#12318);
#9638=FILL_AREA_STYLE_COLOUR('',#12319);
#9639=LINE('',#12320,#12321);
#9640=FILL_AREA_STYLE_COLOUR('',#12322);
#9641=CIRCLE('',#12323,1.0);
#9642=FILL_AREA_STYLE_COLOUR('',#12324);
#9643=LINE('',#12325,#12326);
#9644=FILL_AREA_STYLE_COLOUR('',#12327);
#9645=LINE('',#12328,#12329);
#9646=FILL_AREA_STYLE_COLOUR('',#12330);
#9647=VERTEX_POINT('',#12331);
#9648=VERTEX_POINT('',#12332);
#9649=CIRCLE('',#12333,0.5);
#9650=CIRCLE('',#12334,3.45000000000002);
#9651=B_SPLINE_CURVE_WITH_KNOTS('',3,(#12335,#12336,#12337,#12338,#12339,#12340,#12341,#12342,#12343,#12344,#12345,#12346,#12347),.UNSPECIFIED.,.F.,.F.,(4,3,3,3,4),(8.66351384862092E-11,0.0217306480684521,0.0434578827400377,0.0651809915368967,0.0868992372948684),.UNSPECIFIED.);
#9652=FILL_AREA_STYLE_COLOUR('',#12348);
#9653=LINE('',#12349,#12350);
#9654=LINE('',#12351,#12352);
#9655=FILL_AREA_STYLE_COLOUR('',#12353);
#9656=FILL_AREA_STYLE_COLOUR('',#12354);
#9657=FILL_AREA_STYLE_COLOUR('',#12355);
#9658=VERTEX_POINT('',#12356);
#9659=CIRCLE('',#12357,3.5169872981078);
#9660=LINE('',#12358,#12359);
#9661=FILL_AREA_STYLE_COLOUR('',#12360);
#9662=LINE('',#12361,#12362);
#9663=FILL_AREA_STYLE_COLOUR('',#12363);
#9664=VERTEX_POINT('',#12364);
#9665=CIRCLE('',#12365,0.5);
#9666=LINE('',#12366,#12367);
#9667=FILL_AREA_STYLE_COLOUR('',#12368);
#9668=CIRCLE('',#12369,3.45000000000002);
#9669=FILL_AREA_STYLE_COLOUR('',#12370);
#9670=VERTEX_POINT('',#12371);
#9671=CIRCLE('',#12372,3.45000000000002);
#9672=LINE('',#12373,#12374);
#9673=FILL_AREA_STYLE_COLOUR('',#12375);
#9674=VERTEX_POINT('',#12376);
#9675=CIRCLE('',#12377,0.5);
#9676=B_SPLINE_CURVE_WITH_KNOTS('',3,(#12378,#12379,#12380,#12381,#12382,#12383,#12384,#12385,#12386,#12387,#12388,#12389,#12390),.UNSPECIFIED.,.F.,.F.,(4,3,3,3,4),(0.0,0.0217181305162907,0.0434411240237343,0.0651682433690593,0.0868987760849905),.UNSPECIFIED.);
#9677=FILL_AREA_STYLE_COLOUR('',#12391);
#9678=LINE('',#12392,#12393);
#9679=LINE('',#12394,#12395);
#9680=FILL_AREA_STYLE_COLOUR('',#12396);
#9681=B_SPLINE_CURVE_WITH_KNOTS('',3,(#12397,#12398,#12399,#12400,#12401,#12402,#12403,#12404,#12405,#12406,#12407,#12408,#12409,#12410,#12411,#12412,#12413,#12414,#12415,#12416,#12417,#12418,#12419,#12420,#12421,#12422,#12423,#12424,#12425,#12426,#12427,#12428,#12429,#12430,#12431,#12432,#12433),.UNSPECIFIED.,.F.,.F.,(4,3,3,3,3,3,3,3,3,3,3,3,4),(0.0,0.0889981778799651,0.178030716471474,0.3561374263639,0.534166436454304,0.712393323551179,0.890791107655141,0.979996501532674,1.06917845201786,1.15831920324575,1.24740455433338,1.33642507361043,1.42543045707707),.UNSPECIFIED.);
#9682=B_SPLINE_CURVE_WITH_KNOTS('',3,(#12434,#12435,#12436,#12437,#12438,#12439,#12440,#12441,#12442,#12443,#12444,#12445,#12446,#12447,#12448,#12449,#12450,#12451,#12452,#12453,#12454,#12455,#12456,#12457,#12458,#12459,#12460,#12461,#12462,#12463,#12464,#12465,#12466,#12467,#12468,#12469,#12470),.UNSPECIFIED.,.F.,.F.,(4,3,3,3,3,3,3,3,3,3,3,3,4),(8.59693128072227E-11,0.0889982043702747,0.178030769448909,0.356137532162627,0.53416659520118,0.71239353624153,0.890791373739999,0.979996794098892,1.06917877092188,1.15831954835198,1.24740492552558,1.3364254708071,1.42543088116752),.UNSPECIFIED.);
#9683=FILL_AREA_STYLE_COLOUR('',#12471);
#9684=FILL_AREA_STYLE_COLOUR('',#12472);
#9685=FILL_AREA_STYLE_COLOUR('',#12473);
#9686=FILL_AREA_STYLE_COLOUR('',#12474);
#9687=FILL_AREA_STYLE_COLOUR('',#12475);
#9688=FILL_AREA_STYLE_COLOUR('',#12476);
#9689=LINE('',#12477,#12478);
#9690=FILL_AREA_STYLE_COLOUR('',#12479);
#9691=FILL_AREA_STYLE_COLOUR('',#12480);
#9692=LINE('',#12481,#12482);
#9693=FILL_AREA_STYLE_COLOUR('',#12483);
#9694=LINE('',#12484,#12485);
#9695=FILL_AREA_STYLE_COLOUR('',#12486);
#9696=LINE('',#12487,#12488);
#9697=FILL_AREA_STYLE_COLOUR('',#12489);
#9698=FILL_AREA_STYLE_COLOUR('',#12490);
#9699=FILL_AREA_STYLE_COLOUR('',#12491);
#9700=FILL_AREA_STYLE_COLOUR('',#12492);
#9701=LINE('',#12493,#12494);
#9702=CIRCLE('',#12495,1.55);
#9703=FILL_AREA_STYLE_COLOUR('',#12496);
#9704=FILL_AREA_STYLE_COLOUR('',#12497);
#9705=FILL_AREA_STYLE_COLOUR('',#12498);
#9706=FILL_AREA_STYLE_COLOUR('',#12499);
#9707=FILL_AREA_STYLE_COLOUR('',#12500);
#9708=FILL_AREA_STYLE_COLOUR('',#12501);
#9709=FILL_AREA_STYLE_COLOUR('',#12502);
#9710=FILL_AREA_STYLE_COLOUR('',#12503);
#9711=FILL_AREA_STYLE_COLOUR('',#12504);
#9712=FILL_AREA_STYLE_COLOUR('',#12505);
#9713=FILL_AREA_STYLE_COLOUR('',#12506);
#9714=FILL_AREA_STYLE_COLOUR('',#12507);
#9715=FILL_AREA_STYLE_COLOUR('',#12508);
#9716=FILL_AREA_STYLE_COLOUR('',#12509);
#9717=COLOUR_RGB('',0.011764707043767,0.0196078438311815,0.0392156876623631);
#9718=CARTESIAN_POINT('',(6.100000572502,11.9579490558371,5.19999979850601));
#9719=CARTESIAN_POINT('',(10.300000572502,11.9579490558371,0.99999979850499));
#9720=AXIS2_PLACEMENT_3D('',#12510,#12511,#12512);
#9721=CARTESIAN_POINT('',(6.12679549174499,12.0579490558371,5.19999979850601));
#9722=AXIS2_PLACEMENT_3D('',#12513,#12514,#12515);
#9723=CARTESIAN_POINT('',(10.300000572502,12.0579490558371,1.026794717749));
#9724=AXIS2_PLACEMENT_3D('',#12516,#12517,#12518);
#9725=AXIS2_PLACEMENT_3D('',#12519,#12520,#12521);
#9726=COLOUR_RGB('',0.011764707043767,0.0196078438311815,0.0392156876623631);
#9727=CARTESIAN_POINT('',(6.100000572502,11.9579490558371,18.799999798505));
#9728=CARTESIAN_POINT('',(10.300000572502,11.9579490558371,22.999999798505));
#9729=AXIS2_PLACEMENT_3D('',#12522,#12523,#12524);
#9730=CARTESIAN_POINT('',(6.158579216265,11.8165276995998,18.799999798505));
#9731=AXIS2_PLACEMENT_3D('',#12525,#12526,#12527);
#9732=CARTESIAN_POINT('',(10.300000572502,11.8165276995998,22.941421154743));
#9733=AXIS2_PLACEMENT_3D('',#12528,#12529,#12530);
#9734=AXIS2_PLACEMENT_3D('',#12531,#12532,#12533);
#9735=COLOUR_RGB('',0.011764707043767,0.0196078438311815,0.0392156876623631);
#9736=CARTESIAN_POINT('',(6.300000572502,11.5922636308879,5.19999979850499));
#9737=CARTESIAN_POINT('',(10.300000572502,11.5922636308879,1.19999979850499));
#9738=AXIS2_PLACEMENT_3D('',#12534,#12535,#12536);
#9739=CARTESIAN_POINT('',(6.24142192873899,11.7336849871252,5.19999979850601));
#9740=AXIS2_PLACEMENT_3D('',#12537,#12538,#12539);
#9741=CARTESIAN_POINT('',(10.300000572502,11.7336849871252,1.141421154743));
#9742=AXIS2_PLACEMENT_3D('',#12540,#12541,#12542);
#9743=AXIS2_PLACEMENT_3D('',#12543,#12544,#12545);
#9744=COLOUR_RGB('',0.011764707043767,0.0196078438311815,0.0392156876623631);
#9745=CARTESIAN_POINT('',(70.000000572502,11.9579490558371,18.799999798505));
#9746=CARTESIAN_POINT('',(65.800000572502,11.9579490558371,22.999999798505));
#9747=AXIS2_PLACEMENT_3D('',#12546,#12547,#12548);
#9748=CARTESIAN_POINT('',(69.973205653259,12.0579490558371,18.799999798505));
#9749=AXIS2_PLACEMENT_3D('',#12549,#12550,#12551);
#9750=CARTESIAN_POINT('',(65.800000572502,12.0579490558371,22.973204879262));
#9751=AXIS2_PLACEMENT_3D('',#12552,#12553,#12554);
#9752=AXIS2_PLACEMENT_3D('',#12555,#12556,#12557);
#9753=COLOUR_RGB('',0.011764707043767,0.0196078438311815,0.0392156876623631);
#9754=CARTESIAN_POINT('',(69.800000572502,11.5922636308879,5.19999979850601));
#9755=CARTESIAN_POINT('',(65.800000572502,11.5922636308879,1.19999979850499));
#9756=AXIS2_PLACEMENT_3D('',#12558,#12559,#12560);
#9757=CARTESIAN_POINT('',(69.800000572502,11.560577,5.057820854977));
#9758=CARTESIAN_POINT('',(69.800000572551,11.5605769994113,5.057820855111));
#9759=CARTESIAN_POINT('',(69.800000572551,11.5632071642247,5.06970172195201));
#9760=CARTESIAN_POINT('',(69.800000572522,11.5658423072108,5.08157504615201));
#9761=CARTESIAN_POINT('',(69.800000572522,11.5684806287121,5.093440354899));
#9762=CARTESIAN_POINT('',(69.800000572522,11.5711189504176,5.10530566456401));
#9763=CARTESIAN_POINT('',(69.800000572507,11.5737604512904,5.11716295818701));
#9764=CARTESIAN_POINT('',(69.800000572507,11.576403355094,5.12901178435899));
#9765=CARTESIAN_POINT('',(69.800000572507,11.5790462591492,5.14086061165801));
#9766=CARTESIAN_POINT('',(69.800000572502,11.581690566526,5.15270097095402));
#9767=CARTESIAN_POINT('',(69.800000572502,11.5843345248693,5.164532438257));
#9768=CARTESIAN_POINT('',(69.800000572502,11.5869784856769,5.17636391658701));
#9769=CARTESIAN_POINT('',(69.800000572502,11.5896220882735,5.188186460803));
#9770=CARTESIAN_POINT('',(69.800000572502,11.5922636308879,5.19999979850499));
#9771=CARTESIAN_POINT('',(65.942179516031,11.560577,1.19999979850499));
#9772=AXIS2_PLACEMENT_3D('',#12561,#12562,#12563);
#9773=CARTESIAN_POINT('',(65.800000572502,11.5922636308879,1.19999979850499));
#9774=CARTESIAN_POINT('',(65.811846947307,11.589614700953,1.19999979850499));
#9775=CARTESIAN_POINT('',(65.823693326629,11.5869657699021,1.19999979850499));
#9776=CARTESIAN_POINT('',(65.835540057452,11.5843184073178,1.19999979850499));
#9777=CARTESIAN_POINT('',(65.847386788261,11.5816710447367,1.19999979850499));
#9778=CARTESIAN_POINT('',(65.859233870464,11.5790252504316,1.19999979850601));
#9779=CARTESIAN_POINT('',(65.871081651534,11.576382596973,1.19999979850601));
#9780=CARTESIAN_POINT('',(65.882929432604,11.5737399435144,1.19999979850601));
#9781=CARTESIAN_POINT('',(65.894777912497,11.5711004307013,1.19999979850601));
#9782=CARTESIAN_POINT('',(65.906627440006,11.5684656369939,1.19999979850601));
#9783=CARTESIAN_POINT('',(65.918476967515,11.5658308432867,1.19999979850601));
#9784=CARTESIAN_POINT('',(65.930327542603,11.563200768494,1.19999979850499));
#9785=CARTESIAN_POINT('',(65.942179516031,11.5605770000001,1.19999979850499));
#9786=COLOUR_RGB('',0.011764707043767,0.0196078438311815,0.0392156876623631);
#9787=CARTESIAN_POINT('',(70.000000572502,11.9579490558371,5.19999979850601));
#9788=CARTESIAN_POINT('',(65.800000572502,11.9579490558371,0.99999979850499));
#9789=AXIS2_PLACEMENT_3D('',#12564,#12565,#12566);
#9790=CARTESIAN_POINT('',(69.941421928739,11.8165276995998,5.19999979850499));
#9791=AXIS2_PLACEMENT_3D('',#12567,#12568,#12569);
#9792=CARTESIAN_POINT('',(65.800000572502,11.8165276995998,1.05857844226801));
#9793=AXIS2_PLACEMENT_3D('',#12570,#12571,#12572);
#9794=AXIS2_PLACEMENT_3D('',#12573,#12574,#12575);
#9795=COLOUR_RGB('',0.450980424880981,0.521568655967712,0.5686274766922);
#9796=CARTESIAN_POINT('',(4.69999999999999,5.3,17.699999597011));
#9797=CARTESIAN_POINT('',(4.70000008011999,3.8,17.699999597011));
#9798=CARTESIAN_POINT('',(4.70000008011999,3.8,17.699999597011));
#9799=VECTOR('',#12576,1.0);
#9800=CARTESIAN_POINT('',(1.59999999999999,5.3,20.799999597011));
#9801=AXIS2_PLACEMENT_3D('',#12577,#12578,#12579);
#9802=CARTESIAN_POINT('',(1.59999999999999,3.8,20.799999597011));
#9803=CARTESIAN_POINT('',(1.59999999999999,3.8,20.799999597011));
#9804=VECTOR('',#12580,1.0);
#9805=AXIS2_PLACEMENT_3D('',#12581,#12582,#12583);
#9806=COLOUR_RGB('',0.450980424880981,0.521568655967712,0.5686274766922);
#9807=CARTESIAN_POINT('',(9.79350057249598,16.7,11.349999999995));
#9808=CARTESIAN_POINT('',(9.79350057249598,8.20000000000001,11.349999999995));
#9809=CARTESIAN_POINT('',(9.79350057249598,12.45,11.349999999995));
#9810=VECTOR('',#12584,1.0);
#9811=CARTESIAN_POINT('',(9.918370780565,16.7,11.304316376411));
#9812=AXIS2_PLACEMENT_3D('',#12585,#12586,#12587);
#9813=CARTESIAN_POINT('',(9.918370780565,8.20000000000001,11.304316376411));
#9814=CARTESIAN_POINT('',(9.918370780565,4.70000000000001,11.304316376411));
#9815=VECTOR('',#12588,1.0);
#9816=AXIS2_PLACEMENT_3D('',#12589,#12590,#12591);
#9817=COLOUR_RGB('',0.450980424880981,0.521568655967712,0.5686274766922);
#9818=CARTESIAN_POINT('',(10.327500572496,8.20000000000001,7.98149999999499));
#9819=CARTESIAN_POINT('',(10.327500572496,16.7,7.98149999999499));
#9820=CARTESIAN_POINT('',(10.327500572496,12.45,7.98149999999499));
#9821=VECTOR('',#12592,1.0);
#9822=CARTESIAN_POINT('',(10.500000572496,8.20000000000001,7.875669835172));
#9823=AXIS2_PLACEMENT_3D('',#12593,#12594,#12595);
#9824=CARTESIAN_POINT('',(10.500000572496,16.7,7.875669835172));
#9825=CARTESIAN_POINT('',(10.500000572496,4.70000000000001,7.875669835172));
#9826=VECTOR('',#12596,1.0);
#9827=AXIS2_PLACEMENT_3D('',#12597,#12598,#12599);
#9828=COLOUR_RGB('',0.450980424880981,0.521568655967712,0.5686274766922);
#9829=CARTESIAN_POINT('',(4.70000008011999,3.8,6.30000080597799));
#9830=CARTESIAN_POINT('',(4.69999999999999,5.3,6.30000080597802));
#9831=CARTESIAN_POINT('',(4.70000008011999,3.8,6.30000080597799));
#9832=VECTOR('',#12600,1.0);
#9833=CARTESIAN_POINT('',(1.59999999999999,3.8,3.20000080597799));
#9834=AXIS2_PLACEMENT_3D('',#12601,#12602,#12603);
#9835=CARTESIAN_POINT('',(1.60000008012,5.3,3.20000080597799));
#9836=CARTESIAN_POINT('',(1.59999999999999,3.8,3.20000080597799));
#9837=VECTOR('',#12604,1.0);
#9838=AXIS2_PLACEMENT_3D('',#12605,#12606,#12607);
#9839=COLOUR_RGB('',0.450980424880981,0.521568655967712,0.5686274766922);
#9840=CARTESIAN_POINT('',(0.0,0.0999999999999996,1.0));
#9841=CARTESIAN_POINT('',(0.0,0.999999999999998,1.0));
#9842=CARTESIAN_POINT('',(0.0,2.6999997137492,1.0));
#9843=VECTOR('',#12608,1.0);
#9844=CARTESIAN_POINT('',(1.734243942528,0.0999999999999995,1.67888572886901));
#9845=AXIS2_PLACEMENT_3D('',#12609,#12610,#12611);
#9846=CARTESIAN_POINT('',(1.734243942528,1.0,1.67888572886901));
#9847=CARTESIAN_POINT('',(1.734243942528,6.91591399999999,1.67888572886901));
#9848=VECTOR('',#12612,1.0);
#9849=CARTESIAN_POINT('',(1.0,0.999999999999998,2.0));
#9850=AXIS2_PLACEMENT_3D('',#12613,#12614,#12615);
#9851=AXIS2_PLACEMENT_3D('',#12616,#12617,#12618);
#9852=COLOUR_RGB('',0.450980424880981,0.521568655967712,0.5686274766922);
#9853=CARTESIAN_POINT('',(2.0,0.999999999999999,1.0));
#9854=CARTESIAN_POINT('',(2.0,0.0999999999999996,1.0));
#9855=CARTESIAN_POINT('',(2.0,2.6999997137492,1.0));
#9856=VECTOR('',#12619,1.0);
#9857=CARTESIAN_POINT('',(1.968303582152,1.0,1.24977624545301));
#9858=AXIS2_PLACEMENT_3D('',#12620,#12621,#12622);
#9859=CARTESIAN_POINT('',(1.968303582152,0.0999999999999996,1.24977624545301));
#9860=CARTESIAN_POINT('',(1.968303582152,6.91591399999999,1.24977624545301));
#9861=VECTOR('',#12623,1.0);
#9862=AXIS2_PLACEMENT_3D('',#12624,#12625,#12626);
#9863=COLOUR_RGB('',0.450980424880981,0.521568655967712,0.5686274766922);
#9864=CARTESIAN_POINT('',(0.0,0.0999999999999988,23.0));
#9865=CARTESIAN_POINT('',(0.0,0.999999999999998,23.0));
#9866=CARTESIAN_POINT('',(0.0,2.7000000000001,23.0));
#9867=VECTOR('',#12627,1.0);
#9868=CARTESIAN_POINT('',(1.0,0.999999999999998,22.0));
#9869=AXIS2_PLACEMENT_3D('',#12628,#12629,#12630);
#9870=CARTESIAN_POINT('',(1.734244944132,0.999999999999999,22.321115354411));
#9871=AXIS2_PLACEMENT_3D('',#12631,#12632,#12633);
#9872=CARTESIAN_POINT('',(1.734244944132,0.099999999999999,22.321115354411));
#9873=CARTESIAN_POINT('',(1.734244944132,7.41591399999999,22.321115354411));
#9874=VECTOR('',#12634,1.0);
#9875=AXIS2_PLACEMENT_3D('',#12635,#12636,#12637);
#9876=COLOUR_RGB('',0.450980424880981,0.521568655967712,0.5686274766922);
#9877=CARTESIAN_POINT('',(2.0,0.999999999999998,23.0));
#9878=CARTESIAN_POINT('',(2.0,0.0999999999999988,23.0));
#9879=CARTESIAN_POINT('',(2.0,2.7000000000001,23.0));
#9880=VECTOR('',#12638,1.0);
#9881=CARTESIAN_POINT('',(1.0,0.999999999999998,24.0));
#9882=AXIS2_PLACEMENT_3D('',#12639,#12640,#12641);
#9883=CARTESIAN_POINT('',(1.00000057250199,5.3,24.0));
#9884=CARTESIAN_POINT('',(1.0,7.41591399999999,24.0));
#9885=VECTOR('',#12642,1.0);
#9886=CARTESIAN_POINT('',(0.0,4.2999994274984,23.0));
#9887=AXIS2_PLACEMENT_3D('',#12643,#12644,#12645);
#9888=CARTESIAN_POINT('',(0.0,6.91591399999999,23.0));
#9889=VECTOR('',#12646,1.0);
#9890=AXIS2_PLACEMENT_3D('',#12647,#12648,#12649);
#9891=COLOUR_RGB('',0.450980424880981,0.521568655967712,0.5686274766922);
#9892=CARTESIAN_POINT('',(9.79350057249598,8.20000000000001,7.64999999999502));
#9893=CARTESIAN_POINT('',(9.79350057249598,16.7,7.64999999999502));
#9894=CARTESIAN_POINT('',(9.79350057249598,12.45,7.64999999999502));
#9895=VECTOR('',#12650,1.0);
#9896=CARTESIAN_POINT('',(9.918370780565,8.20000000000001,7.69568362357901));
#9897=AXIS2_PLACEMENT_3D('',#12651,#12652,#12653);
#9898=CARTESIAN_POINT('',(9.918370780565,16.7,7.69568362357901));
#9899=CARTESIAN_POINT('',(9.918370780565,4.70000000000001,7.69568362357901));
#9900=VECTOR('',#12654,1.0);
#9901=AXIS2_PLACEMENT_3D('',#12655,#12656,#12657);
#9902=COLOUR_RGB('',0.011764707043767,0.0196078438311815,0.0392156876623631);
#9903=CARTESIAN_POINT('',(6.100000572502,11.9579490558371,11.999999798505));
#9904=VECTOR('',#12658,1.0);
#9905=CARTESIAN_POINT('',(6.158579216265,11.8165276995998,5.19999979850499));
#9906=AXIS2_PLACEMENT_3D('',#12659,#12660,#12661);
#9907=CARTESIAN_POINT('',(6.158579216265,11.8165276995998,-11.200000201495));
#9908=VECTOR('',#12662,1.0);
#9909=COLOUR_RGB('',0.450980424880981,0.521568655967712,0.5686274766922);
#9910=CARTESIAN_POINT('',(10.327500572496,16.7,12.981500000005));
#9911=CARTESIAN_POINT('',(10.327500572496,8.20000000000002,12.981500000005));
#9912=CARTESIAN_POINT('',(10.327500572496,12.45,12.981500000005));
#9913=VECTOR('',#12663,1.0);
#9914=CARTESIAN_POINT('',(10.202630364427,16.7,12.935816376421));
#9915=AXIS2_PLACEMENT_3D('',#12664,#12665,#12666);
#9916=CARTESIAN_POINT('',(10.202630364427,8.20000000000001,12.935816376421));
#9917=CARTESIAN_POINT('',(10.202630364427,4.70000000000002,12.935816376421));
#9918=VECTOR('',#12667,1.0);
#9919=AXIS2_PLACEMENT_3D('',#12668,#12669,#12670);
#9920=COLOUR_RGB('',0.011764707043767,0.0196078438311815,0.0392156876623631);
#9921=CARTESIAN_POINT('',(38.050000572502,11.9579490558371,22.999999798505));
#9922=VECTOR('',#12671,1.0);
#9923=CARTESIAN_POINT('',(10.300000572502,12.0579490558371,22.973204879262));
#9924=CARTESIAN_POINT('',(40.600000572502,12.0579490558371,22.973204879262));
#9925=VECTOR('',#12672,1.0);
#9926=AXIS2_PLACEMENT_3D('',#12673,#12674,#12675);
#9927=COLOUR_RGB('',0.450980424880981,0.521568655967712,0.5686274766922);
#9928=CARTESIAN_POINT('',(9.79350057249598,8.20000000000001,16.350000000005));
#9929=CARTESIAN_POINT('',(9.79350057249598,16.7,16.350000000005));
#9930=CARTESIAN_POINT('',(9.79350057249598,12.45,16.350000000005));
#9931=VECTOR('',#12676,1.0);
#9932=CARTESIAN_POINT('',(9.60000057249599,8.20000000000001,16.156500000005));
#9933=AXIS2_PLACEMENT_3D('',#12677,#12678,#12679);
#9934=CARTESIAN_POINT('',(9.60000057249599,16.7,16.156500000005));
#9935=CARTESIAN_POINT('',(9.60000057249599,4.70000000000002,16.156500000005));
#9936=VECTOR('',#12680,1.0);
#9937=AXIS2_PLACEMENT_3D('',#12681,#12682,#12683);
#9938=COLOUR_RGB('',0.450980424880981,0.521568655967712,0.5686274766922);
#9939=CARTESIAN_POINT('',(9.79350057249598,16.7,12.650000000005));
#9940=CARTESIAN_POINT('',(9.79350057249598,8.20000000000002,12.650000000005));
#9941=CARTESIAN_POINT('',(9.79350057249598,12.45,12.650000000005));
#9942=VECTOR('',#12684,1.0);
#9943=CARTESIAN_POINT('',(9.60000057249599,16.7,12.843500000005));
#9944=AXIS2_PLACEMENT_3D('',#12685,#12686,#12687);
#9945=CARTESIAN_POINT('',(9.60000057249599,8.20000000000002,12.843500000005));
#9946=CARTESIAN_POINT('',(9.60000057249599,4.70000000000002,12.843500000005));
#9947=VECTOR('',#12688,1.0);
#9948=AXIS2_PLACEMENT_3D('',#12689,#12690,#12691);
#9949=COLOUR_RGB('',0.011764707043767,0.0196078438311815,0.0392156876623631);
#9950=CARTESIAN_POINT('',(70.000000572502,11.9579490558371,11.999999798505));
#9951=VECTOR('',#12692,1.0);
#9952=CARTESIAN_POINT('',(69.973205653259,12.0579490558371,5.19999979850601));
#9953=AXIS2_PLACEMENT_3D('',#12693,#12694,#12695);
#9954=CARTESIAN_POINT('',(69.973205653259,12.0579490558371,35.199999798506));
#9955=VECTOR('',#12696,1.0);
#9956=COLOUR_RGB('',0.450980424880981,0.521568655967712,0.5686274766922);
#9957=CARTESIAN_POINT('',(65.672500572508,8.20000000000002,16.018500000005));
#9958=CARTESIAN_POINT('',(65.672500572508,16.7,16.018500000005));
#9959=CARTESIAN_POINT('',(65.672500572508,12.45,16.018500000005));
#9960=VECTOR('',#12697,1.0);
#9961=CARTESIAN_POINT('',(65.500000572509,8.20000000000002,16.124330164828));
#9962=AXIS2_PLACEMENT_3D('',#12698,#12699,#12700);
#9963=CARTESIAN_POINT('',(65.500000572509,16.7,16.124330164828));
#9964=CARTESIAN_POINT('',(65.500000572509,4.70000000000002,16.124330164828));
#9965=VECTOR('',#12701,1.0);
#9966=AXIS2_PLACEMENT_3D('',#12702,#12703,#12704);
#9967=COLOUR_RGB('',0.450980424880981,0.521568655967712,0.5686274766922);
#9968=CARTESIAN_POINT('',(66.206500572508,8.20000000000002,16.350000000005));
#9969=CARTESIAN_POINT('',(66.206500572508,16.7,16.350000000005));
#9970=CARTESIAN_POINT('',(66.206500572508,12.45,16.350000000005));
#9971=VECTOR('',#12705,1.0);
#9972=CARTESIAN_POINT('',(66.081630364439,8.20000000000002,16.304316376421));
#9973=AXIS2_PLACEMENT_3D('',#12706,#12707,#12708);
#9974=CARTESIAN_POINT('',(66.081630364439,16.7,16.304316376421));
#9975=CARTESIAN_POINT('',(66.081630364439,4.70000000000002,16.304316376421));
#9976=VECTOR('',#12709,1.0);
#9977=AXIS2_PLACEMENT_3D('',#12710,#12711,#12712);
#9978=COLOUR_RGB('',0.450980424880981,0.521568655967712,0.5686274766922);
#9979=CARTESIAN_POINT('',(66.206500572508,16.7,11.349999999995));
#9980=CARTESIAN_POINT('',(66.206500572508,8.20000000000002,11.349999999995));
#9981=CARTESIAN_POINT('',(66.206500572508,12.45,11.349999999995));
#9982=VECTOR('',#12713,1.0);
#9983=CARTESIAN_POINT('',(66.400000572508,16.7,11.156499999995));
#9984=AXIS2_PLACEMENT_3D('',#12714,#12715,#12716);
#9985=CARTESIAN_POINT('',(66.400000572508,8.20000000000002,11.156499999995));
#9986=CARTESIAN_POINT('',(66.400000572508,4.70000000000002,11.156499999995));
#9987=VECTOR('',#12717,1.0);
#9988=AXIS2_PLACEMENT_3D('',#12718,#12719,#12720);
#9989=COLOUR_RGB('',0.450980424880981,0.521568655967712,0.5686274766922);
#9990=CARTESIAN_POINT('',(71.300000572502,3.8,17.699999597011));
#9991=CARTESIAN_POINT('',(71.300000572502,5.3,17.7));
#9992=CARTESIAN_POINT('',(71.300000572502,3.8,17.699999597011));
#9993=VECTOR('',#12721,1.0);
#9994=CARTESIAN_POINT('',(74.400000572502,3.8,20.799999597011));
#9995=AXIS2_PLACEMENT_3D('',#12722,#12723,#12724);
#9996=CARTESIAN_POINT('',(74.400000572502,5.3,20.799999597011));
#9997=CARTESIAN_POINT('',(74.400000572502,3.8,20.799999597011));
#9998=VECTOR('',#12725,1.0);
#9999=AXIS2_PLACEMENT_3D('',#12726,#12727,#12728);
#10000=COLOUR_RGB('',0.450980424880981,0.521568655967712,0.5686274766922);
#10001=CARTESIAN_POINT('',(66.206500572508,16.7,12.650000000005));
#10002=CARTESIAN_POINT('',(66.206500572508,8.20000000000002,12.650000000005));
#10003=CARTESIAN_POINT('',(66.206500572508,12.45,12.650000000005));
#10004=VECTOR('',#12729,1.0);
#10005=CARTESIAN_POINT('',(66.081630364439,16.7,12.695683623589));
#10006=AXIS2_PLACEMENT_3D('',#12730,#12731,#12732);
#10007=CARTESIAN_POINT('',(66.081630364439,8.20000000000002,12.695683623589));
#10008=CARTESIAN_POINT('',(66.081630364439,4.70000000000002,12.695683623589));
#10009=VECTOR('',#12733,1.0);
#10010=AXIS2_PLACEMENT_3D('',#12734,#12735,#12736);
#10011=COLOUR_RGB('',0.450980424880981,0.521568655967712,0.5686274766922);
#10012=CARTESIAN_POINT('',(76.000000572502,0.999999999999998,23.0));
#10013=CARTESIAN_POINT('',(76.000000572502,0.0999999999999988,23.0));
#10014=CARTESIAN_POINT('',(76.000000572502,2.7,23.0));
#10015=VECTOR('',#12737,1.0);
#10016=CARTESIAN_POINT('',(74.26575562837,0.099999999999999,22.321115354411));
#10017=AXIS2_PLACEMENT_3D('',#12738,#12739,#12740);
#10018=CARTESIAN_POINT('',(74.26575562837,0.999999999999998,22.321115354411));
#10019=CARTESIAN_POINT('',(74.26575562837,6.91591399999999,22.321115354411));
#10020=VECTOR('',#12741,1.0);
#10021=CARTESIAN_POINT('',(75.000000572502,0.999999999999998,22.0));
#10022=AXIS2_PLACEMENT_3D('',#12742,#12743,#12744);
#10023=AXIS2_PLACEMENT_3D('',#12745,#12746,#12747);
#10024=COLOUR_RGB('',0.450980424880981,0.521568655967712,0.5686274766922);
#10025=CARTESIAN_POINT('',(74.000000572502,0.0999999999999988,23.0));
#10026=CARTESIAN_POINT('',(74.000000572502,0.999999999999998,23.0));
#10027=CARTESIAN_POINT('',(74.000000572502,2.7,23.0));
#10028=VECTOR('',#12748,1.0);
#10029=AXIS2_PLACEMENT_3D('',#12749,#12750,#12751);
#10030=CARTESIAN_POINT('',(76.000000572502,4.3,23.0));
#10031=CARTESIAN_POINT('',(76.000000572502,6.91591399999999,23.0));
#10032=VECTOR('',#12752,1.0);
#10033=CARTESIAN_POINT('',(75.000000572502,5.3,24.0));
#10034=AXIS2_PLACEMENT_3D('',#12753,#12754,#12755);
#10035=CARTESIAN_POINT('',(75.000000572502,0.999999999999998,24.0));
#10036=CARTESIAN_POINT('',(75.000000572502,6.91591399999999,24.0));
#10037=VECTOR('',#12756,1.0);
#10038=AXIS2_PLACEMENT_3D('',#12757,#12758,#12759);
#10039=COLOUR_RGB('',0.450980424880981,0.521568655967712,0.5686274766922);
#10040=CARTESIAN_POINT('',(65.672500572508,16.7,12.981500000005));
#10041=CARTESIAN_POINT('',(65.672500572508,8.20000000000002,12.981500000005));
#10042=CARTESIAN_POINT('',(65.672500572508,12.45,12.981500000005));
#10043=VECTOR('',#12760,1.0);
#10044=CARTESIAN_POINT('',(65.500000572509,16.7,12.875669835182));
#10045=AXIS2_PLACEMENT_3D('',#12761,#12762,#12763);
#10046=CARTESIAN_POINT('',(65.500000572509,8.20000000000002,12.875669835182));
#10047=CARTESIAN_POINT('',(65.500000572509,4.70000000000002,12.875669835182));
#10048=VECTOR('',#12764,1.0);
#10049=AXIS2_PLACEMENT_3D('',#12765,#12766,#12767);
#10050=COLOUR_RGB('',0.450980424880981,0.521568655967712,0.5686274766922);
#10051=CARTESIAN_POINT('',(66.206500572508,8.20000000000002,7.64999999999502));
#10052=CARTESIAN_POINT('',(66.206500572508,16.7,7.64999999999502));
#10053=CARTESIAN_POINT('',(66.206500572508,12.45,7.64999999999502));
#10054=VECTOR('',#12768,1.0);
#10055=CARTESIAN_POINT('',(66.400000572508,8.20000000000002,7.843499999995));
#10056=AXIS2_PLACEMENT_3D('',#12769,#12770,#12771);
#10057=CARTESIAN_POINT('',(66.400000572508,16.7,7.843499999995));
#10058=CARTESIAN_POINT('',(66.400000572508,4.70000000000002,7.843499999995));
#10059=VECTOR('',#12772,1.0);
#10060=AXIS2_PLACEMENT_3D('',#12773,#12774,#12775);
#10061=COLOUR_RGB('',0.450980424880981,0.521568655967712,0.5686274766922);
#10062=CARTESIAN_POINT('',(71.300000572502,5.3,6.30000040298901));
#10063=CARTESIAN_POINT('',(71.300000572502,3.8,6.30000080597799));
#10064=CARTESIAN_POINT('',(71.300000572502,3.8,6.30000080597799));
#10065=VECTOR('',#12776,1.0);
#10066=CARTESIAN_POINT('',(74.400000572502,5.3,3.20000080597799));
#10067=AXIS2_PLACEMENT_3D('',#12777,#12778,#12779);
#10068=CARTESIAN_POINT('',(74.400000572502,3.8,3.20000080597799));
#10069=CARTESIAN_POINT('',(74.400000572502,3.8,3.20000080597799));
#10070=VECTOR('',#12780,1.0);
#10071=AXIS2_PLACEMENT_3D('',#12781,#12782,#12783);
#10072=COLOUR_RGB('',0.450980424880981,0.521568655967712,0.5686274766922);
#10073=CARTESIAN_POINT('',(65.672500572508,16.7,11.018499999995));
#10074=CARTESIAN_POINT('',(65.672500572508,8.20000000000002,11.018499999995));
#10075=CARTESIAN_POINT('',(65.672500572508,12.45,11.018499999995));
#10076=VECTOR('',#12784,1.0);
#10077=CARTESIAN_POINT('',(65.797370780578,16.7,11.064183623579));
#10078=AXIS2_PLACEMENT_3D('',#12785,#12786,#12787);
#10079=CARTESIAN_POINT('',(65.797370780578,8.20000000000002,11.064183623579));
#10080=CARTESIAN_POINT('',(65.797370780578,4.70000000000002,11.064183623579));
#10081=VECTOR('',#12788,1.0);
#10082=AXIS2_PLACEMENT_3D('',#12789,#12790,#12791);
#10083=COLOUR_RGB('',0.450980424880981,0.521568655967712,0.5686274766922);
#10084=CARTESIAN_POINT('',(10.327500572496,16.7,11.018499999995));
#10085=CARTESIAN_POINT('',(10.327500572496,8.20000000000001,11.018499999995));
#10086=CARTESIAN_POINT('',(10.327500572496,12.45,11.018499999995));
#10087=VECTOR('',#12792,1.0);
#10088=CARTESIAN_POINT('',(10.500000572496,16.7,11.124330164817));
#10089=AXIS2_PLACEMENT_3D('',#12793,#12794,#12795);
#10090=CARTESIAN_POINT('',(10.500000572496,8.20000000000001,11.124330164817));
#10091=CARTESIAN_POINT('',(10.500000572496,4.70000000000001,11.124330164817));
#10092=VECTOR('',#12796,1.0);
#10093=AXIS2_PLACEMENT_3D('',#12797,#12798,#12799);
#10094=COLOUR_RGB('',0.450980424880981,0.521568655967712,0.5686274766922);
#10095=CARTESIAN_POINT('',(65.672500572508,8.20000000000002,7.98149999999499));
#10096=CARTESIAN_POINT('',(65.672500572508,16.7,7.98149999999499));
#10097=CARTESIAN_POINT('',(65.672500572508,12.45,7.98149999999499));
#10098=VECTOR('',#12800,1.0);
#10099=CARTESIAN_POINT('',(65.797370780578,8.20000000000002,7.935816376411));
#10100=AXIS2_PLACEMENT_3D('',#12801,#12802,#12803);
#10101=CARTESIAN_POINT('',(65.797370780578,16.7,7.935816376411));
#10102=CARTESIAN_POINT('',(65.797370780578,4.70000000000002,7.935816376411));
#10103=VECTOR('',#12804,1.0);
#10104=AXIS2_PLACEMENT_3D('',#12805,#12806,#12807);
#10105=COLOUR_RGB('',0.450980424880981,0.521568655967712,0.5686274766922);
#10106=CARTESIAN_POINT('',(10.327500572496,8.20000000000001,16.018500000005));
#10107=CARTESIAN_POINT('',(10.327500572496,16.7,16.018500000005));
#10108=CARTESIAN_POINT('',(10.327500572496,12.45,16.018500000005));
#10109=VECTOR('',#12808,1.0);
#10110=CARTESIAN_POINT('',(10.202630364427,8.20000000000001,16.064183623589));
#10111=AXIS2_PLACEMENT_3D('',#12809,#12810,#12811);
#10112=CARTESIAN_POINT('',(10.202630364427,16.7,16.064183623589));
#10113=CARTESIAN_POINT('',(10.202630364427,4.70000000000002,16.064183623589));
#10114=VECTOR('',#12812,1.0);
#10115=AXIS2_PLACEMENT_3D('',#12813,#12814,#12815);
#10116=COLOUR_RGB('',0.450980424880981,0.521568655967712,0.5686274766922);
#10117=CARTESIAN_POINT('',(76.000000572502,0.999999999999998,1.0));
#10118=CARTESIAN_POINT('',(76.000000572502,0.0999999999999996,1.0));
#10119=CARTESIAN_POINT('',(76.000000572502,2.7,1.0));
#10120=VECTOR('',#12816,1.0);
#10121=CARTESIAN_POINT('',(75.000000572502,0.999999999999998,2.0));
#10122=AXIS2_PLACEMENT_3D('',#12817,#12818,#12819);
#10123=CARTESIAN_POINT('',(74.265756629974,0.999999999999998,1.67888572886801));
#10124=AXIS2_PLACEMENT_3D('',#12820,#12821,#12822);
#10125=CARTESIAN_POINT('',(74.265756629974,0.0999999999999995,1.67888572886801));
#10126=CARTESIAN_POINT('',(74.265756629974,6.91591399999999,1.67888572886801));
#10127=VECTOR('',#12823,1.0);
#10128=AXIS2_PLACEMENT_3D('',#12824,#12825,#12826);
#10129=COLOUR_RGB('',0.450980424880981,0.521568655967712,0.5686274766922);
#10130=CARTESIAN_POINT('',(74.000000572502,0.0999999999999996,1.0));
#10131=CARTESIAN_POINT('',(74.000000572502,0.999999999999999,1.0));
#10132=CARTESIAN_POINT('',(74.000000572502,2.7,1.0));
#10133=VECTOR('',#12827,1.0);
#10134=CARTESIAN_POINT('',(74.031696990351,0.0999999999999996,1.24977624545301));
#10135=AXIS2_PLACEMENT_3D('',#12828,#12829,#12830);
#10136=CARTESIAN_POINT('',(74.031696990351,0.999999999999998,1.24977624545301));
#10137=CARTESIAN_POINT('',(74.031696990351,6.91591399999999,1.24977624545301));
#10138=VECTOR('',#12831,1.0);
#10139=AXIS2_PLACEMENT_3D('',#12832,#12833,#12834);
#10140=COLOUR_RGB('',0.011764707043767,0.0196078438311815,0.0392156876623631);
#10141=CARTESIAN_POINT('',(38.050000572502,11.9579490558371,0.99999979850499));
#10142=VECTOR('',#12835,1.0);
#10143=CARTESIAN_POINT('',(10.300000572502,11.8165276995998,1.05857844226801));
#10144=CARTESIAN_POINT('',(46.000000572502,11.8165276995998,1.05857844226801));
#10145=VECTOR('',#12836,1.0);
#10146=AXIS2_PLACEMENT_3D('',#12837,#12838,#12839);
#10147=COLOUR_RGB('',0.450980424880981,0.521568655967712,0.5686274766922);
#10148=CARTESIAN_POINT('',(74.400000572502,5.3,0.0));
#10149=CARTESIAN_POINT('',(75.000000572502,5.3,0.0));
#10150=CARTESIAN_POINT('',(19.030813572502,5.3,0.0));
#10151=VECTOR('',#12840,1.0);
#10152=CARTESIAN_POINT('',(74.400000572502,5.3,11.5));
#10153=VECTOR('',#12841,1.0);
#10154=CARTESIAN_POINT('',(75.000000572502,5.3,6.30000040298901));
#10155=CARTESIAN_POINT('',(70.730813572502,5.3,6.30000040298901));
#10156=VECTOR('',#12842,1.0);
#10157=CARTESIAN_POINT('',(75.000000572502,5.3,11.5));
#10158=VECTOR('',#12843,1.0);
#10159=COLOUR_RGB('',0.450980424880981,0.521568655967712,0.5686274766922);
#10160=CARTESIAN_POINT('',(11.600000572502,16.7,21.9));
#10161=CARTESIAN_POINT('',(64.400000572502,16.7,21.9));
#10162=CARTESIAN_POINT('',(5.330813572502,16.7,21.9));
#10163=VECTOR('',#12844,1.0);
#10164=CARTESIAN_POINT('',(11.600000572352,14.0375465373414,21.9));
#10165=CARTESIAN_POINT('',(11.600000572502,6.91591399999999,21.9));
#10166=VECTOR('',#12845,1.0);
#10167=CARTESIAN_POINT('',(64.400000572502,14.0375465373414,21.9));
#10168=CARTESIAN_POINT('',(-6.29999942749799,14.0375465373413,21.9));
#10169=VECTOR('',#12846,1.0);
#10170=CARTESIAN_POINT('',(64.400000572502,6.915914,21.9));
#10171=VECTOR('',#12847,1.0);
#10172=COLOUR_RGB('',0.450980424880981,0.521568655967712,0.5686274766922);
#10173=CARTESIAN_POINT('',(9.75999999999999,-9.99200722162641E-16,20.299999395516));
#10174=CARTESIAN_POINT('',(66.240000572502,-9.99200722162641E-16,20.299999395516));
#10175=CARTESIAN_POINT('',(19.030813572502,-9.99200722162641E-16,20.299999395516));
#10176=VECTOR('',#12848,1.0);
#10177=CARTESIAN_POINT('',(9.75999999999999,0.999999999999998,20.299999395516));
#10178=CARTESIAN_POINT('',(9.75999999999999,0.999999999999999,20.299999395516));
#10179=VECTOR('',#12849,1.0);
#10180=CARTESIAN_POINT('',(66.240000572502,0.999999999999998,20.299999395516));
#10181=CARTESIAN_POINT('',(10.730813572502,0.999999999999998,20.299999395516));
#10182=VECTOR('',#12850,1.0);
#10183=CARTESIAN_POINT('',(66.240000572502,0.999999999999999,20.299999395516));
#10184=VECTOR('',#12851,1.0);
#10185=COLOUR_RGB('',0.450980424880981,0.521568655967712,0.5686274766922);
#10186=CARTESIAN_POINT('',(64.900000572502,14.7,4.65000000000001));
#10187=CARTESIAN_POINT('',(60.82544992322,14.7,4.65000000000001));
#10188=CARTESIAN_POINT('',(19.030813572502,14.7,4.65000000000001));
#10189=VECTOR('',#12852,1.0);
#10190=CARTESIAN_POINT('',(60.991273040038,5.20000000000001,4.65000000000001));
#10191=CARTESIAN_POINT('',(60.961321649757,6.91591399999999,4.65000000000001));
#10192=VECTOR('',#12853,1.0);
#10193=CARTESIAN_POINT('',(64.900000572502,5.20000000000001,4.65000000000001));
#10194=CARTESIAN_POINT('',(19.030813572502,5.20000000000001,4.65000000000001));
#10195=VECTOR('',#12854,1.0);
#10196=CARTESIAN_POINT('',(64.900000572502,14.7,4.65000000000001));
#10197=VECTOR('',#12855,1.0);
#10198=COLOUR_RGB('',0.011764707043767,0.0196078438311815,0.0392156876623631);
#10199=CARTESIAN_POINT('',(65.800000572502,12.0579490558371,1.026794717749));
#10200=AXIS2_PLACEMENT_3D('',#12856,#12857,#12858);
#10201=AXIS2_PLACEMENT_3D('',#12859,#12860,#12861);
#10202=COLOUR_RGB('',0.011764707043767,0.0196078438311815,0.0392156876623631);
#10203=CARTESIAN_POINT('',(69.800000572502,11.560577,18.799999798505));
#10204=CARTESIAN_POINT('',(69.800000572502,11.560577,11.5));
#10205=VECTOR('',#12862,1.0);
#10206=CARTESIAN_POINT('',(69.800000572502,11.5922636308879,18.799999798505));
#10207=CARTESIAN_POINT('',(69.800000572502,11.5922636308879,-12.200000201495));
#10208=VECTOR('',#12863,1.0);
#10209=CARTESIAN_POINT('',(69.800000572502,11.9514461372028,18.799999798505));
#10210=VECTOR('',#12864,1.0);
#10211=COLOUR_RGB('',0.011764707043767,0.0196078438311815,0.0392156876623631);
#10212=CARTESIAN_POINT('',(68.750000572502,14.060577,18.799999798505));
#10213=CARTESIAN_POINT('',(65.800000572502,14.060577,21.749999798505));
#10214=AXIS2_PLACEMENT_3D('',#12865,#12866,#12867);
#10215=CARTESIAN_POINT('',(65.800000572502,13.560577,22.249999798505));
#10216=AXIS2_PLACEMENT_3D('',#12868,#12869,#12870);
#10217=CARTESIAN_POINT('',(69.250000572502,13.560577,18.799999798505));
#10218=AXIS2_PLACEMENT_3D('',#12871,#12872,#12873);
#10219=AXIS2_PLACEMENT_3D('',#12874,#12875,#12876);
#10220=COLOUR_RGB('',0.011764707043767,0.0196078438311815,0.0392156876623631);
#10221=CARTESIAN_POINT('',(65.800000572502,13.4445515962156,22.249999798505));
#10222=CARTESIAN_POINT('',(65.800000572502,13.5025642981078,22.249999798505));
#10223=VECTOR('',#12877,1.0);
#10224=CARTESIAN_POINT('',(69.250000572502,13.4445515962156,18.799999798505));
#10225=AXIS2_PLACEMENT_3D('',#12878,#12879,#12880);
#10226=CARTESIAN_POINT('',(69.250000572502,11.9514461372028,18.799999798505));
#10227=VECTOR('',#12881,1.0);
#10228=COLOUR_RGB('',0.450980424880981,0.521568655967712,0.5686274766922);
#10229=CARTESIAN_POINT('',(10.000000572502,0.999999999999998,3.80000000000001));
#10230=CARTESIAN_POINT('',(9.00000057250199,0.999999999999998,4.80000000000001));
#10231=AXIS2_PLACEMENT_3D('',#12882,#12883,#12884);
#10232=CARTESIAN_POINT('',(10.000000572502,0.499999999999995,3.80000000000001));
#10233=CARTESIAN_POINT('',(10.000000572502,7.41591399999999,3.80000000000001));
#10234=VECTOR('',#12885,1.0);
#10235=CARTESIAN_POINT('',(9.00000057250199,0.499999999999995,4.80000000000001));
#10236=AXIS2_PLACEMENT_3D('',#12886,#12887,#12888);
#10237=CARTESIAN_POINT('',(9.00000057250199,7.41591399999999,4.80000000000001));
#10238=VECTOR('',#12889,1.0);
#10239=COLOUR_RGB('',0.450980424880981,0.521568655967712,0.5686274766922);
#10240=CARTESIAN_POINT('',(66.000000572502,0.999999999999998,20.2));
#10241=CARTESIAN_POINT('',(67.000000572502,0.999999999999998,19.2));
#10242=AXIS2_PLACEMENT_3D('',#12890,#12891,#12892);
#10243=CARTESIAN_POINT('',(66.000000572502,0.499999999999995,20.2));
#10244=CARTESIAN_POINT('',(66.000000572502,7.415914,20.2));
#10245=VECTOR('',#12893,1.0);
#10246=CARTESIAN_POINT('',(67.000000572502,0.499999999999995,19.2));
#10247=AXIS2_PLACEMENT_3D('',#12894,#12895,#12896);
#10248=CARTESIAN_POINT('',(67.000000572502,7.415914,19.2));
#10249=VECTOR('',#12897,1.0);
#10250=COLOUR_RGB('',0.450980424880981,0.521568655967712,0.5686274766922);
#10251=AXIS2_PLACEMENT_3D('',#12898,#12899,#12900);
#10252=AXIS2_PLACEMENT_3D('',#12901,#12902,#12903);
#10253=COLOUR_RGB('',0.011764707043767,0.0196078438311815,0.0392156876623631);
#10254=CARTESIAN_POINT('',(57.500000572502,12.0579490558371,1.026794717749));
#10255=VECTOR('',#12904,1.0);
#10256=COLOUR_RGB('',0.450980424880981,0.521568655967712,0.5686274766922);
#10257=CARTESIAN_POINT('',(67.000000572502,16.7,7.0));
#10258=CARTESIAN_POINT('',(67.000000572502,16.7,5.999999798506));
#10259=CARTESIAN_POINT('',(67.000000572502,16.7,11.5));
#10260=VECTOR('',#12905,1.0);
#10261=CARTESIAN_POINT('',(67.000000572502,14.7,5.999999798506));
#10262=CARTESIAN_POINT('',(67.000000572502,6.87649100000002,5.999999798506));
#10263=VECTOR('',#12906,1.0);
#10264=CARTESIAN_POINT('',(67.000000572502,14.7,7.0));
#10265=CARTESIAN_POINT('',(67.000000572502,14.7,11.5));
#10266=VECTOR('',#12907,1.0);
#10267=CARTESIAN_POINT('',(67.000000572502,6.91591399999999,7.0));
#10268=VECTOR('',#12908,1.0);
#10269=COLOUR_RGB('',0.450980424880981,0.521568655967712,0.5686274766922);
#10270=CARTESIAN_POINT('',(74.031697499912,0.099999999999999,22.750221779146));
#10271=AXIS2_PLACEMENT_3D('',#12909,#12910,#12911);
#10272=AXIS2_PLACEMENT_3D('',#12912,#12913,#12914);
#10273=COLOUR_RGB('',0.011764707043767,0.0196078438311815,0.0392156876623631);
#10274=CARTESIAN_POINT('',(69.858579216264,11.7336849871252,18.799999798505));
#10275=CARTESIAN_POINT('',(69.858579216264,11.7336849871252,5.19999979850499));
#10276=CARTESIAN_POINT('',(69.858579216264,11.7336849871252,36.199999798506));
#10277=VECTOR('',#12915,1.0);
#10278=AXIS2_PLACEMENT_3D('',#12916,#12917,#12918);
#10279=AXIS2_PLACEMENT_3D('',#12919,#12920,#12921);
#10280=COLOUR_RGB('',0.011764707043767,0.0196078438311815,0.0392156876623631);
#10281=CARTESIAN_POINT('',(68.750000572502,14.060577,18.552171862182));
#10282=CARTESIAN_POINT('',(65.55217319542,14.060577,21.749999798505));
#10283=AXIS2_PLACEMENT_3D('',#12922,#12923,#12924);
#10284=CARTESIAN_POINT('',(74.100000572502,14.060577,21.749999798505));
#10285=VECTOR('',#12925,1.0);
#10286=CARTESIAN_POINT('',(68.750000572502,14.060577,-12.200000201495));
#10287=VECTOR('',#12926,1.0);
#10288=COLOUR_RGB('',0.450980424880981,0.521568655967712,0.5686274766922);
#10289=CARTESIAN_POINT('',(74.400000572502,3.8,24.0));
#10290=CARTESIAN_POINT('',(74.400000572502,3.8,11.5));
#10291=VECTOR('',#12927,1.0);
#10292=CARTESIAN_POINT('',(68.200000572502,3.8,20.799999597011));
#10293=AXIS2_PLACEMENT_3D('',#12928,#12929,#12930);
#10294=CARTESIAN_POINT('',(68.200000572502,3.8,24.0));
#10295=CARTESIAN_POINT('',(68.200000572502,3.8,12.5));
#10296=VECTOR('',#12931,1.0);
#10297=CARTESIAN_POINT('',(19.030813572502,3.8,24.0));
#10298=VECTOR('',#12932,1.0);
#10299=CARTESIAN_POINT('',(71.300000572502,3.8,19.199999597011));
#10300=CARTESIAN_POINT('',(71.300000572502,3.8,22.399999597011));
#10301=AXIS2_PLACEMENT_3D('',#12933,#12934,#12935);
#10302=AXIS2_PLACEMENT_3D('',#12936,#12937,#12938);
#10303=COLOUR_RGB('',0.450980424880981,0.521568655967712,0.5686274766922);
#10304=CARTESIAN_POINT('',(65.500000572509,2.0,7.0));
#10305=CARTESIAN_POINT('',(65.500000572509,16.7,7.0));
#10306=CARTESIAN_POINT('',(65.500000572509,6.91591399999999,7.0));
#10307=VECTOR('',#12939,1.0);
#10308=CARTESIAN_POINT('',(19.030813572502,16.7,7.0));
#10309=VECTOR('',#12940,1.0);
#10310=CARTESIAN_POINT('',(65.900000572502,14.7,7.0));
#10311=CARTESIAN_POINT('',(19.030813572502,14.7,7.0));
#10312=VECTOR('',#12941,1.0);
#10313=CARTESIAN_POINT('',(65.900000572502,2.0,7.0));
#10314=CARTESIAN_POINT('',(65.900000572502,6.91591399999999,7.0));
#10315=VECTOR('',#12942,1.0);
#10316=CARTESIAN_POINT('',(19.030813572502,2.0,7.0));
#10317=VECTOR('',#12943,1.0);
#10318=COLOUR_RGB('',0.011764707043767,0.0196078438311815,0.0392156876623631);
#10319=CARTESIAN_POINT('',(6.78301327439399,13.1945515962156,18.799999798505));
#10320=CARTESIAN_POINT('',(6.85000057250198,13.4445515962156,18.799999798505));
#10321=AXIS2_PLACEMENT_3D('',#12944,#12945,#12946);
#10322=CARTESIAN_POINT('',(10.300000572502,13.1945515962156,22.316987096613));
#10323=AXIS2_PLACEMENT_3D('',#12947,#12948,#12949);
#10324=CARTESIAN_POINT('',(10.300000572502,13.4445515962156,22.249999798505));
#10325=AXIS2_PLACEMENT_3D('',#12950,#12951,#12952);
#10326=AXIS2_PLACEMENT_3D('',#12953,#12954,#12955);
#10327=COLOUR_RGB('',0.450980424880981,0.521568655967712,0.5686274766922);
#10328=CARTESIAN_POINT('',(75.000000572502,0.999999999999998,0.0));
#10329=AXIS2_PLACEMENT_3D('',#12956,#12957,#12958);
#10330=CARTESIAN_POINT('',(75.000000572502,6.91591399999999,0.0));
#10331=VECTOR('',#12959,1.0);
#10332=CARTESIAN_POINT('',(76.000000572502,4.3,1.0));
#10333=AXIS2_PLACEMENT_3D('',#12960,#12961,#12962);
#10334=CARTESIAN_POINT('',(76.000000572502,7.41591399999999,1.0));
#10335=VECTOR('',#12963,1.0);
#10336=COLOUR_RGB('',0.450980424880981,0.521568655967712,0.5686274766922);
#10337=CARTESIAN_POINT('',(73.300000572502,0.999999999999999,22.0));
#10338=CARTESIAN_POINT('',(74.38328196528,0.999999999999999,22.0));
#10339=CARTESIAN_POINT('',(19.030813572502,0.999999999999999,22.0));
#10340=VECTOR('',#12964,1.0);
#10341=CARTESIAN_POINT('',(74.500000572502,0.999999999999999,21.199999395517));
#10342=AXIS2_PLACEMENT_3D('',#12965,#12966,#12967);
#10343=CARTESIAN_POINT('',(74.500000572502,0.999999999999999,20.799999395516));
#10344=CARTESIAN_POINT('',(74.500000572502,0.999999999999999,20.799999395516));
#10345=VECTOR('',#12968,1.0);
#10346=CARTESIAN_POINT('',(73.300000572502,0.999999999999999,18.302000196157));
#10347=AXIS2_PLACEMENT_3D('',#12969,#12970,#12971);
#10348=CARTESIAN_POINT('',(73.300000572502,0.999999999999999,11.5));
#10349=VECTOR('',#12972,1.0);
#10350=COLOUR_RGB('',0.450980424880981,0.521568655967712,0.5686274766922);
#10351=CARTESIAN_POINT('',(68.900000572502,16.7,6.59999999999999));
#10352=CARTESIAN_POINT('',(64.400000572502,16.7,2.09999999999999));
#10353=AXIS2_PLACEMENT_3D('',#12973,#12974,#12975);
#10354=CARTESIAN_POINT('',(68.900000572502,14.0375466007083,6.59999999999999));
#10355=CARTESIAN_POINT('',(68.900000572502,6.915914,6.59999999999999));
#10356=VECTOR('',#12976,1.0);
#10357=CARTESIAN_POINT('',(68.750000572502,14.060577,5.44782813781799));
#10358=CARTESIAN_POINT('',(68.900000572502,14.0375466007083,6.59999999999999));
#10359=CARTESIAN_POINT('',(68.900000572502,14.0375466007083,6.55138384643899));
#10360=CARTESIAN_POINT('',(68.899212486063,14.0377965757752,6.502761507233));
#10361=CARTESIAN_POINT('',(68.897637169364,14.0382834320971,6.45417461616401));
#10362=CARTESIAN_POINT('',(68.896061852035,14.0387702886137,6.40558770567401));
#10363=CARTESIAN_POINT('',(68.89369932979,14.0394939173099,6.357036727961));
#10364=CARTESIAN_POINT('',(68.890553326351,14.0404154346687,6.308562245243));
#10365=CARTESIAN_POINT('',(68.887407319638,14.0413369529866,6.26008771207302));
#10366=CARTESIAN_POINT('',(68.883477878024,14.0424561701958,6.211690066329));
#10367=CARTESIAN_POINT('',(68.878771277774,14.0437106310626,6.16340754747699));
#10368=CARTESIAN_POINT('',(68.874064500422,14.0449651391329,6.115123211823));
#10369=CARTESIAN_POINT('',(68.868584256664,14.046353955512,6.06697689516));
#10370=CARTESIAN_POINT('',(68.862318912408,14.047798295225,6.01886745630301));
#10371=CARTESIAN_POINT('',(68.856054689792,14.0492423763683,5.97076663013601));
#10372=CARTESIAN_POINT('',(68.84900961438,14.0507407462458,5.92274478061));
#10373=CARTESIAN_POINT('',(68.841187625392,14.0521916065621,5.874839630671));
#10374=CARTESIAN_POINT('',(68.833365637974,14.0536424665872,5.82693449034801));
#10375=CARTESIAN_POINT('',(68.824766760785,14.0550457387139,5.77914614979701));
#10376=CARTESIAN_POINT('',(68.815397206387,14.0562818318067,5.73151133255601));
#10377=CARTESIAN_POINT('',(68.806027653636,14.0575179246821,5.68387652368901));
#10378=CARTESIAN_POINT('',(68.795887412105,14.0585868885232,5.63639514222001));
#10379=CARTESIAN_POINT('',(68.784984828389,14.0593516002354,5.589102836276));
#10380=CARTESIAN_POINT('',(68.774082258463,14.0601163109804,5.54181059015301));
#10381=CARTESIAN_POINT('',(68.762417260739,14.060577,5.49470707628799));
#10382=CARTESIAN_POINT('',(68.750000572502,14.060577,5.44782813781799));
#10383=CARTESIAN_POINT('',(65.552171673944,14.060577,2.249999798506));
#10384=AXIS2_PLACEMENT_3D('',#12977,#12978,#12979);
#10385=CARTESIAN_POINT('',(64.400000572652,14.0375466640755,2.09999999999999));
#10386=CARTESIAN_POINT('',(64.400000572652,14.0375466640755,2.09999999999999));
#10387=CARTESIAN_POINT('',(64.448614000752,14.037546664076,2.10000000000201));
#10388=CARTESIAN_POINT('',(64.497235515262,14.037796611059,2.10078799767899));
#10389=CARTESIAN_POINT('',(64.545823520639,14.0382834699635,2.10236332416702));
#10390=CARTESIAN_POINT('',(64.594411541006,14.0387703290181,2.10393865114099));
#10391=CARTESIAN_POINT('',(64.642965568236,14.0394939925465,2.106301282717));
#10392=CARTESIAN_POINT('',(64.691444956363,14.0404156197126,2.109447676386));
#10393=CARTESIAN_POINT('',(64.73992438921,14.0413372477288,2.11259407295802));
#10394=CARTESIAN_POINT('',(64.788328793795,14.0424566509287,2.116524187001));
#10395=CARTESIAN_POINT('',(64.836619690363,14.0437113775904,2.12123189415701));
#10396=CARTESIAN_POINT('',(64.884918477708,14.0449663092755,2.12594037055601));
#10397=CARTESIAN_POINT('',(64.933063213031,14.0463551710469,2.13142116915802));
#10398=CARTESIAN_POINT('',(64.981160078324,14.0477991511354,2.13768517148401));
#10399=CARTESIAN_POINT('',(65.02925337572,14.0492430241073,2.14394870913699));
#10400=CARTESIAN_POINT('',(65.077269343336,14.0507412031084,2.150993070216));
#10401=CARTESIAN_POINT('',(65.125170027427,14.0521919191024,2.15881443062301));
#10402=CARTESIAN_POINT('',(65.173070699388,14.0536426347291,2.166635789049));
#10403=CARTESIAN_POINT('',(65.220855978873,14.0550458086536,2.175234122181));
#10404=CARTESIAN_POINT('',(65.268488849722,14.0562818482631,2.18460328936001));
#10405=CARTESIAN_POINT('',(65.316121713076,14.0575178876782,2.193972455064));
#10406=CARTESIAN_POINT('',(65.363602256672,14.0585868422609,2.20411246470999));
#10407=CARTESIAN_POINT('',(65.410894571663,14.0593515631975,2.215015014568));
#10408=CARTESIAN_POINT('',(65.458186830181,14.060116283221,2.22591755140701));
#10409=CARTESIAN_POINT('',(65.505291198277,14.060577,2.23758271188899));
#10410=CARTESIAN_POINT('',(65.552171673944,14.060577,2.249999798506));
#10411=CARTESIAN_POINT('',(64.400000572502,6.915914,2.09999999999999));
#10412=VECTOR('',#12980,1.0);
#10413=COLOUR_RGB('',0.450980424880981,0.521568655967712,0.5686274766922);
#10414=CARTESIAN_POINT('',(10.500000572496,16.7,16.124330164828));
#10415=AXIS2_PLACEMENT_3D('',#12981,#12982,#12983);
#10416=CARTESIAN_POINT('',(10.500000572496,8.20000000000001,16.124330164828));
#10417=CARTESIAN_POINT('',(10.500000572496,4.70000000000002,16.124330164828));
#10418=VECTOR('',#12984,1.0);
#10419=AXIS2_PLACEMENT_3D('',#12985,#12986,#12987);
#10420=COLOUR_RGB('',0.011764707043767,0.0196078438311815,0.0392156876623631);
#10421=CARTESIAN_POINT('',(10.300000572502,13.1945515962155,1.68301250039801));
#10422=CARTESIAN_POINT('',(65.800000572502,13.1945515962155,1.68301250039801));
#10423=CARTESIAN_POINT('',(79.500000572502,13.1945515962156,1.68301250039801));
#10424=VECTOR('',#12988,1.0);
#10425=CARTESIAN_POINT('',(65.800000572502,13.1945515962155,1.68301250039801));
#10426=VECTOR('',#12989,7.03397459621559);
#10427=CARTESIAN_POINT('',(10.300000572502,13.1945515962156,1.68301250039801));
#10428=VECTOR('',#12990,7.03397459621559);
#10429=COLOUR_RGB('',0.450980424880981,0.521568655967712,0.5686274766922);
#10430=CARTESIAN_POINT('',(67.240000572502,0.999999999999998,19.299999395516));
#10431=AXIS2_PLACEMENT_3D('',#12991,#12992,#12993);
#10432=CARTESIAN_POINT('',(67.240000572502,-9.43689570931383E-16,19.299999395516));
#10433=CARTESIAN_POINT('',(67.240000572502,0.999999999999999,19.299999395516));
#10434=VECTOR('',#12994,1.0);
#10435=AXIS2_PLACEMENT_3D('',#12995,#12996,#12997);
#10436=COLOUR_RGB('',0.450980424880981,0.521568655967712,0.5686274766922);
#10437=CARTESIAN_POINT('',(58.700000572502,2.0,19.05));
#10438=CARTESIAN_POINT('',(64.900000572502,2.0,19.05));
#10439=CARTESIAN_POINT('',(19.030813572502,2.0,19.05));
#10440=VECTOR('',#12998,1.0);
#10441=CARTESIAN_POINT('',(65.900000572502,2.0,18.05));
#10442=AXIS2_PLACEMENT_3D('',#12999,#13000,#13001);
#10443=CARTESIAN_POINT('',(65.900000572502,2.0,17.0));
#10444=CARTESIAN_POINT('',(65.900000572502,2.0,11.5));
#10445=VECTOR('',#13002,1.0);
#10446=CARTESIAN_POINT('',(65.500000572509,2.0,17.0));
#10447=CARTESIAN_POINT('',(19.030813572502,2.0,17.0));
#10448=VECTOR('',#13003,1.0);
#10449=CARTESIAN_POINT('',(65.500000572509,2.0,11.5));
#10450=VECTOR('',#13004,1.0);
#10451=CARTESIAN_POINT('',(65.900000572502,2.0,5.95000000000002));
#10452=CARTESIAN_POINT('',(65.900000572502,2.0,11.5));
#10453=VECTOR('',#13005,1.0);
#10454=CARTESIAN_POINT('',(64.900000572502,2.0,4.95000000000002));
#10455=AXIS2_PLACEMENT_3D('',#13006,#13007,#13008);
#10456=CARTESIAN_POINT('',(58.700000572502,2.0,4.95000000000002));
#10457=CARTESIAN_POINT('',(19.030813572502,2.0,4.95000000000002));
#10458=VECTOR('',#13009,1.0);
#10459=CARTESIAN_POINT('',(58.700000572502,2.0,11.5));
#10460=VECTOR('',#13010,1.0);
#10461=CARTESIAN_POINT('',(61.500000572502,2.0,10.450000201494));
#10462=CARTESIAN_POINT('',(61.500000572502,2.0,13.550000201494));
#10463=AXIS2_PLACEMENT_3D('',#13011,#13012,#13013);
#10464=AXIS2_PLACEMENT_3D('',#13014,#13015,#13016);
#10465=COLOUR_RGB('',0.450980424880981,0.521568655967712,0.5686274766922);
#10466=CARTESIAN_POINT('',(9.918370780565,8.20000000000001,16.304316376421));
#10467=CARTESIAN_POINT('',(19.030813572502,8.20000000000002,8.60643705455101));
#10468=VECTOR('',#13017,1.0);
#10469=CARTESIAN_POINT('',(9.918370780565,16.7,16.304316376421));
#10470=CARTESIAN_POINT('',(9.918370780565,4.739423,16.304316376421));
#10471=VECTOR('',#13018,1.0);
#10472=CARTESIAN_POINT('',(19.030813572502,16.7,8.60643705455101));
#10473=VECTOR('',#13019,1.0);
#10474=COLOUR_RGB('',0.011764707043767,0.0196078438311815,0.0392156876623631);
#10475=CARTESIAN_POINT('',(65.800000572502,11.7336849871252,1.141421154743));
#10476=CARTESIAN_POINT('',(65.800000572502,11.7336849871252,1.141421154743));
#10477=VECTOR('',#13020,5.73969696196702);
#10478=CARTESIAN_POINT('',(60.200000572502,11.7336849871252,1.141421154743));
#10479=VECTOR('',#13021,1.0);
#10480=CARTESIAN_POINT('',(10.300000572502,11.7336849871252,1.141421154743));
#10481=VECTOR('',#13022,5.73969696196702);
#10482=COLOUR_RGB('',0.450980424880981,0.521568655967712,0.5686274766922);
#10483=CARTESIAN_POINT('',(71.700000572502,0.999999999999998,-6.0448400063251E-07));
#10484=AXIS2_PLACEMENT_3D('',#13023,#13024,#13025);
#10485=CARTESIAN_POINT('',(19.030813572502,0.999999999999998,0.0));
#10486=VECTOR('',#13026,1.0);
#10487=COLOUR_RGB('',0.450980424880981,0.521568655967712,0.5686274766922);
#10488=CARTESIAN_POINT('',(61.500000572502,0.499999999999994,13.550000201494));
#10489=CARTESIAN_POINT('',(61.500000572502,15.6500024,13.550000201494));
#10490=VECTOR('',#13027,1.0);
#10491=CARTESIAN_POINT('',(61.500000572502,0.499999999999994,10.450000201494));
#10492=AXIS2_PLACEMENT_3D('',#13028,#13029,#13030);
#10493=CARTESIAN_POINT('',(61.500000572502,15.6500024,10.450000201494));
#10494=VECTOR('',#13031,1.0);
#10495=COLOUR_RGB('',0.011764707043767,0.0196078438311815,0.0392156876623631);
#10496=CARTESIAN_POINT('',(74.500000572502,-9.99200722162641E-16,21.199999395517));
#10497=CARTESIAN_POINT('',(74.500000572502,0.999999999999999,21.199999395517));
#10498=VECTOR('',#13032,1.0);
#10499=CARTESIAN_POINT('',(74.500000572502,-9.99200722162641E-16,20.799999395516));
#10500=CARTESIAN_POINT('',(74.500000572502,-7.21644966006352E-16,11.5));
#10501=VECTOR('',#13033,1.0);
#10502=CARTESIAN_POINT('',(74.500000572502,0.999999999999999,20.799999395516));
#10503=VECTOR('',#13034,1.0);
#10504=COLOUR_RGB('',0.011764707043767,0.0196078438311815,0.0392156876623631);
#10505=CARTESIAN_POINT('',(65.800000572502,11.7336849871252,22.858578442268));
#10506=AXIS2_PLACEMENT_3D('',#13035,#13036,#13037);
#10507=CARTESIAN_POINT('',(65.800000572502,11.5922636308879,22.799999798505));
#10508=AXIS2_PLACEMENT_3D('',#13038,#13039,#13040);
#10509=AXIS2_PLACEMENT_3D('',#13041,#13042,#13043);
#10510=COLOUR_RGB('',0.450980424880981,0.521568655967712,0.5686274766922);
#10511=CARTESIAN_POINT('',(76.000000572502,0.999999999999998,22.0));
#10512=CARTESIAN_POINT('',(19.030813572502,0.999999999999998,22.0));
#10513=VECTOR('',#13044,1.0);
#10514=CARTESIAN_POINT('',(76.000000572502,0.999999999999998,11.5));
#10515=VECTOR('',#13045,1.0);
#10516=COLOUR_RGB('',0.011764707043767,0.0196078438311815,0.0392156876623631);
#10517=CARTESIAN_POINT('',(74.500000572502,0.999999999999999,3.19999939551701));
#10518=CARTESIAN_POINT('',(73.300000572502,0.999999999999998,5.697998594876));
#10519=AXIS2_PLACEMENT_3D('',#13046,#13047,#13048);
#10520=CARTESIAN_POINT('',(73.300000572502,-5.55111512312578E-16,5.697998594876));
#10521=CARTESIAN_POINT('',(73.300000572502,0.999999999999999,5.697998594876));
#10522=VECTOR('',#13049,1.0);
#10523=CARTESIAN_POINT('',(74.500000572502,-4.9960036108132E-16,3.19999939551701));
#10524=AXIS2_PLACEMENT_3D('',#13050,#13051,#13052);
#10525=CARTESIAN_POINT('',(74.500000572502,0.999999999999999,3.19999939551701));
#10526=VECTOR('',#13053,1.0);
#10527=COLOUR_RGB('',0.450980424880981,0.521568655967712,0.5686274766922);
#10528=CARTESIAN_POINT('',(65.500000572509,16.7,17.0));
#10529=CARTESIAN_POINT('',(65.500000572509,6.91591399999999,17.0));
#10530=VECTOR('',#13054,1.0);
#10531=CARTESIAN_POINT('',(65.500000572509,16.7,11.5));
#10532=VECTOR('',#13055,1.0);
#10533=CARTESIAN_POINT('',(65.500000572509,8.20000000000002,11.5));
#10534=VECTOR('',#13056,1.0);
#10535=CARTESIAN_POINT('',(65.500000572509,16.7,11.124330164817));
#10536=CARTESIAN_POINT('',(65.500000572509,16.7,11.5));
#10537=VECTOR('',#13057,1.0);
#10538=CARTESIAN_POINT('',(65.500000572509,8.20000000000002,11.124330164817));
#10539=CARTESIAN_POINT('',(65.500000572509,4.70000000000002,11.124330164817));
#10540=VECTOR('',#13058,1.0);
#10541=CARTESIAN_POINT('',(65.500000572509,8.20000000000002,7.875669835172));
#10542=CARTESIAN_POINT('',(65.500000572509,8.20000000000002,11.5));
#10543=VECTOR('',#13059,1.0);
#10544=CARTESIAN_POINT('',(65.500000572509,16.7,7.875669835172));
#10545=CARTESIAN_POINT('',(65.500000572509,4.70000000000002,7.875669835172));
#10546=VECTOR('',#13060,1.0);
#10547=CARTESIAN_POINT('',(65.500000572509,16.7,11.5));
#10548=VECTOR('',#13061,1.0);
#10549=COLOUR_RGB('',0.011764707043767,0.0196078438311815,0.0392156876623631);
#10550=CARTESIAN_POINT('',(69.31698787061,13.1945515962155,5.19999979850499));
#10551=CARTESIAN_POINT('',(69.250000572502,13.4445515962155,5.19999979850499));
#10552=AXIS2_PLACEMENT_3D('',#13062,#13063,#13064);
#10553=AXIS2_PLACEMENT_3D('',#13065,#13066,#13067);
#10554=CARTESIAN_POINT('',(65.800000572502,13.4445515962155,1.749999798505));
#10555=AXIS2_PLACEMENT_3D('',#13068,#13069,#13070);
#10556=AXIS2_PLACEMENT_3D('',#13071,#13072,#13073);
#10557=COLOUR_RGB('',0.450980424880981,0.521568655967712,0.5686274766922);
#10558=CARTESIAN_POINT('',(11.100000572502,14.7,4.65000000000001));
#10559=CARTESIAN_POINT('',(10.100000572502,14.7,5.65000000000001));
#10560=AXIS2_PLACEMENT_3D('',#13074,#13075,#13076);
#10561=CARTESIAN_POINT('',(10.100000572502,5.20000000000001,5.65000000000001));
#10562=CARTESIAN_POINT('',(10.100000572502,14.7,5.65000000000001));
#10563=VECTOR('',#13077,1.0);
#10564=CARTESIAN_POINT('',(11.100000572502,5.20000000000001,4.65000000000001));
#10565=AXIS2_PLACEMENT_3D('',#13078,#13079,#13080);
#10566=CARTESIAN_POINT('',(11.100000572502,14.7,4.65000000000001));
#10567=VECTOR('',#13081,1.0);
#10568=COLOUR_RGB('',0.450980424880981,0.521568655967712,0.5686274766922);
#10569=CARTESIAN_POINT('',(65.900000572502,5.20000000000001,18.05));
#10570=CARTESIAN_POINT('',(64.900000572502,5.20000000000001,19.05));
#10571=AXIS2_PLACEMENT_3D('',#13082,#13083,#13084);
#10572=CARTESIAN_POINT('',(60.991273040038,5.20000000000001,19.05));
#10573=CARTESIAN_POINT('',(19.030813572502,5.20000000000001,19.05));
#10574=VECTOR('',#13085,1.0);
#10575=CARTESIAN_POINT('',(60.991273040038,5.20000000000001,19.35));
#10576=CARTESIAN_POINT('',(60.991273040038,5.20000000000001,11.5));
#10577=VECTOR('',#13086,1.0);
#10578=CARTESIAN_POINT('',(64.900000572502,5.20000000000001,19.35));
#10579=CARTESIAN_POINT('',(19.030813572502,5.20000000000001,19.35));
#10580=VECTOR('',#13087,1.0);
#10581=CARTESIAN_POINT('',(65.900000572502,5.20000000000001,18.35));
#10582=AXIS2_PLACEMENT_3D('',#13088,#13089,#13090);
#10583=CARTESIAN_POINT('',(65.900000572502,5.20000000000001,11.5));
#10584=VECTOR('',#13091,1.0);
#10585=COLOUR_RGB('',0.011764707043767,0.0196078438311815,0.0392156876623631);
#10586=CARTESIAN_POINT('',(70.034695142002,11.9514461372028,5.19999979850601));
#10587=VECTOR('',#13092,1.0);
#10588=CARTESIAN_POINT('',(69.31698787061,13.1945515962156,18.799999798505));
#10589=CARTESIAN_POINT('',(69.31698787061,13.1945515962155,-12.200000201495));
#10590=VECTOR('',#13093,1.0);
#10591=CARTESIAN_POINT('',(70.034695142002,11.9514461372028,18.799999798505));
#10592=VECTOR('',#13094,1.0);
#10593=COLOUR_RGB('',0.450980424880981,0.521568655967712,0.5686274766922);
#10594=CARTESIAN_POINT('',(68.200000572502,6.29999999999999,3.20000080597799));
#10595=CARTESIAN_POINT('',(68.200000572502,3.8,3.20000080597799));
#10596=CARTESIAN_POINT('',(68.200000572502,3.8,3.20000080597799));
#10597=VECTOR('',#13095,1.0);
#10598=CARTESIAN_POINT('',(68.200000572502,3.8,0.0));
#10599=CARTESIAN_POINT('',(68.200000572502,3.8,11.5));
#10600=VECTOR('',#13096,1.0);
#10601=CARTESIAN_POINT('',(68.200000572502,6.29999999999999,0.0));
#10602=CARTESIAN_POINT('',(68.200000572502,6.91591399999999,0.0));
#10603=VECTOR('',#13097,1.0);
#10604=CARTESIAN_POINT('',(68.200000572502,6.29999999999999,11.5));
#10605=VECTOR('',#13098,1.0);
#10606=COLOUR_RGB('',0.450980424880981,0.521568655967712,0.5686274766922);
#10607=CARTESIAN_POINT('',(65.900000572502,14.7,5.65000000000001));
#10608=AXIS2_PLACEMENT_3D('',#13099,#13100,#13101);
#10609=CARTESIAN_POINT('',(65.900000572502,5.20000000000001,5.65000000000001));
#10610=AXIS2_PLACEMENT_3D('',#13102,#13103,#13104);
#10611=CARTESIAN_POINT('',(65.900000572502,14.7,5.65000000000001));
#10612=VECTOR('',#13105,1.0);
#10613=COLOUR_RGB('',0.011764707043767,0.0196078438311815,0.0392156876623631);
#10614=CARTESIAN_POINT('',(65.800000572502,13.1945515962155,22.316987096613));
#10615=CARTESIAN_POINT('',(65.800000572502,13.1945515962156,22.316987096613));
#10616=VECTOR('',#13106,1.0);
#10617=CARTESIAN_POINT('',(10.300000572502,13.1945515962156,22.316987096613));
#10618=VECTOR('',#13107,7.03397459621559);
#10619=CARTESIAN_POINT('',(65.800000572502,13.1945515962156,22.316987096613));
#10620=VECTOR('',#13108,7.03397459621559);
#10621=COLOUR_RGB('',0.450980424880981,0.521568655967712,0.5686274766922);
#10622=CARTESIAN_POINT('',(74.000000572502,6.29999999999999,6.30000040298901));
#10623=CARTESIAN_POINT('',(71.300000572502,6.29999999999999,6.30000040298901));
#10624=CARTESIAN_POINT('',(19.030813572502,6.29999999999999,6.30000040298901));
#10625=VECTOR('',#13109,1.0);
#10626=CARTESIAN_POINT('',(73.384086572502,6.91591399999999,6.30000040298901));
#10627=VECTOR('',#13110,1.0);
#10628=CARTESIAN_POINT('',(71.300000572502,3.8,6.30000040298901));
#10629=VECTOR('',#13111,1.0);
#10630=COLOUR_RGB('',0.450980424880981,0.521568655967712,0.5686274766922);
#10631=CARTESIAN_POINT('',(74.400000572502,3.8,0.0));
#10632=CARTESIAN_POINT('',(74.400000572502,3.8,11.5));
#10633=VECTOR('',#13112,1.0);
#10634=CARTESIAN_POINT('',(74.400000572502,6.91591399999999,0.0));
#10635=VECTOR('',#13113,1.0);
#10636=COLOUR_RGB('',0.011764707043767,0.0196078438311815,0.0392156876623631);
#10637=CARTESIAN_POINT('',(10.300000572502,13.4445515962156,1.749999798505));
#10638=CARTESIAN_POINT('',(75.350000572502,13.4445515962156,1.749999798506));
#10639=VECTOR('',#13114,1.0);
#10640=AXIS2_PLACEMENT_3D('',#13115,#13116,#13117);
#10641=COLOUR_RGB('',0.450980424880981,0.521568655967712,0.5686274766922);
#10642=CARTESIAN_POINT('',(74.400000572502,5.3,24.0));
#10643=CARTESIAN_POINT('',(74.400000572502,6.91591399999999,24.0));
#10644=VECTOR('',#13118,1.0);
#10645=CARTESIAN_POINT('',(74.400000572502,5.3,11.5));
#10646=VECTOR('',#13119,1.0);
#10647=COLOUR_RGB('',0.450980424880981,0.521568655967712,0.5686274766922);
#10648=CARTESIAN_POINT('',(1.61671824677799,1.0,2.0));
#10649=AXIS2_PLACEMENT_3D('',#13120,#13121,#13122);
#10650=CARTESIAN_POINT('',(-2.96918642749802,0.999999999999998,2.0));
#10651=VECTOR('',#13123,1.0);
#10652=COLOUR_RGB('',0.450980424880981,0.521568655967712,0.5686274766922);
#10653=CARTESIAN_POINT('',(65.900000572502,5.20000000000001,5.95000000000002));
#10654=CARTESIAN_POINT('',(64.900000572502,5.20000000000001,4.95000000000002));
#10655=AXIS2_PLACEMENT_3D('',#13124,#13125,#13126);
#10656=CARTESIAN_POINT('',(65.900000572502,5.20000000000001,11.5));
#10657=VECTOR('',#13127,1.0);
#10658=CARTESIAN_POINT('',(60.991273040038,5.20000000000001,4.95000000000002));
#10659=CARTESIAN_POINT('',(60.991273040038,5.20000000000001,11.5));
#10660=VECTOR('',#13128,1.0);
#10661=CARTESIAN_POINT('',(19.030813572502,5.20000000000001,4.95000000000002));
#10662=VECTOR('',#13129,1.0);
#10663=COLOUR_RGB('',0.450980424880981,0.521568655967712,0.5686274766922);
#10664=CARTESIAN_POINT('',(38.140408572502,6.29060899999998,0.0999999999999943));
#10665=CARTESIAN_POINT('',(38.140408572502,6.29060899999998,0.0));
#10666=CARTESIAN_POINT('',(38.140408572502,6.29060899999998,11.5));
#10667=VECTOR('',#13130,1.0);
#10668=CARTESIAN_POINT('',(37.611427630377,3.29060899999998,0.0999999999999943));
#10669=CARTESIAN_POINT('',(38.250666715174,6.91591399999999,0.0999999999999943));
#10670=VECTOR('',#13131,1.0);
#10671=CARTESIAN_POINT('',(37.611427630377,3.29060899999998,0.0));
#10672=CARTESIAN_POINT('',(37.611427630377,3.29060899999998,0.0));
#10673=VECTOR('',#13132,1.0);
#10674=CARTESIAN_POINT('',(38.250666715174,6.91591399999999,0.0));
#10675=VECTOR('',#13133,1.0);
#10676=COLOUR_RGB('',0.450980424880981,0.521568655967712,0.5686274766922);
#10677=CARTESIAN_POINT('',(65.797370780578,8.20000000000003,12.935816376421));
#10678=CARTESIAN_POINT('',(65.797370780578,16.7,12.935816376421));
#10679=CARTESIAN_POINT('',(65.797370780578,4.739423,12.935816376421));
#10680=VECTOR('',#13134,1.0);
#10681=CARTESIAN_POINT('',(19.030813572502,8.20000000000002,52.442600880533));
#10682=VECTOR('',#13135,1.0);
#10683=CARTESIAN_POINT('',(19.030813572502,16.7,52.442600880533));
#10684=VECTOR('',#13136,1.0);
#10685=COLOUR_RGB('',0.011764707043767,0.0196078438311815,0.0392156876623631);
#10686=CARTESIAN_POINT('',(62.339468134406,4.21457390526708,5.19999979850601));
#10687=VECTOR('',#13137,1.0);
#10688=AXIS2_PLACEMENT_3D('',#13138,#13139,#13140);
#10689=COLOUR_RGB('',0.450980424880981,0.521568655967712,0.5686274766922);
#10690=CARTESIAN_POINT('',(9.00000057250199,16.7,7.0));
#10691=CARTESIAN_POINT('',(9.00000057250199,14.7,7.0));
#10692=CARTESIAN_POINT('',(9.00000057250199,6.91591399999999,7.0));
#10693=VECTOR('',#13141,1.0);
#10694=CARTESIAN_POINT('',(9.00000057250199,14.7,5.999999798506));
#10695=CARTESIAN_POINT('',(9.00000057250199,14.7,11.5));
#10696=VECTOR('',#13142,1.0);
#10697=CARTESIAN_POINT('',(9.00000057250199,16.7,5.999999798506));
#10698=CARTESIAN_POINT('',(9.00000057250199,6.87649100000001,5.999999798506));
#10699=VECTOR('',#13143,1.0);
#10700=CARTESIAN_POINT('',(9.00000057250199,16.7,11.5));
#10701=VECTOR('',#13144,1.0);
#10702=COLOUR_RGB('',0.450980424880981,0.521568655967712,0.5686274766922);
#10703=CARTESIAN_POINT('',(11.600000572502,11.560577,2.09999999999999));
#10704=CARTESIAN_POINT('',(64.400000572502,11.560577,2.09999999999999));
#10705=CARTESIAN_POINT('',(25.880813572502,11.560577,2.09999999999999));
#10706=VECTOR('',#13145,1.0);
#10707=CARTESIAN_POINT('',(64.400000572502,6.29999999999999,2.09999999999999));
#10708=CARTESIAN_POINT('',(64.400000572502,6.915914,2.09999999999999));
#10709=VECTOR('',#13146,1.0);
#10710=CARTESIAN_POINT('',(11.600000572502,6.29999999999999,2.09999999999999));
#10711=CARTESIAN_POINT('',(-2.96918642749802,6.29999999999999,2.09999999999999));
#10712=VECTOR('',#13147,1.0);
#10713=CARTESIAN_POINT('',(11.600000572502,6.91591399999999,2.09999999999999));
#10714=VECTOR('',#13148,1.0);
#10715=COLOUR_RGB('',0.450980424880981,0.521568655967712,0.5686274766922);
#10716=CARTESIAN_POINT('',(8.75999999999999,0.999999999999998,4.69999939551602));
#10717=CARTESIAN_POINT('',(8.75999999999999,0.999999999999998,19.299999395516));
#10718=CARTESIAN_POINT('',(8.75999999999999,0.999999999999998,11.5));
#10719=VECTOR('',#13149,1.0);
#10720=CARTESIAN_POINT('',(8.75999999999999,-9.43689570931383E-16,19.299999395516));
#10721=CARTESIAN_POINT('',(8.75999999999999,0.999999999999999,19.299999395516));
#10722=VECTOR('',#13150,1.0);
#10723=CARTESIAN_POINT('',(8.75999999999999,-5.55111512312578E-16,4.69999939551602));
#10724=CARTESIAN_POINT('',(8.75999999999999,-9.43689570931383E-16,19.299999395516));
#10725=VECTOR('',#13151,1.0);
#10726=CARTESIAN_POINT('',(8.75999999999999,0.999999999999999,4.69999939551602));
#10727=VECTOR('',#13152,1.0);
#10728=COLOUR_RGB('',0.011764707043767,0.0196078438311815,0.0392156876623631);
#10729=CARTESIAN_POINT('',(69.941421928739,11.8165276995998,18.799999798505));
#10730=CARTESIAN_POINT('',(65.800000572502,11.8165276995998,22.941421154743));
#10731=AXIS2_PLACEMENT_3D('',#13153,#13154,#13155);
#10732=CARTESIAN_POINT('',(65.800000572502,11.7336849871252,22.858578442268));
#10733=VECTOR('',#13156,5.73969696196702);
#10734=CARTESIAN_POINT('',(62.339468134406,4.21457390526708,18.799999798505));
#10735=VECTOR('',#13157,1.0);
#10736=COLOUR_RGB('',0.450980424880981,0.521568655967712,0.5686274766922);
#10737=CARTESIAN_POINT('',(74.031697499912,0.999999999999998,22.750221779146));
#10738=CARTESIAN_POINT('',(71.700000572502,0.999999999999998,24.0));
#10739=AXIS2_PLACEMENT_3D('',#13158,#13159,#13160);
#10740=AXIS2_PLACEMENT_3D('',#13161,#13162,#13163);
#10741=CARTESIAN_POINT('',(19.030813572502,0.999999999999998,24.0));
#10742=VECTOR('',#13164,1.0);
#10743=COLOUR_RGB('',0.011764707043767,0.0196078438311815,0.0392156876623631);
#10744=CARTESIAN_POINT('',(73.300000572502,-9.43689570931383E-16,18.302000196157));
#10745=AXIS2_PLACEMENT_3D('',#13165,#13166,#13167);
#10746=CARTESIAN_POINT('',(73.300000572502,0.999999999999999,18.302000196157));
#10747=VECTOR('',#13168,1.0);
#10748=COLOUR_RGB('',0.450980424880981,0.521568655967712,0.5686274766922);
#10749=CARTESIAN_POINT('',(47.028474572502,0.499999999999995,19.05));
#10750=CARTESIAN_POINT('',(47.028474572502,0.699999999999995,19.05));
#10751=CARTESIAN_POINT('',(47.028474572502,6.91591399999999,19.05));
#10752=VECTOR('',#13169,1.0);
#10753=CARTESIAN_POINT('',(44.403481264901,0.499999999999995,19.05));
#10754=CARTESIAN_POINT('',(25.880813572502,0.499999999999995,19.05));
#10755=VECTOR('',#13170,1.0);
#10756=CARTESIAN_POINT('',(44.403481264901,0.699999999999995,19.05));
#10757=CARTESIAN_POINT('',(44.403481264901,6.91591399999999,19.05));
#10758=VECTOR('',#13171,1.0);
#10759=CARTESIAN_POINT('',(25.880813572502,0.699999999999995,19.05));
#10760=VECTOR('',#13172,1.0);
#10761=COLOUR_RGB('',0.011764707043767,0.0196078438311815,0.0392156876623631);
#10762=CARTESIAN_POINT('',(13.760533010597,4.21457390526708,5.19999979850601));
#10763=VECTOR('',#13173,1.0);
#10764=CARTESIAN_POINT('',(6.24142192873899,11.7336849871252,18.799999798505));
#10765=CARTESIAN_POINT('',(6.24142192873899,11.7336849871252,-12.200000201495));
#10766=VECTOR('',#13174,1.0);
#10767=CARTESIAN_POINT('',(13.760533010597,4.21457390526709,18.799999798505));
#10768=VECTOR('',#13175,1.0);
#10769=COLOUR_RGB('',0.450980424880981,0.521568655967712,0.5686274766922);
#10770=CARTESIAN_POINT('',(4.29999999999998,-1.0547118733939E-15,24.0));
#10771=CARTESIAN_POINT('',(71.700000572502,-1.0547118733939E-15,24.0));
#10772=CARTESIAN_POINT('',(5.330813572502,-1.0547118733939E-15,24.0));
#10773=VECTOR('',#13176,1.0);
#10774=CARTESIAN_POINT('',(71.700000572502,0.999999999999999,23.999999395516));
#10775=VECTOR('',#13177,1.0);
#10776=CARTESIAN_POINT('',(19.030813572502,5.3,24.0));
#10777=VECTOR('',#13178,1.0);
#10778=CARTESIAN_POINT('',(68.200000572502,6.29999999999999,24.0));
#10779=CARTESIAN_POINT('',(68.200000572502,6.91591399999999,24.0));
#10780=VECTOR('',#13179,1.0);
#10781=CARTESIAN_POINT('',(7.800000572502,6.29999999999999,24.0));
#10782=CARTESIAN_POINT('',(19.030813572502,6.29999999999999,24.0));
#10783=VECTOR('',#13180,1.0);
#10784=CARTESIAN_POINT('',(7.800000572502,3.8,24.0));
#10785=CARTESIAN_POINT('',(7.800000572502,6.91591399999999,24.0));
#10786=VECTOR('',#13181,1.0);
#10787=CARTESIAN_POINT('',(1.59999999999999,3.8,24.0));
#10788=CARTESIAN_POINT('',(57.030813572502,3.8,24.0));
#10789=VECTOR('',#13182,1.0);
#10790=CARTESIAN_POINT('',(1.59999999999999,5.3,24.0));
#10791=CARTESIAN_POINT('',(1.59999999999999,6.91591399999999,24.0));
#10792=VECTOR('',#13183,1.0);
#10793=CARTESIAN_POINT('',(57.030813572502,5.3,24.0));
#10794=VECTOR('',#13184,1.0);
#10795=CARTESIAN_POINT('',(4.29999999999998,0.999999999999998,23.999999395516));
#10796=CARTESIAN_POINT('',(-2.96918642749802,0.999999999999998,24.0));
#10797=VECTOR('',#13185,1.0);
#10798=CARTESIAN_POINT('',(4.29999999999998,0.999999999999999,23.999999395516));
#10799=VECTOR('',#13186,1.0);
#10800=COLOUR_RGB('',0.011764707043767,0.0196078438311815,0.0392156876623631);
#10801=COLOUR_RGB('',0.450980424880981,0.521568655967712,0.5686274766922);
#10802=CARTESIAN_POINT('',(68.900000572502,11.560577,6.59999999999999));
#10803=CARTESIAN_POINT('',(68.900000572502,6.29999999999999,6.59999999999999));
#10804=CARTESIAN_POINT('',(68.900000572502,6.87649100000002,6.59999999999999));
#10805=VECTOR('',#13187,1.0);
#10806=AXIS2_PLACEMENT_3D('',#13188,#13189,#13190);
#10807=AXIS2_PLACEMENT_3D('',#13191,#13192,#13193);
#10808=COLOUR_RGB('',0.450980424880981,0.521568655967712,0.5686274766922);
#10809=CARTESIAN_POINT('',(74.000000572502,6.29999999999999,17.7));
#10810=CARTESIAN_POINT('',(74.000000572502,6.29999999999999,11.5));
#10811=VECTOR('',#13194,1.0);
#10812=CARTESIAN_POINT('',(75.000000572502,5.3,17.7));
#10813=CARTESIAN_POINT('',(73.384086572502,6.91591399999999,17.7));
#10814=VECTOR('',#13195,1.0);
#10815=CARTESIAN_POINT('',(75.000000572502,5.3,11.5));
#10816=VECTOR('',#13196,1.0);
#10817=CARTESIAN_POINT('',(76.000000572502,4.3,11.5));
#10818=VECTOR('',#13197,1.0);
#10819=COLOUR_RGB('',0.450980424880981,0.521568655967712,0.5686274766922);
#10820=AXIS2_PLACEMENT_3D('',#13198,#13199,#13200);
#10821=AXIS2_PLACEMENT_3D('',#13201,#13202,#13203);
#10822=COLOUR_RGB('',0.011764707043767,0.0196078438311815,0.0392156876623631);
#10823=CARTESIAN_POINT('',(68.750000572502,14.060577,5.19999979850601));
#10824=CARTESIAN_POINT('',(68.750000572502,14.060577,-12.200000201495));
#10825=VECTOR('',#13204,1.0);
#10826=CARTESIAN_POINT('',(65.800000572502,14.060577,2.249999798505));
#10827=AXIS2_PLACEMENT_3D('',#13205,#13206,#13207);
#10828=CARTESIAN_POINT('',(74.100000572502,14.060577,2.249999798506));
#10829=VECTOR('',#13208,1.0);
#10830=COLOUR_RGB('',0.011764707043767,0.0196078438311815,0.0392156876623631);
#10831=CARTESIAN_POINT('',(72.650000572502,11.5922636308879,1.19999979850499));
#10832=VECTOR('',#13209,1.0);
#10833=CARTESIAN_POINT('',(10.157821629107,11.560577,1.19999979850499));
#10834=CARTESIAN_POINT('',(19.030813572502,11.560577,1.19999979850499));
#10835=VECTOR('',#13210,1.0);
#10836=CARTESIAN_POINT('',(10.300000572502,11.5922636308879,1.19999979850499));
#10837=CARTESIAN_POINT('',(10.288187234801,11.5896220882737,1.19999979850499));
#10838=CARTESIAN_POINT('',(10.276364690585,11.5869784856778,1.19999979850499));
#10839=CARTESIAN_POINT('',(10.264533212255,11.5843345248702,1.19999979850499));
#10840=CARTESIAN_POINT('',(10.252701744953,11.5816905665268,1.19999979850499));
#10841=CARTESIAN_POINT('',(10.240861385657,11.5790462591505,1.19999979850101));
#10842=CARTESIAN_POINT('',(10.229012558356,11.576403355095,1.19999979850101));
#10843=CARTESIAN_POINT('',(10.217163732184,11.5737604512912,1.19999979850101));
#10844=CARTESIAN_POINT('',(10.205306438561,11.5711189504182,1.19999979848501));
#10845=CARTESIAN_POINT('',(10.193441128896,11.5684806287126,1.19999979848501));
#10846=CARTESIAN_POINT('',(10.181575820148,11.5658423072111,1.19999979848501));
#10847=CARTESIAN_POINT('',(10.169702495948,11.5632071642244,1.19999979845599));
#10848=CARTESIAN_POINT('',(10.157821629107,11.560576999411,1.19999979845599));
#10849=COLOUR_RGB('',0.450980424880981,0.521568655967712,0.5686274766922);
#10850=CARTESIAN_POINT('',(10.202630364427,8.20000000000001,11.064183623579));
#10851=AXIS2_PLACEMENT_3D('',#13211,#13212,#13213);
#10852=CARTESIAN_POINT('',(10.202630364427,16.7,11.064183623579));
#10853=CARTESIAN_POINT('',(10.202630364427,4.70000000000001,11.064183623579));
#10854=VECTOR('',#13214,1.0);
#10855=AXIS2_PLACEMENT_3D('',#13215,#13216,#13217);
#10856=COLOUR_RGB('',0.450980424880981,0.521568655967712,0.5686274766922);
#10857=CARTESIAN_POINT('',(60.82544992322,14.7,19.35));
#10858=CARTESIAN_POINT('',(64.900000572502,14.7,19.35));
#10859=CARTESIAN_POINT('',(19.030813572502,14.7,19.35));
#10860=VECTOR('',#13218,1.0);
#10861=CARTESIAN_POINT('',(60.82544992322,14.7,20.000000201494));
#10862=CARTESIAN_POINT('',(60.82544992322,14.7,11.5));
#10863=VECTOR('',#13219,1.0);
#10864=CARTESIAN_POINT('',(65.000000572502,14.7,20.000000201494));
#10865=CARTESIAN_POINT('',(19.030813572502,14.7,20.000000201494));
#10866=VECTOR('',#13220,1.0);
#10867=CARTESIAN_POINT('',(67.000000572502,14.7,18.000000201494));
#10868=AXIS2_PLACEMENT_3D('',#13221,#13222,#13223);
#10869=CARTESIAN_POINT('',(67.000000572502,14.7,17.0));
#10870=CARTESIAN_POINT('',(67.000000572502,14.7,11.5));
#10871=VECTOR('',#13224,1.0);
#10872=CARTESIAN_POINT('',(65.900000572502,14.7,17.0));
#10873=CARTESIAN_POINT('',(19.030813572502,14.7,17.0));
#10874=VECTOR('',#13225,1.0);
#10875=CARTESIAN_POINT('',(65.900000572502,14.7,18.35));
#10876=CARTESIAN_POINT('',(65.900000572502,14.7,11.5));
#10877=VECTOR('',#13226,1.0);
#10878=AXIS2_PLACEMENT_3D('',#13227,#13228,#13229);
#10879=COLOUR_RGB('',0.450980424880981,0.521568655967712,0.5686274766922);
#10880=CARTESIAN_POINT('',(66.400000572508,8.20000000000002,12.843500000005));
#10881=CARTESIAN_POINT('',(66.400000572508,16.7,12.843500000005));
#10882=CARTESIAN_POINT('',(66.400000572508,4.70000000000002,12.843500000005));
#10883=VECTOR('',#13230,1.0);
#10884=CARTESIAN_POINT('',(66.400000572508,8.20000000000002,16.156500000005));
#10885=CARTESIAN_POINT('',(66.400000572508,8.20000000000002,11.5));
#10886=VECTOR('',#13231,1.0);
#10887=CARTESIAN_POINT('',(66.400000572508,16.7,16.156500000005));
#10888=CARTESIAN_POINT('',(66.400000572508,4.70000000000002,16.156500000005));
#10889=VECTOR('',#13232,1.0);
#10890=CARTESIAN_POINT('',(66.400000572508,16.7,11.5));
#10891=VECTOR('',#13233,1.0);
#10892=COLOUR_RGB('',0.450980424880981,0.521568655967712,0.5686274766922);
#10893=CARTESIAN_POINT('',(76.000000572502,0.999999999999998,2.0));
#10894=CARTESIAN_POINT('',(76.000000572502,3.40000005008742,2.0));
#10895=CARTESIAN_POINT('',(76.000000572502,6.91591399999999,2.0));
#10896=VECTOR('',#13234,1.0);
#10897=CARTESIAN_POINT('',(76.000000572502,0.999999999999998,11.5));
#10898=VECTOR('',#13235,1.0);
#10899=CARTESIAN_POINT('',(76.000000572502,3.40000005008742,22.0));
#10900=CARTESIAN_POINT('',(76.000000572502,6.91591399999999,22.0));
#10901=VECTOR('',#13236,1.0);
#10902=CARTESIAN_POINT('',(76.000000572502,3.40000005008742,11.5));
#10903=VECTOR('',#13237,1.0);
#10904=COLOUR_RGB('',0.450980424880981,0.521568655967712,0.5686274766922);
#10905=CARTESIAN_POINT('',(60.810191281912,15.5741669750803,19.05));
#10906=CARTESIAN_POINT('',(15.189809863092,15.5741669750803,19.05));
#10907=CARTESIAN_POINT('',(19.030813572502,15.5741669750803,19.05));
#10908=VECTOR('',#13238,1.0);
#10909=CARTESIAN_POINT('',(60.961321649757,6.91591399999999,19.05));
#10910=VECTOR('',#13239,1.0);
#10911=CARTESIAN_POINT('',(64.900000572502,3.0,19.05));
#10912=VECTOR('',#13240,1.0);
#10913=CARTESIAN_POINT('',(58.700000572502,0.699999999999995,19.05));
#10914=CARTESIAN_POINT('',(58.700000572502,6.91591399999999,19.05));
#10915=VECTOR('',#13241,1.0);
#10916=CARTESIAN_POINT('',(51.502385572502,0.699999999999995,19.05));
#10917=CARTESIAN_POINT('',(19.030813572502,0.699999999999995,19.05));
#10918=VECTOR('',#13242,1.0);
#10919=CARTESIAN_POINT('',(51.502385572502,0.499999999999995,19.05));
#10920=CARTESIAN_POINT('',(51.502385572502,6.91591399999999,19.05));
#10921=VECTOR('',#13243,1.0);
#10922=CARTESIAN_POINT('',(19.030813572502,0.499999999999995,19.05));
#10923=VECTOR('',#13244,1.0);
#10924=CARTESIAN_POINT('',(42.503481264901,0.499999999999995,19.05));
#10925=CARTESIAN_POINT('',(19.030813572502,0.499999999999995,19.05));
#10926=VECTOR('',#13245,1.0);
#10927=CARTESIAN_POINT('',(42.503481264901,0.699999999999995,19.05));
#10928=CARTESIAN_POINT('',(42.503481264901,6.91591399999999,19.05));
#10929=VECTOR('',#13246,1.0);
#10930=CARTESIAN_POINT('',(27.340882572502,0.699999999999995,19.05));
#10931=CARTESIAN_POINT('',(12.180813572502,0.699999999999995,19.05));
#10932=VECTOR('',#13247,1.0);
#10933=CARTESIAN_POINT('',(27.340882572502,0.499999999999995,19.05));
#10934=CARTESIAN_POINT('',(27.340882572502,6.91591399999999,19.05));
#10935=VECTOR('',#13248,1.0);
#10936=CARTESIAN_POINT('',(22.527530572502,0.499999999999995,19.05));
#10937=CARTESIAN_POINT('',(5.330813572502,0.499999999999995,19.05));
#10938=VECTOR('',#13249,1.0);
#10939=CARTESIAN_POINT('',(22.527530572502,0.699999999999995,19.05));
#10940=CARTESIAN_POINT('',(22.527530572502,6.91591399999999,19.05));
#10941=VECTOR('',#13250,1.0);
#10942=CARTESIAN_POINT('',(17.300000572502,0.699999999999995,19.05));
#10943=CARTESIAN_POINT('',(-2.96918642749802,0.699999999999995,19.05));
#10944=VECTOR('',#13251,1.0);
#10945=CARTESIAN_POINT('',(17.300000572502,1.99999999999999,19.05));
#10946=CARTESIAN_POINT('',(17.300000572502,6.91591399999999,19.05));
#10947=VECTOR('',#13252,1.0);
#10948=CARTESIAN_POINT('',(11.100000572502,1.99999999999999,19.05));
#10949=CARTESIAN_POINT('',(-2.96918642749802,1.99999999999999,19.05));
#10950=VECTOR('',#13253,1.0);
#10951=CARTESIAN_POINT('',(11.100000572502,5.20000000000001,19.05));
#10952=CARTESIAN_POINT('',(11.100000572502,3.49999999999999,19.05));
#10953=VECTOR('',#13254,1.0);
#10954=CARTESIAN_POINT('',(15.008728104966,5.20000000000001,19.05));
#10955=CARTESIAN_POINT('',(-2.96918642749802,5.20000000000001,19.05));
#10956=VECTOR('',#13255,1.0);
#10957=CARTESIAN_POINT('',(15.038679495247,6.91591399999999,19.05));
#10958=VECTOR('',#13256,1.0);
#10959=COLOUR_RGB('',0.450980424880981,0.521568655967712,0.5686274766922);
#10960=AXIS2_PLACEMENT_3D('',#13257,#13258,#13259);
#10961=AXIS2_PLACEMENT_3D('',#13260,#13261,#13262);
#10962=COLOUR_RGB('',0.450980424880981,0.521568655967712,0.5686274766922);
#10963=AXIS2_PLACEMENT_3D('',#13263,#13264,#13265);
#10964=AXIS2_PLACEMENT_3D('',#13266,#13267,#13268);
#10965=COLOUR_RGB('',0.450980424880981,0.521568655967712,0.5686274766922);
#10966=CARTESIAN_POINT('',(51.502385572502,0.699999999999996,4.95000000000002));
#10967=CARTESIAN_POINT('',(51.502385572502,0.499999999999995,4.95000000000002));
#10968=CARTESIAN_POINT('',(51.502385572502,6.91591399999999,4.95000000000002));
#10969=VECTOR('',#13269,1.0);
#10970=CARTESIAN_POINT('',(58.700000572502,0.499999999999995,4.95000000000002));
#10971=CARTESIAN_POINT('',(19.030813572502,0.499999999999995,4.95000000000002));
#10972=VECTOR('',#13270,1.0);
#10973=CARTESIAN_POINT('',(58.700000572502,0.699999999999996,4.95000000000002));
#10974=CARTESIAN_POINT('',(58.700000572502,6.91591399999999,4.95000000000002));
#10975=VECTOR('',#13271,1.0);
#10976=CARTESIAN_POINT('',(19.030813572502,0.699999999999996,4.95000000000002));
#10977=VECTOR('',#13272,1.0);
#10978=COLOUR_RGB('',0.011764707043767,0.0196078438311815,0.0392156876623631);
#10979=CARTESIAN_POINT('',(65.800000572502,11.560577,22.799999798505));
#10980=CARTESIAN_POINT('',(65.800000572502,11.5764203154439,22.799999798505));
#10981=VECTOR('',#13273,1.0);
#10982=AXIS2_PLACEMENT_3D('',#13274,#13275,#13276);
#10983=COLOUR_RGB('',0.450980424880981,0.521568655967712,0.5686274766922);
#10984=CARTESIAN_POINT('',(64.400000572502,6.29999999999999,21.9));
#10985=CARTESIAN_POINT('',(64.400000572502,11.560577,21.9));
#10986=CARTESIAN_POINT('',(64.400000572502,6.915914,21.9));
#10987=VECTOR('',#13277,1.0);
#10988=CARTESIAN_POINT('',(68.900000572502,6.29999999999999,17.4));
#10989=AXIS2_PLACEMENT_3D('',#13278,#13279,#13280);
#10990=CARTESIAN_POINT('',(68.900000572502,11.560577,17.4));
#10991=CARTESIAN_POINT('',(68.900000572502,6.915914,17.4));
#10992=VECTOR('',#13281,1.0);
#10993=AXIS2_PLACEMENT_3D('',#13282,#13283,#13284);
#10994=COLOUR_RGB('',0.450980424880981,0.521568655967712,0.5686274766922);
#10995=CARTESIAN_POINT('',(9.00000057250199,0.999999999999998,19.2));
#10996=CARTESIAN_POINT('',(9.00000057250199,0.999999999999998,11.5));
#10997=VECTOR('',#13285,1.0);
#10998=CARTESIAN_POINT('',(9.00000057250199,0.499999999999995,19.2));
#10999=CARTESIAN_POINT('',(9.00000057250199,0.499999999999995,11.5));
#11000=VECTOR('',#13286,1.0);
#11001=CARTESIAN_POINT('',(9.00000057250199,6.91591399999999,19.2));
#11002=VECTOR('',#13287,1.0);
#11003=COLOUR_RGB('',0.450980424880981,0.521568655967712,0.5686274766922);
#11004=CARTESIAN_POINT('',(71.300000572502,0.999999999999997,19.199999597011));
#11005=CARTESIAN_POINT('',(71.300000572502,0.999999999999997,22.399999597011));
#11006=AXIS2_PLACEMENT_3D('',#13288,#13289,#13290);
#11007=AXIS2_PLACEMENT_3D('',#13291,#13292,#13293);
#11008=CARTESIAN_POINT('',(70.050000572502,0.999999999999999,20.799999395516));
#11009=CARTESIAN_POINT('',(72.550000572502,0.999999999999999,20.799999395516));
#11010=AXIS2_PLACEMENT_3D('',#13294,#13295,#13296);
#11011=AXIS2_PLACEMENT_3D('',#13297,#13298,#13299);
#11012=COLOUR_RGB('',0.011764707043767,0.0196078438311815,0.0392156876623631);
#11013=AXIS2_PLACEMENT_3D('',#13300,#13301,#13302);
#11014=COLOUR_RGB('',0.011764707043767,0.0196078438311815,0.0392156876623631);
#11015=CARTESIAN_POINT('',(69.941421928739,11.8165276995998,35.199999798506));
#11016=VECTOR('',#13303,1.0);
#11017=COLOUR_RGB('',0.450980424880981,0.521568655967712,0.5686274766922);
#11018=CARTESIAN_POINT('',(65.900000572502,7.415914,18.05));
#11019=VECTOR('',#13304,1.0);
#11020=COLOUR_RGB('',0.450980424880981,0.521568655967712,0.5686274766922);
#11021=CARTESIAN_POINT('',(70.730813572502,5.3,17.7));
#11022=VECTOR('',#13305,1.0);
#11023=CARTESIAN_POINT('',(71.300000572502,6.29999999999999,17.7));
#11024=CARTESIAN_POINT('',(19.030813572502,6.29999999999999,17.7));
#11025=VECTOR('',#13306,1.0);
#11026=CARTESIAN_POINT('',(71.300000572502,3.8,17.7));
#11027=VECTOR('',#13307,1.0);
#11028=COLOUR_RGB('',0.011764707043767,0.0196078438311815,0.0392156876623631);
#11029=CARTESIAN_POINT('',(70.050000572502,-4.9960036108132E-16,3.19999939551701));
#11030=CARTESIAN_POINT('',(72.550000572502,-4.9960036108132E-16,3.19999939551701));
#11031=AXIS2_PLACEMENT_3D('',#13308,#13309,#13310);
#11032=CARTESIAN_POINT('',(72.550000572502,0.999999999999999,3.19999939551701));
#11033=CARTESIAN_POINT('',(72.550000572502,0.999999999999999,3.19999939551701));
#11034=VECTOR('',#13311,1.0);
#11035=CARTESIAN_POINT('',(70.050000572502,0.999999999999999,3.19999939551701));
#11036=AXIS2_PLACEMENT_3D('',#13312,#13313,#13314);
#11037=CARTESIAN_POINT('',(70.050000572502,0.999999999999999,3.19999939551701));
#11038=VECTOR('',#13315,1.0);
#11039=COLOUR_RGB('',0.450980424880981,0.521568655967712,0.5686274766922);
#11040=CARTESIAN_POINT('',(10.000000572502,0.499999999999995,20.2));
#11041=CARTESIAN_POINT('',(-16.669186427498,0.499999999999995,20.2));
#11042=VECTOR('',#13316,1.0);
#11043=CARTESIAN_POINT('',(10.000000572502,0.999999999999998,20.2));
#11044=CARTESIAN_POINT('',(19.030813572502,0.999999999999998,20.2));
#11045=VECTOR('',#13317,1.0);
#11046=CARTESIAN_POINT('',(10.000000572502,7.41591399999999,20.2));
#11047=VECTOR('',#13318,1.0);
#11048=COLOUR_RGB('',0.450980424880981,0.521568655967712,0.5686274766922);
#11049=CARTESIAN_POINT('',(67.000000572502,16.7,17.0));
#11050=CARTESIAN_POINT('',(67.000000572502,6.91591399999999,17.0));
#11051=VECTOR('',#13319,1.0);
#11052=CARTESIAN_POINT('',(19.030813572502,16.7,17.0));
#11053=VECTOR('',#13320,1.0);
#11054=CARTESIAN_POINT('',(65.900000572502,6.91591399999999,17.0));
#11055=VECTOR('',#13321,1.0);
#11056=COLOUR_RGB('',0.450980424880981,0.521568655967712,0.5686274766922);
#11057=CARTESIAN_POINT('',(66.081630364439,16.7,7.69568362357901));
#11058=AXIS2_PLACEMENT_3D('',#13322,#13323,#13324);
#11059=CARTESIAN_POINT('',(66.081630364439,8.20000000000002,7.69568362357901));
#11060=CARTESIAN_POINT('',(66.081630364439,4.70000000000002,7.69568362357901));
#11061=VECTOR('',#13325,1.0);
#11062=AXIS2_PLACEMENT_3D('',#13326,#13327,#13328);
#11063=COLOUR_RGB('',0.011764707043767,0.0196078438311815,0.0392156876623631);
#11064=CARTESIAN_POINT('',(6.300000572502,11.560577,18.799999798505));
#11065=CARTESIAN_POINT('',(6.300000572502,11.5922636308879,18.799999798505));
#11066=CARTESIAN_POINT('',(6.300000572502,11.9514461372028,18.799999798505));
#11067=VECTOR('',#13329,1.0);
#11068=CARTESIAN_POINT('',(10.300000572502,11.560577,22.799999798505));
#11069=AXIS2_PLACEMENT_3D('',#13330,#13331,#13332);
#11070=CARTESIAN_POINT('',(10.300000572502,11.5922636308879,22.799999798505));
#11071=CARTESIAN_POINT('',(10.300000572502,11.5764203154439,22.799999798505));
#11072=VECTOR('',#13333,1.0);
#11073=AXIS2_PLACEMENT_3D('',#13334,#13335,#13336);
#11074=COLOUR_RGB('',0.450980424880981,0.521568655967712,0.5686274766922);
#11075=CARTESIAN_POINT('',(66.240000572502,0.999999999999998,3.69999939551602));
#11076=CARTESIAN_POINT('',(67.240000572502,0.999999999999998,4.69999939551602));
#11077=AXIS2_PLACEMENT_3D('',#13337,#13338,#13339);
#11078=CARTESIAN_POINT('',(66.240000572502,-4.9960036108132E-16,3.69999939551602));
#11079=CARTESIAN_POINT('',(66.240000572502,0.999999999999999,3.69999939551602));
#11080=VECTOR('',#13340,1.0);
#11081=CARTESIAN_POINT('',(67.240000572502,-5.55111512312578E-16,4.69999939551602));
#11082=AXIS2_PLACEMENT_3D('',#13341,#13342,#13343);
#11083=CARTESIAN_POINT('',(67.240000572502,0.999999999999999,4.69999939551602));
#11084=VECTOR('',#13344,1.0);
#11085=COLOUR_RGB('',0.450980424880981,0.521568655967712,0.5686274766922);
#11086=CARTESIAN_POINT('',(71.300000572502,18.8633677,19.199999597011));
#11087=VECTOR('',#13345,1.0);
#11088=CARTESIAN_POINT('',(71.300000572502,18.8633677,22.399999597011));
#11089=VECTOR('',#13346,1.0);
#11090=COLOUR_RGB('',0.450980424880981,0.521568655967712,0.5686274766922);
#11091=CARTESIAN_POINT('',(66.000000572502,0.999999999999998,3.80000000000001));
#11092=CARTESIAN_POINT('',(67.000000572502,0.999999999999998,4.80000000000001));
#11093=AXIS2_PLACEMENT_3D('',#13347,#13348,#13349);
#11094=CARTESIAN_POINT('',(67.000000572502,0.499999999999995,4.80000000000001));
#11095=CARTESIAN_POINT('',(67.000000572502,6.915914,4.80000000000001));
#11096=VECTOR('',#13350,1.0);
#11097=CARTESIAN_POINT('',(66.000000572502,0.499999999999995,3.80000000000001));
#11098=AXIS2_PLACEMENT_3D('',#13351,#13352,#13353);
#11099=CARTESIAN_POINT('',(66.000000572502,6.915914,3.80000000000001));
#11100=VECTOR('',#13354,1.0);
#11101=COLOUR_RGB('',0.011764707043767,0.0196078438311815,0.0392156876623631);
#11102=AXIS2_PLACEMENT_3D('',#13355,#13356,#13357);
#11103=AXIS2_PLACEMENT_3D('',#13358,#13359,#13360);
#11104=COLOUR_RGB('',0.450980424880981,0.521568655967712,0.5686274766922);
#11105=CARTESIAN_POINT('',(27.340882572502,0.699999999999996,4.95000000000002));
#11106=CARTESIAN_POINT('',(27.340882572502,0.499999999999995,4.95000000000002));
#11107=CARTESIAN_POINT('',(27.340882572502,6.91591399999999,4.95000000000002));
#11108=VECTOR('',#13361,1.0);
#11109=CARTESIAN_POINT('',(42.503481264901,0.499999999999995,4.95000000000002));
#11110=CARTESIAN_POINT('',(12.180813572502,0.499999999999995,4.95000000000002));
#11111=VECTOR('',#13362,1.0);
#11112=CARTESIAN_POINT('',(42.503481264901,0.699999999999996,4.95000000000002));
#11113=CARTESIAN_POINT('',(42.503481264901,6.91591399999999,4.95000000000002));
#11114=VECTOR('',#13363,1.0);
#11115=CARTESIAN_POINT('',(1.18081357250199,0.699999999999996,4.95000000000002));
#11116=VECTOR('',#13364,1.0);
#11117=COLOUR_RGB('',0.450980424880981,0.521568655967712,0.5686274766922);
#11118=CARTESIAN_POINT('',(67.240000572502,0.999999999999998,11.5));
#11119=VECTOR('',#13365,1.0);
#11120=CARTESIAN_POINT('',(67.240000572502,-7.21644966006352E-16,11.5));
#11121=VECTOR('',#13366,1.0);
#11122=COLOUR_RGB('',0.450980424880981,0.521568655967712,0.5686274766922);
#11123=CARTESIAN_POINT('',(60.961321649757,6.91591399999999,19.35));
#11124=VECTOR('',#13367,1.0);
#11125=CARTESIAN_POINT('',(60.790539793364,16.7,19.7));
#11126=CARTESIAN_POINT('',(60.961321649757,6.91591399999999,14.051155314125));
#11127=VECTOR('',#13368,1.0);
#11128=CARTESIAN_POINT('',(60.790539793364,16.7,20.000000201494));
#11129=CARTESIAN_POINT('',(60.790539793364,16.7,11.5));
#11130=VECTOR('',#13369,1.0);
#11131=CARTESIAN_POINT('',(60.961321649757,6.91591399999999,20.000000201494));
#11132=VECTOR('',#13370,1.0);
#11133=COLOUR_RGB('',0.011764707043767,0.0196078438311815,0.0392156876623631);
#11134=AXIS2_PLACEMENT_3D('',#13371,#13372,#13373);
#11135=COLOUR_RGB('',0.450980424880981,0.521568655967712,0.5686274766922);
#11136=CARTESIAN_POINT('',(19.030813572502,0.999999999999998,2.0));
#11137=VECTOR('',#13374,1.0);
#11138=COLOUR_RGB('',0.450980424880981,0.521568655967712,0.5686274766922);
#11139=CARTESIAN_POINT('',(65.900000572502,14.7,11.5));
#11140=VECTOR('',#13375,1.0);
#11141=CARTESIAN_POINT('',(65.000000572502,14.7,3.999999798506));
#11142=AXIS2_PLACEMENT_3D('',#13376,#13377,#13378);
#11143=CARTESIAN_POINT('',(60.82544992322,14.7,3.999999798506));
#11144=CARTESIAN_POINT('',(19.030813572502,14.7,3.999999798506));
#11145=VECTOR('',#13379,1.0);
#11146=CARTESIAN_POINT('',(60.82544992322,14.7,11.5));
#11147=VECTOR('',#13380,1.0);
#11148=COLOUR_RGB('',0.450980424880981,0.521568655967712,0.5686274766922);
#11149=CARTESIAN_POINT('',(14.500000572502,1.99999999999999,10.449999798505));
#11150=CARTESIAN_POINT('',(14.500000572502,1.99999999999999,13.549999798506));
#11151=AXIS2_PLACEMENT_3D('',#13381,#13382,#13383);
#11152=CARTESIAN_POINT('',(14.500000572502,0.499999999999994,13.549999798506));
#11153=CARTESIAN_POINT('',(14.500000572502,15.6500024,13.549999798506));
#11154=VECTOR('',#13384,1.0);
#11155=CARTESIAN_POINT('',(14.500000572502,0.499999999999994,10.449999798505));
#11156=AXIS2_PLACEMENT_3D('',#13385,#13386,#13387);
#11157=CARTESIAN_POINT('',(14.500000572502,15.6500024,10.449999798505));
#11158=VECTOR('',#13388,1.0);
#11159=COLOUR_RGB('',0.450980424880981,0.521568655967712,0.5686274766922);
#11160=CARTESIAN_POINT('',(65.900000572502,14.739423,18.35));
#11161=VECTOR('',#13389,1.0);
#11162=CARTESIAN_POINT('',(64.900000572502,14.7,19.35));
#11163=VECTOR('',#13390,1.0);
#11164=COLOUR_RGB('',0.450980424880981,0.521568655967712,0.5686274766922);
#11165=AXIS2_PLACEMENT_3D('',#13391,#13392,#13393);
#11166=CARTESIAN_POINT('',(19.030813572502,0.999999999999998,22.0));
#11167=VECTOR('',#13394,1.0);
#11168=COLOUR_RGB('',0.450980424880981,0.521568655967712,0.5686274766922);
#11169=AXIS2_PLACEMENT_3D('',#13395,#13396,#13397);
#11170=AXIS2_PLACEMENT_3D('',#13398,#13399,#13400);
#11171=COLOUR_RGB('',0.450980424880981,0.521568655967712,0.5686274766922);
#11172=CARTESIAN_POINT('',(73.300000572502,3.19999999999999,2.0));
#11173=CARTESIAN_POINT('',(73.300000572502,3.19999999999999,7.0));
#11174=CARTESIAN_POINT('',(73.300000572502,3.19999999999999,11.5));
#11175=VECTOR('',#13401,1.0);
#11176=CARTESIAN_POINT('',(74.266244551169,3.55168404727384,2.0));
#11177=CARTESIAN_POINT('',(19.030813572502,-16.5523687058264,2.0));
#11178=VECTOR('',#13402,1.0);
#11179=CARTESIAN_POINT('',(74.266244551169,3.55168404727384,22.0));
#11180=CARTESIAN_POINT('',(74.266244551169,3.55168404727384,11.5));
#11181=VECTOR('',#13403,1.0);
#11182=CARTESIAN_POINT('',(73.300000572502,3.19999999999999,22.0));
#11183=CARTESIAN_POINT('',(19.030813572502,-16.5523687058264,22.0));
#11184=VECTOR('',#13404,1.0);
#11185=CARTESIAN_POINT('',(73.300000572502,3.19999999999999,17.0));
#11186=CARTESIAN_POINT('',(73.300000572502,3.19999999999999,11.5));
#11187=VECTOR('',#13405,1.0);
#11188=CARTESIAN_POINT('',(74.000000572502,3.45477916398633,17.0));
#11189=CARTESIAN_POINT('',(19.030813572502,-16.5523687058264,17.0));
#11190=VECTOR('',#13406,1.0);
#11191=CARTESIAN_POINT('',(74.000000572502,3.45477916398633,7.0));
#11192=CARTESIAN_POINT('',(74.000000572502,3.45477916398633,11.5));
#11193=VECTOR('',#13407,1.0);
#11194=CARTESIAN_POINT('',(19.030813572502,-16.5523687058264,7.0));
#11195=VECTOR('',#13408,1.0);
#11196=COLOUR_RGB('',0.011764707043767,0.0196078438311815,0.0392156876623631);
#11197=CARTESIAN_POINT('',(69.250000572502,13.560577,5.19999979850499));
#11198=AXIS2_PLACEMENT_3D('',#13409,#13410,#13411);
#11199=CARTESIAN_POINT('',(65.800000572502,13.560577,1.749999798506));
#11200=AXIS2_PLACEMENT_3D('',#13412,#13413,#13414);
#11201=AXIS2_PLACEMENT_3D('',#13415,#13416,#13417);
#11202=COLOUR_RGB('',0.450980424880981,0.521568655967712,0.5686274766922);
#11203=CARTESIAN_POINT('',(68.900000572502,11.560577,11.5));
#11204=VECTOR('',#13418,1.0);
#11205=CARTESIAN_POINT('',(68.900000572502,6.29999999999999,11.5));
#11206=VECTOR('',#13419,1.0);
#11207=COLOUR_RGB('',0.450980424880981,0.521568655967712,0.5686274766922);
#11208=CARTESIAN_POINT('',(19.030813572502,0.999999999999998,3.80000000000001));
#11209=VECTOR('',#13420,1.0);
#11210=CARTESIAN_POINT('',(19.030813572502,0.499999999999995,3.80000000000001));
#11211=VECTOR('',#13421,1.0);
#11212=COLOUR_RGB('',0.450980424880981,0.521568655967712,0.5686274766922);
#11213=CARTESIAN_POINT('',(67.000000572502,16.7,18.000000201494));
#11214=CARTESIAN_POINT('',(67.000000572502,6.915914,18.000000201494));
#11215=VECTOR('',#13422,1.0);
#11216=CARTESIAN_POINT('',(67.000000572502,16.7,11.5));
#11217=VECTOR('',#13423,1.0);
#11218=COLOUR_RGB('',0.450980424880981,0.521568655967712,0.5686274766922);
#11219=CARTESIAN_POINT('',(65.000000572502,16.7,20.000000201494));
#11220=CARTESIAN_POINT('',(65.000000572502,6.915914,20.000000201494));
#11221=VECTOR('',#13424,1.0);
#11222=CARTESIAN_POINT('',(19.030813572502,16.7,20.000000201494));
#11223=VECTOR('',#13425,1.0);
#11224=COLOUR_RGB('',0.011764707043767,0.0196078438311815,0.0392156876623631);
#11225=CARTESIAN_POINT('',(69.250000572502,13.560577,35.199999798506));
#11226=VECTOR('',#13426,1.0);
#11227=CARTESIAN_POINT('',(69.250000572502,13.4445515962156,-11.200000201495));
#11228=VECTOR('',#13427,1.0);
#11229=CARTESIAN_POINT('',(69.250000572502,11.9514461372028,5.19999979850601));
#11230=VECTOR('',#13428,1.0);
#11231=COLOUR_RGB('',0.450980424880981,0.521568655967712,0.5686274766922);
#11232=CARTESIAN_POINT('',(58.700000572502,0.499999999999995,19.05));
#11233=CARTESIAN_POINT('',(58.700000572502,6.91591399999999,19.05));
#11234=VECTOR('',#13429,1.0);
#11235=CARTESIAN_POINT('',(58.700000572502,0.699999999999995,11.5));
#11236=VECTOR('',#13430,1.0);
#11237=CARTESIAN_POINT('',(58.700000572502,0.499999999999995,11.5));
#11238=VECTOR('',#13431,1.0);
#11239=COLOUR_RGB('',0.450980424880981,0.521568655967712,0.5686274766922);
#11240=CARTESIAN_POINT('',(17.300000572502,1.99999999999999,4.95000000000002));
#11241=CARTESIAN_POINT('',(17.300000572502,1.99999999999999,11.5));
#11242=VECTOR('',#13432,1.0);
#11243=CARTESIAN_POINT('',(17.300000572502,0.699999999999996,4.95000000000002));
#11244=CARTESIAN_POINT('',(17.300000572502,0.699999999999995,11.5));
#11245=VECTOR('',#13433,1.0);
#11246=CARTESIAN_POINT('',(17.300000572502,6.91591399999999,4.95000000000002));
#11247=VECTOR('',#13434,1.0);
#11248=COLOUR_RGB('',0.450980424880981,0.521568655967712,0.5686274766922);
#11249=COLOUR_RGB('',0.011764707043767,0.0196078438311815,0.0392156876623631);
#11250=CARTESIAN_POINT('',(65.800000572502,13.5025642981078,1.749999798505));
#11251=VECTOR('',#13435,1.0);
#11252=COLOUR_RGB('',0.450980424880981,0.521568655967712,0.5686274766922);
#11253=CARTESIAN_POINT('',(73.300000572502,-7.21644966006352E-16,11.5));
#11254=VECTOR('',#13436,1.0);
#11255=CARTESIAN_POINT('',(73.300000572502,1.0,2.0));
#11256=CARTESIAN_POINT('',(73.300000572502,0.999999999999999,11.5));
#11257=VECTOR('',#13437,1.0);
#11258=CARTESIAN_POINT('',(73.300000572502,6.91591399999999,2.0));
#11259=VECTOR('',#13438,1.0);
#11260=CARTESIAN_POINT('',(73.300000572502,0.0999999999999984,7.0));
#11261=CARTESIAN_POINT('',(73.300000572502,6.91591399999999,7.0));
#11262=VECTOR('',#13439,1.0);
#11263=CARTESIAN_POINT('',(73.300000572502,0.0999999999999981,17.0));
#11264=CARTESIAN_POINT('',(73.300000572502,0.0999999999999983,11.5));
#11265=VECTOR('',#13440,1.0);
#11266=CARTESIAN_POINT('',(73.300000572502,6.91591399999999,17.0));
#11267=VECTOR('',#13441,1.0);
#11268=CARTESIAN_POINT('',(73.300000572502,6.91591399999999,22.0));
#11269=VECTOR('',#13442,1.0);
#11270=COLOUR_RGB('',0.450980424880981,0.521568655967712,0.5686274766922);
#11271=CARTESIAN_POINT('',(19.030813572502,8.38415808287588,22.0));
#11272=VECTOR('',#13443,1.0);
#11273=CARTESIAN_POINT('',(19.030813572502,8.38415808287588,2.0));
#11274=VECTOR('',#13444,1.0);
#11275=COLOUR_RGB('',0.450980424880981,0.521568655967712,0.5686274766922);
#11276=CARTESIAN_POINT('',(74.000000572502,0.0999999999999984,7.0));
#11277=CARTESIAN_POINT('',(73.300000572502,0.0999999999999984,7.0));
#11278=VECTOR('',#13445,1.0);
#11279=CARTESIAN_POINT('',(74.000000572502,0.0999999999999981,17.0));
#11280=CARTESIAN_POINT('',(74.000000572502,0.0999999999999984,7.0));
#11281=VECTOR('',#13446,1.0);
#11282=CARTESIAN_POINT('',(74.000000572502,0.0999999999999981,17.0));
#11283=VECTOR('',#13447,1.0);
#11284=COLOUR_RGB('',0.011764707043767,0.0196078438311815,0.0392156876623631);
#11285=COLOUR_RGB('',0.450980424880981,0.521568655967712,0.5686274766922);
#11286=CARTESIAN_POINT('',(58.700000572502,6.91591399999999,4.95000000000002));
#11287=VECTOR('',#13448,1.0);
#11288=COLOUR_RGB('',0.450980424880981,0.521568655967712,0.5686274766922);
#11289=CARTESIAN_POINT('',(74.031697499912,6.91591399999999,22.750221779146));
#11290=VECTOR('',#13449,1.0);
#11291=COLOUR_RGB('',0.450980424880981,0.521568655967712,0.5686274766922);
#11292=CARTESIAN_POINT('',(19.030813572502,8.20000000000003,47.44260088052));
#11293=VECTOR('',#13450,1.0);
#11294=CARTESIAN_POINT('',(19.030813572502,16.7,47.44260088052));
#11295=VECTOR('',#13451,1.0);
#11296=COLOUR_RGB('',0.450980424880981,0.521568655967712,0.5686274766922);
#11297=CARTESIAN_POINT('',(74.000000572502,0.999999999999998,7.0));
#11298=VECTOR('',#13452,1.0);
#11299=CARTESIAN_POINT('',(74.000000572502,0.999999999999998,17.0));
#11300=VECTOR('',#13453,1.0);
#11301=COLOUR_RGB('',0.450980424880981,0.521568655967712,0.5686274766922);
#11302=COLOUR_RGB('',0.011764707043767,0.0196078438311815,0.0392156876623631);
#11303=AXIS2_PLACEMENT_3D('',#13454,#13455,#13456);
#11304=COLOUR_RGB('',0.450980424880981,0.521568655967712,0.5686274766922);
#11305=AXIS2_PLACEMENT_3D('',#13457,#13458,#13459);
#11306=AXIS2_PLACEMENT_3D('',#13460,#13461,#13462);
#11307=COLOUR_RGB('',0.450980424880981,0.521568655967712,0.5686274766922);
#11308=CARTESIAN_POINT('',(68.200000572502,6.29999999999999,20.799999597011));
#11309=CARTESIAN_POINT('',(68.200000572502,6.29999999999999,11.5));
#11310=VECTOR('',#13463,1.0);
#11311=CARTESIAN_POINT('',(68.200000572502,3.8,20.799999597011));
#11312=VECTOR('',#13464,1.0);
#11313=COLOUR_RGB('',0.450980424880981,0.521568655967712,0.5686274766922);
#11314=CARTESIAN_POINT('',(11.600000572502,16.7,2.09999999999999));
#11315=CARTESIAN_POINT('',(19.030813572502,16.7,2.09999999999999));
#11316=VECTOR('',#13465,1.0);
#11317=CARTESIAN_POINT('',(11.600000572352,14.0375466640755,2.09999999999999));
#11318=CARTESIAN_POINT('',(-0.699999427498,14.0375466640755,2.09999999999999));
#11319=VECTOR('',#13466,1.0);
#11320=CARTESIAN_POINT('',(11.600000572502,6.91591399999999,2.09999999999999));
#11321=VECTOR('',#13467,1.0);
#11322=COLOUR_RGB('',0.450980424880981,0.521568655967712,0.5686274766922);
#11323=CARTESIAN_POINT('',(74.383282325724,1.0,2.0));
#11324=CARTESIAN_POINT('',(19.030813572502,1.0,2.0));
#11325=VECTOR('',#13468,1.0);
#11326=CARTESIAN_POINT('',(74.500000572502,1.0,2.79999939551601));
#11327=CARTESIAN_POINT('',(74.500000572502,1.0,2.79999939551601));
#11328=VECTOR('',#13469,1.0);
#11329=AXIS2_PLACEMENT_3D('',#13470,#13471,#13472);
#11330=COLOUR_RGB('',0.450980424880981,0.521568655967712,0.5686274766922);
#11331=COLOUR_RGB('',0.011764707043767,0.0196078438311815,0.0392156876623631);
#11332=CARTESIAN_POINT('',(74.500000572502,-4.9960036108132E-16,2.79999939551601));
#11333=CARTESIAN_POINT('',(74.500000572503,-7.21644966006352E-16,11.5));
#11334=VECTOR('',#13473,1.0);
#11335=CARTESIAN_POINT('',(74.500000572502,1.0,2.79999939551601));
#11336=VECTOR('',#13474,1.0);
#11337=COLOUR_RGB('',0.450980424880981,0.521568655967712,0.5686274766922);
#11338=CARTESIAN_POINT('',(9.00000057250199,14.7,18.000000201494));
#11339=CARTESIAN_POINT('',(11.000000572502,14.7,20.000000201494));
#11340=AXIS2_PLACEMENT_3D('',#13475,#13476,#13477);
#11341=CARTESIAN_POINT('',(9.00000057250199,16.7,18.000000201494));
#11342=CARTESIAN_POINT('',(9.00000057250199,6.87649100000001,18.000000201494));
#11343=VECTOR('',#13478,1.0);
#11344=CARTESIAN_POINT('',(11.000000572502,16.7,20.000000201494));
#11345=AXIS2_PLACEMENT_3D('',#13479,#13480,#13481);
#11346=CARTESIAN_POINT('',(11.000000572502,6.91591399999999,20.000000201494));
#11347=VECTOR('',#13482,1.0);
#11348=COLOUR_RGB('',0.450980424880981,0.521568655967712,0.5686274766922);
#11349=CARTESIAN_POINT('',(67.000000572502,0.999999999999998,11.5));
#11350=VECTOR('',#13483,1.0);
#11351=CARTESIAN_POINT('',(67.000000572502,0.499999999999995,11.5));
#11352=VECTOR('',#13484,1.0);
#11353=COLOUR_RGB('',0.450980424880981,0.521568655967712,0.5686274766922);
#11354=CARTESIAN_POINT('',(12.180813572502,0.499999999999995,19.05));
#11355=VECTOR('',#13485,1.0);
#11356=COLOUR_RGB('',0.011764707043767,0.0196078438311815,0.0392156876623631);
#11357=CARTESIAN_POINT('',(10.300000572502,13.560577,22.249999798505));
#11358=CARTESIAN_POINT('',(-33.699999427498,13.560577,22.249999798505));
#11359=VECTOR('',#13486,1.0);
#11360=CARTESIAN_POINT('',(10.300000572502,13.5025642981078,22.249999798505));
#11361=VECTOR('',#13487,1.0);
#11362=CARTESIAN_POINT('',(101.500000572502,13.4445515962156,22.249999798505));
#11363=VECTOR('',#13488,1.0);
#11364=COLOUR_RGB('',0.450980424880981,0.521568655967712,0.5686274766922);
#11365=CARTESIAN_POINT('',(66.081630364439,8.20000000000002,11.304316376411));
#11366=CARTESIAN_POINT('',(66.081630364439,16.7,11.304316376411));
#11367=CARTESIAN_POINT('',(66.081630364439,4.70000000000002,11.304316376411));
#11368=VECTOR('',#13489,1.0);
#11369=CARTESIAN_POINT('',(19.030813572502,8.20000000000002,-28.442600880533));
#11370=VECTOR('',#13490,1.0);
#11371=CARTESIAN_POINT('',(19.030813572502,16.7,-28.442600880533));
#11372=VECTOR('',#13491,1.0);
#11373=COLOUR_RGB('',0.450980424880981,0.521568655967712,0.5686274766922);
#11374=AXIS2_PLACEMENT_3D('',#13492,#13493,#13494);
#11375=COLOUR_RGB('',0.450980424880981,0.521568655967712,0.5686274766922);
#11376=COLOUR_RGB('',0.011764707043767,0.0196078438311815,0.0392156876623631);
#11377=CARTESIAN_POINT('',(-25.399999427498,11.5922636308879,22.799999798505));
#11378=VECTOR('',#13495,1.0);
#11379=CARTESIAN_POINT('',(10.300000572502,11.7336849871252,22.858578442268));
#11380=CARTESIAN_POINT('',(57.500000572502,11.7336849871252,22.858578442268));
#11381=VECTOR('',#13496,1.0);
#11382=AXIS2_PLACEMENT_3D('',#13497,#13498,#13499);
#11383=COLOUR_RGB('',0.450980424880981,0.521568655967712,0.5686274766922);
#11384=AXIS2_PLACEMENT_3D('',#13500,#13501,#13502);
#11385=AXIS2_PLACEMENT_3D('',#13503,#13504,#13505);
#11386=COLOUR_RGB('',0.450980424880981,0.521568655967712,0.5686274766922);
#11387=CARTESIAN_POINT('',(71.300000572502,3.8,4.80000040298901));
#11388=CARTESIAN_POINT('',(71.300000572502,3.8,1.600000402989));
#11389=AXIS2_PLACEMENT_3D('',#13506,#13507,#13508);
#11390=CARTESIAN_POINT('',(71.300000572502,1.0,1.600000402989));
#11391=CARTESIAN_POINT('',(71.300000572502,18.8633677,1.600000402989));
#11392=VECTOR('',#13509,1.0);
#11393=CARTESIAN_POINT('',(71.300000572502,1.0,4.80000040298901));
#11394=AXIS2_PLACEMENT_3D('',#13510,#13511,#13512);
#11395=CARTESIAN_POINT('',(71.300000572502,18.8633677,4.80000040298901));
#11396=VECTOR('',#13513,1.0);
#11397=COLOUR_RGB('',0.450980424880981,0.521568655967712,0.5686274766922);
#11398=CARTESIAN_POINT('',(19.030813572502,3.8,0.0));
#11399=VECTOR('',#13514,1.0);
#11400=AXIS2_PLACEMENT_3D('',#13515,#13516,#13517);
#11401=COLOUR_RGB('',0.011764707043767,0.0196078438311815,0.0392156876623631);
#11402=CARTESIAN_POINT('',(70.050000572502,-9.99200722162641E-16,20.799999395516));
#11403=CARTESIAN_POINT('',(72.550000572502,-9.99200722162641E-16,20.799999395516));
#11404=AXIS2_PLACEMENT_3D('',#13518,#13519,#13520);
#11405=CARTESIAN_POINT('',(72.550000572502,0.999999999999999,20.799999395516));
#11406=VECTOR('',#13521,1.0);
#11407=CARTESIAN_POINT('',(70.050000572502,0.999999999999999,20.799999395516));
#11408=VECTOR('',#13522,1.0);
#11409=COLOUR_RGB('',0.450980424880981,0.521568655967712,0.5686274766922);
#11410=CARTESIAN_POINT('',(10.100000572502,5.20000000000001,5.95000000000002));
#11411=CARTESIAN_POINT('',(11.100000572502,5.20000000000001,4.95000000000002));
#11412=AXIS2_PLACEMENT_3D('',#13523,#13524,#13525);
#11413=CARTESIAN_POINT('',(15.008728104966,5.20000000000001,4.95000000000002));
#11414=CARTESIAN_POINT('',(-2.96918642749802,5.20000000000001,4.95000000000002));
#11415=VECTOR('',#13526,1.0);
#11416=CARTESIAN_POINT('',(15.008728104966,5.20000000000001,4.65000000000001));
#11417=CARTESIAN_POINT('',(15.008728104966,5.20000000000001,11.5));
#11418=VECTOR('',#13527,1.0);
#11419=CARTESIAN_POINT('',(-2.96918642749802,5.20000000000001,4.65000000000001));
#11420=VECTOR('',#13528,1.0);
#11421=CARTESIAN_POINT('',(10.100000572502,5.20000000000001,11.5));
#11422=VECTOR('',#13529,1.0);
#11423=COLOUR_RGB('',0.450980424880981,0.521568655967712,0.5686274766922);
#11424=CARTESIAN_POINT('',(66.400000572508,16.7,11.5));
#11425=VECTOR('',#13530,1.0);
#11426=CARTESIAN_POINT('',(66.400000572508,8.20000000000002,11.5));
#11427=VECTOR('',#13531,1.0);
#11428=COLOUR_RGB('',0.450980424880981,0.521568655967712,0.5686274766922);
#11429=CARTESIAN_POINT('',(38.669389514628,3.29060899999998,0.0999999999999943));
#11430=CARTESIAN_POINT('',(38.03015042983,6.91591399999999,0.0999999999999943));
#11431=VECTOR('',#13532,1.0);
#11432=CARTESIAN_POINT('',(38.669389514628,3.29060899999998,0.0999999999999943));
#11433=VECTOR('',#13533,1.0);
#11434=COLOUR_RGB('',0.450980424880981,0.521568655967712,0.5686274766922);
#11435=CARTESIAN_POINT('',(10.100000572502,5.20000000000001,18.05));
#11436=CARTESIAN_POINT('',(10.100000572502,1.99999999999999,18.05));
#11437=CARTESIAN_POINT('',(10.100000572502,7.41591399999999,18.05));
#11438=VECTOR('',#13534,1.0);
#11439=AXIS2_PLACEMENT_3D('',#13535,#13536,#13537);
#11440=AXIS2_PLACEMENT_3D('',#13538,#13539,#13540);
#11441=COLOUR_RGB('',0.011764707043767,0.0196078438311815,0.0392156876623631);
#11442=CARTESIAN_POINT('',(68.900000572502,14.0375466007083,17.40000000007));
#11443=CARTESIAN_POINT('',(68.900000572502,14.0375466007083,35.199999798506));
#11444=VECTOR('',#13541,1.0);
#11445=CARTESIAN_POINT('',(68.900000572502,14.0375466007083,17.40000000007));
#11446=CARTESIAN_POINT('',(68.900000572501,14.0375466007086,17.448616153629));
#11447=CARTESIAN_POINT('',(68.899212486062,14.0377965757756,17.497238492831));
#11448=CARTESIAN_POINT('',(68.897637169362,14.0382834320978,17.545825383898));
#11449=CARTESIAN_POINT('',(68.896061852032,14.0387702886145,17.594412294384));
#11450=CARTESIAN_POINT('',(68.893699329787,14.0394939173108,17.642963272094));
#11451=CARTESIAN_POINT('',(68.890553326348,14.0404154346697,17.69143775481));
#11452=CARTESIAN_POINT('',(68.887407319634,14.0413369529877,17.739912287977));
#11453=CARTESIAN_POINT('',(68.883477878019,14.0424561701969,17.788309933718));
#11454=CARTESIAN_POINT('',(68.87877127777,14.0437106310637,17.836592452566));
#11455=CARTESIAN_POINT('',(68.874064500423,14.0449651391326,17.884876788161));
#11456=CARTESIAN_POINT('',(68.868584256666,14.0463539555114,17.933023104822));
#11457=CARTESIAN_POINT('',(68.862318912403,14.0477982952261,17.981132543731));
#11458=CARTESIAN_POINT('',(68.856054689787,14.0492423763693,18.029233369896));
#11459=CARTESIAN_POINT('',(68.849009614376,14.0507407462467,18.077255219419));
#11460=CARTESIAN_POINT('',(68.841187625388,14.0521916065629,18.125160369355));
#11461=CARTESIAN_POINT('',(68.83336563797,14.0536424665879,18.173065509675));
#11462=CARTESIAN_POINT('',(68.824766760781,14.0550457387145,18.220853850223));
#11463=CARTESIAN_POINT('',(68.815397206384,14.0562818318071,18.268488667462));
#11464=CARTESIAN_POINT('',(68.806027653633,14.0575179246824,18.316123476325));
#11465=CARTESIAN_POINT('',(68.795887412103,14.0585868885234,18.363604857791));
#11466=CARTESIAN_POINT('',(68.784984828387,14.0593516002356,18.410897163732));
#11467=CARTESIAN_POINT('',(68.774082258462,14.0601163109804,18.458189409853));
#11468=CARTESIAN_POINT('',(68.762417260739,14.060577,18.505292923714));
#11469=CARTESIAN_POINT('',(68.750000572502,14.060577,18.552171862182));
#11470=COLOUR_RGB('',0.450980424880981,0.521568655967712,0.5686274766922);
#11471=COLOUR_RGB('',0.450980424880981,0.521568655967712,0.5686274766922);
#11472=AXIS2_PLACEMENT_3D('',#13542,#13543,#13544);
#11473=COLOUR_RGB('',0.011764707043767,0.0196078438311815,0.0392156876623631);
#11474=AXIS2_PLACEMENT_3D('',#13545,#13546,#13547);
#11475=AXIS2_PLACEMENT_3D('',#13548,#13549,#13550);
#11476=COLOUR_RGB('',0.450980424880981,0.521568655967712,0.5686274766922);
#11477=CARTESIAN_POINT('',(65.900000572502,7.415914,5.95000000000002));
#11478=VECTOR('',#13551,1.0);
#11479=COLOUR_RGB('',0.011764707043767,0.0196078438311815,0.0392156876623631);
#11480=COLOUR_RGB('',0.450980424880981,0.521568655967712,0.5686274766922);
#11481=CARTESIAN_POINT('',(19.030813572502,0.999999999999998,2.0));
#11482=VECTOR('',#13552,1.0);
#11483=COLOUR_RGB('',0.450980424880981,0.521568655967712,0.5686274766922);
#11484=AXIS2_PLACEMENT_3D('',#13553,#13554,#13555);
#11485=AXIS2_PLACEMENT_3D('',#13556,#13557,#13558);
#11486=COLOUR_RGB('',0.011764707043767,0.0196078438311815,0.0392156876623631);
#11487=CARTESIAN_POINT('',(6.300000572502,11.5922636308879,36.199999798506));
#11488=VECTOR('',#13559,1.0);
#11489=AXIS2_PLACEMENT_3D('',#13560,#13561,#13562);
#11490=COLOUR_RGB('',0.450980424880981,0.521568655967712,0.5686274766922);
#11491=CARTESIAN_POINT('',(65.797370780578,8.20000000000002,16.064183623589));
#11492=AXIS2_PLACEMENT_3D('',#13563,#13564,#13565);
#11493=CARTESIAN_POINT('',(19.030813572502,8.20000000000003,-23.442600880521));
#11494=VECTOR('',#13566,1.0);
#11495=AXIS2_PLACEMENT_3D('',#13567,#13568,#13569);
#11496=COLOUR_RGB('',0.011764707043767,0.0196078438311815,0.0392156876623631);
#11497=CARTESIAN_POINT('',(19.030813572502,11.560577,22.799999798505));
#11498=VECTOR('',#13570,1.0);
#11499=COLOUR_RGB('',0.011764707043767,0.0196078438311815,0.0392156876623631);
#11500=CARTESIAN_POINT('',(6.300000572497,11.560577,5.05782085511299));
#11501=CARTESIAN_POINT('',(6.300000572502,11.560577,11.5));
#11502=VECTOR('',#13571,1.0);
#11503=AXIS2_PLACEMENT_3D('',#13572,#13573,#13574);
#11504=CARTESIAN_POINT('',(11.600000572502,11.560577,21.9));
#11505=CARTESIAN_POINT('',(-2.96918642749802,11.560577,21.9));
#11506=VECTOR('',#13575,1.0);
#11507=CARTESIAN_POINT('',(7.10000057250198,11.560577,6.59999999999999));
#11508=AXIS2_PLACEMENT_3D('',#13576,#13577,#13578);
#11509=CARTESIAN_POINT('',(7.10000057250198,11.560577,17.4));
#11510=CARTESIAN_POINT('',(7.10000057250198,11.560577,11.5));
#11511=VECTOR('',#13579,1.0);
#11512=AXIS2_PLACEMENT_3D('',#13580,#13581,#13582);
#11513=COLOUR_RGB('',0.450980424880981,0.521568655967712,0.5686274766922);
#11514=CARTESIAN_POINT('',(65.000000572502,16.7,3.999999798506));
#11515=CARTESIAN_POINT('',(65.000000572502,6.915914,3.999999798506));
#11516=VECTOR('',#13583,1.0);
#11517=CARTESIAN_POINT('',(60.790539793364,16.7,3.999999798506));
#11518=CARTESIAN_POINT('',(19.030813572502,16.7,3.999999798506));
#11519=VECTOR('',#13584,1.0);
#11520=CARTESIAN_POINT('',(60.961321649757,6.91591399999999,3.999999798506));
#11521=VECTOR('',#13585,1.0);
#11522=COLOUR_RGB('',0.450980424880981,0.521568655967712,0.5686274766922);
#11523=CARTESIAN_POINT('',(60.790539793364,16.7,4.30000000000001));
#11524=CARTESIAN_POINT('',(60.790539793364,16.7,11.5));
#11525=VECTOR('',#13586,1.0);
#11526=CARTESIAN_POINT('',(60.810191281912,15.5741669750803,4.95000000000002));
#11527=CARTESIAN_POINT('',(60.961321649757,6.91591399999999,9.94884468587401));
#11528=VECTOR('',#13587,1.0);
#11529=CARTESIAN_POINT('',(60.961321649757,6.91591399999999,4.95000000000002));
#11530=VECTOR('',#13588,1.0);
#11531=COLOUR_RGB('',0.450980424880981,0.521568655967712,0.5686274766922);
#11532=AXIS2_PLACEMENT_3D('',#13589,#13590,#13591);
#11533=COLOUR_RGB('',0.450980424880981,0.521568655967712,0.5686274766922);
#11534=AXIS2_PLACEMENT_3D('',#13592,#13593,#13594);
#11535=AXIS2_PLACEMENT_3D('',#13595,#13596,#13597);
#11536=COLOUR_RGB('',0.450980424880981,0.521568655967712,0.5686274766922);
#11537=CARTESIAN_POINT('',(65.797370780578,16.7,16.064183623589));
#11538=CARTESIAN_POINT('',(65.797370780578,4.70000000000002,16.064183623589));
#11539=VECTOR('',#13598,1.0);
#11540=CARTESIAN_POINT('',(19.030813572502,16.7,-23.442600880521));
#11541=VECTOR('',#13599,1.0);
#11542=COLOUR_RGB('',0.450980424880981,0.521568655967712,0.5686274766922);
#11543=AXIS2_PLACEMENT_3D('',#13600,#13601,#13602);
#11544=COLOUR_RGB('',0.450980424880981,0.521568655967712,0.5686274766922);
#11545=CARTESIAN_POINT('',(68.900000572502,16.7,17.4));
#11546=CARTESIAN_POINT('',(68.900000572502,16.7,11.5));
#11547=VECTOR('',#13603,1.0);
#11548=CARTESIAN_POINT('',(68.900000572502,6.915914,17.4));
#11549=VECTOR('',#13604,1.0);
#11550=COLOUR_RGB('',0.450980424880981,0.521568655967712,0.5686274766922);
#11551=AXIS2_PLACEMENT_3D('',#13605,#13606,#13607);
#11552=COLOUR_RGB('',0.450980424880981,0.521568655967712,0.5686274766922);
#11553=COLOUR_RGB('',0.450980424880981,0.521568655967712,0.5686274766922);
#11554=CARTESIAN_POINT('',(19.030813572502,0.499999999999995,19.05));
#11555=VECTOR('',#13608,1.0);
#11556=COLOUR_RGB('',0.011764707043767,0.0196078438311815,0.0392156876623631);
#11557=COLOUR_RGB('',0.450980424880981,0.521568655967712,0.5686274766922);
#11558=AXIS2_PLACEMENT_3D('',#13609,#13610,#13611);
#11559=COLOUR_RGB('',0.011764707043767,0.0196078438311815,0.0392156876623631);
#11560=CARTESIAN_POINT('',(7.35114926993501,14.060577,5.117683364231));
#11561=CARTESIAN_POINT('',(10.44782947106,14.060577,2.249999798506));
#11562=AXIS2_PLACEMENT_3D('',#13612,#13613,#13614);
#11563=CARTESIAN_POINT('',(10.300000572502,14.060577,2.249999798505));
#11564=CARTESIAN_POINT('',(52.100000572502,14.060577,2.249999798506));
#11565=VECTOR('',#13615,1.0);
#11566=AXIS2_PLACEMENT_3D('',#13616,#13617,#13618);
#11567=COLOUR_RGB('',0.450980424880981,0.521568655967712,0.5686274766922);
#11568=CARTESIAN_POINT('',(64.900000572502,3.0,4.95000000000002));
#11569=VECTOR('',#13619,1.0);
#11570=COLOUR_RGB('',0.450980424880981,0.521568655967712,0.5686274766922);
#11571=CARTESIAN_POINT('',(38.669389514628,3.29060899999998,0.0));
#11572=CARTESIAN_POINT('',(38.669389514628,3.29060899999998,0.0));
#11573=VECTOR('',#13620,1.0);
#11574=CARTESIAN_POINT('',(38.03015042983,6.91591399999999,0.0));
#11575=VECTOR('',#13621,1.0);
#11576=COLOUR_RGB('',0.011764707043767,0.0196078438311815,0.0392156876623631);
#11577=CARTESIAN_POINT('',(71.700000572502,-3.88578058618805E-16,0.0));
#11578=AXIS2_PLACEMENT_3D('',#13622,#13623,#13624);
#11579=CARTESIAN_POINT('',(71.700000572502,1.0,-6.0448400063251E-07));
#11580=VECTOR('',#13625,1.0);
#11581=COLOUR_RGB('',0.450980424880981,0.521568655967712,0.5686274766922);
#11582=AXIS2_PLACEMENT_3D('',#13626,#13627,#13628);
#11583=CARTESIAN_POINT('',(65.552173195416,14.060577,21.749999798506));
#11584=CARTESIAN_POINT('',(65.505292660813,14.060577,21.762416918281));
#11585=CARTESIAN_POINT('',(65.458188232958,14.0601162807617,21.774082109956));
#11586=CARTESIAN_POINT('',(65.410895914013,14.0593515566372,21.784984675972));
#11587=CARTESIAN_POINT('',(65.363603538593,14.0585868315995,21.795887255008));
#11588=CARTESIAN_POINT('',(65.316122933894,14.0575178712711,21.806027291817));
#11589=CARTESIAN_POINT('',(65.268490008913,14.0562818251785,21.815396482632));
#11590=CARTESIAN_POINT('',(65.220857076437,14.0550457788913,21.824765674922));
#11591=CARTESIAN_POINT('',(65.173071734799,14.0536425973564,21.833364031113));
#11592=CARTESIAN_POINT('',(65.125171000321,14.0521918738205,21.84118541052));
#11593=CARTESIAN_POINT('',(65.077270253712,14.0507411499172,21.849006791908));
#11594=CARTESIAN_POINT('',(65.029254223214,14.0492429627086,21.85605117189));
#11595=CARTESIAN_POINT('',(64.98116086273,14.0477990817879,21.862314726357));
#11596=CARTESIAN_POINT('',(64.933063935009,14.0463550937699,21.868578745411));
#11597=CARTESIAN_POINT('',(64.884919134953,14.0449662242658,21.874059558933));
#11598=CARTESIAN_POINT('',(64.836620281746,14.0437112855489,21.878768048191));
#11599=CARTESIAN_POINT('',(64.788329319707,14.0424565518665,21.883475768166));
#11600=CARTESIAN_POINT('',(64.739924849378,14.0413371423743,21.887405892901));
#11601=CARTESIAN_POINT('',(64.6914453507,14.0404155091674,21.890552298021));
#11602=CARTESIAN_POINT('',(64.642965896777,14.0394938768113,21.893698700235));
#11603=CARTESIAN_POINT('',(64.594411803631,14.0387702091951,21.896061338216));
#11604=CARTESIAN_POINT('',(64.545823717417,14.0382833473902,21.897636669453));
#11605=CARTESIAN_POINT('',(64.497235646228,14.0377964857358,21.899212000202));
#11606=CARTESIAN_POINT('',(64.448614066015,14.0375465373414,21.9));
#11607=CARTESIAN_POINT('',(64.400000572502,14.0375465373414,21.9));
#11608=COLOUR_RGB('',0.450980424880981,0.521568655967712,0.5686274766922);
#11609=COLOUR_RGB('',0.450980424880981,0.521568655967712,0.5686274766922);
#11610=CARTESIAN_POINT('',(12.180813572502,3.29060899999998,0.0));
#11611=VECTOR('',#13629,1.0);
#11612=COLOUR_RGB('',0.450980424880981,0.521568655967712,0.5686274766922);
#11613=CARTESIAN_POINT('',(9.918370780565,8.20000000000001,12.695683623589));
#11614=AXIS2_PLACEMENT_3D('',#13630,#13631,#13632);
#11615=CARTESIAN_POINT('',(9.918370780565,16.7,12.695683623589));
#11616=CARTESIAN_POINT('',(9.918370780565,4.70000000000002,12.695683623589));
#11617=VECTOR('',#13633,1.0);
#11618=AXIS2_PLACEMENT_3D('',#13634,#13635,#13636);
#11619=COLOUR_RGB('',0.450980424880981,0.521568655967712,0.5686274766922);
#11620=CARTESIAN_POINT('',(7.800000572502,6.29999999999999,0.0));
#11621=CARTESIAN_POINT('',(25.880813572502,6.29999999999999,0.0));
#11622=VECTOR('',#13637,1.0);
#11623=CARTESIAN_POINT('',(4.29999999999998,-3.88578058618805E-16,0.0));
#11624=CARTESIAN_POINT('',(9.69999999999999,-3.88578058618805E-16,-6.0448400063251E-07));
#11625=VECTOR('',#13638,1.0);
#11626=CARTESIAN_POINT('',(4.29999999999998,1.0,-6.0448400063251E-07));
#11627=CARTESIAN_POINT('',(4.29999999999998,1.0,-6.0448400063251E-07));
#11628=VECTOR('',#13639,1.0);
#11629=CARTESIAN_POINT('',(1.0,0.999999999999998,0.0));
#11630=CARTESIAN_POINT('',(-2.96918642749802,0.999999999999998,0.0));
#11631=VECTOR('',#13640,1.0);
#11632=CARTESIAN_POINT('',(1.0,5.2999994274984,0.0));
#11633=CARTESIAN_POINT('',(1.0,6.91591399999999,0.0));
#11634=VECTOR('',#13641,1.0);
#11635=CARTESIAN_POINT('',(1.59999999999999,5.3,0.0));
#11636=CARTESIAN_POINT('',(57.030813572502,5.3,0.0));
#11637=VECTOR('',#13642,1.0);
#11638=CARTESIAN_POINT('',(1.59999999999999,3.8,0.0));
#11639=CARTESIAN_POINT('',(1.59999999999999,6.91591399999999,0.0));
#11640=VECTOR('',#13643,1.0);
#11641=CARTESIAN_POINT('',(7.800000572502,3.8,0.0));
#11642=CARTESIAN_POINT('',(57.030813572502,3.8,0.0));
#11643=VECTOR('',#13644,1.0);
#11644=CARTESIAN_POINT('',(7.800000572502,6.91591399999999,0.0));
#11645=VECTOR('',#13645,1.0);
#11646=COLOUR_RGB('',0.011764707043767,0.0196078438311815,0.0392156876623631);
#11647=CARTESIAN_POINT('',(6.300000572502,11.5922636308879,5.19999979850499));
#11648=CARTESIAN_POINT('',(6.300000572502,11.5896220882735,5.188186460803));
#11649=CARTESIAN_POINT('',(6.30000057250101,11.5869784856765,5.17636391658701));
#11650=CARTESIAN_POINT('',(6.30000057250101,11.584334524869,5.164532438257));
#11651=CARTESIAN_POINT('',(6.30000057250101,11.5816905665258,5.15270097095402));
#11652=CARTESIAN_POINT('',(6.300000572497,11.5790462591496,5.14086061165801));
#11653=CARTESIAN_POINT('',(6.300000572497,11.5764033550943,5.129011784358));
#11654=CARTESIAN_POINT('',(6.300000572497,11.5737604512906,5.11716295818701));
#11655=CARTESIAN_POINT('',(6.30000057248199,11.571118950418,5.10530566456401));
#11656=CARTESIAN_POINT('',(6.30000057248199,11.5684806287125,5.093440354899));
#11657=CARTESIAN_POINT('',(6.30000057248199,11.5658423072109,5.08157504615102));
#11658=CARTESIAN_POINT('',(6.300000572453,11.5632071642248,5.06970172195301));
#11659=CARTESIAN_POINT('',(6.300000572453,11.5605769994111,5.057820855111));
#11660=COLOUR_RGB('',0.450980424880981,0.521568655967712,0.5686274766922);
#11661=COLOUR_RGB('',0.011764707043767,0.0196078438311815,0.0392156876623631);
#11662=CARTESIAN_POINT('',(6.12679549174499,12.0579490558371,18.799999798505));
#11663=CARTESIAN_POINT('',(6.06530600300201,11.9514461372028,18.799999798505));
#11664=VECTOR('',#13646,1.0);
#11665=AXIS2_PLACEMENT_3D('',#13647,#13648,#13649);
#11666=COLOUR_RGB('',0.450980424880981,0.521568655967712,0.5686274766922);
#11667=CARTESIAN_POINT('',(10.100000572502,14.7,7.0));
#11668=CARTESIAN_POINT('',(10.100000572502,14.7,11.5));
#11669=VECTOR('',#13650,1.0);
#11670=CARTESIAN_POINT('',(15.174551221784,14.7,4.65000000000001));
#11671=CARTESIAN_POINT('',(-2.96918642749802,14.7,4.65000000000001));
#11672=VECTOR('',#13651,1.0);
#11673=CARTESIAN_POINT('',(15.174551221784,14.7,3.999999798506));
#11674=CARTESIAN_POINT('',(15.174551221784,14.7,11.5));
#11675=VECTOR('',#13652,1.0);
#11676=CARTESIAN_POINT('',(11.000000572502,14.7,3.999999798506));
#11677=CARTESIAN_POINT('',(-2.96918642749802,14.7,3.999999798506));
#11678=VECTOR('',#13653,1.0);
#11679=AXIS2_PLACEMENT_3D('',#13654,#13655,#13656);
#11680=CARTESIAN_POINT('',(-2.96918642749802,14.7,7.0));
#11681=VECTOR('',#13657,1.0);
#11682=COLOUR_RGB('',0.450980424880981,0.521568655967712,0.5686274766922);
#11683=CARTESIAN_POINT('',(9.75999999999999,0.999999999999998,3.69999939551602));
#11684=CARTESIAN_POINT('',(19.030813572502,0.999999999999998,3.69999939551602));
#11685=VECTOR('',#13658,1.0);
#11686=CARTESIAN_POINT('',(9.75999999999999,-4.9960036108132E-16,3.69999939551602));
#11687=CARTESIAN_POINT('',(9.75999999999999,0.999999999999999,3.69999939551602));
#11688=VECTOR('',#13659,1.0);
#11689=CARTESIAN_POINT('',(32.730813572502,-4.9960036108132E-16,3.69999939551602));
#11690=VECTOR('',#13660,1.0);
#11691=COLOUR_RGB('',0.450980424880981,0.521568655967712,0.5686274766922);
#11692=CARTESIAN_POINT('',(43.203481264901,0.699999999999996,4.95000000000002));
#11693=CARTESIAN_POINT('',(43.203481264901,0.499999999999995,4.95000000000002));
#11694=CARTESIAN_POINT('',(43.203481264901,6.91591399999999,4.95000000000002));
#11695=VECTOR('',#13661,1.0);
#11696=CARTESIAN_POINT('',(47.028474572502,0.499999999999995,4.95000000000002));
#11697=CARTESIAN_POINT('',(25.880813572502,0.499999999999995,4.95000000000002));
#11698=VECTOR('',#13662,1.0);
#11699=CARTESIAN_POINT('',(47.028474572502,0.699999999999996,4.95000000000002));
#11700=CARTESIAN_POINT('',(47.028474572502,6.91591399999999,4.95000000000002));
#11701=VECTOR('',#13663,1.0);
#11702=CARTESIAN_POINT('',(14.880813572502,0.699999999999996,4.95000000000002));
#11703=VECTOR('',#13664,1.0);
#11704=COLOUR_RGB('',0.450980424880981,0.521568655967712,0.5686274766922);
#11705=CARTESIAN_POINT('',(10.500000572496,1.99999999999999,7.0));
#11706=CARTESIAN_POINT('',(10.500000572496,16.7,7.0));
#11707=CARTESIAN_POINT('',(10.500000572496,6.91591399999999,7.0));
#11708=VECTOR('',#13665,1.0);
#11709=CARTESIAN_POINT('',(10.500000572496,16.7,11.5));
#11710=VECTOR('',#13666,1.0);
#11711=CARTESIAN_POINT('',(10.500000572496,8.20000000000001,11.5));
#11712=VECTOR('',#13667,1.0);
#11713=CARTESIAN_POINT('',(10.500000572496,16.7,12.875669835182));
#11714=CARTESIAN_POINT('',(10.500000572496,16.7,11.5));
#11715=VECTOR('',#13668,1.0);
#11716=CARTESIAN_POINT('',(10.500000572496,8.20000000000002,12.875669835182));
#11717=CARTESIAN_POINT('',(10.500000572496,4.70000000000002,12.875669835182));
#11718=VECTOR('',#13669,1.0);
#11719=CARTESIAN_POINT('',(10.500000572496,8.20000000000002,11.5));
#11720=VECTOR('',#13670,1.0);
#11721=CARTESIAN_POINT('',(10.500000572496,16.7,17.0));
#11722=CARTESIAN_POINT('',(10.500000572496,16.7,11.5));
#11723=VECTOR('',#13671,1.0);
#11724=CARTESIAN_POINT('',(10.500000572496,1.99999999999999,17.0));
#11725=CARTESIAN_POINT('',(10.500000572496,6.91591399999999,17.0));
#11726=VECTOR('',#13672,1.0);
#11727=CARTESIAN_POINT('',(10.500000572496,1.99999999999999,11.5));
#11728=VECTOR('',#13673,1.0);
#11729=COLOUR_RGB('',0.450980424880981,0.521568655967712,0.5686274766922);
#11730=AXIS2_PLACEMENT_3D('',#13674,#13675,#13676);
#11731=AXIS2_PLACEMENT_3D('',#13677,#13678,#13679);
#11732=COLOUR_RGB('',0.011764707043767,0.0196078438311815,0.0392156876623631);
#11733=AXIS2_PLACEMENT_3D('',#13680,#13681,#13682);
#11734=COLOUR_RGB('',0.450980424880981,0.521568655967712,0.5686274766922);
#11735=CARTESIAN_POINT('',(7.10000057250198,16.7,6.59999999999999));
#11736=AXIS2_PLACEMENT_3D('',#13683,#13684,#13685);
#11737=CARTESIAN_POINT('',(7.10000057250198,16.7,17.4));
#11738=CARTESIAN_POINT('',(7.10000057250198,16.7,11.5));
#11739=VECTOR('',#13686,1.0);
#11740=AXIS2_PLACEMENT_3D('',#13687,#13688,#13689);
#11741=CARTESIAN_POINT('',(15.209461351641,16.7,4.30000000000001));
#11742=CARTESIAN_POINT('',(19.030813572502,16.7,4.30000000000001));
#11743=VECTOR('',#13690,1.0);
#11744=CARTESIAN_POINT('',(15.209461351641,16.7,19.7));
#11745=CARTESIAN_POINT('',(32.730813572502,16.7,19.7));
#11746=VECTOR('',#13691,1.0);
#11747=CARTESIAN_POINT('',(15.209461351641,16.7,20.000000201494));
#11748=CARTESIAN_POINT('',(15.209461351641,16.7,11.5));
#11749=VECTOR('',#13692,1.0);
#11750=CARTESIAN_POINT('',(-2.96918642749802,16.7,20.000000201494));
#11751=VECTOR('',#13693,1.0);
#11752=CARTESIAN_POINT('',(9.00000057250199,16.7,17.0));
#11753=CARTESIAN_POINT('',(9.00000057250199,16.7,11.5));
#11754=VECTOR('',#13694,1.0);
#11755=CARTESIAN_POINT('',(-2.96918642749802,16.7,17.0));
#11756=VECTOR('',#13695,1.0);
#11757=AXIS2_PLACEMENT_3D('',#13696,#13697,#13698);
#11758=CARTESIAN_POINT('',(9.60000057249599,16.7,11.5));
#11759=VECTOR('',#13699,1.0);
#11760=CARTESIAN_POINT('',(19.030813572502,16.7,20.393562945459));
#11761=VECTOR('',#13700,1.0);
#11762=AXIS2_PLACEMENT_3D('',#13701,#13702,#13703);
#11763=CARTESIAN_POINT('',(19.030813572502,16.7,3.60643705454001));
#11764=VECTOR('',#13704,1.0);
#11765=CARTESIAN_POINT('',(9.60000057249599,16.7,11.156499999995));
#11766=AXIS2_PLACEMENT_3D('',#13705,#13706,#13707);
#11767=CARTESIAN_POINT('',(9.60000057249599,16.7,7.843499999995));
#11768=CARTESIAN_POINT('',(9.60000057249599,16.7,11.5));
#11769=VECTOR('',#13708,1.0);
#11770=AXIS2_PLACEMENT_3D('',#13709,#13710,#13711);
#11771=CARTESIAN_POINT('',(10.202630364427,16.7,7.935816376411));
#11772=CARTESIAN_POINT('',(19.030813572502,16.7,15.393562945448));
#11773=VECTOR('',#13712,1.0);
#11774=AXIS2_PLACEMENT_3D('',#13713,#13714,#13715);
#11775=CARTESIAN_POINT('',(-2.96918642749802,16.7,7.0));
#11776=VECTOR('',#13716,1.0);
#11777=CARTESIAN_POINT('',(11.000000572502,16.7,3.999999798506));
#11778=AXIS2_PLACEMENT_3D('',#13717,#13718,#13719);
#11779=CARTESIAN_POINT('',(15.209461351641,16.7,3.999999798506));
#11780=CARTESIAN_POINT('',(-2.96918642749802,16.7,3.999999798506));
#11781=VECTOR('',#13720,1.0);
#11782=CARTESIAN_POINT('',(15.209461351641,16.7,11.5));
#11783=VECTOR('',#13721,1.0);
#11784=COLOUR_RGB('',0.450980424880981,0.521568655967712,0.5686274766922);
#11785=AXIS2_PLACEMENT_3D('',#13722,#13723,#13724);
#11786=COLOUR_RGB('',0.450980424880981,0.521568655967712,0.5686274766922);
#11787=CARTESIAN_POINT('',(11.600000572502,6.29999999999999,21.9));
#11788=CARTESIAN_POINT('',(32.730813572502,6.29999999999999,21.9));
#11789=VECTOR('',#13725,1.0);
#11790=CARTESIAN_POINT('',(11.600000572502,6.91591399999999,21.9));
#11791=VECTOR('',#13726,1.0);
#11792=COLOUR_RGB('',0.450980424880981,0.521568655967712,0.5686274766922);
#11793=CARTESIAN_POINT('',(7.10000057250198,6.29999999999999,17.4));
#11794=CARTESIAN_POINT('',(7.10000057250198,6.87649100000001,17.4));
#11795=VECTOR('',#13727,1.0);
#11796=AXIS2_PLACEMENT_3D('',#13728,#13729,#13730);
#11797=COLOUR_RGB('',0.011764707043767,0.0196078438311815,0.0392156876623631);
#11798=CARTESIAN_POINT('',(10.300000572502,13.560577,1.749999798505));
#11799=CARTESIAN_POINT('',(6.15000057250199,13.560577,1.749999798506));
#11800=VECTOR('',#13731,1.0);
#11801=AXIS2_PLACEMENT_3D('',#13732,#13733,#13734);
#11802=CARTESIAN_POINT('',(11.600000572432,14.0375466640755,2.09999999999999));
#11803=CARTESIAN_POINT('',(11.551384451564,14.0375466640758,2.10000000000102));
#11804=CARTESIAN_POINT('',(11.502762145235,14.0377966384369,2.10078808538));
#11805=CARTESIAN_POINT('',(11.454175287134,14.038283493383,2.102363399946));
#11806=CARTESIAN_POINT('',(11.405588409613,14.0387703485237,2.103938715141));
#11807=CARTESIAN_POINT('',(11.357037464958,14.0394939751744,2.10630123417801));
#11808=CARTESIAN_POINT('',(11.308563015289,14.0404154899345,2.10944723333));
#11809=CARTESIAN_POINT('',(11.260088515168,14.0413370056537,2.112593235757));
#11810=CARTESIAN_POINT('',(11.211690902462,14.0424562197121,2.11652267200699));
#11811=CARTESIAN_POINT('',(11.163408416539,14.0437106770623,2.12122926581901));
#11812=CARTESIAN_POINT('',(11.115124114329,14.0449651816027,2.12593603668401));
#11813=CARTESIAN_POINT('',(11.066977829086,14.0463539941403,2.13141627307601));
#11814=CARTESIAN_POINT('',(11.018868421502,14.0477983298858,2.13768160895302));
#11815=CARTESIAN_POINT('',(10.970767626746,14.0492424070578,2.14394582317399));
#11816=CARTESIAN_POINT('',(10.922745808557,14.0507407728345,2.15099088914602));
#11817=CARTESIAN_POINT('',(10.874840689796,14.0521916291984,2.15881286765401));
#11818=CARTESIAN_POINT('',(10.826935580651,14.0536424852711,2.16663484459301));
#11819=CARTESIAN_POINT('',(10.779147271121,14.0550457535942,2.17523371026101));
#11820=CARTESIAN_POINT('',(10.731512484657,14.056281843349,2.184603252111));
#11821=CARTESIAN_POINT('',(10.683877706568,14.0575179328864,2.19397279231299));
#11822=CARTESIAN_POINT('',(10.636396355635,14.0585868938548,2.20411302026599));
#11823=CARTESIAN_POINT('',(10.589104079906,14.0593516035163,2.215015589394));
#11824=CARTESIAN_POINT('',(10.541811863998,14.0601163122105,2.225918144731));
#11825=CARTESIAN_POINT('',(10.494708380029,14.060577,2.23758312685501));
#11826=CARTESIAN_POINT('',(10.44782947106,14.060577,2.249999798506));
#11827=COLOUR_RGB('',0.450980424880981,0.521568655967712,0.5686274766922);
#11828=AXIS2_PLACEMENT_3D('',#13735,#13736,#13737);
#11829=COLOUR_RGB('',0.011764707043767,0.0196078438311815,0.0392156876623631);
#11830=CARTESIAN_POINT('',(4.90000057250199,11.8165276995998,22.941421154743));
#11831=VECTOR('',#13738,1.0);
#11832=CARTESIAN_POINT('',(10.300000572502,11.7336849871252,22.858578442268));
#11833=VECTOR('',#13739,5.73969696196702);
#11834=COLOUR_RGB('',0.450980424880981,0.521568655967712,0.5686274766922);
#11835=AXIS2_PLACEMENT_3D('',#13740,#13741,#13742);
#11836=CARTESIAN_POINT('',(19.030813572502,8.20000000000001,20.393562945459));
#11837=VECTOR('',#13743,1.0);
#11838=CARTESIAN_POINT('',(9.60000057249599,8.20000000000002,11.5));
#11839=VECTOR('',#13744,1.0);
#11840=COLOUR_RGB('',0.450980424880981,0.521568655967712,0.5686274766922);
#11841=CARTESIAN_POINT('',(15.189809863092,15.5741669750803,4.95000000000002));
#11842=CARTESIAN_POINT('',(-2.96918642749802,15.5741669750803,4.95000000000002));
#11843=VECTOR('',#13745,1.0);
#11844=CARTESIAN_POINT('',(15.038679495247,6.91591399999999,4.95000000000002));
#11845=VECTOR('',#13746,1.0);
#11846=CARTESIAN_POINT('',(11.100000572502,1.99999999999999,4.95000000000002));
#11847=CARTESIAN_POINT('',(11.100000572502,3.49999999999999,4.95000000000002));
#11848=VECTOR('',#13747,1.0);
#11849=CARTESIAN_POINT('',(-2.96918642749802,1.99999999999999,4.95000000000002));
#11850=VECTOR('',#13748,1.0);
#11851=CARTESIAN_POINT('',(21.553828572502,0.699999999999996,4.95000000000002));
#11852=CARTESIAN_POINT('',(-2.96918642749802,0.699999999999996,4.95000000000002));
#11853=VECTOR('',#13749,1.0);
#11854=CARTESIAN_POINT('',(21.553828572502,0.499999999999995,4.95000000000002));
#11855=CARTESIAN_POINT('',(21.553828572502,6.91591399999999,4.95000000000002));
#11856=VECTOR('',#13750,1.0);
#11857=CARTESIAN_POINT('',(5.330813572502,0.499999999999995,4.95000000000002));
#11858=VECTOR('',#13751,1.0);
#11859=CARTESIAN_POINT('',(19.030813572502,0.499999999999995,4.95000000000002));
#11860=VECTOR('',#13752,1.0);
#11861=CARTESIAN_POINT('',(19.030813572502,0.499999999999995,4.95000000000002));
#11862=VECTOR('',#13753,1.0);
#11863=COLOUR_RGB('',0.011764707043767,0.0196078438311815,0.0392156876623631);
#11864=COLOUR_RGB('',0.450980424880981,0.521568655967712,0.5686274766922);
#11865=COLOUR_RGB('',0.450980424880981,0.521568655967712,0.5686274766922);
#11866=CARTESIAN_POINT('',(11.000000572502,6.87649100000001,3.999999798506));
#11867=VECTOR('',#13754,1.0);
#11868=COLOUR_RGB('',0.011764707043767,0.0196078438311815,0.0392156876623631);
#11869=CARTESIAN_POINT('',(1.5,-9.99200722162641E-16,21.199999395517));
#11870=AXIS2_PLACEMENT_3D('',#13755,#13756,#13757);
#11871=CARTESIAN_POINT('',(1.5,-9.99200722162641E-16,20.799999395516));
#11872=CARTESIAN_POINT('',(1.5,-9.99200722162641E-16,20.799999395516));
#11873=VECTOR('',#13758,1.0);
#11874=CARTESIAN_POINT('',(2.69999999999999,-9.43689570931383E-16,18.302000196157));
#11875=AXIS2_PLACEMENT_3D('',#13759,#13760,#13761);
#11876=CARTESIAN_POINT('',(2.69999999999999,-5.55111512312578E-16,5.697998594876));
#11877=CARTESIAN_POINT('',(2.69999999999999,-9.43689570931383E-16,18.302000196157));
#11878=VECTOR('',#13762,1.0);
#11879=CARTESIAN_POINT('',(1.5,-4.9960036108132E-16,3.19999939551701));
#11880=AXIS2_PLACEMENT_3D('',#13763,#13764,#13765);
#11881=CARTESIAN_POINT('',(1.5,-4.9960036108132E-16,2.79999939551601));
#11882=CARTESIAN_POINT('',(1.5,-4.9960036108132E-16,2.79999939551601));
#11883=VECTOR('',#13766,1.0);
#11884=AXIS2_PLACEMENT_3D('',#13767,#13768,#13769);
#11885=CARTESIAN_POINT('',(3.44999999999999,-9.99200722162641E-16,20.799999395516));
#11886=CARTESIAN_POINT('',(5.94999999999999,-9.99200722162641E-16,20.799999395516));
#11887=AXIS2_PLACEMENT_3D('',#13770,#13771,#13772);
#11888=AXIS2_PLACEMENT_3D('',#13773,#13774,#13775);
#11889=CARTESIAN_POINT('',(3.44999999999999,-4.9960036108132E-16,3.19999939551701));
#11890=CARTESIAN_POINT('',(5.94999999999999,-4.9960036108132E-16,3.19999939551701));
#11891=AXIS2_PLACEMENT_3D('',#13776,#13777,#13778);
#11892=AXIS2_PLACEMENT_3D('',#13779,#13780,#13781);
#11893=AXIS2_PLACEMENT_3D('',#13782,#13783,#13784);
#11894=AXIS2_PLACEMENT_3D('',#13785,#13786,#13787);
#11895=AXIS2_PLACEMENT_3D('',#13788,#13789,#13790);
#11896=COLOUR_RGB('',0.011764707043767,0.0196078438311815,0.0392156876623631);
#11897=AXIS2_PLACEMENT_3D('',#13791,#13792,#13793);
#11898=COLOUR_RGB('',0.011764707043767,0.0196078438311815,0.0392156876623631);
#11899=AXIS2_PLACEMENT_3D('',#13794,#13795,#13796);
#11900=CARTESIAN_POINT('',(6.12679549174499,12.0579490558371,-11.200000201495));
#11901=VECTOR('',#13797,1.0);
#11902=COLOUR_RGB('',0.450980424880981,0.521568655967712,0.5686274766922);
#11903=CARTESIAN_POINT('',(15.038679495247,6.91591399999999,9.94884468587401));
#11904=VECTOR('',#13798,1.0);
#11905=COLOUR_RGB('',0.011764707043767,0.0196078438311815,0.0392156876623631);
#11906=COLOUR_RGB('',0.011764707043767,0.0196078438311815,0.0392156876623631);
#11907=CARTESIAN_POINT('',(10.447827949584,14.060577,21.749999798505));
#11908=CARTESIAN_POINT('',(10.447827949584,14.060577,21.749999798505));
#11909=CARTESIAN_POINT('',(10.494706917549,14.060577,21.762416503329));
#11910=CARTESIAN_POINT('',(10.541810461304,14.0601163097503,21.774081516651));
#11911=CARTESIAN_POINT('',(10.589102737637,14.0593515969549,21.784984101164));
#11912=CARTESIAN_POINT('',(10.63639507379,14.0585868831921,21.795886699468));
#11913=CARTESIAN_POINT('',(10.683876485789,14.0575179164785,21.806026954575));
#11914=CARTESIAN_POINT('',(10.731511325427,14.0562818202653,21.815396519874));
#11915=CARTESIAN_POINT('',(10.77914617344,14.0550457238348,21.82476608682));
#11916=CARTESIAN_POINT('',(10.826934545004,14.0536424479047,21.833364975528));
#11917=CARTESIAN_POINT('',(10.8748397165,14.0521915839275,21.841186973425));
#11918=CARTESIAN_POINT('',(10.922744897611,14.050740719659,21.849008972893));
#11919=CARTESIAN_POINT('',(10.970766778467,14.0492423456809,21.856054057744));
#11920=CARTESIAN_POINT('',(11.018867636041,14.0477982605665,21.862318288755));
#11921=CARTESIAN_POINT('',(11.066977106164,14.046353916886,21.868583641389));
#11922=CARTESIAN_POINT('',(11.115123454241,14.0449650966656,21.874063892514));
#11923=CARTESIAN_POINT('',(11.163407823334,14.0437105850652,21.878770676354));
#11924=CARTESIAN_POINT('',(11.211690375107,14.042456120682,21.883477283042));
#11925=CARTESIAN_POINT('',(11.260088053884,14.0413369003218,21.887406730021));
#11926=CARTESIAN_POINT('',(11.308562620096,14.040415379405,21.890552741022));
#11927=CARTESIAN_POINT('',(11.357037135858,14.0394938594474,21.893698748748));
#11928=CARTESIAN_POINT('',(11.405588146622,14.0387702287054,21.896061274201));
#11929=CARTESIAN_POINT('',(11.454175090074,14.0382833708127,21.897636593665));
#11930=CARTESIAN_POINT('',(11.502762014106,14.0377965131146,21.899211912499));
#11931=CARTESIAN_POINT('',(11.551384386183,14.0375465373416,21.899999999999));
#11932=CARTESIAN_POINT('',(11.600000572432,14.0375465373414,21.9));
#11933=CARTESIAN_POINT('',(10.300000572502,14.060577,21.749999798505));
#11934=CARTESIAN_POINT('',(52.100000572502,14.060577,21.749999798505));
#11935=VECTOR('',#13799,1.0);
#11936=AXIS2_PLACEMENT_3D('',#13800,#13801,#13802);
#11937=COLOUR_RGB('',0.011764707043767,0.0196078438311815,0.0392156876623631);
#11938=COLOUR_RGB('',0.450980424880981,0.521568655967712,0.5686274766922);
#11939=CARTESIAN_POINT('',(19.030813572502,8.20000000000001,3.60643705454001));
#11940=VECTOR('',#13803,1.0);
#11941=CARTESIAN_POINT('',(10.202630364427,8.20000000000001,7.935816376411));
#11942=AXIS2_PLACEMENT_3D('',#13804,#13805,#13806);
#11943=CARTESIAN_POINT('',(19.030813572502,8.20000000000001,15.393562945448));
#11944=VECTOR('',#13807,1.0);
#11945=CARTESIAN_POINT('',(9.60000057249599,8.20000000000001,7.843499999995));
#11946=AXIS2_PLACEMENT_3D('',#13808,#13809,#13810);
#11947=CARTESIAN_POINT('',(9.60000057249599,8.20000000000001,11.156499999995));
#11948=CARTESIAN_POINT('',(9.60000057249599,8.20000000000001,11.5));
#11949=VECTOR('',#13811,1.0);
#11950=AXIS2_PLACEMENT_3D('',#13812,#13813,#13814);
#11951=COLOUR_RGB('',0.450980424880981,0.521568655967712,0.5686274766922);
#11952=CARTESIAN_POINT('',(7.80000008011999,6.29999999999999,3.20000080597799));
#11953=CARTESIAN_POINT('',(7.800000572502,6.29999999999999,11.5));
#11954=VECTOR('',#13815,1.0);
#11955=CARTESIAN_POINT('',(4.70000008011999,6.29999999999999,6.30000080597802));
#11956=AXIS2_PLACEMENT_3D('',#13816,#13817,#13818);
#11957=CARTESIAN_POINT('',(2.00000057250199,6.29999999999999,6.30000040298901));
#11958=CARTESIAN_POINT('',(-2.96918642749802,6.29999999999999,6.30000040298901));
#11959=VECTOR('',#13819,1.0);
#11960=CARTESIAN_POINT('',(2.00000057250199,6.29999999999999,17.7));
#11961=CARTESIAN_POINT('',(2.00000057250199,6.29999999999999,11.5));
#11962=VECTOR('',#13820,1.0);
#11963=CARTESIAN_POINT('',(4.70000008011999,6.29999999999999,17.7));
#11964=CARTESIAN_POINT('',(-2.96918642749802,6.29999999999999,17.7));
#11965=VECTOR('',#13821,1.0);
#11966=CARTESIAN_POINT('',(7.800000572502,6.29999999999999,20.799999597011));
#11967=AXIS2_PLACEMENT_3D('',#13822,#13823,#13824);
#11968=CARTESIAN_POINT('',(7.800000572502,6.29999999999999,11.5));
#11969=VECTOR('',#13825,1.0);
#11970=CARTESIAN_POINT('',(7.10000057250198,6.29999999999999,6.59999999999999));
#11971=CARTESIAN_POINT('',(7.10000057250198,6.29999999999999,11.5));
#11972=VECTOR('',#13826,1.0);
#11973=AXIS2_PLACEMENT_3D('',#13827,#13828,#13829);
#11974=COLOUR_RGB('',0.450980424880981,0.521568655967712,0.5686274766922);
#11975=CARTESIAN_POINT('',(9.60000057249599,4.70000000000001,7.843499999995));
#11976=VECTOR('',#13830,1.0);
#11977=COLOUR_RGB('',0.450980424880981,0.521568655967712,0.5686274766922);
#11978=CARTESIAN_POINT('',(9.00000057250199,14.7,17.0));
#11979=CARTESIAN_POINT('',(9.00000057250199,14.7,11.5));
#11980=VECTOR('',#13831,1.0);
#11981=CARTESIAN_POINT('',(9.00000057250199,6.91591399999999,17.0));
#11982=VECTOR('',#13832,1.0);
#11983=COLOUR_RGB('',0.450980424880981,0.521568655967712,0.5686274766922);
#11984=CARTESIAN_POINT('',(15.174551221784,14.7,20.000000201494));
#11985=CARTESIAN_POINT('',(15.038679495247,6.91591399999999,20.000000201494));
#11986=VECTOR('',#13833,1.0);
#11987=CARTESIAN_POINT('',(-2.96918642749802,14.7,20.000000201494));
#11988=VECTOR('',#13834,1.0);
#11989=COLOUR_RGB('',0.450980424880981,0.521568655967712,0.5686274766922);
#11990=CARTESIAN_POINT('',(10.100000572502,1.99999999999999,7.0));
#11991=CARTESIAN_POINT('',(10.100000572502,6.91591399999999,7.0));
#11992=VECTOR('',#13835,1.0);
#11993=CARTESIAN_POINT('',(10.100000572502,1.99999999999999,5.95000000000002));
#11994=CARTESIAN_POINT('',(10.100000572502,1.99999999999999,11.5));
#11995=VECTOR('',#13836,1.0);
#11996=CARTESIAN_POINT('',(10.100000572502,6.91591399999999,5.95000000000002));
#11997=VECTOR('',#13837,1.0);
#11998=COLOUR_RGB('',0.450980424880981,0.521568655967712,0.5686274766922);
#11999=COLOUR_RGB('',0.011764707043767,0.0196078438311815,0.0392156876623631);
#12000=COLOUR_RGB('',0.450980424880981,0.521568655967712,0.5686274766922);
#12001=CARTESIAN_POINT('',(11.100000572502,14.7,19.35));
#12002=CARTESIAN_POINT('',(10.100000572502,14.7,18.35));
#12003=AXIS2_PLACEMENT_3D('',#13838,#13839,#13840);
#12004=CARTESIAN_POINT('',(11.100000572502,5.20000000000001,19.35));
#12005=CARTESIAN_POINT('',(11.100000572502,14.739423,19.35));
#12006=VECTOR('',#13841,1.0);
#12007=CARTESIAN_POINT('',(10.100000572502,5.20000000000001,18.35));
#12008=AXIS2_PLACEMENT_3D('',#13842,#13843,#13844);
#12009=CARTESIAN_POINT('',(10.100000572502,14.7,18.35));
#12010=VECTOR('',#13845,1.0);
#12011=COLOUR_RGB('',0.450980424880981,0.521568655967712,0.5686274766922);
#12012=CARTESIAN_POINT('',(15.038679495247,6.91591399999999,4.65000000000001));
#12013=VECTOR('',#13846,1.0);
#12014=COLOUR_RGB('',0.450980424880981,0.521568655967712,0.5686274766922);
#12015=CARTESIAN_POINT('',(7.10000057250198,13.9935897018923,6.59999999999999));
#12016=CARTESIAN_POINT('',(7.10000057250198,6.91591399999999,6.59999999999999));
#12017=VECTOR('',#13847,1.0);
#12018=CARTESIAN_POINT('',(7.10000057250198,13.9935897018923,17.4));
#12019=CARTESIAN_POINT('',(7.10000057250198,13.9935897018923,35.199999798506));
#12020=VECTOR('',#13848,1.0);
#12021=CARTESIAN_POINT('',(7.10000057250198,6.91591399999999,17.4));
#12022=VECTOR('',#13849,1.0);
#12023=COLOUR_RGB('',0.011764707043767,0.0196078438311815,0.0392156876623631);
#12024=CARTESIAN_POINT('',(10.300000572502,13.5025642981078,1.749999798505));
#12025=VECTOR('',#13850,1.0);
#12026=COLOUR_RGB('',0.450980424880981,0.521568655967712,0.5686274766922);
#12027=CARTESIAN_POINT('',(15.174551221784,14.7,19.35));
#12028=CARTESIAN_POINT('',(15.174551221784,14.7,11.5));
#12029=VECTOR('',#13851,1.0);
#12030=CARTESIAN_POINT('',(15.038679495247,6.91591399999999,14.051155314125));
#12031=VECTOR('',#13852,1.0);
#12032=CARTESIAN_POINT('',(15.008728104966,5.20000000000001,19.35));
#12033=CARTESIAN_POINT('',(15.008728104966,5.20000000000001,11.5));
#12034=VECTOR('',#13853,1.0);
#12035=CARTESIAN_POINT('',(15.038679495247,6.91591399999999,19.35));
#12036=VECTOR('',#13854,1.0);
#12037=COLOUR_RGB('',0.450980424880981,0.521568655967712,0.5686274766922);
#12038=CARTESIAN_POINT('',(-2.96918642749802,1.99999999999999,7.0));
#12039=VECTOR('',#13855,1.0);
#12040=COLOUR_RGB('',0.450980424880981,0.521568655967712,0.5686274766922);
#12041=AXIS2_PLACEMENT_3D('',#13856,#13857,#13858);
#12042=CARTESIAN_POINT('',(17.300000572502,0.499999999999995,4.95000000000002));
#12043=CARTESIAN_POINT('',(-2.96918642749802,0.499999999999995,4.95000000000002));
#12044=VECTOR('',#13859,1.0);
#12045=CARTESIAN_POINT('',(17.300000572502,0.499999999999995,19.05));
#12046=CARTESIAN_POINT('',(17.300000572502,0.499999999999995,11.5));
#12047=VECTOR('',#13860,1.0);
#12048=CARTESIAN_POINT('',(-2.96918642749802,0.499999999999995,19.05));
#12049=VECTOR('',#13861,1.0);
#12050=AXIS2_PLACEMENT_3D('',#13862,#13863,#13864);
#12051=COLOUR_RGB('',0.450980424880981,0.521568655967712,0.5686274766922);
#12052=CARTESIAN_POINT('',(2.69999999999999,0.999999999999998,5.697998594876));
#12053=CARTESIAN_POINT('',(2.70000057250201,1.0,2.0));
#12054=CARTESIAN_POINT('',(2.70000057250201,0.999999999999999,11.5));
#12055=VECTOR('',#13865,1.0);
#12056=CARTESIAN_POINT('',(-2.96918642749802,1.0,2.0));
#12057=VECTOR('',#13866,1.0);
#12058=CARTESIAN_POINT('',(1.5,1.0,2.79999939551601));
#12059=AXIS2_PLACEMENT_3D('',#13867,#13868,#13869);
#12060=CARTESIAN_POINT('',(1.5,0.999999999999999,3.19999939551701));
#12061=CARTESIAN_POINT('',(1.5,1.0,2.79999939551601));
#12062=VECTOR('',#13870,1.0);
#12063=AXIS2_PLACEMENT_3D('',#13871,#13872,#13873);
#12064=COLOUR_RGB('',0.450980424880981,0.521568655967712,0.5686274766922);
#12065=CARTESIAN_POINT('',(10.100000572502,14.7,17.0));
#12066=CARTESIAN_POINT('',(10.100000572502,14.7,11.5));
#12067=VECTOR('',#13874,1.0);
#12068=CARTESIAN_POINT('',(10.100000572502,5.20000000000001,11.5));
#12069=VECTOR('',#13875,1.0);
#12070=CARTESIAN_POINT('',(10.100000572502,1.99999999999999,17.0));
#12071=CARTESIAN_POINT('',(10.100000572502,1.99999999999999,11.5));
#12072=VECTOR('',#13876,1.0);
#12073=CARTESIAN_POINT('',(10.100000572502,6.91591399999999,17.0));
#12074=VECTOR('',#13877,1.0);
#12075=COLOUR_RGB('',0.450980424880981,0.521568655967712,0.5686274766922);
#12076=COLOUR_RGB('',0.450980424880981,0.521568655967712,0.5686274766922);
#12077=CARTESIAN_POINT('',(0.0,0.999999999999998,2.0));
#12078=CARTESIAN_POINT('',(0.0,3.40000000000001,2.0));
#12079=CARTESIAN_POINT('',(0.0,6.91591399999999,2.0));
#12080=VECTOR('',#13878,1.0);
#12081=CARTESIAN_POINT('',(-2.96918642749802,0.999999999999998,2.0));
#12082=VECTOR('',#13879,1.0);
#12083=CARTESIAN_POINT('',(2.70000057250201,3.2,2.0));
#12084=CARTESIAN_POINT('',(2.70000057250201,6.91591399999999,2.0));
#12085=VECTOR('',#13880,1.0);
#12086=CARTESIAN_POINT('',(1.73375659383498,3.55168404727384,2.0));
#12087=CARTESIAN_POINT('',(-2.96918642749802,5.26341532048891,2.0));
#12088=VECTOR('',#13881,1.0);
#12089=CARTESIAN_POINT('',(-2.96918642749802,3.14022984769886,2.0));
#12090=VECTOR('',#13882,1.0);
#12091=COLOUR_RGB('',0.450980424880981,0.521568655967712,0.5686274766922);
#12092=CARTESIAN_POINT('',(0.0,4.2999994274984,1.0));
#12093=CARTESIAN_POINT('',(0.0,4.2999994274984,11.5));
#12094=VECTOR('',#13883,1.0);
#12095=CARTESIAN_POINT('',(0.0,6.91591399999999,1.0));
#12096=VECTOR('',#13884,1.0);
#12097=CARTESIAN_POINT('',(0.0,0.999999999999998,11.5));
#12098=VECTOR('',#13885,1.0);
#12099=CARTESIAN_POINT('',(0.0,3.40000000000001,22.0));
#12100=CARTESIAN_POINT('',(0.0,3.40000000000001,11.5));
#12101=VECTOR('',#13886,1.0);
#12102=CARTESIAN_POINT('',(0.0,0.999999999999998,22.0));
#12103=CARTESIAN_POINT('',(0.0,6.91591399999999,22.0));
#12104=VECTOR('',#13887,1.0);
#12105=CARTESIAN_POINT('',(0.0,0.999999999999998,11.5));
#12106=VECTOR('',#13888,1.0);
#12107=COLOUR_RGB('',0.450980424880981,0.521568655967712,0.5686274766922);
#12108=CARTESIAN_POINT('',(7.10000057250198,6.87649100000001,6.59999999999999));
#12109=VECTOR('',#13889,1.0);
#12110=COLOUR_RGB('',0.450980424880981,0.521568655967712,0.5686274766922);
#12111=CARTESIAN_POINT('',(1.59999999999999,5.3,11.5));
#12112=VECTOR('',#13890,1.0);
#12113=CARTESIAN_POINT('',(1.00000057250199,5.3,17.7));
#12114=CARTESIAN_POINT('',(57.030813572502,5.3,17.7));
#12115=VECTOR('',#13891,1.0);
#12116=CARTESIAN_POINT('',(1.00000057250199,5.3,11.5));
#12117=VECTOR('',#13892,1.0);
#12118=COLOUR_RGB('',0.011764707043767,0.0196078438311815,0.0392156876623631);
#12119=CARTESIAN_POINT('',(5.94999999999999,0.999999999999999,20.799999395516));
#12120=CARTESIAN_POINT('',(5.94999999999999,0.999999999999999,20.799999395516));
#12121=VECTOR('',#13893,1.0);
#12122=CARTESIAN_POINT('',(3.44999999999999,0.999999999999999,20.799999395516));
#12123=AXIS2_PLACEMENT_3D('',#13894,#13895,#13896);
#12124=CARTESIAN_POINT('',(3.44999999999999,0.999999999999999,20.799999395516));
#12125=VECTOR('',#13897,1.0);
#12126=COLOUR_RGB('',0.450980424880981,0.521568655967712,0.5686274766922);
#12127=CARTESIAN_POINT('',(4.70000057250201,0.999999999999997,19.199999597011));
#12128=CARTESIAN_POINT('',(4.70000057250201,0.999999999999997,22.399999597011));
#12129=AXIS2_PLACEMENT_3D('',#13898,#13899,#13900);
#12130=AXIS2_PLACEMENT_3D('',#13901,#13902,#13903);
#12131=AXIS2_PLACEMENT_3D('',#13904,#13905,#13906);
#12132=COLOUR_RGB('',0.450980424880981,0.521568655967712,0.5686274766922);
#12133=CARTESIAN_POINT('',(4.70000057250201,3.8,19.199999597011));
#12134=CARTESIAN_POINT('',(4.70000057250201,3.8,22.399999597011));
#12135=AXIS2_PLACEMENT_3D('',#13907,#13908,#13909);
#12136=CARTESIAN_POINT('',(4.70000057250201,18.8633677,22.399999597011));
#12137=VECTOR('',#13910,1.0);
#12138=CARTESIAN_POINT('',(4.70000057250201,18.8633677,19.199999597011));
#12139=VECTOR('',#13911,1.0);
#12140=COLOUR_RGB('',0.450980424880981,0.521568655967712,0.5686274766922);
#12141=CARTESIAN_POINT('',(1.59999999999999,3.8,11.5));
#12142=VECTOR('',#13912,1.0);
#12143=CARTESIAN_POINT('',(7.80000008011999,3.8,20.8));
#12144=CARTESIAN_POINT('',(7.800000572502,3.8,12.5));
#12145=VECTOR('',#13913,1.0);
#12146=AXIS2_PLACEMENT_3D('',#13914,#13915,#13916);
#12147=AXIS2_PLACEMENT_3D('',#13917,#13918,#13919);
#12148=COLOUR_RGB('',0.011764707043767,0.0196078438311815,0.0392156876623631);
#12149=CARTESIAN_POINT('',(5.94999999999999,0.999999999999999,3.19999939551701));
#12150=CARTESIAN_POINT('',(5.94999999999999,0.999999999999999,3.19999939551701));
#12151=VECTOR('',#13920,1.0);
#12152=CARTESIAN_POINT('',(3.44999999999999,0.999999999999999,3.19999939551701));
#12153=AXIS2_PLACEMENT_3D('',#13921,#13922,#13923);
#12154=CARTESIAN_POINT('',(3.44999999999999,0.999999999999999,3.19999939551701));
#12155=VECTOR('',#13924,1.0);
#12156=COLOUR_RGB('',0.450980424880981,0.521568655967712,0.5686274766922);
#12157=CARTESIAN_POINT('',(4.70000057250201,1.0,4.80000040298901));
#12158=CARTESIAN_POINT('',(4.70000057250201,1.0,1.600000402989));
#12159=AXIS2_PLACEMENT_3D('',#13925,#13926,#13927);
#12160=AXIS2_PLACEMENT_3D('',#13928,#13929,#13930);
#12161=AXIS2_PLACEMENT_3D('',#13931,#13932,#13933);
#12162=COLOUR_RGB('',0.450980424880981,0.521568655967712,0.5686274766922);
#12163=CARTESIAN_POINT('',(4.70000057250201,3.8,1.600000402989));
#12164=CARTESIAN_POINT('',(4.70000057250201,18.3633677,1.600000402989));
#12165=VECTOR('',#13934,1.0);
#12166=CARTESIAN_POINT('',(4.70000057250201,3.8,4.80000040298901));
#12167=AXIS2_PLACEMENT_3D('',#13935,#13936,#13937);
#12168=CARTESIAN_POINT('',(4.70000057250201,18.3633677,4.80000040298901));
#12169=VECTOR('',#13938,1.0);
#12170=COLOUR_RGB('',0.450980424880981,0.521568655967712,0.5686274766922);
#12171=CARTESIAN_POINT('',(7.80000008011999,3.79999999999999,3.20000080597799));
#12172=AXIS2_PLACEMENT_3D('',#13939,#13940,#13941);
#12173=CARTESIAN_POINT('',(7.800000572502,3.79999999999999,11.5));
#12174=VECTOR('',#13942,1.0);
#12175=CARTESIAN_POINT('',(1.59999999999999,3.8,11.5));
#12176=VECTOR('',#13943,1.0);
#12177=AXIS2_PLACEMENT_3D('',#13944,#13945,#13946);
#12178=COLOUR_RGB('',0.450980424880981,0.521568655967712,0.5686274766922);
#12179=CARTESIAN_POINT('',(1.73375659383498,3.55168404727384,22.0));
#12180=CARTESIAN_POINT('',(-2.96918642749802,3.14022984769886,22.0));
#12181=VECTOR('',#13947,1.0);
#12182=CARTESIAN_POINT('',(2.70000057250201,3.2,22.0));
#12183=CARTESIAN_POINT('',(-2.96918642749802,5.26341532048891,22.0));
#12184=VECTOR('',#13948,1.0);
#12185=CARTESIAN_POINT('',(2.70000057250201,0.999999999999999,22.0));
#12186=CARTESIAN_POINT('',(2.70000057250201,6.91591399999999,22.0));
#12187=VECTOR('',#13949,1.0);
#12188=CARTESIAN_POINT('',(1.61671860722299,0.999999999999999,22.0));
#12189=CARTESIAN_POINT('',(-2.96918642749802,0.999999999999999,22.0));
#12190=VECTOR('',#13950,1.0);
#12191=CARTESIAN_POINT('',(-2.96918642749802,0.999999999999998,22.0));
#12192=VECTOR('',#13951,1.0);
#12193=CARTESIAN_POINT('',(-2.96918642749802,0.999999999999998,22.0));
#12194=VECTOR('',#13952,1.0);
#12195=COLOUR_RGB('',0.450980424880981,0.521568655967712,0.5686274766922);
#12196=COLOUR_RGB('',0.450980424880981,0.521568655967712,0.5686274766922);
#12197=CARTESIAN_POINT('',(2.70000057250201,0.999999999999999,18.301999737789));
#12198=CARTESIAN_POINT('',(2.70000057250201,0.999999999999999,11.5));
#12199=VECTOR('',#13953,1.0);
#12200=CARTESIAN_POINT('',(1.5,0.999999999999999,20.799999395516));
#12201=AXIS2_PLACEMENT_3D('',#13954,#13955,#13956);
#12202=CARTESIAN_POINT('',(1.5,0.999999999999999,21.199999395517));
#12203=CARTESIAN_POINT('',(1.5,0.999999999999999,20.799999395516));
#12204=VECTOR('',#13957,1.0);
#12205=AXIS2_PLACEMENT_3D('',#13958,#13959,#13960);
#12206=COLOUR_RGB('',0.450980424880981,0.521568655967712,0.5686274766922);
#12207=CARTESIAN_POINT('',(1.96830307259,0.099999999999999,22.750221779146));
#12208=AXIS2_PLACEMENT_3D('',#13961,#13962,#13963);
#12209=CARTESIAN_POINT('',(1.96830307259,0.999999999999999,22.750221779146));
#12210=CARTESIAN_POINT('',(1.96830307259,7.41591399999999,22.750221779146));
#12211=VECTOR('',#13964,1.0);
#12212=AXIS2_PLACEMENT_3D('',#13965,#13966,#13967);
#12213=COLOUR_RGB('',0.011764707043767,0.0196078438311815,0.0392156876623631);
#12214=CARTESIAN_POINT('',(1.5,0.999999999999999,21.199999395517));
#12215=VECTOR('',#13968,1.0);
#12216=AXIS2_PLACEMENT_3D('',#13969,#13970,#13971);
#12217=AXIS2_PLACEMENT_3D('',#13972,#13973,#13974);
#12218=AXIS2_PLACEMENT_3D('',#13975,#13976,#13977);
#12219=COLOUR_RGB('',0.450980424880981,0.521568655967712,0.5686274766922);
#12220=COLOUR_RGB('',0.450980424880981,0.521568655967712,0.5686274766922);
#12221=COLOUR_RGB('',0.450980424880981,0.521568655967712,0.5686274766922);
#12222=COLOUR_RGB('',0.450980424880981,0.521568655967712,0.5686274766922);
#12223=CARTESIAN_POINT('',(7.80000008011999,3.8,20.799999597011));
#12224=VECTOR('',#13978,1.0);
#12225=COLOUR_RGB('',0.450980424880981,0.521568655967712,0.5686274766922);
#12226=COLOUR_RGB('',0.011764707043767,0.0196078438311815,0.0392156876623631);
#12227=CARTESIAN_POINT('',(1.5,0.999999999999999,20.799999395516));
#12228=VECTOR('',#13979,1.0);
#12229=COLOUR_RGB('',0.011764707043767,0.0196078438311815,0.0392156876623631);
#12230=CARTESIAN_POINT('',(2.69999999999999,0.999999999999999,18.302000196157));
#12231=VECTOR('',#13980,1.0);
#12232=COLOUR_RGB('',0.450980424880981,0.521568655967712,0.5686274766922);
#12233=COLOUR_RGB('',0.450980424880981,0.521568655967712,0.5686274766922);
#12234=CARTESIAN_POINT('',(2.70000057250201,3.2,7.0));
#12235=CARTESIAN_POINT('',(2.70000057250201,3.2,11.5));
#12236=VECTOR('',#13981,1.0);
#12237=CARTESIAN_POINT('',(2.00000057250199,3.45477916398635,7.0));
#12238=CARTESIAN_POINT('',(-2.96918642749802,5.26341532048891,7.0));
#12239=VECTOR('',#13982,1.0);
#12240=CARTESIAN_POINT('',(2.00000057250199,3.45477916398635,17.0));
#12241=CARTESIAN_POINT('',(2.00000057250199,3.45477916398635,11.5));
#12242=VECTOR('',#13983,1.0);
#12243=CARTESIAN_POINT('',(2.70000057250201,3.2,17.0));
#12244=CARTESIAN_POINT('',(-2.96918642749802,5.26341532048891,17.0));
#12245=VECTOR('',#13984,1.0);
#12246=CARTESIAN_POINT('',(2.70000057250201,3.2,11.5));
#12247=VECTOR('',#13985,1.0);
#12248=CARTESIAN_POINT('',(1.73375659383498,3.55168404727384,11.5));
#12249=VECTOR('',#13986,1.0);
#12250=COLOUR_RGB('',0.450980424880981,0.521568655967712,0.5686274766922);
#12251=CARTESIAN_POINT('',(2.69999999999999,0.0999999999999981,17.0));
#12252=CARTESIAN_POINT('',(2.70000057250201,6.91591399999999,17.0));
#12253=VECTOR('',#13987,1.0);
#12254=CARTESIAN_POINT('',(2.00000057250199,0.0999999999999981,17.0));
#12255=CARTESIAN_POINT('',(2.00000057250199,0.999999999999998,17.0));
#12256=VECTOR('',#13988,1.0);
#12257=CARTESIAN_POINT('',(2.00000057250199,0.0999999999999981,17.0));
#12258=VECTOR('',#13989,1.0);
#12259=COLOUR_RGB('',0.450980424880981,0.521568655967712,0.5686274766922);
#12260=CARTESIAN_POINT('',(2.00000057250199,0.0999999999999984,7.0));
#12261=CARTESIAN_POINT('',(2.00000057250199,0.999999999999998,7.0));
#12262=VECTOR('',#13990,1.0);
#12263=CARTESIAN_POINT('',(2.00000057250199,0.0999999999999984,7.0));
#12264=VECTOR('',#13991,1.0);
#12265=COLOUR_RGB('',0.450980424880981,0.521568655967712,0.5686274766922);
#12266=CARTESIAN_POINT('',(2.69999999999999,0.999999999999999,5.697998594876));
#12267=VECTOR('',#13992,1.0);
#12268=CARTESIAN_POINT('',(2.69999999999999,0.0999999999999984,7.0));
#12269=CARTESIAN_POINT('',(2.69999999999999,0.0999999999999983,11.5));
#12270=VECTOR('',#13993,1.0);
#12271=CARTESIAN_POINT('',(2.70000057250201,6.91591399999999,7.0));
#12272=VECTOR('',#13994,1.0);
#12273=COLOUR_RGB('',0.450980424880981,0.521568655967712,0.5686274766922);
#12274=CARTESIAN_POINT('',(2.70000057250201,0.0999999999999984,7.0));
#12275=VECTOR('',#13995,1.0);
#12276=COLOUR_RGB('',0.450980424880981,0.521568655967712,0.5686274766922);
#12277=COLOUR_RGB('',0.450980424880981,0.521568655967712,0.5686274766922);
#12278=COLOUR_RGB('',0.011764707043767,0.0196078438311815,0.0392156876623631);
#12279=CARTESIAN_POINT('',(1.5,0.999999999999999,3.19999939551701));
#12280=VECTOR('',#13996,1.0);
#12281=COLOUR_RGB('',0.011764707043767,0.0196078438311815,0.0392156876623631);
#12282=CARTESIAN_POINT('',(1.5,1.0,2.79999939551601));
#12283=VECTOR('',#13997,1.0);
#12284=COLOUR_RGB('',0.450980424880981,0.521568655967712,0.5686274766922);
#12285=AXIS2_PLACEMENT_3D('',#13998,#13999,#14000);
#12286=AXIS2_PLACEMENT_3D('',#14001,#14002,#14003);
#12287=COLOUR_RGB('',0.450980424880981,0.521568655967712,0.5686274766922);
#12288=AXIS2_PLACEMENT_3D('',#14004,#14005,#14006);
#12289=AXIS2_PLACEMENT_3D('',#14007,#14008,#14009);
#12290=COLOUR_RGB('',0.450980424880981,0.521568655967712,0.5686274766922);
#12291=AXIS2_PLACEMENT_3D('',#14010,#14011,#14012);
#12292=COLOUR_RGB('',0.011764707043767,0.0196078438311815,0.0392156876623631);
#12293=COLOUR_RGB('',0.011764707043767,0.0196078438311815,0.0392156876623631);
#12294=CARTESIAN_POINT('',(7.35114928216299,14.060577,18.882316670818));
#12295=AXIS2_PLACEMENT_3D('',#14013,#14014,#14015);
#12296=AXIS2_PLACEMENT_3D('',#14016,#14017,#14018);
#12297=COLOUR_RGB('',0.450980424880981,0.521568655967712,0.5686274766922);
#12298=CARTESIAN_POINT('',(1.00000057250199,5.3,6.30000040298901));
#12299=CARTESIAN_POINT('',(57.030813572502,5.3,6.30000040298901));
#12300=VECTOR('',#14019,1.0);
#12301=CARTESIAN_POINT('',(2.61591457250199,6.91591399999999,6.30000040298901));
#12302=VECTOR('',#14020,1.0);
#12303=CARTESIAN_POINT('',(4.70000008011999,3.8,6.30000040298901));
#12304=VECTOR('',#14021,1.0);
#12305=COLOUR_RGB('',0.450980424880981,0.521568655967712,0.5686274766922);
#12306=CARTESIAN_POINT('',(2.61591457250199,6.91591399999999,17.7));
#12307=VECTOR('',#14022,1.0);
#12308=CARTESIAN_POINT('',(1.00000057250199,5.3,11.5));
#12309=VECTOR('',#14023,1.0);
#12310=COLOUR_RGB('',0.450980424880981,0.521568655967712,0.5686274766922);
#12311=CARTESIAN_POINT('',(1.59999999999999,5.3,11.5));
#12312=VECTOR('',#14024,1.0);
#12313=COLOUR_RGB('',0.450980424880981,0.521568655967712,0.5686274766922);
#12314=CARTESIAN_POINT('',(7.80000008011999,3.8,3.20000080597799));
#12315=VECTOR('',#14025,1.0);
#12316=COLOUR_RGB('',0.450980424880981,0.521568655967712,0.5686274766922);
#12317=COLOUR_RGB('',0.450980424880981,0.521568655967712,0.5686274766922);
#12318=COLOUR_RGB('',0.450980424880981,0.521568655967712,0.5686274766922);
#12319=COLOUR_RGB('',0.450980424880981,0.521568655967712,0.5686274766922);
#12320=CARTESIAN_POINT('',(4.70000008011999,3.8,17.7));
#12321=VECTOR('',#14026,1.0);
#12322=COLOUR_RGB('',0.450980424880981,0.521568655967712,0.5686274766922);
#12323=AXIS2_PLACEMENT_3D('',#14027,#14028,#14029);
#12324=COLOUR_RGB('',0.450980424880981,0.521568655967712,0.5686274766922);
#12325=CARTESIAN_POINT('',(10.202630364427,4.70000000000001,7.935816376411));
#12326=VECTOR('',#14030,1.0);
#12327=COLOUR_RGB('',0.450980424880981,0.521568655967712,0.5686274766922);
#12328=CARTESIAN_POINT('',(15.038679495247,6.91591399999999,3.999999798506));
#12329=VECTOR('',#14031,1.0);
#12330=COLOUR_RGB('',0.011764707043767,0.0196078438311815,0.0392156876623631);
#12331=CARTESIAN_POINT('',(7.323319550473,14.0598646155719,18.799999798505));
#12332=CARTESIAN_POINT('',(6.85000057250198,13.560577,18.799999798505));
#12333=AXIS2_PLACEMENT_3D('',#14032,#14033,#14034);
#12334=AXIS2_PLACEMENT_3D('',#14035,#14036,#14037);
#12335=CARTESIAN_POINT('',(7.32331955045899,14.0598646155725,18.799999798464));
#12336=CARTESIAN_POINT('',(7.32557294045299,14.0599850326351,18.806883392468));
#12337=CARTESIAN_POINT('',(7.32784289001398,14.0600897603858,18.813761362218));
#12338=CARTESIAN_POINT('',(7.33012931055399,14.0601791208814,18.820633452509));
#12339=CARTESIAN_POINT('',(7.332415731091,14.060268481377,18.827505542793));
#12340=CARTESIAN_POINT('',(7.334718622606,14.0603424745899,18.834371753614));
#12341=CARTESIAN_POINT('',(7.33703789268,14.0604014184756,18.841231830916));
#12342=CARTESIAN_POINT('',(7.339357162753,14.0604603623613,18.848091908213));
#12343=CARTESIAN_POINT('',(7.34169281138298,14.0605042568947,18.854945851986));
#12344=CARTESIAN_POINT('',(7.34404474234,14.0605334163101,18.86179340938));
#12345=CARTESIAN_POINT('',(7.346396673296,14.0605625757255,18.868640966773));
#12346=CARTESIAN_POINT('',(7.34876488657798,14.060577,18.87548213778));
#12347=CARTESIAN_POINT('',(7.35114928216299,14.060577,18.882316670818));
#12348=COLOUR_RGB('',0.450980424880981,0.521568655967712,0.5686274766922);
#12349=CARTESIAN_POINT('',(-2.96918642749802,14.7,19.35));
#12350=VECTOR('',#14038,1.0);
#12351=CARTESIAN_POINT('',(-2.96918642749802,5.20000000000001,19.35));
#12352=VECTOR('',#14039,1.0);
#12353=COLOUR_RGB('',0.450980424880981,0.521568655967712,0.5686274766922);
#12354=COLOUR_RGB('',0.011764707043767,0.0196078438311815,0.0392156876623631);
#12355=COLOUR_RGB('',0.011764707043767,0.0196078438311815,0.0392156876623631);
#12356=CARTESIAN_POINT('',(6.78301327439399,13.1945515962156,5.19999979850499));
#12357=AXIS2_PLACEMENT_3D('',#14040,#14041,#14042);
#12358=CARTESIAN_POINT('',(6.06530600300201,11.9514461372028,5.19999979850601));
#12359=VECTOR('',#14043,1.0);
#12360=COLOUR_RGB('',0.011764707043767,0.0196078438311815,0.0392156876623631);
#12361=CARTESIAN_POINT('',(6.78301327439399,13.1945515962156,36.199999798506));
#12362=VECTOR('',#14044,1.0);
#12363=COLOUR_RGB('',0.011764707043767,0.0196078438311815,0.0392156876623631);
#12364=CARTESIAN_POINT('',(6.85000057250198,13.4445515962156,5.19999979850499));
#12365=AXIS2_PLACEMENT_3D('',#14045,#14046,#14047);
#12366=CARTESIAN_POINT('',(6.85000057250198,13.4445515962156,-11.200000201495));
#12367=VECTOR('',#14048,1.0);
#12368=COLOUR_RGB('',0.011764707043767,0.0196078438311815,0.0392156876623631);
#12369=AXIS2_PLACEMENT_3D('',#14049,#14050,#14051);
#12370=COLOUR_RGB('',0.011764707043767,0.0196078438311815,0.0392156876623631);
#12371=CARTESIAN_POINT('',(6.85000057250198,13.560577,5.19999979850499));
#12372=AXIS2_PLACEMENT_3D('',#14052,#14053,#14054);
#12373=CARTESIAN_POINT('',(6.85000057250198,11.9514461372028,5.19999979850601));
#12374=VECTOR('',#14055,1.0);
#12375=COLOUR_RGB('',0.011764707043767,0.0196078438311815,0.0392156876623631);
#12376=CARTESIAN_POINT('',(7.323319682381,14.0598646226221,5.199999798547));
#12377=AXIS2_PLACEMENT_3D('',#14056,#14057,#14058);
#12378=CARTESIAN_POINT('',(7.35114926993501,14.060577,5.117683364231));
#12379=CARTESIAN_POINT('',(7.348764887057,14.060577,5.12451786102801));
#12380=CARTESIAN_POINT('',(7.34639668631098,14.0605625758658,5.13135899572299));
#12381=CARTESIAN_POINT('',(7.34404476771599,14.0605334167359,5.138206516737));
#12382=CARTESIAN_POINT('',(7.34169284912099,14.060504257606,5.145054037752));
#12383=CARTESIAN_POINT('',(7.33935721268,14.0604603635033,5.15190794507902));
#12384=CARTESIAN_POINT('',(7.33703795462199,14.0604014201985,5.158767985868));
#12385=CARTESIAN_POINT('',(7.33471869656199,14.0603424768936,5.16562802666101));
#12386=CARTESIAN_POINT('',(7.33241581688699,14.0602684844116,5.17249420091102));
#12387=CARTESIAN_POINT('',(7.33012940801299,14.0601791248022,5.17936625456599));
#12388=CARTESIAN_POINT('',(7.327842999137,14.0600897651927,5.186238308226));
#12389=CARTESIAN_POINT('',(7.32557306106298,14.0599850384832,5.19311624128702));
#12390=CARTESIAN_POINT('',(7.323319682381,14.0598646226221,5.199999798547));
#12391=COLOUR_RGB('',0.011764707043767,0.0196078438311815,0.0392156876623631);
#12392=CARTESIAN_POINT('',(6.85000057250198,11.9514461372028,18.799999798505));
#12393=VECTOR('',#14059,1.0);
#12394=CARTESIAN_POINT('',(6.85000057250198,13.560577,-11.200000201495));
#12395=VECTOR('',#14060,1.0);
#12396=COLOUR_RGB('',0.011764707043767,0.0196078438311815,0.0392156876623631);
#12397=CARTESIAN_POINT('',(7.323319550473,14.0598646155719,18.799999798505));
#12398=CARTESIAN_POINT('',(7.31409341133698,14.0593715874778,18.771816041484));
#12399=CARTESIAN_POINT('',(7.30514508751401,14.058637223913,18.743538587864));
#12400=CARTESIAN_POINT('',(7.296477314811,14.0577040067962,18.715175870564));
#12401=CARTESIAN_POINT('',(7.287809539368,14.0567707893844,18.686813144295));
#12402=CARTESIAN_POINT('',(7.279422298882,14.0556386681698,18.65836510295));
#12403=CARTESIAN_POINT('',(7.271317966385,14.0543472375546,18.629840191041));
#12404=CARTESIAN_POINT('',(7.2551093161,14.0517643786678,18.572790418989));
#12405=CARTESIAN_POINT('',(7.24003254613299,14.0485460169304,18.515432696231));
#12406=CARTESIAN_POINT('',(7.22610291338898,14.0449832035795,18.457837070442));
#12407=CARTESIAN_POINT('',(7.212170241856,14.0414196129909,18.400228880007));
#12408=CARTESIAN_POINT('',(7.19939639236298,14.037514892239,18.342438002987));
#12409=CARTESIAN_POINT('',(7.18775877161599,14.0335226607745,18.284376780856));
#12410=CARTESIAN_POINT('',(7.17611943755898,14.0295298415666,18.226307010849));
#12411=CARTESIAN_POINT('',(7.16561611273698,14.0254482252223,18.167953832954));
#12412=CARTESIAN_POINT('',(7.15626525440899,14.0215180228258,18.109377489589));
#12413=CARTESIAN_POINT('',(7.14691439870001,14.0175878215298,18.050801162626));
#12414=CARTESIAN_POINT('',(7.13871609060899,14.0138098185094,17.99200190298));
#12415=CARTESIAN_POINT('',(7.13168277822601,14.0103962311401,17.933044172043));
#12416=CARTESIAN_POINT('',(7.12816613003,14.0086894413361,17.903565373599));
#12417=CARTESIAN_POINT('',(7.12494067768699,14.0070732545652,17.874047138009));
#12418=CARTESIAN_POINT('',(7.122007553869,14.0055704645096,17.844498059688));
#12419=CARTESIAN_POINT('',(7.119074430056,14.0040676744563,17.814948981412));
#12420=CARTESIAN_POINT('',(7.11643364053199,14.002678321101,17.785369105121));
#12421=CARTESIAN_POINT('',(7.11408598838699,14.0014219943046,17.755767261026));
#12422=CARTESIAN_POINT('',(7.11173833575299,14.0001656672464,17.726165410762));
#12423=CARTESIAN_POINT('',(7.109683825817,13.9990424051527,17.696541655771));
#12424=CARTESIAN_POINT('',(7.10792290357799,13.9980680310041,17.666904882585));
#12425=CARTESIAN_POINT('',(7.10616198040799,13.9970936563405,17.637268093732));
#12426=CARTESIAN_POINT('',(7.10469464843899,13.9962682017789,17.607618368706));
#12427=CARTESIAN_POINT('',(7.10352098421399,13.9956032205401,17.577964356275));
#12428=CARTESIAN_POINT('',(7.10234731884501,13.9949382386537,17.548310314972));
#12429=CARTESIAN_POINT('',(7.101467321342,13.9944337514648,17.518652085404));
#12430=CARTESIAN_POINT('',(7.100880723367,13.9940966659516,17.48899765792));
#12431=CARTESIAN_POINT('',(7.10029419390898,13.9937596198119,17.459346694227));
#12432=CARTESIAN_POINT('',(7.10000057250198,13.9935897018924,17.429679280804));
#12433=CARTESIAN_POINT('',(7.10000057250198,13.9935897018924,17.4));
#12434=CARTESIAN_POINT('',(7.32331968239399,14.0598646226215,5.19999979850601));
#12435=CARTESIAN_POINT('',(7.314093537844,14.0593715966827,5.22818356308301));
#12436=CARTESIAN_POINT('',(7.30514520876,14.0586372349185,5.256461024354));
#12437=CARTESIAN_POINT('',(7.296477430957,14.0577040193011,5.28482374938301));
#12438=CARTESIAN_POINT('',(7.287809650415,14.0567708033888,5.31318648337501));
#12439=CARTESIAN_POINT('',(7.279422404988,14.0556386833725,5.341634532527));
#12440=CARTESIAN_POINT('',(7.271318067713,14.0543472537013,5.37015945231201));
#12441=CARTESIAN_POINT('',(7.255109407877,14.0517643967032,5.427209240103));
#12442=CARTESIAN_POINT('',(7.24003262901999,14.0485460358423,5.48456697885001));
#12443=CARTESIAN_POINT('',(7.22610298807601,14.0449832226825,5.542162620743));
#12444=CARTESIAN_POINT('',(7.212170308309,14.0414196322764,5.599770827425));
#12445=CARTESIAN_POINT('',(7.19939645142199,14.0375149110682,5.65756172008599));
#12446=CARTESIAN_POINT('',(7.18775882364599,14.033522678623,5.715622959564));
#12447=CARTESIAN_POINT('',(7.17611948262498,14.0295298584576,5.77369274658));
#12448=CARTESIAN_POINT('',(7.165616151546,14.0254482407399,5.832045941578));
#12449=CARTESIAN_POINT('',(7.15626528766199,14.0215180368018,5.89062230211101));
#12450=CARTESIAN_POINT('',(7.14691442639599,14.0175878339642,5.949198646241));
#12451=CARTESIAN_POINT('',(7.13871611344999,14.0138098292344,6.00799792311901));
#12452=CARTESIAN_POINT('',(7.13168279691098,14.0103962402091,6.06695567132201));
#12453=CARTESIAN_POINT('',(7.12816614663799,14.008689449577,6.096434478399));
#12454=CARTESIAN_POINT('',(7.12494069239099,14.007073261991,6.12595272263002));
#12455=CARTESIAN_POINT('',(7.12200756684399,14.0055704711574,6.15550180959801));
#12456=CARTESIAN_POINT('',(7.119074441301,14.004067680326,6.18505089652101));
#12457=CARTESIAN_POINT('',(7.11643365022201,14.0026783262299,6.21463078146201));
#12458=CARTESIAN_POINT('',(7.11408599669599,14.0014219987509,6.24423263421102));
#12459=CARTESIAN_POINT('',(7.11173834267998,14.0001656710103,6.27383449312299));
#12460=CARTESIAN_POINT('',(7.10968383153499,13.9990424082922,6.30345825676901));
#12461=CARTESIAN_POINT('',(7.10792290825998,13.9980680335949,6.33309503861202));
#12462=CARTESIAN_POINT('',(7.10616198405398,13.9970936583827,6.36273183612101));
#12463=CARTESIAN_POINT('',(7.10469465122199,13.9962682033482,6.39238156980102));
#12464=CARTESIAN_POINT('',(7.103520986305,13.9956032217251,6.42203559088099));
#12465=CARTESIAN_POINT('',(7.102347320245,13.9949382394543,6.45168964083899));
#12466=CARTESIAN_POINT('',(7.10146732222199,13.9944337519697,6.48134787905801));
#12467=CARTESIAN_POINT('',(7.100880723898,13.9940966662573,6.511002315193));
#12468=CARTESIAN_POINT('',(7.10029419409099,13.993759619917,6.54065328764599));
#12469=CARTESIAN_POINT('',(7.10000057250198,13.9935897018923,6.570320710244));
#12470=CARTESIAN_POINT('',(7.10000057250198,13.9935897018923,6.59999999999999));
#12471=COLOUR_RGB('',0.450980424880981,0.521568655967712,0.5686274766922);
#12472=COLOUR_RGB('',0.450980424880981,0.521568655967712,0.5686274766922);
#12473=COLOUR_RGB('',0.011764707043767,0.0196078438311815,0.0392156876623631);
#12474=COLOUR_RGB('',0.450980424880981,0.521568655967712,0.5686274766922);
#12475=COLOUR_RGB('',0.450980424880981,0.521568655967712,0.5686274766922);
#12476=COLOUR_RGB('',0.450980424880981,0.521568655967712,0.5686274766922);
#12477=CARTESIAN_POINT('',(9.60000057249599,4.70000000000001,11.156499999995));
#12478=VECTOR('',#14061,1.0);
#12479=COLOUR_RGB('',0.450980424880981,0.521568655967712,0.5686274766922);
#12480=COLOUR_RGB('',0.450980424880981,0.521568655967712,0.5686274766922);
#12481=CARTESIAN_POINT('',(17.300000572502,6.91591399999999,19.05));
#12482=VECTOR('',#14062,1.0);
#12483=COLOUR_RGB('',0.450980424880981,0.521568655967712,0.5686274766922);
#12484=CARTESIAN_POINT('',(-2.96918642749802,14.7,17.0));
#12485=VECTOR('',#14063,1.0);
#12486=COLOUR_RGB('',0.450980424880981,0.521568655967712,0.5686274766922);
#12487=CARTESIAN_POINT('',(17.300000572502,6.91591399999999,4.95000000000002));
#12488=VECTOR('',#14064,1.0);
#12489=COLOUR_RGB('',0.450980424880981,0.521568655967712,0.5686274766922);
#12490=COLOUR_RGB('',0.450980424880981,0.521568655967712,0.5686274766922);
#12491=COLOUR_RGB('',0.450980424880981,0.521568655967712,0.5686274766922);
#12492=COLOUR_RGB('',0.450980424880981,0.521568655967712,0.5686274766922);
#12493=CARTESIAN_POINT('',(-2.96918642749802,1.99999999999999,17.0));
#12494=VECTOR('',#14065,1.0);
#12495=AXIS2_PLACEMENT_3D('',#14066,#14067,#14068);
#12496=COLOUR_RGB('',0.450980424880981,0.521568655967712,0.5686274766922);
#12497=COLOUR_RGB('',0.450980424880981,0.521568655967712,0.5686274766922);
#12498=COLOUR_RGB('',0.450980424880981,0.521568655967712,0.5686274766922);
#12499=COLOUR_RGB('',0.011764707043767,0.0196078438311815,0.0392156876623631);
#12500=COLOUR_RGB('',0.011764707043767,0.0196078438311815,0.0392156876623631);
#12501=COLOUR_RGB('',0.450980424880981,0.521568655967712,0.5686274766922);
#12502=COLOUR_RGB('',0.450980424880981,0.521568655967712,0.5686274766922);
#12503=COLOUR_RGB('',0.011764707043767,0.0196078438311815,0.0392156876623631);
#12504=COLOUR_RGB('',0.450980424880981,0.521568655967712,0.5686274766922);
#12505=COLOUR_RGB('',0.450980424880981,0.521568655967712,0.5686274766922);
#12506=COLOUR_RGB('',0.450980424880981,0.521568655967712,0.5686274766922);
#12507=COLOUR_RGB('',0.450980424880981,0.521568655967712,0.5686274766922);
#12508=COLOUR_RGB('',0.011764707043767,0.0196078438311815,0.0392156876623631);
#12509=COLOUR_RGB('',0.313725501298904,0.313725501298904,0.313725501298904);
#12510=CARTESIAN_POINT('',(10.300000572502,11.9579490558371,5.19999979850499));
#12511=DIRECTION('',(0.0,-1.0,-2.77555756156289E-17));
#12512=DIRECTION('',(0.0,2.77555756156289E-17,-1.0));
#12513=CARTESIAN_POINT('',(6.300000572502,11.9579490558371,5.19999979850601));
#12514=DIRECTION('',(1.83697019872103E-16,-2.77555756156289E-17,1.0));
#12515=DIRECTION('',(-1.0,-5.09861652542584E-33,1.83697019872103E-16));
#12516=CARTESIAN_POINT('',(10.300000572502,12.0579490558371,5.19999979850499));
#12517=DIRECTION('',(-6.65090142433039E-18,-1.0,-2.77555756156289E-17));
#12518=DIRECTION('',(-1.0,6.6509014243302E-18,6.74929071855695E-15));
#12519=CARTESIAN_POINT('',(10.300000572502,11.9579490558371,1.19999979850499));
#12520=DIRECTION('',(-1.0,0.0,0.0));
#12521=DIRECTION('',(0.0,2.77555756156289E-17,-1.0));
#12522=CARTESIAN_POINT('',(10.300000572502,11.9579490558371,18.799999798505));
#12523=DIRECTION('',(0.0,1.0,2.77555756156289E-17));
#12524=DIRECTION('',(0.0,-2.77555756156289E-17,1.0));
#12525=CARTESIAN_POINT('',(6.300000572502,11.9579490558371,18.799999798505));
#12526=DIRECTION('',(-1.83697019872103E-16,-2.77555756156289E-17,1.0));
#12527=DIRECTION('',(-1.0,5.09861652542584E-33,-1.83697019872103E-16));
#12528=CARTESIAN_POINT('',(10.300000572502,11.8165276995998,18.799999798505));
#12529=DIRECTION('',(-4.08509172995084E-47,1.0,2.77555756156289E-17));
#12530=DIRECTION('',(-1.0,1.88781177164768E-31,-6.80155871307049E-15));
#12531=CARTESIAN_POINT('',(10.300000572502,11.9579490558371,22.799999798505));
#12532=DIRECTION('',(1.0,0.0,0.0));
#12533=DIRECTION('',(0.0,-2.77555756156289E-17,1.0));
#12534=CARTESIAN_POINT('',(10.300000572502,11.5922636308879,5.19999979850499));
#12535=DIRECTION('',(0.0,-1.0,-2.77555756156289E-17));
#12536=DIRECTION('',(0.0,2.77555756156289E-17,-1.0));
#12537=CARTESIAN_POINT('',(6.10000057250198,11.5922636308879,5.19999979850601));
#12538=DIRECTION('',(1.83697019872103E-16,-2.77555756156289E-17,1.0));
#12539=DIRECTION('',(-1.0,-5.09861652542584E-33,1.83697019872103E-16));
#12540=CARTESIAN_POINT('',(10.300000572502,11.7336849871252,5.19999979850499));
#12541=DIRECTION('',(0.0,-1.0,-2.77555756156289E-17));
#12542=DIRECTION('',(-1.0,-1.94368761692802E-31,7.00287266185736E-15));
#12543=CARTESIAN_POINT('',(10.300000572502,11.5922636308879,0.999999798505002));
#12544=DIRECTION('',(-1.0,-6.16297582203914E-33,2.22044604925031E-16));
#12545=DIRECTION('',(-2.22044604925031E-16,2.77555756156289E-17,-1.0));
#12546=CARTESIAN_POINT('',(65.800000572502,11.9579490558371,18.799999798505));
#12547=DIRECTION('',(0.0,-1.0,-2.77555756156289E-17));
#12548=DIRECTION('',(0.0,2.77555756156289E-17,-1.0));
#12549=CARTESIAN_POINT('',(69.800000572502,11.9579490558371,18.799999798505));
#12550=DIRECTION('',(-1.83697019872103E-16,2.77555756156289E-17,-1.0));
#12551=DIRECTION('',(1.0,5.09861652542584E-33,-1.83697019872103E-16));
#12552=CARTESIAN_POINT('',(65.800000572502,12.0579490558371,18.799999798505));
#12553=DIRECTION('',(6.65090142433039E-18,-1.0,-2.77555756156289E-17));
#12554=DIRECTION('',(1.0,6.65090142433058E-18,-6.74929071855695E-15));
#12555=CARTESIAN_POINT('',(65.800000572502,11.9579490558371,22.799999798505));
#12556=DIRECTION('',(1.0,6.16297582203914E-33,-2.22044604925031E-16));
#12557=DIRECTION('',(2.22044604925031E-16,-2.77555756156289E-17,1.0));
#12558=CARTESIAN_POINT('',(65.800000572502,11.5922636308879,5.19999979850499));
#12559=DIRECTION('',(0.0,1.0,2.77555756156289E-17));
#12560=DIRECTION('',(0.0,-2.77555756156289E-17,1.0));
#12561=CARTESIAN_POINT('',(65.800000572502,11.560577,5.19999979850499));
#12562=DIRECTION('',(0.0,1.0,2.77555756156289E-17));
#12563=DIRECTION('',(1.0,-1.97090760588953E-31,7.1009430075726E-15));
#12564=CARTESIAN_POINT('',(65.800000572502,11.9579490558371,5.19999979850499));
#12565=DIRECTION('',(0.0,1.0,2.77555756156289E-17));
#12566=DIRECTION('',(0.0,-2.77555756156289E-17,1.0));
#12567=CARTESIAN_POINT('',(69.800000572502,11.9579490558371,5.19999979850601));
#12568=DIRECTION('',(1.83697019872103E-16,2.77555756156289E-17,-1.0));
#12569=DIRECTION('',(1.0,-5.09861652542584E-33,1.83697019872103E-16));
#12570=CARTESIAN_POINT('',(65.800000572502,11.8165276995998,5.19999979850499));
#12571=DIRECTION('',(-4.08509172995084E-47,1.0,2.77555756156289E-17));
#12572=DIRECTION('',(1.0,-1.88781177164768E-31,6.80155871307049E-15));
#12573=CARTESIAN_POINT('',(65.800000572502,11.9579490558371,1.19999979850499));
#12574=DIRECTION('',(-1.0,0.0,0.0));
#12575=DIRECTION('',(0.0,2.77555756156289E-17,-1.0));
#12576=DIRECTION('',(0.0,-1.0,-2.77555756156289E-17));
#12577=CARTESIAN_POINT('',(4.70000008011999,5.3,20.799999597011));
#12578=DIRECTION('',(0.0,-1.0,-2.77555756156289E-17));
#12579=DIRECTION('',(0.0,-2.77555756156289E-17,1.0));
#12580=DIRECTION('',(0.0,1.0,2.77555756156289E-17));
#12581=CARTESIAN_POINT('',(4.70000008011999,3.8,20.799999597011));
#12582=DIRECTION('',(0.0,-1.0,-2.77555756156289E-17));
#12583=DIRECTION('',(0.0,-2.77555756156289E-17,1.0));
#12584=DIRECTION('',(1.22464658788737E-16,-1.0,1.55941412567477E-16));
#12585=CARTESIAN_POINT('',(9.79350057249599,16.7,11.156499999995));
#12586=DIRECTION('',(-1.22464658788737E-16,1.0,-1.55941412567477E-16));
#12587=DIRECTION('',(-6.12323293943687E-17,1.55941412567477E-16,1.0));
#12588=DIRECTION('',(-1.22464658788737E-16,1.0,-1.55941412567477E-16));
#12589=CARTESIAN_POINT('',(9.79350057249599,8.20000000000001,11.156499999995));
#12590=DIRECTION('',(-1.22464658788737E-16,1.0,-1.55941412567477E-16));
#12591=DIRECTION('',(-6.12323293943687E-17,1.55941412567477E-16,1.0));
#12592=DIRECTION('',(-1.22464658788737E-16,1.0,-1.55941412567477E-16));
#12593=CARTESIAN_POINT('',(10.327500572496,8.20000000000001,7.78799999999501));
#12594=DIRECTION('',(-1.22464658788737E-16,1.0,-1.55941412567477E-16));
#12595=DIRECTION('',(-6.12323293943687E-17,1.55941412567477E-16,1.0));
#12596=DIRECTION('',(-1.22464658788737E-16,1.0,-1.55941412567477E-16));
#12597=CARTESIAN_POINT('',(10.327500572496,16.7,7.78799999999501));
#12598=DIRECTION('',(-1.22464658788737E-16,1.0,-1.55941412567477E-16));
#12599=DIRECTION('',(-6.12323293943687E-17,1.55941412567477E-16,1.0));
#12600=DIRECTION('',(0.0,1.0,2.77555756156289E-17));
#12601=CARTESIAN_POINT('',(4.69999999999999,3.8,3.20000080597799));
#12602=DIRECTION('',(0.0,1.0,2.77555756156289E-17));
#12603=DIRECTION('',(0.0,2.77555756156289E-17,-1.0));
#12604=DIRECTION('',(0.0,1.0,2.77555756156289E-17));
#12605=CARTESIAN_POINT('',(4.70000008011999,5.3,3.20000080597799));
#12606=DIRECTION('',(0.0,1.0,2.77555756156289E-17));
#12607=DIRECTION('',(0.0,2.77555756156289E-17,-1.0));
#12608=DIRECTION('',(0.0,1.0,2.77555756156289E-17));
#12609=CARTESIAN_POINT('',(1.0,0.0999999999999996,1.0));
#12610=DIRECTION('',(0.0,-1.0,-2.77555756156289E-17));
#12611=DIRECTION('',(0.0,2.77555756156289E-17,-1.0));
#12612=DIRECTION('',(0.0,-1.0,-2.77555756156289E-17));
#12613=CARTESIAN_POINT('',(1.0,0.999999999999998,1.0));
#12614=DIRECTION('',(0.0,-1.0,-2.77555756156289E-17));
#12615=DIRECTION('',(1.0,0.0,0.0));
#12616=CARTESIAN_POINT('',(1.0,0.999999999999998,1.0));
#12617=DIRECTION('',(0.0,-1.0,-2.77555756156289E-17));
#12618=DIRECTION('',(1.0,0.0,0.0));
#12619=DIRECTION('',(-0.0,-1.0,-2.77555756156289E-17));
#12620=CARTESIAN_POINT('',(1.0,0.999999999999998,1.0));
#12621=DIRECTION('',(0.0,-1.0,-2.77555756156289E-17));
#12622=DIRECTION('',(1.0,0.0,0.0));
#12623=DIRECTION('',(0.0,-1.0,-2.77555756156289E-17));
#12624=CARTESIAN_POINT('',(1.0,0.0999999999999996,1.0));
#12625=DIRECTION('',(0.0,-1.0,-2.77555756156289E-17));
#12626=DIRECTION('',(0.0,2.77555756156289E-17,-1.0));
#12627=DIRECTION('',(0.0,1.0,2.77555756156289E-17));
#12628=CARTESIAN_POINT('',(1.0,0.999999999999998,23.0));
#12629=DIRECTION('',(0.0,-1.0,-2.77555756156289E-17));
#12630=DIRECTION('',(1.0,0.0,0.0));
#12631=CARTESIAN_POINT('',(1.0,0.999999999999998,23.0));
#12632=DIRECTION('',(0.0,-1.0,-2.77555756156289E-17));
#12633=DIRECTION('',(1.0,0.0,0.0));
#12634=DIRECTION('',(0.0,-1.0,-2.77555756156289E-17));
#12635=CARTESIAN_POINT('',(1.0,0.099999999999999,23.0));
#12636=DIRECTION('',(0.0,-1.0,-2.77555756156289E-17));
#12637=DIRECTION('',(0.0,2.77555756156289E-17,-1.0));
#12638=DIRECTION('',(-0.0,-1.0,-2.77555756156289E-17));
#12639=CARTESIAN_POINT('',(1.0,0.999999999999998,23.0));
#12640=DIRECTION('',(0.0,-1.0,-2.77555756156289E-17));
#12641=DIRECTION('',(1.0,0.0,0.0));
#12642=DIRECTION('',(0.0,-1.0,-2.77555756156289E-17));
#12643=CARTESIAN_POINT('',(1.0,5.2999994274984,23.0));
#12644=DIRECTION('',(0.707106781186548,-0.707106781186548,-1.96261557335472E-17));
#12645=DIRECTION('',(-0.707106781186548,-0.707106781186548,-1.96261557335472E-17));
#12646=DIRECTION('',(0.0,-1.0,-2.77555756156289E-17));
#12647=CARTESIAN_POINT('',(1.0,0.099999999999999,23.0));
#12648=DIRECTION('',(0.0,-1.0,-2.77555756156289E-17));
#12649=DIRECTION('',(0.0,2.77555756156289E-17,-1.0));
#12650=DIRECTION('',(-1.22464658788737E-16,1.0,-1.55941412567477E-16));
#12651=CARTESIAN_POINT('',(9.79350057249599,8.20000000000001,7.843499999995));
#12652=DIRECTION('',(-1.22464658788737E-16,1.0,-1.55941412567477E-16));
#12653=DIRECTION('',(-6.12323293943687E-17,1.55941412567477E-16,1.0));
#12654=DIRECTION('',(-1.22464658788737E-16,1.0,-1.55941412567477E-16));
#12655=CARTESIAN_POINT('',(9.79350057249599,16.7,7.843499999995));
#12656=DIRECTION('',(-1.22464658788737E-16,1.0,-1.55941412567477E-16));
#12657=DIRECTION('',(-6.12323293943687E-17,1.55941412567477E-16,1.0));
#12658=DIRECTION('',(-6.12323399573677E-17,-2.77555756156289E-17,1.0));
#12659=CARTESIAN_POINT('',(6.300000572502,11.9579490558371,5.19999979850601));
#12660=DIRECTION('',(1.83697019872103E-16,-2.77555756156289E-17,1.0));
#12661=DIRECTION('',(-1.0,-5.09861652542584E-33,1.83697019872103E-16));
#12662=DIRECTION('',(6.12323399573677E-17,-2.77555756156289E-17,1.0));
#12663=DIRECTION('',(1.22464658788737E-16,-1.0,-2.11452563798735E-16));
#12664=CARTESIAN_POINT('',(10.327500572496,16.7,12.788000000005));
#12665=DIRECTION('',(1.22464658788737E-16,-1.0,-2.11452563798735E-16));
#12666=DIRECTION('',(-6.12323293943687E-17,2.11452563798735E-16,-1.0));
#12667=DIRECTION('',(-1.22464658788737E-16,1.0,2.11452563798735E-16));
#12668=CARTESIAN_POINT('',(10.327500572496,8.20000000000002,12.788000000005));
#12669=DIRECTION('',(1.22464658788737E-16,-1.0,-2.11452563798735E-16));
#12670=DIRECTION('',(-6.12323293943687E-17,2.11452563798735E-16,-1.0));
#12671=DIRECTION('',(-1.0,-0.0,-0.0));
#12672=DIRECTION('',(-1.0,0.0,0.0));
#12673=CARTESIAN_POINT('',(10.300000572502,11.9579490558371,22.799999798505));
#12674=DIRECTION('',(1.0,0.0,0.0));
#12675=DIRECTION('',(0.0,-2.77555756156289E-17,1.0));
#12676=DIRECTION('',(-1.22464658788737E-16,1.0,2.11452563798735E-16));
#12677=CARTESIAN_POINT('',(9.79350057249599,8.20000000000001,16.156500000005));
#12678=DIRECTION('',(1.22464658788737E-16,-1.0,-2.11452563798735E-16));
#12679=DIRECTION('',(-6.12323293943687E-17,2.11452563798735E-16,-1.0));
#12680=DIRECTION('',(-1.22464658788737E-16,1.0,2.11452563798735E-16));
#12681=CARTESIAN_POINT('',(9.79350057249599,16.7,16.156500000005));
#12682=DIRECTION('',(1.22464658788737E-16,-1.0,-2.11452563798735E-16));
#12683=DIRECTION('',(-6.12323293943687E-17,2.11452563798735E-16,-1.0));
#12684=DIRECTION('',(1.22464658788737E-16,-1.0,-2.11452563798735E-16));
#12685=CARTESIAN_POINT('',(9.79350057249599,16.7,12.843500000005));
#12686=DIRECTION('',(1.22464658788737E-16,-1.0,-2.11452563798735E-16));
#12687=DIRECTION('',(-6.12323293943687E-17,2.11452563798735E-16,-1.0));
#12688=DIRECTION('',(-1.22464658788737E-16,1.0,2.11452563798735E-16));
#12689=CARTESIAN_POINT('',(9.79350057249599,8.20000000000002,12.843500000005));
#12690=DIRECTION('',(1.22464658788737E-16,-1.0,-2.11452563798735E-16));
#12691=DIRECTION('',(-6.12323293943687E-17,2.11452563798735E-16,-1.0));
#12692=DIRECTION('',(6.12323399573677E-17,-2.77555756156289E-17,1.0));
#12693=CARTESIAN_POINT('',(69.800000572502,11.9579490558371,5.19999979850601));
#12694=DIRECTION('',(1.83697019872103E-16,2.77555756156289E-17,-1.0));
#12695=DIRECTION('',(1.0,-5.09861652542584E-33,1.83697019872103E-16));
#12696=DIRECTION('',(-6.12323399573677E-17,2.77555756156289E-17,-1.0));
#12697=DIRECTION('',(1.22464658788737E-16,1.0,2.11452563798735E-16));
#12698=CARTESIAN_POINT('',(65.672500572508,8.20000000000002,16.212000000005));
#12699=DIRECTION('',(1.22464658788737E-16,1.0,2.11452563798735E-16));
#12700=DIRECTION('',(6.12323293943687E-17,2.11452563798735E-16,-1.0));
#12701=DIRECTION('',(1.22464658788737E-16,1.0,2.11452563798735E-16));
#12702=CARTESIAN_POINT('',(65.672500572508,16.7,16.212000000005));
#12703=DIRECTION('',(1.22464658788737E-16,1.0,2.11452563798735E-16));
#12704=DIRECTION('',(6.12323293943687E-17,2.11452563798735E-16,-1.0));
#12705=DIRECTION('',(1.22464658788737E-16,1.0,2.11452563798735E-16));
#12706=CARTESIAN_POINT('',(66.206500572508,8.20000000000002,16.156500000005));
#12707=DIRECTION('',(1.22464658788737E-16,1.0,2.11452563798735E-16));
#12708=DIRECTION('',(6.12323293943687E-17,2.11452563798735E-16,-1.0));
#12709=DIRECTION('',(1.22464658788737E-16,1.0,2.11452563798735E-16));
#12710=CARTESIAN_POINT('',(66.206500572508,16.7,16.156500000005));
#12711=DIRECTION('',(1.22464658788737E-16,1.0,2.11452563798735E-16));
#12712=DIRECTION('',(6.12323293943687E-17,2.11452563798735E-16,-1.0));
#12713=DIRECTION('',(-1.22464658788737E-16,-1.0,1.55941412567477E-16));
#12714=CARTESIAN_POINT('',(66.206500572508,16.7,11.156499999995));
#12715=DIRECTION('',(-1.22464658788737E-16,-1.0,1.55941412567477E-16));
#12716=DIRECTION('',(6.12323293943687E-17,1.55941412567477E-16,1.0));
#12717=DIRECTION('',(1.22464658788737E-16,1.0,-1.55941412567477E-16));
#12718=CARTESIAN_POINT('',(66.206500572508,8.20000000000002,11.156499999995));
#12719=DIRECTION('',(-1.22464658788737E-16,-1.0,1.55941412567477E-16));
#12720=DIRECTION('',(6.12323293943687E-17,1.55941412567477E-16,1.0));
#12721=DIRECTION('',(0.0,1.0,2.77555756156289E-17));
#12722=CARTESIAN_POINT('',(71.300000572502,3.8,20.799999597011));
#12723=DIRECTION('',(0.0,1.0,2.77555756156289E-17));
#12724=DIRECTION('',(0.0,-2.77555756156289E-17,1.0));
#12725=DIRECTION('',(0.0,1.0,2.77555756156289E-17));
#12726=CARTESIAN_POINT('',(71.300000572502,5.3,20.799999597011));
#12727=DIRECTION('',(0.0,1.0,2.77555756156289E-17));
#12728=DIRECTION('',(0.0,-2.77555756156289E-17,1.0));
#12729=DIRECTION('',(-1.22464658788737E-16,-1.0,-2.11452563798735E-16));
#12730=CARTESIAN_POINT('',(66.206500572508,16.7,12.843500000005));
#12731=DIRECTION('',(1.22464658788737E-16,1.0,2.11452563798735E-16));
#12732=DIRECTION('',(6.12323293943687E-17,2.11452563798735E-16,-1.0));
#12733=DIRECTION('',(1.22464658788737E-16,1.0,2.11452563798735E-16));
#12734=CARTESIAN_POINT('',(66.206500572508,8.20000000000002,12.843500000005));
#12735=DIRECTION('',(1.22464658788737E-16,1.0,2.11452563798735E-16));
#12736=DIRECTION('',(6.12323293943687E-17,2.11452563798735E-16,-1.0));
#12737=DIRECTION('',(0.0,-1.0,-2.77555756156289E-17));
#12738=CARTESIAN_POINT('',(75.000000572502,0.099999999999999,23.0));
#12739=DIRECTION('',(0.0,-1.0,-2.77555756156289E-17));
#12740=DIRECTION('',(0.0,2.77555756156289E-17,-1.0));
#12741=DIRECTION('',(0.0,1.0,2.77555756156289E-17));
#12742=CARTESIAN_POINT('',(75.000000572502,0.999999999999998,23.0));
#12743=DIRECTION('',(0.0,1.0,2.77555756156289E-17));
#12744=DIRECTION('',(-1.0,0.0,0.0));
#12745=CARTESIAN_POINT('',(75.000000572502,0.999999999999998,23.0));
#12746=DIRECTION('',(0.0,1.0,2.77555756156289E-17));
#12747=DIRECTION('',(-1.0,0.0,0.0));
#12748=DIRECTION('',(-0.0,1.0,2.77555756156289E-17));
#12749=CARTESIAN_POINT('',(75.000000572502,0.099999999999999,23.0));
#12750=DIRECTION('',(0.0,-1.0,-2.77555756156289E-17));
#12751=DIRECTION('',(0.0,2.77555756156289E-17,-1.0));
#12752=DIRECTION('',(0.0,1.0,2.77555756156289E-17));
#12753=CARTESIAN_POINT('',(75.000000572502,5.3,23.0));
#12754=DIRECTION('',(-0.707106781186548,-0.707106781186548,-1.96261557335472E-17));
#12755=DIRECTION('',(0.707106781186548,-0.707106781186548,-1.96261557335472E-17));
#12756=DIRECTION('',(0.0,1.0,2.77555756156289E-17));
#12757=CARTESIAN_POINT('',(75.000000572502,0.999999999999998,23.0));
#12758=DIRECTION('',(0.0,1.0,2.77555756156289E-17));
#12759=DIRECTION('',(-1.0,0.0,0.0));
#12760=DIRECTION('',(-1.22464658788737E-16,-1.0,-2.11452563798735E-16));
#12761=CARTESIAN_POINT('',(65.672500572508,16.7,12.788000000005));
#12762=DIRECTION('',(1.22464658788737E-16,1.0,2.11452563798735E-16));
#12763=DIRECTION('',(6.12323293943687E-17,2.11452563798735E-16,-1.0));
#12764=DIRECTION('',(1.22464658788737E-16,1.0,2.11452563798735E-16));
#12765=CARTESIAN_POINT('',(65.672500572508,8.20000000000002,12.788000000005));
#12766=DIRECTION('',(1.22464658788737E-16,1.0,2.11452563798735E-16));
#12767=DIRECTION('',(6.12323293943687E-17,2.11452563798735E-16,-1.0));
#12768=DIRECTION('',(1.22464658788737E-16,1.0,-1.55941412567477E-16));
#12769=CARTESIAN_POINT('',(66.206500572508,8.20000000000002,7.843499999995));
#12770=DIRECTION('',(-1.22464658788737E-16,-1.0,1.55941412567477E-16));
#12771=DIRECTION('',(6.12323293943687E-17,1.55941412567477E-16,1.0));
#12772=DIRECTION('',(1.22464658788737E-16,1.0,-1.55941412567477E-16));
#12773=CARTESIAN_POINT('',(66.206500572508,16.7,7.843499999995));
#12774=DIRECTION('',(-1.22464658788737E-16,-1.0,1.55941412567477E-16));
#12775=DIRECTION('',(6.12323293943687E-17,1.55941412567477E-16,1.0));
#12776=DIRECTION('',(0.0,-1.0,-2.77555756156289E-17));
#12777=CARTESIAN_POINT('',(71.300000572502,5.3,3.20000080597799));
#12778=DIRECTION('',(0.0,-1.0,-2.77555756156289E-17));
#12779=DIRECTION('',(0.0,2.77555756156289E-17,-1.0));
#12780=DIRECTION('',(0.0,1.0,2.77555756156289E-17));
#12781=CARTESIAN_POINT('',(71.300000572502,3.8,3.20000080597799));
#12782=DIRECTION('',(0.0,-1.0,-2.77555756156289E-17));
#12783=DIRECTION('',(0.0,2.77555756156289E-17,-1.0));
#12784=DIRECTION('',(-1.22464658788737E-16,-1.0,1.55941412567477E-16));
#12785=CARTESIAN_POINT('',(65.672500572508,16.7,11.211999999995));
#12786=DIRECTION('',(-1.22464658788737E-16,-1.0,1.55941412567477E-16));
#12787=DIRECTION('',(6.12323293943687E-17,1.55941412567477E-16,1.0));
#12788=DIRECTION('',(1.22464658788737E-16,1.0,-1.55941412567477E-16));
#12789=CARTESIAN_POINT('',(65.672500572508,8.20000000000002,11.211999999995));
#12790=DIRECTION('',(-1.22464658788737E-16,-1.0,1.55941412567477E-16));
#12791=DIRECTION('',(6.12323293943687E-17,1.55941412567477E-16,1.0));
#12792=DIRECTION('',(1.22464658788737E-16,-1.0,1.55941412567477E-16));
#12793=CARTESIAN_POINT('',(10.327500572496,16.7,11.211999999995));
#12794=DIRECTION('',(-1.22464658788737E-16,1.0,-1.55941412567477E-16));
#12795=DIRECTION('',(-6.12323293943687E-17,1.55941412567477E-16,1.0));
#12796=DIRECTION('',(-1.22464658788737E-16,1.0,-1.55941412567477E-16));
#12797=CARTESIAN_POINT('',(10.327500572496,8.20000000000001,11.211999999995));
#12798=DIRECTION('',(-1.22464658788737E-16,1.0,-1.55941412567477E-16));
#12799=DIRECTION('',(-6.12323293943687E-17,1.55941412567477E-16,1.0));
#12800=DIRECTION('',(1.22464658788737E-16,1.0,-1.55941412567477E-16));
#12801=CARTESIAN_POINT('',(65.672500572508,8.20000000000002,7.78799999999501));
#12802=DIRECTION('',(-1.22464658788737E-16,-1.0,1.55941412567477E-16));
#12803=DIRECTION('',(6.12323293943687E-17,1.55941412567477E-16,1.0));
#12804=DIRECTION('',(1.22464658788737E-16,1.0,-1.55941412567477E-16));
#12805=CARTESIAN_POINT('',(65.672500572508,16.7,7.78799999999501));
#12806=DIRECTION('',(-1.22464658788737E-16,-1.0,1.55941412567477E-16));
#12807=DIRECTION('',(6.12323293943687E-17,1.55941412567477E-16,1.0));
#12808=DIRECTION('',(-1.22464658788737E-16,1.0,2.11452563798735E-16));
#12809=CARTESIAN_POINT('',(10.327500572496,8.20000000000001,16.212000000005));
#12810=DIRECTION('',(1.22464658788737E-16,-1.0,-2.11452563798735E-16));
#12811=DIRECTION('',(-6.12323293943687E-17,2.11452563798735E-16,-1.0));
#12812=DIRECTION('',(-1.22464658788737E-16,1.0,2.11452563798735E-16));
#12813=CARTESIAN_POINT('',(10.327500572496,16.7,16.212000000005));
#12814=DIRECTION('',(1.22464658788737E-16,-1.0,-2.11452563798735E-16));
#12815=DIRECTION('',(-6.12323293943687E-17,2.11452563798735E-16,-1.0));
#12816=DIRECTION('',(0.0,-1.0,-2.77555756156289E-17));
#12817=CARTESIAN_POINT('',(75.000000572502,0.999999999999998,1.0));
#12818=DIRECTION('',(0.0,1.0,2.77555756156289E-17));
#12819=DIRECTION('',(-1.0,0.0,0.0));
#12820=CARTESIAN_POINT('',(75.000000572502,0.999999999999998,1.0));
#12821=DIRECTION('',(0.0,1.0,2.77555756156289E-17));
#12822=DIRECTION('',(-1.0,0.0,0.0));
#12823=DIRECTION('',(0.0,1.0,2.77555756156289E-17));
#12824=CARTESIAN_POINT('',(75.000000572502,0.0999999999999996,1.0));
#12825=DIRECTION('',(0.0,-1.0,-2.77555756156289E-17));
#12826=DIRECTION('',(0.0,2.77555756156289E-17,-1.0));
#12827=DIRECTION('',(-0.0,1.0,2.77555756156289E-17));
#12828=CARTESIAN_POINT('',(75.000000572502,0.0999999999999996,1.0));
#12829=DIRECTION('',(0.0,-1.0,-2.77555756156289E-17));
#12830=DIRECTION('',(0.0,2.77555756156289E-17,-1.0));
#12831=DIRECTION('',(0.0,1.0,2.77555756156289E-17));
#12832=CARTESIAN_POINT('',(75.000000572502,0.999999999999998,1.0));
#12833=DIRECTION('',(0.0,1.0,2.77555756156289E-17));
#12834=DIRECTION('',(-1.0,0.0,0.0));
#12835=DIRECTION('',(-1.0,-0.0,-0.0));
#12836=DIRECTION('',(1.0,0.0,0.0));
#12837=CARTESIAN_POINT('',(10.300000572502,11.9579490558371,1.19999979850499));
#12838=DIRECTION('',(-1.0,0.0,0.0));
#12839=DIRECTION('',(0.0,2.77555756156289E-17,-1.0));
#12840=DIRECTION('',(1.0,0.0,0.0));
#12841=DIRECTION('',(0.0,2.77555756156289E-17,-1.0));
#12842=DIRECTION('',(-1.0,0.0,0.0));
#12843=DIRECTION('',(0.0,2.77555756156289E-17,-1.0));
#12844=DIRECTION('',(1.0,0.0,0.0));
#12845=DIRECTION('',(0.0,-1.0,-2.77555756156289E-17));
#12846=DIRECTION('',(1.0,0.0,0.0));
#12847=DIRECTION('',(0.0,1.0,2.77555756156289E-17));
#12848=DIRECTION('',(1.0,1.69953884180861E-33,-6.12323399573677E-17));
#12849=DIRECTION('',(0.0,-1.0,-2.77555756156289E-17));
#12850=DIRECTION('',(1.0,1.69953884180861E-33,-6.12323399573677E-17));
#12851=DIRECTION('',(0.0,-1.0,-2.77555756156289E-17));
#12852=DIRECTION('',(-1.0,0.0,0.0));
#12853=DIRECTION('',(0.0174524064372835,-0.999847695156391,-2.77513483070255E-17));
#12854=DIRECTION('',(1.0,0.0,0.0));
#12855=DIRECTION('',(0.0,1.0,2.77555756156289E-17));
#12856=CARTESIAN_POINT('',(65.800000572502,11.9579490558371,1.19999979850499));
#12857=DIRECTION('',(-1.0,0.0,0.0));
#12858=DIRECTION('',(0.0,2.77555756156289E-17,-1.0));
#12859=CARTESIAN_POINT('',(65.800000572502,12.0579490558371,5.19999979850499));
#12860=DIRECTION('',(-6.65090142433039E-18,1.0,2.77555756156289E-17));
#12861=DIRECTION('',(1.0,6.6509014243302E-18,6.74929071855695E-15));
#12862=DIRECTION('',(-6.12323399573677E-17,-2.77555756156289E-17,1.0));
#12863=DIRECTION('',(-6.12323399573677E-17,-2.77555756156289E-17,1.0));
#12864=DIRECTION('',(0.0,1.0,2.77555756156289E-17));
#12865=CARTESIAN_POINT('',(65.800000572502,14.060577,18.799999798505));
#12866=DIRECTION('',(0.0,-1.0,-2.77555756156289E-17));
#12867=DIRECTION('',(1.0,2.67410476346104E-31,-9.63447777301825E-15));
#12868=CARTESIAN_POINT('',(65.800000572502,13.560577,21.749999798505));
#12869=DIRECTION('',(1.0,0.0,0.0));
#12870=DIRECTION('',(0.0,2.77555756156289E-17,-1.0));
#12871=CARTESIAN_POINT('',(65.800000572502,13.560577,18.799999798505));
#12872=DIRECTION('',(-2.94328599942197E-47,-1.0,-2.77555756156289E-17));
#12873=DIRECTION('',(1.0,2.2695579600486E-31,-8.17694430653651E-15));
#12874=CARTESIAN_POINT('',(68.750000572502,13.560577,18.799999798505));
#12875=DIRECTION('',(6.12323399573677E-17,2.77555756156289E-17,-1.0));
#12876=DIRECTION('',(-1.0,1.69953884180861E-33,-6.12323399573677E-17));
#12877=DIRECTION('',(0.0,-1.0,-2.77555756156289E-17));
#12878=CARTESIAN_POINT('',(65.800000572502,13.4445515962156,18.799999798505));
#12879=DIRECTION('',(-6.43607550507334E-17,-1.0,-2.77555756156284E-17));
#12880=DIRECTION('',(1.0,-6.43607550507332E-17,-8.17694430653651E-15));
#12881=DIRECTION('',(0.0,1.0,2.77555756156289E-17));
#12882=CARTESIAN_POINT('',(10.000000572502,0.999999999999998,4.80000000000001));
#12883=DIRECTION('',(0.0,1.0,2.77555756156289E-17));
#12884=DIRECTION('',(-1.0,0.0,0.0));
#12885=DIRECTION('',(0.0,1.0,2.77555756156289E-17));
#12886=CARTESIAN_POINT('',(10.000000572502,0.499999999999995,4.80000000000001));
#12887=DIRECTION('',(0.0,1.0,2.77555756156289E-17));
#12888=DIRECTION('',(-1.0,0.0,0.0));
#12889=DIRECTION('',(0.0,1.0,2.77555756156289E-17));
#12890=CARTESIAN_POINT('',(66.000000572502,0.999999999999998,19.2));
#12891=DIRECTION('',(-0.0,1.0,2.77555756156289E-17));
#12892=DIRECTION('',(1.0,0.0,0.0));
#12893=DIRECTION('',(0.0,1.0,2.77555756156289E-17));
#12894=CARTESIAN_POINT('',(66.000000572502,0.499999999999995,19.2));
#12895=DIRECTION('',(-0.0,1.0,2.77555756156289E-17));
#12896=DIRECTION('',(1.0,0.0,0.0));
#12897=DIRECTION('',(0.0,1.0,2.77555756156289E-17));
#12898=CARTESIAN_POINT('',(75.000000572502,0.0999999999999996,1.0));
#12899=DIRECTION('',(0.0,-1.0,-2.77555756156289E-17));
#12900=DIRECTION('',(0.0,2.77555756156289E-17,-1.0));
#12901=CARTESIAN_POINT('',(71.700000572502,0.0999999999999995,2.79999939551601));
#12902=DIRECTION('',(0.0,-1.0,-2.77555756156289E-17));
#12903=DIRECTION('',(1.0,1.69953884180861E-33,-6.12323399573677E-17));
#12904=DIRECTION('',(-1.0,0.0,0.0));
#12905=DIRECTION('',(0.0,2.77555756156289E-17,-1.0));
#12906=DIRECTION('',(0.0,-1.0,-2.77555756156289E-17));
#12907=DIRECTION('',(0.0,-2.77555756156289E-17,1.0));
#12908=DIRECTION('',(0.0,1.0,2.77555756156289E-17));
#12909=CARTESIAN_POINT('',(75.000000572502,0.099999999999999,23.0));
#12910=DIRECTION('',(0.0,-1.0,-2.77555756156289E-17));
#12911=DIRECTION('',(0.0,2.77555756156289E-17,-1.0));
#12912=CARTESIAN_POINT('',(71.700000572502,0.099999999999999,21.199999395517));
#12913=DIRECTION('',(0.0,-1.0,-2.77555756156289E-17));
#12914=DIRECTION('',(1.0,1.69953884180861E-33,-6.12323399573677E-17));
#12915=DIRECTION('',(-6.12323399573677E-17,2.77555756156289E-17,-1.0));
#12916=CARTESIAN_POINT('',(70.000000572502,11.5922636308879,18.799999798505));
#12917=DIRECTION('',(-1.83697019872103E-16,2.77555756156289E-17,-1.0));
#12918=DIRECTION('',(1.0,5.09861652542584E-33,-1.83697019872103E-16));
#12919=CARTESIAN_POINT('',(70.000000572502,11.5922636308879,5.19999979850601));
#12920=DIRECTION('',(1.83697019872103E-16,2.77555756156289E-17,-1.0));
#12921=DIRECTION('',(1.0,-5.09861652542584E-33,1.83697019872103E-16));
#12922=CARTESIAN_POINT('',(64.400000572502,14.060577,17.4));
#12923=DIRECTION('',(-0.0,-1.0,-2.77555756156289E-17));
#12924=DIRECTION('',(-1.0,0.0,0.0));
#12925=DIRECTION('',(-1.0,0.0,0.0));
#12926=DIRECTION('',(-6.12323399573677E-17,-2.77555756156289E-17,1.0));
#12927=DIRECTION('',(0.0,-2.77555756156289E-17,1.0));
#12928=CARTESIAN_POINT('',(71.300000572502,3.8,20.799999597011));
#12929=DIRECTION('',(0.0,1.0,2.77555756156289E-17));
#12930=DIRECTION('',(0.0,-2.77555756156289E-17,1.0));
#12931=DIRECTION('',(0.0,-2.77555756156289E-17,1.0));
#12932=DIRECTION('',(1.0,0.0,0.0));
#12933=CARTESIAN_POINT('',(71.300000572502,3.8,20.799999597011));
#12934=DIRECTION('',(0.0,-1.0,-2.77555756156289E-17));
#12935=DIRECTION('',(0.0,-2.77555756156289E-17,1.0));
#12936=CARTESIAN_POINT('',(71.300000572502,3.8,20.799999597011));
#12937=DIRECTION('',(0.0,-1.0,-2.77555756156289E-17));
#12938=DIRECTION('',(0.0,-2.77555756156289E-17,1.0));
#12939=DIRECTION('',(1.22464658788737E-16,1.0,2.77555756156289E-17));
#12940=DIRECTION('',(-1.0,0.0,0.0));
#12941=DIRECTION('',(-1.0,0.0,0.0));
#12942=DIRECTION('',(0.0,-1.0,-2.77555756156289E-17));
#12943=DIRECTION('',(1.0,0.0,0.0));
#12944=CARTESIAN_POINT('',(6.35000057250198,13.4445515962156,18.799999798505));
#12945=DIRECTION('',(-1.83697019872103E-16,-2.77555756156289E-17,1.0));
#12946=DIRECTION('',(-1.0,5.09861652542584E-33,-1.83697019872103E-16));
#12947=CARTESIAN_POINT('',(10.300000572502,13.1945515962156,18.799999798505));
#12948=DIRECTION('',(6.31348896382126E-17,1.0,2.77555756156294E-17));
#12949=DIRECTION('',(-1.0,6.31348896382128E-17,-8.02003353373384E-15));
#12950=CARTESIAN_POINT('',(10.300000572502,13.4445515962156,22.749999798505));
#12951=DIRECTION('',(1.0,0.0,0.0));
#12952=DIRECTION('',(0.0,-2.77555756156289E-17,1.0));
#12953=CARTESIAN_POINT('',(10.300000572502,13.4445515962156,18.799999798505));
#12954=DIRECTION('',(-6.43607550507334E-17,1.0,2.77555756156284E-17));
#12955=DIRECTION('',(-1.0,-6.43607550507332E-17,-8.17694430653651E-15));
#12956=CARTESIAN_POINT('',(75.000000572502,0.999999999999998,1.0));
#12957=DIRECTION('',(0.0,1.0,2.77555756156289E-17));
#12958=DIRECTION('',(-1.0,0.0,0.0));
#12959=DIRECTION('',(0.0,1.0,2.77555756156289E-17));
#12960=CARTESIAN_POINT('',(75.000000572502,5.3,1.0));
#12961=DIRECTION('',(-0.707106781186548,-0.707106781186548,-1.96261557335472E-17));
#12962=DIRECTION('',(0.707106781186548,-0.707106781186548,-1.96261557335472E-17));
#12963=DIRECTION('',(0.0,1.0,2.77555756156289E-17));
#12964=DIRECTION('',(1.0,0.0,0.0));
#12965=CARTESIAN_POINT('',(71.700000572502,0.999999999999999,21.199999395517));
#12966=DIRECTION('',(0.0,-1.0,-2.77555756156289E-17));
#12967=DIRECTION('',(1.0,1.69953884180861E-33,-6.12323399573677E-17));
#12968=DIRECTION('',(5.33519375219376E-14,-2.77555756156289E-17,1.0));
#12969=CARTESIAN_POINT('',(71.300000572502,0.999999999999999,20.799999395516));
#12970=DIRECTION('',(-2.67276471009213E-49,-1.0,-2.77555756156289E-17));
#12971=DIRECTION('',(1.0,1.69953884180861E-33,-6.12323399573677E-17));
#12972=DIRECTION('',(0.0,-2.77555756156289E-17,1.0));
#12973=CARTESIAN_POINT('',(64.400000572502,16.7,6.59999999999999));
#12974=DIRECTION('',(0.0,1.0,2.77555756156289E-17));
#12975=DIRECTION('',(-1.0,0.0,0.0));
#12976=DIRECTION('',(0.0,1.0,2.77555756156289E-17));
#12977=CARTESIAN_POINT('',(64.400000572502,14.060577,6.59999999999999));
#12978=DIRECTION('',(0.0,1.0,2.77555756156289E-17));
#12979=DIRECTION('',(-1.0,0.0,0.0));
#12980=DIRECTION('',(0.0,-1.0,-2.77555756156289E-17));
#12981=CARTESIAN_POINT('',(10.327500572496,16.7,16.212000000005));
#12982=DIRECTION('',(1.22464658788737E-16,-1.0,-2.11452563798735E-16));
#12983=DIRECTION('',(-6.12323293943687E-17,2.11452563798735E-16,-1.0));
#12984=DIRECTION('',(-1.22464658788737E-16,1.0,2.11452563798735E-16));
#12985=CARTESIAN_POINT('',(10.327500572496,8.20000000000001,16.212000000005));
#12986=DIRECTION('',(1.22464658788737E-16,-1.0,-2.11452563798735E-16));
#12987=DIRECTION('',(-6.12323293943687E-17,2.11452563798735E-16,-1.0));
#12988=DIRECTION('',(1.0,0.0,0.0));
#12989=DIRECTION('',(4.97899625051484E-17,-0.866025403784439,-0.5));
#12990=DIRECTION('',(-4.97899625051484E-17,-0.866025403784439,-0.5));
#12991=CARTESIAN_POINT('',(66.240000572502,0.999999999999998,19.299999395516));
#12992=DIRECTION('',(0.0,-1.0,-2.77555756156289E-17));
#12993=DIRECTION('',(1.0,1.69953884180861E-33,-6.12323399573677E-17));
#12994=DIRECTION('',(0.0,-1.0,-2.77555756156289E-17));
#12995=CARTESIAN_POINT('',(66.240000572502,-9.43689570931383E-16,19.299999395516));
#12996=DIRECTION('',(0.0,-1.0,-2.77555756156289E-17));
#12997=DIRECTION('',(1.0,1.69953884180861E-33,-6.12323399573677E-17));
#12998=DIRECTION('',(1.0,0.0,0.0));
#12999=CARTESIAN_POINT('',(64.900000572502,2.0,18.05));
#13000=DIRECTION('',(0.0,-1.0,-2.77555756156289E-17));
#13001=DIRECTION('',(1.0,0.0,0.0));
#13002=DIRECTION('',(0.0,-2.77555756156289E-17,1.0));
#13003=DIRECTION('',(1.0,0.0,0.0));
#13004=DIRECTION('',(5.14593208861071E-32,2.77555756156289E-17,-1.0));
#13005=DIRECTION('',(0.0,2.77555756156289E-17,-1.0));
#13006=CARTESIAN_POINT('',(64.900000572502,2.0,5.95000000000002));
#13007=DIRECTION('',(-0.0,1.0,2.77555756156289E-17));
#13008=DIRECTION('',(1.0,0.0,0.0));
#13009=DIRECTION('',(-1.0,0.0,0.0));
#13010=DIRECTION('',(0.0,-2.77555756156289E-17,1.0));
#13011=CARTESIAN_POINT('',(61.500000572502,2.0,12.000000201494));
#13012=DIRECTION('',(0.0,1.0,2.77555756156289E-17));
#13013=DIRECTION('',(0.0,-2.77555756156289E-17,1.0));
#13014=CARTESIAN_POINT('',(61.500000572502,2.0,12.000000201494));
#13015=DIRECTION('',(0.0,1.0,2.77555756156289E-17));
#13016=DIRECTION('',(0.0,-2.77555756156289E-17,1.0));
#13017=DIRECTION('',(-0.763908922046887,-2.67711521637308E-16,0.64532407270856));
#13018=DIRECTION('',(-1.22464658788737E-16,1.0,2.11452563798735E-16));
#13019=DIRECTION('',(-0.763908922046887,-1.7911341096648E-17,0.64532407270856));
#13020=DIRECTION('',(0.0,0.707106781186547,-0.707106781186548));
#13021=DIRECTION('',(-1.0,0.0,0.0));
#13022=DIRECTION('',(0.0,0.707106781186547,-0.707106781186548));
#13023=CARTESIAN_POINT('',(71.700000572502,0.999999999999998,2.79999939551601));
#13024=DIRECTION('',(0.0,-1.0,-2.77555756156289E-17));
#13025=DIRECTION('',(1.0,1.69953884180861E-33,-6.12323399573677E-17));
#13026=DIRECTION('',(-1.0,0.0,0.0));
#13027=DIRECTION('',(0.0,-1.0,-2.77555756156289E-17));
#13028=CARTESIAN_POINT('',(61.500000572502,0.499999999999994,12.000000201494));
#13029=DIRECTION('',(0.0,1.0,2.77555756156289E-17));
#13030=DIRECTION('',(0.0,-2.77555756156289E-17,1.0));
#13031=DIRECTION('',(0.0,-1.0,-2.77555756156289E-17));
#13032=DIRECTION('',(0.0,-1.0,-2.77555756156289E-17));
#13033=DIRECTION('',(-5.33519375219376E-14,2.77555756156289E-17,-1.0));
#13034=DIRECTION('',(0.0,-1.0,-2.77555756156289E-17));
#13035=CARTESIAN_POINT('',(65.800000572502,11.7336849871252,18.799999798505));
#13036=DIRECTION('',(0.0,-1.0,-2.77555756156289E-17));
#13037=DIRECTION('',(1.0,1.92669222850994E-31,-6.9416403219E-15));
#13038=CARTESIAN_POINT('',(65.800000572502,11.5922636308879,22.999999798505));
#13039=DIRECTION('',(1.0,0.0,0.0));
#13040=DIRECTION('',(0.0,-2.77555756156289E-17,1.0));
#13041=CARTESIAN_POINT('',(65.800000572502,11.5922636308879,18.799999798505));
#13042=DIRECTION('',(0.0,-1.0,-2.77555756156289E-17));
#13043=DIRECTION('',(1.0,1.95515687463443E-31,-7.0441950176436E-15));
#13044=DIRECTION('',(-1.0,0.0,0.0));
#13045=DIRECTION('',(0.0,2.77555756156289E-17,-1.0));
#13046=CARTESIAN_POINT('',(71.300000572502,0.999999999999999,3.19999939551701));
#13047=DIRECTION('',(-2.67276471009218E-49,-1.0,-2.77555756156289E-17));
#13048=DIRECTION('',(1.0,1.69953884180861E-33,-6.12323399573677E-17));
#13049=DIRECTION('',(0.0,-1.0,-2.77555756156289E-17));
#13050=CARTESIAN_POINT('',(71.300000572502,-4.9960036108132E-16,3.19999939551701));
#13051=DIRECTION('',(-2.67276471009218E-49,-1.0,-2.77555756156289E-17));
#13052=DIRECTION('',(1.0,1.69953884180861E-33,-6.12323399573677E-17));
#13053=DIRECTION('',(0.0,-1.0,-2.77555756156289E-17));
#13054=DIRECTION('',(1.22464658788737E-16,1.0,2.77555756156289E-17));
#13055=DIRECTION('',(5.14593208861071E-32,2.77555756156289E-17,-1.0));
#13056=DIRECTION('',(-8.62816615085482E-32,-2.11452563798735E-16,1.0));
#13057=DIRECTION('',(5.14593208861071E-32,2.77555756156289E-17,-1.0));
#13058=DIRECTION('',(1.22464658788737E-16,1.0,-1.55941412567477E-16));
#13059=DIRECTION('',(1.23259516440783E-32,-1.55941412567477E-16,-1.0));
#13060=DIRECTION('',(1.22464658788737E-16,1.0,-1.55941412567477E-16));
#13061=DIRECTION('',(5.14593208861071E-32,2.77555756156289E-17,-1.0));
#13062=CARTESIAN_POINT('',(69.750000572502,13.4445515962155,5.19999979850601));
#13063=DIRECTION('',(1.83697019872103E-16,2.77555756156289E-17,-1.0));
#13064=DIRECTION('',(1.0,-5.09861652542584E-33,1.83697019872103E-16));
#13065=CARTESIAN_POINT('',(65.800000572502,13.1945515962155,5.19999979850499));
#13066=DIRECTION('',(-6.31348896382126E-17,1.0,2.77555756156284E-17));
#13067=DIRECTION('',(1.0,6.31348896382124E-17,8.02003353373384E-15));
#13068=CARTESIAN_POINT('',(65.800000572502,13.4445515962155,1.249999798505));
#13069=DIRECTION('',(-1.0,0.0,0.0));
#13070=DIRECTION('',(0.0,2.77555756156289E-17,-1.0));
#13071=CARTESIAN_POINT('',(65.800000572502,13.4445515962155,5.19999979850499));
#13072=DIRECTION('',(6.43607550507334E-17,1.0,2.77555756156294E-17));
#13073=DIRECTION('',(1.0,-6.43607550507337E-17,8.17694430653651E-15));
#13074=CARTESIAN_POINT('',(11.100000572502,14.7,5.65000000000001));
#13075=DIRECTION('',(0.0,1.0,2.77555756156289E-17));
#13076=DIRECTION('',(0.0,-2.77555756156289E-17,1.0));
#13077=DIRECTION('',(0.0,-1.0,-2.77555756156289E-17));
#13078=CARTESIAN_POINT('',(11.100000572502,5.20000000000001,5.65000000000001));
#13079=DIRECTION('',(0.0,1.0,2.77555756156289E-17));
#13080=DIRECTION('',(0.0,-2.77555756156289E-17,1.0));
#13081=DIRECTION('',(0.0,1.0,2.77555756156289E-17));
#13082=CARTESIAN_POINT('',(64.900000572502,5.20000000000001,18.05));
#13083=DIRECTION('',(0.0,-1.0,-2.77555756156289E-17));
#13084=DIRECTION('',(1.0,0.0,0.0));
#13085=DIRECTION('',(-1.0,0.0,0.0));
#13086=DIRECTION('',(0.0,-2.77555756156289E-17,1.0));
#13087=DIRECTION('',(1.0,0.0,0.0));
#13088=CARTESIAN_POINT('',(64.900000572502,5.20000000000001,18.35));
#13089=DIRECTION('',(0.0,1.0,2.77555756156289E-17));
#13090=DIRECTION('',(0.0,2.77555756156289E-17,-1.0));
#13091=DIRECTION('',(0.0,-2.77555756156289E-17,1.0));
#13092=DIRECTION('',(0.5,-0.866025403784439,-5.46532035584783E-17));
#13093=DIRECTION('',(6.12323399573677E-17,2.77555756156289E-17,-1.0));
#13094=DIRECTION('',(0.5,-0.866025403784439,6.57913639888925E-18));
#13095=DIRECTION('',(0.0,-1.0,-2.77555756156289E-17));
#13096=DIRECTION('',(0.0,2.77555756156289E-17,-1.0));
#13097=DIRECTION('',(0.0,-1.0,-2.77555756156289E-17));
#13098=DIRECTION('',(0.0,-2.77555756156289E-17,1.0));
#13099=CARTESIAN_POINT('',(64.900000572502,14.7,5.65000000000001));
#13100=DIRECTION('',(0.0,-1.0,-2.77555756156289E-17));
#13101=DIRECTION('',(0.0,-2.77555756156289E-17,1.0));
#13102=CARTESIAN_POINT('',(64.900000572502,5.20000000000001,5.65000000000001));
#13103=DIRECTION('',(0.0,-1.0,-2.77555756156289E-17));
#13104=DIRECTION('',(0.0,-2.77555756156289E-17,1.0));
#13105=DIRECTION('',(0.0,-1.0,-2.77555756156289E-17));
#13106=DIRECTION('',(1.0,0.0,0.0));
#13107=DIRECTION('',(-4.97899625051484E-17,-0.866025403784439,0.5));
#13108=DIRECTION('',(4.97899625051484E-17,-0.866025403784439,0.5));
#13109=DIRECTION('',(-1.0,0.0,0.0));
#13110=DIRECTION('',(0.707106781186548,-0.707106781186548,-1.96261557335472E-17));
#13111=DIRECTION('',(0.0,1.0,2.77555756156289E-17));
#13112=DIRECTION('',(0.0,-2.77555756156289E-17,1.0));
#13113=DIRECTION('',(0.0,1.0,2.77555756156289E-17));
#13114=DIRECTION('',(1.0,0.0,0.0));
#13115=CARTESIAN_POINT('',(10.300000572502,13.4445515962156,1.249999798505));
#13116=DIRECTION('',(-1.0,0.0,0.0));
#13117=DIRECTION('',(0.0,2.77555756156289E-17,-1.0));
#13118=DIRECTION('',(0.0,1.0,2.77555756156289E-17));
#13119=DIRECTION('',(0.0,2.77555756156289E-17,-1.0));
#13120=CARTESIAN_POINT('',(4.29999999999998,0.999999999999998,2.79999939551601));
#13121=DIRECTION('',(0.0,-1.0,-2.77555756156289E-17));
#13122=DIRECTION('',(1.0,1.69953884180861E-33,-6.12323399573677E-17));
#13123=DIRECTION('',(-1.0,0.0,0.0));
#13124=CARTESIAN_POINT('',(64.900000572502,5.20000000000001,5.95000000000002));
#13125=DIRECTION('',(-0.0,1.0,2.77555756156289E-17));
#13126=DIRECTION('',(1.0,0.0,0.0));
#13127=DIRECTION('',(0.0,2.77555756156289E-17,-1.0));
#13128=DIRECTION('',(0.0,2.77555756156289E-17,-1.0));
#13129=DIRECTION('',(1.0,0.0,0.0));
#13130=DIRECTION('',(0.0,2.77555756156289E-17,-1.0));
#13131=DIRECTION('',(0.17364817766693,0.984807753012208,2.73339060555879E-17));
#13132=DIRECTION('',(0.0,-2.77555756156289E-17,1.0));
#13133=DIRECTION('',(0.17364817766693,0.984807753012208,2.73339060555879E-17));
#13134=DIRECTION('',(1.22464658788737E-16,1.0,2.11452563798735E-16));
#13135=DIRECTION('',(0.763908922046873,1.01178067943535E-16,-0.645324072708576));
#13136=DIRECTION('',(0.763908922046873,1.79113410966485E-17,-0.645324072708576));
#13137=DIRECTION('',(0.707106781186548,0.707106781186547,-2.36716470782275E-17));
#13138=CARTESIAN_POINT('',(65.800000572502,11.7336849871252,5.19999979850499));
#13139=DIRECTION('',(0.0,1.0,2.77555756156289E-17));
#13140=DIRECTION('',(1.0,-1.94368761692802E-31,7.00287266185736E-15));
#13141=DIRECTION('',(0.0,-1.0,-2.77555756156289E-17));
#13142=DIRECTION('',(0.0,2.77555756156289E-17,-1.0));
#13143=DIRECTION('',(0.0,-1.0,-2.77555756156289E-17));
#13144=DIRECTION('',(0.0,2.77555756156289E-17,-1.0));
#13145=DIRECTION('',(1.0,0.0,0.0));
#13146=DIRECTION('',(0.0,-1.0,-2.77555756156289E-17));
#13147=DIRECTION('',(-1.0,0.0,0.0));
#13148=DIRECTION('',(0.0,1.0,2.77555756156289E-17));
#13149=DIRECTION('',(6.12323399573677E-17,-2.77555756156289E-17,1.0));
#13150=DIRECTION('',(0.0,-1.0,-2.77555756156289E-17));
#13151=DIRECTION('',(-6.12323399573677E-17,2.77555756156289E-17,-1.0));
#13152=DIRECTION('',(0.0,-1.0,-2.77555756156289E-17));
#13153=CARTESIAN_POINT('',(65.800000572502,11.8165276995998,18.799999798505));
#13154=DIRECTION('',(-4.08509172995084E-47,-1.0,-2.77555756156289E-17));
#13155=DIRECTION('',(1.0,1.88781177164768E-31,-6.80155871307049E-15));
#13156=DIRECTION('',(0.0,0.707106781186547,0.707106781186548));
#13157=DIRECTION('',(0.707106781186548,0.707106781186547,6.29239585453219E-17));
#13158=CARTESIAN_POINT('',(71.700000572502,0.999999999999998,21.199999395517));
#13159=DIRECTION('',(0.0,-1.0,-2.77555756156289E-17));
#13160=DIRECTION('',(1.0,1.69953884180861E-33,-6.12323399573677E-17));
#13161=CARTESIAN_POINT('',(75.000000572502,0.999999999999998,23.0));
#13162=DIRECTION('',(0.0,1.0,2.77555756156289E-17));
#13163=DIRECTION('',(-1.0,0.0,0.0));
#13164=DIRECTION('',(-1.0,0.0,0.0));
#13165=CARTESIAN_POINT('',(71.300000572502,-9.99200722162641E-16,20.799999395516));
#13166=DIRECTION('',(-2.67276471009213E-49,-1.0,-2.77555756156289E-17));
#13167=DIRECTION('',(1.0,1.69953884180861E-33,-6.12323399573677E-17));
#13168=DIRECTION('',(0.0,-1.0,-2.77555756156289E-17));
#13169=DIRECTION('',(0.0,1.0,2.77555756156289E-17));
#13170=DIRECTION('',(1.0,0.0,0.0));
#13171=DIRECTION('',(0.0,1.0,2.77555756156289E-17));
#13172=DIRECTION('',(-1.0,0.0,0.0));
#13173=DIRECTION('',(-0.707106781186548,0.707106781186547,-2.36716470782275E-17));
#13174=DIRECTION('',(6.12323399573677E-17,-2.77555756156289E-17,1.0));
#13175=DIRECTION('',(-0.707106781186548,0.707106781186547,6.29239585453219E-17));
#13176=DIRECTION('',(1.0,0.0,0.0));
#13177=DIRECTION('',(0.0,-1.0,-2.77555756156289E-17));
#13178=DIRECTION('',(1.0,0.0,0.0));
#13179=DIRECTION('',(0.0,1.0,2.77555756156289E-17));
#13180=DIRECTION('',(-1.0,0.0,0.0));
#13181=DIRECTION('',(0.0,1.0,2.77555756156289E-17));
#13182=DIRECTION('',(1.0,0.0,0.0));
#13183=DIRECTION('',(0.0,-1.0,-2.77555756156289E-17));
#13184=DIRECTION('',(1.0,0.0,0.0));
#13185=DIRECTION('',(1.0,0.0,0.0));
#13186=DIRECTION('',(0.0,-1.0,-2.77555756156289E-17));
#13187=DIRECTION('',(0.0,-1.0,-2.77555756156289E-17));
#13188=CARTESIAN_POINT('',(64.400000572502,6.29999999999999,6.59999999999999));
#13189=DIRECTION('',(0.0,1.0,2.77555756156289E-17));
#13190=DIRECTION('',(-1.0,0.0,0.0));
#13191=CARTESIAN_POINT('',(64.400000572502,11.560577,6.59999999999999));
#13192=DIRECTION('',(0.0,1.0,2.77555756156289E-17));
#13193=DIRECTION('',(-1.0,0.0,0.0));
#13194=DIRECTION('',(0.0,2.77555756156289E-17,-1.0));
#13195=DIRECTION('',(-0.707106781186548,0.707106781186548,1.96261557335472E-17));
#13196=DIRECTION('',(0.0,2.77555756156289E-17,-1.0));
#13197=DIRECTION('',(0.0,-2.77555756156289E-17,1.0));
#13198=CARTESIAN_POINT('',(65.672500572508,16.7,7.78799999999501));
#13199=DIRECTION('',(-1.22464658788737E-16,-1.0,1.55941412567477E-16));
#13200=DIRECTION('',(6.12323293943687E-17,1.55941412567477E-16,1.0));
#13201=CARTESIAN_POINT('',(65.672500572508,8.20000000000002,7.78799999999501));
#13202=DIRECTION('',(-1.22464658788737E-16,-1.0,1.55941412567477E-16));
#13203=DIRECTION('',(6.12323293943687E-17,1.55941412567477E-16,1.0));
#13204=DIRECTION('',(-6.12323399573677E-17,-2.77555756156289E-17,1.0));
#13205=CARTESIAN_POINT('',(65.800000572502,14.060577,5.19999979850499));
#13206=DIRECTION('',(0.0,1.0,2.77555756156289E-17));
#13207=DIRECTION('',(1.0,-2.67410476346104E-31,9.63447777301825E-15));
#13208=DIRECTION('',(-1.0,0.0,0.0));
#13209=DIRECTION('',(1.0,0.0,0.0));
#13210=DIRECTION('',(-1.0,0.0,0.0));
#13211=CARTESIAN_POINT('',(10.327500572496,8.20000000000001,11.211999999995));
#13212=DIRECTION('',(-1.22464658788737E-16,1.0,-1.55941412567477E-16));
#13213=DIRECTION('',(-6.12323293943687E-17,1.55941412567477E-16,1.0));
#13214=DIRECTION('',(-1.22464658788737E-16,1.0,-1.55941412567477E-16));
#13215=CARTESIAN_POINT('',(10.327500572496,16.7,11.211999999995));
#13216=DIRECTION('',(-1.22464658788737E-16,1.0,-1.55941412567477E-16));
#13217=DIRECTION('',(-6.12323293943687E-17,1.55941412567477E-16,1.0));
#13218=DIRECTION('',(1.0,0.0,0.0));
#13219=DIRECTION('',(0.0,2.77555756156289E-17,-1.0));
#13220=DIRECTION('',(-1.0,0.0,0.0));
#13221=CARTESIAN_POINT('',(65.000000572502,14.7,18.000000201494));
#13222=DIRECTION('',(-0.0,-1.0,-2.77555756156289E-17));
#13223=DIRECTION('',(-1.0,0.0,0.0));
#13224=DIRECTION('',(0.0,-2.77555756156289E-17,1.0));
#13225=DIRECTION('',(-1.0,0.0,0.0));
#13226=DIRECTION('',(0.0,2.77555756156289E-17,-1.0));
#13227=CARTESIAN_POINT('',(64.900000572502,14.7,18.35));
#13228=DIRECTION('',(0.0,1.0,2.77555756156289E-17));
#13229=DIRECTION('',(0.0,2.77555756156289E-17,-1.0));
#13230=DIRECTION('',(1.22464658788737E-16,1.0,2.11452563798735E-16));
#13231=DIRECTION('',(-1.22464658788737E-16,2.11452563798735E-16,-1.0));
#13232=DIRECTION('',(1.22464658788737E-16,1.0,2.11452563798735E-16));
#13233=DIRECTION('',(1.22464658788737E-16,-2.77555756156289E-17,1.0));
#13234=DIRECTION('',(0.0,1.0,2.77555756156289E-17));
#13235=DIRECTION('',(0.0,-2.77555756156289E-17,1.0));
#13236=DIRECTION('',(0.0,1.0,2.77555756156289E-17));
#13237=DIRECTION('',(0.0,-2.77555756156289E-17,1.0));
#13238=DIRECTION('',(-1.0,0.0,0.0));
#13239=DIRECTION('',(0.0174524064372835,-0.999847695156391,-2.77513483070255E-17));
#13240=DIRECTION('',(0.0,-1.0,-2.77555756156289E-17));
#13241=DIRECTION('',(0.0,1.0,2.77555756156289E-17));
#13242=DIRECTION('',(-1.0,0.0,0.0));
#13243=DIRECTION('',(0.0,1.0,2.77555756156289E-17));
#13244=DIRECTION('',(-1.0,0.0,0.0));
#13245=DIRECTION('',(1.0,0.0,0.0));
#13246=DIRECTION('',(0.0,-1.0,-2.77555756156289E-17));
#13247=DIRECTION('',(-1.0,0.0,0.0));
#13248=DIRECTION('',(0.0,-1.0,-2.77555756156289E-17));
#13249=DIRECTION('',(1.0,0.0,0.0));
#13250=DIRECTION('',(0.0,-1.0,-2.77555756156289E-17));
#13251=DIRECTION('',(-1.0,0.0,0.0));
#13252=DIRECTION('',(0.0,-1.0,-2.77555756156289E-17));
#13253=DIRECTION('',(1.0,0.0,0.0));
#13254=DIRECTION('',(0.0,-1.0,-2.77555756156289E-17));
#13255=DIRECTION('',(-1.0,0.0,0.0));
#13256=DIRECTION('',(-0.0174524064372835,-0.999847695156391,-2.77513483070255E-17));
#13257=CARTESIAN_POINT('',(65.672500572508,8.20000000000002,11.211999999995));
#13258=DIRECTION('',(-1.22464658788737E-16,-1.0,1.55941412567477E-16));
#13259=DIRECTION('',(6.12323293943687E-17,1.55941412567477E-16,1.0));
#13260=CARTESIAN_POINT('',(65.672500572508,16.7,11.211999999995));
#13261=DIRECTION('',(-1.22464658788737E-16,-1.0,1.55941412567477E-16));
#13262=DIRECTION('',(6.12323293943687E-17,1.55941412567477E-16,1.0));
#13263=CARTESIAN_POINT('',(71.300000572502,3.8,3.20000080597799));
#13264=DIRECTION('',(0.0,-1.0,-2.77555756156289E-17));
#13265=DIRECTION('',(0.0,2.77555756156289E-17,-1.0));
#13266=CARTESIAN_POINT('',(71.300000572502,6.29999999999999,3.20000080597799));
#13267=DIRECTION('',(0.0,-1.0,-2.77555756156289E-17));
#13268=DIRECTION('',(0.0,2.77555756156289E-17,-1.0));
#13269=DIRECTION('',(0.0,-1.0,-2.77555756156289E-17));
#13270=DIRECTION('',(-1.0,0.0,0.0));
#13271=DIRECTION('',(0.0,-1.0,-2.77555756156289E-17));
#13272=DIRECTION('',(1.0,0.0,0.0));
#13273=DIRECTION('',(0.0,-1.0,-2.77555756156289E-17));
#13274=CARTESIAN_POINT('',(65.800000572502,11.560577,18.799999798505));
#13275=DIRECTION('',(0.0,1.0,2.77555756156289E-17));
#13276=DIRECTION('',(-1.0,1.69953884180861E-33,-6.12323399573677E-17));
#13277=DIRECTION('',(0.0,1.0,2.77555756156289E-17));
#13278=CARTESIAN_POINT('',(64.400000572502,6.29999999999999,17.4));
#13279=DIRECTION('',(-0.0,-1.0,-2.77555756156289E-17));
#13280=DIRECTION('',(-1.0,0.0,0.0));
#13281=DIRECTION('',(0.0,1.0,2.77555756156289E-17));
#13282=CARTESIAN_POINT('',(64.400000572502,11.560577,17.4));
#13283=DIRECTION('',(-0.0,-1.0,-2.77555756156289E-17));
#13284=DIRECTION('',(-1.0,0.0,0.0));
#13285=DIRECTION('',(0.0,-2.77555756156289E-17,1.0));
#13286=DIRECTION('',(0.0,2.77555756156289E-17,-1.0));
#13287=DIRECTION('',(0.0,1.0,2.77555756156289E-17));
#13288=CARTESIAN_POINT('',(71.300000572502,0.999999999999997,20.799999597011));
#13289=DIRECTION('',(0.0,-1.0,-2.77555756156289E-17));
#13290=DIRECTION('',(0.0,-2.77555756156289E-17,1.0));
#13291=CARTESIAN_POINT('',(71.300000572502,0.999999999999997,20.799999597011));
#13292=DIRECTION('',(0.0,-1.0,-2.77555756156289E-17));
#13293=DIRECTION('',(0.0,-2.77555756156289E-17,1.0));
#13294=CARTESIAN_POINT('',(71.300000572502,0.999999999999999,20.799999395516));
#13295=DIRECTION('',(-2.18952885050753E-49,-1.0,-2.77555756156289E-17));
#13296=DIRECTION('',(1.0,1.69953884180861E-33,-6.12323399573677E-17));
#13297=CARTESIAN_POINT('',(71.300000572502,0.999999999999999,20.799999395516));
#13298=DIRECTION('',(-2.18952885050753E-49,-1.0,-2.77555756156289E-17));
#13299=DIRECTION('',(1.0,1.69953884180861E-33,-6.12323399573677E-17));
#13300=CARTESIAN_POINT('',(65.800000572502,13.1945515962156,18.799999798505));
#13301=DIRECTION('',(6.31348896382126E-17,-1.0,-2.77555756156294E-17));
#13302=DIRECTION('',(1.0,6.31348896382128E-17,-8.02003353373384E-15));
#13303=DIRECTION('',(-6.12323399573677E-17,2.77555756156289E-17,-1.0));
#13304=DIRECTION('',(0.0,-1.0,-2.77555756156289E-17));
#13305=DIRECTION('',(1.0,0.0,0.0));
#13306=DIRECTION('',(1.0,0.0,0.0));
#13307=DIRECTION('',(0.0,1.0,2.77555756156289E-17));
#13308=CARTESIAN_POINT('',(71.300000572502,-4.9960036108132E-16,3.19999939551701));
#13309=DIRECTION('',(-2.18952885050753E-49,-1.0,-2.77555756156289E-17));
#13310=DIRECTION('',(1.0,1.69953884180861E-33,-6.12323399573677E-17));
#13311=DIRECTION('',(0.0,-1.0,-2.77555756156289E-17));
#13312=CARTESIAN_POINT('',(71.300000572502,0.999999999999999,3.19999939551701));
#13313=DIRECTION('',(-2.18952885050753E-49,-1.0,-2.77555756156289E-17));
#13314=DIRECTION('',(1.0,1.69953884180861E-33,-6.12323399573677E-17));
#13315=DIRECTION('',(0.0,-1.0,-2.77555756156289E-17));
#13316=DIRECTION('',(-1.0,0.0,0.0));
#13317=DIRECTION('',(-1.0,0.0,0.0));
#13318=DIRECTION('',(0.0,1.0,2.77555756156289E-17));
#13319=DIRECTION('',(0.0,-1.0,-2.77555756156289E-17));
#13320=DIRECTION('',(-1.0,0.0,0.0));
#13321=DIRECTION('',(0.0,1.0,2.77555756156289E-17));
#13322=CARTESIAN_POINT('',(66.206500572508,16.7,7.843499999995));
#13323=DIRECTION('',(-1.22464658788737E-16,-1.0,1.55941412567477E-16));
#13324=DIRECTION('',(6.12323293943687E-17,1.55941412567477E-16,1.0));
#13325=DIRECTION('',(1.22464658788737E-16,1.0,-1.55941412567477E-16));
#13326=CARTESIAN_POINT('',(66.206500572508,8.20000000000002,7.843499999995));
#13327=DIRECTION('',(-1.22464658788737E-16,-1.0,1.55941412567477E-16));
#13328=DIRECTION('',(6.12323293943687E-17,1.55941412567477E-16,1.0));
#13329=DIRECTION('',(0.0,1.0,2.77555756156289E-17));
#13330=CARTESIAN_POINT('',(10.300000572502,11.560577,18.799999798505));
#13331=DIRECTION('',(0.0,-1.0,-2.77555756156289E-17));
#13332=DIRECTION('',(1.0,1.69953884180861E-33,-6.12323399573677E-17));
#13333=DIRECTION('',(0.0,-1.0,-2.77555756156289E-17));
#13334=CARTESIAN_POINT('',(10.300000572502,11.5922636308879,18.799999798505));
#13335=DIRECTION('',(0.0,1.0,2.77555756156289E-17));
#13336=DIRECTION('',(-1.0,1.95515687463443E-31,-7.0441950176436E-15));
#13337=CARTESIAN_POINT('',(66.240000572502,0.999999999999998,4.69999939551602));
#13338=DIRECTION('',(0.0,-1.0,-2.77555756156289E-17));
#13339=DIRECTION('',(1.0,1.69953884180861E-33,-6.12323399573677E-17));
#13340=DIRECTION('',(0.0,-1.0,-2.77555756156289E-17));
#13341=CARTESIAN_POINT('',(66.240000572502,-5.55111512312578E-16,4.69999939551602));
#13342=DIRECTION('',(0.0,-1.0,-2.77555756156289E-17));
#13343=DIRECTION('',(1.0,1.69953884180861E-33,-6.12323399573677E-17));
#13344=DIRECTION('',(0.0,-1.0,-2.77555756156289E-17));
#13345=DIRECTION('',(0.0,-1.0,-2.77555756156289E-17));
#13346=DIRECTION('',(0.0,-1.0,-2.77555756156289E-17));
#13347=CARTESIAN_POINT('',(66.000000572502,0.999999999999998,4.80000000000001));
#13348=DIRECTION('',(0.0,-1.0,-2.77555756156289E-17));
#13349=DIRECTION('',(1.0,0.0,0.0));
#13350=DIRECTION('',(0.0,1.0,2.77555756156289E-17));
#13351=CARTESIAN_POINT('',(66.000000572502,0.499999999999995,4.80000000000001));
#13352=DIRECTION('',(0.0,-1.0,-2.77555756156289E-17));
#13353=DIRECTION('',(1.0,0.0,0.0));
#13354=DIRECTION('',(0.0,1.0,2.77555756156289E-17));
#13355=CARTESIAN_POINT('',(65.800000572502,13.4445515962156,22.749999798505));
#13356=DIRECTION('',(1.0,6.16297582203914E-33,-2.22044604925031E-16));
#13357=DIRECTION('',(2.22044604925031E-16,-2.77555756156289E-17,1.0));
#13358=CARTESIAN_POINT('',(69.750000572502,13.4445515962156,18.799999798505));
#13359=DIRECTION('',(-1.83697019872103E-16,2.77555756156289E-17,-1.0));
#13360=DIRECTION('',(1.0,5.09861652542584E-33,-1.83697019872103E-16));
#13361=DIRECTION('',(0.0,-1.0,-2.77555756156289E-17));
#13362=DIRECTION('',(-1.0,0.0,0.0));
#13363=DIRECTION('',(0.0,1.0,2.77555756156289E-17));
#13364=DIRECTION('',(1.0,0.0,0.0));
#13365=DIRECTION('',(2.49459787338236E-15,-2.77555756156289E-17,1.0));
#13366=DIRECTION('',(2.49459787338236E-15,-2.77555756156289E-17,1.0));
#13367=DIRECTION('',(-0.0174524064372835,0.999847695156391,2.77513483070255E-17));
#13368=DIRECTION('',(-0.0151148028134069,0.865926473236576,0.499942882421559));
#13369=DIRECTION('',(0.0,2.77555756156289E-17,-1.0));
#13370=DIRECTION('',(0.0174524064372835,-0.999847695156391,-2.77513483070255E-17));
#13371=CARTESIAN_POINT('',(65.800000572502,11.5922636308879,0.999999798505002));
#13372=DIRECTION('',(-1.0,6.16297582203914E-33,-2.22044604925031E-16));
#13373=DIRECTION('',(2.22044604925031E-16,2.77555756156289E-17,-1.0));
#13374=DIRECTION('',(-1.0,0.0,0.0));
#13375=DIRECTION('',(0.0,2.77555756156289E-17,-1.0));
#13376=CARTESIAN_POINT('',(65.000000572502,14.7,5.999999798506));
#13377=DIRECTION('',(0.0,1.0,2.77555756156289E-17));
#13378=DIRECTION('',(-1.0,0.0,0.0));
#13379=DIRECTION('',(1.0,0.0,0.0));
#13380=DIRECTION('',(0.0,-2.77555756156289E-17,1.0));
#13381=CARTESIAN_POINT('',(14.500000572502,1.99999999999999,11.999999798506));
#13382=DIRECTION('',(0.0,1.0,2.77555756156289E-17));
#13383=DIRECTION('',(0.0,-2.77555756156289E-17,1.0));
#13384=DIRECTION('',(0.0,-1.0,-2.77555756156289E-17));
#13385=CARTESIAN_POINT('',(14.500000572502,0.499999999999994,11.999999798506));
#13386=DIRECTION('',(0.0,1.0,2.77555756156289E-17));
#13387=DIRECTION('',(0.0,-2.77555756156289E-17,1.0));
#13388=DIRECTION('',(0.0,-1.0,-2.77555756156289E-17));
#13389=DIRECTION('',(0.0,1.0,2.77555756156289E-17));
#13390=DIRECTION('',(0.0,1.0,2.77555756156289E-17));
#13391=CARTESIAN_POINT('',(71.700000572502,0.999999999999998,21.199999395517));
#13392=DIRECTION('',(0.0,-1.0,-2.77555756156289E-17));
#13393=DIRECTION('',(1.0,1.69953884180861E-33,-6.12323399573677E-17));
#13394=DIRECTION('',(1.0,0.0,0.0));
#13395=CARTESIAN_POINT('',(65.672500572508,8.20000000000002,12.788000000005));
#13396=DIRECTION('',(1.22464658788737E-16,1.0,2.11452563798735E-16));
#13397=DIRECTION('',(6.12323293943687E-17,2.11452563798735E-16,-1.0));
#13398=CARTESIAN_POINT('',(65.672500572508,16.7,12.788000000005));
#13399=DIRECTION('',(1.22464658788737E-16,1.0,2.11452563798735E-16));
#13400=DIRECTION('',(6.12323293943687E-17,2.11452563798735E-16,-1.0));
#13401=DIRECTION('',(0.0,-2.77555756156289E-17,1.0));
#13402=DIRECTION('',(-0.939692620785908,-0.342020143325669,-9.49296595014384E-18));
#13403=DIRECTION('',(0.0,2.77555756156289E-17,-1.0));
#13404=DIRECTION('',(0.939692620785908,0.342020143325669,9.49296595014384E-18));
#13405=DIRECTION('',(0.0,-2.77555756156289E-17,1.0));
#13406=DIRECTION('',(0.939692620785908,0.342020143325669,9.49296595014384E-18));
#13407=DIRECTION('',(0.0,2.77555756156289E-17,-1.0));
#13408=DIRECTION('',(-0.939692620785908,-0.342020143325669,-9.49296595014384E-18));
#13409=CARTESIAN_POINT('',(68.750000572502,13.560577,5.19999979850601));
#13410=DIRECTION('',(-6.12323399573677E-17,2.77555756156289E-17,-1.0));
#13411=DIRECTION('',(-1.0,-1.69953884180861E-33,6.12323399573677E-17));
#13412=CARTESIAN_POINT('',(65.800000572502,13.560577,5.19999979850499));
#13413=DIRECTION('',(-2.94328599942197E-47,1.0,2.77555756156289E-17));
#13414=DIRECTION('',(1.0,-2.2695579600486E-31,8.17694430653651E-15));
#13415=CARTESIAN_POINT('',(65.800000572502,13.560577,2.249999798505));
#13416=DIRECTION('',(-1.0,6.16297582203914E-33,-2.22044604925031E-16));
#13417=DIRECTION('',(-2.22044604925031E-16,-2.77555756156289E-17,1.0));
#13418=DIRECTION('',(0.0,2.77555756156289E-17,-1.0));
#13419=DIRECTION('',(0.0,-2.77555756156289E-17,1.0));
#13420=DIRECTION('',(-1.0,0.0,0.0));
#13421=DIRECTION('',(1.0,0.0,0.0));
#13422=DIRECTION('',(0.0,-1.0,-2.77555756156289E-17));
#13423=DIRECTION('',(0.0,-2.77555756156289E-17,1.0));
#13424=DIRECTION('',(0.0,-1.0,-2.77555756156289E-17));
#13425=DIRECTION('',(-1.0,0.0,0.0));
#13426=DIRECTION('',(-6.12323399573677E-17,2.77555756156289E-17,-1.0));
#13427=DIRECTION('',(6.12323399573677E-17,2.77555756156289E-17,-1.0));
#13428=DIRECTION('',(0.0,1.0,2.77555756156289E-17));
#13429=DIRECTION('',(0.0,1.0,2.77555756156289E-17));
#13430=DIRECTION('',(0.0,2.77555756156289E-17,-1.0));
#13431=DIRECTION('',(0.0,-2.77555756156289E-17,1.0));
#13432=DIRECTION('',(0.0,-2.77555756156289E-17,1.0));
#13433=DIRECTION('',(0.0,2.77555756156289E-17,-1.0));
#13434=DIRECTION('',(0.0,1.0,2.77555756156289E-17));
#13435=DIRECTION('',(0.0,-1.0,-2.77555756156289E-17));
#13436=DIRECTION('',(0.0,-2.77555756156289E-17,1.0));
#13437=DIRECTION('',(0.0,-2.77555756156289E-17,1.0));
#13438=DIRECTION('',(0.0,1.0,2.77555756156289E-17));
#13439=DIRECTION('',(0.0,1.0,2.77555756156289E-17));
#13440=DIRECTION('',(6.12323399573677E-17,-2.77555756156289E-17,1.0));
#13441=DIRECTION('',(0.0,-1.0,-2.77555756156289E-17));
#13442=DIRECTION('',(0.0,1.0,2.77555756156289E-17));
#13443=DIRECTION('',(0.996194698091746,-0.0871557427476582,-2.41905780816893E-18));
#13444=DIRECTION('',(-0.996194698091746,0.0871557427476582,2.41905780816893E-18));
#13445=DIRECTION('',(1.0,0.0,0.0));
#13446=DIRECTION('',(0.0,-2.77555756156289E-17,1.0));
#13447=DIRECTION('',(-1.0,0.0,0.0));
#13448=DIRECTION('',(0.0,-1.0,-2.77555756156289E-17));
#13449=DIRECTION('',(0.0,1.0,2.77555756156289E-17));
#13450=DIRECTION('',(0.763908922046887,-2.31888839444012E-16,-0.64532407270856));
#13451=DIRECTION('',(0.763908922046887,1.7911341096648E-17,-0.64532407270856));
#13452=DIRECTION('',(0.0,-1.0,-2.77555756156289E-17));
#13453=DIRECTION('',(0.0,-1.0,-2.77555756156289E-17));
#13454=CARTESIAN_POINT('',(71.700000572502,-9.99200722162641E-16,21.199999395517));
#13455=DIRECTION('',(0.0,-1.0,-2.77555756156289E-17));
#13456=DIRECTION('',(1.0,1.69953884180861E-33,-6.12323399573677E-17));
#13457=CARTESIAN_POINT('',(10.000000572502,0.999999999999998,19.2));
#13458=DIRECTION('',(-0.0,-1.0,-2.77555756156289E-17));
#13459=DIRECTION('',(-1.0,0.0,0.0));
#13460=CARTESIAN_POINT('',(10.000000572502,0.499999999999995,19.2));
#13461=DIRECTION('',(-0.0,-1.0,-2.77555756156289E-17));
#13462=DIRECTION('',(-1.0,0.0,0.0));
#13463=DIRECTION('',(0.0,2.77555756156289E-17,-1.0));
#13464=DIRECTION('',(0.0,1.0,2.77555756156289E-17));
#13465=DIRECTION('',(1.0,0.0,0.0));
#13466=DIRECTION('',(1.0,0.0,0.0));
#13467=DIRECTION('',(0.0,1.0,2.77555756156289E-17));
#13468=DIRECTION('',(1.0,0.0,0.0));
#13469=DIRECTION('',(1.24406211097911E-13,-2.77555756156289E-17,1.0));
#13470=CARTESIAN_POINT('',(71.700000572502,1.0,2.79999939551601));
#13471=DIRECTION('',(0.0,-1.0,-2.77555756156289E-17));
#13472=DIRECTION('',(1.0,1.69953884180861E-33,-6.12323399573677E-17));
#13473=DIRECTION('',(-1.24406211097911E-13,2.77555756156289E-17,-1.0));
#13474=DIRECTION('',(0.0,-1.0,-2.77555756156289E-17));
#13475=CARTESIAN_POINT('',(11.000000572502,14.7,18.000000201494));
#13476=DIRECTION('',(-0.0,1.0,2.77555756156289E-17));
#13477=DIRECTION('',(1.0,0.0,0.0));
#13478=DIRECTION('',(0.0,-1.0,-2.77555756156289E-17));
#13479=CARTESIAN_POINT('',(11.000000572502,16.7,18.000000201494));
#13480=DIRECTION('',(-0.0,1.0,2.77555756156289E-17));
#13481=DIRECTION('',(1.0,0.0,0.0));
#13482=DIRECTION('',(0.0,-1.0,-2.77555756156289E-17));
#13483=DIRECTION('',(0.0,2.77555756156289E-17,-1.0));
#13484=DIRECTION('',(0.0,-2.77555756156289E-17,1.0));
#13485=DIRECTION('',(1.0,0.0,0.0));
#13486=DIRECTION('',(1.0,0.0,0.0));
#13487=DIRECTION('',(0.0,-1.0,-2.77555756156289E-17));
#13488=DIRECTION('',(1.0,0.0,0.0));
#13489=DIRECTION('',(1.22464658788737E-16,1.0,-1.55941412567477E-16));
#13490=DIRECTION('',(-0.763908922046873,-6.53553857502383E-17,-0.645324072708576));
#13491=DIRECTION('',(-0.763908922046873,1.79113410966485E-17,-0.645324072708576));
#13492=CARTESIAN_POINT('',(65.000000572502,16.7,18.000000201494));
#13493=DIRECTION('',(-0.0,-1.0,-2.77555756156289E-17));
#13494=DIRECTION('',(-1.0,0.0,0.0));
#13495=DIRECTION('',(1.0,0.0,0.0));
#13496=DIRECTION('',(-1.0,0.0,0.0));
#13497=CARTESIAN_POINT('',(10.300000572502,11.5922636308879,22.999999798505));
#13498=DIRECTION('',(1.0,-6.16297582203914E-33,2.22044604925031E-16));
#13499=DIRECTION('',(-2.22044604925031E-16,-2.77555756156289E-17,1.0));
#13500=CARTESIAN_POINT('',(66.206500572508,8.20000000000002,12.843500000005));
#13501=DIRECTION('',(1.22464658788737E-16,1.0,2.11452563798735E-16));
#13502=DIRECTION('',(6.12323293943687E-17,2.11452563798735E-16,-1.0));
#13503=CARTESIAN_POINT('',(66.206500572508,16.7,12.843500000005));
#13504=DIRECTION('',(1.22464658788737E-16,1.0,2.11452563798735E-16));
#13505=DIRECTION('',(6.12323293943687E-17,2.11452563798735E-16,-1.0));
#13506=CARTESIAN_POINT('',(71.300000572502,3.8,3.20000040298899));
#13507=DIRECTION('',(0.0,1.0,2.77555756156289E-17));
#13508=DIRECTION('',(0.0,2.77555756156289E-17,-1.0));
#13509=DIRECTION('',(0.0,-1.0,-2.77555756156289E-17));
#13510=CARTESIAN_POINT('',(71.300000572502,1.0,3.20000040298899));
#13511=DIRECTION('',(0.0,1.0,2.77555756156289E-17));
#13512=DIRECTION('',(0.0,2.77555756156289E-17,-1.0));
#13513=DIRECTION('',(0.0,-1.0,-2.77555756156289E-17));
#13514=DIRECTION('',(1.0,0.0,0.0));
#13515=CARTESIAN_POINT('',(71.300000572502,3.8,3.20000040298899));
#13516=DIRECTION('',(0.0,1.0,2.77555756156289E-17));
#13517=DIRECTION('',(0.0,2.77555756156289E-17,-1.0));
#13518=CARTESIAN_POINT('',(71.300000572502,-9.99200722162641E-16,20.799999395516));
#13519=DIRECTION('',(-2.18952885050753E-49,-1.0,-2.77555756156289E-17));
#13520=DIRECTION('',(1.0,1.69953884180861E-33,-6.12323399573677E-17));
#13521=DIRECTION('',(0.0,-1.0,-2.77555756156289E-17));
#13522=DIRECTION('',(0.0,-1.0,-2.77555756156289E-17));
#13523=CARTESIAN_POINT('',(11.100000572502,5.20000000000001,5.95000000000002));
#13524=DIRECTION('',(-0.0,-1.0,-2.77555756156289E-17));
#13525=DIRECTION('',(-1.0,0.0,0.0));
#13526=DIRECTION('',(1.0,0.0,0.0));
#13527=DIRECTION('',(0.0,2.77555756156289E-17,-1.0));
#13528=DIRECTION('',(-1.0,0.0,0.0));
#13529=DIRECTION('',(0.0,2.77555756156289E-17,-1.0));
#13530=DIRECTION('',(1.22464658788737E-16,2.77555756156289E-17,-1.0));
#13531=DIRECTION('',(1.22464658788737E-16,-1.55941412567477E-16,-1.0));
#13532=DIRECTION('',(0.17364817766693,-0.984807753012208,-2.73339060555879E-17));
#13533=DIRECTION('',(-1.0,0.0,0.0));
#13534=DIRECTION('',(0.0,-1.0,-2.77555756156289E-17));
#13535=CARTESIAN_POINT('',(11.100000572502,5.20000000000001,18.05));
#13536=DIRECTION('',(0.0,1.0,2.77555756156289E-17));
#13537=DIRECTION('',(-1.0,0.0,0.0));
#13538=CARTESIAN_POINT('',(11.100000572502,1.99999999999999,18.05));
#13539=DIRECTION('',(0.0,1.0,2.77555756156289E-17));
#13540=DIRECTION('',(-1.0,0.0,0.0));
#13541=DIRECTION('',(-6.12323399573677E-17,2.77555756156289E-17,-1.0));
#13542=CARTESIAN_POINT('',(71.300000572502,6.29999999999999,20.799999597011));
#13543=DIRECTION('',(0.0,1.0,2.77555756156289E-17));
#13544=DIRECTION('',(0.0,-2.77555756156289E-17,1.0));
#13545=CARTESIAN_POINT('',(65.800000572502,11.9579490558371,22.799999798505));
#13546=DIRECTION('',(1.0,6.16297582203914E-33,-2.22044604925031E-16));
#13547=DIRECTION('',(2.22044604925031E-16,-2.77555756156289E-17,1.0));
#13548=CARTESIAN_POINT('',(69.800000572502,11.9579490558371,18.799999798505));
#13549=DIRECTION('',(-1.83697019872103E-16,2.77555756156289E-17,-1.0));
#13550=DIRECTION('',(1.0,5.09861652542584E-33,-1.83697019872103E-16));
#13551=DIRECTION('',(0.0,-1.0,-2.77555756156289E-17));
#13552=DIRECTION('',(-1.0,0.0,0.0));
#13553=CARTESIAN_POINT('',(66.206500572508,8.20000000000002,11.156499999995));
#13554=DIRECTION('',(-1.22464658788737E-16,-1.0,1.55941412567477E-16));
#13555=DIRECTION('',(6.12323293943687E-17,1.55941412567477E-16,1.0));
#13556=CARTESIAN_POINT('',(66.206500572508,16.7,11.156499999995));
#13557=DIRECTION('',(-1.22464658788737E-16,-1.0,1.55941412567477E-16));
#13558=DIRECTION('',(6.12323293943687E-17,1.55941412567477E-16,1.0));
#13559=DIRECTION('',(6.12323399573677E-17,2.77555756156289E-17,-1.0));
#13560=CARTESIAN_POINT('',(6.10000057250198,11.5922636308879,18.799999798505));
#13561=DIRECTION('',(-1.83697019872103E-16,-2.77555756156289E-17,1.0));
#13562=DIRECTION('',(-1.0,5.09861652542584E-33,-1.83697019872103E-16));
#13563=CARTESIAN_POINT('',(65.672500572508,8.20000000000002,16.212000000005));
#13564=DIRECTION('',(1.22464658788737E-16,1.0,2.11452563798735E-16));
#13565=DIRECTION('',(6.12323293943687E-17,2.11452563798735E-16,-1.0));
#13566=DIRECTION('',(-0.763908922046887,2.67711521637308E-16,-0.64532407270856));
#13567=CARTESIAN_POINT('',(66.206500572508,8.20000000000002,16.156500000005));
#13568=DIRECTION('',(1.22464658788737E-16,1.0,2.11452563798735E-16));
#13569=DIRECTION('',(6.12323293943687E-17,2.11452563798735E-16,-1.0));
#13570=DIRECTION('',(-1.0,0.0,0.0));
#13571=DIRECTION('',(-6.12323399573677E-17,2.77555756156289E-17,-1.0));
#13572=CARTESIAN_POINT('',(10.300000572502,11.560577,5.19999979850499));
#13573=DIRECTION('',(0.0,-1.0,-2.77555756156289E-17));
#13574=DIRECTION('',(-1.0,-1.97090760588952E-31,7.10094300757259E-15));
#13575=DIRECTION('',(-1.0,0.0,0.0));
#13576=CARTESIAN_POINT('',(11.600000572502,11.560577,6.59999999999999));
#13577=DIRECTION('',(0.0,-1.0,-2.77555756156289E-17));
#13578=DIRECTION('',(1.0,0.0,0.0));
#13579=DIRECTION('',(0.0,2.77555756156289E-17,-1.0));
#13580=CARTESIAN_POINT('',(11.600000572502,11.560577,17.4));
#13581=DIRECTION('',(0.0,-1.0,-2.77555756156289E-17));
#13582=DIRECTION('',(1.0,0.0,0.0));
#13583=DIRECTION('',(0.0,-1.0,-2.77555756156289E-17));
#13584=DIRECTION('',(-1.0,0.0,0.0));
#13585=DIRECTION('',(-0.0174524064372835,0.999847695156391,2.77513483070255E-17));
#13586=DIRECTION('',(0.0,-2.77555756156289E-17,1.0));
#13587=DIRECTION('',(0.0151148028134069,-0.865926473236576,0.499942882421559));
#13588=DIRECTION('',(0.0174524064372835,-0.999847695156391,-2.77513483070255E-17));
#13589=CARTESIAN_POINT('',(66.206500572508,16.7,16.156500000005));
#13590=DIRECTION('',(1.22464658788737E-16,1.0,2.11452563798735E-16));
#13591=DIRECTION('',(6.12323293943687E-17,2.11452563798735E-16,-1.0));
#13592=CARTESIAN_POINT('',(71.300000572502,1.0,3.20000040298899));
#13593=DIRECTION('',(0.0,1.0,2.77555756156289E-17));
#13594=DIRECTION('',(0.0,2.77555756156289E-17,-1.0));
#13595=CARTESIAN_POINT('',(71.300000572502,0.999999999999999,3.19999939551701));
#13596=DIRECTION('',(-2.18952885050753E-49,-1.0,-2.77555756156289E-17));
#13597=DIRECTION('',(1.0,1.69953884180861E-33,-6.12323399573677E-17));
#13598=DIRECTION('',(1.22464658788737E-16,1.0,2.11452563798735E-16));
#13599=DIRECTION('',(-0.763908922046887,1.7911341096648E-17,-0.64532407270856));
#13600=CARTESIAN_POINT('',(65.672500572508,16.7,16.212000000005));
#13601=DIRECTION('',(1.22464658788737E-16,1.0,2.11452563798735E-16));
#13602=DIRECTION('',(6.12323293943687E-17,2.11452563798735E-16,-1.0));
#13603=DIRECTION('',(0.0,-2.77555756156289E-17,1.0));
#13604=DIRECTION('',(0.0,1.0,2.77555756156289E-17));
#13605=CARTESIAN_POINT('',(71.700000572502,0.999999999999998,2.79999939551601));
#13606=DIRECTION('',(0.0,-1.0,-2.77555756156289E-17));
#13607=DIRECTION('',(1.0,1.69953884180861E-33,-6.12323399573677E-17));
#13608=DIRECTION('',(1.0,0.0,0.0));
#13609=CARTESIAN_POINT('',(65.000000572502,16.7,5.999999798506));
#13610=DIRECTION('',(0.0,1.0,2.77555756156289E-17));
#13611=DIRECTION('',(-1.0,0.0,0.0));
#13612=CARTESIAN_POINT('',(11.600000572502,14.060577,6.59999999999999));
#13613=DIRECTION('',(0.0,-1.0,-2.77555756156289E-17));
#13614=DIRECTION('',(1.0,0.0,0.0));
#13615=DIRECTION('',(-1.0,0.0,0.0));
#13616=CARTESIAN_POINT('',(10.300000572502,14.060577,5.19999979850499));
#13617=DIRECTION('',(0.0,-1.0,-2.77555756156289E-17));
#13618=DIRECTION('',(-1.0,-2.67410476346104E-31,9.63447777301825E-15));
#13619=DIRECTION('',(0.0,-1.0,-2.77555756156289E-17));
#13620=DIRECTION('',(0.0,-2.77555756156289E-17,1.0));
#13621=DIRECTION('',(0.17364817766693,-0.984807753012208,-2.73339060555879E-17));
#13622=CARTESIAN_POINT('',(71.700000572502,-4.9960036108132E-16,2.79999939551601));
#13623=DIRECTION('',(0.0,-1.0,-2.77555756156289E-17));
#13624=DIRECTION('',(1.0,1.69953884180861E-33,-6.12323399573677E-17));
#13625=DIRECTION('',(0.0,-1.0,-2.77555756156289E-17));
#13626=CARTESIAN_POINT('',(64.400000572502,16.7,17.4));
#13627=DIRECTION('',(-0.0,-1.0,-2.77555756156289E-17));
#13628=DIRECTION('',(-1.0,0.0,0.0));
#13629=DIRECTION('',(-1.0,0.0,0.0));
#13630=CARTESIAN_POINT('',(9.79350057249599,8.20000000000002,12.843500000005));
#13631=DIRECTION('',(1.22464658788737E-16,-1.0,-2.11452563798735E-16));
#13632=DIRECTION('',(-6.12323293943687E-17,2.11452563798735E-16,-1.0));
#13633=DIRECTION('',(-1.22464658788737E-16,1.0,2.11452563798735E-16));
#13634=CARTESIAN_POINT('',(9.79350057249599,16.7,12.843500000005));
#13635=DIRECTION('',(1.22464658788737E-16,-1.0,-2.11452563798735E-16));
#13636=DIRECTION('',(-6.12323293943687E-17,2.11452563798735E-16,-1.0));
#13637=DIRECTION('',(-1.0,0.0,0.0));
#13638=DIRECTION('',(1.0,1.69953884180861E-33,-6.12323399573677E-17));
#13639=DIRECTION('',(0.0,-1.0,-2.77555756156289E-17));
#13640=DIRECTION('',(1.0,0.0,0.0));
#13641=DIRECTION('',(0.0,-1.0,-2.77555756156289E-17));
#13642=DIRECTION('',(1.0,0.0,0.0));
#13643=DIRECTION('',(0.0,-1.0,-2.77555756156289E-17));
#13644=DIRECTION('',(1.0,0.0,0.0));
#13645=DIRECTION('',(0.0,-1.0,-2.77555756156289E-17));
#13646=DIRECTION('',(-0.5,-0.866025403784439,6.57913639888925E-18));
#13647=CARTESIAN_POINT('',(10.300000572502,12.0579490558371,18.799999798505));
#13648=DIRECTION('',(6.65090142433039E-18,1.0,2.77555756156289E-17));
#13649=DIRECTION('',(-1.0,6.65090142433058E-18,-6.74929071855695E-15));
#13650=DIRECTION('',(0.0,-2.77555756156289E-17,1.0));
#13651=DIRECTION('',(1.0,0.0,0.0));
#13652=DIRECTION('',(0.0,-2.77555756156289E-17,1.0));
#13653=DIRECTION('',(1.0,0.0,0.0));
#13654=CARTESIAN_POINT('',(11.000000572502,14.7,5.999999798506));
#13655=DIRECTION('',(0.0,-1.0,-2.77555756156289E-17));
#13656=DIRECTION('',(1.0,0.0,0.0));
#13657=DIRECTION('',(1.0,0.0,0.0));
#13658=DIRECTION('',(1.0,1.69953884180861E-33,-6.12323399573677E-17));
#13659=DIRECTION('',(0.0,-1.0,-2.77555756156289E-17));
#13660=DIRECTION('',(1.0,1.69953884180861E-33,-6.12323399573677E-17));
#13661=DIRECTION('',(0.0,-1.0,-2.77555756156289E-17));
#13662=DIRECTION('',(-1.0,0.0,0.0));
#13663=DIRECTION('',(0.0,-1.0,-2.77555756156289E-17));
#13664=DIRECTION('',(1.0,0.0,0.0));
#13665=DIRECTION('',(-1.22464658788737E-16,1.0,2.77555756156289E-17));
#13666=DIRECTION('',(-5.14593208861071E-32,-2.77555756156289E-17,1.0));
#13667=DIRECTION('',(8.62816615085482E-32,-1.55941412567477E-16,-1.0));
#13668=DIRECTION('',(-5.14593208861071E-32,-2.77555756156289E-17,1.0));
#13669=DIRECTION('',(-1.22464658788737E-16,1.0,2.11452563798735E-16));
#13670=DIRECTION('',(-1.23259516440783E-32,-2.11452563798735E-16,1.0));
#13671=DIRECTION('',(-5.14593208861071E-32,-2.77555756156289E-17,1.0));
#13672=DIRECTION('',(-1.22464658788737E-16,1.0,2.77555756156289E-17));
#13673=DIRECTION('',(5.14593208861071E-32,2.77555756156289E-17,-1.0));
#13674=CARTESIAN_POINT('',(9.75999999999999,0.999999999999998,19.299999395516));
#13675=DIRECTION('',(0.0,-1.0,-2.77555756156289E-17));
#13676=DIRECTION('',(1.0,1.69953884180861E-33,-6.12323399573677E-17));
#13677=CARTESIAN_POINT('',(9.75999999999999,0.999999999999998,4.69999939551602));
#13678=DIRECTION('',(0.0,-1.0,-2.77555756156289E-17));
#13679=DIRECTION('',(1.0,1.69953884180861E-33,-6.12323399573677E-17));
#13680=CARTESIAN_POINT('',(10.300000572502,11.8165276995998,5.19999979850499));
#13681=DIRECTION('',(-4.08509172995084E-47,-1.0,-2.77555756156289E-17));
#13682=DIRECTION('',(-1.0,-1.88781177164768E-31,6.80155871307049E-15));
#13683=CARTESIAN_POINT('',(11.600000572502,16.7,6.59999999999999));
#13684=DIRECTION('',(0.0,-1.0,-2.77555756156289E-17));
#13685=DIRECTION('',(1.0,0.0,0.0));
#13686=DIRECTION('',(0.0,-2.77555756156289E-17,1.0));
#13687=CARTESIAN_POINT('',(11.600000572502,16.7,17.4));
#13688=DIRECTION('',(0.0,-1.0,-2.77555756156289E-17));
#13689=DIRECTION('',(1.0,0.0,0.0));
#13690=DIRECTION('',(1.0,0.0,0.0));
#13691=DIRECTION('',(-1.0,0.0,0.0));
#13692=DIRECTION('',(0.0,2.77555756156289E-17,-1.0));
#13693=DIRECTION('',(1.0,0.0,0.0));
#13694=DIRECTION('',(0.0,-2.77555756156289E-17,1.0));
#13695=DIRECTION('',(1.0,0.0,0.0));
#13696=CARTESIAN_POINT('',(9.79350057249599,16.7,16.156500000005));
#13697=DIRECTION('',(1.22464658788737E-16,-1.0,-2.11452563798735E-16));
#13698=DIRECTION('',(-6.12323293943687E-17,2.11452563798735E-16,-1.0));
#13699=DIRECTION('',(-1.22464658788737E-16,-2.77555756156289E-17,1.0));
#13700=DIRECTION('',(0.763908922046873,-1.79113410966485E-17,0.645324072708576));
#13701=CARTESIAN_POINT('',(10.327500572496,16.7,12.788000000005));
#13702=DIRECTION('',(1.22464658788737E-16,-1.0,-2.11452563798735E-16));
#13703=DIRECTION('',(-6.12323293943687E-17,2.11452563798735E-16,-1.0));
#13704=DIRECTION('',(-0.763908922046873,-1.79113410966485E-17,0.645324072708576));
#13705=CARTESIAN_POINT('',(9.79350057249599,16.7,11.156499999995));
#13706=DIRECTION('',(-1.22464658788737E-16,1.0,-1.55941412567477E-16));
#13707=DIRECTION('',(-6.12323293943687E-17,1.55941412567477E-16,1.0));
#13708=DIRECTION('',(1.22464658788737E-16,-2.77555756156289E-17,1.0));
#13709=CARTESIAN_POINT('',(9.79350057249599,16.7,7.843499999995));
#13710=DIRECTION('',(-1.22464658788737E-16,1.0,-1.55941412567477E-16));
#13711=DIRECTION('',(-6.12323293943687E-17,1.55941412567477E-16,1.0));
#13712=DIRECTION('',(-0.763908922046887,1.7911341096648E-17,-0.64532407270856));
#13713=CARTESIAN_POINT('',(10.327500572496,16.7,7.78799999999501));
#13714=DIRECTION('',(-1.22464658788737E-16,1.0,-1.55941412567477E-16));
#13715=DIRECTION('',(-6.12323293943687E-17,1.55941412567477E-16,1.0));
#13716=DIRECTION('',(1.0,0.0,0.0));
#13717=CARTESIAN_POINT('',(11.000000572502,16.7,5.999999798506));
#13718=DIRECTION('',(0.0,-1.0,-2.77555756156289E-17));
#13719=DIRECTION('',(1.0,0.0,0.0));
#13720=DIRECTION('',(1.0,0.0,0.0));
#13721=DIRECTION('',(0.0,-2.77555756156289E-17,1.0));
#13722=CARTESIAN_POINT('',(9.79350057249599,8.20000000000001,16.156500000005));
#13723=DIRECTION('',(1.22464658788737E-16,-1.0,-2.11452563798735E-16));
#13724=DIRECTION('',(-6.12323293943687E-17,2.11452563798735E-16,-1.0));
#13725=DIRECTION('',(1.0,0.0,0.0));
#13726=DIRECTION('',(0.0,-1.0,-2.77555756156289E-17));
#13727=DIRECTION('',(0.0,1.0,2.77555756156289E-17));
#13728=CARTESIAN_POINT('',(11.600000572502,6.29999999999999,17.4));
#13729=DIRECTION('',(0.0,-1.0,-2.77555756156289E-17));
#13730=DIRECTION('',(1.0,0.0,0.0));
#13731=DIRECTION('',(1.0,0.0,0.0));
#13732=CARTESIAN_POINT('',(10.300000572502,13.560577,2.249999798505));
#13733=DIRECTION('',(-1.0,-6.16297582203914E-33,2.22044604925031E-16));
#13734=DIRECTION('',(2.22044604925031E-16,-2.77555756156289E-17,1.0));
#13735=CARTESIAN_POINT('',(9.75999999999999,-9.43689570931383E-16,19.299999395516));
#13736=DIRECTION('',(0.0,-1.0,-2.77555756156289E-17));
#13737=DIRECTION('',(1.0,1.69953884180861E-33,-6.12323399573677E-17));
#13738=DIRECTION('',(-1.0,0.0,0.0));
#13739=DIRECTION('',(0.0,0.707106781186547,0.707106781186548));
#13740=CARTESIAN_POINT('',(10.327500572496,8.20000000000002,12.788000000005));
#13741=DIRECTION('',(1.22464658788737E-16,-1.0,-2.11452563798735E-16));
#13742=DIRECTION('',(-6.12323293943687E-17,2.11452563798735E-16,-1.0));
#13743=DIRECTION('',(0.763908922046873,-1.01178067943535E-16,0.645324072708576));
#13744=DIRECTION('',(-1.22464658788737E-16,-2.11452563798735E-16,1.0));
#13745=DIRECTION('',(1.0,0.0,0.0));
#13746=DIRECTION('',(-0.0174524064372835,-0.999847695156391,-2.77513483070255E-17));
#13747=DIRECTION('',(0.0,-1.0,-2.77555756156289E-17));
#13748=DIRECTION('',(-1.0,0.0,0.0));
#13749=DIRECTION('',(1.0,0.0,0.0));
#13750=DIRECTION('',(0.0,1.0,2.77555756156289E-17));
#13751=DIRECTION('',(-1.0,0.0,0.0));
#13752=DIRECTION('',(-1.0,0.0,0.0));
#13753=DIRECTION('',(1.0,0.0,0.0));
#13754=DIRECTION('',(0.0,-1.0,-2.77555756156289E-17));
#13755=CARTESIAN_POINT('',(4.29999999999998,-9.99200722162641E-16,21.199999395517));
#13756=DIRECTION('',(0.0,-1.0,-2.77555756156289E-17));
#13757=DIRECTION('',(1.0,1.69953884180861E-33,-6.12323399573677E-17));
#13758=DIRECTION('',(-7.09930412360163E-14,-2.77555756156289E-17,1.0));
#13759=CARTESIAN_POINT('',(4.69999999999999,-9.99200722162641E-16,20.799999395516));
#13760=DIRECTION('',(-2.67276471009221E-49,-1.0,-2.77555756156289E-17));
#13761=DIRECTION('',(1.0,1.69953884180861E-33,-6.12323399573677E-17));
#13762=DIRECTION('',(-6.12323399573677E-17,2.77555756156289E-17,-1.0));
#13763=CARTESIAN_POINT('',(4.69999999999999,-4.9960036108132E-16,3.19999939551701));
#13764=DIRECTION('',(0.0,-1.0,-2.77555756156289E-17));
#13765=DIRECTION('',(1.0,1.69953884180861E-33,-6.12323399573677E-17));
#13766=DIRECTION('',(6.12323399573677E-17,-2.77555756156289E-17,1.0));
#13767=CARTESIAN_POINT('',(4.29999999999998,-4.9960036108132E-16,2.79999939551601));
#13768=DIRECTION('',(0.0,-1.0,-2.77555756156289E-17));
#13769=DIRECTION('',(1.0,1.69953884180861E-33,-6.12323399573677E-17));
#13770=CARTESIAN_POINT('',(4.69999999999999,-9.99200722162641E-16,20.799999395516));
#13771=DIRECTION('',(-2.18952885050753E-49,-1.0,-2.77555756156289E-17));
#13772=DIRECTION('',(1.0,1.69953884180861E-33,-6.12323399573677E-17));
#13773=CARTESIAN_POINT('',(4.69999999999999,-9.99200722162641E-16,20.799999395516));
#13774=DIRECTION('',(-2.18952885050753E-49,-1.0,-2.77555756156289E-17));
#13775=DIRECTION('',(1.0,1.69953884180861E-33,-6.12323399573677E-17));
#13776=CARTESIAN_POINT('',(4.69999999999999,-4.9960036108132E-16,3.19999939551701));
#13777=DIRECTION('',(-2.18952885050753E-49,-1.0,-2.77555756156289E-17));
#13778=DIRECTION('',(1.0,1.69953884180861E-33,-6.12323399573677E-17));
#13779=CARTESIAN_POINT('',(4.69999999999999,-4.9960036108132E-16,3.19999939551701));
#13780=DIRECTION('',(-2.18952885050753E-49,-1.0,-2.77555756156289E-17));
#13781=DIRECTION('',(1.0,1.69953884180861E-33,-6.12323399573677E-17));
#13782=CARTESIAN_POINT('',(71.300000572502,-4.9960036108132E-16,3.19999939551701));
#13783=DIRECTION('',(-2.18952885050753E-49,-1.0,-2.77555756156289E-17));
#13784=DIRECTION('',(1.0,1.69953884180861E-33,-6.12323399573677E-17));
#13785=CARTESIAN_POINT('',(71.300000572502,-9.99200722162641E-16,20.799999395516));
#13786=DIRECTION('',(-2.18952885050753E-49,-1.0,-2.77555756156289E-17));
#13787=DIRECTION('',(1.0,1.69953884180861E-33,-6.12323399573677E-17));
#13788=CARTESIAN_POINT('',(9.75999999999999,-5.55111512312578E-16,4.69999939551602));
#13789=DIRECTION('',(0.0,-1.0,-2.77555756156289E-17));
#13790=DIRECTION('',(1.0,1.69953884180861E-33,-6.12323399573677E-17));
#13791=CARTESIAN_POINT('',(10.300000572502,11.7336849871252,18.799999798505));
#13792=DIRECTION('',(0.0,1.0,2.77555756156289E-17));
#13793=DIRECTION('',(-1.0,1.92669222850994E-31,-6.9416403219E-15));
#13794=CARTESIAN_POINT('',(6.300000572502,11.9579490558371,18.799999798505));
#13795=DIRECTION('',(-1.83697019872103E-16,-2.77555756156289E-17,1.0));
#13796=DIRECTION('',(-1.0,5.09861652542584E-33,-1.83697019872103E-16));
#13797=DIRECTION('',(6.12323399573677E-17,-2.77555756156289E-17,1.0));
#13798=DIRECTION('',(0.0151148028134069,0.865926473236576,-0.499942882421559));
#13799=DIRECTION('',(-1.0,0.0,0.0));
#13800=CARTESIAN_POINT('',(10.300000572502,13.560577,21.749999798505));
#13801=DIRECTION('',(1.0,-6.16297582203914E-33,2.22044604925031E-16));
#13802=DIRECTION('',(2.22044604925031E-16,2.77555756156289E-17,-1.0));
#13803=DIRECTION('',(-0.763908922046873,6.53553857502383E-17,0.645324072708576));
#13804=CARTESIAN_POINT('',(10.327500572496,8.20000000000001,7.78799999999501));
#13805=DIRECTION('',(-1.22464658788737E-16,1.0,-1.55941412567477E-16));
#13806=DIRECTION('',(-6.12323293943687E-17,1.55941412567477E-16,1.0));
#13807=DIRECTION('',(0.763908922046887,2.31888839444012E-16,0.64532407270856));
#13808=CARTESIAN_POINT('',(9.79350057249599,8.20000000000001,7.843499999995));
#13809=DIRECTION('',(-1.22464658788737E-16,1.0,-1.55941412567477E-16));
#13810=DIRECTION('',(-6.12323293943687E-17,1.55941412567477E-16,1.0));
#13811=DIRECTION('',(1.22464658788737E-16,1.55941412567477E-16,1.0));
#13812=CARTESIAN_POINT('',(9.79350057249599,8.20000000000001,11.156499999995));
#13813=DIRECTION('',(-1.22464658788737E-16,1.0,-1.55941412567477E-16));
#13814=DIRECTION('',(-6.12323293943687E-17,1.55941412567477E-16,1.0));
#13815=DIRECTION('',(0.0,-2.77555756156289E-17,1.0));
#13816=CARTESIAN_POINT('',(4.70000008011999,6.29999999999999,3.20000080597799));
#13817=DIRECTION('',(0.0,1.0,2.77555756156289E-17));
#13818=DIRECTION('',(0.0,2.77555756156289E-17,-1.0));
#13819=DIRECTION('',(-1.0,0.0,0.0));
#13820=DIRECTION('',(0.0,-2.77555756156289E-17,1.0));
#13821=DIRECTION('',(1.0,0.0,0.0));
#13822=CARTESIAN_POINT('',(4.70000008011999,6.29999999999999,20.799999597011));
#13823=DIRECTION('',(0.0,-1.0,-2.77555756156289E-17));
#13824=DIRECTION('',(0.0,-2.77555756156289E-17,1.0));
#13825=DIRECTION('',(0.0,2.77555756156289E-17,-1.0));
#13826=DIRECTION('',(0.0,-2.77555756156289E-17,1.0));
#13827=CARTESIAN_POINT('',(11.600000572502,6.29999999999999,6.59999999999999));
#13828=DIRECTION('',(0.0,-1.0,-2.77555756156289E-17));
#13829=DIRECTION('',(1.0,0.0,0.0));
#13830=DIRECTION('',(-1.22464658788737E-16,1.0,-1.55941412567477E-16));
#13831=DIRECTION('',(0.0,2.77555756156289E-17,-1.0));
#13832=DIRECTION('',(0.0,1.0,2.77555756156289E-17));
#13833=DIRECTION('',(0.0174524064372835,0.999847695156391,2.77513483070255E-17));
#13834=DIRECTION('',(-1.0,0.0,0.0));
#13835=DIRECTION('',(0.0,1.0,2.77555756156289E-17));
#13836=DIRECTION('',(0.0,-2.77555756156289E-17,1.0));
#13837=DIRECTION('',(0.0,-1.0,-2.77555756156289E-17));
#13838=CARTESIAN_POINT('',(11.100000572502,14.7,18.35));
#13839=DIRECTION('',(0.0,-1.0,-2.77555756156289E-17));
#13840=DIRECTION('',(0.0,2.77555756156289E-17,-1.0));
#13841=DIRECTION('',(0.0,1.0,2.77555756156289E-17));
#13842=CARTESIAN_POINT('',(11.100000572502,5.20000000000001,18.35));
#13843=DIRECTION('',(0.0,-1.0,-2.77555756156289E-17));
#13844=DIRECTION('',(0.0,2.77555756156289E-17,-1.0));
#13845=DIRECTION('',(0.0,1.0,2.77555756156289E-17));
#13846=DIRECTION('',(-0.0174524064372835,-0.999847695156391,-2.77513483070255E-17));
#13847=DIRECTION('',(0.0,1.0,2.77555756156289E-17));
#13848=DIRECTION('',(6.12323399573677E-17,2.77555756156289E-17,-1.0));
#13849=DIRECTION('',(0.0,1.0,2.77555756156289E-17));
#13850=DIRECTION('',(0.0,-1.0,-2.77555756156289E-17));
#13851=DIRECTION('',(0.0,2.77555756156289E-17,-1.0));
#13852=DIRECTION('',(-0.0151148028134069,-0.865926473236576,-0.499942882421559));
#13853=DIRECTION('',(0.0,-2.77555756156289E-17,1.0));
#13854=DIRECTION('',(0.0174524064372835,0.999847695156391,2.77513483070255E-17));
#13855=DIRECTION('',(1.0,0.0,0.0));
#13856=CARTESIAN_POINT('',(14.500000572502,0.499999999999994,11.999999798506));
#13857=DIRECTION('',(0.0,1.0,2.77555756156289E-17));
#13858=DIRECTION('',(0.0,-2.77555756156289E-17,1.0));
#13859=DIRECTION('',(-1.0,0.0,0.0));
#13860=DIRECTION('',(0.0,-2.77555756156289E-17,1.0));
#13861=DIRECTION('',(1.0,0.0,0.0));
#13862=CARTESIAN_POINT('',(61.500000572502,0.499999999999994,12.000000201494));
#13863=DIRECTION('',(0.0,1.0,2.77555756156289E-17));
#13864=DIRECTION('',(0.0,-2.77555756156289E-17,1.0));
#13865=DIRECTION('',(0.0,2.77555756156289E-17,-1.0));
#13866=DIRECTION('',(-1.0,0.0,0.0));
#13867=CARTESIAN_POINT('',(4.29999999999998,1.0,2.79999939551601));
#13868=DIRECTION('',(0.0,-1.0,-2.77555756156289E-17));
#13869=DIRECTION('',(1.0,1.69953884180861E-33,-6.12323399573677E-17));
#13870=DIRECTION('',(6.12323399573677E-17,-2.77555756156289E-17,1.0));
#13871=CARTESIAN_POINT('',(4.69999999999999,0.999999999999999,3.19999939551701));
#13872=DIRECTION('',(0.0,-1.0,-2.77555756156289E-17));
#13873=DIRECTION('',(1.0,1.69953884180861E-33,-6.12323399573677E-17));
#13874=DIRECTION('',(0.0,-2.77555756156289E-17,1.0));
#13875=DIRECTION('',(0.0,-2.77555756156289E-17,1.0));
#13876=DIRECTION('',(0.0,2.77555756156289E-17,-1.0));
#13877=DIRECTION('',(0.0,-1.0,-2.77555756156289E-17));
#13878=DIRECTION('',(0.0,1.0,2.77555756156289E-17));
#13879=DIRECTION('',(1.0,0.0,0.0));
#13880=DIRECTION('',(0.0,1.0,2.77555756156289E-17));
#13881=DIRECTION('',(0.939692620785908,-0.342020143325669,-9.49296595014384E-18));
#13882=DIRECTION('',(-0.996194698091746,-0.0871557427476582,-2.41905780816893E-18));
#13883=DIRECTION('',(0.0,2.77555756156289E-17,-1.0));
#13884=DIRECTION('',(0.0,-1.0,-2.77555756156289E-17));
#13885=DIRECTION('',(0.0,2.77555756156289E-17,-1.0));
#13886=DIRECTION('',(0.0,-2.77555756156289E-17,1.0));
#13887=DIRECTION('',(0.0,1.0,2.77555756156289E-17));
#13888=DIRECTION('',(0.0,-2.77555756156289E-17,1.0));
#13889=DIRECTION('',(0.0,-1.0,-2.77555756156289E-17));
#13890=DIRECTION('',(0.0,-2.77555756156289E-17,1.0));
#13891=DIRECTION('',(1.0,0.0,0.0));
#13892=DIRECTION('',(0.0,2.77555756156289E-17,-1.0));
#13893=DIRECTION('',(0.0,-1.0,-2.77555756156289E-17));
#13894=CARTESIAN_POINT('',(4.69999999999999,0.999999999999999,20.799999395516));
#13895=DIRECTION('',(-2.18952885050753E-49,-1.0,-2.77555756156289E-17));
#13896=DIRECTION('',(1.0,1.69953884180861E-33,-6.12323399573677E-17));
#13897=DIRECTION('',(0.0,-1.0,-2.77555756156289E-17));
#13898=CARTESIAN_POINT('',(4.70000057250201,0.999999999999997,20.799999597011));
#13899=DIRECTION('',(0.0,1.0,2.77555756156289E-17));
#13900=DIRECTION('',(0.0,-2.77555756156289E-17,1.0));
#13901=CARTESIAN_POINT('',(4.70000057250201,0.999999999999997,20.799999597011));
#13902=DIRECTION('',(0.0,1.0,2.77555756156289E-17));
#13903=DIRECTION('',(0.0,-2.77555756156289E-17,1.0));
#13904=CARTESIAN_POINT('',(4.69999999999999,0.999999999999999,20.799999395516));
#13905=DIRECTION('',(-2.18952885050753E-49,-1.0,-2.77555756156289E-17));
#13906=DIRECTION('',(1.0,1.69953884180861E-33,-6.12323399573677E-17));
#13907=CARTESIAN_POINT('',(4.70000057250201,3.8,20.799999597011));
#13908=DIRECTION('',(0.0,1.0,2.77555756156289E-17));
#13909=DIRECTION('',(0.0,-2.77555756156289E-17,1.0));
#13910=DIRECTION('',(0.0,-1.0,-2.77555756156289E-17));
#13911=DIRECTION('',(0.0,-1.0,-2.77555756156289E-17));
#13912=DIRECTION('',(0.0,2.77555756156289E-17,-1.0));
#13913=DIRECTION('',(0.0,-2.77555756156289E-17,1.0));
#13914=CARTESIAN_POINT('',(4.70000008011999,3.8,20.799999597011));
#13915=DIRECTION('',(0.0,-1.0,-2.77555756156289E-17));
#13916=DIRECTION('',(0.0,-2.77555756156289E-17,1.0));
#13917=CARTESIAN_POINT('',(4.70000057250201,3.8,20.799999597011));
#13918=DIRECTION('',(0.0,1.0,2.77555756156289E-17));
#13919=DIRECTION('',(0.0,-2.77555756156289E-17,1.0));
#13920=DIRECTION('',(0.0,-1.0,-2.77555756156289E-17));
#13921=CARTESIAN_POINT('',(4.69999999999999,0.999999999999999,3.19999939551701));
#13922=DIRECTION('',(-2.18952885050753E-49,-1.0,-2.77555756156289E-17));
#13923=DIRECTION('',(1.0,1.69953884180861E-33,-6.12323399573677E-17));
#13924=DIRECTION('',(0.0,-1.0,-2.77555756156289E-17));
#13925=CARTESIAN_POINT('',(4.70000057250201,1.0,3.20000040298899));
#13926=DIRECTION('',(0.0,-1.0,-2.77555756156289E-17));
#13927=DIRECTION('',(0.0,2.77555756156289E-17,-1.0));
#13928=CARTESIAN_POINT('',(4.70000057250201,1.0,3.20000040298899));
#13929=DIRECTION('',(0.0,-1.0,-2.77555756156289E-17));
#13930=DIRECTION('',(0.0,2.77555756156289E-17,-1.0));
#13931=CARTESIAN_POINT('',(4.69999999999999,0.999999999999999,3.19999939551701));
#13932=DIRECTION('',(-2.18952885050753E-49,-1.0,-2.77555756156289E-17));
#13933=DIRECTION('',(1.0,1.69953884180861E-33,-6.12323399573677E-17));
#13934=DIRECTION('',(0.0,-1.0,-2.77555756156289E-17));
#13935=CARTESIAN_POINT('',(4.70000057250201,3.8,3.20000040298899));
#13936=DIRECTION('',(0.0,-1.0,-2.77555756156289E-17));
#13937=DIRECTION('',(0.0,2.77555756156289E-17,-1.0));
#13938=DIRECTION('',(0.0,-1.0,-2.77555756156289E-17));
#13939=CARTESIAN_POINT('',(4.69999999999999,3.8,3.20000080597799));
#13940=DIRECTION('',(0.0,1.0,2.77555756156289E-17));
#13941=DIRECTION('',(0.0,2.77555756156289E-17,-1.0));
#13942=DIRECTION('',(0.0,2.77555756156289E-17,-1.0));
#13943=DIRECTION('',(0.0,2.77555756156289E-17,-1.0));
#13944=CARTESIAN_POINT('',(4.70000057250201,3.8,3.20000040298899));
#13945=DIRECTION('',(0.0,-1.0,-2.77555756156289E-17));
#13946=DIRECTION('',(0.0,2.77555756156289E-17,-1.0));
#13947=DIRECTION('',(-0.996194698091746,-0.0871557427476582,-2.41905780816893E-18));
#13948=DIRECTION('',(-0.939692620785908,0.342020143325669,9.49296595014384E-18));
#13949=DIRECTION('',(0.0,1.0,2.77555756156289E-17));
#13950=DIRECTION('',(-1.0,0.0,0.0));
#13951=DIRECTION('',(-1.0,0.0,0.0));
#13952=DIRECTION('',(1.0,0.0,0.0));
#13953=DIRECTION('',(0.0,2.77555756156289E-17,-1.0));
#13954=CARTESIAN_POINT('',(4.69999999999999,0.999999999999999,20.799999395516));
#13955=DIRECTION('',(-2.67276471009221E-49,-1.0,-2.77555756156289E-17));
#13956=DIRECTION('',(1.0,1.69953884180861E-33,-6.12323399573677E-17));
#13957=DIRECTION('',(-7.09930412360163E-14,-2.77555756156289E-17,1.0));
#13958=CARTESIAN_POINT('',(4.29999999999998,0.999999999999999,21.199999395517));
#13959=DIRECTION('',(0.0,-1.0,-2.77555756156289E-17));
#13960=DIRECTION('',(1.0,1.69953884180861E-33,-6.12323399573677E-17));
#13961=CARTESIAN_POINT('',(1.0,0.099999999999999,23.0));
#13962=DIRECTION('',(0.0,-1.0,-2.77555756156289E-17));
#13963=DIRECTION('',(0.0,2.77555756156289E-17,-1.0));
#13964=DIRECTION('',(0.0,-1.0,-2.77555756156289E-17));
#13965=CARTESIAN_POINT('',(1.0,0.999999999999998,23.0));
#13966=DIRECTION('',(0.0,-1.0,-2.77555756156289E-17));
#13967=DIRECTION('',(1.0,0.0,0.0));
#13968=DIRECTION('',(0.0,-1.0,-2.77555756156289E-17));
#13969=CARTESIAN_POINT('',(4.29999999999998,0.999999999999998,21.199999395517));
#13970=DIRECTION('',(0.0,-1.0,-2.77555756156289E-17));
#13971=DIRECTION('',(1.0,1.69953884180861E-33,-6.12323399573677E-17));
#13972=CARTESIAN_POINT('',(4.29999999999998,0.099999999999999,21.199999395517));
#13973=DIRECTION('',(0.0,-1.0,-2.77555756156289E-17));
#13974=DIRECTION('',(1.0,1.69953884180861E-33,-6.12323399573677E-17));
#13975=CARTESIAN_POINT('',(4.29999999999998,0.999999999999998,21.199999395517));
#13976=DIRECTION('',(0.0,-1.0,-2.77555756156289E-17));
#13977=DIRECTION('',(1.0,1.69953884180861E-33,-6.12323399573677E-17));
#13978=DIRECTION('',(0.0,-1.0,-2.77555756156289E-17));
#13979=DIRECTION('',(0.0,-1.0,-2.77555756156289E-17));
#13980=DIRECTION('',(0.0,-1.0,-2.77555756156289E-17));
#13981=DIRECTION('',(0.0,2.77555756156289E-17,-1.0));
#13982=DIRECTION('',(-0.939692620785908,0.342020143325669,9.49296595014384E-18));
#13983=DIRECTION('',(0.0,-2.77555756156289E-17,1.0));
#13984=DIRECTION('',(0.939692620785908,-0.342020143325669,-9.49296595014384E-18));
#13985=DIRECTION('',(0.0,2.77555756156289E-17,-1.0));
#13986=DIRECTION('',(0.0,-2.77555756156289E-17,1.0));
#13987=DIRECTION('',(0.0,1.0,2.77555756156289E-17));
#13988=DIRECTION('',(0.0,1.0,2.77555756156289E-17));
#13989=DIRECTION('',(1.0,0.0,0.0));
#13990=DIRECTION('',(0.0,-1.0,-2.77555756156289E-17));
#13991=DIRECTION('',(0.0,-2.77555756156289E-17,1.0));
#13992=DIRECTION('',(0.0,-1.0,-2.77555756156289E-17));
#13993=DIRECTION('',(-6.12323399573677E-17,2.77555756156289E-17,-1.0));
#13994=DIRECTION('',(0.0,-1.0,-2.77555756156289E-17));
#13995=DIRECTION('',(-1.0,0.0,0.0));
#13996=DIRECTION('',(0.0,-1.0,-2.77555756156289E-17));
#13997=DIRECTION('',(0.0,-1.0,-2.77555756156289E-17));
#13998=CARTESIAN_POINT('',(4.29999999999998,0.999999999999998,2.79999939551601));
#13999=DIRECTION('',(0.0,-1.0,-2.77555756156289E-17));
#14000=DIRECTION('',(1.0,1.69953884180861E-33,-6.12323399573677E-17));
#14001=CARTESIAN_POINT('',(1.0,0.999999999999998,1.0));
#14002=DIRECTION('',(0.0,-1.0,-2.77555756156289E-17));
#14003=DIRECTION('',(1.0,0.0,0.0));
#14004=CARTESIAN_POINT('',(1.0,0.0999999999999996,1.0));
#14005=DIRECTION('',(0.0,-1.0,-2.77555756156289E-17));
#14006=DIRECTION('',(0.0,2.77555756156289E-17,-1.0));
#14007=CARTESIAN_POINT('',(4.29999999999998,0.0999999999999995,2.79999939551601));
#14008=DIRECTION('',(0.0,-1.0,-2.77555756156289E-17));
#14009=DIRECTION('',(1.0,1.69953884180861E-33,-6.12323399573677E-17));
#14010=CARTESIAN_POINT('',(1.0,5.2999994274984,1.0));
#14011=DIRECTION('',(0.707106781186548,-0.707106781186548,-1.96261557335472E-17));
#14012=DIRECTION('',(-0.707106781186548,-0.707106781186548,-1.96261557335472E-17));
#14013=CARTESIAN_POINT('',(11.600000572502,14.060577,17.4));
#14014=DIRECTION('',(0.0,-1.0,-2.77555756156289E-17));
#14015=DIRECTION('',(1.0,0.0,0.0));
#14016=CARTESIAN_POINT('',(10.300000572502,14.060577,18.799999798505));
#14017=DIRECTION('',(0.0,1.0,2.77555756156289E-17));
#14018=DIRECTION('',(-1.0,2.67410476346104E-31,-9.63447777301825E-15));
#14019=DIRECTION('',(-1.0,0.0,0.0));
#14020=DIRECTION('',(0.707106781186548,0.707106781186548,1.96261557335472E-17));
#14021=DIRECTION('',(0.0,1.0,2.77555756156289E-17));
#14022=DIRECTION('',(-0.707106781186548,-0.707106781186548,-1.96261557335472E-17));
#14023=DIRECTION('',(0.0,2.77555756156289E-17,-1.0));
#14024=DIRECTION('',(0.0,-2.77555756156289E-17,1.0));
#14025=DIRECTION('',(0.0,1.0,2.77555756156289E-17));
#14026=DIRECTION('',(0.0,1.0,2.77555756156289E-17));
#14027=CARTESIAN_POINT('',(11.100000572502,1.99999999999999,5.95000000000002));
#14028=DIRECTION('',(-0.0,-1.0,-2.77555756156289E-17));
#14029=DIRECTION('',(-1.0,0.0,0.0));
#14030=DIRECTION('',(-1.22464658788737E-16,1.0,-1.55941412567477E-16));
#14031=DIRECTION('',(-0.0174524064372835,-0.999847695156391,-2.77513483070255E-17));
#14032=CARTESIAN_POINT('',(7.35000057250198,13.560577,18.799999798505));
#14033=DIRECTION('',(6.12323399573677E-17,-2.77555756156289E-17,1.0));
#14034=DIRECTION('',(1.0,1.69953884180861E-33,-6.12323399573677E-17));
#14035=CARTESIAN_POINT('',(10.300000572502,13.560577,18.799999798505));
#14036=DIRECTION('',(-2.94328599942197E-47,1.0,2.77555756156289E-17));
#14037=DIRECTION('',(-1.0,2.2695579600486E-31,-8.17694430653651E-15));
#14038=DIRECTION('',(-1.0,0.0,0.0));
#14039=DIRECTION('',(-1.0,0.0,0.0));
#14040=CARTESIAN_POINT('',(10.300000572502,13.1945515962156,5.19999979850499));
#14041=DIRECTION('',(-6.31348896382126E-17,-1.0,-2.77555756156284E-17));
#14042=DIRECTION('',(-1.0,6.31348896382124E-17,8.02003353373384E-15));
#14043=DIRECTION('',(-0.5,-0.866025403784439,-5.46532035584783E-17));
#14044=DIRECTION('',(-6.12323399573677E-17,-2.77555756156289E-17,1.0));
#14045=CARTESIAN_POINT('',(6.35000057250198,13.4445515962156,5.19999979850601));
#14046=DIRECTION('',(1.83697019872103E-16,-2.77555756156289E-17,1.0));
#14047=DIRECTION('',(-1.0,-5.09861652542584E-33,1.83697019872103E-16));
#14048=DIRECTION('',(-6.12323399573677E-17,2.77555756156289E-17,-1.0));
#14049=CARTESIAN_POINT('',(10.300000572502,13.4445515962156,5.19999979850499));
#14050=DIRECTION('',(6.43607550507334E-17,-1.0,-2.77555756156294E-17));
#14051=DIRECTION('',(-1.0,-6.43607550507337E-17,8.17694430653651E-15));
#14052=CARTESIAN_POINT('',(10.300000572502,13.560577,5.19999979850499));
#14053=DIRECTION('',(-2.94328599942197E-47,-1.0,-2.77555756156289E-17));
#14054=DIRECTION('',(-1.0,-2.2695579600486E-31,8.17694430653651E-15));
#14055=DIRECTION('',(0.0,1.0,2.77555756156289E-17));
#14056=CARTESIAN_POINT('',(7.35000057250198,13.560577,5.19999979850601));
#14057=DIRECTION('',(-6.12323399573677E-17,-2.77555756156289E-17,1.0));
#14058=DIRECTION('',(1.0,-1.69953884180861E-33,6.12323399573677E-17));
#14059=DIRECTION('',(0.0,1.0,2.77555756156289E-17));
#14060=DIRECTION('',(6.12323399573677E-17,-2.77555756156289E-17,1.0));
#14061=DIRECTION('',(-1.22464658788737E-16,1.0,-1.55941412567477E-16));
#14062=DIRECTION('',(0.0,-1.0,-2.77555756156289E-17));
#14063=DIRECTION('',(1.0,0.0,0.0));
#14064=DIRECTION('',(0.0,-1.0,-2.77555756156289E-17));
#14065=DIRECTION('',(1.0,0.0,0.0));
#14066=CARTESIAN_POINT('',(14.500000572502,1.99999999999999,11.999999798506));
#14067=DIRECTION('',(0.0,1.0,2.77555756156289E-17));
#14068=DIRECTION('',(0.0,-2.77555756156289E-17,1.0));
#14069=PRESENTATION_LAYER_ASSIGNMENT('','',(#375,#377,#379,#381,#383,#385,#387,#389,#391,#393,#395,#397,#399,#401,#403,#405,#407,#409,#411,#413,#415,#417,#419,#421,#423,#425,#427,#429,#431,#433,#435,#437,#439,#441,#443,#445,#447,#449,#451,#453,#455,#457,#459,#461,#463,#465,#467,#469,#471,#473,#475,#477,#479,#481,#483,#485,#487,#489,#491,#493,#495,#497,#499,#501,#503,#505,#507,#509,#511,#513,#515,#517,#519,#521,#523,#525,#527,#529,#531,#533,#535,#537,#539,#541,#543,#545,#547,#549,#551,#553,#555,#557,#559,#561,#563,#565,#567,#569,#571,#573,#575,#577,#579,#581,#583,#585,#587,#589,#591,#593,#595,#597,#599,#601,#603,#605,#607,#609,#611,#613,#615,#617,#619,#621,#623,#625,#627,#629,#631,#633,#635,#637,#639,#641,#643,#645,#647,#649,#651,#653,#655,#657,#659,#661,#663,#665,#667,#669,#671,#673,#675,#677,#679,#681,#683,#685,#687,#689,#691,#693,#695,#697,#699,#701,#703,#705,#707,#709,#711,#713,#715,#717,#719,#721,#723,#725,#727,#729,#731,#733,#735,#737,#739,#741,#743,#745,#747,#749,#751,#753,#755,#757,#759,#761,#763,#765,#767,#769,#771,#773,#775,#777,#779,#781,#783,#785,#787,#789,#791,#793,#795,#797,#799,#801,#803,#805,#807,#809,#811,#813,#815,#817,#819,#821,#823,#825,#827,#829,#831,#833,#835,#837,#839,#841,#843,#845,#847,#849,#851,#853,#855,#857,#859,#861,#863,#865,#867,#869,#871,#873,#875,#877,#879,#881,#883,#885,#887,#889,#891,#893,#895,#897,#899,#901,#903,#905,#907,#909,#911,#913,#915,#917,#919,#921,#923,#925,#927,#929,#931,#933,#935,#937,#939,#941,#943,#945,#947,#949,#951,#953,#955,#957,#959,#961,#963,#965,#967,#969,#971,#973,#975,#977,#979,#981,#983,#985,#987,#989,#991,#993,#995,#997,#999,#1001,#1003,#1005,#1007,#1009,#1011,#1013,#1015,#1017,#1019,#1021,#1023,#1025,#1027,#1029,#1031,#1033,#1035,#1037,#1039,#1041,#1043,#1045,#1047,#1049,#1051,#1053,#1055,#1057,#1059,#1061,#1063,#1065,#1067,#1069,#1071,#1073,#1075,#6533,#6534,#6535,#6538,#6539,#6540,#6543,#6544,#6545,#6548,#6549,#6550,#6553,#6554,#6555,#6558,#6559,#6560,#6563,#6564,#6565,#6568,#6569,#6570,#6573,#6574,#6575,#6578,#6579,#6580,#6583,#6584,#6585,#6586,#6589,#6590,#6591,#6594,#6595,#6596,#6597,#6600,#6601,#6602,#6603,#6604,#6607,#6608,#6609,#6612,#6613,#6616,#6617,#6618,#6621,#6622,#6625,#6626,#6627,#6630,#6631,#6632,#6635,#6636,#6639,#6640,#6641,#6644,#6645,#6646,#6649,#6650,#6651,#6654,#6655,#6656,#6659,#6660,#6661,#6664,#6665,#6666,#6667,#6670,#6671,#6672,#6673,#6674,#6677,#6678,#6679,#6682,#6683,#6684,#6687,#6688,#6689,#6692,#6693,#6694,#6697,#6698,#6699,#6702,#6703,#6704,#6707,#6708,#6709,#6712,#6713,#6714,#6715,#6718,#6719,#6720,#6723,#6724,#6726,#6727,#6728,#6729,#6731,#6732,#6733,#6734,#6736,#6737,#6738,#6739,#6741,#6742,#6743,#6744,#6746,#6747,#6749,#6750,#6751,#6753,#6754,#6755,#6756,#6758,#6759,#6760,#6762,#6763,#6764,#6765,#6767,#6768,#6769,#6770,#6772,#6773,#6775,#6777,#6778,#6779,#6780,#6782,#6783,#6785,#6786,#6787,#6789,#6790,#6791,#6793,#6794,#6795,#6796,#6797,#6798,#6800,#6801,#6802,#6803,#6804,#6806,#6807,#6808,#6809,#6811,#6812,#6813,#6814,#6816,#6817,#6818,#6819,#6820,#6822,#6823,#6824,#6825,#6826,#6827,#6829,#6830,#6831,#6833,#6834,#6835,#6837,#6838,#6839,#6841,#6842,#6843,#6844,#6845,#6846,#6847,#6848,#6849,#6850,#6851,#6853,#6854,#6855,#6857,#6858,#6859,#6861,#6862,#6864,#6865,#6866,#6868,#6869,#6870,#6872,#6873,#6874,#6876,#6877,#6879,#6880,#6881,#6882,#6884,#6885,#6886,#6887,#6888,#6889,#6890,#6891,#6893,#6894,#6895,#6896,#6898,#6899,#6900,#6901,#6903,#6904,#6905,#6906,#6907,#6908,#6910,#6911,#6912,#6914,#6915,#6916,#6917,#6919,#6920,#6921,#6923,#6924,#6925,#6927,#6928,#6929,#6931,#6932,#6934,#6935,#6937,#6938,#6940,#6941,#6943,#6944,#6945,#6946,#6948,#6949,#6950,#6951,#6953,#6954,#6955,#6957,#6958,#6960,#6961,#6962,#6963,#6965,#6966,#6967,#6968,#6970,#6971,#6972,#6973,#6975,#6976,#6977,#6979,#6980,#6981,#6983,#6984,#6986,#6987,#6988,#6989,#6991,#6992,#6993,#6995,#6996,#6997,#6998,#6999,#7000,#7001,#7002,#7003,#7004,#7005,#7008,#7009,#7010,#7012,#7013,#7014,#7015,#7017,#7018,#7020,#7021,#7022,#7024,#7025,#7026,#7028,#7029,#7030,#7032,#7033,#7034,#7035,#7036,#7037,#7038,#7039,#7041,#7042,#7043,#7044,#7046,#7047,#7048,#7049,#7051,#7052,#7053,#7054,#7055,#7056,#7057,#7058,#7059,#7060,#7061,#7062,#7063,#7064,#7065,#7066,#7067,#7068,#7069,#7071,#7072,#7074,#7075,#7077,#7078,#7079,#7080,#7082,#7083,#7085,#7086,#7087,#7088,#7090,#7091,#7092,#7094,#7095,#7096,#7097,#7099,#7101,#7103,#7105,#7106,#7107,#7109,#7110,#7111,#7112,#7114,#7115,#7116,#7118,#7119,#7120,#7122,#7123,#7124,#7126,#7127,#7128,#7129,#7131,#7132,#7133,#7134,#7136,#7137,#7139,#7140,#7141,#7142,#7144,#7145,#7147,#7148,#7149,#7150,#7152,#7153,#7155,#7156,#7157,#7158,#7160,#7162,#7164,#7165,#7166,#7167,#7169,#7170,#7171,#7172,#7174,#7175,#7177,#7178,#7180,#7181,#7183,#7184,#7185,#7186,#7187,#7188,#7189,#7190,#7192,#7193,#7194,#7196,#7197,#7199,#7200,#7202,#7203,#7205,#7206,#7208,#7209,#7210,#7212,#7213,#7214,#7216,#7217,#7218,#7221,#7223,#7224,#7225,#7226,#7227,#7228,#7229,#7231,#7232,#7234,#7235,#7236,#7239,#7241,#7243,#7244,#7246,#7247,#7250,#7252,#7253,#7255,#7256,#7258,#7259,#7260,#7262,#7263,#7264,#7267,#7268,#7270,#7271,#7272,#7273,#7275,#7276,#7278,#7280,#7281,#7282,#7284,#7285,#7286,#7288,#7291,#7292,#7293,#7295,#7296,#7298,#7299,#7300,#7301,#7303,#7304,#7306,#7307,#7308,#7310,#7311,#7312,#7313,#7314,#7316,#7317,#7319,#7320,#7322,#7323,#7324,#7326,#7327,#7330,#7332,#7333,#7335,#7338,#7340,#7341,#7343,#7344,#7346,#7347,#7348,#7350,#7352,#7353,#7354,#7355,#7356,#7357,#7359,#7360,#7361,#7363,#7364,#7365,#7367,#7369,#7370,#7372,#7373,#7375,#7377,#7378,#7380,#7383,#7386,#7388,#7389,#7390,#7392,#7394,#7395,#7397,#7398,#7400,#7401,#7404,#7406,#7407,#7408,#7410,#7411,#7412,#7413,#7414,#7415,#7416,#7417,#7418,#7420,#7423,#7424,#7426,#7427,#7428,#7429,#7430,#7431,#7433,#7434,#7435,#7437,#7438,#7439,#7440,#7442,#7443,#7444,#7445,#7446,#7447,#7448,#7449,#7450,#7452,#7453,#7455,#7457,#7458,#7459,#7460,#7461,#7462,#7463,#7464,#7465,#7466,#7467,#7468,#7469,#7470,#7471,#7472,#7473,#7474,#7475,#7476,#7477,#7478,#7479,#7481,#7483,#7484,#7486,#7487,#7489,#7490,#7491,#7493,#7495,#7496,#7498,#7499,#7500,#7502,#7503,#7504,#7505,#7506,#7507,#7508,#7509,#7510,#7514,#7516,#7517,#7518,#7519,#7520,#7521,#7522,#7523,#7524,#7525,#7526,#7527,#7528,#7529,#7531,#7533,#7534,#7536,#7539,#7540,#7541,#7544,#7545,#7546,#7547,#7548,#7549,#7551,#7552,#7553,#7554,#7555,#7556,#7557,#7558,#7559,#7561,#7563,#7564,#7566,#7567,#7569,#7570,#7571,#7575,#7576,#7577,#7578,#7580,#7582,#7583,#7584,#7586,#7588,#7589,#7590,#7591,#7593,#7595,#7596,#7597,#7598,#7599,#7601,#7602,#7603,#7604,#7605,#7607,#7608,#7609,#7610,#7613,#7614,#7615,#7616,#7617,#7619,#7620,#7621,#7622,#7623,#7624,#7626,#7628,#7629,#7630,#7632,#7633,#7634,#7636,#7637,#7638,#7640,#7641,#7642,#7644,#7645,#7646,#7647,#7649,#7650,#7651,#7653,#7654,#7655,#7657,#7658,#7659,#7661,#7662,#7663,#7664,#7666,#7667,#7668,#7669,#7670,#7671,#7674,#7675,#7676,#7677,#7679,#7680,#7681,#7683,#7684,#7685,#7686,#7691,#7694,#7696,#7699,#7700,#7701,#7702,#7703,#7704,#7706,#7707,#7708,#7710,#7711,#7713,#7714,#7715,#7717,#7721,#7723,#7725,#7726,#7728,#7729,#7731,#7734,#7735,#7737,#7738,#7739,#7741,#7742,#7744,#7746,#7751,#7753,#7755,#7757,#7759,#7760,#7761,#7763,#7764,#7768,#7769,#7771,#7773,#7774,#7776,#7778,#7779,#7781,#7782,#7784,#7785,#7787,#7788,#7795,#7798,#7800,#7802,#7807,#7808,#7827,#7829,#7836,#7838,#7842,#7843,#7845,#7847,#7854,#7856,#7860,#7861,#7863,#7865,#7872,#7874,#7878,#7881,#7883,#7890,#7892,#7899,#7901,#7906,#7908,#7910,#7915,#7917,#7919,#7921,#7928,#7930,#7935,#7937,#7939,#7941,#7948,#7950,#7952,#7960,#7962,#7967,#7974,#7976,#7981,#7988,#7990,#7997,#7999,#8004,#8011,#8013,#8020,#8022,#8029,#8031,#8036,#8038,#8040,#8047,#8049,#8053,#8056,#8058,#8060,#8068,#8070,#8072,#8079,#8081,#8088,#8090,#8094,#8097,#8099,#8106,#8108,#8115,#8117,#8124,#8126,#8133,#8135,#8139,#8142,#8144,#8146,#8153,#8155,#8160,#8164,#8165,#8168,#8172,#8173,#8175,#8177,#8181,#8182,#8184,#8186,#8190,#8191,#8193,#8195,#8199,#8203,#8205,#8209,#8210,#8212,#8214,#8218,#8220,#8224,#8225,#8227,#8229,#8233,#8234,#8236,#8238,#8247,#8248,#8250,#8252,#8256,#8260,#8261,#8266,#8267,#8272,#8274,#8276,#8279,#8280,#8284,#8285,#8288,#8290,#8294,#8295,#8297,#8299,#8303,#8306,#8310,#8311,#8313,#8315,#8317,#8321,#8322,#8324,#8326,#8328,#8330,#8334,#8336,#8340,#8341,#8346,#8348,#8352,#8353,#8355,#8357,#8359,#8362,#8364,#8366,#8369,#8370,#8374,#8376,#8380,#8385,#8389,#8391,#8395,#8397,#8401,#8403,#8407,#8411,#8412,#8414,#8416,#8420,#8424,#8426,#8428,#8430,#8434,#8435,#8438,#8442,#8443,#8445,#8447,#8451,#8452,#8454,#8456,#8458,#8460,#8465,#8469,#8470,#8472,#8474,#8478,#8480,#8484,#8489,#8490,#8495,#8499,#8503,#8507,#8511,#8512,#8515,#8519,#8520,#8522,#8524,#8528,#8529,#8537,#8538,#8540,#8542,#8546,#8547,#8549,#8551,#8555,#8556,#8558,#8560,#8564,#8565,#8570,#8571,#8576,#8580,#8581,#8583,#8585,#8590,#8594,#8595,#8599,#8601,#8603,#8605,#8607,#8610,#8615,#8616,#8621,#8623,#8631,#8633,#8638,#8642,#8644,#8648,#8649,#8651,#8653,#8655,#8657,#8659,#8661,#8665,#8666,#8668,#8670,#8674,#8675,#8678,#8682,#8683,#8687,#8689,#8691,#8694,#8696,#8698,#8700,#8702,#8704,#8706,#8708,#8710,#8712,#8714,#8724,#8725,#8727,#8729,#8733,#8737,#8738,#8740,#8742,#8746,#8748,#8752,#8753,#8756,#8757,#8768,#8772,#8773,#8775,#8777,#8781,#8783,#8787,#8792,#8794,#8798,#8799,#8801,#8803,#8807,#8808,#8810,#8812,#8819,#8820,#8822,#8824,#8831,#8832,#8834,#8836,#8844,#8846,#8855,#8857,#8861,#8862,#8864,#8866,#8879,#8880,#8882,#8884,#8886,#8888,#8890,#8892,#8896,#8898,#8908,#8912,#8920,#8925,#8927,#8935,#8938,#8940,#8948,#8950,#8971,#8975,#8977,#8981,#8983,#8988,#8992,#8993,#8995,#8997,#9006,#9011,#9012,#9021,#9028,#9029,#9031,#9033,#9040,#9041,#9046,#9047,#9049,#9051,#9059,#9063,#9064,#9069,#9090,#9097,#9100,#9102,#9104,#9108,#9110,#9114,#9116,#9125,#9131,#9143,#9144,#9146,#9152,#9156,#9166,#9168,#9172,#9174,#9176,#9178,#9180,#9182,#9184,#9186,#9193,#9197,#9199,#9201,#9203,#9208,#9210,#9214,#9215,#9217,#9219,#9223,#9224,#9228,#9230,#9233,#9235,#9244,#9246,#9249,#9251,#9253,#9256,#9264,#9266,#9269,#9273,#9275,#9281,#9285,#9289,#9303,#9306,#9309,#9311,#9321,#9323,#9325,#9327,#9329,#9331,#9334,#9335,#9338,#9339,#9354,#9356,#9362,#9365,#9367,#9371,#9373,#9375,#9377,#9379,#9381,#9384,#9390,#9394,#9398,#9400,#9406,#9407,#9409,#9411,#9417,#9419,#9425,#9428,#9435,#9437,#9442,#9443,#9446,#9448,#9452,#9455,#9460,#9461,#9464,#9466,#9470,#9474,#9476,#9483,#9487,#9489,#9493,#9494,#9499,#9500,#9506,#9511,#9513,#9517,#9518,#9523,#9525,#9529,#9535,#9537,#9539,#9541,#9547,#9549,#9551,#9555,#9557,#9577,#9579,#9581,#9583,#9588,#9590,#9594,#9599,#9620,#9624,#9647,#9648,#9658,#9664,#9670,#9674));
ENDSEC;
END-ISO-10303-21;
