ISO-10303-21;
HEADER;
/* Generated by software containing ST-Developer
 * from STEP Tools, Inc. (www.steptools.com) 
 */

FILE_DESCRIPTION(
/* description */ (''),
/* implementation_level */ '2;1');

FILE_NAME(
/* name */ 'Rail Cotter Pin.step',
/* time_stamp */ '2025-10-24T16:35:00-07:00',
/* author */ (''),
/* organization */ (''),
/* preprocessor_version */ 'ST-DEVELOPER v20.1',
/* originating_system */ 'Autodesk Translation Framework v14.17.0.0',
/* authorisation */ '');

FILE_SCHEMA (('AUTOMOTIVE_DESIGN { 1 0 10303 214 3 1 1 }'));
ENDSEC;

DATA;
#10=MECHANICAL_DESIGN_GEOMETRIC_PRESENTATION_REPRESENTATION('',(#13),#1891);
#11=SHAPE_REPRESENTATION_RELATIONSHIP('SRR','None',#1897,#12);
#12=ADVANCED_BREP_SHAPE_REPRESENTATION('',(#14),#1890);
#13=STYLED_ITEM('',(#1906),#14);
#14=MANIFOLD_SOLID_BREP('4.177mm',#484);
#15=LINE('',#732,#47);
#16=LINE('',#747,#48);
#17=LINE('',#775,#49);
#18=LINE('',#816,#50);
#19=LINE('',#857,#51);
#20=LINE('',#898,#52);
#21=LINE('',#939,#53);
#22=LINE('',#980,#54);
#23=LINE('',#995,#55);
#24=LINE('',#1036,#56);
#25=LINE('',#1074,#57);
#26=LINE('',#1154,#58);
#27=LINE('',#1248,#59);
#28=LINE('',#1313,#60);
#29=LINE('',#1379,#61);
#30=LINE('',#1445,#62);
#31=LINE('',#1499,#63);
#32=LINE('',#1553,#64);
#33=LINE('',#1603,#65);
#34=LINE('',#1659,#66);
#35=LINE('',#1709,#67);
#36=LINE('',#1763,#68);
#37=LINE('',#1817,#69);
#38=LINE('',#1870,#70);
#39=LINE('',#1874,#71);
#40=LINE('',#1875,#72);
#41=LINE('',#1876,#73);
#42=LINE('',#1879,#74);
#43=LINE('',#1880,#75);
#44=LINE('',#1883,#76);
#45=LINE('',#1884,#77);
#46=LINE('',#1886,#78);
#47=VECTOR('',#496,10.);
#48=VECTOR('',#497,10.);
#49=VECTOR('',#498,10.);
#50=VECTOR('',#499,10.);
#51=VECTOR('',#500,10.);
#52=VECTOR('',#501,10.);
#53=VECTOR('',#502,10.);
#54=VECTOR('',#503,10.);
#55=VECTOR('',#504,10.);
#56=VECTOR('',#505,10.);
#57=VECTOR('',#506,10.);
#58=VECTOR('',#507,10.);
#59=VECTOR('',#508,10.);
#60=VECTOR('',#509,10.);
#61=VECTOR('',#510,10.);
#62=VECTOR('',#511,10.);
#63=VECTOR('',#512,10.);
#64=VECTOR('',#513,10.);
#65=VECTOR('',#514,10.);
#66=VECTOR('',#515,10.);
#67=VECTOR('',#516,10.);
#68=VECTOR('',#517,10.);
#69=VECTOR('',#518,10.);
#70=VECTOR('',#519,10.);
#71=VECTOR('',#522,10.);
#72=VECTOR('',#523,10.);
#73=VECTOR('',#524,10.);
#74=VECTOR('',#527,10.);
#75=VECTOR('',#528,10.);
#76=VECTOR('',#531,10.);
#77=VECTOR('',#532,10.);
#78=VECTOR('',#535,10.);
#79=B_SPLINE_SURFACE_WITH_KNOTS('',3,1,((#705,#706),(#707,#708),(#709,#710),
(#711,#712),(#713,#714),(#715,#716),(#717,#718),(#719,#720),(#721,#722),
(#723,#724),(#725,#726),(#727,#728),(#729,#730)),.UNSPECIFIED.,.F.,.F.,
 .F.,(4,3,3,3,4),(2,2),(-1.04811252243246,-1.03849001794598,-1.,-0.723379028003139,
-0.601413386991045),(0.,1.70500000000001),.UNSPECIFIED.);
#80=B_SPLINE_SURFACE_WITH_KNOTS('',3,1,((#748,#749),(#750,#751),(#752,#753),
(#754,#755),(#756,#757),(#758,#759),(#760,#761),(#762,#763),(#764,#765),
(#766,#767),(#768,#769),(#770,#771),(#772,#773)),.UNSPECIFIED.,.F.,.F.,
 .F.,(4,3,3,3,4),(2,2),(-0.398586623073048,-0.189843146434191,0.,0.0384900179459791,
0.0481125224324602),(0.,1.70500000000001),.UNSPECIFIED.);
#81=B_SPLINE_SURFACE_WITH_KNOTS('',3,1,((#789,#790),(#791,#792),(#793,#794),
(#795,#796),(#797,#798),(#799,#800),(#801,#802),(#803,#804),(#805,#806),
(#807,#808),(#809,#810),(#811,#812),(#813,#814)),.UNSPECIFIED.,.F.,.F.,
 .F.,(4,3,3,3,4),(2,2),(-1.04811252243254,-1.03849001794599,-1.,-0.723379028003136,
-0.601413386991033),(0.,1.70500000000001),.UNSPECIFIED.);
#82=B_SPLINE_SURFACE_WITH_KNOTS('',3,1,((#830,#831),(#832,#833),(#834,#835),
(#836,#837),(#838,#839),(#840,#841),(#842,#843),(#844,#845),(#846,#847),
(#848,#849),(#850,#851),(#852,#853),(#854,#855)),.UNSPECIFIED.,.F.,.F.,
 .F.,(4,3,3,3,4),(2,2),(-0.398586623073028,-0.189843146434188,0.,0.0384900179459591,
0.0481125224324481),(0.,1.70500000000001),.UNSPECIFIED.);
#83=B_SPLINE_SURFACE_WITH_KNOTS('',3,1,((#871,#872),(#873,#874),(#875,#876),
(#877,#878),(#879,#880),(#881,#882),(#883,#884),(#885,#886),(#887,#888),
(#889,#890),(#891,#892),(#893,#894),(#895,#896)),.UNSPECIFIED.,.F.,.F.,
 .F.,(4,3,3,3,4),(2,2),(-1.04811252243247,-1.03849001794599,-1.,-0.723379028003138,
-0.601413386991055),(0.,1.70500000000001),.UNSPECIFIED.);
#84=B_SPLINE_SURFACE_WITH_KNOTS('',3,1,((#912,#913),(#914,#915),(#916,#917),
(#918,#919),(#920,#921),(#922,#923),(#924,#925),(#926,#927),(#928,#929),
(#930,#931),(#932,#933),(#934,#935),(#936,#937)),.UNSPECIFIED.,.F.,.F.,
 .F.,(4,3,3,3,4),(2,2),(-0.398586623073041,-0.189843146434186,0.,0.0384900179459863,
0.0481125224324714),(0.,1.70500000000001),.UNSPECIFIED.);
#85=B_SPLINE_SURFACE_WITH_KNOTS('',3,1,((#953,#954),(#955,#956),(#957,#958),
(#959,#960),(#961,#962),(#963,#964),(#965,#966),(#967,#968),(#969,#970),
(#971,#972),(#973,#974),(#975,#976),(#977,#978)),.UNSPECIFIED.,.F.,.F.,
 .F.,(4,3,3,3,4),(2,2),(-0.398586623073031,-0.189843146434186,0.,0.0384900179460156,
0.0481125224325475),(0.,1.70500000000001),.UNSPECIFIED.);
#86=B_SPLINE_SURFACE_WITH_KNOTS('',3,1,((#996,#997),(#998,#999),(#1000,
#1001),(#1002,#1003),(#1004,#1005),(#1006,#1007),(#1008,#1009),(#1010,#1011),
(#1012,#1013),(#1014,#1015),(#1016,#1017),(#1018,#1019),(#1020,#1021)),
 .UNSPECIFIED.,.F.,.F.,.F.,(4,3,3,3,4),(2,2),(-1.04811252243243,-1.03849001794599,
-1.,-0.723379028003136,-0.60141338699103),(0.,1.70500000000001),
 .UNSPECIFIED.);
#87=B_SPLINE_SURFACE_WITH_KNOTS('',3,1,((#1037,#1038),(#1039,#1040),(#1041,
#1042),(#1043,#1044),(#1045,#1046),(#1047,#1048),(#1049,#1050),(#1051,#1052),
(#1053,#1054),(#1055,#1056),(#1057,#1058),(#1059,#1060),(#1061,#1062)),
 .UNSPECIFIED.,.F.,.F.,.F.,(4,3,3,3,4),(2,2),(-0.39858662307304,-0.189843146434187,
0.,0.0384900179459804,0.0481125224324701),(0.,1.70500000000001),
 .UNSPECIFIED.);
#88=B_SPLINE_SURFACE_WITH_KNOTS('',3,1,((#1075,#1076),(#1077,#1078),(#1079,
#1080),(#1081,#1082),(#1083,#1084),(#1085,#1086),(#1087,#1088),(#1089,#1090),
(#1091,#1092),(#1093,#1094),(#1095,#1096),(#1097,#1098),(#1099,#1100)),
 .UNSPECIFIED.,.F.,.F.,.F.,(4,3,3,3,4),(2,2),(-1.04811252243246,-1.03849001794597,
-1.,-0.723379028003141,-0.601413386991033),(0.,1.70500000000001),
 .UNSPECIFIED.);
#89=B_SPLINE_SURFACE_WITH_KNOTS('',3,1,((#1114,#1115),(#1116,#1117),(#1118,
#1119),(#1120,#1121),(#1122,#1123),(#1124,#1125),(#1126,#1127),(#1128,#1129),
(#1130,#1131),(#1132,#1133),(#1134,#1135),(#1136,#1137),(#1138,#1139)),
 .UNSPECIFIED.,.F.,.F.,.F.,(4,3,3,3,4),(2,2),(-0.39858662307306,-0.189843146434193,
0.,0.0384900179459362,0.0481125224325943),(0.,1.70500000000001),
 .UNSPECIFIED.);
#90=B_SPLINE_SURFACE_WITH_KNOTS('',3,1,((#1155,#1156),(#1157,#1158),(#1159,
#1160),(#1161,#1162),(#1163,#1164),(#1165,#1166),(#1167,#1168),(#1169,#1170),
(#1171,#1172),(#1173,#1174),(#1175,#1176),(#1177,#1178),(#1179,#1180)),
 .UNSPECIFIED.,.F.,.F.,.F.,(4,3,3,3,4),(2,2),(-1.04811252243246,-1.03849001794597,
-1.,-0.72337902800314,-0.601413386991049),(0.,1.70500000000001),
 .UNSPECIFIED.);
#91=B_SPLINE_SURFACE_WITH_KNOTS('',3,3,((#1194,#1195,#1196,#1197),(#1198,
#1199,#1200,#1201),(#1202,#1203,#1204,#1205),(#1206,#1207,#1208,#1209),
(#1210,#1211,#1212,#1213),(#1214,#1215,#1216,#1217),(#1218,#1219,#1220,
#1221),(#1222,#1223,#1224,#1225),(#1226,#1227,#1228,#1229),(#1230,#1231,
#1232,#1233),(#1234,#1235,#1236,#1237),(#1238,#1239,#1240,#1241),(#1242,
#1243,#1244,#1245)),.UNSPECIFIED.,.F.,.F.,.F.,(4,1,1,1,1,1,1,1,2,4),(4,
4),(0.,0.0933613328993543,0.186722665798709,0.233403332248386,0.373445331597417,
0.560167997396126,0.746890663194835,0.840251996094189,0.933613328993543,
1.),(0.,1.),.UNSPECIFIED.);
#92=B_SPLINE_SURFACE_WITH_KNOTS('',3,3,((#1262,#1263,#1264,#1265,#1266),
(#1267,#1268,#1269,#1270,#1271),(#1272,#1273,#1274,#1275,#1276),(#1277,
#1278,#1279,#1280,#1281),(#1282,#1283,#1284,#1285,#1286),(#1287,#1288,#1289,
#1290,#1291),(#1292,#1293,#1294,#1295,#1296),(#1297,#1298,#1299,#1300,#1301),
(#1302,#1303,#1304,#1305,#1306),(#1307,#1308,#1309,#1310,#1311)),
 .UNSPECIFIED.,.F.,.F.,.F.,(4,2,1,1,1,1,4),(4,1,4),(0.,0.104380754957919,
0.328285566218439,0.417847490722647,0.462628452974751,0.731314226487376,
1.),(0.,0.714285714285714,1.),.UNSPECIFIED.);
#93=B_SPLINE_SURFACE_WITH_KNOTS('',3,3,((#1318,#1319,#1320,#1321),(#1322,
#1323,#1324,#1325),(#1326,#1327,#1328,#1329),(#1330,#1331,#1332,#1333),
(#1334,#1335,#1336,#1337),(#1338,#1339,#1340,#1341),(#1342,#1343,#1344,
#1345),(#1346,#1347,#1348,#1349),(#1350,#1351,#1352,#1353),(#1354,#1355,
#1356,#1357),(#1358,#1359,#1360,#1361),(#1362,#1363,#1364,#1365),(#1366,
#1367,#1368,#1369),(#1370,#1371,#1372,#1373),(#1374,#1375,#1376,#1377)),
 .UNSPECIFIED.,.F.,.F.,.F.,(4,1,1,1,1,1,1,1,1,1,2,4),(4,4),(0.,0.0933613328993253,
0.186722665798651,0.233403332248313,0.373445331597301,0.466806664496626,
0.560167997395952,0.653529330295277,0.746890663194602,0.840251996093927,
0.933613328993253,1.),(0.,1.),.UNSPECIFIED.);
#94=B_SPLINE_SURFACE_WITH_KNOTS('',3,3,((#1384,#1385,#1386,#1387,#1388,
#1389),(#1390,#1391,#1392,#1393,#1394,#1395),(#1396,#1397,#1398,#1399,#1400,
#1401),(#1402,#1403,#1404,#1405,#1406,#1407),(#1408,#1409,#1410,#1411,#1412,
#1413),(#1414,#1415,#1416,#1417,#1418,#1419),(#1420,#1421,#1422,#1423,#1424,
#1425),(#1426,#1427,#1428,#1429,#1430,#1431),(#1432,#1433,#1434,#1435,#1436,
#1437),(#1438,#1439,#1440,#1441,#1442,#1443)),.UNSPECIFIED.,.F.,.F.,.F.,
(4,2,1,1,1,1,4),(4,1,1,4),(0.,0.104380754957661,0.373066528470362,0.462628452974596,
0.641752301983064,0.731314226487298,1.),(0.,0.714285714285714,0.857142857142857,
1.),.UNSPECIFIED.);
#95=B_SPLINE_SURFACE_WITH_KNOTS('',3,3,((#1450,#1451,#1452,#1453),(#1454,
#1455,#1456,#1457),(#1458,#1459,#1460,#1461),(#1462,#1463,#1464,#1465),
(#1466,#1467,#1468,#1469),(#1470,#1471,#1472,#1473),(#1474,#1475,#1476,
#1477),(#1478,#1479,#1480,#1481),(#1482,#1483,#1484,#1485),(#1486,#1487,
#1488,#1489),(#1490,#1491,#1492,#1493),(#1494,#1495,#1496,#1497)),
 .UNSPECIFIED.,.F.,.F.,.F.,(4,1,1,1,1,1,1,2,4),(4,4),(0.,0.0933613328993576,
0.186722665798715,0.37344533159743,0.560167997396145,0.74689066319486,0.840251996094218,
0.933613328993576,1.),(0.,1.),.UNSPECIFIED.);
#96=B_SPLINE_SURFACE_WITH_KNOTS('',3,3,((#1504,#1505,#1506,#1507),(#1508,
#1509,#1510,#1511),(#1512,#1513,#1514,#1515),(#1516,#1517,#1518,#1519),
(#1520,#1521,#1522,#1523),(#1524,#1525,#1526,#1527),(#1528,#1529,#1530,
#1531),(#1532,#1533,#1534,#1535),(#1536,#1537,#1538,#1539),(#1540,#1541,
#1542,#1543),(#1544,#1545,#1546,#1547),(#1548,#1549,#1550,#1551)),
 .UNSPECIFIED.,.F.,.F.,.F.,(4,2,1,1,1,1,1,1,4),(4,4),(0.,0.104380754958258,
0.23872364171452,0.283504603966607,0.373066528470781,0.462628452974955,
0.731314226487477,0.820876150991652,1.),(0.,1.),.UNSPECIFIED.);
#97=B_SPLINE_SURFACE_WITH_KNOTS('',3,3,((#1558,#1559,#1560,#1561),(#1562,
#1563,#1564,#1565),(#1566,#1567,#1568,#1569),(#1570,#1571,#1572,#1573),
(#1574,#1575,#1576,#1577),(#1578,#1579,#1580,#1581),(#1582,#1583,#1584,
#1585),(#1586,#1587,#1588,#1589),(#1590,#1591,#1592,#1593),(#1594,#1595,
#1596,#1597),(#1598,#1599,#1600,#1601)),.UNSPECIFIED.,.F.,.F.,.F.,(4,1,
1,1,1,1,2,4),(4,4),(0.,0.186722665798702,0.373445331597405,0.560167997396107,
0.74689066319481,0.840251996094161,0.933613328993512,1.),(0.,1.),
 .UNSPECIFIED.);
#98=B_SPLINE_SURFACE_WITH_KNOTS('',3,3,((#1608,#1609,#1610,#1611,#1612),
(#1613,#1614,#1615,#1616,#1617),(#1618,#1619,#1620,#1621,#1622),(#1623,
#1624,#1625,#1626,#1627),(#1628,#1629,#1630,#1631,#1632),(#1633,#1634,#1635,
#1636,#1637),(#1638,#1639,#1640,#1641,#1642),(#1643,#1644,#1645,#1646,#1647),
(#1648,#1649,#1650,#1651,#1652),(#1653,#1654,#1655,#1656,#1657)),
 .UNSPECIFIED.,.F.,.F.,.F.,(4,2,1,1,1,1,4),(4,1,4),(0.,0.104380754958119,
0.328285566218589,0.417847490722777,0.462628452974871,0.731314226487436,
1.),(0.,0.714285714285714,1.),.UNSPECIFIED.);
#99=B_SPLINE_SURFACE_WITH_KNOTS('',3,3,((#1664,#1665,#1666,#1667),(#1668,
#1669,#1670,#1671),(#1672,#1673,#1674,#1675),(#1676,#1677,#1678,#1679),
(#1680,#1681,#1682,#1683),(#1684,#1685,#1686,#1687),(#1688,#1689,#1690,
#1691),(#1692,#1693,#1694,#1695),(#1696,#1697,#1698,#1699),(#1700,#1701,
#1702,#1703),(#1704,#1705,#1706,#1707)),.UNSPECIFIED.,.F.,.F.,.F.,(4,1,
1,1,1,1,2,4),(4,4),(0.,0.186722665798656,0.373445331597311,0.560167997395967,
0.746890663194622,0.84025199609395,0.933613328993278,1.),(0.,1.),
 .UNSPECIFIED.);
#100=B_SPLINE_SURFACE_WITH_KNOTS('',3,3,((#1714,#1715,#1716,#1717),(#1718,
#1719,#1720,#1721),(#1722,#1723,#1724,#1725),(#1726,#1727,#1728,#1729),
(#1730,#1731,#1732,#1733),(#1734,#1735,#1736,#1737),(#1738,#1739,#1740,
#1741),(#1742,#1743,#1744,#1745),(#1746,#1747,#1748,#1749),(#1750,#1751,
#1752,#1753),(#1754,#1755,#1756,#1757),(#1758,#1759,#1760,#1761)),
 .UNSPECIFIED.,.F.,.F.,.F.,(4,2,1,1,1,1,1,1,4),(4,4),(0.,0.104380754958075,
0.238723641714364,0.28350460396646,0.373066528470653,0.462628452974845,
0.64175230198323,0.776095188739519,1.),(0.,1.),.UNSPECIFIED.);
#101=B_SPLINE_SURFACE_WITH_KNOTS('',3,3,((#1768,#1769,#1770,#1771),(#1772,
#1773,#1774,#1775),(#1776,#1777,#1778,#1779),(#1780,#1781,#1782,#1783),
(#1784,#1785,#1786,#1787),(#1788,#1789,#1790,#1791),(#1792,#1793,#1794,
#1795),(#1796,#1797,#1798,#1799),(#1800,#1801,#1802,#1803),(#1804,#1805,
#1806,#1807),(#1808,#1809,#1810,#1811),(#1812,#1813,#1814,#1815)),
 .UNSPECIFIED.,.F.,.F.,.F.,(4,1,1,1,1,1,1,2,4),(4,4),(0.,0.0933613328993335,
0.186722665798667,0.373445331597334,0.560167997396001,0.746890663194668,
0.840251996094001,0.933613328993335,1.),(0.,1.),.UNSPECIFIED.);
#102=B_SPLINE_SURFACE_WITH_KNOTS('',3,3,((#1822,#1823,#1824,#1825),(#1826,
#1827,#1828,#1829),(#1830,#1831,#1832,#1833),(#1834,#1835,#1836,#1837),
(#1838,#1839,#1840,#1841),(#1842,#1843,#1844,#1845),(#1846,#1847,#1848,
#1849),(#1850,#1851,#1852,#1853),(#1854,#1855,#1856,#1857),(#1858,#1859,
#1860,#1861),(#1862,#1863,#1864,#1865),(#1866,#1867,#1868,#1869)),
 .UNSPECIFIED.,.F.,.F.,.F.,(4,2,1,1,1,1,1,1,4),(4,4),(0.,0.104380754958058,
0.283504603966447,0.328285566218544,0.417847490722738,0.462628452974835,
0.731314226487418,0.865657113243709,1.),(0.,1.),.UNSPECIFIED.);
#103=FACE_OUTER_BOUND('',#133,.T.);
#104=FACE_OUTER_BOUND('',#134,.T.);
#105=FACE_OUTER_BOUND('',#135,.T.);
#106=FACE_OUTER_BOUND('',#136,.T.);
#107=FACE_OUTER_BOUND('',#137,.T.);
#108=FACE_OUTER_BOUND('',#138,.T.);
#109=FACE_OUTER_BOUND('',#139,.T.);
#110=FACE_OUTER_BOUND('',#140,.T.);
#111=FACE_OUTER_BOUND('',#141,.T.);
#112=FACE_OUTER_BOUND('',#142,.T.);
#113=FACE_OUTER_BOUND('',#143,.T.);
#114=FACE_OUTER_BOUND('',#144,.T.);
#115=FACE_OUTER_BOUND('',#145,.T.);
#116=FACE_OUTER_BOUND('',#146,.T.);
#117=FACE_OUTER_BOUND('',#147,.T.);
#118=FACE_OUTER_BOUND('',#148,.T.);
#119=FACE_OUTER_BOUND('',#149,.T.);
#120=FACE_OUTER_BOUND('',#150,.T.);
#121=FACE_OUTER_BOUND('',#151,.T.);
#122=FACE_OUTER_BOUND('',#152,.T.);
#123=FACE_OUTER_BOUND('',#153,.T.);
#124=FACE_OUTER_BOUND('',#154,.T.);
#125=FACE_OUTER_BOUND('',#155,.T.);
#126=FACE_OUTER_BOUND('',#156,.T.);
#127=FACE_OUTER_BOUND('',#157,.T.);
#128=FACE_OUTER_BOUND('',#158,.T.);
#129=FACE_OUTER_BOUND('',#159,.T.);
#130=FACE_OUTER_BOUND('',#160,.T.);
#131=FACE_OUTER_BOUND('',#161,.T.);
#132=FACE_OUTER_BOUND('',#162,.T.);
#133=EDGE_LOOP('',(#310,#311,#312,#313,#314,#315,#316,#317,#318,#319,#320,
#321));
#134=EDGE_LOOP('',(#322,#323,#324,#325));
#135=EDGE_LOOP('',(#326,#327,#328,#329));
#136=EDGE_LOOP('',(#330,#331,#332,#333));
#137=EDGE_LOOP('',(#334,#335,#336,#337));
#138=EDGE_LOOP('',(#338,#339,#340,#341));
#139=EDGE_LOOP('',(#342,#343,#344,#345));
#140=EDGE_LOOP('',(#346,#347,#348,#349));
#141=EDGE_LOOP('',(#350,#351,#352,#353));
#142=EDGE_LOOP('',(#354,#355,#356,#357));
#143=EDGE_LOOP('',(#358,#359,#360,#361));
#144=EDGE_LOOP('',(#362,#363,#364,#365));
#145=EDGE_LOOP('',(#366,#367,#368,#369));
#146=EDGE_LOOP('',(#370,#371,#372,#373,#374));
#147=EDGE_LOOP('',(#375,#376,#377,#378));
#148=EDGE_LOOP('',(#379,#380,#381,#382));
#149=EDGE_LOOP('',(#383,#384,#385,#386));
#150=EDGE_LOOP('',(#387,#388,#389,#390));
#151=EDGE_LOOP('',(#391,#392,#393,#394));
#152=EDGE_LOOP('',(#395,#396,#397,#398));
#153=EDGE_LOOP('',(#399,#400,#401,#402));
#154=EDGE_LOOP('',(#403,#404,#405,#406));
#155=EDGE_LOOP('',(#407,#408,#409,#410));
#156=EDGE_LOOP('',(#411,#412,#413,#414));
#157=EDGE_LOOP('',(#415,#416,#417,#418,#419));
#158=EDGE_LOOP('',(#420,#421,#422,#423));
#159=EDGE_LOOP('',(#424,#425,#426,#427,#428,#429,#430,#431,#432));
#160=EDGE_LOOP('',(#433,#434,#435,#436,#437));
#161=EDGE_LOOP('',(#438,#439,#440,#441,#442,#443));
#162=EDGE_LOOP('',(#444,#445,#446,#447));
#163=B_SPLINE_CURVE_WITH_KNOTS('',3,(#542,#543,#544,#545,#546,#547,#548,
#549,#550,#551,#552,#553,#554),.UNSPECIFIED.,.F.,.F.,(4,3,3,3,4),(-0.149341406640626,
-0.0795538443809696,-0.0160850806395941,-0.00321701612791575,0.),
 .UNSPECIFIED.);
#164=B_SPLINE_CURVE_WITH_KNOTS('',3,(#556,#557,#558,#559,#560,#561,#562,
#563,#564,#565,#566,#567,#568),.UNSPECIFIED.,.F.,.F.,(4,3,3,3,4),(-0.0625534719081081,
-0.0612059853868147,-0.0558160393016323,-0.0170794472016712,0.),
 .UNSPECIFIED.);
#165=B_SPLINE_CURVE_WITH_KNOTS('',3,(#570,#571,#572,#573,#574,#575,#576,
#577,#578,#579,#580,#581,#582),.UNSPECIFIED.,.F.,.F.,(4,3,3,3,4),(-0.14934140664174,
-0.0795538443815623,-0.0160850806397076,-0.00321701612794131,0.),
 .UNSPECIFIED.);
#166=B_SPLINE_CURVE_WITH_KNOTS('',3,(#584,#585,#586,#587,#588,#589,#590,
#591,#592,#593,#594,#595,#596),.UNSPECIFIED.,.F.,.F.,(4,3,3,3,4),(-0.0625534719077742,
-0.0612059853864793,-0.0558160393013261,-0.0170794472015793,0.),
 .UNSPECIFIED.);
#167=B_SPLINE_CURVE_WITH_KNOTS('',3,(#598,#599,#600,#601,#602,#603,#604,
#605,#606,#607,#608,#609,#610),.UNSPECIFIED.,.F.,.F.,(4,3,3,3,4),(-0.149341406642454,
-0.0795538443819421,-0.0160850806397875,-0.00321701612795383,0.),
 .UNSPECIFIED.);
#168=B_SPLINE_CURVE_WITH_KNOTS('',3,(#612,#613,#614,#615,#616,#617,#618,
#619,#620,#621,#622,#623,#624),.UNSPECIFIED.,.F.,.F.,(4,3,3,3,4),(-0.0625534719077982,
-0.0612059853865128,-0.0558160393013573,-0.0170794472015881,0.),
 .UNSPECIFIED.);
#169=B_SPLINE_CURVE_WITH_KNOTS('',3,(#626,#627,#628,#629,#630,#631,#632,
#633,#634,#635,#636,#637,#638),.UNSPECIFIED.,.F.,.F.,(4,3,3,3,4),(-0.149341406644233,
-0.079553844382909,-0.0160850806400186,-0.00321701612805024,0.),
 .UNSPECIFIED.);
#170=B_SPLINE_CURVE_WITH_KNOTS('',3,(#640,#641,#642,#643,#644,#645,#646,
#647,#648,#649,#650,#651,#652),.UNSPECIFIED.,.F.,.F.,(4,3,3,3,4),(-0.0625534719078849,
-0.0612059853865951,-0.0558160393014344,-0.0170794472016114,0.),
 .UNSPECIFIED.);
#171=B_SPLINE_CURVE_WITH_KNOTS('',3,(#654,#655,#656,#657,#658,#659,#660,
#661,#662,#663,#664,#665,#666),.UNSPECIFIED.,.F.,.F.,(4,3,3,3,4),(-0.149341406641222,
-0.0795538443813006,-0.0160850806396813,-0.00321701612794375,0.),
 .UNSPECIFIED.);
#172=B_SPLINE_CURVE_WITH_KNOTS('',3,(#668,#669,#670,#671,#672,#673,#674,
#675,#676,#677,#678,#679,#680),.UNSPECIFIED.,.F.,.F.,(4,3,3,3,4),(-0.0625534719082142,
-0.0612059853869247,-0.055816039301732,-0.0170794472017039,0.),
 .UNSPECIFIED.);
#173=B_SPLINE_CURVE_WITH_KNOTS('',3,(#682,#683,#684,#685,#686,#687,#688,
#689,#690,#691),.UNSPECIFIED.,.F.,.F.,(4,3,3,4),(-0.149341406640608,-0.0795538443809601,
-0.0160850806395918,0.),.UNSPECIFIED.);
#174=B_SPLINE_CURVE_WITH_KNOTS('',3,(#692,#693,#694,#695,#696,#697,#698,
#699,#700,#701,#702,#703,#704),.UNSPECIFIED.,.F.,.F.,(4,3,3,3,4),(-0.0625534719078708,
-0.0612059853865815,-0.0558160393014217,-0.0170794472016093,0.),
 .UNSPECIFIED.);
#175=B_SPLINE_CURVE_WITH_KNOTS('',3,(#734,#735,#736,#737,#738,#739,#740,
#741,#742,#743,#744,#745,#746),.UNSPECIFIED.,.F.,.F.,(4,3,3,3,4),(0.,0.00321701616918464,
0.0160850808459571,0.108565592640018,0.149341405191994),.UNSPECIFIED.);
#176=B_SPLINE_CURVE_WITH_KNOTS('',3,(#776,#777,#778,#779,#780,#781,#782,
#783,#784,#785,#786,#787,#788),.UNSPECIFIED.,.F.,.F.,(4,3,3,3,4),(0.,0.0292313767405611,
0.0558160471905613,0.0612059939014538,0.062553480579175),.UNSPECIFIED.);
#177=B_SPLINE_CURVE_WITH_KNOTS('',3,(#817,#818,#819,#820,#821,#822,#823,
#824,#825,#826,#827,#828,#829),.UNSPECIFIED.,.F.,.F.,(4,3,3,3,4),(0.,0.00321701616921551,
0.0160850808460142,0.108565592640251,0.149341405192306),.UNSPECIFIED.);
#178=B_SPLINE_CURVE_WITH_KNOTS('',3,(#858,#859,#860,#861,#862,#863,#864,
#865,#866,#867,#868,#869,#870),.UNSPECIFIED.,.F.,.F.,(4,3,3,3,4),(0.,0.0292313767403483,
0.0558160471901569,0.0612059939010078,0.0625534805787204),.UNSPECIFIED.);
#179=B_SPLINE_CURVE_WITH_KNOTS('',3,(#899,#900,#901,#902,#903,#904,#905,
#906,#907,#908,#909,#910,#911),.UNSPECIFIED.,.F.,.F.,(4,3,3,3,4),(0.,0.00321701616919331,
0.0160850808459878,0.108565592640205,0.149341405192245),.UNSPECIFIED.);
#180=B_SPLINE_CURVE_WITH_KNOTS('',3,(#940,#941,#942,#943,#944,#945,#946,
#947,#948,#949,#950,#951,#952),.UNSPECIFIED.,.F.,.F.,(4,3,3,3,4),(0.,0.0292313767401512,
0.0558160471897781,0.0612059939005961,0.062553480578299),.UNSPECIFIED.);
#181=B_SPLINE_CURVE_WITH_KNOTS('',3,(#982,#983,#984,#985,#986,#987,#988,
#989,#990,#991,#992,#993,#994),.UNSPECIFIED.,.F.,.F.,(4,3,3,3,4),(0.,0.0292313767402984,
0.0558160471900606,0.0612059939009101,0.0625534805786263),.UNSPECIFIED.);
#182=B_SPLINE_CURVE_WITH_KNOTS('',3,(#1023,#1024,#1025,#1026,#1027,#1028,
#1029,#1030,#1031,#1032,#1033,#1034,#1035),.UNSPECIFIED.,.F.,.F.,(4,3,3,
3,4),(0.,0.0032170161691659,0.0160850808459126,0.108565592639769,0.149341405191657),
 .UNSPECIFIED.);
#183=B_SPLINE_CURVE_WITH_KNOTS('',3,(#1064,#1065,#1066,#1067,#1068,#1069,
#1070,#1071,#1072,#1073),.UNSPECIFIED.,.F.,.F.,(4,3,3,4),(0.,0.0292313767400717,
0.0558160471896268,0.0625534805781292),.UNSPECIFIED.);
#184=B_SPLINE_CURVE_WITH_KNOTS('',3,(#1101,#1102,#1103,#1104,#1105,#1106,
#1107,#1108,#1109,#1110,#1111,#1112,#1113),.UNSPECIFIED.,.F.,.F.,(4,3,3,
3,4),(0.,0.00321701616920287,0.0160850808460201,0.108565592640434,0.14934140519257),
 .UNSPECIFIED.);
#185=B_SPLINE_CURVE_WITH_KNOTS('',3,(#1141,#1142,#1143,#1144,#1145,#1146,
#1147,#1148,#1149,#1150,#1151,#1152,#1153),.UNSPECIFIED.,.F.,.F.,(4,3,3,
3,4),(0.,0.0292313767404296,0.0558160471903091,0.0612059939011711,0.062553480578911),
 .UNSPECIFIED.);
#186=B_SPLINE_CURVE_WITH_KNOTS('',3,(#1181,#1182,#1183,#1184,#1185,#1186,
#1187,#1188,#1189,#1190,#1191,#1192,#1193),.UNSPECIFIED.,.F.,.F.,(4,3,3,
3,4),(0.,0.0032170161691886,0.0160850808459463,0.108565592639942,0.149341405191887),
 .UNSPECIFIED.);
#187=B_SPLINE_CURVE_WITH_KNOTS('',3,(#1250,#1251,#1252,#1253),
 .UNSPECIFIED.,.F.,.F.,(4,4),(0.,0.764825147626793),.UNSPECIFIED.);
#188=B_SPLINE_CURVE_WITH_KNOTS('',3,(#1254,#1255,#1256,#1257),
 .UNSPECIFIED.,.F.,.F.,(4,4),(0.764825147626793,1.),.UNSPECIFIED.);
#189=B_SPLINE_CURVE_WITH_KNOTS('',3,(#1258,#1259,#1260,#1261),
 .UNSPECIFIED.,.F.,.F.,(4,4),(0.,1.),.UNSPECIFIED.);
#190=B_SPLINE_CURVE_WITH_KNOTS('',3,(#1314,#1315,#1316,#1317),
 .UNSPECIFIED.,.F.,.F.,(4,4),(0.,1.),.UNSPECIFIED.);
#191=B_SPLINE_CURVE_WITH_KNOTS('',3,(#1380,#1381,#1382,#1383),
 .UNSPECIFIED.,.F.,.F.,(4,4),(0.,1.),.UNSPECIFIED.);
#192=B_SPLINE_CURVE_WITH_KNOTS('',3,(#1446,#1447,#1448,#1449),
 .UNSPECIFIED.,.F.,.F.,(4,4),(0.,1.),.UNSPECIFIED.);
#193=B_SPLINE_CURVE_WITH_KNOTS('',3,(#1500,#1501,#1502,#1503),
 .UNSPECIFIED.,.F.,.F.,(4,4),(0.,1.),.UNSPECIFIED.);
#194=B_SPLINE_CURVE_WITH_KNOTS('',3,(#1554,#1555,#1556,#1557),
 .UNSPECIFIED.,.F.,.F.,(4,4),(0.,1.),.UNSPECIFIED.);
#195=B_SPLINE_CURVE_WITH_KNOTS('',3,(#1604,#1605,#1606,#1607),
 .UNSPECIFIED.,.F.,.F.,(4,4),(0.,1.),.UNSPECIFIED.);
#196=B_SPLINE_CURVE_WITH_KNOTS('',3,(#1660,#1661,#1662,#1663),
 .UNSPECIFIED.,.F.,.F.,(4,4),(0.,1.),.UNSPECIFIED.);
#197=B_SPLINE_CURVE_WITH_KNOTS('',3,(#1710,#1711,#1712,#1713),
 .UNSPECIFIED.,.F.,.F.,(4,4),(0.,1.),.UNSPECIFIED.);
#198=B_SPLINE_CURVE_WITH_KNOTS('',3,(#1764,#1765,#1766,#1767),
 .UNSPECIFIED.,.F.,.F.,(4,4),(0.,1.),.UNSPECIFIED.);
#199=B_SPLINE_CURVE_WITH_KNOTS('',3,(#1818,#1819,#1820,#1821),
 .UNSPECIFIED.,.F.,.F.,(4,4),(0.,1.),.UNSPECIFIED.);
#200=VERTEX_POINT('',#540);
#201=VERTEX_POINT('',#541);
#202=VERTEX_POINT('',#555);
#203=VERTEX_POINT('',#569);
#204=VERTEX_POINT('',#583);
#205=VERTEX_POINT('',#597);
#206=VERTEX_POINT('',#611);
#207=VERTEX_POINT('',#625);
#208=VERTEX_POINT('',#639);
#209=VERTEX_POINT('',#653);
#210=VERTEX_POINT('',#667);
#211=VERTEX_POINT('',#681);
#212=VERTEX_POINT('',#731);
#213=VERTEX_POINT('',#733);
#214=VERTEX_POINT('',#774);
#215=VERTEX_POINT('',#815);
#216=VERTEX_POINT('',#856);
#217=VERTEX_POINT('',#897);
#218=VERTEX_POINT('',#938);
#219=VERTEX_POINT('',#979);
#220=VERTEX_POINT('',#981);
#221=VERTEX_POINT('',#1022);
#222=VERTEX_POINT('',#1063);
#223=VERTEX_POINT('',#1140);
#224=VERTEX_POINT('',#1246);
#225=VERTEX_POINT('',#1247);
#226=VERTEX_POINT('',#1249);
#227=VERTEX_POINT('',#1312);
#228=VERTEX_POINT('',#1378);
#229=VERTEX_POINT('',#1444);
#230=VERTEX_POINT('',#1498);
#231=VERTEX_POINT('',#1552);
#232=VERTEX_POINT('',#1602);
#233=VERTEX_POINT('',#1658);
#234=VERTEX_POINT('',#1708);
#235=VERTEX_POINT('',#1762);
#236=VERTEX_POINT('',#1816);
#237=VERTEX_POINT('',#1872);
#238=VERTEX_POINT('',#1873);
#239=VERTEX_POINT('',#1878);
#240=VERTEX_POINT('',#1882);
#241=EDGE_CURVE('',#200,#201,#163,.T.);
#242=EDGE_CURVE('',#202,#200,#164,.T.);
#243=EDGE_CURVE('',#203,#202,#165,.T.);
#244=EDGE_CURVE('',#204,#203,#166,.T.);
#245=EDGE_CURVE('',#205,#204,#167,.T.);
#246=EDGE_CURVE('',#206,#205,#168,.T.);
#247=EDGE_CURVE('',#207,#206,#169,.T.);
#248=EDGE_CURVE('',#208,#207,#170,.T.);
#249=EDGE_CURVE('',#209,#208,#171,.T.);
#250=EDGE_CURVE('',#210,#209,#172,.T.);
#251=EDGE_CURVE('',#211,#210,#173,.T.);
#252=EDGE_CURVE('',#201,#211,#174,.T.);
#253=EDGE_CURVE('',#205,#212,#15,.T.);
#254=EDGE_CURVE('',#213,#212,#175,.T.);
#255=EDGE_CURVE('',#206,#213,#16,.T.);
#256=EDGE_CURVE('',#204,#214,#17,.T.);
#257=EDGE_CURVE('',#212,#214,#176,.T.);
#258=EDGE_CURVE('',#203,#215,#18,.T.);
#259=EDGE_CURVE('',#214,#215,#177,.T.);
#260=EDGE_CURVE('',#202,#216,#19,.T.);
#261=EDGE_CURVE('',#215,#216,#178,.T.);
#262=EDGE_CURVE('',#200,#217,#20,.T.);
#263=EDGE_CURVE('',#216,#217,#179,.T.);
#264=EDGE_CURVE('',#201,#218,#21,.T.);
#265=EDGE_CURVE('',#217,#218,#180,.T.);
#266=EDGE_CURVE('',#208,#219,#22,.T.);
#267=EDGE_CURVE('',#220,#219,#181,.T.);
#268=EDGE_CURVE('',#209,#220,#23,.T.);
#269=EDGE_CURVE('',#221,#220,#182,.T.);
#270=EDGE_CURVE('',#210,#221,#24,.T.);
#271=EDGE_CURVE('',#222,#221,#183,.T.);
#272=EDGE_CURVE('',#211,#222,#25,.T.);
#273=EDGE_CURVE('',#218,#222,#184,.T.);
#274=EDGE_CURVE('',#223,#213,#185,.T.);
#275=EDGE_CURVE('',#207,#223,#26,.T.);
#276=EDGE_CURVE('',#219,#223,#186,.T.);
#277=EDGE_CURVE('',#224,#225,#27,.T.);
#278=EDGE_CURVE('',#225,#226,#187,.T.);
#279=EDGE_CURVE('',#226,#215,#188,.T.);
#280=EDGE_CURVE('',#224,#216,#189,.T.);
#281=EDGE_CURVE('',#227,#224,#28,.T.);
#282=EDGE_CURVE('',#227,#217,#190,.T.);
#283=EDGE_CURVE('',#228,#227,#29,.T.);
#284=EDGE_CURVE('',#228,#218,#191,.T.);
#285=EDGE_CURVE('',#229,#228,#30,.T.);
#286=EDGE_CURVE('',#229,#222,#192,.T.);
#287=EDGE_CURVE('',#230,#229,#31,.T.);
#288=EDGE_CURVE('',#230,#221,#193,.T.);
#289=EDGE_CURVE('',#231,#230,#32,.T.);
#290=EDGE_CURVE('',#231,#220,#194,.T.);
#291=EDGE_CURVE('',#232,#231,#33,.T.);
#292=EDGE_CURVE('',#232,#219,#195,.T.);
#293=EDGE_CURVE('',#233,#232,#34,.T.);
#294=EDGE_CURVE('',#233,#223,#196,.T.);
#295=EDGE_CURVE('',#234,#233,#35,.T.);
#296=EDGE_CURVE('',#234,#213,#197,.T.);
#297=EDGE_CURVE('',#235,#234,#36,.T.);
#298=EDGE_CURVE('',#235,#212,#198,.T.);
#299=EDGE_CURVE('',#236,#235,#37,.T.);
#300=EDGE_CURVE('',#236,#214,#199,.T.);
#301=EDGE_CURVE('',#225,#236,#38,.T.);
#302=EDGE_CURVE('',#237,#238,#39,.T.);
#303=EDGE_CURVE('',#237,#225,#40,.T.);
#304=EDGE_CURVE('',#238,#224,#41,.T.);
#305=EDGE_CURVE('',#238,#239,#42,.T.);
#306=EDGE_CURVE('',#239,#232,#43,.T.);
#307=EDGE_CURVE('',#239,#240,#44,.T.);
#308=EDGE_CURVE('',#240,#234,#45,.T.);
#309=EDGE_CURVE('',#240,#237,#46,.T.);
#310=ORIENTED_EDGE('',*,*,#241,.F.);
#311=ORIENTED_EDGE('',*,*,#242,.F.);
#312=ORIENTED_EDGE('',*,*,#243,.F.);
#313=ORIENTED_EDGE('',*,*,#244,.F.);
#314=ORIENTED_EDGE('',*,*,#245,.F.);
#315=ORIENTED_EDGE('',*,*,#246,.F.);
#316=ORIENTED_EDGE('',*,*,#247,.F.);
#317=ORIENTED_EDGE('',*,*,#248,.F.);
#318=ORIENTED_EDGE('',*,*,#249,.F.);
#319=ORIENTED_EDGE('',*,*,#250,.F.);
#320=ORIENTED_EDGE('',*,*,#251,.F.);
#321=ORIENTED_EDGE('',*,*,#252,.F.);
#322=ORIENTED_EDGE('',*,*,#246,.T.);
#323=ORIENTED_EDGE('',*,*,#253,.T.);
#324=ORIENTED_EDGE('',*,*,#254,.F.);
#325=ORIENTED_EDGE('',*,*,#255,.F.);
#326=ORIENTED_EDGE('',*,*,#245,.T.);
#327=ORIENTED_EDGE('',*,*,#256,.T.);
#328=ORIENTED_EDGE('',*,*,#257,.F.);
#329=ORIENTED_EDGE('',*,*,#253,.F.);
#330=ORIENTED_EDGE('',*,*,#244,.T.);
#331=ORIENTED_EDGE('',*,*,#258,.T.);
#332=ORIENTED_EDGE('',*,*,#259,.F.);
#333=ORIENTED_EDGE('',*,*,#256,.F.);
#334=ORIENTED_EDGE('',*,*,#243,.T.);
#335=ORIENTED_EDGE('',*,*,#260,.T.);
#336=ORIENTED_EDGE('',*,*,#261,.F.);
#337=ORIENTED_EDGE('',*,*,#258,.F.);
#338=ORIENTED_EDGE('',*,*,#242,.T.);
#339=ORIENTED_EDGE('',*,*,#262,.T.);
#340=ORIENTED_EDGE('',*,*,#263,.F.);
#341=ORIENTED_EDGE('',*,*,#260,.F.);
#342=ORIENTED_EDGE('',*,*,#241,.T.);
#343=ORIENTED_EDGE('',*,*,#264,.T.);
#344=ORIENTED_EDGE('',*,*,#265,.F.);
#345=ORIENTED_EDGE('',*,*,#262,.F.);
#346=ORIENTED_EDGE('',*,*,#249,.T.);
#347=ORIENTED_EDGE('',*,*,#266,.T.);
#348=ORIENTED_EDGE('',*,*,#267,.F.);
#349=ORIENTED_EDGE('',*,*,#268,.F.);
#350=ORIENTED_EDGE('',*,*,#250,.T.);
#351=ORIENTED_EDGE('',*,*,#268,.T.);
#352=ORIENTED_EDGE('',*,*,#269,.F.);
#353=ORIENTED_EDGE('',*,*,#270,.F.);
#354=ORIENTED_EDGE('',*,*,#251,.T.);
#355=ORIENTED_EDGE('',*,*,#270,.T.);
#356=ORIENTED_EDGE('',*,*,#271,.F.);
#357=ORIENTED_EDGE('',*,*,#272,.F.);
#358=ORIENTED_EDGE('',*,*,#252,.T.);
#359=ORIENTED_EDGE('',*,*,#272,.T.);
#360=ORIENTED_EDGE('',*,*,#273,.F.);
#361=ORIENTED_EDGE('',*,*,#264,.F.);
#362=ORIENTED_EDGE('',*,*,#247,.T.);
#363=ORIENTED_EDGE('',*,*,#255,.T.);
#364=ORIENTED_EDGE('',*,*,#274,.F.);
#365=ORIENTED_EDGE('',*,*,#275,.F.);
#366=ORIENTED_EDGE('',*,*,#248,.T.);
#367=ORIENTED_EDGE('',*,*,#275,.T.);
#368=ORIENTED_EDGE('',*,*,#276,.F.);
#369=ORIENTED_EDGE('',*,*,#266,.F.);
#370=ORIENTED_EDGE('',*,*,#277,.T.);
#371=ORIENTED_EDGE('',*,*,#278,.T.);
#372=ORIENTED_EDGE('',*,*,#279,.T.);
#373=ORIENTED_EDGE('',*,*,#261,.T.);
#374=ORIENTED_EDGE('',*,*,#280,.F.);
#375=ORIENTED_EDGE('',*,*,#281,.T.);
#376=ORIENTED_EDGE('',*,*,#280,.T.);
#377=ORIENTED_EDGE('',*,*,#263,.T.);
#378=ORIENTED_EDGE('',*,*,#282,.F.);
#379=ORIENTED_EDGE('',*,*,#283,.T.);
#380=ORIENTED_EDGE('',*,*,#282,.T.);
#381=ORIENTED_EDGE('',*,*,#265,.T.);
#382=ORIENTED_EDGE('',*,*,#284,.F.);
#383=ORIENTED_EDGE('',*,*,#285,.T.);
#384=ORIENTED_EDGE('',*,*,#284,.T.);
#385=ORIENTED_EDGE('',*,*,#273,.T.);
#386=ORIENTED_EDGE('',*,*,#286,.F.);
#387=ORIENTED_EDGE('',*,*,#287,.T.);
#388=ORIENTED_EDGE('',*,*,#286,.T.);
#389=ORIENTED_EDGE('',*,*,#271,.T.);
#390=ORIENTED_EDGE('',*,*,#288,.F.);
#391=ORIENTED_EDGE('',*,*,#289,.T.);
#392=ORIENTED_EDGE('',*,*,#288,.T.);
#393=ORIENTED_EDGE('',*,*,#269,.T.);
#394=ORIENTED_EDGE('',*,*,#290,.F.);
#395=ORIENTED_EDGE('',*,*,#291,.T.);
#396=ORIENTED_EDGE('',*,*,#290,.T.);
#397=ORIENTED_EDGE('',*,*,#267,.T.);
#398=ORIENTED_EDGE('',*,*,#292,.F.);
#399=ORIENTED_EDGE('',*,*,#293,.T.);
#400=ORIENTED_EDGE('',*,*,#292,.T.);
#401=ORIENTED_EDGE('',*,*,#276,.T.);
#402=ORIENTED_EDGE('',*,*,#294,.F.);
#403=ORIENTED_EDGE('',*,*,#295,.T.);
#404=ORIENTED_EDGE('',*,*,#294,.T.);
#405=ORIENTED_EDGE('',*,*,#274,.T.);
#406=ORIENTED_EDGE('',*,*,#296,.F.);
#407=ORIENTED_EDGE('',*,*,#297,.T.);
#408=ORIENTED_EDGE('',*,*,#296,.T.);
#409=ORIENTED_EDGE('',*,*,#254,.T.);
#410=ORIENTED_EDGE('',*,*,#298,.F.);
#411=ORIENTED_EDGE('',*,*,#299,.T.);
#412=ORIENTED_EDGE('',*,*,#298,.T.);
#413=ORIENTED_EDGE('',*,*,#257,.T.);
#414=ORIENTED_EDGE('',*,*,#300,.F.);
#415=ORIENTED_EDGE('',*,*,#301,.T.);
#416=ORIENTED_EDGE('',*,*,#300,.T.);
#417=ORIENTED_EDGE('',*,*,#259,.T.);
#418=ORIENTED_EDGE('',*,*,#279,.F.);
#419=ORIENTED_EDGE('',*,*,#278,.F.);
#420=ORIENTED_EDGE('',*,*,#302,.F.);
#421=ORIENTED_EDGE('',*,*,#303,.T.);
#422=ORIENTED_EDGE('',*,*,#277,.F.);
#423=ORIENTED_EDGE('',*,*,#304,.F.);
#424=ORIENTED_EDGE('',*,*,#305,.F.);
#425=ORIENTED_EDGE('',*,*,#304,.T.);
#426=ORIENTED_EDGE('',*,*,#281,.F.);
#427=ORIENTED_EDGE('',*,*,#283,.F.);
#428=ORIENTED_EDGE('',*,*,#285,.F.);
#429=ORIENTED_EDGE('',*,*,#287,.F.);
#430=ORIENTED_EDGE('',*,*,#289,.F.);
#431=ORIENTED_EDGE('',*,*,#291,.F.);
#432=ORIENTED_EDGE('',*,*,#306,.F.);
#433=ORIENTED_EDGE('',*,*,#307,.F.);
#434=ORIENTED_EDGE('',*,*,#306,.T.);
#435=ORIENTED_EDGE('',*,*,#293,.F.);
#436=ORIENTED_EDGE('',*,*,#295,.F.);
#437=ORIENTED_EDGE('',*,*,#308,.F.);
#438=ORIENTED_EDGE('',*,*,#309,.F.);
#439=ORIENTED_EDGE('',*,*,#308,.T.);
#440=ORIENTED_EDGE('',*,*,#297,.F.);
#441=ORIENTED_EDGE('',*,*,#299,.F.);
#442=ORIENTED_EDGE('',*,*,#301,.F.);
#443=ORIENTED_EDGE('',*,*,#303,.F.);
#444=ORIENTED_EDGE('',*,*,#309,.T.);
#445=ORIENTED_EDGE('',*,*,#302,.T.);
#446=ORIENTED_EDGE('',*,*,#305,.T.);
#447=ORIENTED_EDGE('',*,*,#307,.T.);
#448=PLANE('',#486);
#449=PLANE('',#487);
#450=PLANE('',#488);
#451=PLANE('',#489);
#452=PLANE('',#490);
#453=PLANE('',#491);
#454=ADVANCED_FACE('',(#103),#448,.T.);
#455=ADVANCED_FACE('',(#104),#79,.T.);
#456=ADVANCED_FACE('',(#105),#80,.T.);
#457=ADVANCED_FACE('',(#106),#81,.T.);
#458=ADVANCED_FACE('',(#107),#82,.T.);
#459=ADVANCED_FACE('',(#108),#83,.T.);
#460=ADVANCED_FACE('',(#109),#84,.T.);
#461=ADVANCED_FACE('',(#110),#85,.T.);
#462=ADVANCED_FACE('',(#111),#86,.T.);
#463=ADVANCED_FACE('',(#112),#87,.T.);
#464=ADVANCED_FACE('',(#113),#88,.T.);
#465=ADVANCED_FACE('',(#114),#89,.T.);
#466=ADVANCED_FACE('',(#115),#90,.T.);
#467=ADVANCED_FACE('',(#116),#91,.F.);
#468=ADVANCED_FACE('',(#117),#92,.F.);
#469=ADVANCED_FACE('',(#118),#93,.F.);
#470=ADVANCED_FACE('',(#119),#94,.F.);
#471=ADVANCED_FACE('',(#120),#95,.F.);
#472=ADVANCED_FACE('',(#121),#96,.F.);
#473=ADVANCED_FACE('',(#122),#97,.F.);
#474=ADVANCED_FACE('',(#123),#98,.F.);
#475=ADVANCED_FACE('',(#124),#99,.F.);
#476=ADVANCED_FACE('',(#125),#100,.F.);
#477=ADVANCED_FACE('',(#126),#101,.F.);
#478=ADVANCED_FACE('',(#127),#102,.F.);
#479=ADVANCED_FACE('',(#128),#449,.T.);
#480=ADVANCED_FACE('',(#129),#450,.T.);
#481=ADVANCED_FACE('',(#130),#451,.T.);
#482=ADVANCED_FACE('',(#131),#452,.T.);
#483=ADVANCED_FACE('',(#132),#453,.T.);
#484=CLOSED_SHELL('',(#454,#455,#456,#457,#458,#459,#460,#461,#462,#463,
#464,#465,#466,#467,#468,#469,#470,#471,#472,#473,#474,#475,#476,#477,#478,
#479,#480,#481,#482,#483));
#485=AXIS2_PLACEMENT_3D('',#538,#492,#493);
#486=AXIS2_PLACEMENT_3D('',#539,#494,#495);
#487=AXIS2_PLACEMENT_3D('',#1871,#520,#521);
#488=AXIS2_PLACEMENT_3D('',#1877,#525,#526);
#489=AXIS2_PLACEMENT_3D('',#1881,#529,#530);
#490=AXIS2_PLACEMENT_3D('',#1885,#533,#534);
#491=AXIS2_PLACEMENT_3D('',#1887,#536,#537);
#492=DIRECTION('axis',(0.,0.,1.));
#493=DIRECTION('refdir',(1.,0.,0.));
#494=DIRECTION('center_axis',(0.,2.22044604925031E-16,1.));
#495=DIRECTION('ref_axis',(-1.,1.22464679914735E-16,-2.71926214689378E-32));
#496=DIRECTION('',(0.,-2.22044604925031E-16,-1.));
#497=DIRECTION('',(0.,-2.22044604925031E-16,-1.));
#498=DIRECTION('',(0.,-2.22044604925031E-16,-1.));
#499=DIRECTION('',(0.,-2.22044604925031E-16,-1.));
#500=DIRECTION('',(0.,-2.22044604925031E-16,-1.));
#501=DIRECTION('',(0.,-2.22044604925031E-16,-1.));
#502=DIRECTION('',(0.,-2.22044604925031E-16,-1.));
#503=DIRECTION('',(0.,-2.22044604925031E-16,-1.));
#504=DIRECTION('',(0.,-2.22044604925031E-16,-1.));
#505=DIRECTION('',(0.,-2.22044604925031E-16,-1.));
#506=DIRECTION('',(0.,-2.22044604925031E-16,-1.));
#507=DIRECTION('',(0.,-2.22044604925031E-16,-1.));
#508=DIRECTION('',(1.20327724718195E-15,1.,-2.22044604925031E-16));
#509=DIRECTION('',(1.,-7.46965131266386E-16,1.65859577464819E-31));
#510=DIRECTION('',(1.,-7.46965131266386E-16,1.65859577464819E-31));
#511=DIRECTION('',(1.,-7.46965131266386E-16,1.65859577464819E-31));
#512=DIRECTION('',(1.,-7.46965131266386E-16,1.65859577464819E-31));
#513=DIRECTION('',(1.,-7.46965131266386E-16,1.65859577464819E-31));
#514=DIRECTION('',(1.,-7.46965131266386E-16,1.65859577464819E-31));
#515=DIRECTION('',(-1.22464679914735E-16,-1.,2.22044604925031E-16));
#516=DIRECTION('',(-1.22464679914735E-16,-1.,2.22044604925031E-16));
#517=DIRECTION('',(-1.,7.73205615322576E-16,1.46416710466764E-15));
#518=DIRECTION('',(-1.,7.73205615322576E-16,1.46416710466764E-15));
#519=DIRECTION('',(-1.,7.73205615322576E-16,1.46416710466764E-15));
#520=DIRECTION('center_axis',(1.,-1.20327724718195E-15,2.67181220965796E-31));
#521=DIRECTION('ref_axis',(1.20327724718195E-15,1.,-2.22044604925031E-16));
#522=DIRECTION('',(-1.20327724718195E-15,-1.,2.22044604925031E-16));
#523=DIRECTION('',(0.,2.22044604925031E-16,1.));
#524=DIRECTION('',(0.,2.22044604925031E-16,1.));
#525=DIRECTION('center_axis',(-7.46965131266386E-16,-1.,2.22044604925031E-16));
#526=DIRECTION('ref_axis',(1.,-7.46965131266386E-16,1.65859577464819E-31));
#527=DIRECTION('',(-1.,7.46965131266386E-16,-1.65859577464819E-31));
#528=DIRECTION('',(0.,2.22044604925031E-16,1.));
#529=DIRECTION('center_axis',(-1.,1.22464679914735E-16,-2.71926214689378E-32));
#530=DIRECTION('ref_axis',(-1.22464679914735E-16,-1.,2.22044604925031E-16));
#531=DIRECTION('',(1.22464679914735E-16,1.,-2.22044604925031E-16));
#532=DIRECTION('',(0.,2.22044604925031E-16,1.));
#533=DIRECTION('center_axis',(7.73205615322576E-16,1.,-2.22044604925031E-16));
#534=DIRECTION('ref_axis',(-1.,7.73205615322576E-16,1.46416710466764E-15));
#535=DIRECTION('',(1.,-7.73205615322576E-16,-1.46416710466764E-15));
#536=DIRECTION('center_axis',(0.,-2.22044604925031E-16,-1.));
#537=DIRECTION('ref_axis',(-1.,1.22464679914735E-16,-2.71926214689378E-32));
#538=CARTESIAN_POINT('',(0.,0.,0.));
#539=CARTESIAN_POINT('Origin',(6.0690695406047E-17,0.495577136594019,19.7000000000001));
#540=CARTESIAN_POINT('',(1.16466268540268,-0.176841178338327,19.7000000000001));
#541=CARTESIAN_POINT('',(1.04433756729739,-1.31326859021798,19.7000000000001));
#542=CARTESIAN_POINT('Ctrl Pts',(1.16466268539406,-0.176841178338303,19.7000000000001));
#543=CARTESIAN_POINT('Ctrl Pts',(1.16449857246251,-0.22126154860999,19.7000000000001));
#544=CARTESIAN_POINT('Ctrl Pts',(1.19887693760106,-0.358448561397774,19.7000000000001));
#545=CARTESIAN_POINT('Ctrl Pts',(1.22254283340726,-0.548600043022589,19.7000000000001));
#546=CARTESIAN_POINT('Ctrl Pts',(1.24406594011878,-0.721534575646244,19.7000000000001));
#547=CARTESIAN_POINT('Ctrl Pts',(1.25097857967032,-0.955355857860609,19.7000000000001));
#548=CARTESIAN_POINT('Ctrl Pts',(1.11650635094611,-1.18826859021797,19.7000000000001));
#549=CARTESIAN_POINT('Ctrl Pts',(1.09726134197311,-1.22160192355131,19.7000000000001));
#550=CARTESIAN_POINT('Ctrl Pts',(1.0780163330001,-1.25493525688466,19.7000000000001));
#551=CARTESIAN_POINT('Ctrl Pts',(1.05877132402711,-1.28826859021801,19.7000000000001));
#552=CARTESIAN_POINT('Ctrl Pts',(1.05396007178387,-1.29660192355133,19.7000000000001));
#553=CARTESIAN_POINT('Ctrl Pts',(1.04914881954064,-1.30493525688465,19.7000000000001));
#554=CARTESIAN_POINT('Ctrl Pts',(1.0443375672974,-1.31326859021798,19.7000000000001));
#555=CARTESIAN_POINT('',(2.08867513459481,0.495577136594018,19.7000000000001));
#556=CARTESIAN_POINT('Ctrl Pts',(2.08867513459481,0.49557713659401,19.7000000000001));
#557=CARTESIAN_POINT('Ctrl Pts',(2.08386388235157,0.487243803260688,19.7000000000001));
#558=CARTESIAN_POINT('Ctrl Pts',(2.07905263010834,0.478910469927367,19.7000000000001));
#559=CARTESIAN_POINT('Ctrl Pts',(2.0742413778651,0.47057713659404,19.7000000000001));
#560=CARTESIAN_POINT('Ctrl Pts',(2.05499636889209,0.437243803260679,19.7000000000001));
#561=CARTESIAN_POINT('Ctrl Pts',(2.0357513599191,0.403910469927358,19.7000000000001));
#562=CARTESIAN_POINT('Ctrl Pts',(2.01650635094611,0.370577136594008,19.7000000000001));
#563=CARTESIAN_POINT('Ctrl Pts',(1.82056649578167,0.0311993522215123,19.7000000000001));
#564=CARTESIAN_POINT('Ctrl Pts',(1.49699875738366,-0.0523191412222681,19.7000000000001));
#565=CARTESIAN_POINT('Ctrl Pts',(1.31997881594512,-0.114327108190127,19.7000000000001));
#566=CARTESIAN_POINT('Ctrl Pts',(1.24192851312962,-0.141667195185327,19.7000000000001));
#567=CARTESIAN_POINT('Ctrl Pts',(1.18700156796441,-0.163833541669901,19.7000000000001));
#568=CARTESIAN_POINT('Ctrl Pts',(1.16466269078981,-0.176841175191502,19.7000000000001));
#569=CARTESIAN_POINT('',(1.16466268540267,1.16799545152636,19.7000000000001));
#570=CARTESIAN_POINT('Ctrl Pts',(1.16466268539835,1.16799545151891,19.7000000000001));
#571=CARTESIAN_POINT('Ctrl Pts',(1.20304979803338,1.14564314041526,19.7000000000001));
#572=CARTESIAN_POINT('Ctrl Pts',(1.33904641874617,1.10682217157193,19.7000000000001));
#573=CARTESIAN_POINT('Ctrl Pts',(1.51555538030359,1.03224169773102,19.7000000000001));
#574=CARTESIAN_POINT('Ctrl Pts',(1.67608263210303,0.964413988599735,19.7000000000001));
#575=CARTESIAN_POINT('Ctrl Pts',(1.88203412222189,0.853489868951385,19.7000000000001));
#576=CARTESIAN_POINT('Ctrl Pts',(2.01650635094611,0.620577136594018,19.7000000000001));
#577=CARTESIAN_POINT('Ctrl Pts',(2.0357513599191,0.587243803260695,19.7000000000001));
#578=CARTESIAN_POINT('Ctrl Pts',(2.05499636889206,0.553910469927394,19.7000000000001));
#579=CARTESIAN_POINT('Ctrl Pts',(2.07424137786505,0.520577136594051,19.7000000000001));
#580=CARTESIAN_POINT('Ctrl Pts',(2.0790526301083,0.512243803260717,19.7000000000001));
#581=CARTESIAN_POINT('Ctrl Pts',(2.08386388235154,0.503910469927397,19.7000000000001));
#582=CARTESIAN_POINT('Ctrl Pts',(2.08867513459478,0.495577136594069,19.7000000000001));
#583=CARTESIAN_POINT('',(1.04433756729741,2.30442286340599,19.7000000000001));
#584=CARTESIAN_POINT('Ctrl Pts',(1.04433756729731,2.30442286340618,19.7000000000001));
#585=CARTESIAN_POINT('Ctrl Pts',(1.04914881954058,2.29608953007281,19.7000000000001));
#586=CARTESIAN_POINT('Ctrl Pts',(1.05396007178383,2.28775619673947,19.7000000000001));
#587=CARTESIAN_POINT('Ctrl Pts',(1.05877132402711,2.27942286340608,19.7000000000001));
#588=CARTESIAN_POINT('Ctrl Pts',(1.07801633300015,2.24608953007266,19.7000000000001));
#589=CARTESIAN_POINT('Ctrl Pts',(1.09726134197312,2.21275619673935,19.7000000000001));
#590=CARTESIAN_POINT('Ctrl Pts',(1.11650635094612,2.179422863406,19.7000000000001));
#591=CARTESIAN_POINT('Ctrl Pts',(1.31244620611056,1.8400450790335,19.7000000000001));
#592=CARTESIAN_POINT('Ctrl Pts',(1.22299147391968,1.51806795101386,19.7000000000001));
#593=CARTESIAN_POINT('Ctrl Pts',(1.1881819778316,1.33376020126772,19.7000000000001));
#594=CARTESIAN_POINT('Ctrl Pts',(1.17283403630337,1.25249661275882,19.7000000000001));
#595=CARTESIAN_POINT('Ctrl Pts',(1.16456718288548,1.19384530965118,19.7000000000001));
#596=CARTESIAN_POINT('Ctrl Pts',(1.16466268537101,1.16799545776516,19.7000000000001));
#597=CARTESIAN_POINT('',(2.25385682820038E-16,1.84041376645871,19.7000000000001));
#598=CARTESIAN_POINT('Ctrl Pts',(4.28384758222045E-12,1.84041376645124,
19.7000000000001));
#599=CARTESIAN_POINT('Ctrl Pts',(0.0385512255708457,1.86248182561927,19.7000000000001));
#600=CARTESIAN_POINT('Ctrl Pts',(0.140169481145094,1.96084786956371,19.7000000000001));
#601=CARTESIAN_POINT('Ctrl Pts',(0.293012546896328,2.07641887734761,19.7000000000001));
#602=CARTESIAN_POINT('Ctrl Pts',(0.432016691984241,2.18152570083999,19.7000000000001));
#603=CARTESIAN_POINT('Ctrl Pts',(0.631055542551566,2.30442286340601,19.7000000000001));
#604=CARTESIAN_POINT('Ctrl Pts',(0.900000000000003,2.30442286340601,19.7000000000001));
#605=CARTESIAN_POINT('Ctrl Pts',(0.938490017945983,2.30442286340601,19.7000000000001));
#606=CARTESIAN_POINT('Ctrl Pts',(0.976980035891968,2.30442286340601,19.7000000000001));
#607=CARTESIAN_POINT('Ctrl Pts',(1.01547005383795,2.30442286340601,19.7000000000001));
#608=CARTESIAN_POINT('Ctrl Pts',(1.02509255832444,2.30442286340601,19.7000000000001));
#609=CARTESIAN_POINT('Ctrl Pts',(1.03471506281091,2.30442286340601,19.7000000000001));
#610=CARTESIAN_POINT('Ctrl Pts',(1.04433756729738,2.30442286340601,19.7000000000001));
#611=CARTESIAN_POINT('',(-1.0443375672974,2.30442286340604,19.7000000000001));
#612=CARTESIAN_POINT('Ctrl Pts',(-1.04433756729736,2.30442286340601,19.7000000000001));
#613=CARTESIAN_POINT('Ctrl Pts',(-1.03471506281088,2.30442286340601,19.7000000000001));
#614=CARTESIAN_POINT('Ctrl Pts',(-1.02509255832441,2.30442286340601,19.7000000000001));
#615=CARTESIAN_POINT('Ctrl Pts',(-1.01547005383794,2.30442286340601,19.7000000000001));
#616=CARTESIAN_POINT('Ctrl Pts',(-0.976980035891959,2.30442286340601,19.7000000000001));
#617=CARTESIAN_POINT('Ctrl Pts',(-0.938490017945979,2.30442286340601,19.7000000000001));
#618=CARTESIAN_POINT('Ctrl Pts',(-0.899999999999998,2.30442286340601,19.7000000000001));
#619=CARTESIAN_POINT('Ctrl Pts',(-0.50812028967111,2.30442286340601,19.7000000000001));
#620=CARTESIAN_POINT('Ctrl Pts',(-0.274007283463993,2.06596422883016,19.7000000000001));
#621=CARTESIAN_POINT('Ctrl Pts',(-0.131796838113533,1.94366444605188,19.7000000000001));
#622=CARTESIAN_POINT('Ctrl Pts',(-0.0690944768262545,1.88974094453818,19.7000000000001));
#623=CARTESIAN_POINT('Ctrl Pts',(-0.0224343850789196,1.85325598791511,19.7000000000001));
#624=CARTESIAN_POINT('Ctrl Pts',(-5.41879284499114E-9,1.84041376955069,
19.7000000000001));
#625=CARTESIAN_POINT('',(-1.16466268540268,1.16799545152636,19.7000000000001));
#626=CARTESIAN_POINT('Ctrl Pts',(-1.16466268539406,1.16799545152633,19.7000000000001));
#627=CARTESIAN_POINT('Ctrl Pts',(-1.16449857246251,1.21241582179801,19.7000000000001));
#628=CARTESIAN_POINT('Ctrl Pts',(-1.19887693760105,1.34960283458579,19.7000000000001));
#629=CARTESIAN_POINT('Ctrl Pts',(-1.22254283340726,1.53975431621061,19.7000000000001));
#630=CARTESIAN_POINT('Ctrl Pts',(-1.24406594011879,1.71268884883426,19.7000000000001));
#631=CARTESIAN_POINT('Ctrl Pts',(-1.25097857967033,1.94651013104864,19.7000000000001));
#632=CARTESIAN_POINT('Ctrl Pts',(-1.11650635094611,2.17942286340601,19.7000000000001));
#633=CARTESIAN_POINT('Ctrl Pts',(-1.09726134197314,2.21275619673931,19.7000000000001));
#634=CARTESIAN_POINT('Ctrl Pts',(-1.07801633300012,2.24608953007268,19.7000000000001));
#635=CARTESIAN_POINT('Ctrl Pts',(-1.05877132402722,2.27942286340586,19.7000000000001));
#636=CARTESIAN_POINT('Ctrl Pts',(-1.05396007178392,2.28775619673931,19.7000000000001));
#637=CARTESIAN_POINT('Ctrl Pts',(-1.04914881954055,2.29608953007285,19.7000000000001));
#638=CARTESIAN_POINT('Ctrl Pts',(-1.04433756729722,2.30442286340633,19.7000000000001));
#639=CARTESIAN_POINT('',(-2.08867513459483,0.495577136594023,19.7000000000001));
#640=CARTESIAN_POINT('Ctrl Pts',(-2.0886751345948,0.495577136594049,19.7000000000001));
#641=CARTESIAN_POINT('Ctrl Pts',(-2.08386388235155,0.503910469927381,19.7000000000001));
#642=CARTESIAN_POINT('Ctrl Pts',(-2.0790526301083,0.512243803260706,19.7000000000001));
#643=CARTESIAN_POINT('Ctrl Pts',(-2.07424137786505,0.520577136594034,19.7000000000001));
#644=CARTESIAN_POINT('Ctrl Pts',(-2.05499636889208,0.553910469927357,19.7000000000001));
#645=CARTESIAN_POINT('Ctrl Pts',(-2.03575135991908,0.587243803260702,19.7000000000001));
#646=CARTESIAN_POINT('Ctrl Pts',(-2.01650635094611,0.620577136594012,19.7000000000001));
#647=CARTESIAN_POINT('Ctrl Pts',(-1.82056649578167,0.959954920966522,19.7000000000001));
#648=CARTESIAN_POINT('Ctrl Pts',(-1.49699875738367,1.0434734144103,19.7000000000001));
#649=CARTESIAN_POINT('Ctrl Pts',(-1.31997881594513,1.10548138137816,19.7000000000001));
#650=CARTESIAN_POINT('Ctrl Pts',(-1.24192851312962,1.13282146837336,19.7000000000001));
#651=CARTESIAN_POINT('Ctrl Pts',(-1.18700156796441,1.15498781485794,19.7000000000001));
#652=CARTESIAN_POINT('Ctrl Pts',(-1.16466269078981,1.16799544837954,19.7000000000001));
#653=CARTESIAN_POINT('',(-1.16466268540268,-0.176841178338315,19.7000000000001));
#654=CARTESIAN_POINT('Ctrl Pts',(-1.16466268539835,-0.176841178330876,19.7000000000001));
#655=CARTESIAN_POINT('Ctrl Pts',(-1.20304979803337,-0.154488867227224,19.7000000000001));
#656=CARTESIAN_POINT('Ctrl Pts',(-1.33904641874617,-0.115667898383893,19.7000000000001));
#657=CARTESIAN_POINT('Ctrl Pts',(-1.5155553803036,-0.0410874245429769,19.7000000000001));
#658=CARTESIAN_POINT('Ctrl Pts',(-1.67608263210304,0.0267402845883049,19.7000000000001));
#659=CARTESIAN_POINT('Ctrl Pts',(-1.88203412222189,0.137664404236655,19.7000000000001));
#660=CARTESIAN_POINT('Ctrl Pts',(-2.01650635094611,0.370577136594019,19.7000000000001));
#661=CARTESIAN_POINT('Ctrl Pts',(-2.03575135991911,0.403910469927381,19.7000000000001));
#662=CARTESIAN_POINT('Ctrl Pts',(-2.05499636889214,0.437243803260774,19.7000000000001));
#663=CARTESIAN_POINT('Ctrl Pts',(-2.07424137786512,0.470577136594076,19.7000000000001));
#664=CARTESIAN_POINT('Ctrl Pts',(-2.07905263010837,0.478910469927425,19.7000000000001));
#665=CARTESIAN_POINT('Ctrl Pts',(-2.08386388235166,0.487243803260852,19.7000000000001));
#666=CARTESIAN_POINT('Ctrl Pts',(-2.08867513459493,0.495577136594229,19.7000000000001));
#667=CARTESIAN_POINT('',(-1.0443375672974,-1.31326859021796,19.7000000000001));
#668=CARTESIAN_POINT('Ctrl Pts',(-1.04433756729746,-1.31326859021787,19.7000000000001));
#669=CARTESIAN_POINT('Ctrl Pts',(-1.04914881954068,-1.30493525688459,19.7000000000001));
#670=CARTESIAN_POINT('Ctrl Pts',(-1.0539600717839,-1.29660192355129,19.7000000000001));
#671=CARTESIAN_POINT('Ctrl Pts',(-1.05877132402712,-1.28826859021801,19.7000000000001));
#672=CARTESIAN_POINT('Ctrl Pts',(-1.07801633300012,-1.25493525688466,19.7000000000001));
#673=CARTESIAN_POINT('Ctrl Pts',(-1.09726134197311,-1.22160192355133,19.7000000000001));
#674=CARTESIAN_POINT('Ctrl Pts',(-1.11650635094612,-1.18826859021796,19.7000000000001));
#675=CARTESIAN_POINT('Ctrl Pts',(-1.31244620611056,-0.848890805845465,19.7000000000001));
#676=CARTESIAN_POINT('Ctrl Pts',(-1.22299147391966,-0.526913677825832,19.7000000000001));
#677=CARTESIAN_POINT('Ctrl Pts',(-1.18818197783159,-0.342605928079691,19.7000000000001));
#678=CARTESIAN_POINT('Ctrl Pts',(-1.17283403630335,-0.261342339570785,19.7000000000001));
#679=CARTESIAN_POINT('Ctrl Pts',(-1.16456718288549,-0.202691036463141,19.7000000000001));
#680=CARTESIAN_POINT('Ctrl Pts',(-1.16466268537101,-0.176841184577121,19.7000000000001));
#681=CARTESIAN_POINT('',(-1.04004292007944E-16,-0.849259493270671,19.7000000000001));
#682=CARTESIAN_POINT('Ctrl Pts',(-4.28506188865363E-12,-0.849259493263201,
19.7000000000001));
#683=CARTESIAN_POINT('Ctrl Pts',(-0.0385512255708544,-0.871327552431235,
19.7000000000001));
#684=CARTESIAN_POINT('Ctrl Pts',(-0.140169481145094,-0.969693596375687,
19.7000000000001));
#685=CARTESIAN_POINT('Ctrl Pts',(-0.293012546896332,-1.08526460415958,19.7000000000001));
#686=CARTESIAN_POINT('Ctrl Pts',(-0.432016691984245,-1.19037142765196,19.7000000000001));
#687=CARTESIAN_POINT('Ctrl Pts',(-0.631055542551566,-1.31326859021797,19.7000000000001));
#688=CARTESIAN_POINT('Ctrl Pts',(-0.899999999999999,-1.31326859021797,19.7000000000001));
#689=CARTESIAN_POINT('Ctrl Pts',(-0.948112522432468,-1.31326859021797,19.7000000000001));
#690=CARTESIAN_POINT('Ctrl Pts',(-0.996225044864949,-1.31326859021797,19.7000000000001));
#691=CARTESIAN_POINT('Ctrl Pts',(-1.04433756729741,-1.31326859021797,19.7000000000001));
#692=CARTESIAN_POINT('Ctrl Pts',(1.04433756729738,-1.31326859021797,19.7000000000001));
#693=CARTESIAN_POINT('Ctrl Pts',(1.03471506281089,-1.31326859021797,19.7000000000001));
#694=CARTESIAN_POINT('Ctrl Pts',(1.0250925583244,-1.31326859021797,19.7000000000001));
#695=CARTESIAN_POINT('Ctrl Pts',(1.01547005383791,-1.31326859021797,19.7000000000001));
#696=CARTESIAN_POINT('Ctrl Pts',(0.976980035891937,-1.31326859021797,19.7000000000001));
#697=CARTESIAN_POINT('Ctrl Pts',(0.93849001794597,-1.31326859021797,19.7000000000001));
#698=CARTESIAN_POINT('Ctrl Pts',(0.899999999999998,-1.31326859021797,19.7000000000001));
#699=CARTESIAN_POINT('Ctrl Pts',(0.508120289671114,-1.31326859021797,19.7000000000001));
#700=CARTESIAN_POINT('Ctrl Pts',(0.274007283463993,-1.07480995564212,19.7000000000001));
#701=CARTESIAN_POINT('Ctrl Pts',(0.131796838113529,-0.952510172863841,19.7000000000001));
#702=CARTESIAN_POINT('Ctrl Pts',(0.0690944768262457,-0.898586671350137,
19.7000000000001));
#703=CARTESIAN_POINT('Ctrl Pts',(0.0224343850789059,-0.862101714727068,
19.7000000000001));
#704=CARTESIAN_POINT('Ctrl Pts',(5.41878677345897E-9,-0.849259496362649,
19.7000000000001));
#705=CARTESIAN_POINT('Ctrl Pts',(-1.04433756729736,2.30442286340601,21.5000000000001));
#706=CARTESIAN_POINT('Ctrl Pts',(-1.04433756729736,2.30442286340601,4.44999999999999));
#707=CARTESIAN_POINT('Ctrl Pts',(-1.03471506281088,2.30442286340601,21.5000000000001));
#708=CARTESIAN_POINT('Ctrl Pts',(-1.03471506281088,2.30442286340601,4.44999999999999));
#709=CARTESIAN_POINT('Ctrl Pts',(-1.02509255832441,2.30442286340601,21.5000000000001));
#710=CARTESIAN_POINT('Ctrl Pts',(-1.02509255832441,2.304422863406,4.44999999999999));
#711=CARTESIAN_POINT('Ctrl Pts',(-1.01547005383794,2.30442286340601,21.5000000000001));
#712=CARTESIAN_POINT('Ctrl Pts',(-1.01547005383794,2.304422863406,4.44999999999999));
#713=CARTESIAN_POINT('Ctrl Pts',(-0.976980035891959,2.30442286340601,21.5000000000001));
#714=CARTESIAN_POINT('Ctrl Pts',(-0.976980035891959,2.304422863406,4.44999999999999));
#715=CARTESIAN_POINT('Ctrl Pts',(-0.938490017945979,2.30442286340601,21.5000000000001));
#716=CARTESIAN_POINT('Ctrl Pts',(-0.938490017945979,2.304422863406,4.44999999999999));
#717=CARTESIAN_POINT('Ctrl Pts',(-0.899999999999998,2.30442286340601,21.5000000000001));
#718=CARTESIAN_POINT('Ctrl Pts',(-0.899999999999998,2.304422863406,4.44999999999999));
#719=CARTESIAN_POINT('Ctrl Pts',(-0.50812028967111,2.30442286340601,21.5000000000001));
#720=CARTESIAN_POINT('Ctrl Pts',(-0.50812028967111,2.304422863406,4.44999999999999));
#721=CARTESIAN_POINT('Ctrl Pts',(-0.274007283463993,2.06596422883016,21.5000000000001));
#722=CARTESIAN_POINT('Ctrl Pts',(-0.274007283463993,2.06596422883015,4.44999999999999));
#723=CARTESIAN_POINT('Ctrl Pts',(-0.131796838113533,1.94366444605188,21.5000000000001));
#724=CARTESIAN_POINT('Ctrl Pts',(-0.131796838113533,1.94366444605187,4.44999999999999));
#725=CARTESIAN_POINT('Ctrl Pts',(-0.0690944768262545,1.88974094453818,21.5000000000001));
#726=CARTESIAN_POINT('Ctrl Pts',(-0.0690944768262545,1.88974094453818,4.44999999999999));
#727=CARTESIAN_POINT('Ctrl Pts',(-0.0224343850789196,1.85325598791511,21.5000000000001));
#728=CARTESIAN_POINT('Ctrl Pts',(-0.0224343850789196,1.85325598791511,4.44999999999999));
#729=CARTESIAN_POINT('Ctrl Pts',(-5.4187928276439E-9,1.84041376955069,21.5000000000001));
#730=CARTESIAN_POINT('Ctrl Pts',(-5.4187928276439E-9,1.84041376955069,4.44999999999999));
#731=CARTESIAN_POINT('',(4.26792269234192E-12,1.84041376645123,6.));
#732=CARTESIAN_POINT('',(2.25385682820038E-16,1.84041376645871,21.5000000000001));
#733=CARTESIAN_POINT('',(-1.04433756729736,2.304422863406,6.));
#734=CARTESIAN_POINT('Ctrl Pts',(-1.04433756729736,2.30442286340601,6.));
#735=CARTESIAN_POINT('Ctrl Pts',(-1.03471506281088,2.30442286340601,6.));
#736=CARTESIAN_POINT('Ctrl Pts',(-1.02509255832441,2.304422863406,6.));
#737=CARTESIAN_POINT('Ctrl Pts',(-1.01547005383794,2.304422863406,6.));
#738=CARTESIAN_POINT('Ctrl Pts',(-0.976980035891959,2.304422863406,6.));
#739=CARTESIAN_POINT('Ctrl Pts',(-0.938490017945979,2.30442286340601,6.));
#740=CARTESIAN_POINT('Ctrl Pts',(-0.899999999999998,2.30442286340601,6.));
#741=CARTESIAN_POINT('Ctrl Pts',(-0.50812028967111,2.304422863406,6.));
#742=CARTESIAN_POINT('Ctrl Pts',(-0.274007283463993,2.06596422883015,6.));
#743=CARTESIAN_POINT('Ctrl Pts',(-0.131796838113533,1.94366444605187,6.));
#744=CARTESIAN_POINT('Ctrl Pts',(-0.0690944768262544,1.88974094453818,6.));
#745=CARTESIAN_POINT('Ctrl Pts',(-0.0224343850789196,1.85325598791511,6.));
#746=CARTESIAN_POINT('Ctrl Pts',(-5.41879284499114E-9,1.84041376955069,
6.));
#747=CARTESIAN_POINT('',(-1.0443375672974,2.30442286340604,21.5000000000001));
#748=CARTESIAN_POINT('Ctrl Pts',(4.28384758222045E-12,1.84041376645124,
21.5000000000001));
#749=CARTESIAN_POINT('Ctrl Pts',(4.28384758222045E-12,1.84041376645123,
4.44999999999999));
#750=CARTESIAN_POINT('Ctrl Pts',(0.0385512255708457,1.86248182561927,21.5000000000001));
#751=CARTESIAN_POINT('Ctrl Pts',(0.0385512255708457,1.86248182561926,4.44999999999999));
#752=CARTESIAN_POINT('Ctrl Pts',(0.140169481145094,1.96084786956371,21.5000000000001));
#753=CARTESIAN_POINT('Ctrl Pts',(0.140169481145094,1.96084786956371,4.44999999999999));
#754=CARTESIAN_POINT('Ctrl Pts',(0.293012546896328,2.07641887734761,21.5000000000001));
#755=CARTESIAN_POINT('Ctrl Pts',(0.293012546896328,2.07641887734761,4.44999999999999));
#756=CARTESIAN_POINT('Ctrl Pts',(0.432016691984241,2.18152570083999,21.5000000000001));
#757=CARTESIAN_POINT('Ctrl Pts',(0.432016691984241,2.18152570083998,4.44999999999999));
#758=CARTESIAN_POINT('Ctrl Pts',(0.631055542551566,2.30442286340601,21.5000000000001));
#759=CARTESIAN_POINT('Ctrl Pts',(0.631055542551566,2.304422863406,4.44999999999999));
#760=CARTESIAN_POINT('Ctrl Pts',(0.900000000000003,2.30442286340601,21.5000000000001));
#761=CARTESIAN_POINT('Ctrl Pts',(0.900000000000003,2.304422863406,4.44999999999999));
#762=CARTESIAN_POINT('Ctrl Pts',(0.938490017945983,2.30442286340601,21.5000000000001));
#763=CARTESIAN_POINT('Ctrl Pts',(0.938490017945983,2.304422863406,4.44999999999999));
#764=CARTESIAN_POINT('Ctrl Pts',(0.976980035891968,2.30442286340601,21.5000000000001));
#765=CARTESIAN_POINT('Ctrl Pts',(0.976980035891968,2.304422863406,4.44999999999999));
#766=CARTESIAN_POINT('Ctrl Pts',(1.01547005383795,2.30442286340601,21.5000000000001));
#767=CARTESIAN_POINT('Ctrl Pts',(1.01547005383795,2.304422863406,4.44999999999999));
#768=CARTESIAN_POINT('Ctrl Pts',(1.02509255832444,2.30442286340601,21.5000000000001));
#769=CARTESIAN_POINT('Ctrl Pts',(1.02509255832444,2.304422863406,4.44999999999999));
#770=CARTESIAN_POINT('Ctrl Pts',(1.03471506281091,2.30442286340601,21.5000000000001));
#771=CARTESIAN_POINT('Ctrl Pts',(1.03471506281091,2.304422863406,4.44999999999999));
#772=CARTESIAN_POINT('Ctrl Pts',(1.04433756729738,2.30442286340601,21.5000000000001));
#773=CARTESIAN_POINT('Ctrl Pts',(1.04433756729738,2.304422863406,4.44999999999999));
#774=CARTESIAN_POINT('',(1.0443375672973,2.30442286340619,6.));
#775=CARTESIAN_POINT('',(1.04433756729741,2.30442286340599,21.5000000000001));
#776=CARTESIAN_POINT('Ctrl Pts',(4.28384758222045E-12,1.84041376645123,
6.00000000000001));
#777=CARTESIAN_POINT('Ctrl Pts',(0.0385512255708457,1.86248182561926,6.00000000000001));
#778=CARTESIAN_POINT('Ctrl Pts',(0.140169481145094,1.96084786956371,6.));
#779=CARTESIAN_POINT('Ctrl Pts',(0.293012546896328,2.07641887734761,6.));
#780=CARTESIAN_POINT('Ctrl Pts',(0.432016691984241,2.18152570083998,6.));
#781=CARTESIAN_POINT('Ctrl Pts',(0.631055542551566,2.304422863406,6.));
#782=CARTESIAN_POINT('Ctrl Pts',(0.900000000000003,2.304422863406,6.));
#783=CARTESIAN_POINT('Ctrl Pts',(0.938490017945983,2.304422863406,6.));
#784=CARTESIAN_POINT('Ctrl Pts',(0.976980035891968,2.304422863406,6.));
#785=CARTESIAN_POINT('Ctrl Pts',(1.01547005383795,2.304422863406,6.));
#786=CARTESIAN_POINT('Ctrl Pts',(1.02509255832444,2.304422863406,6.));
#787=CARTESIAN_POINT('Ctrl Pts',(1.03471506281091,2.304422863406,6.));
#788=CARTESIAN_POINT('Ctrl Pts',(1.04433756729738,2.304422863406,6.));
#789=CARTESIAN_POINT('Ctrl Pts',(1.04433756729731,2.30442286340618,21.5000000000001));
#790=CARTESIAN_POINT('Ctrl Pts',(1.04433756729731,2.30442286340618,4.44999999999999));
#791=CARTESIAN_POINT('Ctrl Pts',(1.04914881954058,2.29608953007281,21.5000000000001));
#792=CARTESIAN_POINT('Ctrl Pts',(1.04914881954058,2.29608953007281,4.44999999999999));
#793=CARTESIAN_POINT('Ctrl Pts',(1.05396007178383,2.28775619673947,21.5000000000001));
#794=CARTESIAN_POINT('Ctrl Pts',(1.05396007178383,2.28775619673947,4.44999999999999));
#795=CARTESIAN_POINT('Ctrl Pts',(1.05877132402711,2.27942286340608,21.5000000000001));
#796=CARTESIAN_POINT('Ctrl Pts',(1.05877132402711,2.27942286340608,4.44999999999999));
#797=CARTESIAN_POINT('Ctrl Pts',(1.07801633300015,2.24608953007266,21.5000000000001));
#798=CARTESIAN_POINT('Ctrl Pts',(1.07801633300015,2.24608953007266,4.44999999999999));
#799=CARTESIAN_POINT('Ctrl Pts',(1.09726134197312,2.21275619673935,21.5000000000001));
#800=CARTESIAN_POINT('Ctrl Pts',(1.09726134197312,2.21275619673935,4.44999999999999));
#801=CARTESIAN_POINT('Ctrl Pts',(1.11650635094612,2.179422863406,21.5000000000001));
#802=CARTESIAN_POINT('Ctrl Pts',(1.11650635094612,2.17942286340599,4.44999999999999));
#803=CARTESIAN_POINT('Ctrl Pts',(1.31244620611056,1.8400450790335,21.5000000000001));
#804=CARTESIAN_POINT('Ctrl Pts',(1.31244620611056,1.84004507903349,4.44999999999999));
#805=CARTESIAN_POINT('Ctrl Pts',(1.22299147391968,1.51806795101386,21.5000000000001));
#806=CARTESIAN_POINT('Ctrl Pts',(1.22299147391968,1.51806795101386,4.44999999999999));
#807=CARTESIAN_POINT('Ctrl Pts',(1.1881819778316,1.33376020126772,21.5000000000001));
#808=CARTESIAN_POINT('Ctrl Pts',(1.1881819778316,1.33376020126772,4.44999999999999));
#809=CARTESIAN_POINT('Ctrl Pts',(1.17283403630337,1.25249661275882,21.5000000000001));
#810=CARTESIAN_POINT('Ctrl Pts',(1.17283403630337,1.25249661275881,4.44999999999999));
#811=CARTESIAN_POINT('Ctrl Pts',(1.16456718288548,1.19384530965118,21.5000000000001));
#812=CARTESIAN_POINT('Ctrl Pts',(1.16456718288548,1.19384530965117,4.44999999999999));
#813=CARTESIAN_POINT('Ctrl Pts',(1.16466268537101,1.16799545776516,21.5000000000001));
#814=CARTESIAN_POINT('Ctrl Pts',(1.16466268537101,1.16799545776516,4.44999999999999));
#815=CARTESIAN_POINT('',(1.16466268537101,1.16799545776516,6.));
#816=CARTESIAN_POINT('',(1.16466268540267,1.16799545152636,21.5000000000001));
#817=CARTESIAN_POINT('Ctrl Pts',(1.04433756729731,2.30442286340618,6.00000000000001));
#818=CARTESIAN_POINT('Ctrl Pts',(1.04914881954058,2.29608953007281,6.00000000000001));
#819=CARTESIAN_POINT('Ctrl Pts',(1.05396007178383,2.28775619673947,6.));
#820=CARTESIAN_POINT('Ctrl Pts',(1.05877132402711,2.27942286340608,6.));
#821=CARTESIAN_POINT('Ctrl Pts',(1.07801633300015,2.24608953007266,6.));
#822=CARTESIAN_POINT('Ctrl Pts',(1.09726134197312,2.21275619673935,6.));
#823=CARTESIAN_POINT('Ctrl Pts',(1.11650635094612,2.17942286340599,6.));
#824=CARTESIAN_POINT('Ctrl Pts',(1.31244620611056,1.8400450790335,6.));
#825=CARTESIAN_POINT('Ctrl Pts',(1.22299147391968,1.51806795101386,6.));
#826=CARTESIAN_POINT('Ctrl Pts',(1.1881819778316,1.33376020126772,6.));
#827=CARTESIAN_POINT('Ctrl Pts',(1.17283403630337,1.25249661275881,6.));
#828=CARTESIAN_POINT('Ctrl Pts',(1.16456718288548,1.19384530965117,6.));
#829=CARTESIAN_POINT('Ctrl Pts',(1.16466268537101,1.16799545776516,6.));
#830=CARTESIAN_POINT('Ctrl Pts',(1.16466268539835,1.16799545151891,21.5000000000001));
#831=CARTESIAN_POINT('Ctrl Pts',(1.16466268539835,1.16799545151891,4.44999999999999));
#832=CARTESIAN_POINT('Ctrl Pts',(1.20304979803338,1.14564314041526,21.5000000000001));
#833=CARTESIAN_POINT('Ctrl Pts',(1.20304979803338,1.14564314041525,4.44999999999999));
#834=CARTESIAN_POINT('Ctrl Pts',(1.33904641874617,1.10682217157193,21.5000000000001));
#835=CARTESIAN_POINT('Ctrl Pts',(1.33904641874617,1.10682217157192,4.44999999999999));
#836=CARTESIAN_POINT('Ctrl Pts',(1.51555538030359,1.03224169773102,21.5000000000001));
#837=CARTESIAN_POINT('Ctrl Pts',(1.51555538030359,1.03224169773101,4.44999999999999));
#838=CARTESIAN_POINT('Ctrl Pts',(1.67608263210303,0.964413988599735,21.5000000000001));
#839=CARTESIAN_POINT('Ctrl Pts',(1.67608263210303,0.964413988599731,4.44999999999999));
#840=CARTESIAN_POINT('Ctrl Pts',(1.88203412222189,0.853489868951385,21.5000000000001));
#841=CARTESIAN_POINT('Ctrl Pts',(1.88203412222189,0.853489868951381,4.44999999999999));
#842=CARTESIAN_POINT('Ctrl Pts',(2.01650635094611,0.620577136594018,21.5000000000001));
#843=CARTESIAN_POINT('Ctrl Pts',(2.01650635094611,0.620577136594014,4.44999999999999));
#844=CARTESIAN_POINT('Ctrl Pts',(2.0357513599191,0.587243803260695,21.5000000000001));
#845=CARTESIAN_POINT('Ctrl Pts',(2.0357513599191,0.587243803260691,4.44999999999999));
#846=CARTESIAN_POINT('Ctrl Pts',(2.05499636889206,0.553910469927395,21.5000000000001));
#847=CARTESIAN_POINT('Ctrl Pts',(2.05499636889206,0.553910469927391,4.44999999999999));
#848=CARTESIAN_POINT('Ctrl Pts',(2.07424137786505,0.520577136594052,21.5000000000001));
#849=CARTESIAN_POINT('Ctrl Pts',(2.07424137786505,0.520577136594048,4.44999999999999));
#850=CARTESIAN_POINT('Ctrl Pts',(2.0790526301083,0.512243803260717,21.5000000000001));
#851=CARTESIAN_POINT('Ctrl Pts',(2.0790526301083,0.512243803260713,4.44999999999999));
#852=CARTESIAN_POINT('Ctrl Pts',(2.08386388235154,0.503910469927398,21.5000000000001));
#853=CARTESIAN_POINT('Ctrl Pts',(2.08386388235154,0.503910469927394,4.44999999999999));
#854=CARTESIAN_POINT('Ctrl Pts',(2.08867513459478,0.495577136594069,21.5000000000001));
#855=CARTESIAN_POINT('Ctrl Pts',(2.08867513459478,0.495577136594065,4.44999999999999));
#856=CARTESIAN_POINT('',(2.08867513459481,0.495577136594026,6.));
#857=CARTESIAN_POINT('',(2.08867513459481,0.495577136594019,21.5000000000001));
#858=CARTESIAN_POINT('Ctrl Pts',(1.16466268539835,1.16799545151891,6.));
#859=CARTESIAN_POINT('Ctrl Pts',(1.20304979803338,1.14564314041525,6.));
#860=CARTESIAN_POINT('Ctrl Pts',(1.33904641874617,1.10682217157193,6.));
#861=CARTESIAN_POINT('Ctrl Pts',(1.51555538030359,1.03224169773101,6.));
#862=CARTESIAN_POINT('Ctrl Pts',(1.67608263210303,0.964413988599732,6.));
#863=CARTESIAN_POINT('Ctrl Pts',(1.88203412222189,0.853489868951381,6.));
#864=CARTESIAN_POINT('Ctrl Pts',(2.01650635094611,0.620577136594015,6.));
#865=CARTESIAN_POINT('Ctrl Pts',(2.0357513599191,0.587243803260692,6.));
#866=CARTESIAN_POINT('Ctrl Pts',(2.05499636889206,0.553910469927391,6.));
#867=CARTESIAN_POINT('Ctrl Pts',(2.07424137786505,0.520577136594048,6.));
#868=CARTESIAN_POINT('Ctrl Pts',(2.0790526301083,0.512243803260713,6.));
#869=CARTESIAN_POINT('Ctrl Pts',(2.08386388235154,0.503910469927394,6.));
#870=CARTESIAN_POINT('Ctrl Pts',(2.08867513459478,0.495577136594066,6.));
#871=CARTESIAN_POINT('Ctrl Pts',(2.08867513459481,0.49557713659401,21.5000000000001));
#872=CARTESIAN_POINT('Ctrl Pts',(2.08867513459481,0.495577136594006,4.44999999999999));
#873=CARTESIAN_POINT('Ctrl Pts',(2.08386388235157,0.487243803260688,21.5000000000001));
#874=CARTESIAN_POINT('Ctrl Pts',(2.08386388235157,0.487243803260684,4.44999999999999));
#875=CARTESIAN_POINT('Ctrl Pts',(2.07905263010834,0.478910469927367,21.5000000000001));
#876=CARTESIAN_POINT('Ctrl Pts',(2.07905263010834,0.478910469927363,4.44999999999999));
#877=CARTESIAN_POINT('Ctrl Pts',(2.0742413778651,0.47057713659404,21.5000000000001));
#878=CARTESIAN_POINT('Ctrl Pts',(2.0742413778651,0.470577136594037,4.44999999999999));
#879=CARTESIAN_POINT('Ctrl Pts',(2.05499636889209,0.43724380326068,21.5000000000001));
#880=CARTESIAN_POINT('Ctrl Pts',(2.05499636889209,0.437243803260676,4.44999999999999));
#881=CARTESIAN_POINT('Ctrl Pts',(2.0357513599191,0.403910469927359,21.5000000000001));
#882=CARTESIAN_POINT('Ctrl Pts',(2.0357513599191,0.403910469927355,4.44999999999999));
#883=CARTESIAN_POINT('Ctrl Pts',(2.01650635094611,0.370577136594008,21.5000000000001));
#884=CARTESIAN_POINT('Ctrl Pts',(2.01650635094611,0.370577136594004,4.44999999999999));
#885=CARTESIAN_POINT('Ctrl Pts',(1.82056649578167,0.0311993522215127,21.5000000000001));
#886=CARTESIAN_POINT('Ctrl Pts',(1.82056649578167,0.0311993522215089,4.44999999999999));
#887=CARTESIAN_POINT('Ctrl Pts',(1.49699875738366,-0.0523191412222677,21.5000000000001));
#888=CARTESIAN_POINT('Ctrl Pts',(1.49699875738366,-0.0523191412222715,4.44999999999999));
#889=CARTESIAN_POINT('Ctrl Pts',(1.31997881594512,-0.114327108190126,21.5000000000001));
#890=CARTESIAN_POINT('Ctrl Pts',(1.31997881594512,-0.11432710819013,4.44999999999999));
#891=CARTESIAN_POINT('Ctrl Pts',(1.24192851312962,-0.141667195185326,21.5000000000001));
#892=CARTESIAN_POINT('Ctrl Pts',(1.24192851312962,-0.14166719518533,4.44999999999999));
#893=CARTESIAN_POINT('Ctrl Pts',(1.18700156796441,-0.163833541669901,21.5000000000001));
#894=CARTESIAN_POINT('Ctrl Pts',(1.18700156796441,-0.163833541669905,4.44999999999999));
#895=CARTESIAN_POINT('Ctrl Pts',(1.16466269078981,-0.176841175191501,21.5000000000001));
#896=CARTESIAN_POINT('Ctrl Pts',(1.16466269078981,-0.176841175191505,4.44999999999999));
#897=CARTESIAN_POINT('',(1.16466268539406,-0.176841178338304,6.));
#898=CARTESIAN_POINT('',(1.16466268540268,-0.176841178338327,21.5000000000001));
#899=CARTESIAN_POINT('Ctrl Pts',(2.08867513459481,0.495577136594007,6.));
#900=CARTESIAN_POINT('Ctrl Pts',(2.08386388235157,0.487243803260685,6.));
#901=CARTESIAN_POINT('Ctrl Pts',(2.07905263010834,0.478910469927364,6.));
#902=CARTESIAN_POINT('Ctrl Pts',(2.0742413778651,0.470577136594037,6.));
#903=CARTESIAN_POINT('Ctrl Pts',(2.05499636889209,0.437243803260676,6.));
#904=CARTESIAN_POINT('Ctrl Pts',(2.0357513599191,0.403910469927355,6.));
#905=CARTESIAN_POINT('Ctrl Pts',(2.01650635094611,0.370577136594005,6.));
#906=CARTESIAN_POINT('Ctrl Pts',(1.82056649578167,0.0311993522215093,6.));
#907=CARTESIAN_POINT('Ctrl Pts',(1.49699875738366,-0.0523191412222711,6.));
#908=CARTESIAN_POINT('Ctrl Pts',(1.31997881594512,-0.11432710819013,6.));
#909=CARTESIAN_POINT('Ctrl Pts',(1.24192851312962,-0.14166719518533,6.));
#910=CARTESIAN_POINT('Ctrl Pts',(1.18700156796441,-0.163833541669904,6.));
#911=CARTESIAN_POINT('Ctrl Pts',(1.16466269078981,-0.176841175191505,6.));
#912=CARTESIAN_POINT('Ctrl Pts',(1.16466268539406,-0.176841178338303,21.5000000000001));
#913=CARTESIAN_POINT('Ctrl Pts',(1.16466268539406,-0.176841178338307,4.44999999999999));
#914=CARTESIAN_POINT('Ctrl Pts',(1.16449857246251,-0.22126154860999,21.5000000000001));
#915=CARTESIAN_POINT('Ctrl Pts',(1.16449857246251,-0.221261548609994,4.44999999999999));
#916=CARTESIAN_POINT('Ctrl Pts',(1.19887693760106,-0.358448561397774,21.5000000000001));
#917=CARTESIAN_POINT('Ctrl Pts',(1.19887693760106,-0.358448561397778,4.44999999999999));
#918=CARTESIAN_POINT('Ctrl Pts',(1.22254283340726,-0.548600043022589,21.5000000000001));
#919=CARTESIAN_POINT('Ctrl Pts',(1.22254283340726,-0.548600043022593,4.44999999999999));
#920=CARTESIAN_POINT('Ctrl Pts',(1.24406594011878,-0.721534575646244,21.5000000000001));
#921=CARTESIAN_POINT('Ctrl Pts',(1.24406594011878,-0.721534575646248,4.44999999999999));
#922=CARTESIAN_POINT('Ctrl Pts',(1.25097857967032,-0.955355857860609,21.5000000000001));
#923=CARTESIAN_POINT('Ctrl Pts',(1.25097857967032,-0.955355857860613,4.44999999999999));
#924=CARTESIAN_POINT('Ctrl Pts',(1.11650635094611,-1.18826859021797,21.5000000000001));
#925=CARTESIAN_POINT('Ctrl Pts',(1.11650635094611,-1.18826859021798,4.44999999999999));
#926=CARTESIAN_POINT('Ctrl Pts',(1.09726134197311,-1.22160192355131,21.5000000000001));
#927=CARTESIAN_POINT('Ctrl Pts',(1.09726134197311,-1.22160192355132,4.44999999999999));
#928=CARTESIAN_POINT('Ctrl Pts',(1.0780163330001,-1.25493525688466,21.5000000000001));
#929=CARTESIAN_POINT('Ctrl Pts',(1.0780163330001,-1.25493525688467,4.44999999999999));
#930=CARTESIAN_POINT('Ctrl Pts',(1.05877132402711,-1.28826859021801,21.5000000000001));
#931=CARTESIAN_POINT('Ctrl Pts',(1.05877132402711,-1.28826859021801,4.44999999999999));
#932=CARTESIAN_POINT('Ctrl Pts',(1.05396007178387,-1.29660192355133,21.5000000000001));
#933=CARTESIAN_POINT('Ctrl Pts',(1.05396007178387,-1.29660192355134,4.44999999999999));
#934=CARTESIAN_POINT('Ctrl Pts',(1.04914881954064,-1.30493525688465,21.5000000000001));
#935=CARTESIAN_POINT('Ctrl Pts',(1.04914881954064,-1.30493525688465,4.44999999999999));
#936=CARTESIAN_POINT('Ctrl Pts',(1.0443375672974,-1.31326859021798,21.5000000000001));
#937=CARTESIAN_POINT('Ctrl Pts',(1.0443375672974,-1.31326859021798,4.44999999999999));
#938=CARTESIAN_POINT('',(1.04433756729739,-1.31326859021798,6.));
#939=CARTESIAN_POINT('',(1.04433756729739,-1.31326859021798,21.5000000000001));
#940=CARTESIAN_POINT('Ctrl Pts',(1.16466268539406,-0.176841178338306,6.));
#941=CARTESIAN_POINT('Ctrl Pts',(1.16449857246251,-0.221261548609993,6.));
#942=CARTESIAN_POINT('Ctrl Pts',(1.19887693760106,-0.358448561397777,6.));
#943=CARTESIAN_POINT('Ctrl Pts',(1.22254283340726,-0.548600043022592,6.));
#944=CARTESIAN_POINT('Ctrl Pts',(1.24406594011878,-0.721534575646247,6.));
#945=CARTESIAN_POINT('Ctrl Pts',(1.25097857967032,-0.955355857860612,6.));
#946=CARTESIAN_POINT('Ctrl Pts',(1.11650635094611,-1.18826859021798,6.));
#947=CARTESIAN_POINT('Ctrl Pts',(1.09726134197311,-1.22160192355132,6.));
#948=CARTESIAN_POINT('Ctrl Pts',(1.0780163330001,-1.25493525688467,6.));
#949=CARTESIAN_POINT('Ctrl Pts',(1.05877132402711,-1.28826859021801,6.));
#950=CARTESIAN_POINT('Ctrl Pts',(1.05396007178387,-1.29660192355134,6.));
#951=CARTESIAN_POINT('Ctrl Pts',(1.04914881954064,-1.30493525688465,6.));
#952=CARTESIAN_POINT('Ctrl Pts',(1.0443375672974,-1.31326859021798,6.));
#953=CARTESIAN_POINT('Ctrl Pts',(-1.16466268539835,-0.176841178330875,21.5000000000001));
#954=CARTESIAN_POINT('Ctrl Pts',(-1.16466268539835,-0.176841178330879,4.44999999999999));
#955=CARTESIAN_POINT('Ctrl Pts',(-1.20304979803337,-0.154488867227224,21.5000000000001));
#956=CARTESIAN_POINT('Ctrl Pts',(-1.20304979803337,-0.154488867227227,4.44999999999999));
#957=CARTESIAN_POINT('Ctrl Pts',(-1.33904641874617,-0.115667898383893,21.5000000000001));
#958=CARTESIAN_POINT('Ctrl Pts',(-1.33904641874617,-0.115667898383897,4.44999999999999));
#959=CARTESIAN_POINT('Ctrl Pts',(-1.5155553803036,-0.0410874245429766,21.5000000000001));
#960=CARTESIAN_POINT('Ctrl Pts',(-1.5155553803036,-0.0410874245429804,4.44999999999999));
#961=CARTESIAN_POINT('Ctrl Pts',(-1.67608263210304,0.0267402845883052,21.5000000000001));
#962=CARTESIAN_POINT('Ctrl Pts',(-1.67608263210304,0.0267402845883014,4.44999999999999));
#963=CARTESIAN_POINT('Ctrl Pts',(-1.88203412222189,0.137664404236655,21.5000000000001));
#964=CARTESIAN_POINT('Ctrl Pts',(-1.88203412222189,0.137664404236652,4.44999999999999));
#965=CARTESIAN_POINT('Ctrl Pts',(-2.01650635094611,0.37057713659402,21.5000000000001));
#966=CARTESIAN_POINT('Ctrl Pts',(-2.01650635094611,0.370577136594016,4.44999999999999));
#967=CARTESIAN_POINT('Ctrl Pts',(-2.03575135991911,0.403910469927382,21.5000000000001));
#968=CARTESIAN_POINT('Ctrl Pts',(-2.03575135991911,0.403910469927378,4.44999999999999));
#969=CARTESIAN_POINT('Ctrl Pts',(-2.05499636889214,0.437243803260775,21.5000000000001));
#970=CARTESIAN_POINT('Ctrl Pts',(-2.05499636889214,0.437243803260771,4.44999999999999));
#971=CARTESIAN_POINT('Ctrl Pts',(-2.07424137786512,0.470577136594076,21.5000000000001));
#972=CARTESIAN_POINT('Ctrl Pts',(-2.07424137786512,0.470577136594073,4.44999999999999));
#973=CARTESIAN_POINT('Ctrl Pts',(-2.07905263010837,0.478910469927426,21.5000000000001));
#974=CARTESIAN_POINT('Ctrl Pts',(-2.07905263010837,0.478910469927422,4.44999999999999));
#975=CARTESIAN_POINT('Ctrl Pts',(-2.08386388235166,0.487243803260853,21.5000000000001));
#976=CARTESIAN_POINT('Ctrl Pts',(-2.08386388235166,0.487243803260849,4.44999999999999));
#977=CARTESIAN_POINT('Ctrl Pts',(-2.08867513459493,0.49557713659423,21.5000000000001));
#978=CARTESIAN_POINT('Ctrl Pts',(-2.08867513459493,0.495577136594226,4.44999999999999));
#979=CARTESIAN_POINT('',(-2.0886751345948,0.495577136594051,6.));
#980=CARTESIAN_POINT('',(-2.08867513459483,0.495577136594024,21.5000000000001));
#981=CARTESIAN_POINT('',(-1.16466268539836,-0.176841178330878,6.));
#982=CARTESIAN_POINT('Ctrl Pts',(-1.16466268539835,-0.176841178330879,6.));
#983=CARTESIAN_POINT('Ctrl Pts',(-1.20304979803337,-0.154488867227227,6.));
#984=CARTESIAN_POINT('Ctrl Pts',(-1.33904641874617,-0.115667898383896,6.));
#985=CARTESIAN_POINT('Ctrl Pts',(-1.5155553803036,-0.04108742454298,6.));
#986=CARTESIAN_POINT('Ctrl Pts',(-1.67608263210304,0.0267402845883018,6.));
#987=CARTESIAN_POINT('Ctrl Pts',(-1.88203412222189,0.137664404236652,6.));
#988=CARTESIAN_POINT('Ctrl Pts',(-2.01650635094611,0.370577136594016,6.));
#989=CARTESIAN_POINT('Ctrl Pts',(-2.03575135991911,0.403910469927378,6.));
#990=CARTESIAN_POINT('Ctrl Pts',(-2.05499636889214,0.437243803260771,6.));
#991=CARTESIAN_POINT('Ctrl Pts',(-2.07424137786512,0.470577136594073,6.));
#992=CARTESIAN_POINT('Ctrl Pts',(-2.07905263010837,0.478910469927422,6.));
#993=CARTESIAN_POINT('Ctrl Pts',(-2.08386388235166,0.487243803260849,6.00000000000001));
#994=CARTESIAN_POINT('Ctrl Pts',(-2.08867513459493,0.495577136594226,6.00000000000001));
#995=CARTESIAN_POINT('',(-1.16466268540268,-0.176841178338315,21.5000000000001));
#996=CARTESIAN_POINT('Ctrl Pts',(-1.04433756729746,-1.31326859021787,21.5000000000001));
#997=CARTESIAN_POINT('Ctrl Pts',(-1.04433756729746,-1.31326859021787,4.44999999999999));
#998=CARTESIAN_POINT('Ctrl Pts',(-1.04914881954068,-1.30493525688459,21.5000000000001));
#999=CARTESIAN_POINT('Ctrl Pts',(-1.04914881954068,-1.30493525688459,4.44999999999999));
#1000=CARTESIAN_POINT('Ctrl Pts',(-1.0539600717839,-1.29660192355129,21.5000000000001));
#1001=CARTESIAN_POINT('Ctrl Pts',(-1.0539600717839,-1.2966019235513,4.44999999999999));
#1002=CARTESIAN_POINT('Ctrl Pts',(-1.05877132402712,-1.28826859021801,21.5000000000001));
#1003=CARTESIAN_POINT('Ctrl Pts',(-1.05877132402712,-1.28826859021801,4.44999999999999));
#1004=CARTESIAN_POINT('Ctrl Pts',(-1.07801633300012,-1.25493525688466,21.5000000000001));
#1005=CARTESIAN_POINT('Ctrl Pts',(-1.07801633300012,-1.25493525688466,4.44999999999999));
#1006=CARTESIAN_POINT('Ctrl Pts',(-1.09726134197311,-1.22160192355133,21.5000000000001));
#1007=CARTESIAN_POINT('Ctrl Pts',(-1.09726134197311,-1.22160192355133,4.44999999999999));
#1008=CARTESIAN_POINT('Ctrl Pts',(-1.11650635094612,-1.18826859021796,21.5000000000001));
#1009=CARTESIAN_POINT('Ctrl Pts',(-1.11650635094612,-1.18826859021796,4.44999999999999));
#1010=CARTESIAN_POINT('Ctrl Pts',(-1.31244620611056,-0.848890805845465,
21.5000000000001));
#1011=CARTESIAN_POINT('Ctrl Pts',(-1.31244620611056,-0.848890805845469,
4.44999999999999));
#1012=CARTESIAN_POINT('Ctrl Pts',(-1.22299147391966,-0.526913677825832,
21.5000000000001));
#1013=CARTESIAN_POINT('Ctrl Pts',(-1.22299147391966,-0.526913677825835,
4.44999999999999));
#1014=CARTESIAN_POINT('Ctrl Pts',(-1.18818197783159,-0.342605928079691,
21.5000000000001));
#1015=CARTESIAN_POINT('Ctrl Pts',(-1.18818197783159,-0.342605928079694,
4.44999999999999));
#1016=CARTESIAN_POINT('Ctrl Pts',(-1.17283403630335,-0.261342339570784,
21.5000000000001));
#1017=CARTESIAN_POINT('Ctrl Pts',(-1.17283403630335,-0.261342339570788,
4.44999999999999));
#1018=CARTESIAN_POINT('Ctrl Pts',(-1.16456718288549,-0.202691036463141,
21.5000000000001));
#1019=CARTESIAN_POINT('Ctrl Pts',(-1.16456718288549,-0.202691036463145,
4.44999999999999));
#1020=CARTESIAN_POINT('Ctrl Pts',(-1.16466268537101,-0.17684118457712,21.5000000000001));
#1021=CARTESIAN_POINT('Ctrl Pts',(-1.16466268537101,-0.176841184577124,
4.44999999999999));
#1022=CARTESIAN_POINT('',(-1.04433756729745,-1.31326859021788,6.));
#1023=CARTESIAN_POINT('Ctrl Pts',(-1.04433756729746,-1.31326859021787,6.));
#1024=CARTESIAN_POINT('Ctrl Pts',(-1.04914881954068,-1.30493525688459,6.));
#1025=CARTESIAN_POINT('Ctrl Pts',(-1.0539600717839,-1.29660192355129,6.));
#1026=CARTESIAN_POINT('Ctrl Pts',(-1.05877132402712,-1.28826859021801,6.));
#1027=CARTESIAN_POINT('Ctrl Pts',(-1.07801633300012,-1.25493525688466,6.));
#1028=CARTESIAN_POINT('Ctrl Pts',(-1.09726134197311,-1.22160192355133,6.));
#1029=CARTESIAN_POINT('Ctrl Pts',(-1.11650635094612,-1.18826859021796,6.));
#1030=CARTESIAN_POINT('Ctrl Pts',(-1.31244620611056,-0.848890805845469,
6.));
#1031=CARTESIAN_POINT('Ctrl Pts',(-1.22299147391966,-0.526913677825835,
6.));
#1032=CARTESIAN_POINT('Ctrl Pts',(-1.18818197783159,-0.342605928079694,
6.));
#1033=CARTESIAN_POINT('Ctrl Pts',(-1.17283403630335,-0.261342339570788,
6.));
#1034=CARTESIAN_POINT('Ctrl Pts',(-1.16456718288549,-0.202691036463144,
6.));
#1035=CARTESIAN_POINT('Ctrl Pts',(-1.16466268537101,-0.176841184577124,
6.));
#1036=CARTESIAN_POINT('',(-1.0443375672974,-1.31326859021796,21.5000000000001));
#1037=CARTESIAN_POINT('Ctrl Pts',(-4.28506188865363E-12,-0.8492594932632,
21.5000000000001));
#1038=CARTESIAN_POINT('Ctrl Pts',(-4.28506188865363E-12,-0.849259493263204,
4.44999999999999));
#1039=CARTESIAN_POINT('Ctrl Pts',(-0.0385512255708544,-0.871327552431235,
21.5000000000001));
#1040=CARTESIAN_POINT('Ctrl Pts',(-0.0385512255708544,-0.871327552431239,
4.44999999999999));
#1041=CARTESIAN_POINT('Ctrl Pts',(-0.140169481145094,-0.969693596375687,
21.5000000000001));
#1042=CARTESIAN_POINT('Ctrl Pts',(-0.140169481145094,-0.96969359637569,
4.44999999999999));
#1043=CARTESIAN_POINT('Ctrl Pts',(-0.293012546896332,-1.08526460415958,
21.5000000000001));
#1044=CARTESIAN_POINT('Ctrl Pts',(-0.293012546896332,-1.08526460415958,
4.44999999999999));
#1045=CARTESIAN_POINT('Ctrl Pts',(-0.432016691984245,-1.19037142765195,
21.5000000000001));
#1046=CARTESIAN_POINT('Ctrl Pts',(-0.432016691984245,-1.19037142765196,
4.44999999999999));
#1047=CARTESIAN_POINT('Ctrl Pts',(-0.631055542551566,-1.31326859021797,
21.5000000000001));
#1048=CARTESIAN_POINT('Ctrl Pts',(-0.631055542551566,-1.31326859021797,
4.44999999999999));
#1049=CARTESIAN_POINT('Ctrl Pts',(-0.899999999999999,-1.31326859021797,
21.5000000000001));
#1050=CARTESIAN_POINT('Ctrl Pts',(-0.899999999999999,-1.31326859021797,
4.44999999999999));
#1051=CARTESIAN_POINT('Ctrl Pts',(-0.938490017945979,-1.31326859021797,
21.5000000000001));
#1052=CARTESIAN_POINT('Ctrl Pts',(-0.938490017945979,-1.31326859021797,
4.44999999999999));
#1053=CARTESIAN_POINT('Ctrl Pts',(-0.976980035891968,-1.31326859021797,
21.5000000000001));
#1054=CARTESIAN_POINT('Ctrl Pts',(-0.976980035891968,-1.31326859021797,
4.44999999999999));
#1055=CARTESIAN_POINT('Ctrl Pts',(-1.01547005383795,-1.31326859021797,21.5000000000001));
#1056=CARTESIAN_POINT('Ctrl Pts',(-1.01547005383795,-1.31326859021797,4.44999999999999));
#1057=CARTESIAN_POINT('Ctrl Pts',(-1.02509255832444,-1.31326859021797,21.5000000000001));
#1058=CARTESIAN_POINT('Ctrl Pts',(-1.02509255832444,-1.31326859021797,4.44999999999999));
#1059=CARTESIAN_POINT('Ctrl Pts',(-1.03471506281092,-1.31326859021797,21.5000000000001));
#1060=CARTESIAN_POINT('Ctrl Pts',(-1.03471506281092,-1.31326859021797,4.44999999999999));
#1061=CARTESIAN_POINT('Ctrl Pts',(-1.04433756729741,-1.31326859021797,21.5000000000001));
#1062=CARTESIAN_POINT('Ctrl Pts',(-1.04433756729741,-1.31326859021797,4.44999999999999));
#1063=CARTESIAN_POINT('',(-4.29000577144361E-12,-0.849259493263205,6.));
#1064=CARTESIAN_POINT('Ctrl Pts',(-4.28506188865363E-12,-0.849259493263204,
6.));
#1065=CARTESIAN_POINT('Ctrl Pts',(-0.0385512255708544,-0.871327552431238,
6.));
#1066=CARTESIAN_POINT('Ctrl Pts',(-0.140169481145094,-0.96969359637569,
6.));
#1067=CARTESIAN_POINT('Ctrl Pts',(-0.293012546896332,-1.08526460415958,
6.));
#1068=CARTESIAN_POINT('Ctrl Pts',(-0.432016691984245,-1.19037142765196,
6.));
#1069=CARTESIAN_POINT('Ctrl Pts',(-0.631055542551566,-1.31326859021797,
6.));
#1070=CARTESIAN_POINT('Ctrl Pts',(-0.899999999999999,-1.31326859021797,
6.));
#1071=CARTESIAN_POINT('Ctrl Pts',(-0.948112522432468,-1.31326859021797,
6.));
#1072=CARTESIAN_POINT('Ctrl Pts',(-0.996225044864949,-1.31326859021797,
6.));
#1073=CARTESIAN_POINT('Ctrl Pts',(-1.04433756729741,-1.31326859021797,6.));
#1074=CARTESIAN_POINT('',(-1.04004292007944E-16,-0.849259493270671,21.5000000000001));
#1075=CARTESIAN_POINT('Ctrl Pts',(1.04433756729738,-1.31326859021797,21.5000000000001));
#1076=CARTESIAN_POINT('Ctrl Pts',(1.04433756729738,-1.31326859021798,4.44999999999999));
#1077=CARTESIAN_POINT('Ctrl Pts',(1.03471506281089,-1.31326859021797,21.5000000000001));
#1078=CARTESIAN_POINT('Ctrl Pts',(1.03471506281089,-1.31326859021798,4.44999999999999));
#1079=CARTESIAN_POINT('Ctrl Pts',(1.0250925583244,-1.31326859021797,21.5000000000001));
#1080=CARTESIAN_POINT('Ctrl Pts',(1.0250925583244,-1.31326859021798,4.44999999999999));
#1081=CARTESIAN_POINT('Ctrl Pts',(1.01547005383791,-1.31326859021797,21.5000000000001));
#1082=CARTESIAN_POINT('Ctrl Pts',(1.01547005383791,-1.31326859021798,4.44999999999999));
#1083=CARTESIAN_POINT('Ctrl Pts',(0.976980035891937,-1.31326859021797,21.5000000000001));
#1084=CARTESIAN_POINT('Ctrl Pts',(0.976980035891937,-1.31326859021798,4.44999999999999));
#1085=CARTESIAN_POINT('Ctrl Pts',(0.93849001794597,-1.31326859021797,21.5000000000001));
#1086=CARTESIAN_POINT('Ctrl Pts',(0.93849001794597,-1.31326859021798,4.44999999999999));
#1087=CARTESIAN_POINT('Ctrl Pts',(0.899999999999998,-1.31326859021797,21.5000000000001));
#1088=CARTESIAN_POINT('Ctrl Pts',(0.899999999999998,-1.31326859021798,4.44999999999999));
#1089=CARTESIAN_POINT('Ctrl Pts',(0.508120289671114,-1.31326859021797,21.5000000000001));
#1090=CARTESIAN_POINT('Ctrl Pts',(0.508120289671114,-1.31326859021797,4.44999999999999));
#1091=CARTESIAN_POINT('Ctrl Pts',(0.274007283463993,-1.07480995564212,21.5000000000001));
#1092=CARTESIAN_POINT('Ctrl Pts',(0.274007283463993,-1.07480995564213,4.44999999999999));
#1093=CARTESIAN_POINT('Ctrl Pts',(0.131796838113529,-0.95251017286384,21.5000000000001));
#1094=CARTESIAN_POINT('Ctrl Pts',(0.131796838113529,-0.952510172863844,
4.44999999999999));
#1095=CARTESIAN_POINT('Ctrl Pts',(0.0690944768262457,-0.898586671350136,
21.5000000000001));
#1096=CARTESIAN_POINT('Ctrl Pts',(0.0690944768262457,-0.89858667135014,
4.44999999999999));
#1097=CARTESIAN_POINT('Ctrl Pts',(0.0224343850789059,-0.862101714727067,
21.5000000000001));
#1098=CARTESIAN_POINT('Ctrl Pts',(0.0224343850789059,-0.862101714727071,
4.44999999999999));
#1099=CARTESIAN_POINT('Ctrl Pts',(5.41878675611174E-9,-0.849259496362649,
21.5000000000001));
#1100=CARTESIAN_POINT('Ctrl Pts',(5.41878675611174E-9,-0.849259496362653,
4.44999999999999));
#1101=CARTESIAN_POINT('Ctrl Pts',(1.04433756729738,-1.31326859021798,6.));
#1102=CARTESIAN_POINT('Ctrl Pts',(1.03471506281089,-1.31326859021798,6.));
#1103=CARTESIAN_POINT('Ctrl Pts',(1.0250925583244,-1.31326859021798,6.));
#1104=CARTESIAN_POINT('Ctrl Pts',(1.01547005383791,-1.31326859021798,6.));
#1105=CARTESIAN_POINT('Ctrl Pts',(0.976980035891937,-1.31326859021798,6.));
#1106=CARTESIAN_POINT('Ctrl Pts',(0.93849001794597,-1.31326859021798,6.));
#1107=CARTESIAN_POINT('Ctrl Pts',(0.899999999999998,-1.31326859021798,6.));
#1108=CARTESIAN_POINT('Ctrl Pts',(0.508120289671114,-1.31326859021797,6.));
#1109=CARTESIAN_POINT('Ctrl Pts',(0.274007283463993,-1.07480995564213,6.));
#1110=CARTESIAN_POINT('Ctrl Pts',(0.131796838113529,-0.952510172863844,
6.));
#1111=CARTESIAN_POINT('Ctrl Pts',(0.0690944768262457,-0.89858667135014,
6.));
#1112=CARTESIAN_POINT('Ctrl Pts',(0.0224343850789059,-0.862101714727071,
6.));
#1113=CARTESIAN_POINT('Ctrl Pts',(5.41878677345897E-9,-0.849259496362653,
6.));
#1114=CARTESIAN_POINT('Ctrl Pts',(-1.16466268539406,1.16799545152633,21.5000000000001));
#1115=CARTESIAN_POINT('Ctrl Pts',(-1.16466268539406,1.16799545152633,4.44999999999999));
#1116=CARTESIAN_POINT('Ctrl Pts',(-1.16449857246251,1.21241582179801,21.5000000000001));
#1117=CARTESIAN_POINT('Ctrl Pts',(-1.16449857246251,1.212415821798,4.44999999999999));
#1118=CARTESIAN_POINT('Ctrl Pts',(-1.19887693760105,1.34960283458579,21.5000000000001));
#1119=CARTESIAN_POINT('Ctrl Pts',(-1.19887693760105,1.34960283458578,4.44999999999999));
#1120=CARTESIAN_POINT('Ctrl Pts',(-1.22254283340726,1.53975431621061,21.5000000000001));
#1121=CARTESIAN_POINT('Ctrl Pts',(-1.22254283340726,1.5397543162106,4.44999999999999));
#1122=CARTESIAN_POINT('Ctrl Pts',(-1.24406594011879,1.71268884883426,21.5000000000001));
#1123=CARTESIAN_POINT('Ctrl Pts',(-1.24406594011879,1.71268884883426,4.44999999999999));
#1124=CARTESIAN_POINT('Ctrl Pts',(-1.25097857967033,1.94651013104864,21.5000000000001));
#1125=CARTESIAN_POINT('Ctrl Pts',(-1.25097857967033,1.94651013104863,4.44999999999999));
#1126=CARTESIAN_POINT('Ctrl Pts',(-1.11650635094611,2.17942286340601,21.5000000000001));
#1127=CARTESIAN_POINT('Ctrl Pts',(-1.11650635094611,2.17942286340601,4.44999999999999));
#1128=CARTESIAN_POINT('Ctrl Pts',(-1.09726134197314,2.21275619673931,21.5000000000001));
#1129=CARTESIAN_POINT('Ctrl Pts',(-1.09726134197314,2.21275619673931,4.44999999999999));
#1130=CARTESIAN_POINT('Ctrl Pts',(-1.07801633300012,2.24608953007268,21.5000000000001));
#1131=CARTESIAN_POINT('Ctrl Pts',(-1.07801633300012,2.24608953007267,4.44999999999999));
#1132=CARTESIAN_POINT('Ctrl Pts',(-1.05877132402722,2.27942286340586,21.5000000000001));
#1133=CARTESIAN_POINT('Ctrl Pts',(-1.05877132402722,2.27942286340586,4.44999999999999));
#1134=CARTESIAN_POINT('Ctrl Pts',(-1.05396007178392,2.28775619673931,21.5000000000001));
#1135=CARTESIAN_POINT('Ctrl Pts',(-1.05396007178392,2.28775619673931,4.44999999999999));
#1136=CARTESIAN_POINT('Ctrl Pts',(-1.04914881954055,2.29608953007285,21.5000000000001));
#1137=CARTESIAN_POINT('Ctrl Pts',(-1.04914881954055,2.29608953007284,4.44999999999999));
#1138=CARTESIAN_POINT('Ctrl Pts',(-1.04433756729722,2.30442286340633,21.5000000000001));
#1139=CARTESIAN_POINT('Ctrl Pts',(-1.04433756729722,2.30442286340633,4.44999999999999));
#1140=CARTESIAN_POINT('',(-1.16466268539407,1.16799545152633,6.));
#1141=CARTESIAN_POINT('Ctrl Pts',(-1.16466268539406,1.16799545152633,6.00000000000001));
#1142=CARTESIAN_POINT('Ctrl Pts',(-1.16449857246251,1.212415821798,6.00000000000001));
#1143=CARTESIAN_POINT('Ctrl Pts',(-1.19887693760105,1.34960283458578,6.));
#1144=CARTESIAN_POINT('Ctrl Pts',(-1.22254283340726,1.5397543162106,6.));
#1145=CARTESIAN_POINT('Ctrl Pts',(-1.24406594011879,1.71268884883426,6.));
#1146=CARTESIAN_POINT('Ctrl Pts',(-1.25097857967033,1.94651013104863,6.));
#1147=CARTESIAN_POINT('Ctrl Pts',(-1.11650635094611,2.17942286340601,6.));
#1148=CARTESIAN_POINT('Ctrl Pts',(-1.09726134197314,2.21275619673931,6.));
#1149=CARTESIAN_POINT('Ctrl Pts',(-1.07801633300012,2.24608953007267,6.));
#1150=CARTESIAN_POINT('Ctrl Pts',(-1.05877132402722,2.27942286340586,6.));
#1151=CARTESIAN_POINT('Ctrl Pts',(-1.05396007178392,2.28775619673931,6.));
#1152=CARTESIAN_POINT('Ctrl Pts',(-1.04914881954055,2.29608953007284,6.));
#1153=CARTESIAN_POINT('Ctrl Pts',(-1.04433756729722,2.30442286340633,6.));
#1154=CARTESIAN_POINT('',(-1.16466268540268,1.16799545152636,21.5000000000001));
#1155=CARTESIAN_POINT('Ctrl Pts',(-2.0886751345948,0.49557713659405,21.5000000000001));
#1156=CARTESIAN_POINT('Ctrl Pts',(-2.0886751345948,0.495577136594046,4.44999999999999));
#1157=CARTESIAN_POINT('Ctrl Pts',(-2.08386388235155,0.503910469927381,21.5000000000001));
#1158=CARTESIAN_POINT('Ctrl Pts',(-2.08386388235155,0.503910469927378,4.44999999999999));
#1159=CARTESIAN_POINT('Ctrl Pts',(-2.0790526301083,0.512243803260706,21.5000000000001));
#1160=CARTESIAN_POINT('Ctrl Pts',(-2.0790526301083,0.512243803260703,4.44999999999999));
#1161=CARTESIAN_POINT('Ctrl Pts',(-2.07424137786505,0.520577136594034,21.5000000000001));
#1162=CARTESIAN_POINT('Ctrl Pts',(-2.07424137786505,0.52057713659403,4.44999999999999));
#1163=CARTESIAN_POINT('Ctrl Pts',(-2.05499636889208,0.553910469927357,21.5000000000001));
#1164=CARTESIAN_POINT('Ctrl Pts',(-2.05499636889208,0.553910469927353,4.44999999999999));
#1165=CARTESIAN_POINT('Ctrl Pts',(-2.03575135991908,0.587243803260703,21.5000000000001));
#1166=CARTESIAN_POINT('Ctrl Pts',(-2.03575135991908,0.587243803260699,4.44999999999999));
#1167=CARTESIAN_POINT('Ctrl Pts',(-2.01650635094611,0.620577136594012,21.5000000000001));
#1168=CARTESIAN_POINT('Ctrl Pts',(-2.01650635094611,0.620577136594008,4.44999999999999));
#1169=CARTESIAN_POINT('Ctrl Pts',(-1.82056649578167,0.959954920966522,21.5000000000001));
#1170=CARTESIAN_POINT('Ctrl Pts',(-1.82056649578167,0.959954920966518,4.44999999999999));
#1171=CARTESIAN_POINT('Ctrl Pts',(-1.49699875738367,1.0434734144103,21.5000000000001));
#1172=CARTESIAN_POINT('Ctrl Pts',(-1.49699875738367,1.0434734144103,4.44999999999999));
#1173=CARTESIAN_POINT('Ctrl Pts',(-1.31997881594513,1.10548138137816,21.5000000000001));
#1174=CARTESIAN_POINT('Ctrl Pts',(-1.31997881594513,1.10548138137816,4.44999999999999));
#1175=CARTESIAN_POINT('Ctrl Pts',(-1.24192851312962,1.13282146837336,21.5000000000001));
#1176=CARTESIAN_POINT('Ctrl Pts',(-1.24192851312962,1.13282146837336,4.44999999999999));
#1177=CARTESIAN_POINT('Ctrl Pts',(-1.18700156796441,1.15498781485794,21.5000000000001));
#1178=CARTESIAN_POINT('Ctrl Pts',(-1.18700156796441,1.15498781485794,4.44999999999999));
#1179=CARTESIAN_POINT('Ctrl Pts',(-1.16466269078981,1.16799544837954,21.5000000000001));
#1180=CARTESIAN_POINT('Ctrl Pts',(-1.16466269078981,1.16799544837954,4.44999999999999));
#1181=CARTESIAN_POINT('Ctrl Pts',(-2.0886751345948,0.495577136594046,6.00000000000001));
#1182=CARTESIAN_POINT('Ctrl Pts',(-2.08386388235155,0.503910469927378,6.00000000000001));
#1183=CARTESIAN_POINT('Ctrl Pts',(-2.0790526301083,0.512243803260703,6.));
#1184=CARTESIAN_POINT('Ctrl Pts',(-2.07424137786505,0.520577136594031,6.));
#1185=CARTESIAN_POINT('Ctrl Pts',(-2.05499636889208,0.553910469927354,6.));
#1186=CARTESIAN_POINT('Ctrl Pts',(-2.03575135991908,0.587243803260699,6.));
#1187=CARTESIAN_POINT('Ctrl Pts',(-2.01650635094611,0.620577136594009,6.));
#1188=CARTESIAN_POINT('Ctrl Pts',(-1.82056649578167,0.959954920966519,6.));
#1189=CARTESIAN_POINT('Ctrl Pts',(-1.49699875738367,1.0434734144103,6.));
#1190=CARTESIAN_POINT('Ctrl Pts',(-1.31997881594513,1.10548138137816,6.));
#1191=CARTESIAN_POINT('Ctrl Pts',(-1.24192851312962,1.13282146837336,6.));
#1192=CARTESIAN_POINT('Ctrl Pts',(-1.18700156796441,1.15498781485794,6.));
#1193=CARTESIAN_POINT('Ctrl Pts',(-1.16466269078981,1.16799544837954,6.));
#1194=CARTESIAN_POINT('Ctrl Pts',(8.,2.054422863406,0.6));
#1195=CARTESIAN_POINT('Ctrl Pts',(8.,2.054422863406,3.51866768977885));
#1196=CARTESIAN_POINT('Ctrl Pts',(1.16466268539835,1.16799545151891,3.08133231022115));
#1197=CARTESIAN_POINT('Ctrl Pts',(1.16466268539835,1.16799545151891,6.));
#1198=CARTESIAN_POINT('Ctrl Pts',(8.,1.92655375882834,0.6));
#1199=CARTESIAN_POINT('Ctrl Pts',(8.,1.93026385126269,3.51500325901813));
#1200=CARTESIAN_POINT('Ctrl Pts',(1.18618481520368,1.15560622832648,3.08499674098187));
#1201=CARTESIAN_POINT('Ctrl Pts',(1.1814854580955,1.15819977210619,6.));
#1202=CARTESIAN_POINT('Ctrl Pts',(8.,1.67081554967301,0.6));
#1203=CARTESIAN_POINT('Ctrl Pts',(8.,1.68391010673877,3.50767439749669));
#1204=CARTESIAN_POINT('Ctrl Pts',(1.24556734279014,1.13099758538924,3.09228778586403));
#1205=CARTESIAN_POINT('Ctrl Pts',(1.23075215650901,1.13680511868496,6.));
#1206=CARTESIAN_POINT('Ctrl Pts',(8.,1.35114278822886,0.6));
#1207=CARTESIAN_POINT('Ctrl Pts',(8.,1.37901814084262,3.49851332059491));
#1208=CARTESIAN_POINT('Ctrl Pts',(1.32756447773063,1.10292581522305,3.10133438632126));
#1209=CARTESIAN_POINT('Ctrl Pts',(1.30118326786538,1.11209717302807,6.));
#1210=CARTESIAN_POINT('Ctrl Pts',(8.,0.967535474495873,0.6));
#1211=CARTESIAN_POINT('Ctrl Pts',(8.,1.01421853886685,3.48752002831275));
#1212=CARTESIAN_POINT('Ctrl Pts',(1.42375858035691,1.06906998984956,3.11215442414641));
#1213=CARTESIAN_POINT('Ctrl Pts',(1.38468900319562,1.08280893474394,6.));
#1214=CARTESIAN_POINT('Ctrl Pts',(8.,0.456059056185226,0.6));
#1215=CARTESIAN_POINT('Ctrl Pts',(8.,0.528234250024489,3.47286230526989));
#1216=CARTESIAN_POINT('Ctrl Pts',(1.56155104134919,1.0179188660051,3.12653921850029));
#1217=CARTESIAN_POINT('Ctrl Pts',(1.50834292202589,1.03867659787175,6.));
#1218=CARTESIAN_POINT('Ctrl Pts',(8.,-0.247221018991914,0.6));
#1219=CARTESIAN_POINT('Ctrl Pts',(8.,-0.149739417997538,3.45270793608595));
#1220=CARTESIAN_POINT('Ctrl Pts',(1.75606321234332,0.915440303782929,3.14637529925532));
#1221=CARTESIAN_POINT('Ctrl Pts',(1.69325385625425,0.951241175164846,6.));
#1222=CARTESIAN_POINT('Ctrl Pts',(8.,-0.886566541880223,0.600000000000001));
#1223=CARTESIAN_POINT('Ctrl Pts',(8.,-0.791087950125329,3.43438578228236));
#1224=CARTESIAN_POINT('Ctrl Pts',(1.8952154774077,0.793252070708544,3.16468599641359));
#1225=CARTESIAN_POINT('Ctrl Pts',(1.84688940796586,0.83806944917414,6.));
#1226=CARTESIAN_POINT('Ctrl Pts',(8.,-1.39804296019087,0.600000000000001));
#1227=CARTESIAN_POINT('Ctrl Pts',(8.,-1.32810240249374,3.41972805923949));
#1228=CARTESIAN_POINT('Ctrl Pts',(1.97139372590928,0.693684457012022,3.1796325045962));
#1229=CARTESIAN_POINT('Ctrl Pts',(1.94940184783415,0.7235460768293,6.));
#1230=CARTESIAN_POINT('Ctrl Pts',(8.,-1.65378116934619,0.600000000000001));
#1231=CARTESIAN_POINT('Ctrl Pts',(8.,-1.60607655861844,3.41239919771806));
#1232=CARTESIAN_POINT('Ctrl Pts',(1.9975407927054,0.653699857660244,3.18722694426835));
#1233=CARTESIAN_POINT('Ctrl Pts',(1.99035363209968,0.665673954729153,6.));
#1234=CARTESIAN_POINT('Ctrl Pts',(8.,-1.87257447041791,0.600000000000001));
#1235=CARTESIAN_POINT('Ctrl Pts',(8.,-1.84857985327053,3.40612909122647));
#1236=CARTESIAN_POINT('Ctrl Pts',(2.03001080061965,0.596968406751098,3.19378545657341));
#1237=CARTESIAN_POINT('Ctrl Pts',(2.03506479176535,0.588434480355154,6.));
#1238=CARTESIAN_POINT('Ctrl Pts',(8.,-1.96349866691196,0.600000000000001));
#1239=CARTESIAN_POINT('Ctrl Pts',(8.,-1.95074205837959,3.4035234154956));
#1240=CARTESIAN_POINT('Ctrl Pts',(2.06443571881247,0.537704511671348,3.19647658450441));
#1241=CARTESIAN_POINT('Ctrl Pts',(2.05798914287018,0.548726833341726,6.));
#1242=CARTESIAN_POINT('Ctrl Pts',(8.,-2.05442286340601,0.600000000000001));
#1243=CARTESIAN_POINT('Ctrl Pts',(8.,-2.05442286340601,3.40091773976473));
#1244=CARTESIAN_POINT('Ctrl Pts',(2.08867513459478,0.495577136594081,3.19908226023527));
#1245=CARTESIAN_POINT('Ctrl Pts',(2.08867513459478,0.495577136594081,6.));
#1246=CARTESIAN_POINT('',(8.,-2.05442286340601,0.600000000000001));
#1247=CARTESIAN_POINT('',(8.,2.054422863406,0.6));
#1248=CARTESIAN_POINT('',(8.,2.054422863406,0.6));
#1249=CARTESIAN_POINT('',(2.12098039613283,1.29201365735053,4.4103396230621));
#1250=CARTESIAN_POINT('Ctrl Pts',(8.00000000000001,2.05442286340599,0.599999999999977));
#1251=CARTESIAN_POINT('Ctrl Pts',(8.00000000000001,2.054422863406,2.83227044670864));
#1252=CARTESIAN_POINT('Ctrl Pts',(4.0016181287423,1.53590049856017,3.10142170636534));
#1253=CARTESIAN_POINT('Ctrl Pts',(2.12098039613283,1.29201365735053,4.4103396230621));
#1254=CARTESIAN_POINT('Ctrl Pts',(2.12098039613283,1.29201365735053,4.4103396230621));
#1255=CARTESIAN_POINT('Ctrl Pts',(1.5427061297776,1.21702128549244,4.81281668436554));
#1256=CARTESIAN_POINT('Ctrl Pts',(1.16466268537101,1.16799545776516,5.31360275692981));
#1257=CARTESIAN_POINT('Ctrl Pts',(1.16466268537101,1.16799545776516,6.));
#1258=CARTESIAN_POINT('Ctrl Pts',(8.,-2.05442286340601,0.600000000000001));
#1259=CARTESIAN_POINT('Ctrl Pts',(8.,-2.05442286340601,3.40091773976473));
#1260=CARTESIAN_POINT('Ctrl Pts',(2.08867513459481,0.495577136594026,3.19908226023527));
#1261=CARTESIAN_POINT('Ctrl Pts',(2.08867513459481,0.495577136594026,6.));
#1262=CARTESIAN_POINT('Ctrl Pts',(8.,-2.05442286340601,0.600000000000001));
#1263=CARTESIAN_POINT('Ctrl Pts',(8.,-2.05442286340601,2.60065552840338));
#1264=CARTESIAN_POINT('Ctrl Pts',(3.77762509613916,-0.232994291977414,3.25674954010083));
#1265=CARTESIAN_POINT('Ctrl Pts',(2.08867513459482,0.495577136594024,5.19973778863865));
#1266=CARTESIAN_POINT('Ctrl Pts',(2.08867513459482,0.495577136594025,6.));
#1267=CARTESIAN_POINT('Ctrl Pts',(7.90723164095312,-2.05442286340601,0.600000000000001));
#1268=CARTESIAN_POINT('Ctrl Pts',(7.87287880113739,-2.05442286340601,2.57744346902764));
#1269=CARTESIAN_POINT('Ctrl Pts',(3.72070572762995,-0.261914190392903,3.25845764081944));
#1270=CARTESIAN_POINT('Ctrl Pts',(2.06344032794293,0.451864503083194,5.20413495842621));
#1271=CARTESIAN_POINT('Ctrl Pts',(2.06269452022742,0.450577392497825,6.));
#1272=CARTESIAN_POINT('Ctrl Pts',(7.81446328190624,-2.05442286340601,0.600000000000001));
#1273=CARTESIAN_POINT('Ctrl Pts',(7.74217072295459,-2.05442286340601,2.55308668872484));
#1274=CARTESIAN_POINT('Ctrl Pts',(3.65868160283572,-0.297122022148625,3.25969753353261));
#1275=CARTESIAN_POINT('Ctrl Pts',(2.03844750689342,0.40848299502148,5.20852800035993));
#1276=CARTESIAN_POINT('Ctrl Pts',(2.03907046107666,0.409555012578105,6.));
#1277=CARTESIAN_POINT('Ctrl Pts',(7.52269960105206,-2.05442286340601,0.600000000000001));
#1278=CARTESIAN_POINT('Ctrl Pts',(7.32318423685316,-2.05442286340601,2.47400987648532));
#1279=CARTESIAN_POINT('Ctrl Pts',(3.47824339147152,-0.376334444241955,3.26259003787503));
#1280=CARTESIAN_POINT('Ctrl Pts',(1.96878328413336,0.289155120926999,5.22233729205522));
#1281=CARTESIAN_POINT('Ctrl Pts',(1.96744468048158,0.286857289126738,6.));
#1282=CARTESIAN_POINT('Ctrl Pts',(7.24410615052184,-2.05442286340601,0.600000000000001));
#1283=CARTESIAN_POINT('Ctrl Pts',(6.90693079428237,-2.05442286340601,2.39343758486628));
#1284=CARTESIAN_POINT('Ctrl Pts',(3.29749189896578,-0.436790360615648,3.2633523224782));
#1285=CARTESIAN_POINT('Ctrl Pts',(1.89775204464542,0.199163834538523,5.23553377255553));
#1286=CARTESIAN_POINT('Ctrl Pts',(1.89377649737195,0.194759047992649,6.));
#1287=CARTESIAN_POINT('Ctrl Pts',(6.92571363563017,-2.05442286340601,0.600000000000001));
#1288=CARTESIAN_POINT('Ctrl Pts',(6.42909640294776,-2.05442286340601,2.30117629482308));
#1289=CARTESIAN_POINT('Ctrl Pts',(3.05322907386925,-0.511344910486807,3.26417792827765));
#1290=CARTESIAN_POINT('Ctrl Pts',(1.7657658045728,0.0940907979834218,5.25062582128222));
#1291=CARTESIAN_POINT('Ctrl Pts',(1.75913120622397,0.0893816797658478,6.));
#1292=CARTESIAN_POINT('Ctrl Pts',(6.56752205637702,-2.05442286340601,0.600000000000001));
#1293=CARTESIAN_POINT('Ctrl Pts',(5.89509699267965,-2.05442286340601,2.19882465840011));
#1294=CARTESIAN_POINT('Ctrl Pts',(2.77432042893934,-0.582551427089956,3.26569300604288));
#1295=CARTESIAN_POINT('Ctrl Pts',(1.61130220313275,-0.00519949334150568,
5.267608114216));
#1296=CARTESIAN_POINT('Ctrl Pts',(1.60234515980331,-0.00965322430538206,
6.));
#1297=CARTESIAN_POINT('Ctrl Pts',(6.05013421967805,-2.05442286340601,0.600000000000001));
#1298=CARTESIAN_POINT('Ctrl Pts',(5.14350331579618,-2.05442286340601,2.05842027899955));
#1299=CARTESIAN_POINT('Ctrl Pts',(2.37487655831861,-0.649753330945655,3.27088240952352));
#1300=CARTESIAN_POINT('Ctrl Pts',(1.38750984145836,-0.0944014306338403,
5.29214857631234));
#1301=CARTESIAN_POINT('Ctrl Pts',(1.37760724307543,-0.0971887223514236,
6.));
#1302=CARTESIAN_POINT('Ctrl Pts',(5.57254544734053,-2.05442286340601,0.600000000000001));
#1303=CARTESIAN_POINT('Ctrl Pts',(4.55431279801774,-2.05442286340601,1.96503983294081));
#1304=CARTESIAN_POINT('Ctrl Pts',(2.05785090226697,-0.689848748332309,3.29015332733946));
#1305=CARTESIAN_POINT('Ctrl Pts',(1.21109787863521,-0.150455684337264,5.31479781480811));
#1306=CARTESIAN_POINT('Ctrl Pts',(1.206415170064,-0.152529257239134,6.));
#1307=CARTESIAN_POINT('Ctrl Pts',(5.33375106117177,-2.05442286340601,0.600000000000001));
#1308=CARTESIAN_POINT('Ctrl Pts',(4.30420291170049,-2.05442286340601,1.93351934841227));
#1309=CARTESIAN_POINT('Ctrl Pts',(1.94401153682471,-0.713293086109933,3.30584194375215));
#1310=CARTESIAN_POINT('Ctrl Pts',(1.16466269078981,-0.176841175191503,5.32611653889775));
#1311=CARTESIAN_POINT('Ctrl Pts',(1.16466269078981,-0.176841175191503,6.));
#1312=CARTESIAN_POINT('',(5.33375106117177,-2.05442286340601,0.600000000000001));
#1313=CARTESIAN_POINT('',(8.,-2.05442286340601,0.600000000000001));
#1314=CARTESIAN_POINT('Ctrl Pts',(5.33375106117177,-2.05442286340601,0.600000000000001));
#1315=CARTESIAN_POINT('Ctrl Pts',(3.89238365191197,-2.05442286340601,2.46692708777718));
#1316=CARTESIAN_POINT('Ctrl Pts',(1.16466268539406,-0.176841178338304,3.64140788614214));
#1317=CARTESIAN_POINT('Ctrl Pts',(1.16466268539406,-0.176841178338304,6.));
#1318=CARTESIAN_POINT('Ctrl Pts',(5.33375106117177,-2.05442286340601,0.600000000000001));
#1319=CARTESIAN_POINT('Ctrl Pts',(3.89238365191197,-2.05442286340601,2.46692708777718));
#1320=CARTESIAN_POINT('Ctrl Pts',(1.16466268539406,-0.176841178338304,3.64140788614214));
#1321=CARTESIAN_POINT('Ctrl Pts',(1.16466268539406,-0.176841178338304,6.));
#1322=CARTESIAN_POINT('Ctrl Pts',(5.25077620958163,-2.05442286340601,0.600000000000001));
#1323=CARTESIAN_POINT('Ctrl Pts',(3.8039042206507,-2.05442286340601,2.45159351735757));
#1324=CARTESIAN_POINT('Ctrl Pts',(1.16468741599215,-0.201691239209338,3.65581497712906));
#1325=CARTESIAN_POINT('Ctrl Pts',(1.16459076452389,-0.196307966562353,6.));
#1326=CARTESIAN_POINT('Ctrl Pts',(5.08481194217243,-2.05442286340601,0.600000000000001));
#1327=CARTESIAN_POINT('Ctrl Pts',(3.64207985830168,-2.05442286340601,2.42582162437838));
#1328=CARTESIAN_POINT('Ctrl Pts',(1.17308305509374,-0.26522802884551,3.68457436914539));
#1329=CARTESIAN_POINT('Ctrl Pts',(1.17069405595764,-0.249560931868665,6.));
#1330=CARTESIAN_POINT('Ctrl Pts',(4.87732699601772,-2.05442286340601,0.600000000000001));
#1331=CARTESIAN_POINT('Ctrl Pts',(3.47140006252715,-2.05442286340601,2.40421265056219));
#1332=CARTESIAN_POINT('Ctrl Pts',(1.1897136452266,-0.350493062843366,3.72042622937667));
#1333=CARTESIAN_POINT('Ctrl Pts',(1.18450516908249,-0.323148196076514,6.));
#1334=CARTESIAN_POINT('Ctrl Pts',(4.62832452873941,-2.05442286340601,0.600000000000001));
#1335=CARTESIAN_POINT('Ctrl Pts',(3.28941286509839,-2.054422863406,2.3863581806317));
#1336=CARTESIAN_POINT('Ctrl Pts',(1.20851205154162,-0.45001885955009,3.76339645543814));
#1337=CARTESIAN_POINT('Ctrl Pts',(1.20089779323535,-0.409636454496749,6.));
#1338=CARTESIAN_POINT('Ctrl Pts',(4.37929876481169,-2.05442286340601,0.600000000000001));
#1339=CARTESIAN_POINT('Ctrl Pts',(3.134122388374,-2.05442286340601,2.37829277255444));
#1340=CARTESIAN_POINT('Ctrl Pts',(1.22681488617589,-0.560121291745674,3.80632109694097));
#1341=CARTESIAN_POINT('Ctrl Pts',(1.21858504444981,-0.507892441242769,6.));
#1342=CARTESIAN_POINT('Ctrl Pts',(4.08875257914834,-2.05442286340601,0.600000000000001));
#1343=CARTESIAN_POINT('Ctrl Pts',(2.97551445088352,-2.05442286340601,2.3788742484892));
#1344=CARTESIAN_POINT('Ctrl Pts',(1.23702963926088,-0.693654805566582,3.85643730502918));
#1345=CARTESIAN_POINT('Ctrl Pts',(1.23210045126677,-0.630750886385177,6.));
#1346=CARTESIAN_POINT('Ctrl Pts',(3.83971009082488,-2.05442286340601,0.600000000000001));
#1347=CARTESIAN_POINT('Ctrl Pts',(2.84755473106554,-2.05442286340601,2.38426503655962));
#1348=CARTESIAN_POINT('Ctrl Pts',(1.23522854368162,-0.811084002401905,3.8994672555743));
#1349=CARTESIAN_POINT('Ctrl Pts',(1.2360627616434,-0.74293178772712,6.));
#1350=CARTESIAN_POINT('Ctrl Pts',(3.59067286030435,-2.05442286340601,0.600000000000001));
#1351=CARTESIAN_POINT('Ctrl Pts',(2.72010224020919,-2.054422863406,2.39258953206562));
#1352=CARTESIAN_POINT('Ctrl Pts',(1.2196644752307,-0.924959961918103,3.94261792100016));
#1353=CARTESIAN_POINT('Ctrl Pts',(1.2281018973977,-0.858200007597779,6.));
#1354=CARTESIAN_POINT('Ctrl Pts',(3.3416490460017,-2.05442286340601,0.600000000000001));
#1355=CARTESIAN_POINT('Ctrl Pts',(2.58567426638801,-2.05442286340601,2.40188906231643));
#1356=CARTESIAN_POINT('Ctrl Pts',(1.19353346106063,-1.02422757858777,3.98593681543232));
#1357=CARTESIAN_POINT('Ctrl Pts',(1.20810456328768,-0.968478643348838,6.));
#1358=CARTESIAN_POINT('Ctrl Pts',(3.09264680633189,-2.05442286340601,0.600000000000001));
#1359=CARTESIAN_POINT('Ctrl Pts',(2.4367880976755,-2.054422863406,2.41020495462132));
#1360=CARTESIAN_POINT('Ctrl Pts',(1.15738200797628,-1.1127229178979,4.0294714529963));
#1361=CARTESIAN_POINT('Ctrl Pts',(1.17198268956172,-1.07911329255092,6.));
#1362=CARTESIAN_POINT('Ctrl Pts',(2.92666513525054,-2.05442286340601,0.600000000000001));
#1363=CARTESIAN_POINT('Ctrl Pts',(2.32290338065528,-2.054422863406,2.41378734240012));
#1364=CARTESIAN_POINT('Ctrl Pts',(1.13575942246446,-1.15498397509901,4.05867004954388));
#1365=CARTESIAN_POINT('Ctrl Pts',(1.14246358590919,-1.14303187190873,6.));
#1366=CARTESIAN_POINT('Ctrl Pts',(2.78467260942805,-2.05442286340601,0.600000000000001));
#1367=CARTESIAN_POINT('Ctrl Pts',(2.21707988967431,-2.054422863406,2.41545454865118));
#1368=CARTESIAN_POINT('Ctrl Pts',(1.10274682711336,-1.21194333155101,4.0837391318895));
#1369=CARTESIAN_POINT('Ctrl Pts',(1.0979419693401,-1.22042143044637,6.));
#1370=CARTESIAN_POINT('Ctrl Pts',(2.72566779704138,-2.05442286340601,0.600000000000001));
#1371=CARTESIAN_POINT('Ctrl Pts',(2.17062314560384,-2.054422863406,2.41573438242016));
#1372=CARTESIAN_POINT('Ctrl Pts',(1.06868974514435,-1.27119055501384,4.09410958650041));
#1373=CARTESIAN_POINT('Ctrl Pts',(1.075023559022,-1.26011889347034,6.));
#1374=CARTESIAN_POINT('Ctrl Pts',(2.66666666666669,-2.05442286340601,0.600000000000001));
#1375=CARTESIAN_POINT('Ctrl Pts',(2.12123847028984,-2.054422863406,2.41548383837781));
#1376=CARTESIAN_POINT('Ctrl Pts',(1.04433756729739,-1.313268590218,4.10435407187579));
#1377=CARTESIAN_POINT('Ctrl Pts',(1.04433756729739,-1.313268590218,6.));
#1378=CARTESIAN_POINT('',(2.66666666666669,-2.054422863406,0.600000000000001));
#1379=CARTESIAN_POINT('',(8.,-2.05442286340601,0.600000000000001));
#1380=CARTESIAN_POINT('Ctrl Pts',(2.66666666666669,-2.054422863406,0.600000000000001));
#1381=CARTESIAN_POINT('Ctrl Pts',(2.12123847028984,-2.054422863406,2.41548383837781));
#1382=CARTESIAN_POINT('Ctrl Pts',(1.04433756729739,-1.31326859021798,4.10435407187579));
#1383=CARTESIAN_POINT('Ctrl Pts',(1.04433756729739,-1.31326859021798,6.));
#1384=CARTESIAN_POINT('Ctrl Pts',(2.66666666666669,-2.05442286340601,0.600000000000001));
#1385=CARTESIAN_POINT('Ctrl Pts',(2.27707509782608,-2.054422863406,1.89677417026986));
#1386=CARTESIAN_POINT('Ctrl Pts',(1.4841737621874,-1.60065494104599,3.3753846409938));
#1387=CARTESIAN_POINT('Ctrl Pts',(1.08829270619504,-1.34351978504198,5.19602014078865));
#1388=CARTESIAN_POINT('Ctrl Pts',(1.04433756729739,-1.31326859021797,5.7291934388394));
#1389=CARTESIAN_POINT('Ctrl Pts',(1.04433756729739,-1.31326859021797,6.));
#1390=CARTESIAN_POINT('Ctrl Pts',(2.57389830762004,-2.05442286340601,0.600000000000001));
#1391=CARTESIAN_POINT('Ctrl Pts',(2.19510680735634,-2.054422863406,1.89649278873978));
#1392=CARTESIAN_POINT('Ctrl Pts',(1.42472980588675,-1.60068183402116,3.37634211251871));
#1393=CARTESIAN_POINT('Ctrl Pts',(1.0371337580289,-1.34350281394499,5.1966240759579));
#1394=CARTESIAN_POINT('Ctrl Pts',(0.99312190612255,-1.31326613529927,5.72944873876862));
#1395=CARTESIAN_POINT('Ctrl Pts',(0.992376338562597,-1.31326859021797,6.));
#1396=CARTESIAN_POINT('Ctrl Pts',(2.48112994857339,-2.05442286340601,0.600000000000001));
#1397=CARTESIAN_POINT('Ctrl Pts',(2.11324703910513,-2.05442286340601,1.89649427522645));
#1398=CARTESIAN_POINT('Ctrl Pts',(1.35933463575213,-1.60062922589742,3.37742393377861));
#1399=CARTESIAN_POINT('Ctrl Pts',(0.984973361146342,-1.3435630770719,5.19723678380951));
#1400=CARTESIAN_POINT('Ctrl Pts',(0.944209593435065,-1.31329147534286,5.72970099526077));
#1401=CARTESIAN_POINT('Ctrl Pts',(0.944822697850358,-1.31328793866853,6.));
#1402=CARTESIAN_POINT('Ctrl Pts',(2.14956720335792,-2.054422863406,0.600000000000001));
#1403=CARTESIAN_POINT('Ctrl Pts',(1.82126048110289,-2.054422863406,1.89731048476489));
#1404=CARTESIAN_POINT('Ctrl Pts',(1.16151462311285,-1.60061456969148,3.38165999050241));
#1405=CARTESIAN_POINT('Ctrl Pts',(0.826334359724306,-1.34321266666956,5.19945920453938));
#1406=CARTESIAN_POINT('Ctrl Pts',(0.787076272346799,-1.3130231351473,5.73059690474864));
#1407=CARTESIAN_POINT('Ctrl Pts',(0.785496219916942,-1.31303461368386,6.));
#1408=CARTESIAN_POINT('Ctrl Pts',(1.83117468846615,-2.054422863406,0.600000000000001));
#1409=CARTESIAN_POINT('Ctrl Pts',(1.54232524191368,-2.054422863406,1.90009868461558));
#1410=CARTESIAN_POINT('Ctrl Pts',(0.979054502738674,-1.58809959482513,3.38674618478345));
#1411=CARTESIAN_POINT('Ctrl Pts',(0.68594798610592,-1.3202593733527,5.20173328818834));
#1412=CARTESIAN_POINT('Ctrl Pts',(0.649297460597117,-1.28765932445625,5.73146768743113));
#1413=CARTESIAN_POINT('Ctrl Pts',(0.646028873513205,-1.28678482021733,6.));
#1414=CARTESIAN_POINT('Ctrl Pts',(1.3535859161285,-2.054422863406,0.600000000000001));
#1415=CARTESIAN_POINT('Ctrl Pts',(1.12937373519768,-2.054422863406,1.90574343171687));
#1416=CARTESIAN_POINT('Ctrl Pts',(0.686366968187485,-1.52626687082911,3.39513393601007));
#1417=CARTESIAN_POINT('Ctrl Pts',(0.448586786303666,-1.21635869615313,5.20525525475371));
#1418=CARTESIAN_POINT('Ctrl Pts',(0.417269386568832,-1.17697100115326,5.7327850913792));
#1419=CARTESIAN_POINT('Ctrl Pts',(0.413224564984504,-1.17451930030128,6.));
#1420=CARTESIAN_POINT('Ctrl Pts',(1.03519340123673,-2.054422863406,0.600000000000001));
#1421=CARTESIAN_POINT('Ctrl Pts',(0.857222591678978,-2.054422863406,1.90981342415825));
#1422=CARTESIAN_POINT('Ctrl Pts',(0.510981250026267,-1.47519568507803,3.40089194307772));
#1423=CARTESIAN_POINT('Ctrl Pts',(0.322324566739023,-1.13397163239532,5.20763047945483));
#1424=CARTESIAN_POINT('Ctrl Pts',(0.296424690622131,-1.09017980533675,5.73366736055163));
#1425=CARTESIAN_POINT('Ctrl Pts',(0.292457813005072,-1.08712005789394,6.));
#1426=CARTESIAN_POINT('Ctrl Pts',(0.557604628899084,-2.054422863406,0.600000000000001));
#1427=CARTESIAN_POINT('Ctrl Pts',(0.454993222613015,-2.054422863406,1.91510546651476));
#1428=CARTESIAN_POINT('Ctrl Pts',(0.259573587064707,-1.39264268993729,3.40913904209619));
#1429=CARTESIAN_POINT('Ctrl Pts',(0.149053964018899,-1.00518747123973,5.21114966632755));
#1430=CARTESIAN_POINT('Ctrl Pts',(0.133061634263121,-0.956098490224089,
5.73499191885553));
#1431=CARTESIAN_POINT('Ctrl Pts',(0.129912792125609,-0.953206535146516,
6.));
#1432=CARTESIAN_POINT('Ctrl Pts',(0.239212114007318,-2.054422863406,0.600000000000001));
#1433=CARTESIAN_POINT('Ctrl Pts',(0.192736864212744,-2.054422863406,1.91734501454023));
#1434=CARTESIAN_POINT('Ctrl Pts',(0.10460833884894,-1.33746666526545,3.41400644405342));
#1435=CARTESIAN_POINT('Ctrl Pts',(0.0525783976473448,-0.924839913165232,
5.21341942601014));
#1436=CARTESIAN_POINT('Ctrl Pts',(0.0439477498384373,-0.874812128997755,
5.735873830536));
#1437=CARTESIAN_POINT('Ctrl Pts',(0.0419309836172694,-0.873262245108847,
6.));
#1438=CARTESIAN_POINT('Ctrl Pts',(0.000417727838493143,-2.054422863406,
0.600000000000001));
#1439=CARTESIAN_POINT('Ctrl Pts',(0.000315823292741514,-2.054422863406,
1.91734501454024));
#1440=CARTESIAN_POINT('Ctrl Pts',(0.000112482924615471,-1.3165677407264,
3.41682286877196));
#1441=CARTESIAN_POINT('Ctrl Pts',(1.12321965709358E-5,-0.898449837874628,
5.21501540001731));
#1442=CARTESIAN_POINT('Ctrl Pts',(5.41878923676631E-9,-0.849259496362654,
5.73653099630366));
#1443=CARTESIAN_POINT('Ctrl Pts',(5.41878923676631E-9,-0.849259496362654,
6.));
#1444=CARTESIAN_POINT('',(0.000417727838492891,-2.054422863406,0.600000000000001));
#1445=CARTESIAN_POINT('',(8.,-2.05442286340601,0.600000000000001));
#1446=CARTESIAN_POINT('Ctrl Pts',(0.000417727838492891,-2.054422863406,
0.600000000000001));
#1447=CARTESIAN_POINT('Ctrl Pts',(0.000275061474441533,-2.054422863406,
2.44428302035633));
#1448=CARTESIAN_POINT('Ctrl Pts',(-4.29000577144361E-12,-0.849259493263205,
4.15571697412562));
#1449=CARTESIAN_POINT('Ctrl Pts',(-4.29000577144361E-12,-0.849259493263205,
6.));
#1450=CARTESIAN_POINT('Ctrl Pts',(0.000417727838493143,-2.054422863406,
0.600000000000001));
#1451=CARTESIAN_POINT('Ctrl Pts',(0.000275061474440863,-2.054422863406,
2.44428302035633));
#1452=CARTESIAN_POINT('Ctrl Pts',(-4.2890864471179E-12,-0.849259493263206,
4.15571697412562));
#1453=CARTESIAN_POINT('Ctrl Pts',(-4.2890864471179E-12,-0.849259493263206,
6.));
#1454=CARTESIAN_POINT('Ctrl Pts',(-0.0825571237516728,-2.054422863406,0.600000000000001));
#1455=CARTESIAN_POINT('Ctrl Pts',(-0.0601408426375542,-2.054422863406,2.44428302035633));
#1456=CARTESIAN_POINT('Ctrl Pts',(-0.0215133065345737,-0.861698689384099,
4.15411853778708));
#1457=CARTESIAN_POINT('Ctrl Pts',(-0.0168946935714539,-0.858930602074578,
6.));
#1458=CARTESIAN_POINT('Ctrl Pts',(-0.248521391160935,-2.054422863406,0.600000000000001));
#1459=CARTESIAN_POINT('Ctrl Pts',(-0.181806398479272,-2.054422863406,2.44371515381864));
#1460=CARTESIAN_POINT('Ctrl Pts',(-0.073081851868955,-0.901517518490703,
4.15086535734525));
#1461=CARTESIAN_POINT('Ctrl Pts',(-0.0607003332714642,-0.89159413511084,
6.));
#1462=CARTESIAN_POINT('Ctrl Pts',(-0.580497305008576,-2.054422863406,0.600000000000001));
#1463=CARTESIAN_POINT('Ctrl Pts',(-0.428711267088298,-2.054422863406,2.44075666886769));
#1464=CARTESIAN_POINT('Ctrl Pts',(-0.175926077995996,-0.990670922736046,
4.14419889468353));
#1465=CARTESIAN_POINT('Ctrl Pts',(-0.149456669904703,-0.967389269346176,
6.));
#1466=CARTESIAN_POINT('Ctrl Pts',(-0.995535636960339,-2.054422863406,0.600000000000001));
#1467=CARTESIAN_POINT('Ctrl Pts',(-0.744490834187558,-2.054422863406,2.43448224217832));
#1468=CARTESIAN_POINT('Ctrl Pts',(-0.310307572478468,-1.10603079173923,
4.13568774292425));
#1469=CARTESIAN_POINT('Ctrl Pts',(-0.26721130985177,-1.07031270326388,6.));
#1470=CARTESIAN_POINT('Ctrl Pts',(-1.49362587141035,-2.054422863406,0.600000000000001));
#1471=CARTESIAN_POINT('Ctrl Pts',(-1.13629648357545,-2.054422863406,2.42552310300112));
#1472=CARTESIAN_POINT('Ctrl Pts',(-0.514995203970927,-1.23566312675937,
4.1255802190073));
#1473=CARTESIAN_POINT('Ctrl Pts',(-0.452355398085443,-1.19901536101133,
6.));
#1474=CARTESIAN_POINT('Ctrl Pts',(-1.9086835407756,-2.054422863406,0.600000000000001));
#1475=CARTESIAN_POINT('Ctrl Pts',(-1.47472016439603,-2.054422863406,2.41910920243782));
#1476=CARTESIAN_POINT('Ctrl Pts',(-0.689975536161828,-1.29446378969994,
4.11757114397631));
#1477=CARTESIAN_POINT('Ctrl Pts',(-0.626681865922371,-1.27492278087869,
6.));
#1478=CARTESIAN_POINT('Ctrl Pts',(-2.24068652700211,-2.054422863406,0.600000000000001));
#1479=CARTESIAN_POINT('Ctrl Pts',(-1.75332679221489,-2.054422863406,2.41595545406338));
#1480=CARTESIAN_POINT('Ctrl Pts',(-0.814367517956763,-1.310802337103,4.11160758873418));
#1481=CARTESIAN_POINT('Ctrl Pts',(-0.777316156686458,-1.30666486387846,
6.));
#1482=CARTESIAN_POINT('Ctrl Pts',(-2.4066681980835,-2.054422863406,0.600000000000001));
#1483=CARTESIAN_POINT('Ctrl Pts',(-1.89537205040579,-2.054422863406,2.41526206103916));
#1484=CARTESIAN_POINT('Ctrl Pts',(-0.86190295309856,-1.31338523375846,4.10880627734781));
#1485=CARTESIAN_POINT('Ctrl Pts',(-0.847859236369954,-1.31314669203645,
6.));
#1486=CARTESIAN_POINT('Ctrl Pts',(-2.54866072390573,-2.054422863406,0.600000000000001));
#1487=CARTESIAN_POINT('Ctrl Pts',(-2.01812089849696,-2.054422863406,2.41514273608811));
#1488=CARTESIAN_POINT('Ctrl Pts',(-0.927141531147909,-1.31315690516994,
4.10650078180493));
#1489=CARTESIAN_POINT('Ctrl Pts',(-0.93711554413457,-1.31326744117091,6.));
#1490=CARTESIAN_POINT('Ctrl Pts',(-2.60766553629211,-2.054422863406,0.600000000000001));
#1491=CARTESIAN_POINT('Ctrl Pts',(-2.06949347459362,-2.054422863406,2.41523318548732));
#1492=CARTESIAN_POINT('Ctrl Pts',(-0.995741529568941,-1.31334072886685,
4.105490675907));
#1493=CARTESIAN_POINT('Ctrl Pts',(-0.982965583848164,-1.31326859021797,
6.));
#1494=CARTESIAN_POINT('Ctrl Pts',(-2.66666666666651,-2.054422863406,0.600000000000001));
#1495=CARTESIAN_POINT('Ctrl Pts',(-2.12123847028973,-2.054422863406,2.41548383837781));
#1496=CARTESIAN_POINT('Ctrl Pts',(-1.04433756729741,-1.31326859021797,4.1043540718758));
#1497=CARTESIAN_POINT('Ctrl Pts',(-1.04433756729741,-1.31326859021797,6.));
#1498=CARTESIAN_POINT('',(-2.66666666666651,-2.054422863406,0.600000000000001));
#1499=CARTESIAN_POINT('',(8.,-2.05442286340601,0.600000000000001));
#1500=CARTESIAN_POINT('Ctrl Pts',(-2.66666666666651,-2.054422863406,0.600000000000001));
#1501=CARTESIAN_POINT('Ctrl Pts',(-2.12123847028972,-2.054422863406,2.41548383837781));
#1502=CARTESIAN_POINT('Ctrl Pts',(-1.04433756729745,-1.31326859021788,4.1043540718758));
#1503=CARTESIAN_POINT('Ctrl Pts',(-1.04433756729745,-1.31326859021788,6.));
#1504=CARTESIAN_POINT('Ctrl Pts',(-2.66666666666651,-2.054422863406,0.600000000000001));
#1505=CARTESIAN_POINT('Ctrl Pts',(-2.12123847028973,-2.054422863406,2.41548383837781));
#1506=CARTESIAN_POINT('Ctrl Pts',(-1.04433756729746,-1.31326859021788,4.1043540718758));
#1507=CARTESIAN_POINT('Ctrl Pts',(-1.04433756729746,-1.31326859021788,6.));
#1508=CARTESIAN_POINT('Ctrl Pts',(-2.75943502571368,-2.054422863406,0.600000000000001));
#1509=CARTESIAN_POINT('Ctrl Pts',(-2.2025979003408,-2.054422863406,2.41587794366349));
#1510=CARTESIAN_POINT('Ctrl Pts',(-1.06771144290328,-1.2727760600262,4.08825222314599));
#1511=CARTESIAN_POINT('Ctrl Pts',(-1.07031818166484,-1.26826884612171,6.));
#1512=CARTESIAN_POINT('Ctrl Pts',(-2.85220338476085,-2.054422863406,0.600000000000001));
#1513=CARTESIAN_POINT('Ctrl Pts',(-2.27589335488836,-2.054422863406,2.41496093401872));
#1514=CARTESIAN_POINT('Ctrl Pts',(-1.09607488547382,-1.22366340541687,4.07212917636396));
#1515=CARTESIAN_POINT('Ctrl Pts',(-1.09399849315861,-1.22724780760758,6.));
#1516=CARTESIAN_POINT('Ctrl Pts',(-3.06436893689235,-2.054422863406,0.600000000000001));
#1517=CARTESIAN_POINT('Ctrl Pts',(-2.42937925012621,-2.054422863406,2.41090845897148));
#1518=CARTESIAN_POINT('Ctrl Pts',(-1.14270779987094,-1.142862443054,4.03523248955193));
#1519=CARTESIAN_POINT('Ctrl Pts',(-1.14538317369438,-1.13825295787521,6.));
#1520=CARTESIAN_POINT('Ctrl Pts',(-3.22356519433812,-2.054422863406,0.600000000000001));
#1521=CARTESIAN_POINT('Ctrl Pts',(-2.53088643955076,-2.054422863406,2.40597951531703));
#1522=CARTESIAN_POINT('Ctrl Pts',(-1.17035605244895,-1.082699917788,4.00756498888581));
#1523=CARTESIAN_POINT('Ctrl Pts',(-1.17501874551298,-1.07170060092039,6.));
#1524=CARTESIAN_POINT('Ctrl Pts',(-3.46235958050677,-2.054422863406,0.600000000000001));
#1525=CARTESIAN_POINT('Ctrl Pts',(-2.66651383732578,-2.054422863406,2.3974032986976));
#1526=CARTESIAN_POINT('Ctrl Pts',(-1.20198466545169,-0.986695917001926,
3.96609070814194));
#1527=CARTESIAN_POINT('Ctrl Pts',(-1.20703873459644,-0.967156579396439,
6.));
#1528=CARTESIAN_POINT('Ctrl Pts',(-3.66135490231397,-2.054422863406,0.600000000000001));
#1529=CARTESIAN_POINT('Ctrl Pts',(-2.77136692439674,-2.054422863406,2.39005753821148));
#1530=CARTESIAN_POINT('Ctrl Pts',(-1.22362900535235,-0.894238290730732,
3.93154396946446));
#1531=CARTESIAN_POINT('Ctrl Pts',(-1.22738574337056,-0.868400641856951,
6.));
#1532=CARTESIAN_POINT('Ctrl Pts',(-4.05934554592838,-2.054422863406,0.600000000000001));
#1533=CARTESIAN_POINT('Ctrl Pts',(-2.97115976447899,-2.054422863406,2.37771738127234));
#1534=CARTESIAN_POINT('Ctrl Pts',(-1.24369640975648,-0.6899663649251,3.86248188679781));
#1535=CARTESIAN_POINT('Ctrl Pts',(-1.2418906761347,-0.655629555675415,6.));
#1536=CARTESIAN_POINT('Ctrl Pts',(-4.4573361895428,-2.054422863406,0.600000000000001));
#1537=CARTESIAN_POINT('Ctrl Pts',(-3.17487123849974,-2.054422863406,2.37584355141631));
#1538=CARTESIAN_POINT('Ctrl Pts',(-1.22003683555876,-0.509756899073167,
3.7934645191914));
#1539=CARTESIAN_POINT('Ctrl Pts',(-1.21353103575856,-0.475126849722485,
6.));
#1540=CARTESIAN_POINT('Ctrl Pts',(-4.93492496188009,-2.054422863406,0.600000000000001));
#1541=CARTESIAN_POINT('Ctrl Pts',(-3.50951045545897,-2.054422863406,2.4069035045497));
#1542=CARTESIAN_POINT('Ctrl Pts',(-1.18114503744736,-0.305944908949777,
3.71063226859736));
#1543=CARTESIAN_POINT('Ctrl Pts',(-1.17659875900117,-0.282570868944992,
6.));
#1544=CARTESIAN_POINT('Ctrl Pts',(-5.17371934804874,-2.054422863406,0.600000000000001));
#1545=CARTESIAN_POINT('Ctrl Pts',(-3.72133499291496,-2.054422863406,2.43751780653425));
#1546=CARTESIAN_POINT('Ctrl Pts',(-1.16535783042068,-0.221020937226675,
3.66920373130809));
#1547=CARTESIAN_POINT('Ctrl Pts',(-1.16454368608809,-0.209050962376344,
6.));
#1548=CARTESIAN_POINT('Ctrl Pts',(-5.33291560549451,-2.054422863406,0.600000000000001));
#1549=CARTESIAN_POINT('Ctrl Pts',(-3.89182944047605,-2.054422863406,2.46693692542753));
#1550=CARTESIAN_POINT('Ctrl Pts',(-1.16466268537101,-0.176841184577127,
3.64157196028108));
#1551=CARTESIAN_POINT('Ctrl Pts',(-1.16466268537101,-0.176841184577126,
6.));
#1552=CARTESIAN_POINT('',(-5.33291560549451,-2.054422863406,0.600000000000001));
#1553=CARTESIAN_POINT('',(8.,-2.05442286340601,0.600000000000001));
#1554=CARTESIAN_POINT('Ctrl Pts',(-5.33291560549451,-2.054422863406,0.600000000000001));
#1555=CARTESIAN_POINT('Ctrl Pts',(-3.89182944047604,-2.054422863406,2.46693692542753));
#1556=CARTESIAN_POINT('Ctrl Pts',(-1.16466268539836,-0.176841178330879,
3.64157196028108));
#1557=CARTESIAN_POINT('Ctrl Pts',(-1.16466268539836,-0.176841178330878,
6.));
#1558=CARTESIAN_POINT('Ctrl Pts',(-5.33291560549451,-2.054422863406,0.600000000000001));
#1559=CARTESIAN_POINT('Ctrl Pts',(-3.89182944047605,-2.054422863406,2.46693692542753));
#1560=CARTESIAN_POINT('Ctrl Pts',(-1.16466268539836,-0.176841178330877,
3.64157196028108));
#1561=CARTESIAN_POINT('Ctrl Pts',(-1.16466268539836,-0.176841178330877,
6.));
#1562=CARTESIAN_POINT('Ctrl Pts',(-5.49886530867481,-2.054422863406,0.600000000000001));
#1563=CARTESIAN_POINT('Ctrl Pts',(-4.06955662716127,-2.054422863406,2.49760406626677));
#1564=CARTESIAN_POINT('Ctrl Pts',(-1.20806261250382,-0.152590575720697,
3.61403100815408));
#1565=CARTESIAN_POINT('Ctrl Pts',(-1.19830823079261,-0.157249819505459,
6.));
#1566=CARTESIAN_POINT('Ctrl Pts',(-5.83080355297927,-2.054422863406,0.600000000000001));
#1567=CARTESIAN_POINT('Ctrl Pts',(-4.47966053072497,-2.054422863406,2.5794514423177));
#1568=CARTESIAN_POINT('Ctrl Pts',(-1.34398849042309,-0.106241508573092,
3.55879477569832));
#1569=CARTESIAN_POINT('Ctrl Pts',(-1.31430003406579,-0.115853348266514,
6.));
#1570=CARTESIAN_POINT('Ctrl Pts',(-6.32879479960766,-2.054422863406,0.600000000000001));
#1571=CARTESIAN_POINT('Ctrl Pts',(-5.21585772468961,-2.054422863406,2.74652562101899));
#1572=CARTESIAN_POINT('Ctrl Pts',(-1.54060163323018,-0.0369807766196734,
3.47574524679026));
#1573=CARTESIAN_POINT('Ctrl Pts',(-1.48784725571019,-0.0565712877156661,
6.));
#1574=CARTESIAN_POINT('Ctrl Pts',(-6.82683729274789,-2.054422863406,0.600000000000001));
#1575=CARTESIAN_POINT('Ctrl Pts',(-6.03018900531266,-2.054422863406,2.94066674585263));
#1576=CARTESIAN_POINT('Ctrl Pts',(-1.75766220648234,0.0763225744748049,
3.39276834203859));
#1577=CARTESIAN_POINT('Ctrl Pts',(-1.69411866895545,0.0401507247696415,
6.));
#1578=CARTESIAN_POINT('Ctrl Pts',(-7.24188821440811,-2.054422863406,0.600000000000001));
#1579=CARTESIAN_POINT('Ctrl Pts',(-6.73815410141331,-2.054422863406,3.11064333124715));
#1580=CARTESIAN_POINT('Ctrl Pts',(-1.89536344782638,0.198352400647964,3.32390461185987));
#1581=CARTESIAN_POINT('Ctrl Pts',(-1.84636867134584,0.152910791292264,6.));
#1582=CARTESIAN_POINT('Ctrl Pts',(-7.57392194133236,-2.054422863406,0.600000000000001));
#1583=CARTESIAN_POINT('Ctrl Pts',(-7.30068596966233,-2.054422863406,3.24292190413643));
#1584=CARTESIAN_POINT('Ctrl Pts',(-1.97181642347456,0.297922322473096,3.26911774417591));
#1585=CARTESIAN_POINT('Ctrl Pts',(-1.9494979631045,0.267625454201667,6.));
#1586=CARTESIAN_POINT('Ctrl Pts',(-7.73993374852153,-2.054422863406,0.600000000000001));
#1587=CARTESIAN_POINT('Ctrl Pts',(-7.57709622991297,-2.054422863406,3.30639061139788));
#1588=CARTESIAN_POINT('Ctrl Pts',(-1.99760697634762,0.337621971403177,3.24184799951866));
#1589=CARTESIAN_POINT('Ctrl Pts',(-1.99030982360967,0.325461134687485,6.));
#1590=CARTESIAN_POINT('Ctrl Pts',(-7.88195953649962,-2.054422863406,0.600000000000001));
#1591=CARTESIAN_POINT('Ctrl Pts',(-7.80996858751567,-2.054422863406,3.3589335771576));
#1592=CARTESIAN_POINT('Ctrl Pts',(-2.02993038098639,0.394051680013252,3.21858020202545));
#1593=CARTESIAN_POINT('Ctrl Pts',(-2.03506162915583,0.402717725214918,6.));
#1594=CARTESIAN_POINT('Ctrl Pts',(-7.94098038191847,-2.054422863406,0.600000000000001));
#1595=CARTESIAN_POINT('Ctrl Pts',(-7.90567787035286,-2.054422863406,3.38024978074878));
#1596=CARTESIAN_POINT('Ctrl Pts',(-2.06443690236026,0.453450721812462,3.2088740662822));
#1597=CARTESIAN_POINT('Ctrl Pts',(-2.05798914287026,0.442427439846459,6.));
#1598=CARTESIAN_POINT('Ctrl Pts',(-8.,-2.054422863406,0.600000000000001));
#1599=CARTESIAN_POINT('Ctrl Pts',(-8.,-2.054422863406,3.4009177397647));
#1600=CARTESIAN_POINT('Ctrl Pts',(-2.08867513459493,0.495577136594218,3.1990822602353));
#1601=CARTESIAN_POINT('Ctrl Pts',(-2.08867513459493,0.495577136594219,6.));
#1602=CARTESIAN_POINT('',(-8.,-2.054422863406,0.600000000000001));
#1603=CARTESIAN_POINT('',(8.,-2.05442286340601,0.600000000000001));
#1604=CARTESIAN_POINT('Ctrl Pts',(-8.,-2.054422863406,0.600000000000001));
#1605=CARTESIAN_POINT('Ctrl Pts',(-8.,-2.054422863406,3.4009177397647));
#1606=CARTESIAN_POINT('Ctrl Pts',(-2.0886751345948,0.495577136594051,3.1990822602353));
#1607=CARTESIAN_POINT('Ctrl Pts',(-2.0886751345948,0.495577136594051,6.));
#1608=CARTESIAN_POINT('Ctrl Pts',(-8.,-2.054422863406,0.600000000000001));
#1609=CARTESIAN_POINT('Ctrl Pts',(-8.,-2.054422863406,2.60065552840336));
#1610=CARTESIAN_POINT('Ctrl Pts',(-3.77762509613914,-0.232994291977396,
3.25674954010085));
#1611=CARTESIAN_POINT('Ctrl Pts',(-2.0886751345948,0.495577136594046,5.19973778863866));
#1612=CARTESIAN_POINT('Ctrl Pts',(-2.0886751345948,0.495577136594046,6.00000000000001));
#1613=CARTESIAN_POINT('Ctrl Pts',(-8.,-1.98295332422091,0.600000000000001));
#1614=CARTESIAN_POINT('Ctrl Pts',(-8.,-1.96241299082827,2.60220888840617));
#1615=CARTESIAN_POINT('Ctrl Pts',(-3.76095192781332,-0.17543830767261,3.25417101144609));
#1616=CARTESIAN_POINT('Ctrl Pts',(-2.0634400561216,0.539289896415774,5.19845783957631));
#1617=CARTESIAN_POINT('Ctrl Pts',(-2.0626945202274,0.540576880690224,6.00000000000001));
#1618=CARTESIAN_POINT('Ctrl Pts',(-8.,-1.91148378503582,0.600000000000001));
#1619=CARTESIAN_POINT('Ctrl Pts',(-8.,-1.86947587004737,2.60374861748292));
#1620=CARTESIAN_POINT('Ctrl Pts',(-3.7406459084602,-0.111286951686628,3.25157674432187));
#1621=CARTESIAN_POINT('Ctrl Pts',(-2.03846250181085,0.582645831504618,5.19717377607434));
#1622=CARTESIAN_POINT('Ctrl Pts',(-2.03907046107665,0.581599260609927,6.));
#1623=CARTESIAN_POINT('Ctrl Pts',(-8.,-1.68670654378889,0.600000000000001));
#1624=CARTESIAN_POINT('Ctrl Pts',(-8.,-1.57570714120241,2.60856173898291));
#1625=CARTESIAN_POINT('Ctrl Pts',(-3.69434133768295,0.0599434066647774,
3.2433894237578));
#1626=CARTESIAN_POINT('Ctrl Pts',(-1.96875073430917,0.702053903108242,5.19312874840871));
#1627=CARTESIAN_POINT('Ctrl Pts',(-1.96744468048171,0.704296984061082,6.));
#1628=CARTESIAN_POINT('Ctrl Pts',(-8.,-1.4720757609023,0.6));
#1629=CARTESIAN_POINT('Ctrl Pts',(-8.,-1.2921794602611,2.61309728354567));
#1630=CARTESIAN_POINT('Ctrl Pts',(-3.64814651735233,0.20933263650564,3.23557307108781));
#1631=CARTESIAN_POINT('Ctrl Pts',(-1.89767813160211,0.792065292655178,5.18927652021067));
#1632=CARTESIAN_POINT('Ctrl Pts',(-1.89377649737227,0.796395225194982,6.));
#1633=CARTESIAN_POINT('Ctrl Pts',(-8.,-1.22678343760335,0.600000000000001));
#1634=CARTESIAN_POINT('Ctrl Pts',(-8.,-0.973453271415562,2.61827863549522));
#1635=CARTESIAN_POINT('Ctrl Pts',(-3.55860550678388,0.383303897763227,3.22666431116258));
#1636=CARTESIAN_POINT('Ctrl Pts',(-1.76568175075986,0.897122677127601,5.18488399992865));
#1637=CARTESIAN_POINT('Ctrl Pts',(-1.75913120622489,0.901772593421527,6.));
#1638=CARTESIAN_POINT('Ctrl Pts',(-7.99999999999999,-0.950829573892024,
0.6));
#1639=CARTESIAN_POINT('Ctrl Pts',(-7.99999999999999,-0.619399275545938,
2.62412483100649));
#1640=CARTESIAN_POINT('Ctrl Pts',(-3.45237509367191,0.564533450243455,3.21665787161834));
#1641=CARTESIAN_POINT('Ctrl Pts',(-1.61122442140555,0.996388052045881,5.17994603282915));
#1642=CARTESIAN_POINT('Ctrl Pts',(-1.60234515980454,1.00080749749283,6.));
#1643=CARTESIAN_POINT('Ctrl Pts',(-7.99999999999999,-0.552229548531223,
0.6));
#1644=CARTESIAN_POINT('Ctrl Pts',(-7.99999999999999,-0.126492826158151,
2.63265789125161));
#1645=CARTESIAN_POINT('Ctrl Pts',(-3.29455744310831,0.78327622401717,3.20226491232992));
#1646=CARTESIAN_POINT('Ctrl Pts',(-1.38747949537969,1.08556293757882,5.17282355947456));
#1647=CARTESIAN_POINT('Ctrl Pts',(-1.37760724307611,1.08834299553929,6.));
#1648=CARTESIAN_POINT('Ctrl Pts',(-8.,-0.184291063582791,0.600000000000001));
#1649=CARTESIAN_POINT('Ctrl Pts',(-8.,0.267935563192684,2.64096589983633));
#1650=CARTESIAN_POINT('Ctrl Pts',(-3.15870186906379,0.939075348546889,3.18914314168321));
#1651=CARTESIAN_POINT('Ctrl Pts',(-1.21109707368097,1.14161170092932,5.16624556984233));
#1652=CARTESIAN_POINT('Ctrl Pts',(-1.20641517006409,1.14368353042711,6.));
#1653=CARTESIAN_POINT('Ctrl Pts',(-8.,-0.000321821108575093,0.6));
#1654=CARTESIAN_POINT('Ctrl Pts',(-8.,0.442189279279485,2.64530053993166));
#1655=CARTESIAN_POINT('Ctrl Pts',(-3.117616207707,1.0111949543953,3.18264022782988));
#1656=CARTESIAN_POINT('Ctrl Pts',(-1.1646626907898,1.16799544837954,5.16295086188574));
#1657=CARTESIAN_POINT('Ctrl Pts',(-1.1646626907898,1.16799544837954,6.));
#1658=CARTESIAN_POINT('',(-8.,-0.000321821108575368,0.600000000000001));
#1659=CARTESIAN_POINT('',(-8.,-2.054422863406,0.600000000000001));
#1660=CARTESIAN_POINT('Ctrl Pts',(-8.,-0.000321821108575368,0.600000000000001));
#1661=CARTESIAN_POINT('Ctrl Pts',(-8.,0.619193719434709,3.46342075590433));
#1662=CARTESIAN_POINT('Ctrl Pts',(-1.16466268539407,1.16799545152633,3.0703280166001));
#1663=CARTESIAN_POINT('Ctrl Pts',(-1.16466268539407,1.16799545152633,6.));
#1664=CARTESIAN_POINT('Ctrl Pts',(-8.,-0.000321821108575093,0.6));
#1665=CARTESIAN_POINT('Ctrl Pts',(-8.,0.619193719434709,3.46342075590433));
#1666=CARTESIAN_POINT('Ctrl Pts',(-1.16466268539406,1.16799545152633,3.07032801660009));
#1667=CARTESIAN_POINT('Ctrl Pts',(-1.16466268539406,1.16799545152633,6.));
#1668=CARTESIAN_POINT('Ctrl Pts',(-8.,0.127527253037282,0.6));
#1669=CARTESIAN_POINT('Ctrl Pts',(-8.,0.737590292437053,3.46763804571694));
#1670=CARTESIAN_POINT('Ctrl Pts',(-1.16536308384408,1.21770556604416,3.06990721550967));
#1671=CARTESIAN_POINT('Ctrl Pts',(-1.16451884365371,1.20692902797481,6.));
#1672=CARTESIAN_POINT('Ctrl Pts',(-8.,0.383255322413931,0.6));
#1673=CARTESIAN_POINT('Ctrl Pts',(-8.,0.942869729614586,3.47631689335526));
#1674=CARTESIAN_POINT('Ctrl Pts',(-1.19316555988525,1.35849895379835,3.06892069587765));
#1675=CARTESIAN_POINT('Ctrl Pts',(-1.1866641929046,1.32807645968122,6.));
#1676=CARTESIAN_POINT('Ctrl Pts',(-8.,0.766912048482367,0.6));
#1677=CARTESIAN_POINT('Ctrl Pts',(-8.,1.19096513862996,3.4898627221664));
#1678=CARTESIAN_POINT('Ctrl Pts',(-1.23144147335746,1.56313118660218,3.06725758834299));
#1679=CARTESIAN_POINT('Ctrl Pts',(-1.22209788957307,1.50801390818818,6.));
#1680=CARTESIAN_POINT('Ctrl Pts',(-8.,1.15060825530292,0.6));
#1681=CARTESIAN_POINT('Ctrl Pts',(-8.,1.41395418062496,3.50373086164565));
#1682=CARTESIAN_POINT('Ctrl Pts',(-1.24190121591757,1.8074581096696,3.06566257698886));
#1683=CARTESIAN_POINT('Ctrl Pts',(-1.24147008258311,1.73501167134118,6.));
#1684=CARTESIAN_POINT('Ctrl Pts',(-8.,1.47036704390404,0.6));
#1685=CARTESIAN_POINT('Ctrl Pts',(-8.,1.60778755954594,3.51538519786379));
#1686=CARTESIAN_POINT('Ctrl Pts',(-1.20524096752941,1.98769851234331,3.06459966790001));
#1687=CARTESIAN_POINT('Ctrl Pts',(-1.21994318022221,1.92324459677064,6.00000000000001));
#1688=CARTESIAN_POINT('Ctrl Pts',(-8.,1.72616867390965,0.6));
#1689=CARTESIAN_POINT('Ctrl Pts',(-8.,1.78501845890307,3.52466457548678));
#1690=CARTESIAN_POINT('Ctrl Pts',(-1.15725532289421,2.10399718435537,3.06403481298623));
#1691=CARTESIAN_POINT('Ctrl Pts',(-1.17216155388142,2.06991569806491,6.00000000000001));
#1692=CARTESIAN_POINT('Ctrl Pts',(-8.,1.85406559351641,0.6));
#1693=CARTESIAN_POINT('Ctrl Pts',(-8.,1.88391508896597,3.52927246329063));
#1694=CARTESIAN_POINT('Ctrl Pts',(-1.13567761011888,2.14643182335671,3.06386849500403));
#1695=CARTESIAN_POINT('Ctrl Pts',(-1.14248005900818,2.13417773805165,6.00000000000001));
#1696=CARTESIAN_POINT('Ctrl Pts',(-8.,1.96348347827235,0.6));
#1697=CARTESIAN_POINT('Ctrl Pts',(-8.,1.97416028157273,3.5331937582541));
#1698=CARTESIAN_POINT('Ctrl Pts',(-1.1028309788724,2.2028888455978,3.0637848344836));
#1699=CARTESIAN_POINT('Ctrl Pts',(-1.09794948754028,2.21156244412904,6.00000000000001));
#1700=CARTESIAN_POINT('Ctrl Pts',(-8.,2.00895364361478,0.6));
#1701=CARTESIAN_POINT('Ctrl Pts',(-8.,2.01332889534731,3.5348171536674));
#1702=CARTESIAN_POINT('Ctrl Pts',(-1.06870024757361,2.26236811382325,3.06371678018476));
#1703=CARTESIAN_POINT('Ctrl Pts',(-1.07502355902194,2.25127316665848,6.00000000000001));
#1704=CARTESIAN_POINT('Ctrl Pts',(-8.,2.05442286340601,0.6));
#1705=CARTESIAN_POINT('Ctrl Pts',(-8.,2.05442286340601,3.5364328298448));
#1706=CARTESIAN_POINT('Ctrl Pts',(-1.04433756729721,2.30442286340634,3.06356717015521));
#1707=CARTESIAN_POINT('Ctrl Pts',(-1.04433756729721,2.30442286340634,6.00000000000001));
#1708=CARTESIAN_POINT('',(-8.,2.05442286340601,0.6));
#1709=CARTESIAN_POINT('',(-8.,-2.054422863406,0.600000000000001));
#1710=CARTESIAN_POINT('Ctrl Pts',(-8.,2.05442286340601,0.6));
#1711=CARTESIAN_POINT('Ctrl Pts',(-8.,2.05442286340601,3.5364328298448));
#1712=CARTESIAN_POINT('Ctrl Pts',(-1.04433756729736,2.304422863406,3.0635671701552));
#1713=CARTESIAN_POINT('Ctrl Pts',(-1.04433756729736,2.304422863406,6.));
#1714=CARTESIAN_POINT('Ctrl Pts',(-8.,2.05442286340601,0.6));
#1715=CARTESIAN_POINT('Ctrl Pts',(-8.,2.05442286340601,3.5364328298448));
#1716=CARTESIAN_POINT('Ctrl Pts',(-1.04433756729736,2.30442286340601,3.0635671701552));
#1717=CARTESIAN_POINT('Ctrl Pts',(-1.04433756729736,2.30442286340601,6.));
#1718=CARTESIAN_POINT('Ctrl Pts',(-7.81445359341855,2.05442286340601,0.6));
#1719=CARTESIAN_POINT('Ctrl Pts',(-7.77829165273999,2.05442286340601,3.49693178267278));
#1720=CARTESIAN_POINT('Ctrl Pts',(-0.99758706276591,2.30441827777789,3.09584054692749));
#1721=CARTESIAN_POINT('Ctrl Pts',(-0.99237633856256,2.30442286340601,6.));
#1722=CARTESIAN_POINT('Ctrl Pts',(-7.62890718683711,2.05442286340601,0.599999999999999));
#1723=CARTESIAN_POINT('Ctrl Pts',(-7.55280508351584,2.05442286340601,3.45536801264323));
#1724=CARTESIAN_POINT('Ctrl Pts',(-0.940589656467036,2.30443084557644,3.12810011468073));
#1725=CARTESIAN_POINT('Ctrl Pts',(-0.945017649161515,2.30442377385804,6.));
#1726=CARTESIAN_POINT('Ctrl Pts',(-7.20455392455301,2.05442286340601,0.599999999999999));
#1727=CARTESIAN_POINT('Ctrl Pts',(-7.03156104053823,2.05442286340601,3.35706945632224));
#1728=CARTESIAN_POINT('Ctrl Pts',(-0.847967551553302,2.30442487756758,3.20186060842564));
#1729=CARTESIAN_POINT('Ctrl Pts',(-0.842265743403205,2.30443923443692,6.));
#1730=CARTESIAN_POINT('Ctrl Pts',(-6.88614478361614,2.05442286340601,0.599999999999999));
#1731=CARTESIAN_POINT('Ctrl Pts',(-6.63509521657117,2.05442286340601,3.28018292612141));
#1732=CARTESIAN_POINT('Ctrl Pts',(-0.782497399959675,2.2984608358496,3.25721842003732));
#1733=CARTESIAN_POINT('Ctrl Pts',(-0.769962147806981,2.29690158000499,6.));
#1734=CARTESIAN_POINT('Ctrl Pts',(-6.40853107221083,2.05442286340601,0.599999999999998));
#1735=CARTESIAN_POINT('Ctrl Pts',(-6.0373793584025,2.05442286340601,3.16226697326277));
#1736=CARTESIAN_POINT('Ctrl Pts',(-0.683648426174686,2.27795380189192,3.34027416187968));
#1737=CARTESIAN_POINT('Ctrl Pts',(-0.663282200599294,2.27230842129265,6.));
#1738=CARTESIAN_POINT('Ctrl Pts',(-6.01051964603974,2.05442286340601,0.599999999999997));
#1739=CARTESIAN_POINT('Ctrl Pts',(-5.5390000723529,2.05442286340601,3.06315238597675));
#1740=CARTESIAN_POINT('Ctrl Pts',(-0.592264812505155,2.2505107236631,3.40949797640917));
#1741=CARTESIAN_POINT('Ctrl Pts',(-0.567100435534517,2.24045549267783,6.));
#1742=CARTESIAN_POINT('Ctrl Pts',(-5.37370136416599,2.05442286340601,0.599999999999996));
#1743=CARTESIAN_POINT('Ctrl Pts',(-4.7478293534372,2.05442286340601,2.90601718975457));
#1744=CARTESIAN_POINT('Ctrl Pts',(-0.442922609817462,2.18280283597161,3.52027380435289));
#1745=CARTESIAN_POINT('Ctrl Pts',(-0.414192873659273,2.16541818246762,6.));
#1746=CARTESIAN_POINT('Ctrl Pts',(-4.65728079705803,2.05442286340601,0.599999999999995));
#1747=CARTESIAN_POINT('Ctrl Pts',(-3.879827118257,2.05442286340601,2.73719223375286));
#1748=CARTESIAN_POINT('Ctrl Pts',(-0.304777027061092,2.08981588471064,3.64491792486141));
#1749=CARTESIAN_POINT('Ctrl Pts',(-0.276855054132525,2.0676646074008,6.));
#1750=CARTESIAN_POINT('Ctrl Pts',(-3.70205337424741,2.05442286340601,0.599999999999994));
#1751=CARTESIAN_POINT('Ctrl Pts',(-2.79272025297389,2.054422863406,2.54159952487316));
#1752=CARTESIAN_POINT('Ctrl Pts',(-0.139210257826825,1.95178887085331,3.81111649655099));
#1753=CARTESIAN_POINT('Ctrl Pts',(-0.117961149051373,1.93219420675776,6.));
#1754=CARTESIAN_POINT('Ctrl Pts',(-3.06523509237366,2.054422863406,0.599999999999993));
#1755=CARTESIAN_POINT('Ctrl Pts',(-2.14200843063918,2.054422863406,2.44347879356273));
#1756=CARTESIAN_POINT('Ctrl Pts',(-0.0472908397942727,1.86893990883001,
3.92190514651786));
#1757=CARTESIAN_POINT('Ctrl Pts',(-0.0349424872509935,1.86041606017259,
6.));
#1758=CARTESIAN_POINT('Ctrl Pts',(-2.66722366620257,2.054422863406,0.599999999999992));
#1759=CARTESIAN_POINT('Ctrl Pts',(-1.7775880140029,2.054422863406,2.40113598739841));
#1760=CARTESIAN_POINT('Ctrl Pts',(-5.41878592344447E-9,1.84041376955068,
3.99113404161293));
#1761=CARTESIAN_POINT('Ctrl Pts',(-5.41878592344447E-9,1.84041376955068,
6.));
#1762=CARTESIAN_POINT('',(-2.66722366620257,2.054422863406,0.599999999999992));
#1763=CARTESIAN_POINT('',(-8.,2.05442286340601,0.6));
#1764=CARTESIAN_POINT('Ctrl Pts',(-2.66722366620257,2.054422863406,0.599999999999992));
#1765=CARTESIAN_POINT('Ctrl Pts',(-1.7775880140029,2.054422863406,2.40113598739841));
#1766=CARTESIAN_POINT('Ctrl Pts',(4.26792269234192E-12,1.84041376645123,
3.99113404161293));
#1767=CARTESIAN_POINT('Ctrl Pts',(4.26792269234192E-12,1.84041376645123,
6.));
#1768=CARTESIAN_POINT('Ctrl Pts',(-2.66722366620257,2.054422863406,0.599999999999992));
#1769=CARTESIAN_POINT('Ctrl Pts',(-1.7775880140029,2.054422863406,2.40113598739841));
#1770=CARTESIAN_POINT('Ctrl Pts',(4.27189533747097E-12,1.84041376645123,
3.99113404161292));
#1771=CARTESIAN_POINT('Ctrl Pts',(4.27189533747097E-12,1.84041376645123,
5.99999999999999));
#1772=CARTESIAN_POINT('Ctrl Pts',(-2.50126529734346,2.054422863406,0.599999999999992));
#1773=CARTESIAN_POINT('Ctrl Pts',(-1.62563604994567,2.054422863406,2.38348035597207));
#1774=CARTESIAN_POINT('Ctrl Pts',(0.0215063231013323,1.85284914371451,3.99510151370623));
#1775=CARTESIAN_POINT('Ctrl Pts',(0.0168946935717157,1.85008487526275,5.99999999999999));
#1776=CARTESIAN_POINT('Ctrl Pts',(-2.16931942964632,2.054422863406,0.599999999999992));
#1777=CARTESIAN_POINT('Ctrl Pts',(-1.34111880036957,2.054422863406,2.35152660177037));
#1778=CARTESIAN_POINT('Ctrl Pts',(0.0730590405716108,1.89265495126782,4.00298021023371));
#1779=CARTESIAN_POINT('Ctrl Pts',(0.0607045242367118,1.8827528662286,6.));
#1780=CARTESIAN_POINT('Ctrl Pts',(-1.50533293124569,2.054422863406,0.59999999999999));
#1781=CARTESIAN_POINT('Ctrl Pts',(-0.834287381516615,2.054422863406,2.30098512596064));
#1782=CARTESIAN_POINT('Ctrl Pts',(0.175848286594722,1.98176026723846,4.01857766452228));
#1783=CARTESIAN_POINT('Ctrl Pts',(0.149465753384438,1.95855444769982,6.));
#1784=CARTESIAN_POINT('Ctrl Pts',(-0.675212921812837,2.054422863406,0.59999999999999));
#1785=CARTESIAN_POINT('Ctrl Pts',(-0.288609570034945,2.054422863406,2.26274958854243));
#1786=CARTESIAN_POINT('Ctrl Pts',(0.310121911753333,2.09702993625054,4.03789656945275));
#1787=CARTESIAN_POINT('Ctrl Pts',(0.267214582582687,2.06147167094964,6.));
#1788=CARTESIAN_POINT('Ctrl Pts',(0.321019566342315,2.054422863406,0.599999999999988));
#1789=CARTESIAN_POINT('Ctrl Pts',(0.317687267532957,2.054422863406,2.25638902332943));
#1790=CARTESIAN_POINT('Ctrl Pts',(0.51465700640123,2.22661801554641,4.06118490590243));
#1791=CARTESIAN_POINT('Ctrl Pts',(0.452363922645982,2.19017876485338,6.));
#1792=CARTESIAN_POINT('Ctrl Pts',(1.15117825262175,2.054422863406,0.599999999999987));
#1793=CARTESIAN_POINT('Ctrl Pts',(0.859222354602046,2.054422863406,2.28370360867477));
#1794=CARTESIAN_POINT('Ctrl Pts',(0.689564120945983,2.28549948210948,4.08100515440603));
#1795=CARTESIAN_POINT('Ctrl Pts',(0.6266661908676,2.26608293379152,6.));
#1796=CARTESIAN_POINT('Ctrl Pts',(1.8152188986076,2.054422863406,0.599999999999986));
#1797=CARTESIAN_POINT('Ctrl Pts',(1.36025395927738,2.054422863406,2.32493230473401));
#1798=CARTESIAN_POINT('Ctrl Pts',(0.814121398168154,2.30193685987849,4.09730448969698));
#1799=CARTESIAN_POINT('Ctrl Pts',(0.777314894459539,2.29782694999353,6.));
#1800=CARTESIAN_POINT('Ctrl Pts',(2.14719957546666,2.054422863406,0.599999999999985));
#1801=CARTESIAN_POINT('Ctrl Pts',(1.64104275688216,2.054422863406,2.35197366101951));
#1802=CARTESIAN_POINT('Ctrl Pts',(0.861805473189355,2.3045411395897,4.10563439544028));
#1803=CARTESIAN_POINT('Ctrl Pts',(0.847856409905369,2.30430434803165,6.));
#1804=CARTESIAN_POINT('Ctrl Pts',(2.43119945644359,2.054422863406,0.599999999999985));
#1805=CARTESIAN_POINT('Ctrl Pts',(1.89749932435355,2.054422863406,2.37784410096043));
#1806=CARTESIAN_POINT('Ctrl Pts',(0.927208378637626,2.30431258760677,4.11285194519105));
#1807=CARTESIAN_POINT('Ctrl Pts',(0.937115159494169,2.30442231074156,6.));
#1808=CARTESIAN_POINT('Ctrl Pts',(2.54921524352676,2.054422863406,0.599999999999985));
#1809=CARTESIAN_POINT('Ctrl Pts',(2.00887174207767,2.054422863406,2.3894034782617));
#1810=CARTESIAN_POINT('Ctrl Pts',(0.99574759836237,2.30449447099803,4.11580052455518));
#1811=CARTESIAN_POINT('Ctrl Pts',(0.982965583848163,2.304422863406,6.));
#1812=CARTESIAN_POINT('Ctrl Pts',(2.66722366620143,2.054422863406,0.599999999999985));
#1813=CARTESIAN_POINT('Ctrl Pts',(2.12573018416628,2.054422863406,2.40176834650594));
#1814=CARTESIAN_POINT('Ctrl Pts',(1.0443375672974,2.304422863406,4.11862168462657));
#1815=CARTESIAN_POINT('Ctrl Pts',(1.0443375672974,2.304422863406,6.));
#1816=CARTESIAN_POINT('',(2.66722366620143,2.054422863406,0.599999999999985));
#1817=CARTESIAN_POINT('',(-8.,2.05442286340601,0.6));
#1818=CARTESIAN_POINT('Ctrl Pts',(2.66722366620143,2.054422863406,0.599999999999985));
#1819=CARTESIAN_POINT('Ctrl Pts',(2.12573018416628,2.054422863406,2.40176834650594));
#1820=CARTESIAN_POINT('Ctrl Pts',(1.0443375672973,2.30442286340619,4.11862168462658));
#1821=CARTESIAN_POINT('Ctrl Pts',(1.0443375672973,2.30442286340619,6.));
#1822=CARTESIAN_POINT('Ctrl Pts',(2.66722366620143,2.054422863406,0.599999999999985));
#1823=CARTESIAN_POINT('Ctrl Pts',(2.12573018416628,2.054422863406,2.40176834650594));
#1824=CARTESIAN_POINT('Ctrl Pts',(1.04433756729731,2.30442286340619,4.11862168462657));
#1825=CARTESIAN_POINT('Ctrl Pts',(1.04433756729731,2.30442286340619,6.));
#1826=CARTESIAN_POINT('Ctrl Pts',(2.85277007278288,2.054422863406,0.599999999999984));
#1827=CARTESIAN_POINT('Ctrl Pts',(2.30946845908606,2.054422863406,2.42120981363661));
#1828=CARTESIAN_POINT('Ctrl Pts',(1.06771582888003,2.26393377115379,4.0825306686231));
#1829=CARTESIAN_POINT('Ctrl Pts',(1.07031818166476,2.25942311930991,6.));
#1830=CARTESIAN_POINT('Ctrl Pts',(3.03831647936434,2.054422863406,0.599999999999984));
#1831=CARTESIAN_POINT('Ctrl Pts',(2.49766062549453,2.054422863406,2.4447053176213));
#1832=CARTESIAN_POINT('Ctrl Pts',(1.09600530833954,2.21491385869511,4.04641843834684));
#1833=CARTESIAN_POINT('Ctrl Pts',(1.09400571982264,2.21838220588978,6.));
#1834=CARTESIAN_POINT('Ctrl Pts',(3.54227202688274,2.054422863406,0.599999999999983));
#1835=CARTESIAN_POINT('Ctrl Pts',(3.0189442992465,2.054422863406,2.51780757194141));
#1836=CARTESIAN_POINT('Ctrl Pts',(1.15161495332166,2.11850381557116,3.9483119737671));
#1837=CARTESIAN_POINT('Ctrl Pts',(1.15504411998602,2.11255167978874,6.));
#1838=CARTESIAN_POINT('Ctrl Pts',(3.94028345305392,2.054422863406,0.599999999999983));
#1839=CARTESIAN_POINT('Ctrl Pts',(3.44438662988714,2.054422863406,2.5881286022878));
#1840=CARTESIAN_POINT('Ctrl Pts',(1.18316081795109,2.04452169831218,3.87085810313821));
#1841=CARTESIAN_POINT('Ctrl Pts',(1.18844486967946,2.03071729060401,6.));
#1842=CARTESIAN_POINT('Ctrl Pts',(4.49749944969358,2.054422863406,0.599999999999982));
#1843=CARTESIAN_POINT('Ctrl Pts',(4.05610371566811,2.054422863406,2.70158786442019));
#1844=CARTESIAN_POINT('Ctrl Pts',(1.21521981266859,1.92383195876778,3.76245672075359));
#1845=CARTESIAN_POINT('Ctrl Pts',(1.21952530507429,1.90095847685815,6.));
#1846=CARTESIAN_POINT('Ctrl Pts',(4.81590859063053,2.054422863406,0.599999999999982));
#1847=CARTESIAN_POINT('Ctrl Pts',(4.41049356518639,2.054422863406,2.77096650228447));
#1848=CARTESIAN_POINT('Ctrl Pts',(1.22855206541975,1.84253512420617,3.70052343831921));
#1849=CARTESIAN_POINT('Ctrl Pts',(1.23115798447505,1.81535756720972,6.));
#1850=CARTESIAN_POINT('Ctrl Pts',(5.53232915773866,2.054422863406,0.59999999999998));
#1851=CARTESIAN_POINT('Ctrl Pts',(5.21568538181739,2.054422863406,2.93458765309652));
#1852=CARTESIAN_POINT('Ctrl Pts',(1.2408404972087,1.66439958868163,3.56119100072818));
#1853=CARTESIAN_POINT('Ctrl Pts',(1.23860266527983,1.63047156584152,6.));
#1854=CARTESIAN_POINT('Ctrl Pts',(6.32835201008103,2.054422863406,0.599999999999979));
#1855=CARTESIAN_POINT('Ctrl Pts',(6.12662469689418,2.054422863406,3.1323747356273));
#1856=CARTESIAN_POINT('Ctrl Pts',(1.21778823818906,1.48206052220762,3.40641480386663));
#1857=CARTESIAN_POINT('Ctrl Pts',(1.21083033824007,1.44758635832452,6.));
#1858=CARTESIAN_POINT('Ctrl Pts',(7.28357943289187,2.054422863406,0.599999999999978));
#1859=CARTESIAN_POINT('Ctrl Pts',(7.20804295308621,2.054422863406,3.36190474143502));
#1860=CARTESIAN_POINT('Ctrl Pts',(1.17732451183187,1.28116976922762,3.22067094334753));
#1861=CARTESIAN_POINT('Ctrl Pts',(1.17333250276902,1.25925952740956,6.));
#1862=CARTESIAN_POINT('Ctrl Pts',(7.7611931442973,2.054422863406,0.599999999999977));
#1863=CARTESIAN_POINT('Ctrl Pts',(7.73871088682127,2.054422863406,3.46865186244832));
#1864=CARTESIAN_POINT('Ctrl Pts',(1.16496933514639,1.20118466642352,3.12778312654091));
#1865=CARTESIAN_POINT('Ctrl Pts',(1.16457343590882,1.19215279111448,6.));
#1866=CARTESIAN_POINT('Ctrl Pts',(8.00000000000001,2.054422863406,0.599999999999977));
#1867=CARTESIAN_POINT('Ctrl Pts',(8.00000000000001,2.054422863406,3.51866768977883));
#1868=CARTESIAN_POINT('Ctrl Pts',(1.16466268537101,1.16799545776516,3.08133231022115));
#1869=CARTESIAN_POINT('Ctrl Pts',(1.16466268537101,1.16799545776516,6.));
#1870=CARTESIAN_POINT('',(-8.,2.05442286340601,0.6));
#1871=CARTESIAN_POINT('Origin',(8.,-2.05442286340601,1.5663965376791E-15));
#1872=CARTESIAN_POINT('',(8.,2.054422863406,6.5404951157122E-16));
#1873=CARTESIAN_POINT('',(8.,-2.05442286340601,1.5663965376791E-15));
#1874=CARTESIAN_POINT('',(8.,2.054422863406,6.5404951157122E-16));
#1875=CARTESIAN_POINT('',(8.,2.054422863406,6.5404951157122E-16));
#1876=CARTESIAN_POINT('',(8.,-2.05442286340601,1.5663965376791E-15));
#1877=CARTESIAN_POINT('Origin',(-8.,-2.054422863406,1.56639653767909E-15));
#1878=CARTESIAN_POINT('',(-8.,-2.054422863406,1.56639653767909E-15));
#1879=CARTESIAN_POINT('',(8.,-2.05442286340601,1.5663965376791E-15));
#1880=CARTESIAN_POINT('',(-8.,-2.054422863406,1.56639653767909E-15));
#1881=CARTESIAN_POINT('Origin',(-8.,2.05442286340601,6.54049511571218E-16));
#1882=CARTESIAN_POINT('',(-8.,2.05442286340601,6.54049511571218E-16));
#1883=CARTESIAN_POINT('',(-8.,-2.054422863406,1.56639653767909E-15));
#1884=CARTESIAN_POINT('',(-8.,2.05442286340601,6.54049511571218E-16));
#1885=CARTESIAN_POINT('Origin',(8.,2.05442286340599,-2.26606340055571E-14));
#1886=CARTESIAN_POINT('',(-8.,2.05442286340601,6.54049511571218E-16));
#1887=CARTESIAN_POINT('Origin',(1.53080849893625E-17,0.125000000000168,
-2.77555756156663E-17));
#1888=UNCERTAINTY_MEASURE_WITH_UNIT(LENGTH_MEASURE(0.01),#1892,
'DISTANCE_ACCURACY_VALUE',
'Maximum model space distance between geometric entities at asserted c
onnectivities');
#1889=UNCERTAINTY_MEASURE_WITH_UNIT(LENGTH_MEASURE(0.01),#1892,
'DISTANCE_ACCURACY_VALUE',
'Maximum model space distance between geometric entities at asserted c
onnectivities');
#1890=(
GEOMETRIC_REPRESENTATION_CONTEXT(3)
GLOBAL_UNCERTAINTY_ASSIGNED_CONTEXT((#1888))
GLOBAL_UNIT_ASSIGNED_CONTEXT((#1892,#1893,#1894))
REPRESENTATION_CONTEXT('','3D')
);
#1891=(
GEOMETRIC_REPRESENTATION_CONTEXT(3)
GLOBAL_UNCERTAINTY_ASSIGNED_CONTEXT((#1889))
GLOBAL_UNIT_ASSIGNED_CONTEXT((#1892,#1893,#1894))
REPRESENTATION_CONTEXT('','3D')
);
#1892=(
LENGTH_UNIT()
NAMED_UNIT(*)
SI_UNIT(.MILLI.,.METRE.)
);
#1893=(
NAMED_UNIT(*)
PLANE_ANGLE_UNIT()
SI_UNIT($,.RADIAN.)
);
#1894=(
NAMED_UNIT(*)
SI_UNIT($,.STERADIAN.)
SOLID_ANGLE_UNIT()
);
#1895=SHAPE_DEFINITION_REPRESENTATION(#1896,#1897);
#1896=PRODUCT_DEFINITION_SHAPE('',$,#1899);
#1897=SHAPE_REPRESENTATION('',(#485),#1890);
#1898=PRODUCT_DEFINITION_CONTEXT('part definition',#1903,'design');
#1899=PRODUCT_DEFINITION('Rail Cotter Pin','Rail Cotter Pin v3',#1900,#1898);
#1900=PRODUCT_DEFINITION_FORMATION('',$,#1905);
#1901=PRODUCT_RELATED_PRODUCT_CATEGORY('Rail Cotter Pin v3',
'Rail Cotter Pin v3',(#1905));
#1902=APPLICATION_PROTOCOL_DEFINITION('international standard',
'automotive_design',2009,#1903);
#1903=APPLICATION_CONTEXT(
'Core Data for Automotive Mechanical Design Process');
#1904=PRODUCT_CONTEXT('part definition',#1903,'mechanical');
#1905=PRODUCT('Rail Cotter Pin','Rail Cotter Pin v3',$,(#1904));
#1906=PRESENTATION_STYLE_ASSIGNMENT((#1907));
#1907=SURFACE_STYLE_USAGE(.BOTH.,#1908);
#1908=SURFACE_SIDE_STYLE('',(#1909));
#1909=SURFACE_STYLE_FILL_AREA(#1910);
#1910=FILL_AREA_STYLE('Steel - Satin',(#1911));
#1911=FILL_AREA_STYLE_COLOUR('Steel - Satin',#1912);
#1912=COLOUR_RGB('Steel - Satin',0.627450980392157,0.627450980392157,0.627450980392157);
ENDSEC;
END-ISO-10303-21;
