ISO-10303-21;
HEADER;
FILE_DESCRIPTION(('STEP AP242'),'1');
FILE_NAME('1201442.stp','2025-05-30T10:13:55',('TraceParts'),('TraceParts S.A.'),'Spatial InterOp 3D',' ',' ');
FILE_SCHEMA(('AP242_MANAGED_MODEL_BASED_3D_ENGINEERING_MIM_LF  {1 0 10303 442 1 1 4}'));
ENDSEC;
DATA;
#1=MECHANICAL_DESIGN_GEOMETRIC_PRESENTATION_REPRESENTATION(' ',(#10,#11,#12,#13,#14,#15,#16,#17,#18,#19,#20,#21,#22,#23,#24,#25,#26,#27,#28,#29,#30,#31,#32,#33,#34,#35,#36,#37,#38,#39,#40,#41,#42,#43,#44,#45,#46,#47,#48,#49,#50,#51,#52,#53,#54,#55,#56,#57,#58,#59,#60,#61,#62,#63,#64,#65,#66,#67,#68,#69,#70,#71,#72,#73,#74,#75,#76,#77,#78,#79,#80,#81,#82,#83,#84,#85,#86,#87,#88,#89,#90,#91,#92,#93,#94,#95,#96,#97,#98,#99,#100,#101,#102,#103,#104,#105,#106,#107,#108,#109,#110,#111,#112,#113,#114,#115,#116,#117,#118,#119,#120,#121,#122,#123),#6);
#2=PRODUCT_DEFINITION_CONTEXT('',#124,'design');
#3=APPLICATION_PROTOCOL_DEFINITION('INTERNATIONAL STANDARD','ap242_managed_model_based_3d_engineering',2014,#124);
#4=PRODUCT_CATEGORY_RELATIONSHIP('NONE','NONE',#125,#126);
#5=SHAPE_DEFINITION_REPRESENTATION(#127,#128);
#6= (GEOMETRIC_REPRESENTATION_CONTEXT(3)GLOBAL_UNCERTAINTY_ASSIGNED_CONTEXT((#131))GLOBAL_UNIT_ASSIGNED_CONTEXT((#133,#134,#135))REPRESENTATION_CONTEXT('NONE','WORKSPACE'));
#10=STYLED_ITEM('',(#137),#138);
#11=STYLED_ITEM('',(#139),#140);
#12=STYLED_ITEM('',(#141),#142);
#13=STYLED_ITEM('',(#143),#144);
#14=STYLED_ITEM('',(#145),#146);
#15=STYLED_ITEM('',(#147),#148);
#16=STYLED_ITEM('',(#149),#150);
#17=STYLED_ITEM('',(#151),#152);
#18=STYLED_ITEM('',(#153),#154);
#19=STYLED_ITEM('',(#155),#156);
#20=STYLED_ITEM('',(#157),#158);
#21=STYLED_ITEM('',(#159),#160);
#22=STYLED_ITEM('',(#161),#162);
#23=STYLED_ITEM('',(#163),#164);
#24=STYLED_ITEM('',(#165),#166);
#25=STYLED_ITEM('',(#167),#168);
#26=STYLED_ITEM('',(#169),#170);
#27=STYLED_ITEM('',(#171),#172);
#28=STYLED_ITEM('',(#173),#174);
#29=STYLED_ITEM('',(#175),#176);
#30=STYLED_ITEM('',(#177),#178);
#31=STYLED_ITEM('',(#179),#180);
#32=STYLED_ITEM('',(#181),#182);
#33=STYLED_ITEM('',(#183),#184);
#34=STYLED_ITEM('',(#185),#186);
#35=STYLED_ITEM('',(#187),#188);
#36=STYLED_ITEM('',(#189),#190);
#37=STYLED_ITEM('',(#191),#192);
#38=STYLED_ITEM('',(#193),#194);
#39=STYLED_ITEM('',(#195),#196);
#40=STYLED_ITEM('',(#197),#198);
#41=STYLED_ITEM('',(#199),#200);
#42=STYLED_ITEM('',(#201),#202);
#43=STYLED_ITEM('',(#203),#204);
#44=STYLED_ITEM('',(#205),#206);
#45=STYLED_ITEM('',(#207),#208);
#46=STYLED_ITEM('',(#209),#210);
#47=STYLED_ITEM('',(#211),#212);
#48=STYLED_ITEM('',(#213),#214);
#49=STYLED_ITEM('',(#215),#216);
#50=STYLED_ITEM('',(#217),#218);
#51=STYLED_ITEM('',(#219),#220);
#52=STYLED_ITEM('',(#221),#222);
#53=STYLED_ITEM('',(#223),#224);
#54=STYLED_ITEM('',(#225),#226);
#55=STYLED_ITEM('',(#227),#228);
#56=STYLED_ITEM('',(#229),#230);
#57=STYLED_ITEM('',(#231),#232);
#58=STYLED_ITEM('',(#233),#234);
#59=STYLED_ITEM('',(#235),#236);
#60=STYLED_ITEM('',(#237),#238);
#61=STYLED_ITEM('',(#239),#240);
#62=STYLED_ITEM('',(#241),#242);
#63=STYLED_ITEM('',(#243),#244);
#64=STYLED_ITEM('',(#245),#246);
#65=STYLED_ITEM('',(#247),#248);
#66=STYLED_ITEM('',(#249),#250);
#67=STYLED_ITEM('',(#251),#252);
#68=STYLED_ITEM('',(#253),#254);
#69=STYLED_ITEM('',(#255),#256);
#70=STYLED_ITEM('',(#257),#258);
#71=STYLED_ITEM('',(#259),#260);
#72=STYLED_ITEM('',(#261),#262);
#73=STYLED_ITEM('',(#263),#264);
#74=STYLED_ITEM('',(#265),#266);
#75=STYLED_ITEM('',(#267),#268);
#76=STYLED_ITEM('',(#269),#270);
#77=STYLED_ITEM('',(#271),#272);
#78=STYLED_ITEM('',(#273),#274);
#79=STYLED_ITEM('',(#275),#276);
#80=STYLED_ITEM('',(#277),#278);
#81=STYLED_ITEM('',(#279),#280);
#82=STYLED_ITEM('',(#281),#282);
#83=STYLED_ITEM('',(#283),#284);
#84=STYLED_ITEM('',(#285),#286);
#85=STYLED_ITEM('',(#287),#288);
#86=STYLED_ITEM('',(#289),#290);
#87=STYLED_ITEM('',(#291),#292);
#88=STYLED_ITEM('',(#293),#294);
#89=STYLED_ITEM('',(#295),#296);
#90=STYLED_ITEM('',(#297),#298);
#91=STYLED_ITEM('',(#299),#300);
#92=STYLED_ITEM('',(#301),#302);
#93=STYLED_ITEM('',(#303),#304);
#94=STYLED_ITEM('',(#305),#306);
#95=STYLED_ITEM('',(#307),#308);
#96=STYLED_ITEM('',(#309),#310);
#97=STYLED_ITEM('',(#311),#312);
#98=STYLED_ITEM('',(#313),#314);
#99=STYLED_ITEM('',(#315),#316);
#100=STYLED_ITEM('',(#317),#318);
#101=STYLED_ITEM('',(#319),#320);
#102=STYLED_ITEM('',(#321),#322);
#103=STYLED_ITEM('',(#323),#324);
#104=STYLED_ITEM('',(#325),#326);
#105=STYLED_ITEM('',(#327),#328);
#106=STYLED_ITEM('',(#329),#330);
#107=STYLED_ITEM('',(#331),#332);
#108=STYLED_ITEM('',(#333),#334);
#109=STYLED_ITEM('',(#335),#336);
#110=STYLED_ITEM('',(#337),#338);
#111=STYLED_ITEM('',(#339),#340);
#112=STYLED_ITEM('',(#341),#342);
#113=STYLED_ITEM('',(#343),#344);
#114=STYLED_ITEM('',(#345),#346);
#115=STYLED_ITEM('',(#347),#348);
#116=STYLED_ITEM('',(#349),#350);
#117=STYLED_ITEM('',(#351),#352);
#118=STYLED_ITEM('',(#353),#354);
#119=STYLED_ITEM('',(#355),#356);
#120=STYLED_ITEM('',(#357),#358);
#121=STYLED_ITEM('',(#359),#360);
#122=STYLED_ITEM('',(#361),#362);
#123=STYLED_ITEM('',(#363),#364);
#124=APPLICATION_CONTEXT('managed model based 3d engineering');
#125=PRODUCT_CATEGORY('part','NONE');
#126=PRODUCT_RELATED_PRODUCT_CATEGORY('detail',' ',(#365));
#127=PRODUCT_DEFINITION_SHAPE('NONE','NONE',#366);
#128=ADVANCED_BREP_SHAPE_REPRESENTATION('E_UK-Select|1#E_UK-Select;E_UK-Select',(#364,#367),#6);
#131=UNCERTAINTY_MEASURE_WITH_UNIT(LENGTH_MEASURE(1.0E-06),#133,'','');
#133= (CONVERSION_BASED_UNIT('MILLIMETRE',#370)LENGTH_UNIT()NAMED_UNIT(#373));
#134= (NAMED_UNIT(#375)PLANE_ANGLE_UNIT()SI_UNIT($,.RADIAN.));
#135= (NAMED_UNIT(#375)SOLID_ANGLE_UNIT()SI_UNIT($,.STERADIAN.));
#137=PRESENTATION_STYLE_ASSIGNMENT((#381));
#138=ADVANCED_FACE('',(#382),#383,.F.);
#139=PRESENTATION_STYLE_ASSIGNMENT((#384));
#140=ADVANCED_FACE('',(#385),#386,.F.);
#141=PRESENTATION_STYLE_ASSIGNMENT((#387));
#142=ADVANCED_FACE('',(#388),#389,.T.);
#143=PRESENTATION_STYLE_ASSIGNMENT((#390));
#144=ADVANCED_FACE('',(#391),#392,.T.);
#145=PRESENTATION_STYLE_ASSIGNMENT((#393));
#146=ADVANCED_FACE('',(#394),#395,.T.);
#147=PRESENTATION_STYLE_ASSIGNMENT((#396));
#148=ADVANCED_FACE('',(#397),#398,.T.);
#149=PRESENTATION_STYLE_ASSIGNMENT((#399));
#150=ADVANCED_FACE('',(#400),#401,.T.);
#151=PRESENTATION_STYLE_ASSIGNMENT((#402));
#152=ADVANCED_FACE('',(#403),#404,.F.);
#153=PRESENTATION_STYLE_ASSIGNMENT((#405));
#154=ADVANCED_FACE('',(#406),#407,.T.);
#155=PRESENTATION_STYLE_ASSIGNMENT((#408));
#156=ADVANCED_FACE('',(#409),#410,.T.);
#157=PRESENTATION_STYLE_ASSIGNMENT((#411));
#158=ADVANCED_FACE('',(#412),#413,.T.);
#159=PRESENTATION_STYLE_ASSIGNMENT((#414));
#160=ADVANCED_FACE('',(#415),#416,.T.);
#161=PRESENTATION_STYLE_ASSIGNMENT((#417));
#162=ADVANCED_FACE('',(#418),#419,.T.);
#163=PRESENTATION_STYLE_ASSIGNMENT((#420));
#164=ADVANCED_FACE('',(#421),#422,.T.);
#165=PRESENTATION_STYLE_ASSIGNMENT((#423));
#166=ADVANCED_FACE('',(#424),#425,.T.);
#167=PRESENTATION_STYLE_ASSIGNMENT((#426));
#168=ADVANCED_FACE('',(#427),#428,.T.);
#169=PRESENTATION_STYLE_ASSIGNMENT((#429));
#170=ADVANCED_FACE('',(#430),#431,.F.);
#171=PRESENTATION_STYLE_ASSIGNMENT((#432));
#172=ADVANCED_FACE('',(#433),#434,.T.);
#173=PRESENTATION_STYLE_ASSIGNMENT((#435));
#174=ADVANCED_FACE('',(#436),#437,.F.);
#175=PRESENTATION_STYLE_ASSIGNMENT((#438));
#176=ADVANCED_FACE('',(#439),#440,.T.);
#177=PRESENTATION_STYLE_ASSIGNMENT((#441));
#178=ADVANCED_FACE('',(#442),#443,.T.);
#179=PRESENTATION_STYLE_ASSIGNMENT((#444));
#180=ADVANCED_FACE('',(#445),#446,.T.);
#181=PRESENTATION_STYLE_ASSIGNMENT((#447));
#182=ADVANCED_FACE('',(#448),#449,.T.);
#183=PRESENTATION_STYLE_ASSIGNMENT((#450));
#184=ADVANCED_FACE('',(#451),#452,.T.);
#185=PRESENTATION_STYLE_ASSIGNMENT((#453));
#186=ADVANCED_FACE('',(#454),#455,.F.);
#187=PRESENTATION_STYLE_ASSIGNMENT((#456));
#188=ADVANCED_FACE('',(#457),#458,.T.);
#189=PRESENTATION_STYLE_ASSIGNMENT((#459));
#190=ADVANCED_FACE('',(#460),#461,.T.);
#191=PRESENTATION_STYLE_ASSIGNMENT((#462));
#192=ADVANCED_FACE('',(#463),#464,.T.);
#193=PRESENTATION_STYLE_ASSIGNMENT((#465));
#194=ADVANCED_FACE('',(#466),#467,.T.);
#195=PRESENTATION_STYLE_ASSIGNMENT((#468));
#196=ADVANCED_FACE('',(#469),#470,.T.);
#197=PRESENTATION_STYLE_ASSIGNMENT((#471));
#198=ADVANCED_FACE('',(#472),#473,.T.);
#199=PRESENTATION_STYLE_ASSIGNMENT((#474));
#200=ADVANCED_FACE('',(#475),#476,.T.);
#201=PRESENTATION_STYLE_ASSIGNMENT((#477));
#202=ADVANCED_FACE('',(#478),#479,.T.);
#203=PRESENTATION_STYLE_ASSIGNMENT((#480));
#204=ADVANCED_FACE('',(#481),#482,.F.);
#205=PRESENTATION_STYLE_ASSIGNMENT((#483));
#206=ADVANCED_FACE('',(#484),#485,.T.);
#207=PRESENTATION_STYLE_ASSIGNMENT((#486));
#208=ADVANCED_FACE('',(#487),#488,.T.);
#209=PRESENTATION_STYLE_ASSIGNMENT((#489));
#210=ADVANCED_FACE('',(#490),#491,.T.);
#211=PRESENTATION_STYLE_ASSIGNMENT((#492));
#212=ADVANCED_FACE('',(#493),#494,.T.);
#213=PRESENTATION_STYLE_ASSIGNMENT((#495));
#214=ADVANCED_FACE('',(#496),#497,.T.);
#215=PRESENTATION_STYLE_ASSIGNMENT((#498));
#216=ADVANCED_FACE('',(#499),#500,.T.);
#217=PRESENTATION_STYLE_ASSIGNMENT((#501));
#218=ADVANCED_FACE('',(#502),#503,.T.);
#219=PRESENTATION_STYLE_ASSIGNMENT((#504));
#220=ADVANCED_FACE('',(#505),#506,.T.);
#221=PRESENTATION_STYLE_ASSIGNMENT((#507));
#222=ADVANCED_FACE('',(#508),#509,.T.);
#223=PRESENTATION_STYLE_ASSIGNMENT((#510));
#224=ADVANCED_FACE('',(#511),#512,.T.);
#225=PRESENTATION_STYLE_ASSIGNMENT((#513));
#226=ADVANCED_FACE('',(#514),#515,.T.);
#227=PRESENTATION_STYLE_ASSIGNMENT((#516));
#228=ADVANCED_FACE('',(#517),#518,.T.);
#229=PRESENTATION_STYLE_ASSIGNMENT((#519));
#230=ADVANCED_FACE('',(#520),#521,.T.);
#231=PRESENTATION_STYLE_ASSIGNMENT((#522));
#232=ADVANCED_FACE('',(#523),#524,.T.);
#233=PRESENTATION_STYLE_ASSIGNMENT((#525));
#234=ADVANCED_FACE('',(#526),#527,.T.);
#235=PRESENTATION_STYLE_ASSIGNMENT((#528));
#236=ADVANCED_FACE('',(#529),#530,.T.);
#237=PRESENTATION_STYLE_ASSIGNMENT((#531));
#238=ADVANCED_FACE('',(#532),#533,.T.);
#239=PRESENTATION_STYLE_ASSIGNMENT((#534));
#240=ADVANCED_FACE('',(#535),#536,.T.);
#241=PRESENTATION_STYLE_ASSIGNMENT((#537));
#242=ADVANCED_FACE('',(#538),#539,.T.);
#243=PRESENTATION_STYLE_ASSIGNMENT((#540));
#244=ADVANCED_FACE('',(#541),#542,.T.);
#245=PRESENTATION_STYLE_ASSIGNMENT((#543));
#246=ADVANCED_FACE('',(#544,#545),#546,.T.);
#247=PRESENTATION_STYLE_ASSIGNMENT((#547));
#248=ADVANCED_FACE('',(#548),#549,.F.);
#249=PRESENTATION_STYLE_ASSIGNMENT((#550));
#250=ADVANCED_FACE('',(#551),#552,.T.);
#251=PRESENTATION_STYLE_ASSIGNMENT((#553));
#252=ADVANCED_FACE('',(#554),#555,.T.);
#253=PRESENTATION_STYLE_ASSIGNMENT((#556));
#254=ADVANCED_FACE('',(#557),#558,.F.);
#255=PRESENTATION_STYLE_ASSIGNMENT((#559));
#256=ADVANCED_FACE('',(#560),#561,.F.);
#257=PRESENTATION_STYLE_ASSIGNMENT((#562));
#258=ADVANCED_FACE('',(#563),#564,.T.);
#259=PRESENTATION_STYLE_ASSIGNMENT((#565));
#260=ADVANCED_FACE('',(#566),#567,.F.);
#261=PRESENTATION_STYLE_ASSIGNMENT((#568));
#262=ADVANCED_FACE('',(#569),#570,.F.);
#263=PRESENTATION_STYLE_ASSIGNMENT((#571));
#264=ADVANCED_FACE('',(#572),#573,.T.);
#265=PRESENTATION_STYLE_ASSIGNMENT((#574));
#266=ADVANCED_FACE('',(#575),#576,.T.);
#267=PRESENTATION_STYLE_ASSIGNMENT((#577));
#268=ADVANCED_FACE('',(#578),#579,.T.);
#269=PRESENTATION_STYLE_ASSIGNMENT((#580));
#270=ADVANCED_FACE('',(#581),#582,.T.);
#271=PRESENTATION_STYLE_ASSIGNMENT((#583));
#272=ADVANCED_FACE('',(#584),#585,.T.);
#273=PRESENTATION_STYLE_ASSIGNMENT((#586));
#274=ADVANCED_FACE('',(#587),#588,.T.);
#275=PRESENTATION_STYLE_ASSIGNMENT((#589));
#276=ADVANCED_FACE('',(#590),#591,.T.);
#277=PRESENTATION_STYLE_ASSIGNMENT((#592));
#278=ADVANCED_FACE('',(#593),#594,.T.);
#279=PRESENTATION_STYLE_ASSIGNMENT((#595));
#280=ADVANCED_FACE('',(#596),#597,.T.);
#281=PRESENTATION_STYLE_ASSIGNMENT((#598));
#282=ADVANCED_FACE('',(#599),#600,.T.);
#283=PRESENTATION_STYLE_ASSIGNMENT((#601));
#284=ADVANCED_FACE('',(#602),#603,.T.);
#285=PRESENTATION_STYLE_ASSIGNMENT((#604));
#286=ADVANCED_FACE('',(#605),#606,.F.);
#287=PRESENTATION_STYLE_ASSIGNMENT((#607));
#288=ADVANCED_FACE('',(#608),#609,.F.);
#289=PRESENTATION_STYLE_ASSIGNMENT((#610));
#290=ADVANCED_FACE('',(#611),#612,.T.);
#291=PRESENTATION_STYLE_ASSIGNMENT((#613));
#292=ADVANCED_FACE('',(#614),#615,.F.);
#293=PRESENTATION_STYLE_ASSIGNMENT((#616));
#294=ADVANCED_FACE('',(#617),#618,.F.);
#295=PRESENTATION_STYLE_ASSIGNMENT((#619));
#296=ADVANCED_FACE('',(#620),#621,.T.);
#297=PRESENTATION_STYLE_ASSIGNMENT((#622));
#298=ADVANCED_FACE('',(#623),#624,.T.);
#299=PRESENTATION_STYLE_ASSIGNMENT((#625));
#300=ADVANCED_FACE('',(#626),#627,.T.);
#301=PRESENTATION_STYLE_ASSIGNMENT((#628));
#302=ADVANCED_FACE('',(#629),#630,.T.);
#303=PRESENTATION_STYLE_ASSIGNMENT((#631));
#304=ADVANCED_FACE('',(#632),#633,.F.);
#305=PRESENTATION_STYLE_ASSIGNMENT((#634));
#306=ADVANCED_FACE('',(#635),#636,.T.);
#307=PRESENTATION_STYLE_ASSIGNMENT((#637));
#308=ADVANCED_FACE('',(#638),#639,.T.);
#309=PRESENTATION_STYLE_ASSIGNMENT((#640));
#310=ADVANCED_FACE('',(#641),#642,.T.);
#311=PRESENTATION_STYLE_ASSIGNMENT((#643));
#312=ADVANCED_FACE('',(#644,#645,#646),#647,.T.);
#313=PRESENTATION_STYLE_ASSIGNMENT((#648));
#314=ADVANCED_FACE('',(#649),#650,.F.);
#315=PRESENTATION_STYLE_ASSIGNMENT((#651));
#316=ADVANCED_FACE('',(#652),#653,.F.);
#317=PRESENTATION_STYLE_ASSIGNMENT((#654));
#318=ADVANCED_FACE('',(#655),#656,.F.);
#319=PRESENTATION_STYLE_ASSIGNMENT((#657));
#320=ADVANCED_FACE('',(#658),#659,.T.);
#321=PRESENTATION_STYLE_ASSIGNMENT((#660));
#322=ADVANCED_FACE('',(#661),#662,.T.);
#323=PRESENTATION_STYLE_ASSIGNMENT((#663));
#324=ADVANCED_FACE('',(#664),#665,.F.);
#325=PRESENTATION_STYLE_ASSIGNMENT((#666));
#326=ADVANCED_FACE('',(#667),#668,.F.);
#327=PRESENTATION_STYLE_ASSIGNMENT((#669));
#328=ADVANCED_FACE('',(#670),#671,.F.);
#329=PRESENTATION_STYLE_ASSIGNMENT((#672));
#330=ADVANCED_FACE('',(#673),#674,.F.);
#331=PRESENTATION_STYLE_ASSIGNMENT((#675));
#332=ADVANCED_FACE('',(#676),#677,.T.);
#333=PRESENTATION_STYLE_ASSIGNMENT((#678));
#334=ADVANCED_FACE('',(#679),#680,.T.);
#335=PRESENTATION_STYLE_ASSIGNMENT((#681));
#336=ADVANCED_FACE('',(#682),#683,.F.);
#337=PRESENTATION_STYLE_ASSIGNMENT((#684));
#338=ADVANCED_FACE('',(#685),#686,.T.);
#339=PRESENTATION_STYLE_ASSIGNMENT((#687));
#340=ADVANCED_FACE('',(#688),#689,.T.);
#341=PRESENTATION_STYLE_ASSIGNMENT((#690));
#342=ADVANCED_FACE('',(#691),#692,.T.);
#343=PRESENTATION_STYLE_ASSIGNMENT((#693));
#344=ADVANCED_FACE('',(#694),#695,.T.);
#345=PRESENTATION_STYLE_ASSIGNMENT((#696));
#346=ADVANCED_FACE('',(#697),#698,.T.);
#347=PRESENTATION_STYLE_ASSIGNMENT((#699));
#348=ADVANCED_FACE('',(#700),#701,.T.);
#349=PRESENTATION_STYLE_ASSIGNMENT((#702));
#350=ADVANCED_FACE('',(#703),#704,.T.);
#351=PRESENTATION_STYLE_ASSIGNMENT((#705));
#352=ADVANCED_FACE('',(#706),#707,.F.);
#353=PRESENTATION_STYLE_ASSIGNMENT((#708));
#354=ADVANCED_FACE('',(#709),#710,.F.);
#355=PRESENTATION_STYLE_ASSIGNMENT((#711));
#356=ADVANCED_FACE('',(#712),#713,.F.);
#357=PRESENTATION_STYLE_ASSIGNMENT((#714));
#358=ADVANCED_FACE('',(#715),#716,.F.);
#359=PRESENTATION_STYLE_ASSIGNMENT((#717));
#360=ADVANCED_FACE('',(#718),#719,.F.);
#361=PRESENTATION_STYLE_ASSIGNMENT((#720));
#362=ADVANCED_FACE('',(#721),#722,.F.);
#363=PRESENTATION_STYLE_ASSIGNMENT((#723));
#364=MANIFOLD_SOLID_BREP('E_UK-Select|1#E_UK-Select;E_UK-Select',#724);
#365=PRODUCT('E_UK-Select|1#E_UK-Select;E_UK-Select','','PART--DESC',(#725));
#366=PRODUCT_DEFINITION('','NONE',#726,#2);
#367=AXIS2_PLACEMENT_3D('',#727,#728,#729);
#370=LENGTH_MEASURE_WITH_UNIT(LENGTH_MEASURE(1.0),#730);
#373=DIMENSIONAL_EXPONENTS(1.0,0.0,0.0,0.0,0.0,0.0,0.0);
#375=DIMENSIONAL_EXPONENTS(0.0,0.0,0.0,0.0,0.0,0.0,0.0);
#381=SURFACE_STYLE_USAGE(.BOTH.,#731);
#382=FACE_OUTER_BOUND('',#732,.T.);
#383=CYLINDRICAL_SURFACE('',#733,0.5);
#384=SURFACE_STYLE_USAGE(.BOTH.,#734);
#385=FACE_OUTER_BOUND('',#735,.T.);
#386=CYLINDRICAL_SURFACE('',#736,0.5);
#387=SURFACE_STYLE_USAGE(.BOTH.,#737);
#388=FACE_OUTER_BOUND('',#738,.T.);
#389=CYLINDRICAL_SURFACE('',#739,3.0);
#390=SURFACE_STYLE_USAGE(.BOTH.,#740);
#391=FACE_OUTER_BOUND('',#741,.T.);
#392=CYLINDRICAL_SURFACE('',#742,3.0);
#393=SURFACE_STYLE_USAGE(.BOTH.,#743);
#394=FACE_OUTER_BOUND('',#744,.T.);
#395=CYLINDRICAL_SURFACE('',#745,1.50000000000012);
#396=SURFACE_STYLE_USAGE(.BOTH.,#746);
#397=FACE_OUTER_BOUND('',#747,.T.);
#398=CYLINDRICAL_SURFACE('',#748,10.0);
#399=SURFACE_STYLE_USAGE(.BOTH.,#749);
#400=FACE_OUTER_BOUND('',#750,.T.);
#401=PLANE('',#751);
#402=SURFACE_STYLE_USAGE(.BOTH.,#752);
#403=FACE_OUTER_BOUND('',#753,.T.);
#404=PLANE('',#754);
#405=SURFACE_STYLE_USAGE(.BOTH.,#755);
#406=FACE_OUTER_BOUND('',#756,.T.);
#407=PLANE('',#757);
#408=SURFACE_STYLE_USAGE(.BOTH.,#758);
#409=FACE_OUTER_BOUND('',#759,.T.);
#410=PLANE('',#760);
#411=SURFACE_STYLE_USAGE(.BOTH.,#761);
#412=FACE_OUTER_BOUND('',#762,.T.);
#413=PLANE('',#763);
#414=SURFACE_STYLE_USAGE(.BOTH.,#764);
#415=FACE_OUTER_BOUND('',#765,.T.);
#416=PLANE('',#766);
#417=SURFACE_STYLE_USAGE(.BOTH.,#767);
#418=FACE_OUTER_BOUND('',#768,.T.);
#419=PLANE('',#769);
#420=SURFACE_STYLE_USAGE(.BOTH.,#770);
#421=FACE_OUTER_BOUND('',#771,.T.);
#422=CYLINDRICAL_SURFACE('',#772,10.0);
#423=SURFACE_STYLE_USAGE(.BOTH.,#773);
#424=FACE_OUTER_BOUND('',#774,.T.);
#425=PLANE('',#775);
#426=SURFACE_STYLE_USAGE(.BOTH.,#776);
#427=FACE_OUTER_BOUND('',#777,.T.);
#428=PLANE('',#778);
#429=SURFACE_STYLE_USAGE(.BOTH.,#779);
#430=FACE_OUTER_BOUND('',#780,.T.);
#431=PLANE('',#781);
#432=SURFACE_STYLE_USAGE(.BOTH.,#782);
#433=FACE_OUTER_BOUND('',#783,.T.);
#434=CYLINDRICAL_SURFACE('',#784,0.999999999999849);
#435=SURFACE_STYLE_USAGE(.BOTH.,#785);
#436=FACE_OUTER_BOUND('',#786,.T.);
#437=PLANE('',#787);
#438=SURFACE_STYLE_USAGE(.BOTH.,#788);
#439=FACE_OUTER_BOUND('',#789,.T.);
#440=PLANE('',#790);
#441=SURFACE_STYLE_USAGE(.BOTH.,#791);
#442=FACE_OUTER_BOUND('',#792,.T.);
#443=PLANE('',#793);
#444=SURFACE_STYLE_USAGE(.BOTH.,#794);
#445=FACE_OUTER_BOUND('',#795,.T.);
#446=PLANE('',#796);
#447=SURFACE_STYLE_USAGE(.BOTH.,#797);
#448=FACE_OUTER_BOUND('',#798,.T.);
#449=PLANE('',#799);
#450=SURFACE_STYLE_USAGE(.BOTH.,#800);
#451=FACE_OUTER_BOUND('',#801,.T.);
#452=PLANE('',#802);
#453=SURFACE_STYLE_USAGE(.BOTH.,#803);
#454=FACE_OUTER_BOUND('',#804,.T.);
#455=PLANE('',#805);
#456=SURFACE_STYLE_USAGE(.BOTH.,#806);
#457=FACE_OUTER_BOUND('',#807,.T.);
#458=PLANE('',#808);
#459=SURFACE_STYLE_USAGE(.BOTH.,#809);
#460=FACE_OUTER_BOUND('',#810,.T.);
#461=PLANE('',#811);
#462=SURFACE_STYLE_USAGE(.BOTH.,#812);
#463=FACE_OUTER_BOUND('',#813,.T.);
#464=PLANE('',#814);
#465=SURFACE_STYLE_USAGE(.BOTH.,#815);
#466=FACE_OUTER_BOUND('',#816,.T.);
#467=PLANE('',#817);
#468=SURFACE_STYLE_USAGE(.BOTH.,#818);
#469=FACE_OUTER_BOUND('',#819,.T.);
#470=PLANE('',#820);
#471=SURFACE_STYLE_USAGE(.BOTH.,#821);
#472=FACE_OUTER_BOUND('',#822,.T.);
#473=PLANE('',#823);
#474=SURFACE_STYLE_USAGE(.BOTH.,#824);
#475=FACE_OUTER_BOUND('',#825,.T.);
#476=CYLINDRICAL_SURFACE('',#826,0.500000000000064);
#477=SURFACE_STYLE_USAGE(.BOTH.,#827);
#478=FACE_OUTER_BOUND('',#828,.T.);
#479=PLANE('',#829);
#480=SURFACE_STYLE_USAGE(.BOTH.,#830);
#481=FACE_OUTER_BOUND('',#831,.T.);
#482=CYLINDRICAL_SURFACE('',#832,0.499999999999784);
#483=SURFACE_STYLE_USAGE(.BOTH.,#833);
#484=FACE_OUTER_BOUND('',#834,.T.);
#485=PLANE('',#835);
#486=SURFACE_STYLE_USAGE(.BOTH.,#836);
#487=FACE_OUTER_BOUND('',#837,.T.);
#488=PLANE('',#838);
#489=SURFACE_STYLE_USAGE(.BOTH.,#839);
#490=FACE_OUTER_BOUND('',#840,.T.);
#491=PLANE('',#841);
#492=SURFACE_STYLE_USAGE(.BOTH.,#842);
#493=FACE_OUTER_BOUND('',#843,.T.);
#494=PLANE('',#844);
#495=SURFACE_STYLE_USAGE(.BOTH.,#845);
#496=FACE_OUTER_BOUND('',#846,.T.);
#497=PLANE('',#847);
#498=SURFACE_STYLE_USAGE(.BOTH.,#848);
#499=FACE_OUTER_BOUND('',#849,.T.);
#500=CYLINDRICAL_SURFACE('',#850,1.50000000000012);
#501=SURFACE_STYLE_USAGE(.BOTH.,#851);
#502=FACE_OUTER_BOUND('',#852,.T.);
#503=PLANE('',#853);
#504=SURFACE_STYLE_USAGE(.BOTH.,#854);
#505=FACE_OUTER_BOUND('',#855,.T.);
#506=PLANE('',#856);
#507=SURFACE_STYLE_USAGE(.BOTH.,#857);
#508=FACE_OUTER_BOUND('',#858,.T.);
#509=PLANE('',#859);
#510=SURFACE_STYLE_USAGE(.BOTH.,#860);
#511=FACE_OUTER_BOUND('',#861,.T.);
#512=PLANE('',#862);
#513=SURFACE_STYLE_USAGE(.BOTH.,#863);
#514=FACE_OUTER_BOUND('',#864,.T.);
#515=PLANE('',#865);
#516=SURFACE_STYLE_USAGE(.BOTH.,#866);
#517=FACE_OUTER_BOUND('',#867,.T.);
#518=PLANE('',#868);
#519=SURFACE_STYLE_USAGE(.BOTH.,#869);
#520=FACE_OUTER_BOUND('',#870,.T.);
#521=CYLINDRICAL_SURFACE('',#871,9.50000000000006);
#522=SURFACE_STYLE_USAGE(.BOTH.,#872);
#523=FACE_OUTER_BOUND('',#873,.T.);
#524=PLANE('',#874);
#525=SURFACE_STYLE_USAGE(.BOTH.,#875);
#526=FACE_OUTER_BOUND('',#876,.T.);
#527=PLANE('',#877);
#528=SURFACE_STYLE_USAGE(.BOTH.,#878);
#529=FACE_OUTER_BOUND('',#879,.T.);
#530=PLANE('',#880);
#531=SURFACE_STYLE_USAGE(.BOTH.,#881);
#532=FACE_OUTER_BOUND('',#882,.T.);
#533=PLANE('',#883);
#534=SURFACE_STYLE_USAGE(.BOTH.,#884);
#535=FACE_OUTER_BOUND('',#885,.T.);
#536=PLANE('',#886);
#537=SURFACE_STYLE_USAGE(.BOTH.,#887);
#538=FACE_OUTER_BOUND('',#888,.T.);
#539=PLANE('',#889);
#540=SURFACE_STYLE_USAGE(.BOTH.,#890);
#541=FACE_OUTER_BOUND('',#891,.T.);
#542=PLANE('',#892);
#543=SURFACE_STYLE_USAGE(.BOTH.,#893);
#544=FACE_OUTER_BOUND('',#894,.T.);
#545=FACE_BOUND('',#895,.T.);
#546=PLANE('',#896);
#547=SURFACE_STYLE_USAGE(.BOTH.,#897);
#548=FACE_OUTER_BOUND('',#898,.T.);
#549=PLANE('',#899);
#550=SURFACE_STYLE_USAGE(.BOTH.,#900);
#551=FACE_OUTER_BOUND('',#901,.T.);
#552=CYLINDRICAL_SURFACE('',#902,3.0);
#553=SURFACE_STYLE_USAGE(.BOTH.,#903);
#554=FACE_OUTER_BOUND('',#904,.T.);
#555=PLANE('',#905);
#556=SURFACE_STYLE_USAGE(.BOTH.,#906);
#557=FACE_OUTER_BOUND('',#907,.T.);
#558=CONICAL_SURFACE('',#908,2.74750497733704,1.48352986419518);
#559=SURFACE_STYLE_USAGE(.BOTH.,#909);
#560=FACE_OUTER_BOUND('',#910,.T.);
#561=CYLINDRICAL_SURFACE('',#911,3.0);
#562=SURFACE_STYLE_USAGE(.BOTH.,#912);
#563=FACE_OUTER_BOUND('',#913,.T.);
#564=PLANE('',#914);
#565=SURFACE_STYLE_USAGE(.BOTH.,#915);
#566=FACE_OUTER_BOUND('',#916,.T.);
#567=PLANE('',#917);
#568=SURFACE_STYLE_USAGE(.BOTH.,#918);
#569=FACE_OUTER_BOUND('',#919,.T.);
#570=CYLINDRICAL_SURFACE('',#920,3.0);
#571=SURFACE_STYLE_USAGE(.BOTH.,#921);
#572=FACE_OUTER_BOUND('',#922,.T.);
#573=CYLINDRICAL_SURFACE('',#923,3.0);
#574=SURFACE_STYLE_USAGE(.BOTH.,#924);
#575=FACE_OUTER_BOUND('',#925,.T.);
#576=PLANE('',#926);
#577=SURFACE_STYLE_USAGE(.BOTH.,#927);
#578=FACE_OUTER_BOUND('',#928,.T.);
#579=PLANE('',#929);
#580=SURFACE_STYLE_USAGE(.BOTH.,#930);
#581=FACE_OUTER_BOUND('',#931,.T.);
#582=PLANE('',#932);
#583=SURFACE_STYLE_USAGE(.BOTH.,#933);
#584=FACE_OUTER_BOUND('',#934,.T.);
#585=PLANE('',#935);
#586=SURFACE_STYLE_USAGE(.BOTH.,#936);
#587=FACE_OUTER_BOUND('',#937,.T.);
#588=PLANE('',#938);
#589=SURFACE_STYLE_USAGE(.BOTH.,#939);
#590=FACE_OUTER_BOUND('',#940,.T.);
#591=PLANE('',#941);
#592=SURFACE_STYLE_USAGE(.BOTH.,#942);
#593=FACE_OUTER_BOUND('',#943,.T.);
#594=PLANE('',#944);
#595=SURFACE_STYLE_USAGE(.BOTH.,#945);
#596=FACE_OUTER_BOUND('',#946,.T.);
#597=PLANE('',#947);
#598=SURFACE_STYLE_USAGE(.BOTH.,#948);
#599=FACE_OUTER_BOUND('',#949,.T.);
#600=PLANE('',#950);
#601=SURFACE_STYLE_USAGE(.BOTH.,#951);
#602=FACE_OUTER_BOUND('',#952,.T.);
#603=PLANE('',#953);
#604=SURFACE_STYLE_USAGE(.BOTH.,#954);
#605=FACE_OUTER_BOUND('',#955,.T.);
#606=PLANE('',#956);
#607=SURFACE_STYLE_USAGE(.BOTH.,#957);
#608=FACE_OUTER_BOUND('',#958,.T.);
#609=CYLINDRICAL_SURFACE('',#959,0.5);
#610=SURFACE_STYLE_USAGE(.BOTH.,#960);
#611=FACE_OUTER_BOUND('',#961,.T.);
#612=PLANE('',#962);
#613=SURFACE_STYLE_USAGE(.BOTH.,#963);
#614=FACE_OUTER_BOUND('',#964,.T.);
#615=CYLINDRICAL_SURFACE('',#965,0.5);
#616=SURFACE_STYLE_USAGE(.BOTH.,#966);
#617=FACE_OUTER_BOUND('',#967,.T.);
#618=PLANE('',#968);
#619=SURFACE_STYLE_USAGE(.BOTH.,#969);
#620=FACE_OUTER_BOUND('',#970,.T.);
#621=PLANE('',#971);
#622=SURFACE_STYLE_USAGE(.BOTH.,#972);
#623=FACE_OUTER_BOUND('',#973,.T.);
#624=PLANE('',#974);
#625=SURFACE_STYLE_USAGE(.BOTH.,#975);
#626=FACE_OUTER_BOUND('',#976,.T.);
#627=PLANE('',#977);
#628=SURFACE_STYLE_USAGE(.BOTH.,#978);
#629=FACE_OUTER_BOUND('',#979,.T.);
#630=PLANE('',#980);
#631=SURFACE_STYLE_USAGE(.BOTH.,#981);
#632=FACE_OUTER_BOUND('',#982,.T.);
#633=PLANE('',#983);
#634=SURFACE_STYLE_USAGE(.BOTH.,#984);
#635=FACE_OUTER_BOUND('',#985,.T.);
#636=PLANE('',#986);
#637=SURFACE_STYLE_USAGE(.BOTH.,#987);
#638=FACE_OUTER_BOUND('',#988,.T.);
#639=PLANE('',#989);
#640=SURFACE_STYLE_USAGE(.BOTH.,#990);
#641=FACE_OUTER_BOUND('',#991,.T.);
#642=PLANE('',#992);
#643=SURFACE_STYLE_USAGE(.BOTH.,#993);
#644=FACE_OUTER_BOUND('',#994,.T.);
#645=FACE_BOUND('',#995,.T.);
#646=FACE_BOUND('',#996,.T.);
#647=PLANE('',#997);
#648=SURFACE_STYLE_USAGE(.BOTH.,#998);
#649=FACE_OUTER_BOUND('',#999,.T.);
#650=CYLINDRICAL_SURFACE('',#1000,3.0);
#651=SURFACE_STYLE_USAGE(.BOTH.,#1001);
#652=FACE_OUTER_BOUND('',#1002,.T.);
#653=CONICAL_SURFACE('',#1003,2.74750497733704,1.48352986419518);
#654=SURFACE_STYLE_USAGE(.BOTH.,#1004);
#655=FACE_OUTER_BOUND('',#1005,.T.);
#656=PLANE('',#1006);
#657=SURFACE_STYLE_USAGE(.BOTH.,#1007);
#658=FACE_OUTER_BOUND('',#1008,.T.);
#659=PLANE('',#1009);
#660=SURFACE_STYLE_USAGE(.BOTH.,#1010);
#661=FACE_OUTER_BOUND('',#1011,.T.);
#662=PLANE('',#1012);
#663=SURFACE_STYLE_USAGE(.BOTH.,#1013);
#664=FACE_OUTER_BOUND('',#1014,.T.);
#665=PLANE('',#1015);
#666=SURFACE_STYLE_USAGE(.BOTH.,#1016);
#667=FACE_OUTER_BOUND('',#1017,.T.);
#668=CYLINDRICAL_SURFACE('',#1018,2.99999999999969);
#669=SURFACE_STYLE_USAGE(.BOTH.,#1019);
#670=FACE_OUTER_BOUND('',#1020,.T.);
#671=CONICAL_SURFACE('',#1021,2.74750497733704,1.48352986419518);
#672=SURFACE_STYLE_USAGE(.BOTH.,#1022);
#673=FACE_OUTER_BOUND('',#1023,.T.);
#674=PLANE('',#1024);
#675=SURFACE_STYLE_USAGE(.BOTH.,#1025);
#676=FACE_OUTER_BOUND('',#1026,.T.);
#677=PLANE('',#1027);
#678=SURFACE_STYLE_USAGE(.BOTH.,#1028);
#679=FACE_OUTER_BOUND('',#1029,.T.);
#680=PLANE('',#1030);
#681=SURFACE_STYLE_USAGE(.BOTH.,#1031);
#682=FACE_OUTER_BOUND('',#1032,.T.);
#683=PLANE('',#1033);
#684=SURFACE_STYLE_USAGE(.BOTH.,#1034);
#685=FACE_OUTER_BOUND('',#1035,.T.);
#686=PLANE('',#1036);
#687=SURFACE_STYLE_USAGE(.BOTH.,#1037);
#688=FACE_OUTER_BOUND('',#1038,.T.);
#689=PLANE('',#1039);
#690=SURFACE_STYLE_USAGE(.BOTH.,#1040);
#691=FACE_OUTER_BOUND('',#1041,.T.);
#692=PLANE('',#1042);
#693=SURFACE_STYLE_USAGE(.BOTH.,#1043);
#694=FACE_OUTER_BOUND('',#1044,.T.);
#695=PLANE('',#1045);
#696=SURFACE_STYLE_USAGE(.BOTH.,#1046);
#697=FACE_OUTER_BOUND('',#1047,.T.);
#698=PLANE('',#1048);
#699=SURFACE_STYLE_USAGE(.BOTH.,#1049);
#700=FACE_OUTER_BOUND('',#1050,.T.);
#701=PLANE('',#1051);
#702=SURFACE_STYLE_USAGE(.BOTH.,#1052);
#703=FACE_OUTER_BOUND('',#1053,.T.);
#704=PLANE('',#1054);
#705=SURFACE_STYLE_USAGE(.BOTH.,#1055);
#706=FACE_OUTER_BOUND('',#1056,.T.);
#707=CYLINDRICAL_SURFACE('',#1057,2.0);
#708=SURFACE_STYLE_USAGE(.BOTH.,#1058);
#709=FACE_OUTER_BOUND('',#1059,.T.);
#710=CONICAL_SURFACE('',#1060,2.74750497733704,1.48352986419518);
#711=SURFACE_STYLE_USAGE(.BOTH.,#1061);
#712=FACE_OUTER_BOUND('',#1062,.T.);
#713=CONICAL_SURFACE('',#1063,2.74750497733704,1.48352986419518);
#714=SURFACE_STYLE_USAGE(.BOTH.,#1064);
#715=FACE_OUTER_BOUND('',#1065,.T.);
#716=CYLINDRICAL_SURFACE('',#1066,2.99999999999969);
#717=SURFACE_STYLE_USAGE(.BOTH.,#1067);
#718=FACE_OUTER_BOUND('',#1068,.T.);
#719=CONICAL_SURFACE('',#1069,2.74750497733704,1.48352986419518);
#720=SURFACE_STYLE_USAGE(.BOTH.,#1070);
#721=FACE_OUTER_BOUND('',#1071,.T.);
#722=CYLINDRICAL_SURFACE('',#1072,3.0);
#723=SURFACE_STYLE_USAGE(.BOTH.,#1073);
#724=CLOSED_SHELL('',(#138,#140,#142,#144,#146,#148,#150,#152,#154,#156,#158,#160,#162,#164,#166,#168,#170,#172,#174,#176,#178,#180,#182,#184,#186,#188,#190,#192,#194,#196,#198,#200,#202,#204,#206,#208,#210,#212,#214,#216,#218,#220,#222,#224,#226,#228,#230,#232,#234,#236,#238,#240,#242,#244,#246,#248,#250,#252,#254,#256,#258,#260,#262,#264,#266,#268,#270,#272,#274,#276,#278,#280,#282,#284,#286,#288,#290,#292,#294,#296,#298,#300,#302,#304,#306,#308,#310,#312,#314,#316,#318,#320,#322,#324,#326,#328,#330,#332,#334,#336,#338,#340,#342,#344,#346,#348,#350,#352,#354,#356,#358,#360,#362));
#725=PRODUCT_CONTEXT('',#124,'mechanical');
#726=PRODUCT_DEFINITION_FORMATION_WITH_SPECIFIED_SOURCE(' ','NONE',#365,.NOT_KNOWN.);
#727=CARTESIAN_POINT('',(0.0,0.0,0.0));
#728=DIRECTION('',(0.0,0.0,1.0));
#729=DIRECTION('',(1.0,0.0,0.0));
#730= (NAMED_UNIT(#373)LENGTH_UNIT()SI_UNIT(.MILLI.,.METRE.));
#731=SURFACE_SIDE_STYLE('',(#1075));
#732=EDGE_LOOP('',(#1076,#1077,#1078,#1079));
#733=AXIS2_PLACEMENT_3D('',#1080,#1081,#1082);
#734=SURFACE_SIDE_STYLE('',(#1083));
#735=EDGE_LOOP('',(#1084,#1085,#1086,#1087));
#736=AXIS2_PLACEMENT_3D('',#1088,#1089,#1090);
#737=SURFACE_SIDE_STYLE('',(#1091));
#738=EDGE_LOOP('',(#1092,#1093,#1094,#1095));
#739=AXIS2_PLACEMENT_3D('',#1096,#1097,#1098);
#740=SURFACE_SIDE_STYLE('',(#1099));
#741=EDGE_LOOP('',(#1100,#1101,#1102,#1103));
#742=AXIS2_PLACEMENT_3D('',#1104,#1105,#1106);
#743=SURFACE_SIDE_STYLE('',(#1107));
#744=EDGE_LOOP('',(#1108,#1109,#1110,#1111));
#745=AXIS2_PLACEMENT_3D('',#1112,#1113,#1114);
#746=SURFACE_SIDE_STYLE('',(#1115));
#747=EDGE_LOOP('',(#1116,#1117,#1118,#1119));
#748=AXIS2_PLACEMENT_3D('',#1120,#1121,#1122);
#749=SURFACE_SIDE_STYLE('',(#1123));
#750=EDGE_LOOP('',(#1124,#1125,#1126,#1127,#1128,#1129,#1130,#1131,#1132,#1133,#1134,#1135,#1136,#1137,#1138,#1139,#1140,#1141,#1142,#1143,#1144,#1145,#1146,#1147,#1148,#1149,#1150,#1151,#1152,#1153,#1154,#1155,#1156,#1157,#1158,#1159,#1160,#1161,#1162,#1163,#1164,#1165,#1166,#1167,#1168,#1169,#1170,#1171,#1172,#1173,#1174,#1175,#1176,#1177,#1178,#1179,#1180,#1181,#1182,#1183,#1184,#1185,#1186,#1187,#1188,#1189,#1190,#1191,#1192,#1193,#1194,#1195,#1196,#1197,#1198));
#751=AXIS2_PLACEMENT_3D('',#1199,#1200,#1201);
#752=SURFACE_SIDE_STYLE('',(#1202));
#753=EDGE_LOOP('',(#1203,#1204,#1205,#1206,#1207,#1208,#1209,#1210,#1211,#1212,#1213,#1214,#1215,#1216,#1217,#1218,#1219,#1220,#1221,#1222,#1223,#1224,#1225,#1226,#1227,#1228,#1229,#1230,#1231,#1232,#1233,#1234,#1235,#1236,#1237,#1238,#1239,#1240,#1241,#1242,#1243,#1244,#1245,#1246,#1247,#1248,#1249,#1250,#1251,#1252,#1253,#1254,#1255,#1256,#1257,#1258,#1259,#1260,#1261,#1262,#1263,#1264,#1265,#1266,#1267,#1268,#1269,#1270,#1271,#1272,#1273,#1274,#1275,#1276,#1277));
#754=AXIS2_PLACEMENT_3D('',#1278,#1279,#1280);
#755=SURFACE_SIDE_STYLE('',(#1281));
#756=EDGE_LOOP('',(#1282,#1283,#1284,#1285));
#757=AXIS2_PLACEMENT_3D('',#1286,#1287,#1288);
#758=SURFACE_SIDE_STYLE('',(#1289));
#759=EDGE_LOOP('',(#1290,#1291,#1292,#1293));
#760=AXIS2_PLACEMENT_3D('',#1294,#1295,#1296);
#761=SURFACE_SIDE_STYLE('',(#1297));
#762=EDGE_LOOP('',(#1298,#1299,#1300,#1301));
#763=AXIS2_PLACEMENT_3D('',#1302,#1303,#1304);
#764=SURFACE_SIDE_STYLE('',(#1305));
#765=EDGE_LOOP('',(#1306,#1307,#1308,#1309));
#766=AXIS2_PLACEMENT_3D('',#1310,#1311,#1312);
#767=SURFACE_SIDE_STYLE('',(#1313));
#768=EDGE_LOOP('',(#1314,#1315,#1316,#1317));
#769=AXIS2_PLACEMENT_3D('',#1318,#1319,#1320);
#770=SURFACE_SIDE_STYLE('',(#1321));
#771=EDGE_LOOP('',(#1322,#1323,#1324,#1325));
#772=AXIS2_PLACEMENT_3D('',#1326,#1327,#1328);
#773=SURFACE_SIDE_STYLE('',(#1329));
#774=EDGE_LOOP('',(#1330,#1331,#1332,#1333));
#775=AXIS2_PLACEMENT_3D('',#1334,#1335,#1336);
#776=SURFACE_SIDE_STYLE('',(#1337));
#777=EDGE_LOOP('',(#1338,#1339,#1340,#1341));
#778=AXIS2_PLACEMENT_3D('',#1342,#1343,#1344);
#779=SURFACE_SIDE_STYLE('',(#1345));
#780=EDGE_LOOP('',(#1346,#1347,#1348,#1349));
#781=AXIS2_PLACEMENT_3D('',#1350,#1351,#1352);
#782=SURFACE_SIDE_STYLE('',(#1353));
#783=EDGE_LOOP('',(#1354,#1355,#1356,#1357));
#784=AXIS2_PLACEMENT_3D('',#1358,#1359,#1360);
#785=SURFACE_SIDE_STYLE('',(#1361));
#786=EDGE_LOOP('',(#1362,#1363,#1364,#1365));
#787=AXIS2_PLACEMENT_3D('',#1366,#1367,#1368);
#788=SURFACE_SIDE_STYLE('',(#1369));
#789=EDGE_LOOP('',(#1370,#1371,#1372,#1373));
#790=AXIS2_PLACEMENT_3D('',#1374,#1375,#1376);
#791=SURFACE_SIDE_STYLE('',(#1377));
#792=EDGE_LOOP('',(#1378,#1379,#1380,#1381));
#793=AXIS2_PLACEMENT_3D('',#1382,#1383,#1384);
#794=SURFACE_SIDE_STYLE('',(#1385));
#795=EDGE_LOOP('',(#1386,#1387,#1388,#1389));
#796=AXIS2_PLACEMENT_3D('',#1390,#1391,#1392);
#797=SURFACE_SIDE_STYLE('',(#1393));
#798=EDGE_LOOP('',(#1394,#1395,#1396,#1397));
#799=AXIS2_PLACEMENT_3D('',#1398,#1399,#1400);
#800=SURFACE_SIDE_STYLE('',(#1401));
#801=EDGE_LOOP('',(#1402,#1403,#1404,#1405));
#802=AXIS2_PLACEMENT_3D('',#1406,#1407,#1408);
#803=SURFACE_SIDE_STYLE('',(#1409));
#804=EDGE_LOOP('',(#1410,#1411,#1412,#1413));
#805=AXIS2_PLACEMENT_3D('',#1414,#1415,#1416);
#806=SURFACE_SIDE_STYLE('',(#1417));
#807=EDGE_LOOP('',(#1418,#1419,#1420,#1421));
#808=AXIS2_PLACEMENT_3D('',#1422,#1423,#1424);
#809=SURFACE_SIDE_STYLE('',(#1425));
#810=EDGE_LOOP('',(#1426,#1427,#1428,#1429,#1430,#1431));
#811=AXIS2_PLACEMENT_3D('',#1432,#1433,#1434);
#812=SURFACE_SIDE_STYLE('',(#1435));
#813=EDGE_LOOP('',(#1436,#1437,#1438,#1439));
#814=AXIS2_PLACEMENT_3D('',#1440,#1441,#1442);
#815=SURFACE_SIDE_STYLE('',(#1443));
#816=EDGE_LOOP('',(#1444,#1445,#1446,#1447,#1448,#1449));
#817=AXIS2_PLACEMENT_3D('',#1450,#1451,#1452);
#818=SURFACE_SIDE_STYLE('',(#1453));
#819=EDGE_LOOP('',(#1454,#1455,#1456,#1457));
#820=AXIS2_PLACEMENT_3D('',#1458,#1459,#1460);
#821=SURFACE_SIDE_STYLE('',(#1461));
#822=EDGE_LOOP('',(#1462,#1463,#1464,#1465));
#823=AXIS2_PLACEMENT_3D('',#1466,#1467,#1468);
#824=SURFACE_SIDE_STYLE('',(#1469));
#825=EDGE_LOOP('',(#1470,#1471,#1472,#1473,#1474,#1475));
#826=AXIS2_PLACEMENT_3D('',#1476,#1477,#1478);
#827=SURFACE_SIDE_STYLE('',(#1479));
#828=EDGE_LOOP('',(#1480,#1481,#1482,#1483));
#829=AXIS2_PLACEMENT_3D('',#1484,#1485,#1486);
#830=SURFACE_SIDE_STYLE('',(#1487));
#831=EDGE_LOOP('',(#1488,#1489,#1490,#1491));
#832=AXIS2_PLACEMENT_3D('',#1492,#1493,#1494);
#833=SURFACE_SIDE_STYLE('',(#1495));
#834=EDGE_LOOP('',(#1496,#1497,#1498,#1499));
#835=AXIS2_PLACEMENT_3D('',#1500,#1501,#1502);
#836=SURFACE_SIDE_STYLE('',(#1503));
#837=EDGE_LOOP('',(#1504,#1505,#1506,#1507));
#838=AXIS2_PLACEMENT_3D('',#1508,#1509,#1510);
#839=SURFACE_SIDE_STYLE('',(#1511));
#840=EDGE_LOOP('',(#1512,#1513,#1514,#1515));
#841=AXIS2_PLACEMENT_3D('',#1516,#1517,#1518);
#842=SURFACE_SIDE_STYLE('',(#1519));
#843=EDGE_LOOP('',(#1520,#1521,#1522,#1523));
#844=AXIS2_PLACEMENT_3D('',#1524,#1525,#1526);
#845=SURFACE_SIDE_STYLE('',(#1527));
#846=EDGE_LOOP('',(#1528,#1529,#1530,#1531));
#847=AXIS2_PLACEMENT_3D('',#1532,#1533,#1534);
#848=SURFACE_SIDE_STYLE('',(#1535));
#849=EDGE_LOOP('',(#1536,#1537,#1538,#1539));
#850=AXIS2_PLACEMENT_3D('',#1540,#1541,#1542);
#851=SURFACE_SIDE_STYLE('',(#1543));
#852=EDGE_LOOP('',(#1544,#1545,#1546,#1547));
#853=AXIS2_PLACEMENT_3D('',#1548,#1549,#1550);
#854=SURFACE_SIDE_STYLE('',(#1551));
#855=EDGE_LOOP('',(#1552,#1553,#1554,#1555));
#856=AXIS2_PLACEMENT_3D('',#1556,#1557,#1558);
#857=SURFACE_SIDE_STYLE('',(#1559));
#858=EDGE_LOOP('',(#1560,#1561,#1562,#1563));
#859=AXIS2_PLACEMENT_3D('',#1564,#1565,#1566);
#860=SURFACE_SIDE_STYLE('',(#1567));
#861=EDGE_LOOP('',(#1568,#1569,#1570,#1571));
#862=AXIS2_PLACEMENT_3D('',#1572,#1573,#1574);
#863=SURFACE_SIDE_STYLE('',(#1575));
#864=EDGE_LOOP('',(#1576,#1577,#1578,#1579));
#865=AXIS2_PLACEMENT_3D('',#1580,#1581,#1582);
#866=SURFACE_SIDE_STYLE('',(#1583));
#867=EDGE_LOOP('',(#1584,#1585,#1586,#1587));
#868=AXIS2_PLACEMENT_3D('',#1588,#1589,#1590);
#869=SURFACE_SIDE_STYLE('',(#1591));
#870=EDGE_LOOP('',(#1592,#1593,#1594,#1595));
#871=AXIS2_PLACEMENT_3D('',#1596,#1597,#1598);
#872=SURFACE_SIDE_STYLE('',(#1599));
#873=EDGE_LOOP('',(#1600,#1601,#1602,#1603));
#874=AXIS2_PLACEMENT_3D('',#1604,#1605,#1606);
#875=SURFACE_SIDE_STYLE('',(#1607));
#876=EDGE_LOOP('',(#1608,#1609,#1610,#1611));
#877=AXIS2_PLACEMENT_3D('',#1612,#1613,#1614);
#878=SURFACE_SIDE_STYLE('',(#1615));
#879=EDGE_LOOP('',(#1616,#1617,#1618,#1619));
#880=AXIS2_PLACEMENT_3D('',#1620,#1621,#1622);
#881=SURFACE_SIDE_STYLE('',(#1623));
#882=EDGE_LOOP('',(#1624,#1625,#1626,#1627));
#883=AXIS2_PLACEMENT_3D('',#1628,#1629,#1630);
#884=SURFACE_SIDE_STYLE('',(#1631));
#885=EDGE_LOOP('',(#1632,#1633,#1634,#1635));
#886=AXIS2_PLACEMENT_3D('',#1636,#1637,#1638);
#887=SURFACE_SIDE_STYLE('',(#1639));
#888=EDGE_LOOP('',(#1640,#1641,#1642,#1643));
#889=AXIS2_PLACEMENT_3D('',#1644,#1645,#1646);
#890=SURFACE_SIDE_STYLE('',(#1647));
#891=EDGE_LOOP('',(#1648,#1649,#1650,#1651));
#892=AXIS2_PLACEMENT_3D('',#1652,#1653,#1654);
#893=SURFACE_SIDE_STYLE('',(#1655));
#894=EDGE_LOOP('',(#1656,#1657,#1658,#1659));
#895=EDGE_LOOP('',(#1660,#1661,#1662,#1663,#1664,#1665));
#896=AXIS2_PLACEMENT_3D('',#1666,#1667,#1668);
#897=SURFACE_SIDE_STYLE('',(#1669));
#898=EDGE_LOOP('',(#1670,#1671,#1672));
#899=AXIS2_PLACEMENT_3D('',#1673,#1674,#1675);
#900=SURFACE_SIDE_STYLE('',(#1676));
#901=EDGE_LOOP('',(#1677,#1678,#1679,#1680));
#902=AXIS2_PLACEMENT_3D('',#1681,#1682,#1683);
#903=SURFACE_SIDE_STYLE('',(#1684));
#904=EDGE_LOOP('',(#1685,#1686,#1687,#1688,#1689,#1690,#1691));
#905=AXIS2_PLACEMENT_3D('',#1692,#1693,#1694);
#906=SURFACE_SIDE_STYLE('',(#1695));
#907=EDGE_LOOP('',(#1696,#1697,#1698,#1699,#1700));
#908=AXIS2_PLACEMENT_3D('',#1701,#1702,#1703);
#909=SURFACE_SIDE_STYLE('',(#1704));
#910=EDGE_LOOP('',(#1705,#1706,#1707,#1708));
#911=AXIS2_PLACEMENT_3D('',#1709,#1710,#1711);
#912=SURFACE_SIDE_STYLE('',(#1712));
#913=EDGE_LOOP('',(#1713,#1714,#1715,#1716,#1717,#1718,#1719));
#914=AXIS2_PLACEMENT_3D('',#1720,#1721,#1722);
#915=SURFACE_SIDE_STYLE('',(#1723));
#916=EDGE_LOOP('',(#1724,#1725,#1726));
#917=AXIS2_PLACEMENT_3D('',#1727,#1728,#1729);
#918=SURFACE_SIDE_STYLE('',(#1730));
#919=EDGE_LOOP('',(#1731,#1732,#1733,#1734));
#920=AXIS2_PLACEMENT_3D('',#1735,#1736,#1737);
#921=SURFACE_SIDE_STYLE('',(#1738));
#922=EDGE_LOOP('',(#1739,#1740,#1741,#1742));
#923=AXIS2_PLACEMENT_3D('',#1743,#1744,#1745);
#924=SURFACE_SIDE_STYLE('',(#1746));
#925=EDGE_LOOP('',(#1747,#1748,#1749,#1750));
#926=AXIS2_PLACEMENT_3D('',#1751,#1752,#1753);
#927=SURFACE_SIDE_STYLE('',(#1754));
#928=EDGE_LOOP('',(#1755,#1756,#1757,#1758));
#929=AXIS2_PLACEMENT_3D('',#1759,#1760,#1761);
#930=SURFACE_SIDE_STYLE('',(#1762));
#931=EDGE_LOOP('',(#1763,#1764,#1765,#1766));
#932=AXIS2_PLACEMENT_3D('',#1767,#1768,#1769);
#933=SURFACE_SIDE_STYLE('',(#1770));
#934=EDGE_LOOP('',(#1771,#1772,#1773,#1774,#1775,#1776,#1777,#1778));
#935=AXIS2_PLACEMENT_3D('',#1779,#1780,#1781);
#936=SURFACE_SIDE_STYLE('',(#1782));
#937=EDGE_LOOP('',(#1783,#1784,#1785,#1786));
#938=AXIS2_PLACEMENT_3D('',#1787,#1788,#1789);
#939=SURFACE_SIDE_STYLE('',(#1790));
#940=EDGE_LOOP('',(#1791,#1792,#1793,#1794));
#941=AXIS2_PLACEMENT_3D('',#1795,#1796,#1797);
#942=SURFACE_SIDE_STYLE('',(#1798));
#943=EDGE_LOOP('',(#1799,#1800,#1801,#1802));
#944=AXIS2_PLACEMENT_3D('',#1803,#1804,#1805);
#945=SURFACE_SIDE_STYLE('',(#1806));
#946=EDGE_LOOP('',(#1807,#1808,#1809,#1810));
#947=AXIS2_PLACEMENT_3D('',#1811,#1812,#1813);
#948=SURFACE_SIDE_STYLE('',(#1814));
#949=EDGE_LOOP('',(#1815,#1816,#1817,#1818));
#950=AXIS2_PLACEMENT_3D('',#1819,#1820,#1821);
#951=SURFACE_SIDE_STYLE('',(#1822));
#952=EDGE_LOOP('',(#1823,#1824,#1825,#1826));
#953=AXIS2_PLACEMENT_3D('',#1827,#1828,#1829);
#954=SURFACE_SIDE_STYLE('',(#1830));
#955=EDGE_LOOP('',(#1831,#1832,#1833,#1834));
#956=AXIS2_PLACEMENT_3D('',#1835,#1836,#1837);
#957=SURFACE_SIDE_STYLE('',(#1838));
#958=EDGE_LOOP('',(#1839,#1840,#1841,#1842));
#959=AXIS2_PLACEMENT_3D('',#1843,#1844,#1845);
#960=SURFACE_SIDE_STYLE('',(#1846));
#961=EDGE_LOOP('',(#1847,#1848,#1849,#1850));
#962=AXIS2_PLACEMENT_3D('',#1851,#1852,#1853);
#963=SURFACE_SIDE_STYLE('',(#1854));
#964=EDGE_LOOP('',(#1855,#1856,#1857,#1858));
#965=AXIS2_PLACEMENT_3D('',#1859,#1860,#1861);
#966=SURFACE_SIDE_STYLE('',(#1862));
#967=EDGE_LOOP('',(#1863,#1864,#1865,#1866));
#968=AXIS2_PLACEMENT_3D('',#1867,#1868,#1869);
#969=SURFACE_SIDE_STYLE('',(#1870));
#970=EDGE_LOOP('',(#1871,#1872,#1873,#1874));
#971=AXIS2_PLACEMENT_3D('',#1875,#1876,#1877);
#972=SURFACE_SIDE_STYLE('',(#1878));
#973=EDGE_LOOP('',(#1879,#1880,#1881,#1882));
#974=AXIS2_PLACEMENT_3D('',#1883,#1884,#1885);
#975=SURFACE_SIDE_STYLE('',(#1886));
#976=EDGE_LOOP('',(#1887,#1888,#1889,#1890));
#977=AXIS2_PLACEMENT_3D('',#1891,#1892,#1893);
#978=SURFACE_SIDE_STYLE('',(#1894));
#979=EDGE_LOOP('',(#1895,#1896,#1897,#1898));
#980=AXIS2_PLACEMENT_3D('',#1899,#1900,#1901);
#981=SURFACE_SIDE_STYLE('',(#1902));
#982=EDGE_LOOP('',(#1903,#1904,#1905,#1906));
#983=AXIS2_PLACEMENT_3D('',#1907,#1908,#1909);
#984=SURFACE_SIDE_STYLE('',(#1910));
#985=EDGE_LOOP('',(#1911,#1912,#1913,#1914));
#986=AXIS2_PLACEMENT_3D('',#1915,#1916,#1917);
#987=SURFACE_SIDE_STYLE('',(#1918));
#988=EDGE_LOOP('',(#1919,#1920,#1921,#1922));
#989=AXIS2_PLACEMENT_3D('',#1923,#1924,#1925);
#990=SURFACE_SIDE_STYLE('',(#1926));
#991=EDGE_LOOP('',(#1927,#1928,#1929,#1930));
#992=AXIS2_PLACEMENT_3D('',#1931,#1932,#1933);
#993=SURFACE_SIDE_STYLE('',(#1934));
#994=EDGE_LOOP('',(#1935,#1936,#1937,#1938,#1939,#1940));
#995=EDGE_LOOP('',(#1941,#1942));
#996=EDGE_LOOP('',(#1943,#1944));
#997=AXIS2_PLACEMENT_3D('',#1945,#1946,#1947);
#998=SURFACE_SIDE_STYLE('',(#1948));
#999=EDGE_LOOP('',(#1949,#1950,#1951,#1952,#1953,#1954,#1955,#1956));
#1000=AXIS2_PLACEMENT_3D('',#1957,#1958,#1959);
#1001=SURFACE_SIDE_STYLE('',(#1960));
#1002=EDGE_LOOP('',(#1961,#1962,#1963,#1964,#1965));
#1003=AXIS2_PLACEMENT_3D('',#1966,#1967,#1968);
#1004=SURFACE_SIDE_STYLE('',(#1969));
#1005=EDGE_LOOP('',(#1970,#1971,#1972));
#1006=AXIS2_PLACEMENT_3D('',#1973,#1974,#1975);
#1007=SURFACE_SIDE_STYLE('',(#1976));
#1008=EDGE_LOOP('',(#1977,#1978,#1979,#1980,#1981));
#1009=AXIS2_PLACEMENT_3D('',#1982,#1983,#1984);
#1010=SURFACE_SIDE_STYLE('',(#1985));
#1011=EDGE_LOOP('',(#1986,#1987,#1988,#1989,#1990));
#1012=AXIS2_PLACEMENT_3D('',#1991,#1992,#1993);
#1013=SURFACE_SIDE_STYLE('',(#1994));
#1014=EDGE_LOOP('',(#1995,#1996,#1997));
#1015=AXIS2_PLACEMENT_3D('',#1998,#1999,#2000);
#1016=SURFACE_SIDE_STYLE('',(#2001));
#1017=EDGE_LOOP('',(#2002,#2003,#2004,#2005,#2006,#2007,#2008,#2009));
#1018=AXIS2_PLACEMENT_3D('',#2010,#2011,#2012);
#1019=SURFACE_SIDE_STYLE('',(#2013));
#1020=EDGE_LOOP('',(#2014,#2015,#2016,#2017,#2018));
#1021=AXIS2_PLACEMENT_3D('',#2019,#2020,#2021);
#1022=SURFACE_SIDE_STYLE('',(#2022));
#1023=EDGE_LOOP('',(#2023,#2024,#2025));
#1024=AXIS2_PLACEMENT_3D('',#2026,#2027,#2028);
#1025=SURFACE_SIDE_STYLE('',(#2029));
#1026=EDGE_LOOP('',(#2030,#2031,#2032,#2033,#2034));
#1027=AXIS2_PLACEMENT_3D('',#2035,#2036,#2037);
#1028=SURFACE_SIDE_STYLE('',(#2038));
#1029=EDGE_LOOP('',(#2039,#2040,#2041,#2042,#2043));
#1030=AXIS2_PLACEMENT_3D('',#2044,#2045,#2046);
#1031=SURFACE_SIDE_STYLE('',(#2047));
#1032=EDGE_LOOP('',(#2048,#2049,#2050));
#1033=AXIS2_PLACEMENT_3D('',#2051,#2052,#2053);
#1034=SURFACE_SIDE_STYLE('',(#2054));
#1035=EDGE_LOOP('',(#2055,#2056,#2057,#2058,#2059,#2060));
#1036=AXIS2_PLACEMENT_3D('',#2061,#2062,#2063);
#1037=SURFACE_SIDE_STYLE('',(#2064));
#1038=EDGE_LOOP('',(#2065,#2066,#2067,#2068));
#1039=AXIS2_PLACEMENT_3D('',#2069,#2070,#2071);
#1040=SURFACE_SIDE_STYLE('',(#2072));
#1041=EDGE_LOOP('',(#2073,#2074,#2075,#2076));
#1042=AXIS2_PLACEMENT_3D('',#2077,#2078,#2079);
#1043=SURFACE_SIDE_STYLE('',(#2080));
#1044=EDGE_LOOP('',(#2081,#2082,#2083,#2084,#2085,#2086));
#1045=AXIS2_PLACEMENT_3D('',#2087,#2088,#2089);
#1046=SURFACE_SIDE_STYLE('',(#2090));
#1047=EDGE_LOOP('',(#2091,#2092,#2093,#2094));
#1048=AXIS2_PLACEMENT_3D('',#2095,#2096,#2097);
#1049=SURFACE_SIDE_STYLE('',(#2098));
#1050=EDGE_LOOP('',(#2099,#2100,#2101,#2102));
#1051=AXIS2_PLACEMENT_3D('',#2103,#2104,#2105);
#1052=SURFACE_SIDE_STYLE('',(#2106));
#1053=EDGE_LOOP('',(#2107,#2108,#2109,#2110));
#1054=AXIS2_PLACEMENT_3D('',#2111,#2112,#2113);
#1055=SURFACE_SIDE_STYLE('',(#2114));
#1056=EDGE_LOOP('',(#2115,#2116,#2117,#2118));
#1057=AXIS2_PLACEMENT_3D('',#2119,#2120,#2121);
#1058=SURFACE_SIDE_STYLE('',(#2122));
#1059=EDGE_LOOP('',(#2123,#2124,#2125,#2126,#2127));
#1060=AXIS2_PLACEMENT_3D('',#2128,#2129,#2130);
#1061=SURFACE_SIDE_STYLE('',(#2131));
#1062=EDGE_LOOP('',(#2132,#2133,#2134,#2135,#2136));
#1063=AXIS2_PLACEMENT_3D('',#2137,#2138,#2139);
#1064=SURFACE_SIDE_STYLE('',(#2140));
#1065=EDGE_LOOP('',(#2141,#2142,#2143,#2144,#2145,#2146,#2147,#2148));
#1066=AXIS2_PLACEMENT_3D('',#2149,#2150,#2151);
#1067=SURFACE_SIDE_STYLE('',(#2152));
#1068=EDGE_LOOP('',(#2153,#2154,#2155,#2156,#2157));
#1069=AXIS2_PLACEMENT_3D('',#2158,#2159,#2160);
#1070=SURFACE_SIDE_STYLE('',(#2161));
#1071=EDGE_LOOP('',(#2162,#2163,#2164,#2165,#2166,#2167,#2168,#2169));
#1072=AXIS2_PLACEMENT_3D('',#2170,#2171,#2172);
#1073=SURFACE_SIDE_STYLE('',(#2173));
#1075=SURFACE_STYLE_FILL_AREA(#2174);
#1076=ORIENTED_EDGE('',*,*,#2175,.F.);
#1077=ORIENTED_EDGE('',*,*,#2176,.T.);
#1078=ORIENTED_EDGE('',*,*,#2177,.T.);
#1079=ORIENTED_EDGE('',*,*,#2178,.F.);
#1080=CARTESIAN_POINT('',(0.0,36.4483873135794,13.0999999999996));
#1081=DIRECTION('',(-1.0,0.0,0.0));
#1082=DIRECTION('',(0.0,1.0,0.0));
#1083=SURFACE_STYLE_FILL_AREA(#2179);
#1084=ORIENTED_EDGE('',*,*,#2180,.F.);
#1085=ORIENTED_EDGE('',*,*,#2181,.F.);
#1086=ORIENTED_EDGE('',*,*,#2182,.F.);
#1087=ORIENTED_EDGE('',*,*,#2183,.T.);
#1088=CARTESIAN_POINT('',(0.0,38.6651471931809,13.0999999999996));
#1089=DIRECTION('',(-1.0,0.0,0.0));
#1090=DIRECTION('',(0.0,1.0,0.0));
#1091=SURFACE_STYLE_FILL_AREA(#2184);
#1092=ORIENTED_EDGE('',*,*,#2185,.F.);
#1093=ORIENTED_EDGE('',*,*,#2186,.F.);
#1094=ORIENTED_EDGE('',*,*,#2187,.F.);
#1095=ORIENTED_EDGE('',*,*,#2188,.T.);
#1096=CARTESIAN_POINT('',(4.75000000000001,7.1,19.0000000000001));
#1097=DIRECTION('',(0.0,0.0,-1.0));
#1098=DIRECTION('',(1.22464679914735E-16,1.0,0.0));
#1099=SURFACE_STYLE_FILL_AREA(#2189);
#1100=ORIENTED_EDGE('',*,*,#2190,.F.);
#1101=ORIENTED_EDGE('',*,*,#2191,.T.);
#1102=ORIENTED_EDGE('',*,*,#2192,.T.);
#1103=ORIENTED_EDGE('',*,*,#2193,.F.);
#1104=CARTESIAN_POINT('',(4.75000000000001,7.1,19.0000000000001));
#1105=DIRECTION('',(0.0,0.0,-1.0));
#1106=DIRECTION('',(1.22464679914735E-16,1.0,0.0));
#1107=SURFACE_STYLE_FILL_AREA(#2194);
#1108=ORIENTED_EDGE('',*,*,#2195,.F.);
#1109=ORIENTED_EDGE('',*,*,#2196,.F.);
#1110=ORIENTED_EDGE('',*,*,#2197,.F.);
#1111=ORIENTED_EDGE('',*,*,#2198,.T.);
#1112=CARTESIAN_POINT('',(2.1316282072803E-14,23.0,9.39999999999989));
#1113=DIRECTION('',(-1.0,0.0,0.0));
#1114=DIRECTION('',(0.0,1.0,0.0));
#1115=SURFACE_STYLE_FILL_AREA(#2199);
#1116=ORIENTED_EDGE('',*,*,#2200,.F.);
#1117=ORIENTED_EDGE('',*,*,#2201,.F.);
#1118=ORIENTED_EDGE('',*,*,#2202,.T.);
#1119=ORIENTED_EDGE('',*,*,#2203,.T.);
#1120=CARTESIAN_POINT('',(0.0,45.4644516971053,6.9522663205191));
#1121=DIRECTION('',(-1.0,0.0,0.0));
#1122=DIRECTION('',(0.0,1.0,0.0));
#1123=SURFACE_STYLE_FILL_AREA(#2204);
#1124=ORIENTED_EDGE('',*,*,#2205,.F.);
#1125=ORIENTED_EDGE('',*,*,#2206,.F.);
#1126=ORIENTED_EDGE('',*,*,#2207,.F.);
#1127=ORIENTED_EDGE('',*,*,#2208,.F.);
#1128=ORIENTED_EDGE('',*,*,#2209,.F.);
#1129=ORIENTED_EDGE('',*,*,#2210,.F.);
#1130=ORIENTED_EDGE('',*,*,#2211,.F.);
#1131=ORIENTED_EDGE('',*,*,#2212,.F.);
#1132=ORIENTED_EDGE('',*,*,#2213,.F.);
#1133=ORIENTED_EDGE('',*,*,#2214,.F.);
#1134=ORIENTED_EDGE('',*,*,#2215,.F.);
#1135=ORIENTED_EDGE('',*,*,#2216,.F.);
#1136=ORIENTED_EDGE('',*,*,#2217,.T.);
#1137=ORIENTED_EDGE('',*,*,#2218,.T.);
#1138=ORIENTED_EDGE('',*,*,#2219,.T.);
#1139=ORIENTED_EDGE('',*,*,#2220,.F.);
#1140=ORIENTED_EDGE('',*,*,#2221,.F.);
#1141=ORIENTED_EDGE('',*,*,#2222,.T.);
#1142=ORIENTED_EDGE('',*,*,#2223,.F.);
#1143=ORIENTED_EDGE('',*,*,#2224,.F.);
#1144=ORIENTED_EDGE('',*,*,#2225,.F.);
#1145=ORIENTED_EDGE('',*,*,#2226,.F.);
#1146=ORIENTED_EDGE('',*,*,#2227,.F.);
#1147=ORIENTED_EDGE('',*,*,#2228,.F.);
#1148=ORIENTED_EDGE('',*,*,#2229,.F.);
#1149=ORIENTED_EDGE('',*,*,#2230,.F.);
#1150=ORIENTED_EDGE('',*,*,#2231,.F.);
#1151=ORIENTED_EDGE('',*,*,#2232,.F.);
#1152=ORIENTED_EDGE('',*,*,#2233,.F.);
#1153=ORIENTED_EDGE('',*,*,#2234,.F.);
#1154=ORIENTED_EDGE('',*,*,#2235,.F.);
#1155=ORIENTED_EDGE('',*,*,#2236,.F.);
#1156=ORIENTED_EDGE('',*,*,#2237,.F.);
#1157=ORIENTED_EDGE('',*,*,#2196,.T.);
#1158=ORIENTED_EDGE('',*,*,#2238,.T.);
#1159=ORIENTED_EDGE('',*,*,#2239,.F.);
#1160=ORIENTED_EDGE('',*,*,#2240,.F.);
#1161=ORIENTED_EDGE('',*,*,#2241,.F.);
#1162=ORIENTED_EDGE('',*,*,#2242,.F.);
#1163=ORIENTED_EDGE('',*,*,#2176,.F.);
#1164=ORIENTED_EDGE('',*,*,#2243,.F.);
#1165=ORIENTED_EDGE('',*,*,#2244,.F.);
#1166=ORIENTED_EDGE('',*,*,#2201,.T.);
#1167=ORIENTED_EDGE('',*,*,#2245,.T.);
#1168=ORIENTED_EDGE('',*,*,#2246,.T.);
#1169=ORIENTED_EDGE('',*,*,#2247,.F.);
#1170=ORIENTED_EDGE('',*,*,#2248,.F.);
#1171=ORIENTED_EDGE('',*,*,#2249,.F.);
#1172=ORIENTED_EDGE('',*,*,#2250,.F.);
#1173=ORIENTED_EDGE('',*,*,#2251,.F.);
#1174=ORIENTED_EDGE('',*,*,#2252,.F.);
#1175=ORIENTED_EDGE('',*,*,#2253,.F.);
#1176=ORIENTED_EDGE('',*,*,#2183,.F.);
#1177=ORIENTED_EDGE('',*,*,#2254,.F.);
#1178=ORIENTED_EDGE('',*,*,#2255,.F.);
#1179=ORIENTED_EDGE('',*,*,#2256,.F.);
#1180=ORIENTED_EDGE('',*,*,#2257,.F.);
#1181=ORIENTED_EDGE('',*,*,#2258,.F.);
#1182=ORIENTED_EDGE('',*,*,#2259,.T.);
#1183=ORIENTED_EDGE('',*,*,#2260,.F.);
#1184=ORIENTED_EDGE('',*,*,#2261,.F.);
#1185=ORIENTED_EDGE('',*,*,#2262,.F.);
#1186=ORIENTED_EDGE('',*,*,#2263,.F.);
#1187=ORIENTED_EDGE('',*,*,#2264,.F.);
#1188=ORIENTED_EDGE('',*,*,#2265,.T.);
#1189=ORIENTED_EDGE('',*,*,#2266,.T.);
#1190=ORIENTED_EDGE('',*,*,#2267,.T.);
#1191=ORIENTED_EDGE('',*,*,#2268,.T.);
#1192=ORIENTED_EDGE('',*,*,#2269,.F.);
#1193=ORIENTED_EDGE('',*,*,#2270,.F.);
#1194=ORIENTED_EDGE('',*,*,#2271,.F.);
#1195=ORIENTED_EDGE('',*,*,#2272,.F.);
#1196=ORIENTED_EDGE('',*,*,#2273,.F.);
#1197=ORIENTED_EDGE('',*,*,#2274,.T.);
#1198=ORIENTED_EDGE('',*,*,#2275,.T.);
#1199=CARTESIAN_POINT('',(9.5,20.3347242856288,26.9715259246311));
#1200=DIRECTION('',(1.0,0.0,0.0));
#1201=DIRECTION('',(0.0,1.0,0.0));
#1202=SURFACE_STYLE_FILL_AREA(#2276);
#1203=ORIENTED_EDGE('',*,*,#2277,.T.);
#1204=ORIENTED_EDGE('',*,*,#2278,.T.);
#1205=ORIENTED_EDGE('',*,*,#2279,.T.);
#1206=ORIENTED_EDGE('',*,*,#2280,.T.);
#1207=ORIENTED_EDGE('',*,*,#2281,.T.);
#1208=ORIENTED_EDGE('',*,*,#2282,.T.);
#1209=ORIENTED_EDGE('',*,*,#2283,.T.);
#1210=ORIENTED_EDGE('',*,*,#2284,.T.);
#1211=ORIENTED_EDGE('',*,*,#2285,.T.);
#1212=ORIENTED_EDGE('',*,*,#2286,.T.);
#1213=ORIENTED_EDGE('',*,*,#2287,.T.);
#1214=ORIENTED_EDGE('',*,*,#2288,.F.);
#1215=ORIENTED_EDGE('',*,*,#2289,.F.);
#1216=ORIENTED_EDGE('',*,*,#2290,.F.);
#1217=ORIENTED_EDGE('',*,*,#2291,.T.);
#1218=ORIENTED_EDGE('',*,*,#2292,.T.);
#1219=ORIENTED_EDGE('',*,*,#2293,.T.);
#1220=ORIENTED_EDGE('',*,*,#2294,.T.);
#1221=ORIENTED_EDGE('',*,*,#2295,.T.);
#1222=ORIENTED_EDGE('',*,*,#2181,.T.);
#1223=ORIENTED_EDGE('',*,*,#2296,.T.);
#1224=ORIENTED_EDGE('',*,*,#2297,.T.);
#1225=ORIENTED_EDGE('',*,*,#2298,.T.);
#1226=ORIENTED_EDGE('',*,*,#2299,.T.);
#1227=ORIENTED_EDGE('',*,*,#2300,.T.);
#1228=ORIENTED_EDGE('',*,*,#2301,.F.);
#1229=ORIENTED_EDGE('',*,*,#2302,.F.);
#1230=ORIENTED_EDGE('',*,*,#2303,.F.);
#1231=ORIENTED_EDGE('',*,*,#2304,.F.);
#1232=ORIENTED_EDGE('',*,*,#2203,.F.);
#1233=ORIENTED_EDGE('',*,*,#2305,.T.);
#1234=ORIENTED_EDGE('',*,*,#2306,.T.);
#1235=ORIENTED_EDGE('',*,*,#2178,.T.);
#1236=ORIENTED_EDGE('',*,*,#2307,.T.);
#1237=ORIENTED_EDGE('',*,*,#2308,.T.);
#1238=ORIENTED_EDGE('',*,*,#2309,.T.);
#1239=ORIENTED_EDGE('',*,*,#2310,.T.);
#1240=ORIENTED_EDGE('',*,*,#2311,.F.);
#1241=ORIENTED_EDGE('',*,*,#2198,.F.);
#1242=ORIENTED_EDGE('',*,*,#2312,.T.);
#1243=ORIENTED_EDGE('',*,*,#2313,.T.);
#1244=ORIENTED_EDGE('',*,*,#2314,.T.);
#1245=ORIENTED_EDGE('',*,*,#2315,.T.);
#1246=ORIENTED_EDGE('',*,*,#2316,.T.);
#1247=ORIENTED_EDGE('',*,*,#2317,.T.);
#1248=ORIENTED_EDGE('',*,*,#2318,.T.);
#1249=ORIENTED_EDGE('',*,*,#2319,.T.);
#1250=ORIENTED_EDGE('',*,*,#2320,.T.);
#1251=ORIENTED_EDGE('',*,*,#2321,.T.);
#1252=ORIENTED_EDGE('',*,*,#2322,.T.);
#1253=ORIENTED_EDGE('',*,*,#2323,.T.);
#1254=ORIENTED_EDGE('',*,*,#2324,.T.);
#1255=ORIENTED_EDGE('',*,*,#2325,.T.);
#1256=ORIENTED_EDGE('',*,*,#2326,.T.);
#1257=ORIENTED_EDGE('',*,*,#2327,.F.);
#1258=ORIENTED_EDGE('',*,*,#2328,.T.);
#1259=ORIENTED_EDGE('',*,*,#2329,.T.);
#1260=ORIENTED_EDGE('',*,*,#2330,.F.);
#1261=ORIENTED_EDGE('',*,*,#2331,.T.);
#1262=ORIENTED_EDGE('',*,*,#2332,.F.);
#1263=ORIENTED_EDGE('',*,*,#2333,.T.);
#1264=ORIENTED_EDGE('',*,*,#2334,.T.);
#1265=ORIENTED_EDGE('',*,*,#2335,.T.);
#1266=ORIENTED_EDGE('',*,*,#2336,.T.);
#1267=ORIENTED_EDGE('',*,*,#2337,.T.);
#1268=ORIENTED_EDGE('',*,*,#2338,.F.);
#1269=ORIENTED_EDGE('',*,*,#2339,.F.);
#1270=ORIENTED_EDGE('',*,*,#2340,.F.);
#1271=ORIENTED_EDGE('',*,*,#2341,.T.);
#1272=ORIENTED_EDGE('',*,*,#2342,.T.);
#1273=ORIENTED_EDGE('',*,*,#2343,.T.);
#1274=ORIENTED_EDGE('',*,*,#2344,.T.);
#1275=ORIENTED_EDGE('',*,*,#2345,.T.);
#1276=ORIENTED_EDGE('',*,*,#2346,.T.);
#1277=ORIENTED_EDGE('',*,*,#2347,.T.);
#1278=CARTESIAN_POINT('',(0.0,-57.7419574948837,-85.5812260017049));
#1279=DIRECTION('',(1.0,0.0,0.0));
#1280=DIRECTION('',(0.0,1.0,0.0));
#1281=SURFACE_STYLE_FILL_AREA(#2348);
#1282=ORIENTED_EDGE('',*,*,#2349,.F.);
#1283=ORIENTED_EDGE('',*,*,#2249,.T.);
#1284=ORIENTED_EDGE('',*,*,#2350,.T.);
#1285=ORIENTED_EDGE('',*,*,#2300,.F.);
#1286=CARTESIAN_POINT('',(0.0,37.4846990743272,2.62652029939879));
#1287=DIRECTION('',(-0.0,-0.258819045102625,-0.96592582628904));
#1288=DIRECTION('',(0.0,-0.96592582628904,0.258819045102625));
#1289=SURFACE_STYLE_FILL_AREA(#2351);
#1290=ORIENTED_EDGE('',*,*,#2308,.F.);
#1291=ORIENTED_EDGE('',*,*,#2352,.T.);
#1292=ORIENTED_EDGE('',*,*,#2241,.T.);
#1293=ORIENTED_EDGE('',*,*,#2353,.T.);
#1294=CARTESIAN_POINT('',(0.0,33.5,13.5999999999996));
#1295=DIRECTION('',(0.0,1.0,0.0));
#1296=DIRECTION('',(0.0,0.0,1.0));
#1297=SURFACE_STYLE_FILL_AREA(#2354);
#1298=ORIENTED_EDGE('',*,*,#2177,.F.);
#1299=ORIENTED_EDGE('',*,*,#2242,.T.);
#1300=ORIENTED_EDGE('',*,*,#2352,.F.);
#1301=ORIENTED_EDGE('',*,*,#2307,.F.);
#1302=CARTESIAN_POINT('',(0.0,36.4483873135794,13.5999999999996));
#1303=DIRECTION('',(0.0,0.0,-1.0));
#1304=DIRECTION('',(-1.0,0.0,0.0));
#1305=SURFACE_STYLE_FILL_AREA(#2355);
#1306=ORIENTED_EDGE('',*,*,#2182,.T.);
#1307=ORIENTED_EDGE('',*,*,#2295,.F.);
#1308=ORIENTED_EDGE('',*,*,#2356,.T.);
#1309=ORIENTED_EDGE('',*,*,#2254,.T.);
#1310=CARTESIAN_POINT('',(0.0,40.3,13.5999999999996));
#1311=DIRECTION('',(0.0,0.0,-1.0));
#1312=DIRECTION('',(-1.0,0.0,0.0));
#1313=SURFACE_STYLE_FILL_AREA(#2357);
#1314=ORIENTED_EDGE('',*,*,#2286,.F.);
#1315=ORIENTED_EDGE('',*,*,#2358,.F.);
#1316=ORIENTED_EDGE('',*,*,#2263,.T.);
#1317=ORIENTED_EDGE('',*,*,#2359,.T.);
#1318=CARTESIAN_POINT('',(0.0,50.5000000000003,25.2000000000001));
#1319=DIRECTION('',(0.0,1.0,0.0));
#1320=DIRECTION('',(0.0,0.0,1.0));
#1321=SURFACE_STYLE_FILL_AREA(#2360);
#1322=ORIENTED_EDGE('',*,*,#2200,.T.);
#1323=ORIENTED_EDGE('',*,*,#2304,.T.);
#1324=ORIENTED_EDGE('',*,*,#2361,.T.);
#1325=ORIENTED_EDGE('',*,*,#2245,.F.);
#1326=CARTESIAN_POINT('',(0.0,45.4644516971053,6.9522663205191));
#1327=DIRECTION('',(-1.0,0.0,0.0));
#1328=DIRECTION('',(0.0,1.0,0.0));
#1329=SURFACE_STYLE_FILL_AREA(#2362);
#1330=ORIENTED_EDGE('',*,*,#2363,.T.);
#1331=ORIENTED_EDGE('',*,*,#2305,.F.);
#1332=ORIENTED_EDGE('',*,*,#2202,.F.);
#1333=ORIENTED_EDGE('',*,*,#2244,.T.);
#1334=CARTESIAN_POINT('',(0.0,36.5388086317147,11.5056053007899));
#1335=DIRECTION('',(0.0,-0.965925826289072,0.258819045102509));
#1336=DIRECTION('',(1.0,0.0,0.0));
#1337=SURFACE_STYLE_FILL_AREA(#2364);
#1338=ORIENTED_EDGE('',*,*,#2365,.F.);
#1339=ORIENTED_EDGE('',*,*,#2252,.T.);
#1340=ORIENTED_EDGE('',*,*,#2366,.F.);
#1341=ORIENTED_EDGE('',*,*,#2297,.F.);
#1342=CARTESIAN_POINT('',(0.0,38.1688741173602,13.0390653282972));
#1343=DIRECTION('',(0.0,0.992546151641322,0.12186934340515));
#1344=DIRECTION('',(-1.0,0.0,0.0));
#1345=SURFACE_STYLE_FILL_AREA(#2367);
#1346=ORIENTED_EDGE('',*,*,#2368,.F.);
#1347=ORIENTED_EDGE('',*,*,#2302,.T.);
#1348=ORIENTED_EDGE('',*,*,#2369,.F.);
#1349=ORIENTED_EDGE('',*,*,#2247,.T.);
#1350=CARTESIAN_POINT('',(9.5,34.6071448978153,5.1647168527159));
#1351=DIRECTION('',(0.0,0.0,-1.0));
#1352=DIRECTION('',(-1.0,0.0,0.0));
#1353=SURFACE_STYLE_FILL_AREA(#2370);
#1354=ORIENTED_EDGE('',*,*,#2368,.T.);
#1355=ORIENTED_EDGE('',*,*,#2246,.F.);
#1356=ORIENTED_EDGE('',*,*,#2361,.F.);
#1357=ORIENTED_EDGE('',*,*,#2303,.T.);
#1358=CARTESIAN_POINT('',(0.0,35.6071448978151,4.1648856051513));
#1359=DIRECTION('',(-1.0,0.0,0.0));
#1360=DIRECTION('',(0.0,1.0,0.0));
#1361=SURFACE_STYLE_FILL_AREA(#2371);
#1362=ORIENTED_EDGE('',*,*,#2369,.T.);
#1363=ORIENTED_EDGE('',*,*,#2301,.T.);
#1364=ORIENTED_EDGE('',*,*,#2350,.F.);
#1365=ORIENTED_EDGE('',*,*,#2248,.T.);
#1366=CARTESIAN_POINT('',(9.5,34.6071448978153,3.39755861717259));
#1367=DIRECTION('',(0.0,1.0,0.0));
#1368=DIRECTION('',(0.0,0.0,1.0));
#1369=SURFACE_STYLE_FILL_AREA(#2372);
#1370=ORIENTED_EDGE('',*,*,#2258,.T.);
#1371=ORIENTED_EDGE('',*,*,#2373,.T.);
#1372=ORIENTED_EDGE('',*,*,#2291,.F.);
#1373=ORIENTED_EDGE('',*,*,#2374,.F.);
#1374=CARTESIAN_POINT('',(0.0,45.6250000000003,7.19999999999999));
#1375=DIRECTION('',(0.0,0.0,-1.0));
#1376=DIRECTION('',(-1.0,0.0,0.0));
#1377=SURFACE_STYLE_FILL_AREA(#2375);
#1378=ORIENTED_EDGE('',*,*,#2299,.F.);
#1379=ORIENTED_EDGE('',*,*,#2376,.T.);
#1380=ORIENTED_EDGE('',*,*,#2250,.T.);
#1381=ORIENTED_EDGE('',*,*,#2349,.T.);
#1382=CARTESIAN_POINT('',(0.0,40.1153621486821,4.7168819401747));
#1383=DIRECTION('',(0.0,0.965925826289111,-0.258819045102362));
#1384=DIRECTION('',(-1.0,0.0,0.0));
#1385=SURFACE_STYLE_FILL_AREA(#2377);
#1386=ORIENTED_EDGE('',*,*,#2298,.F.);
#1387=ORIENTED_EDGE('',*,*,#2366,.T.);
#1388=ORIENTED_EDGE('',*,*,#2251,.T.);
#1389=ORIENTED_EDGE('',*,*,#2376,.F.);
#1390=CARTESIAN_POINT('',(0.0,39.100143957635,5.454481131175));
#1391=DIRECTION('',(0.0,0.587785252292427,0.809016994374981));
#1392=DIRECTION('',(-1.0,0.0,0.0));
#1393=SURFACE_STYLE_FILL_AREA(#2378);
#1394=ORIENTED_EDGE('',*,*,#2379,.T.);
#1395=ORIENTED_EDGE('',*,*,#2259,.F.);
#1396=ORIENTED_EDGE('',*,*,#2374,.T.);
#1397=ORIENTED_EDGE('',*,*,#2290,.T.);
#1398=CARTESIAN_POINT('',(0.0,45.9000000000003,5.49999999999969));
#1399=DIRECTION('',(0.0,-1.0,0.0));
#1400=DIRECTION('',(1.0,0.0,0.0));
#1401=SURFACE_STYLE_FILL_AREA(#2380);
#1402=ORIENTED_EDGE('',*,*,#2289,.T.);
#1403=ORIENTED_EDGE('',*,*,#2381,.F.);
#1404=ORIENTED_EDGE('',*,*,#2260,.T.);
#1405=ORIENTED_EDGE('',*,*,#2379,.F.);
#1406=CARTESIAN_POINT('',(0.0,44.4000000000003,4.99999999999969));
#1407=DIRECTION('',(0.0,-0.0,1.0));
#1408=DIRECTION('',(0.0,1.0,0.0));
#1409=SURFACE_STYLE_FILL_AREA(#2382);
#1410=ORIENTED_EDGE('',*,*,#2381,.T.);
#1411=ORIENTED_EDGE('',*,*,#2288,.T.);
#1412=ORIENTED_EDGE('',*,*,#2383,.F.);
#1413=ORIENTED_EDGE('',*,*,#2261,.T.);
#1414=CARTESIAN_POINT('',(9.5,43.8484481846013,1.99999999999969));
#1415=DIRECTION('',(0.0,1.0,0.0));
#1416=DIRECTION('',(0.0,0.0,1.0));
#1417=SURFACE_STYLE_FILL_AREA(#2384);
#1418=ORIENTED_EDGE('',*,*,#2217,.F.);
#1419=ORIENTED_EDGE('',*,*,#2385,.T.);
#1420=ORIENTED_EDGE('',*,*,#2386,.F.);
#1421=ORIENTED_EDGE('',*,*,#2387,.F.);
#1422=CARTESIAN_POINT('',(9.5,1.9,1.49999999999969));
#1423=DIRECTION('',(0.0,-0.0,1.0));
#1424=DIRECTION('',(0.0,1.0,0.0));
#1425=SURFACE_STYLE_FILL_AREA(#2388);
#1426=ORIENTED_EDGE('',*,*,#2389,.F.);
#1427=ORIENTED_EDGE('',*,*,#2390,.T.);
#1428=ORIENTED_EDGE('',*,*,#2386,.T.);
#1429=ORIENTED_EDGE('',*,*,#2391,.T.);
#1430=ORIENTED_EDGE('',*,*,#2392,.T.);
#1431=ORIENTED_EDGE('',*,*,#2393,.F.);
#1432=CARTESIAN_POINT('',(1.2,-57.7419574948837,-85.5812260017049));
#1433=DIRECTION('',(1.0,0.0,0.0));
#1434=DIRECTION('',(0.0,1.0,0.0));
#1435=SURFACE_STYLE_FILL_AREA(#2394);
#1436=ORIENTED_EDGE('',*,*,#2218,.F.);
#1437=ORIENTED_EDGE('',*,*,#2387,.T.);
#1438=ORIENTED_EDGE('',*,*,#2390,.F.);
#1439=ORIENTED_EDGE('',*,*,#2395,.F.);
#1440=CARTESIAN_POINT('',(9.5,1.0,1.99999999999969));
#1441=DIRECTION('',(0.0,1.0,0.0));
#1442=DIRECTION('',(0.0,0.0,1.0));
#1443=SURFACE_STYLE_FILL_AREA(#2396);
#1444=ORIENTED_EDGE('',*,*,#2333,.F.);
#1445=ORIENTED_EDGE('',*,*,#2397,.F.);
#1446=ORIENTED_EDGE('',*,*,#2391,.F.);
#1447=ORIENTED_EDGE('',*,*,#2385,.F.);
#1448=ORIENTED_EDGE('',*,*,#2216,.T.);
#1449=ORIENTED_EDGE('',*,*,#2398,.T.);
#1450=CARTESIAN_POINT('',(0.0,2.4,3.514213562373));
#1451=DIRECTION('',(0.0,-1.0,0.0));
#1452=DIRECTION('',(1.0,0.0,0.0));
#1453=SURFACE_STYLE_FILL_AREA(#2399);
#1454=ORIENTED_EDGE('',*,*,#2392,.F.);
#1455=ORIENTED_EDGE('',*,*,#2397,.T.);
#1456=ORIENTED_EDGE('',*,*,#2332,.T.);
#1457=ORIENTED_EDGE('',*,*,#2400,.F.);
#1458=CARTESIAN_POINT('',(9.5,2.4,3.014213562373));
#1459=DIRECTION('',(0.0,2.51214793389418E-15,1.0));
#1460=DIRECTION('',(0.0,1.0,-2.51214793389418E-15));
#1461=SURFACE_STYLE_FILL_AREA(#2401);
#1462=ORIENTED_EDGE('',*,*,#2331,.F.);
#1463=ORIENTED_EDGE('',*,*,#2402,.T.);
#1464=ORIENTED_EDGE('',*,*,#2393,.T.);
#1465=ORIENTED_EDGE('',*,*,#2400,.T.);
#1466=CARTESIAN_POINT('',(0.0,0.853553390593298,3.85355339059309));
#1467=DIRECTION('',(0.0,0.707106781186504,0.707106781186591));
#1468=DIRECTION('',(-1.0,0.0,0.0));
#1469=SURFACE_STYLE_FILL_AREA(#2403);
#1470=ORIENTED_EDGE('',*,*,#2330,.T.);
#1471=ORIENTED_EDGE('',*,*,#2404,.T.);
#1472=ORIENTED_EDGE('',*,*,#2219,.F.);
#1473=ORIENTED_EDGE('',*,*,#2395,.T.);
#1474=ORIENTED_EDGE('',*,*,#2389,.T.);
#1475=ORIENTED_EDGE('',*,*,#2402,.F.);
#1476=CARTESIAN_POINT('',(0.0,0.5,3.49999999999969));
#1477=DIRECTION('',(-1.0,0.0,0.0));
#1478=DIRECTION('',(0.0,1.0,0.0));
#1479=SURFACE_STYLE_FILL_AREA(#2405);
#1480=ORIENTED_EDGE('',*,*,#2406,.F.);
#1481=ORIENTED_EDGE('',*,*,#2220,.T.);
#1482=ORIENTED_EDGE('',*,*,#2404,.F.);
#1483=ORIENTED_EDGE('',*,*,#2329,.F.);
#1484=CARTESIAN_POINT('',(0.0,0.0,0.999999999999687));
#1485=DIRECTION('',(0.0,-1.0,0.0));
#1486=DIRECTION('',(1.0,0.0,0.0));
#1487=SURFACE_STYLE_FILL_AREA(#2407);
#1488=ORIENTED_EDGE('',*,*,#2408,.F.);
#1489=ORIENTED_EDGE('',*,*,#2312,.F.);
#1490=ORIENTED_EDGE('',*,*,#2197,.T.);
#1491=ORIENTED_EDGE('',*,*,#2237,.T.);
#1492=CARTESIAN_POINT('',(2.1316282072803E-14,22.1,11.1860571099489));
#1493=DIRECTION('',(-1.0,0.0,0.0));
#1494=DIRECTION('',(0.0,1.0,0.0));
#1495=SURFACE_STYLE_FILL_AREA(#2409);
#1496=ORIENTED_EDGE('',*,*,#2317,.F.);
#1497=ORIENTED_EDGE('',*,*,#2410,.T.);
#1498=ORIENTED_EDGE('',*,*,#2232,.T.);
#1499=ORIENTED_EDGE('',*,*,#2411,.F.);
#1500=CARTESIAN_POINT('',(0.0,16.4,12.3999999999998));
#1501=DIRECTION('',(-0.0,-0.866025403784389,-0.500000000000086));
#1502=DIRECTION('',(0.0,-0.500000000000086,0.866025403784389));
#1503=SURFACE_STYLE_FILL_AREA(#2412);
#1504=ORIENTED_EDGE('',*,*,#2316,.F.);
#1505=ORIENTED_EDGE('',*,*,#2413,.T.);
#1506=ORIENTED_EDGE('',*,*,#2233,.T.);
#1507=ORIENTED_EDGE('',*,*,#2410,.F.);
#1508=CARTESIAN_POINT('',(0.0,20.4,12.3999999999998));
#1509=DIRECTION('',(0.0,0.0,-1.0));
#1510=DIRECTION('',(-1.0,0.0,0.0));
#1511=SURFACE_STYLE_FILL_AREA(#2414);
#1512=ORIENTED_EDGE('',*,*,#2315,.F.);
#1513=ORIENTED_EDGE('',*,*,#2415,.T.);
#1514=ORIENTED_EDGE('',*,*,#2234,.T.);
#1515=ORIENTED_EDGE('',*,*,#2413,.F.);
#1516=CARTESIAN_POINT('',(0.0,20.7464101615138,12.9999999999997));
#1517=DIRECTION('',(0.0,0.866025403784389,-0.500000000000086));
#1518=DIRECTION('',(-1.0,0.0,0.0));
#1519=SURFACE_STYLE_FILL_AREA(#2416);
#1520=ORIENTED_EDGE('',*,*,#2314,.F.);
#1521=ORIENTED_EDGE('',*,*,#2417,.T.);
#1522=ORIENTED_EDGE('',*,*,#2235,.T.);
#1523=ORIENTED_EDGE('',*,*,#2415,.F.);
#1524=CARTESIAN_POINT('',(0.0,22.6,12.9999999999997));
#1525=DIRECTION('',(0.0,0.0,-1.0));
#1526=DIRECTION('',(-1.0,0.0,0.0));
#1527=SURFACE_STYLE_FILL_AREA(#2418);
#1528=ORIENTED_EDGE('',*,*,#2408,.T.);
#1529=ORIENTED_EDGE('',*,*,#2236,.T.);
#1530=ORIENTED_EDGE('',*,*,#2417,.F.);
#1531=ORIENTED_EDGE('',*,*,#2313,.F.);
#1532=CARTESIAN_POINT('',(0.0,22.6,11.1860571099489));
#1533=DIRECTION('',(0.0,-1.0,0.0));
#1534=DIRECTION('',(1.0,0.0,0.0));
#1535=SURFACE_STYLE_FILL_AREA(#2419);
#1536=ORIENTED_EDGE('',*,*,#2195,.T.);
#1537=ORIENTED_EDGE('',*,*,#2311,.T.);
#1538=ORIENTED_EDGE('',*,*,#2420,.T.);
#1539=ORIENTED_EDGE('',*,*,#2238,.F.);
#1540=CARTESIAN_POINT('',(2.1316282072803E-14,23.0,9.39999999999989));
#1541=DIRECTION('',(-1.0,0.0,0.0));
#1542=DIRECTION('',(0.0,1.0,0.0));
#1543=SURFACE_STYLE_FILL_AREA(#2421);
#1544=ORIENTED_EDGE('',*,*,#2422,.F.);
#1545=ORIENTED_EDGE('',*,*,#2239,.T.);
#1546=ORIENTED_EDGE('',*,*,#2420,.F.);
#1547=ORIENTED_EDGE('',*,*,#2310,.F.);
#1548=CARTESIAN_POINT('',(0.0,22.1710599808939,7.51390330726569));
#1549=DIRECTION('',(-0.0,-0.920504853452456,-0.390731128489236));
#1550=DIRECTION('',(0.0,-0.390731128489236,0.920504853452456));
#1551=SURFACE_STYLE_FILL_AREA(#2423);
#1552=ORIENTED_EDGE('',*,*,#2353,.F.);
#1553=ORIENTED_EDGE('',*,*,#2240,.T.);
#1554=ORIENTED_EDGE('',*,*,#2422,.T.);
#1555=ORIENTED_EDGE('',*,*,#2309,.F.);
#1556=CARTESIAN_POINT('',(0.0,33.0,6.5999999999996));
#1557=DIRECTION('',(0.0,0.0,-1.0));
#1558=DIRECTION('',(-1.0,0.0,0.0));
#1559=SURFACE_STYLE_FILL_AREA(#2424);
#1560=ORIENTED_EDGE('',*,*,#2425,.F.);
#1561=ORIENTED_EDGE('',*,*,#2318,.F.);
#1562=ORIENTED_EDGE('',*,*,#2411,.T.);
#1563=ORIENTED_EDGE('',*,*,#2231,.T.);
#1564=CARTESIAN_POINT('',(0.0,16.0535898384862,12.9999999999997));
#1565=DIRECTION('',(0.0,0.0,-1.0));
#1566=DIRECTION('',(-1.0,0.0,0.0));
#1567=SURFACE_STYLE_FILL_AREA(#2426);
#1568=ORIENTED_EDGE('',*,*,#2427,.T.);
#1569=ORIENTED_EDGE('',*,*,#2229,.T.);
#1570=ORIENTED_EDGE('',*,*,#2428,.T.);
#1571=ORIENTED_EDGE('',*,*,#2320,.F.);
#1572=CARTESIAN_POINT('',(0.0,10.55,10.9999999999997));
#1573=DIRECTION('',(0.0,1.0,0.0));
#1574=DIRECTION('',(0.0,0.0,1.0));
#1575=SURFACE_STYLE_FILL_AREA(#2429);
#1576=ORIENTED_EDGE('',*,*,#2323,.F.);
#1577=ORIENTED_EDGE('',*,*,#2430,.T.);
#1578=ORIENTED_EDGE('',*,*,#2226,.T.);
#1579=ORIENTED_EDGE('',*,*,#2431,.F.);
#1580=CARTESIAN_POINT('',(0.0,12.4,6.66653451987189));
#1581=DIRECTION('',(0.0,0.173648177667011,-0.984807753012194));
#1582=DIRECTION('',(-1.0,0.0,0.0));
#1583=SURFACE_STYLE_FILL_AREA(#2432);
#1584=ORIENTED_EDGE('',*,*,#2325,.F.);
#1585=ORIENTED_EDGE('',*,*,#2433,.T.);
#1586=ORIENTED_EDGE('',*,*,#2224,.T.);
#1587=ORIENTED_EDGE('',*,*,#2434,.F.);
#1588=CARTESIAN_POINT('',(0.0,11.1,5.19999999999999));
#1589=DIRECTION('',(0.0,0.152057184254142,0.988371697650586));
#1590=DIRECTION('',(-1.0,0.0,0.0));
#1591=SURFACE_STYLE_FILL_AREA(#2435);
#1592=ORIENTED_EDGE('',*,*,#2327,.T.);
#1593=ORIENTED_EDGE('',*,*,#2436,.T.);
#1594=ORIENTED_EDGE('',*,*,#2222,.F.);
#1595=ORIENTED_EDGE('',*,*,#2437,.T.);
#1596=CARTESIAN_POINT('',(0.0,2.9035438789771,4.95946317944319));
#1597=DIRECTION('',(-1.0,0.0,0.0));
#1598=DIRECTION('',(0.0,1.0,0.0));
#1599=SURFACE_STYLE_FILL_AREA(#2438);
#1600=ORIENTED_EDGE('',*,*,#2326,.F.);
#1601=ORIENTED_EDGE('',*,*,#2434,.T.);
#1602=ORIENTED_EDGE('',*,*,#2223,.T.);
#1603=ORIENTED_EDGE('',*,*,#2436,.F.);
#1604=CARTESIAN_POINT('',(0.0,12.4,4.99999999999969));
#1605=DIRECTION('',(0.0,1.0,0.0));
#1606=DIRECTION('',(0.0,0.0,1.0));
#1607=SURFACE_STYLE_FILL_AREA(#2439);
#1608=ORIENTED_EDGE('',*,*,#2324,.F.);
#1609=ORIENTED_EDGE('',*,*,#2431,.T.);
#1610=ORIENTED_EDGE('',*,*,#2225,.T.);
#1611=ORIENTED_EDGE('',*,*,#2433,.F.);
#1612=CARTESIAN_POINT('',(0.0,10.8884076231499,6.39999999999979));
#1613=DIRECTION('',(0.0,0.984807753012213,0.173648177666903));
#1614=DIRECTION('',(-1.0,0.0,0.0));
#1615=SURFACE_STYLE_FILL_AREA(#2440);
#1616=ORIENTED_EDGE('',*,*,#2322,.F.);
#1617=ORIENTED_EDGE('',*,*,#2441,.T.);
#1618=ORIENTED_EDGE('',*,*,#2227,.T.);
#1619=ORIENTED_EDGE('',*,*,#2430,.F.);
#1620=CARTESIAN_POINT('',(0.0,12.4,7.39999999999979));
#1621=DIRECTION('',(0.0,1.0,0.0));
#1622=DIRECTION('',(0.0,0.0,1.0));
#1623=SURFACE_STYLE_FILL_AREA(#2442);
#1624=ORIENTED_EDGE('',*,*,#2428,.F.);
#1625=ORIENTED_EDGE('',*,*,#2228,.T.);
#1626=ORIENTED_EDGE('',*,*,#2441,.F.);
#1627=ORIENTED_EDGE('',*,*,#2321,.F.);
#1628=CARTESIAN_POINT('',(0.0,10.6964466094067,9.10355339059309));
#1629=DIRECTION('',(0.0,0.707106781186536,0.707106781186559));
#1630=DIRECTION('',(-1.0,0.0,0.0));
#1631=SURFACE_STYLE_FILL_AREA(#2443);
#1632=ORIENTED_EDGE('',*,*,#2437,.F.);
#1633=ORIENTED_EDGE('',*,*,#2221,.T.);
#1634=ORIENTED_EDGE('',*,*,#2406,.T.);
#1635=ORIENTED_EDGE('',*,*,#2328,.F.);
#1636=CARTESIAN_POINT('',(0.0,10.1168728268399,-3.12638803734444E-13));
#1637=DIRECTION('',(0.0,0.0,-1.0));
#1638=DIRECTION('',(-1.0,0.0,0.0));
#1639=SURFACE_STYLE_FILL_AREA(#2444);
#1640=ORIENTED_EDGE('',*,*,#2398,.F.);
#1641=ORIENTED_EDGE('',*,*,#2215,.T.);
#1642=ORIENTED_EDGE('',*,*,#2445,.T.);
#1643=ORIENTED_EDGE('',*,*,#2334,.F.);
#1644=CARTESIAN_POINT('',(0.0,2.11892336111,6.00725220448359));
#1645=DIRECTION('',(-0.0,-0.906307787036661,-0.422618261740677));
#1646=DIRECTION('',(0.0,-0.422618261740677,0.906307787036661));
#1647=SURFACE_STYLE_FILL_AREA(#2446);
#1648=ORIENTED_EDGE('',*,*,#2445,.F.);
#1649=ORIENTED_EDGE('',*,*,#2214,.T.);
#1650=ORIENTED_EDGE('',*,*,#2447,.T.);
#1651=ORIENTED_EDGE('',*,*,#2335,.F.);
#1652=CARTESIAN_POINT('',(0.0,0.0,11.2163820043422));
#1653=DIRECTION('',(0.0,-1.0,0.0));
#1654=DIRECTION('',(1.0,0.0,0.0));
#1655=SURFACE_STYLE_FILL_AREA(#2448);
#1656=ORIENTED_EDGE('',*,*,#2447,.F.);
#1657=ORIENTED_EDGE('',*,*,#2213,.T.);
#1658=ORIENTED_EDGE('',*,*,#2449,.T.);
#1659=ORIENTED_EDGE('',*,*,#2336,.F.);
#1660=ORIENTED_EDGE('',*,*,#2450,.F.);
#1661=ORIENTED_EDGE('',*,*,#2451,.F.);
#1662=ORIENTED_EDGE('',*,*,#2452,.F.);
#1663=ORIENTED_EDGE('',*,*,#2188,.F.);
#1664=ORIENTED_EDGE('',*,*,#2453,.T.);
#1665=ORIENTED_EDGE('',*,*,#2191,.F.);
#1666=CARTESIAN_POINT('',(0.0,1.2,22.0000000000001));
#1667=DIRECTION('',(0.0,-0.0,1.0));
#1668=DIRECTION('',(0.0,1.0,0.0));
#1669=SURFACE_STYLE_FILL_AREA(#2454);
#1670=ORIENTED_EDGE('',*,*,#2455,.T.);
#1671=ORIENTED_EDGE('',*,*,#2193,.T.);
#1672=ORIENTED_EDGE('',*,*,#2456,.F.);
#1673=CARTESIAN_POINT('',(4.75,5.65,22.9047310144271));
#1674=DIRECTION('',(0.0,0.0,-1.0));
#1675=DIRECTION('',(-1.0,0.0,0.0));
#1676=SURFACE_STYLE_FILL_AREA(#2457);
#1677=ORIENTED_EDGE('',*,*,#2190,.T.);
#1678=ORIENTED_EDGE('',*,*,#2455,.F.);
#1679=ORIENTED_EDGE('',*,*,#2458,.F.);
#1680=ORIENTED_EDGE('',*,*,#2450,.T.);
#1681=CARTESIAN_POINT('',(4.75000000000001,7.1,19.0000000000001));
#1682=DIRECTION('',(0.0,0.0,-1.0));
#1683=DIRECTION('',(1.22464679914735E-16,1.0,0.0));
#1684=SURFACE_STYLE_FILL_AREA(#2459);
#1685=ORIENTED_EDGE('',*,*,#2456,.T.);
#1686=ORIENTED_EDGE('',*,*,#2192,.F.);
#1687=ORIENTED_EDGE('',*,*,#2460,.T.);
#1688=ORIENTED_EDGE('',*,*,#2461,.T.);
#1689=ORIENTED_EDGE('',*,*,#2462,.T.);
#1690=ORIENTED_EDGE('',*,*,#2463,.F.);
#1691=ORIENTED_EDGE('',*,*,#2458,.T.);
#1692=CARTESIAN_POINT('',(3.09580309962929,9.60272503779461,22.9047310144271));
#1693=DIRECTION('',(-0.707106781186548,-0.707106781186547,0.0));
#1694=DIRECTION('',(0.707106781186547,-0.707106781186548,0.0));
#1695=SURFACE_STYLE_FILL_AREA(#2464);
#1696=ORIENTED_EDGE('',*,*,#2465,.T.);
#1697=ORIENTED_EDGE('',*,*,#2462,.F.);
#1698=ORIENTED_EDGE('',*,*,#2466,.F.);
#1699=ORIENTED_EDGE('',*,*,#2467,.T.);
#1700=ORIENTED_EDGE('',*,*,#2468,.F.);
#1701=CARTESIAN_POINT('',(4.75000000000001,7.1,21.6451065529251));
#1702=DIRECTION('',(-0.0,-0.0,1.0));
#1703=DIRECTION('',(-9.44870659255452E-17,1.0,0.0));
#1704=SURFACE_STYLE_FILL_AREA(#2469);
#1705=ORIENTED_EDGE('',*,*,#2453,.F.);
#1706=ORIENTED_EDGE('',*,*,#2470,.T.);
#1707=ORIENTED_EDGE('',*,*,#2471,.T.);
#1708=ORIENTED_EDGE('',*,*,#2460,.F.);
#1709=CARTESIAN_POINT('',(4.75000000000001,7.1,22.9047310144271));
#1710=DIRECTION('',(0.0,-0.0,1.0));
#1711=DIRECTION('',(0.0,1.0,0.0));
#1712=SURFACE_STYLE_FILL_AREA(#2472);
#1713=ORIENTED_EDGE('',*,*,#2473,.T.);
#1714=ORIENTED_EDGE('',*,*,#2474,.F.);
#1715=ORIENTED_EDGE('',*,*,#2475,.T.);
#1716=ORIENTED_EDGE('',*,*,#2468,.T.);
#1717=ORIENTED_EDGE('',*,*,#2476,.T.);
#1718=ORIENTED_EDGE('',*,*,#2470,.F.);
#1719=ORIENTED_EDGE('',*,*,#2187,.T.);
#1720=CARTESIAN_POINT('',(6.40419690037074,4.5972749622054,22.9047310144271));
#1721=DIRECTION('',(0.707106781186548,0.707106781186548,0.0));
#1722=DIRECTION('',(0.0,0.0,-1.0));
#1723=SURFACE_STYLE_FILL_AREA(#2477);
#1724=ORIENTED_EDGE('',*,*,#2473,.F.);
#1725=ORIENTED_EDGE('',*,*,#2186,.T.);
#1726=ORIENTED_EDGE('',*,*,#2478,.T.);
#1727=CARTESIAN_POINT('',(4.75,5.65,22.9047310144271));
#1728=DIRECTION('',(0.0,0.0,-1.0));
#1729=DIRECTION('',(-1.0,0.0,0.0));
#1730=SURFACE_STYLE_FILL_AREA(#2479);
#1731=ORIENTED_EDGE('',*,*,#2451,.T.);
#1732=ORIENTED_EDGE('',*,*,#2463,.T.);
#1733=ORIENTED_EDGE('',*,*,#2465,.F.);
#1734=ORIENTED_EDGE('',*,*,#2475,.F.);
#1735=CARTESIAN_POINT('',(4.75000000000001,7.1,22.9047310144271));
#1736=DIRECTION('',(0.0,0.0,-1.0));
#1737=DIRECTION('',(0.0,1.0,0.0));
#1738=SURFACE_STYLE_FILL_AREA(#2480);
#1739=ORIENTED_EDGE('',*,*,#2185,.T.);
#1740=ORIENTED_EDGE('',*,*,#2452,.T.);
#1741=ORIENTED_EDGE('',*,*,#2474,.T.);
#1742=ORIENTED_EDGE('',*,*,#2478,.F.);
#1743=CARTESIAN_POINT('',(4.75000000000001,7.1,19.0000000000001));
#1744=DIRECTION('',(0.0,0.0,-1.0));
#1745=DIRECTION('',(1.22464679914735E-16,1.0,0.0));
#1746=SURFACE_STYLE_FILL_AREA(#2481);
#1747=ORIENTED_EDGE('',*,*,#2342,.F.);
#1748=ORIENTED_EDGE('',*,*,#2482,.T.);
#1749=ORIENTED_EDGE('',*,*,#2211,.T.);
#1750=ORIENTED_EDGE('',*,*,#2483,.F.);
#1751=CARTESIAN_POINT('',(0.0,13.8,28.7019237886471));
#1752=DIRECTION('',(0.0,-0.965925826289066,0.25881904510253));
#1753=DIRECTION('',(1.0,0.0,0.0));
#1754=SURFACE_STYLE_FILL_AREA(#2484);
#1755=ORIENTED_EDGE('',*,*,#2344,.F.);
#1756=ORIENTED_EDGE('',*,*,#2485,.T.);
#1757=ORIENTED_EDGE('',*,*,#2209,.T.);
#1758=ORIENTED_EDGE('',*,*,#2486,.T.);
#1759=CARTESIAN_POINT('',(0.0,15.3,35.3000000000001));
#1760=DIRECTION('',(0.0,-0.0,1.0));
#1761=DIRECTION('',(0.0,1.0,0.0));
#1762=SURFACE_STYLE_FILL_AREA(#2487);
#1763=ORIENTED_EDGE('',*,*,#2343,.F.);
#1764=ORIENTED_EDGE('',*,*,#2483,.T.);
#1765=ORIENTED_EDGE('',*,*,#2210,.T.);
#1766=ORIENTED_EDGE('',*,*,#2485,.F.);
#1767=CARTESIAN_POINT('',(0.0,15.3,34.3000000000001));
#1768=DIRECTION('',(0.0,-1.0,0.0));
#1769=DIRECTION('',(1.0,0.0,0.0));
#1770=SURFACE_STYLE_FILL_AREA(#2488);
#1771=ORIENTED_EDGE('',*,*,#2449,.F.);
#1772=ORIENTED_EDGE('',*,*,#2212,.T.);
#1773=ORIENTED_EDGE('',*,*,#2482,.F.);
#1774=ORIENTED_EDGE('',*,*,#2341,.F.);
#1775=ORIENTED_EDGE('',*,*,#2489,.T.);
#1776=ORIENTED_EDGE('',*,*,#2490,.T.);
#1777=ORIENTED_EDGE('',*,*,#2491,.T.);
#1778=ORIENTED_EDGE('',*,*,#2337,.F.);
#1779=CARTESIAN_POINT('',(0.0,13.8,23.5000000000001));
#1780=DIRECTION('',(0.0,-1.0,0.0));
#1781=DIRECTION('',(1.0,0.0,0.0));
#1782=SURFACE_STYLE_FILL_AREA(#2492);
#1783=ORIENTED_EDGE('',*,*,#2338,.T.);
#1784=ORIENTED_EDGE('',*,*,#2491,.F.);
#1785=ORIENTED_EDGE('',*,*,#2493,.F.);
#1786=ORIENTED_EDGE('',*,*,#2494,.F.);
#1787=CARTESIAN_POINT('',(0.0,13.8,23.6000000000001));
#1788=DIRECTION('',(0.0,-0.0,1.0));
#1789=DIRECTION('',(0.0,1.0,0.0));
#1790=SURFACE_STYLE_FILL_AREA(#2495);
#1791=ORIENTED_EDGE('',*,*,#2339,.T.);
#1792=ORIENTED_EDGE('',*,*,#2494,.T.);
#1793=ORIENTED_EDGE('',*,*,#2496,.F.);
#1794=ORIENTED_EDGE('',*,*,#2497,.F.);
#1795=CARTESIAN_POINT('',(0.0,15.9,23.6000000000001));
#1796=DIRECTION('',(0.0,-1.0,0.0));
#1797=DIRECTION('',(1.0,0.0,0.0));
#1798=SURFACE_STYLE_FILL_AREA(#2498);
#1799=ORIENTED_EDGE('',*,*,#2340,.T.);
#1800=ORIENTED_EDGE('',*,*,#2497,.T.);
#1801=ORIENTED_EDGE('',*,*,#2499,.F.);
#1802=ORIENTED_EDGE('',*,*,#2489,.F.);
#1803=CARTESIAN_POINT('',(0.0,15.9,26.8000000000001));
#1804=DIRECTION('',(0.0,0.0,-1.0));
#1805=DIRECTION('',(-1.0,0.0,0.0));
#1806=SURFACE_STYLE_FILL_AREA(#2500);
#1807=ORIENTED_EDGE('',*,*,#2496,.T.);
#1808=ORIENTED_EDGE('',*,*,#2493,.T.);
#1809=ORIENTED_EDGE('',*,*,#2490,.F.);
#1810=ORIENTED_EDGE('',*,*,#2499,.T.);
#1811=CARTESIAN_POINT('',(6.14256258422041,15.9,23.6000000000001));
#1812=DIRECTION('',(-0.965925826289068,0.0,0.258819045102521));
#1813=DIRECTION('',(0.0,-1.0,0.0));
#1814=SURFACE_STYLE_FILL_AREA(#2501);
#1815=ORIENTED_EDGE('',*,*,#2345,.F.);
#1816=ORIENTED_EDGE('',*,*,#2486,.F.);
#1817=ORIENTED_EDGE('',*,*,#2208,.T.);
#1818=ORIENTED_EDGE('',*,*,#2502,.T.);
#1819=CARTESIAN_POINT('',(0.0,17.12048671537,34.6907738563771));
#1820=DIRECTION('',(0.0,0.920486715369935,0.390773856376637));
#1821=DIRECTION('',(-1.0,0.0,0.0));
#1822=SURFACE_STYLE_FILL_AREA(#2503);
#1823=ORIENTED_EDGE('',*,*,#2346,.F.);
#1824=ORIENTED_EDGE('',*,*,#2502,.F.);
#1825=ORIENTED_EDGE('',*,*,#2207,.T.);
#1826=ORIENTED_EDGE('',*,*,#2504,.F.);
#1827=CARTESIAN_POINT('',(0.0,17.505,33.1800000000001));
#1828=DIRECTION('',(0.0,0.0,-1.0));
#1829=DIRECTION('',(-1.0,0.0,0.0));
#1830=SURFACE_STYLE_FILL_AREA(#2505);
#1831=ORIENTED_EDGE('',*,*,#2277,.F.);
#1832=ORIENTED_EDGE('',*,*,#2506,.T.);
#1833=ORIENTED_EDGE('',*,*,#2205,.T.);
#1834=ORIENTED_EDGE('',*,*,#2507,.F.);
#1835=CARTESIAN_POINT('',(-0.950002400000001,23.55,32.1000000000001));
#1836=DIRECTION('',(0.0,0.0,-1.0));
#1837=DIRECTION('',(-1.0,0.0,0.0));
#1838=SURFACE_STYLE_FILL_AREA(#2508);
#1839=ORIENTED_EDGE('',*,*,#2180,.T.);
#1840=ORIENTED_EDGE('',*,*,#2253,.T.);
#1841=ORIENTED_EDGE('',*,*,#2365,.T.);
#1842=ORIENTED_EDGE('',*,*,#2296,.F.);
#1843=CARTESIAN_POINT('',(0.0,38.6651471931809,13.0999999999996));
#1844=DIRECTION('',(-1.0,0.0,0.0));
#1845=DIRECTION('',(0.0,1.0,0.0));
#1846=SURFACE_STYLE_FILL_AREA(#2509);
#1847=ORIENTED_EDGE('',*,*,#2510,.F.);
#1848=ORIENTED_EDGE('',*,*,#2273,.T.);
#1849=ORIENTED_EDGE('',*,*,#2511,.T.);
#1850=ORIENTED_EDGE('',*,*,#2280,.F.);
#1851=CARTESIAN_POINT('',(0.0,23.4430092290302,34.1336771167701));
#1852=DIRECTION('',(0.0,-0.920486715370065,0.390773856376331));
#1853=DIRECTION('',(1.0,0.0,0.0));
#1854=SURFACE_STYLE_FILL_AREA(#2512);
#1855=ORIENTED_EDGE('',*,*,#2175,.T.);
#1856=ORIENTED_EDGE('',*,*,#2306,.F.);
#1857=ORIENTED_EDGE('',*,*,#2363,.F.);
#1858=ORIENTED_EDGE('',*,*,#2243,.T.);
#1859=CARTESIAN_POINT('',(0.0,36.4483873135794,13.0999999999996));
#1860=DIRECTION('',(-1.0,0.0,0.0));
#1861=DIRECTION('',(0.0,1.0,0.0));
#1862=SURFACE_STYLE_FILL_AREA(#2513);
#1863=ORIENTED_EDGE('',*,*,#2278,.F.);
#1864=ORIENTED_EDGE('',*,*,#2507,.T.);
#1865=ORIENTED_EDGE('',*,*,#2275,.F.);
#1866=ORIENTED_EDGE('',*,*,#2514,.F.);
#1867=CARTESIAN_POINT('',(-0.950002400000001,23.55,33.1800000000001));
#1868=DIRECTION('',(0.0,1.0,0.0));
#1869=DIRECTION('',(0.0,0.0,1.0));
#1870=SURFACE_STYLE_FILL_AREA(#2515);
#1871=ORIENTED_EDGE('',*,*,#2347,.F.);
#1872=ORIENTED_EDGE('',*,*,#2504,.T.);
#1873=ORIENTED_EDGE('',*,*,#2206,.T.);
#1874=ORIENTED_EDGE('',*,*,#2506,.F.);
#1875=CARTESIAN_POINT('',(0.0,17.25,33.1800000000001));
#1876=DIRECTION('',(0.0,1.0,0.0));
#1877=DIRECTION('',(0.0,0.0,1.0));
#1878=SURFACE_STYLE_FILL_AREA(#2516);
#1879=ORIENTED_EDGE('',*,*,#2292,.F.);
#1880=ORIENTED_EDGE('',*,*,#2373,.F.);
#1881=ORIENTED_EDGE('',*,*,#2257,.T.);
#1882=ORIENTED_EDGE('',*,*,#2517,.T.);
#1883=CARTESIAN_POINT('',(0.0,42.6000000000003,7.19999999999999));
#1884=DIRECTION('',(0.0,1.0,0.0));
#1885=DIRECTION('',(0.0,0.0,1.0));
#1886=SURFACE_STYLE_FILL_AREA(#2518);
#1887=ORIENTED_EDGE('',*,*,#2359,.F.);
#1888=ORIENTED_EDGE('',*,*,#2262,.T.);
#1889=ORIENTED_EDGE('',*,*,#2383,.T.);
#1890=ORIENTED_EDGE('',*,*,#2287,.F.);
#1891=CARTESIAN_POINT('',(0.0,48.5000000000003,1.99999999999969));
#1892=DIRECTION('',(0.0,0.0,-1.0));
#1893=DIRECTION('',(-1.0,0.0,0.0));
#1894=SURFACE_STYLE_FILL_AREA(#2519);
#1895=ORIENTED_EDGE('',*,*,#2293,.F.);
#1896=ORIENTED_EDGE('',*,*,#2517,.F.);
#1897=ORIENTED_EDGE('',*,*,#2256,.T.);
#1898=ORIENTED_EDGE('',*,*,#2520,.T.);
#1899=CARTESIAN_POINT('',(0.0,42.1,6.39999999999979));
#1900=DIRECTION('',(0.0,0.0,-1.0));
#1901=DIRECTION('',(-1.0,0.0,0.0));
#1902=SURFACE_STYLE_FILL_AREA(#2521);
#1903=ORIENTED_EDGE('',*,*,#2279,.F.);
#1904=ORIENTED_EDGE('',*,*,#2514,.T.);
#1905=ORIENTED_EDGE('',*,*,#2274,.F.);
#1906=ORIENTED_EDGE('',*,*,#2510,.T.);
#1907=CARTESIAN_POINT('',(-0.950002400000001,23.295,33.1800000000001));
#1908=DIRECTION('',(0.0,-0.0,1.0));
#1909=DIRECTION('',(0.0,1.0,0.0));
#1910=SURFACE_STYLE_FILL_AREA(#2522);
#1911=ORIENTED_EDGE('',*,*,#2520,.F.);
#1912=ORIENTED_EDGE('',*,*,#2255,.T.);
#1913=ORIENTED_EDGE('',*,*,#2356,.F.);
#1914=ORIENTED_EDGE('',*,*,#2294,.F.);
#1915=CARTESIAN_POINT('',(0.0,40.3,7.39999999999979));
#1916=DIRECTION('',(0.0,-1.0,0.0));
#1917=DIRECTION('',(1.0,0.0,0.0));
#1918=SURFACE_STYLE_FILL_AREA(#2523);
#1919=ORIENTED_EDGE('',*,*,#2282,.F.);
#1920=ORIENTED_EDGE('',*,*,#2524,.T.);
#1921=ORIENTED_EDGE('',*,*,#2271,.T.);
#1922=ORIENTED_EDGE('',*,*,#2525,.F.);
#1923=CARTESIAN_POINT('',(0.0,25.5,35.3000000000001));
#1924=DIRECTION('',(0.0,1.0,0.0));
#1925=DIRECTION('',(0.0,0.0,1.0));
#1926=SURFACE_STYLE_FILL_AREA(#2526);
#1927=ORIENTED_EDGE('',*,*,#2511,.F.);
#1928=ORIENTED_EDGE('',*,*,#2272,.T.);
#1929=ORIENTED_EDGE('',*,*,#2524,.F.);
#1930=ORIENTED_EDGE('',*,*,#2281,.F.);
#1931=CARTESIAN_POINT('',(0.0,24.6,35.3000000000001));
#1932=DIRECTION('',(0.0,-0.0,1.0));
#1933=DIRECTION('',(0.0,1.0,0.0));
#1934=SURFACE_STYLE_FILL_AREA(#2527);
#1935=ORIENTED_EDGE('',*,*,#2285,.F.);
#1936=ORIENTED_EDGE('',*,*,#2528,.T.);
#1937=ORIENTED_EDGE('',*,*,#2529,.T.);
#1938=ORIENTED_EDGE('',*,*,#2530,.T.);
#1939=ORIENTED_EDGE('',*,*,#2264,.T.);
#1940=ORIENTED_EDGE('',*,*,#2358,.T.);
#1941=ORIENTED_EDGE('',*,*,#2531,.F.);
#1942=ORIENTED_EDGE('',*,*,#2532,.F.);
#1943=ORIENTED_EDGE('',*,*,#2533,.F.);
#1944=ORIENTED_EDGE('',*,*,#2534,.F.);
#1945=CARTESIAN_POINT('',(0.0,27.0,27.2000000000001));
#1946=DIRECTION('',(0.0,-0.0,1.0));
#1947=DIRECTION('',(0.0,1.0,0.0));
#1948=SURFACE_STYLE_FILL_AREA(#2535);
#1949=ORIENTED_EDGE('',*,*,#2536,.F.);
#1950=ORIENTED_EDGE('',*,*,#2537,.T.);
#1951=ORIENTED_EDGE('',*,*,#2534,.T.);
#1952=ORIENTED_EDGE('',*,*,#2538,.F.);
#1953=ORIENTED_EDGE('',*,*,#2539,.F.);
#1954=ORIENTED_EDGE('',*,*,#2540,.T.);
#1955=ORIENTED_EDGE('',*,*,#2541,.F.);
#1956=ORIENTED_EDGE('',*,*,#2542,.F.);
#1957=CARTESIAN_POINT('',(4.75000000000001,44.3000000000003,22.0000000000001));
#1958=DIRECTION('',(0.0,0.0,-1.0));
#1959=DIRECTION('',(1.22464679914735E-16,1.0,0.0));
#1960=SURFACE_STYLE_FILL_AREA(#2543);
#1961=ORIENTED_EDGE('',*,*,#2544,.T.);
#1962=ORIENTED_EDGE('',*,*,#2545,.F.);
#1963=ORIENTED_EDGE('',*,*,#2546,.F.);
#1964=ORIENTED_EDGE('',*,*,#2547,.T.);
#1965=ORIENTED_EDGE('',*,*,#2548,.F.);
#1966=CARTESIAN_POINT('',(4.75000000000001,44.3000000000003,22.7951065529251));
#1967=DIRECTION('',(-0.0,-0.0,1.0));
#1968=DIRECTION('',(-9.44870659255452E-17,1.0,0.0));
#1969=SURFACE_STYLE_FILL_AREA(#2549);
#1970=ORIENTED_EDGE('',*,*,#2550,.F.);
#1971=ORIENTED_EDGE('',*,*,#2539,.T.);
#1972=ORIENTED_EDGE('',*,*,#2551,.T.);
#1973=CARTESIAN_POINT('',(4.75,42.8500000000003,24.0547310144271));
#1974=DIRECTION('',(0.0,0.0,-1.0));
#1975=DIRECTION('',(-1.0,0.0,0.0));
#1976=SURFACE_STYLE_FILL_AREA(#2552);
#1977=ORIENTED_EDGE('',*,*,#2550,.T.);
#1978=ORIENTED_EDGE('',*,*,#2553,.T.);
#1979=ORIENTED_EDGE('',*,*,#2548,.T.);
#1980=ORIENTED_EDGE('',*,*,#2554,.T.);
#1981=ORIENTED_EDGE('',*,*,#2540,.F.);
#1982=CARTESIAN_POINT('',(6.40419690037074,41.7972749622054,24.0547310144271));
#1983=DIRECTION('',(0.707106781186548,0.707106781186547,0.0));
#1984=DIRECTION('',(0.0,0.0,-1.0));
#1985=SURFACE_STYLE_FILL_AREA(#2555);
#1986=ORIENTED_EDGE('',*,*,#2556,.T.);
#1987=ORIENTED_EDGE('',*,*,#2542,.T.);
#1988=ORIENTED_EDGE('',*,*,#2557,.T.);
#1989=ORIENTED_EDGE('',*,*,#2545,.T.);
#1990=ORIENTED_EDGE('',*,*,#2558,.F.);
#1991=CARTESIAN_POINT('',(3.09580309962929,46.8027250377943,24.0547310144271));
#1992=DIRECTION('',(-0.707106781186548,-0.707106781186548,0.0));
#1993=DIRECTION('',(0.707106781186548,-0.707106781186548,0.0));
#1994=SURFACE_STYLE_FILL_AREA(#2559);
#1995=ORIENTED_EDGE('',*,*,#2536,.T.);
#1996=ORIENTED_EDGE('',*,*,#2556,.F.);
#1997=ORIENTED_EDGE('',*,*,#2560,.T.);
#1998=CARTESIAN_POINT('',(4.75,42.8500000000003,24.0547310144271));
#1999=DIRECTION('',(0.0,0.0,-1.0));
#2000=DIRECTION('',(-1.0,0.0,0.0));
#2001=SURFACE_STYLE_FILL_AREA(#2561);
#2002=ORIENTED_EDGE('',*,*,#2562,.F.);
#2003=ORIENTED_EDGE('',*,*,#2563,.T.);
#2004=ORIENTED_EDGE('',*,*,#2532,.T.);
#2005=ORIENTED_EDGE('',*,*,#2564,.F.);
#2006=ORIENTED_EDGE('',*,*,#2565,.F.);
#2007=ORIENTED_EDGE('',*,*,#2566,.T.);
#2008=ORIENTED_EDGE('',*,*,#2567,.F.);
#2009=ORIENTED_EDGE('',*,*,#2568,.F.);
#2010=CARTESIAN_POINT('',(4.75000000000001,35.1,22.0000000000001));
#2011=DIRECTION('',(0.0,0.0,-1.0));
#2012=DIRECTION('',(1.22464679914735E-16,1.0,0.0));
#2013=SURFACE_STYLE_FILL_AREA(#2569);
#2014=ORIENTED_EDGE('',*,*,#2570,.T.);
#2015=ORIENTED_EDGE('',*,*,#2571,.F.);
#2016=ORIENTED_EDGE('',*,*,#2572,.F.);
#2017=ORIENTED_EDGE('',*,*,#2573,.T.);
#2018=ORIENTED_EDGE('',*,*,#2574,.F.);
#2019=CARTESIAN_POINT('',(4.75000000000001,35.1,20.7951065529251));
#2020=DIRECTION('',(-0.0,-0.0,1.0));
#2021=DIRECTION('',(-9.44870659255452E-17,1.0,0.0));
#2022=SURFACE_STYLE_FILL_AREA(#2575);
#2023=ORIENTED_EDGE('',*,*,#2576,.T.);
#2024=ORIENTED_EDGE('',*,*,#2565,.T.);
#2025=ORIENTED_EDGE('',*,*,#2577,.T.);
#2026=CARTESIAN_POINT('',(4.75000000000001,33.65,22.0547310144271));
#2027=DIRECTION('',(0.0,0.0,-1.0));
#2028=DIRECTION('',(-1.0,0.0,0.0));
#2029=SURFACE_STYLE_FILL_AREA(#2578);
#2030=ORIENTED_EDGE('',*,*,#2576,.F.);
#2031=ORIENTED_EDGE('',*,*,#2579,.T.);
#2032=ORIENTED_EDGE('',*,*,#2574,.T.);
#2033=ORIENTED_EDGE('',*,*,#2580,.T.);
#2034=ORIENTED_EDGE('',*,*,#2566,.F.);
#2035=CARTESIAN_POINT('',(6.40419690037051,32.5972749622056,25.5547310144271));
#2036=DIRECTION('',(0.707106781186548,0.707106781186547,0.0));
#2037=DIRECTION('',(0.0,0.0,-1.0));
#2038=SURFACE_STYLE_FILL_AREA(#2581);
#2039=ORIENTED_EDGE('',*,*,#2582,.F.);
#2040=ORIENTED_EDGE('',*,*,#2568,.T.);
#2041=ORIENTED_EDGE('',*,*,#2583,.T.);
#2042=ORIENTED_EDGE('',*,*,#2571,.T.);
#2043=ORIENTED_EDGE('',*,*,#2584,.F.);
#2044=CARTESIAN_POINT('',(3.09580309962951,37.6027250377944,25.5547310144271));
#2045=DIRECTION('',(-0.707106781186548,-0.707106781186547,0.0));
#2046=DIRECTION('',(0.707106781186547,-0.707106781186548,0.0));
#2047=SURFACE_STYLE_FILL_AREA(#2585);
#2048=ORIENTED_EDGE('',*,*,#2562,.T.);
#2049=ORIENTED_EDGE('',*,*,#2582,.T.);
#2050=ORIENTED_EDGE('',*,*,#2586,.T.);
#2051=CARTESIAN_POINT('',(4.75000000000001,33.65,22.0547310144271));
#2052=DIRECTION('',(0.0,0.0,-1.0));
#2053=DIRECTION('',(-1.0,0.0,0.0));
#2054=SURFACE_STYLE_FILL_AREA(#2587);
#2055=ORIENTED_EDGE('',*,*,#2284,.F.);
#2056=ORIENTED_EDGE('',*,*,#2588,.T.);
#2057=ORIENTED_EDGE('',*,*,#2269,.T.);
#2058=ORIENTED_EDGE('',*,*,#2589,.T.);
#2059=ORIENTED_EDGE('',*,*,#2590,.F.);
#2060=ORIENTED_EDGE('',*,*,#2528,.F.);
#2061=CARTESIAN_POINT('',(0.0,27.0,28.7019237886471));
#2062=DIRECTION('',(0.0,1.0,0.0));
#2063=DIRECTION('',(0.0,0.0,1.0));
#2064=SURFACE_STYLE_FILL_AREA(#2591);
#2065=ORIENTED_EDGE('',*,*,#2283,.F.);
#2066=ORIENTED_EDGE('',*,*,#2525,.T.);
#2067=ORIENTED_EDGE('',*,*,#2270,.T.);
#2068=ORIENTED_EDGE('',*,*,#2588,.F.);
#2069=CARTESIAN_POINT('',(0.0,25.5,34.3000000000001));
#2070=DIRECTION('',(0.0,0.965925826289066,0.25881904510253));
#2071=DIRECTION('',(-1.0,0.0,0.0));
#2072=SURFACE_STYLE_FILL_AREA(#2592);
#2073=ORIENTED_EDGE('',*,*,#2268,.F.);
#2074=ORIENTED_EDGE('',*,*,#2593,.T.);
#2075=ORIENTED_EDGE('',*,*,#2594,.F.);
#2076=ORIENTED_EDGE('',*,*,#2589,.F.);
#2077=CARTESIAN_POINT('',(9.5,24.9,26.8000000000001));
#2078=DIRECTION('',(0.0,0.0,-1.0));
#2079=DIRECTION('',(-1.0,0.0,0.0));
#2080=SURFACE_STYLE_FILL_AREA(#2595);
#2081=ORIENTED_EDGE('',*,*,#2596,.T.);
#2082=ORIENTED_EDGE('',*,*,#2597,.T.);
#2083=ORIENTED_EDGE('',*,*,#2529,.F.);
#2084=ORIENTED_EDGE('',*,*,#2590,.T.);
#2085=ORIENTED_EDGE('',*,*,#2594,.T.);
#2086=ORIENTED_EDGE('',*,*,#2598,.T.);
#2087=CARTESIAN_POINT('',(2.5,31.3,27.2000000000001));
#2088=DIRECTION('',(0.965925826289068,-0.0,0.258819045102521));
#2089=DIRECTION('',(0.0,1.0,0.0));
#2090=SURFACE_STYLE_FILL_AREA(#2599);
#2091=ORIENTED_EDGE('',*,*,#2267,.F.);
#2092=ORIENTED_EDGE('',*,*,#2600,.T.);
#2093=ORIENTED_EDGE('',*,*,#2598,.F.);
#2094=ORIENTED_EDGE('',*,*,#2593,.F.);
#2095=CARTESIAN_POINT('',(9.5,24.9,23.6000000000001));
#2096=DIRECTION('',(0.0,1.0,0.0));
#2097=DIRECTION('',(0.0,0.0,1.0));
#2098=SURFACE_STYLE_FILL_AREA(#2601);
#2099=ORIENTED_EDGE('',*,*,#2266,.F.);
#2100=ORIENTED_EDGE('',*,*,#2602,.T.);
#2101=ORIENTED_EDGE('',*,*,#2596,.F.);
#2102=ORIENTED_EDGE('',*,*,#2600,.F.);
#2103=CARTESIAN_POINT('',(9.5,31.3,23.6000000000001));
#2104=DIRECTION('',(0.0,-0.0,1.0));
#2105=DIRECTION('',(0.0,1.0,0.0));
#2106=SURFACE_STYLE_FILL_AREA(#2603);
#2107=ORIENTED_EDGE('',*,*,#2265,.F.);
#2108=ORIENTED_EDGE('',*,*,#2530,.F.);
#2109=ORIENTED_EDGE('',*,*,#2597,.F.);
#2110=ORIENTED_EDGE('',*,*,#2602,.F.);
#2111=CARTESIAN_POINT('',(9.5,31.3,27.2000000000001));
#2112=DIRECTION('',(0.0,-1.0,0.0));
#2113=DIRECTION('',(1.0,0.0,0.0));
#2114=SURFACE_STYLE_FILL_AREA(#2604);
#2115=ORIENTED_EDGE('',*,*,#2425,.T.);
#2116=ORIENTED_EDGE('',*,*,#2230,.T.);
#2117=ORIENTED_EDGE('',*,*,#2427,.F.);
#2118=ORIENTED_EDGE('',*,*,#2319,.F.);
#2119=CARTESIAN_POINT('',(0.0,12.55,10.9999999999997));
#2120=DIRECTION('',(-1.0,0.0,0.0));
#2121=DIRECTION('',(0.0,1.0,0.0));
#2122=SURFACE_STYLE_FILL_AREA(#2605);
#2123=ORIENTED_EDGE('',*,*,#2547,.F.);
#2124=ORIENTED_EDGE('',*,*,#2546,.T.);
#2125=ORIENTED_EDGE('',*,*,#2557,.F.);
#2126=ORIENTED_EDGE('',*,*,#2541,.T.);
#2127=ORIENTED_EDGE('',*,*,#2554,.F.);
#2128=CARTESIAN_POINT('',(4.75000000000001,44.3000000000003,22.7951065529251));
#2129=DIRECTION('',(-0.0,-0.0,1.0));
#2130=DIRECTION('',(-9.44870659255452E-17,1.0,0.0));
#2131=SURFACE_STYLE_FILL_AREA(#2606);
#2132=ORIENTED_EDGE('',*,*,#2467,.F.);
#2133=ORIENTED_EDGE('',*,*,#2466,.T.);
#2134=ORIENTED_EDGE('',*,*,#2461,.F.);
#2135=ORIENTED_EDGE('',*,*,#2471,.F.);
#2136=ORIENTED_EDGE('',*,*,#2476,.F.);
#2137=CARTESIAN_POINT('',(4.75000000000001,7.1,21.6451065529251));
#2138=DIRECTION('',(-0.0,-0.0,1.0));
#2139=DIRECTION('',(-9.44870659255452E-17,1.0,0.0));
#2140=SURFACE_STYLE_FILL_AREA(#2607);
#2141=ORIENTED_EDGE('',*,*,#2531,.T.);
#2142=ORIENTED_EDGE('',*,*,#2563,.F.);
#2143=ORIENTED_EDGE('',*,*,#2586,.F.);
#2144=ORIENTED_EDGE('',*,*,#2584,.T.);
#2145=ORIENTED_EDGE('',*,*,#2570,.F.);
#2146=ORIENTED_EDGE('',*,*,#2579,.F.);
#2147=ORIENTED_EDGE('',*,*,#2577,.F.);
#2148=ORIENTED_EDGE('',*,*,#2564,.T.);
#2149=CARTESIAN_POINT('',(4.75000000000001,35.1,22.0000000000001));
#2150=DIRECTION('',(0.0,0.0,-1.0));
#2151=DIRECTION('',(1.22464679914735E-16,1.0,0.0));
#2152=SURFACE_STYLE_FILL_AREA(#2608);
#2153=ORIENTED_EDGE('',*,*,#2573,.F.);
#2154=ORIENTED_EDGE('',*,*,#2572,.T.);
#2155=ORIENTED_EDGE('',*,*,#2583,.F.);
#2156=ORIENTED_EDGE('',*,*,#2567,.T.);
#2157=ORIENTED_EDGE('',*,*,#2580,.F.);
#2158=CARTESIAN_POINT('',(4.75000000000001,35.1,20.7951065529251));
#2159=DIRECTION('',(-0.0,-0.0,1.0));
#2160=DIRECTION('',(-9.44870659255452E-17,1.0,0.0));
#2161=SURFACE_STYLE_FILL_AREA(#2609);
#2162=ORIENTED_EDGE('',*,*,#2533,.T.);
#2163=ORIENTED_EDGE('',*,*,#2537,.F.);
#2164=ORIENTED_EDGE('',*,*,#2560,.F.);
#2165=ORIENTED_EDGE('',*,*,#2558,.T.);
#2166=ORIENTED_EDGE('',*,*,#2544,.F.);
#2167=ORIENTED_EDGE('',*,*,#2553,.F.);
#2168=ORIENTED_EDGE('',*,*,#2551,.F.);
#2169=ORIENTED_EDGE('',*,*,#2538,.T.);
#2170=CARTESIAN_POINT('',(4.75000000000001,44.3000000000003,22.0000000000001));
#2171=DIRECTION('',(0.0,0.0,-1.0));
#2172=DIRECTION('',(1.22464679914735E-16,1.0,0.0));
#2173=SURFACE_STYLE_FILL_AREA(#2610);
#2174=FILL_AREA_STYLE('',(#2611));
#2175=EDGE_CURVE('',#2612,#2613,#2614,.T.);
#2176=EDGE_CURVE('',#2612,#2615,#2616,.T.);
#2177=EDGE_CURVE('',#2615,#2617,#2618,.T.);
#2178=EDGE_CURVE('',#2613,#2617,#2619,.T.);
#2179=FILL_AREA_STYLE('',(#2620));
#2180=EDGE_CURVE('',#2621,#2622,#2623,.T.);
#2181=EDGE_CURVE('',#2624,#2621,#2625,.T.);
#2182=EDGE_CURVE('',#2626,#2624,#2627,.T.);
#2183=EDGE_CURVE('',#2626,#2622,#2628,.T.);
#2184=FILL_AREA_STYLE('',(#2629));
#2185=EDGE_CURVE('',#2630,#2631,#2632,.T.);
#2186=EDGE_CURVE('',#2633,#2630,#2634,.T.);
#2187=EDGE_CURVE('',#2635,#2633,#2636,.T.);
#2188=EDGE_CURVE('',#2635,#2631,#2637,.T.);
#2189=FILL_AREA_STYLE('',(#2638));
#2190=EDGE_CURVE('',#2639,#2640,#2641,.T.);
#2191=EDGE_CURVE('',#2639,#2642,#2643,.T.);
#2192=EDGE_CURVE('',#2642,#2644,#2645,.T.);
#2193=EDGE_CURVE('',#2640,#2644,#2646,.T.);
#2194=FILL_AREA_STYLE('',(#2647));
#2195=EDGE_CURVE('',#2648,#2649,#2650,.T.);
#2196=EDGE_CURVE('',#2651,#2648,#2652,.T.);
#2197=EDGE_CURVE('',#2653,#2651,#2654,.T.);
#2198=EDGE_CURVE('',#2653,#2649,#2655,.T.);
#2199=FILL_AREA_STYLE('',(#2656));
#2200=EDGE_CURVE('',#2657,#2658,#2659,.T.);
#2201=EDGE_CURVE('',#2660,#2657,#2661,.T.);
#2202=EDGE_CURVE('',#2660,#2662,#2663,.T.);
#2203=EDGE_CURVE('',#2662,#2658,#2664,.T.);
#2204=FILL_AREA_STYLE('',(#2665));
#2205=EDGE_CURVE('',#2666,#2667,#2668,.T.);
#2206=EDGE_CURVE('',#2669,#2666,#2670,.T.);
#2207=EDGE_CURVE('',#2671,#2669,#2672,.T.);
#2208=EDGE_CURVE('',#2673,#2671,#2674,.T.);
#2209=EDGE_CURVE('',#2675,#2673,#2676,.T.);
#2210=EDGE_CURVE('',#2677,#2675,#2678,.T.);
#2211=EDGE_CURVE('',#2679,#2677,#2680,.T.);
#2212=EDGE_CURVE('',#2681,#2679,#2682,.T.);
#2213=EDGE_CURVE('',#2683,#2681,#2684,.T.);
#2214=EDGE_CURVE('',#2685,#2683,#2686,.T.);
#2215=EDGE_CURVE('',#2687,#2685,#2688,.T.);
#2216=EDGE_CURVE('',#2689,#2687,#2690,.T.);
#2217=EDGE_CURVE('',#2689,#2691,#2692,.T.);
#2218=EDGE_CURVE('',#2691,#2693,#2694,.T.);
#2219=EDGE_CURVE('',#2693,#2695,#2696,.T.);
#2220=EDGE_CURVE('',#2697,#2695,#2698,.T.);
#2221=EDGE_CURVE('',#2699,#2697,#2700,.T.);
#2222=EDGE_CURVE('',#2699,#2701,#2702,.T.);
#2223=EDGE_CURVE('',#2703,#2701,#2704,.T.);
#2224=EDGE_CURVE('',#2705,#2703,#2706,.T.);
#2225=EDGE_CURVE('',#2707,#2705,#2708,.T.);
#2226=EDGE_CURVE('',#2709,#2707,#2710,.T.);
#2227=EDGE_CURVE('',#2711,#2709,#2712,.T.);
#2228=EDGE_CURVE('',#2713,#2711,#2714,.T.);
#2229=EDGE_CURVE('',#2715,#2713,#2716,.T.);
#2230=EDGE_CURVE('',#2717,#2715,#2718,.T.);
#2231=EDGE_CURVE('',#2719,#2717,#2720,.T.);
#2232=EDGE_CURVE('',#2721,#2719,#2722,.T.);
#2233=EDGE_CURVE('',#2723,#2721,#2724,.T.);
#2234=EDGE_CURVE('',#2725,#2723,#2726,.T.);
#2235=EDGE_CURVE('',#2727,#2725,#2728,.T.);
#2236=EDGE_CURVE('',#2729,#2727,#2730,.T.);
#2237=EDGE_CURVE('',#2651,#2729,#2731,.T.);
#2238=EDGE_CURVE('',#2648,#2732,#2733,.T.);
#2239=EDGE_CURVE('',#2734,#2732,#2735,.T.);
#2240=EDGE_CURVE('',#2736,#2734,#2737,.T.);
#2241=EDGE_CURVE('',#2738,#2736,#2739,.T.);
#2242=EDGE_CURVE('',#2615,#2738,#2740,.T.);
#2243=EDGE_CURVE('',#2741,#2612,#2742,.T.);
#2244=EDGE_CURVE('',#2660,#2741,#2743,.T.);
#2245=EDGE_CURVE('',#2657,#2744,#2745,.T.);
#2246=EDGE_CURVE('',#2744,#2746,#2747,.T.);
#2247=EDGE_CURVE('',#2748,#2746,#2749,.T.);
#2248=EDGE_CURVE('',#2750,#2748,#2751,.T.);
#2249=EDGE_CURVE('',#2752,#2750,#2753,.T.);
#2250=EDGE_CURVE('',#2754,#2752,#2755,.T.);
#2251=EDGE_CURVE('',#2756,#2754,#2757,.T.);
#2252=EDGE_CURVE('',#2758,#2756,#2759,.T.);
#2253=EDGE_CURVE('',#2622,#2758,#2760,.T.);
#2254=EDGE_CURVE('',#2761,#2626,#2762,.T.);
#2255=EDGE_CURVE('',#2763,#2761,#2764,.T.);
#2256=EDGE_CURVE('',#2765,#2763,#2766,.T.);
#2257=EDGE_CURVE('',#2767,#2765,#2768,.T.);
#2258=EDGE_CURVE('',#2769,#2767,#2770,.T.);
#2259=EDGE_CURVE('',#2769,#2771,#2772,.T.);
#2260=EDGE_CURVE('',#2773,#2771,#2774,.T.);
#2261=EDGE_CURVE('',#2775,#2773,#2776,.T.);
#2262=EDGE_CURVE('',#2777,#2775,#2778,.T.);
#2263=EDGE_CURVE('',#2779,#2777,#2780,.T.);
#2264=EDGE_CURVE('',#2781,#2779,#2782,.T.);
#2265=EDGE_CURVE('',#2781,#2783,#2784,.T.);
#2266=EDGE_CURVE('',#2783,#2785,#2786,.T.);
#2267=EDGE_CURVE('',#2785,#2787,#2788,.T.);
#2268=EDGE_CURVE('',#2787,#2789,#2790,.T.);
#2269=EDGE_CURVE('',#2791,#2789,#2792,.T.);
#2270=EDGE_CURVE('',#2793,#2791,#2794,.T.);
#2271=EDGE_CURVE('',#2795,#2793,#2796,.T.);
#2272=EDGE_CURVE('',#2797,#2795,#2798,.T.);
#2273=EDGE_CURVE('',#2799,#2797,#2800,.T.);
#2274=EDGE_CURVE('',#2799,#2801,#2802,.T.);
#2275=EDGE_CURVE('',#2801,#2667,#2803,.T.);
#2276=FILL_AREA_STYLE('',(#2804));
#2277=EDGE_CURVE('',#2805,#2806,#2807,.T.);
#2278=EDGE_CURVE('',#2806,#2808,#2809,.T.);
#2279=EDGE_CURVE('',#2808,#2810,#2811,.T.);
#2280=EDGE_CURVE('',#2810,#2812,#2813,.T.);
#2281=EDGE_CURVE('',#2812,#2814,#2815,.T.);
#2282=EDGE_CURVE('',#2814,#2816,#2817,.T.);
#2283=EDGE_CURVE('',#2816,#2818,#2819,.T.);
#2284=EDGE_CURVE('',#2818,#2820,#2821,.T.);
#2285=EDGE_CURVE('',#2820,#2822,#2823,.T.);
#2286=EDGE_CURVE('',#2822,#2824,#2825,.T.);
#2287=EDGE_CURVE('',#2824,#2826,#2827,.T.);
#2288=EDGE_CURVE('',#2828,#2826,#2829,.T.);
#2289=EDGE_CURVE('',#2830,#2828,#2831,.T.);
#2290=EDGE_CURVE('',#2832,#2830,#2833,.T.);
#2291=EDGE_CURVE('',#2832,#2834,#2835,.T.);
#2292=EDGE_CURVE('',#2834,#2836,#2837,.T.);
#2293=EDGE_CURVE('',#2836,#2838,#2839,.T.);
#2294=EDGE_CURVE('',#2838,#2840,#2841,.T.);
#2295=EDGE_CURVE('',#2840,#2624,#2842,.T.);
#2296=EDGE_CURVE('',#2621,#2843,#2844,.T.);
#2297=EDGE_CURVE('',#2843,#2845,#2846,.T.);
#2298=EDGE_CURVE('',#2845,#2847,#2848,.T.);
#2299=EDGE_CURVE('',#2847,#2849,#2850,.T.);
#2300=EDGE_CURVE('',#2849,#2851,#2852,.T.);
#2301=EDGE_CURVE('',#2853,#2851,#2854,.T.);
#2302=EDGE_CURVE('',#2855,#2853,#2856,.T.);
#2303=EDGE_CURVE('',#2857,#2855,#2858,.T.);
#2304=EDGE_CURVE('',#2658,#2857,#2859,.T.);
#2305=EDGE_CURVE('',#2662,#2860,#2861,.T.);
#2306=EDGE_CURVE('',#2860,#2613,#2862,.T.);
#2307=EDGE_CURVE('',#2617,#2863,#2864,.T.);
#2308=EDGE_CURVE('',#2863,#2865,#2866,.T.);
#2309=EDGE_CURVE('',#2865,#2867,#2868,.T.);
#2310=EDGE_CURVE('',#2867,#2869,#2870,.T.);
#2311=EDGE_CURVE('',#2649,#2869,#2871,.T.);
#2312=EDGE_CURVE('',#2653,#2872,#2873,.T.);
#2313=EDGE_CURVE('',#2872,#2874,#2875,.T.);
#2314=EDGE_CURVE('',#2874,#2876,#2877,.T.);
#2315=EDGE_CURVE('',#2876,#2878,#2879,.T.);
#2316=EDGE_CURVE('',#2878,#2880,#2881,.T.);
#2317=EDGE_CURVE('',#2880,#2882,#2883,.T.);
#2318=EDGE_CURVE('',#2882,#2884,#2885,.T.);
#2319=EDGE_CURVE('',#2884,#2886,#2887,.T.);
#2320=EDGE_CURVE('',#2886,#2888,#2889,.T.);
#2321=EDGE_CURVE('',#2888,#2890,#2891,.T.);
#2322=EDGE_CURVE('',#2890,#2892,#2893,.T.);
#2323=EDGE_CURVE('',#2892,#2894,#2895,.T.);
#2324=EDGE_CURVE('',#2894,#2896,#2897,.T.);
#2325=EDGE_CURVE('',#2896,#2898,#2899,.T.);
#2326=EDGE_CURVE('',#2898,#2900,#2901,.T.);
#2327=EDGE_CURVE('',#2902,#2900,#2903,.T.);
#2328=EDGE_CURVE('',#2902,#2904,#2905,.T.);
#2329=EDGE_CURVE('',#2904,#2906,#2907,.T.);
#2330=EDGE_CURVE('',#2908,#2906,#2909,.T.);
#2331=EDGE_CURVE('',#2908,#2910,#2911,.T.);
#2332=EDGE_CURVE('',#2912,#2910,#2913,.T.);
#2333=EDGE_CURVE('',#2912,#2914,#2915,.T.);
#2334=EDGE_CURVE('',#2914,#2916,#2917,.T.);
#2335=EDGE_CURVE('',#2916,#2918,#2919,.T.);
#2336=EDGE_CURVE('',#2918,#2920,#2921,.T.);
#2337=EDGE_CURVE('',#2920,#2922,#2923,.T.);
#2338=EDGE_CURVE('',#2924,#2922,#2925,.T.);
#2339=EDGE_CURVE('',#2926,#2924,#2927,.T.);
#2340=EDGE_CURVE('',#2928,#2926,#2929,.T.);
#2341=EDGE_CURVE('',#2928,#2930,#2931,.T.);
#2342=EDGE_CURVE('',#2930,#2932,#2933,.T.);
#2343=EDGE_CURVE('',#2932,#2934,#2935,.T.);
#2344=EDGE_CURVE('',#2934,#2936,#2937,.T.);
#2345=EDGE_CURVE('',#2936,#2938,#2939,.T.);
#2346=EDGE_CURVE('',#2938,#2940,#2941,.T.);
#2347=EDGE_CURVE('',#2940,#2805,#2942,.T.);
#2348=FILL_AREA_STYLE('',(#2943));
#2349=EDGE_CURVE('',#2752,#2849,#2944,.T.);
#2350=EDGE_CURVE('',#2750,#2851,#2945,.T.);
#2351=FILL_AREA_STYLE('',(#2946));
#2352=EDGE_CURVE('',#2863,#2738,#2947,.T.);
#2353=EDGE_CURVE('',#2736,#2865,#2948,.T.);
#2354=FILL_AREA_STYLE('',(#2949));
#2355=FILL_AREA_STYLE('',(#2950));
#2356=EDGE_CURVE('',#2840,#2761,#2951,.T.);
#2357=FILL_AREA_STYLE('',(#2952));
#2358=EDGE_CURVE('',#2779,#2822,#2953,.T.);
#2359=EDGE_CURVE('',#2777,#2824,#2954,.T.);
#2360=FILL_AREA_STYLE('',(#2955));
#2361=EDGE_CURVE('',#2857,#2744,#2956,.T.);
#2362=FILL_AREA_STYLE('',(#2957));
#2363=EDGE_CURVE('',#2741,#2860,#2958,.T.);
#2364=FILL_AREA_STYLE('',(#2959));
#2365=EDGE_CURVE('',#2758,#2843,#2960,.T.);
#2366=EDGE_CURVE('',#2845,#2756,#2961,.T.);
#2367=FILL_AREA_STYLE('',(#2962));
#2368=EDGE_CURVE('',#2855,#2746,#2963,.T.);
#2369=EDGE_CURVE('',#2748,#2853,#2964,.T.);
#2370=FILL_AREA_STYLE('',(#2965));
#2371=FILL_AREA_STYLE('',(#2966));
#2372=FILL_AREA_STYLE('',(#2967));
#2373=EDGE_CURVE('',#2767,#2834,#2968,.T.);
#2374=EDGE_CURVE('',#2769,#2832,#2969,.T.);
#2375=FILL_AREA_STYLE('',(#2970));
#2376=EDGE_CURVE('',#2847,#2754,#2971,.T.);
#2377=FILL_AREA_STYLE('',(#2972));
#2378=FILL_AREA_STYLE('',(#2973));
#2379=EDGE_CURVE('',#2830,#2771,#2974,.T.);
#2380=FILL_AREA_STYLE('',(#2975));
#2381=EDGE_CURVE('',#2773,#2828,#2976,.T.);
#2382=FILL_AREA_STYLE('',(#2977));
#2383=EDGE_CURVE('',#2775,#2826,#2978,.T.);
#2384=FILL_AREA_STYLE('',(#2979));
#2385=EDGE_CURVE('',#2689,#2980,#2981,.T.);
#2386=EDGE_CURVE('',#2982,#2980,#2983,.T.);
#2387=EDGE_CURVE('',#2691,#2982,#2984,.T.);
#2388=FILL_AREA_STYLE('',(#2985));
#2389=EDGE_CURVE('',#2986,#2987,#2988,.T.);
#2390=EDGE_CURVE('',#2986,#2982,#2989,.T.);
#2391=EDGE_CURVE('',#2980,#2990,#2991,.T.);
#2392=EDGE_CURVE('',#2990,#2992,#2993,.T.);
#2393=EDGE_CURVE('',#2987,#2992,#2994,.T.);
#2394=FILL_AREA_STYLE('',(#2995));
#2395=EDGE_CURVE('',#2693,#2986,#2996,.T.);
#2396=FILL_AREA_STYLE('',(#2997));
#2397=EDGE_CURVE('',#2990,#2912,#2998,.T.);
#2398=EDGE_CURVE('',#2687,#2914,#2999,.T.);
#2399=FILL_AREA_STYLE('',(#3000));
#2400=EDGE_CURVE('',#2992,#2910,#3001,.T.);
#2401=FILL_AREA_STYLE('',(#3002));
#2402=EDGE_CURVE('',#2908,#2987,#3003,.T.);
#2403=FILL_AREA_STYLE('',(#3004));
#2404=EDGE_CURVE('',#2906,#2695,#3005,.T.);
#2405=FILL_AREA_STYLE('',(#3006));
#2406=EDGE_CURVE('',#2697,#2904,#3007,.T.);
#2407=FILL_AREA_STYLE('',(#3008));
#2408=EDGE_CURVE('',#2872,#2729,#3009,.T.);
#2409=FILL_AREA_STYLE('',(#3010));
#2410=EDGE_CURVE('',#2880,#2721,#3011,.T.);
#2411=EDGE_CURVE('',#2882,#2719,#3012,.T.);
#2412=FILL_AREA_STYLE('',(#3013));
#2413=EDGE_CURVE('',#2878,#2723,#3014,.T.);
#2414=FILL_AREA_STYLE('',(#3015));
#2415=EDGE_CURVE('',#2876,#2725,#3016,.T.);
#2416=FILL_AREA_STYLE('',(#3017));
#2417=EDGE_CURVE('',#2874,#2727,#3018,.T.);
#2418=FILL_AREA_STYLE('',(#3019));
#2419=FILL_AREA_STYLE('',(#3020));
#2420=EDGE_CURVE('',#2869,#2732,#3021,.T.);
#2421=FILL_AREA_STYLE('',(#3022));
#2422=EDGE_CURVE('',#2734,#2867,#3023,.T.);
#2423=FILL_AREA_STYLE('',(#3024));
#2424=FILL_AREA_STYLE('',(#3025));
#2425=EDGE_CURVE('',#2884,#2717,#3026,.T.);
#2426=FILL_AREA_STYLE('',(#3027));
#2427=EDGE_CURVE('',#2886,#2715,#3028,.T.);
#2428=EDGE_CURVE('',#2713,#2888,#3029,.T.);
#2429=FILL_AREA_STYLE('',(#3030));
#2430=EDGE_CURVE('',#2892,#2709,#3031,.T.);
#2431=EDGE_CURVE('',#2894,#2707,#3032,.T.);
#2432=FILL_AREA_STYLE('',(#3033));
#2433=EDGE_CURVE('',#2896,#2705,#3034,.T.);
#2434=EDGE_CURVE('',#2898,#2703,#3035,.T.);
#2435=FILL_AREA_STYLE('',(#3036));
#2436=EDGE_CURVE('',#2900,#2701,#3037,.T.);
#2437=EDGE_CURVE('',#2699,#2902,#3038,.T.);
#2438=FILL_AREA_STYLE('',(#3039));
#2439=FILL_AREA_STYLE('',(#3040));
#2440=FILL_AREA_STYLE('',(#3041));
#2441=EDGE_CURVE('',#2890,#2711,#3042,.T.);
#2442=FILL_AREA_STYLE('',(#3043));
#2443=FILL_AREA_STYLE('',(#3044));
#2444=FILL_AREA_STYLE('',(#3045));
#2445=EDGE_CURVE('',#2685,#2916,#3046,.T.);
#2446=FILL_AREA_STYLE('',(#3047));
#2447=EDGE_CURVE('',#2683,#2918,#3048,.T.);
#2448=FILL_AREA_STYLE('',(#3049));
#2449=EDGE_CURVE('',#2681,#2920,#3050,.T.);
#2450=EDGE_CURVE('',#3051,#2639,#3052,.T.);
#2451=EDGE_CURVE('',#3053,#3051,#3054,.T.);
#2452=EDGE_CURVE('',#2631,#3053,#3055,.T.);
#2453=EDGE_CURVE('',#2635,#2642,#3056,.T.);
#2454=FILL_AREA_STYLE('',(#3057));
#2455=EDGE_CURVE('',#3058,#2640,#3059,.T.);
#2456=EDGE_CURVE('',#3058,#2644,#3060,.T.);
#2457=FILL_AREA_STYLE('',(#3061));
#2458=EDGE_CURVE('',#3051,#3058,#3062,.T.);
#2459=FILL_AREA_STYLE('',(#3063));
#2460=EDGE_CURVE('',#2642,#3064,#3065,.T.);
#2461=EDGE_CURVE('',#3064,#3066,#3067,.T.);
#2462=EDGE_CURVE('',#3066,#3068,#3069,.T.);
#2463=EDGE_CURVE('',#3051,#3068,#3070,.T.);
#2464=FILL_AREA_STYLE('',(#3071));
#2465=EDGE_CURVE('',#3072,#3068,#3073,.T.);
#2466=EDGE_CURVE('',#3074,#3066,#3075,.T.);
#2467=EDGE_CURVE('',#3074,#3076,#3077,.T.);
#2468=EDGE_CURVE('',#3072,#3076,#3078,.T.);
#2469=FILL_AREA_STYLE('',(#3079));
#2470=EDGE_CURVE('',#2635,#3080,#3081,.T.);
#2471=EDGE_CURVE('',#3080,#3064,#3082,.T.);
#2472=FILL_AREA_STYLE('',(#3083));
#2473=EDGE_CURVE('',#2633,#3084,#3085,.T.);
#2474=EDGE_CURVE('',#3053,#3084,#3086,.T.);
#2475=EDGE_CURVE('',#3053,#3072,#3087,.T.);
#2476=EDGE_CURVE('',#3076,#3080,#3088,.T.);
#2477=FILL_AREA_STYLE('',(#3089));
#2478=EDGE_CURVE('',#2630,#3084,#3090,.T.);
#2479=FILL_AREA_STYLE('',(#3091));
#2480=FILL_AREA_STYLE('',(#3092));
#2481=FILL_AREA_STYLE('',(#3093));
#2482=EDGE_CURVE('',#2930,#2679,#3094,.T.);
#2483=EDGE_CURVE('',#2932,#2677,#3095,.T.);
#2484=FILL_AREA_STYLE('',(#3096));
#2485=EDGE_CURVE('',#2934,#2675,#3097,.T.);
#2486=EDGE_CURVE('',#2673,#2936,#3098,.T.);
#2487=FILL_AREA_STYLE('',(#3099));
#2488=FILL_AREA_STYLE('',(#3100));
#2489=EDGE_CURVE('',#2928,#3101,#3102,.T.);
#2490=EDGE_CURVE('',#3101,#3103,#3104,.T.);
#2491=EDGE_CURVE('',#3103,#2922,#3105,.T.);
#2492=FILL_AREA_STYLE('',(#3106));
#2493=EDGE_CURVE('',#3107,#3103,#3108,.T.);
#2494=EDGE_CURVE('',#2924,#3107,#3109,.T.);
#2495=FILL_AREA_STYLE('',(#3110));
#2496=EDGE_CURVE('',#3111,#3107,#3112,.T.);
#2497=EDGE_CURVE('',#2926,#3111,#3113,.T.);
#2498=FILL_AREA_STYLE('',(#3114));
#2499=EDGE_CURVE('',#3101,#3111,#3115,.T.);
#2500=FILL_AREA_STYLE('',(#3116));
#2501=FILL_AREA_STYLE('',(#3117));
#2502=EDGE_CURVE('',#2671,#2938,#3118,.T.);
#2503=FILL_AREA_STYLE('',(#3119));
#2504=EDGE_CURVE('',#2940,#2669,#3120,.T.);
#2505=FILL_AREA_STYLE('',(#3121));
#2506=EDGE_CURVE('',#2805,#2666,#3122,.T.);
#2507=EDGE_CURVE('',#2806,#2667,#3123,.T.);
#2508=FILL_AREA_STYLE('',(#3124));
#2509=FILL_AREA_STYLE('',(#3125));
#2510=EDGE_CURVE('',#2799,#2810,#3126,.T.);
#2511=EDGE_CURVE('',#2797,#2812,#3127,.T.);
#2512=FILL_AREA_STYLE('',(#3128));
#2513=FILL_AREA_STYLE('',(#3129));
#2514=EDGE_CURVE('',#2808,#2801,#3130,.T.);
#2515=FILL_AREA_STYLE('',(#3131));
#2516=FILL_AREA_STYLE('',(#3132));
#2517=EDGE_CURVE('',#2765,#2836,#3133,.T.);
#2518=FILL_AREA_STYLE('',(#3134));
#2519=FILL_AREA_STYLE('',(#3135));
#2520=EDGE_CURVE('',#2763,#2838,#3136,.T.);
#2521=FILL_AREA_STYLE('',(#3137));
#2522=FILL_AREA_STYLE('',(#3138));
#2523=FILL_AREA_STYLE('',(#3139));
#2524=EDGE_CURVE('',#2814,#2795,#3140,.T.);
#2525=EDGE_CURVE('',#2816,#2793,#3141,.T.);
#2526=FILL_AREA_STYLE('',(#3142));
#2527=FILL_AREA_STYLE('',(#3143));
#2528=EDGE_CURVE('',#2820,#3144,#3145,.T.);
#2529=EDGE_CURVE('',#3144,#3146,#3147,.T.);
#2530=EDGE_CURVE('',#3146,#2781,#3148,.T.);
#2531=EDGE_CURVE('',#3149,#3150,#3151,.T.);
#2532=EDGE_CURVE('',#3150,#3149,#3152,.T.);
#2533=EDGE_CURVE('',#3153,#3154,#3155,.T.);
#2534=EDGE_CURVE('',#3154,#3153,#3156,.T.);
#2535=FILL_AREA_STYLE('',(#3157));
#2536=EDGE_CURVE('',#3158,#3159,#3160,.T.);
#2537=EDGE_CURVE('',#3158,#3154,#3161,.T.);
#2538=EDGE_CURVE('',#3162,#3153,#3163,.T.);
#2539=EDGE_CURVE('',#3164,#3162,#3165,.T.);
#2540=EDGE_CURVE('',#3164,#3166,#3167,.T.);
#2541=EDGE_CURVE('',#3168,#3166,#3169,.T.);
#2542=EDGE_CURVE('',#3159,#3168,#3170,.T.);
#2543=FILL_AREA_STYLE('',(#3171));
#2544=EDGE_CURVE('',#3172,#3173,#3174,.T.);
#2545=EDGE_CURVE('',#3175,#3173,#3176,.T.);
#2546=EDGE_CURVE('',#3177,#3175,#3178,.T.);
#2547=EDGE_CURVE('',#3177,#3179,#3180,.T.);
#2548=EDGE_CURVE('',#3172,#3179,#3181,.T.);
#2549=FILL_AREA_STYLE('',(#3182));
#2550=EDGE_CURVE('',#3164,#3183,#3184,.T.);
#2551=EDGE_CURVE('',#3162,#3183,#3185,.T.);
#2552=FILL_AREA_STYLE('',(#3186));
#2553=EDGE_CURVE('',#3183,#3172,#3187,.T.);
#2554=EDGE_CURVE('',#3179,#3166,#3188,.T.);
#2555=FILL_AREA_STYLE('',(#3189));
#2556=EDGE_CURVE('',#3190,#3159,#3191,.T.);
#2557=EDGE_CURVE('',#3168,#3175,#3192,.T.);
#2558=EDGE_CURVE('',#3190,#3173,#3193,.T.);
#2559=FILL_AREA_STYLE('',(#3194));
#2560=EDGE_CURVE('',#3190,#3158,#3195,.T.);
#2561=FILL_AREA_STYLE('',(#3196));
#2562=EDGE_CURVE('',#3197,#3198,#3199,.T.);
#2563=EDGE_CURVE('',#3197,#3150,#3200,.T.);
#2564=EDGE_CURVE('',#3201,#3149,#3202,.T.);
#2565=EDGE_CURVE('',#3203,#3201,#3204,.T.);
#2566=EDGE_CURVE('',#3203,#3205,#3206,.T.);
#2567=EDGE_CURVE('',#3207,#3205,#3208,.T.);
#2568=EDGE_CURVE('',#3198,#3207,#3209,.T.);
#2569=FILL_AREA_STYLE('',(#3210));
#2570=EDGE_CURVE('',#3211,#3212,#3213,.T.);
#2571=EDGE_CURVE('',#3214,#3212,#3215,.T.);
#2572=EDGE_CURVE('',#3216,#3214,#3217,.T.);
#2573=EDGE_CURVE('',#3216,#3218,#3219,.T.);
#2574=EDGE_CURVE('',#3211,#3218,#3220,.T.);
#2575=FILL_AREA_STYLE('',(#3221));
#2576=EDGE_CURVE('',#3222,#3203,#3223,.T.);
#2577=EDGE_CURVE('',#3201,#3222,#3224,.T.);
#2578=FILL_AREA_STYLE('',(#3225));
#2579=EDGE_CURVE('',#3222,#3211,#3226,.T.);
#2580=EDGE_CURVE('',#3218,#3205,#3227,.T.);
#2581=FILL_AREA_STYLE('',(#3228));
#2582=EDGE_CURVE('',#3198,#3229,#3230,.T.);
#2583=EDGE_CURVE('',#3207,#3214,#3231,.T.);
#2584=EDGE_CURVE('',#3229,#3212,#3232,.T.);
#2585=FILL_AREA_STYLE('',(#3233));
#2586=EDGE_CURVE('',#3229,#3197,#3234,.T.);
#2587=FILL_AREA_STYLE('',(#3235));
#2588=EDGE_CURVE('',#2818,#2791,#3236,.T.);
#2589=EDGE_CURVE('',#2789,#3237,#3238,.T.);
#2590=EDGE_CURVE('',#3144,#3237,#3239,.T.);
#2591=FILL_AREA_STYLE('',(#3240));
#2592=FILL_AREA_STYLE('',(#3241));
#2593=EDGE_CURVE('',#2787,#3242,#3243,.T.);
#2594=EDGE_CURVE('',#3237,#3242,#3244,.T.);
#2595=FILL_AREA_STYLE('',(#3245));
#2596=EDGE_CURVE('',#3246,#3247,#3248,.T.);
#2597=EDGE_CURVE('',#3247,#3146,#3249,.T.);
#2598=EDGE_CURVE('',#3242,#3246,#3250,.T.);
#2599=FILL_AREA_STYLE('',(#3251));
#2600=EDGE_CURVE('',#2785,#3246,#3252,.T.);
#2601=FILL_AREA_STYLE('',(#3253));
#2602=EDGE_CURVE('',#2783,#3247,#3254,.T.);
#2603=FILL_AREA_STYLE('',(#3255));
#2604=FILL_AREA_STYLE('',(#3256));
#2605=FILL_AREA_STYLE('',(#3257));
#2606=FILL_AREA_STYLE('',(#3258));
#2607=FILL_AREA_STYLE('',(#3259));
#2608=FILL_AREA_STYLE('',(#3260));
#2609=FILL_AREA_STYLE('',(#3261));
#2610=FILL_AREA_STYLE('',(#3262));
#2611=FILL_AREA_STYLE_COLOUR('',#3263);
#2612=VERTEX_POINT('',#3264);
#2613=VERTEX_POINT('',#3265);
#2614=LINE('',#3266,#3267);
#2615=VERTEX_POINT('',#3268);
#2616=CIRCLE('',#3269,0.5);
#2617=VERTEX_POINT('',#3270);
#2618=LINE('',#3271,#3272);
#2619=CIRCLE('',#3273,0.5);
#2620=FILL_AREA_STYLE_COLOUR('',#3274);
#2621=VERTEX_POINT('',#3275);
#2622=VERTEX_POINT('',#3276);
#2623=LINE('',#3277,#3278);
#2624=VERTEX_POINT('',#3279);
#2625=CIRCLE('',#3280,0.5);
#2626=VERTEX_POINT('',#3281);
#2627=LINE('',#3282,#3283);
#2628=CIRCLE('',#3284,0.5);
#2629=FILL_AREA_STYLE_COLOUR('',#3285);
#2630=VERTEX_POINT('',#3286);
#2631=VERTEX_POINT('',#3287);
#2632=LINE('',#3288,#3289);
#2633=VERTEX_POINT('',#3290);
#2634=CIRCLE('',#3291,3.0);
#2635=VERTEX_POINT('',#3292);
#2636=LINE('',#3293,#3294);
#2637=CIRCLE('',#3295,3.0);
#2638=FILL_AREA_STYLE_COLOUR('',#3296);
#2639=VERTEX_POINT('',#3297);
#2640=VERTEX_POINT('',#3298);
#2641=LINE('',#3299,#3300);
#2642=VERTEX_POINT('',#3301);
#2643=CIRCLE('',#3302,3.0);
#2644=VERTEX_POINT('',#3303);
#2645=LINE('',#3304,#3305);
#2646=CIRCLE('',#3306,3.0);
#2647=FILL_AREA_STYLE_COLOUR('',#3307);
#2648=VERTEX_POINT('',#3308);
#2649=VERTEX_POINT('',#3309);
#2650=LINE('',#3310,#3311);
#2651=VERTEX_POINT('',#3312);
#2652=CIRCLE('',#3313,1.50000000000012);
#2653=VERTEX_POINT('',#3314);
#2654=LINE('',#3315,#3316);
#2655=CIRCLE('',#3317,1.50000000000012);
#2656=FILL_AREA_STYLE_COLOUR('',#3318);
#2657=VERTEX_POINT('',#3319);
#2658=VERTEX_POINT('',#3320);
#2659=LINE('',#3321,#3322);
#2660=VERTEX_POINT('',#3323);
#2661=CIRCLE('',#3324,10.0);
#2662=VERTEX_POINT('',#3325);
#2663=LINE('',#3326,#3327);
#2664=CIRCLE('',#3328,10.0);
#2665=FILL_AREA_STYLE_COLOUR('',#3329);
#2666=VERTEX_POINT('',#3330);
#2667=VERTEX_POINT('',#3331);
#2668=LINE('',#3332,#3333);
#2669=VERTEX_POINT('',#3334);
#2670=LINE('',#3335,#3336);
#2671=VERTEX_POINT('',#3337);
#2672=LINE('',#3338,#3339);
#2673=VERTEX_POINT('',#3340);
#2674=LINE('',#3341,#3342);
#2675=VERTEX_POINT('',#3343);
#2676=LINE('',#3344,#3345);
#2677=VERTEX_POINT('',#3346);
#2678=LINE('',#3347,#3348);
#2679=VERTEX_POINT('',#3349);
#2680=LINE('',#3350,#3351);
#2681=VERTEX_POINT('',#3352);
#2682=LINE('',#3353,#3354);
#2683=VERTEX_POINT('',#3355);
#2684=LINE('',#3356,#3357);
#2685=VERTEX_POINT('',#3358);
#2686=LINE('',#3359,#3360);
#2687=VERTEX_POINT('',#3361);
#2688=LINE('',#3362,#3363);
#2689=VERTEX_POINT('',#3364);
#2690=LINE('',#3365,#3366);
#2691=VERTEX_POINT('',#3367);
#2692=LINE('',#3368,#3369);
#2693=VERTEX_POINT('',#3370);
#2694=LINE('',#3371,#3372);
#2695=VERTEX_POINT('',#3373);
#2696=CIRCLE('',#3374,0.500000000000064);
#2697=VERTEX_POINT('',#3375);
#2698=LINE('',#3376,#3377);
#2699=VERTEX_POINT('',#3378);
#2700=LINE('',#3379,#3380);
#2701=VERTEX_POINT('',#3381);
#2702=CIRCLE('',#3382,9.50000000000006);
#2703=VERTEX_POINT('',#3383);
#2704=LINE('',#3384,#3385);
#2705=VERTEX_POINT('',#3386);
#2706=LINE('',#3387,#3388);
#2707=VERTEX_POINT('',#3389);
#2708=LINE('',#3390,#3391);
#2709=VERTEX_POINT('',#3392);
#2710=LINE('',#3393,#3394);
#2711=VERTEX_POINT('',#3395);
#2712=LINE('',#3396,#3397);
#2713=VERTEX_POINT('',#3398);
#2714=LINE('',#3399,#3400);
#2715=VERTEX_POINT('',#3401);
#2716=LINE('',#3402,#3403);
#2717=VERTEX_POINT('',#3404);
#2718=CIRCLE('',#3405,2.0);
#2719=VERTEX_POINT('',#3406);
#2720=LINE('',#3407,#3408);
#2721=VERTEX_POINT('',#3409);
#2722=LINE('',#3410,#3411);
#2723=VERTEX_POINT('',#3412);
#2724=LINE('',#3413,#3414);
#2725=VERTEX_POINT('',#3415);
#2726=LINE('',#3416,#3417);
#2727=VERTEX_POINT('',#3418);
#2728=LINE('',#3419,#3420);
#2729=VERTEX_POINT('',#3421);
#2730=LINE('',#3422,#3423);
#2731=CIRCLE('',#3424,0.499999999999784);
#2732=VERTEX_POINT('',#3425);
#2733=CIRCLE('',#3426,1.50000000000012);
#2734=VERTEX_POINT('',#3427);
#2735=LINE('',#3428,#3429);
#2736=VERTEX_POINT('',#3430);
#2737=LINE('',#3431,#3432);
#2738=VERTEX_POINT('',#3433);
#2739=LINE('',#3434,#3435);
#2740=LINE('',#3436,#3437);
#2741=VERTEX_POINT('',#3438);
#2742=CIRCLE('',#3439,0.5);
#2743=LINE('',#3440,#3441);
#2744=VERTEX_POINT('',#3442);
#2745=CIRCLE('',#3443,10.0);
#2746=VERTEX_POINT('',#3444);
#2747=CIRCLE('',#3445,0.999999999999849);
#2748=VERTEX_POINT('',#3446);
#2749=LINE('',#3447,#3448);
#2750=VERTEX_POINT('',#3449);
#2751=LINE('',#3450,#3451);
#2752=VERTEX_POINT('',#3452);
#2753=LINE('',#3453,#3454);
#2754=VERTEX_POINT('',#3455);
#2755=LINE('',#3456,#3457);
#2756=VERTEX_POINT('',#3458);
#2757=LINE('',#3459,#3460);
#2758=VERTEX_POINT('',#3461);
#2759=LINE('',#3462,#3463);
#2760=CIRCLE('',#3464,0.5);
#2761=VERTEX_POINT('',#3465);
#2762=LINE('',#3466,#3467);
#2763=VERTEX_POINT('',#3468);
#2764=LINE('',#3469,#3470);
#2765=VERTEX_POINT('',#3471);
#2766=LINE('',#3472,#3473);
#2767=VERTEX_POINT('',#3474);
#2768=LINE('',#3475,#3476);
#2769=VERTEX_POINT('',#3477);
#2770=LINE('',#3478,#3479);
#2771=VERTEX_POINT('',#3480);
#2772=LINE('',#3481,#3482);
#2773=VERTEX_POINT('',#3483);
#2774=LINE('',#3484,#3485);
#2775=VERTEX_POINT('',#3486);
#2776=LINE('',#3487,#3488);
#2777=VERTEX_POINT('',#3489);
#2778=LINE('',#3490,#3491);
#2779=VERTEX_POINT('',#3492);
#2780=LINE('',#3493,#3494);
#2781=VERTEX_POINT('',#3495);
#2782=LINE('',#3496,#3497);
#2783=VERTEX_POINT('',#3498);
#2784=LINE('',#3499,#3500);
#2785=VERTEX_POINT('',#3501);
#2786=LINE('',#3502,#3503);
#2787=VERTEX_POINT('',#3504);
#2788=LINE('',#3505,#3506);
#2789=VERTEX_POINT('',#3507);
#2790=LINE('',#3508,#3509);
#2791=VERTEX_POINT('',#3510);
#2792=LINE('',#3511,#3512);
#2793=VERTEX_POINT('',#3513);
#2794=LINE('',#3514,#3515);
#2795=VERTEX_POINT('',#3516);
#2796=LINE('',#3517,#3518);
#2797=VERTEX_POINT('',#3519);
#2798=LINE('',#3520,#3521);
#2799=VERTEX_POINT('',#3522);
#2800=LINE('',#3523,#3524);
#2801=VERTEX_POINT('',#3525);
#2802=LINE('',#3526,#3527);
#2803=LINE('',#3528,#3529);
#2804=FILL_AREA_STYLE_COLOUR('',#3530);
#2805=VERTEX_POINT('',#3531);
#2806=VERTEX_POINT('',#3532);
#2807=LINE('',#3533,#3534);
#2808=VERTEX_POINT('',#3535);
#2809=LINE('',#3536,#3537);
#2810=VERTEX_POINT('',#3538);
#2811=LINE('',#3539,#3540);
#2812=VERTEX_POINT('',#3541);
#2813=LINE('',#3542,#3543);
#2814=VERTEX_POINT('',#3544);
#2815=LINE('',#3545,#3546);
#2816=VERTEX_POINT('',#3547);
#2817=LINE('',#3548,#3549);
#2818=VERTEX_POINT('',#3550);
#2819=LINE('',#3551,#3552);
#2820=VERTEX_POINT('',#3553);
#2821=LINE('',#3554,#3555);
#2822=VERTEX_POINT('',#3556);
#2823=LINE('',#3557,#3558);
#2824=VERTEX_POINT('',#3559);
#2825=LINE('',#3560,#3561);
#2826=VERTEX_POINT('',#3562);
#2827=LINE('',#3563,#3564);
#2828=VERTEX_POINT('',#3565);
#2829=LINE('',#3566,#3567);
#2830=VERTEX_POINT('',#3568);
#2831=LINE('',#3569,#3570);
#2832=VERTEX_POINT('',#3571);
#2833=LINE('',#3572,#3573);
#2834=VERTEX_POINT('',#3574);
#2835=LINE('',#3575,#3576);
#2836=VERTEX_POINT('',#3577);
#2837=LINE('',#3578,#3579);
#2838=VERTEX_POINT('',#3580);
#2839=LINE('',#3581,#3582);
#2840=VERTEX_POINT('',#3583);
#2841=LINE('',#3584,#3585);
#2842=LINE('',#3586,#3587);
#2843=VERTEX_POINT('',#3588);
#2844=CIRCLE('',#3589,0.5);
#2845=VERTEX_POINT('',#3590);
#2846=LINE('',#3591,#3592);
#2847=VERTEX_POINT('',#3593);
#2848=LINE('',#3594,#3595);
#2849=VERTEX_POINT('',#3596);
#2850=LINE('',#3597,#3598);
#2851=VERTEX_POINT('',#3599);
#2852=LINE('',#3600,#3601);
#2853=VERTEX_POINT('',#3602);
#2854=LINE('',#3603,#3604);
#2855=VERTEX_POINT('',#3605);
#2856=LINE('',#3606,#3607);
#2857=VERTEX_POINT('',#3608);
#2858=CIRCLE('',#3609,0.999999999999849);
#2859=CIRCLE('',#3610,10.0);
#2860=VERTEX_POINT('',#3611);
#2861=LINE('',#3612,#3613);
#2862=CIRCLE('',#3614,0.5);
#2863=VERTEX_POINT('',#3615);
#2864=LINE('',#3616,#3617);
#2865=VERTEX_POINT('',#3618);
#2866=LINE('',#3619,#3620);
#2867=VERTEX_POINT('',#3621);
#2868=LINE('',#3622,#3623);
#2869=VERTEX_POINT('',#3624);
#2870=LINE('',#3625,#3626);
#2871=CIRCLE('',#3627,1.50000000000012);
#2872=VERTEX_POINT('',#3628);
#2873=CIRCLE('',#3629,0.499999999999784);
#2874=VERTEX_POINT('',#3630);
#2875=LINE('',#3631,#3632);
#2876=VERTEX_POINT('',#3633);
#2877=LINE('',#3634,#3635);
#2878=VERTEX_POINT('',#3636);
#2879=LINE('',#3637,#3638);
#2880=VERTEX_POINT('',#3639);
#2881=LINE('',#3640,#3641);
#2882=VERTEX_POINT('',#3642);
#2883=LINE('',#3643,#3644);
#2884=VERTEX_POINT('',#3645);
#2885=LINE('',#3646,#3647);
#2886=VERTEX_POINT('',#3648);
#2887=CIRCLE('',#3649,2.0);
#2888=VERTEX_POINT('',#3650);
#2889=LINE('',#3651,#3652);
#2890=VERTEX_POINT('',#3653);
#2891=LINE('',#3654,#3655);
#2892=VERTEX_POINT('',#3656);
#2893=LINE('',#3657,#3658);
#2894=VERTEX_POINT('',#3659);
#2895=LINE('',#3660,#3661);
#2896=VERTEX_POINT('',#3662);
#2897=LINE('',#3663,#3664);
#2898=VERTEX_POINT('',#3665);
#2899=LINE('',#3666,#3667);
#2900=VERTEX_POINT('',#3668);
#2901=LINE('',#3669,#3670);
#2902=VERTEX_POINT('',#3671);
#2903=CIRCLE('',#3672,9.50000000000006);
#2904=VERTEX_POINT('',#3673);
#2905=LINE('',#3674,#3675);
#2906=VERTEX_POINT('',#3676);
#2907=LINE('',#3677,#3678);
#2908=VERTEX_POINT('',#3679);
#2909=CIRCLE('',#3680,0.500000000000064);
#2910=VERTEX_POINT('',#3681);
#2911=LINE('',#3682,#3683);
#2912=VERTEX_POINT('',#3684);
#2913=LINE('',#3685,#3686);
#2914=VERTEX_POINT('',#3687);
#2915=LINE('',#3688,#3689);
#2916=VERTEX_POINT('',#3690);
#2917=LINE('',#3691,#3692);
#2918=VERTEX_POINT('',#3693);
#2919=LINE('',#3694,#3695);
#2920=VERTEX_POINT('',#3696);
#2921=LINE('',#3697,#3698);
#2922=VERTEX_POINT('',#3699);
#2923=LINE('',#3700,#3701);
#2924=VERTEX_POINT('',#3702);
#2925=LINE('',#3703,#3704);
#2926=VERTEX_POINT('',#3705);
#2927=LINE('',#3706,#3707);
#2928=VERTEX_POINT('',#3708);
#2929=LINE('',#3709,#3710);
#2930=VERTEX_POINT('',#3711);
#2931=LINE('',#3712,#3713);
#2932=VERTEX_POINT('',#3714);
#2933=LINE('',#3715,#3716);
#2934=VERTEX_POINT('',#3717);
#2935=LINE('',#3718,#3719);
#2936=VERTEX_POINT('',#3720);
#2937=LINE('',#3721,#3722);
#2938=VERTEX_POINT('',#3723);
#2939=LINE('',#3724,#3725);
#2940=VERTEX_POINT('',#3726);
#2941=LINE('',#3727,#3728);
#2942=LINE('',#3729,#3730);
#2943=FILL_AREA_STYLE_COLOUR('',#3731);
#2944=LINE('',#3732,#3733);
#2945=LINE('',#3734,#3735);
#2946=FILL_AREA_STYLE_COLOUR('',#3736);
#2947=LINE('',#3737,#3738);
#2948=LINE('',#3739,#3740);
#2949=FILL_AREA_STYLE_COLOUR('',#3741);
#2950=FILL_AREA_STYLE_COLOUR('',#3742);
#2951=LINE('',#3743,#3744);
#2952=FILL_AREA_STYLE_COLOUR('',#3745);
#2953=LINE('',#3746,#3747);
#2954=LINE('',#3748,#3749);
#2955=FILL_AREA_STYLE_COLOUR('',#3750);
#2956=LINE('',#3751,#3752);
#2957=FILL_AREA_STYLE_COLOUR('',#3753);
#2958=LINE('',#3754,#3755);
#2959=FILL_AREA_STYLE_COLOUR('',#3756);
#2960=LINE('',#3757,#3758);
#2961=LINE('',#3759,#3760);
#2962=FILL_AREA_STYLE_COLOUR('',#3761);
#2963=LINE('',#3762,#3763);
#2964=LINE('',#3764,#3765);
#2965=FILL_AREA_STYLE_COLOUR('',#3766);
#2966=FILL_AREA_STYLE_COLOUR('',#3767);
#2967=FILL_AREA_STYLE_COLOUR('',#3768);
#2968=LINE('',#3769,#3770);
#2969=LINE('',#3771,#3772);
#2970=FILL_AREA_STYLE_COLOUR('',#3773);
#2971=LINE('',#3774,#3775);
#2972=FILL_AREA_STYLE_COLOUR('',#3776);
#2973=FILL_AREA_STYLE_COLOUR('',#3777);
#2974=LINE('',#3778,#3779);
#2975=FILL_AREA_STYLE_COLOUR('',#3780);
#2976=LINE('',#3781,#3782);
#2977=FILL_AREA_STYLE_COLOUR('',#3783);
#2978=LINE('',#3784,#3785);
#2979=FILL_AREA_STYLE_COLOUR('',#3786);
#2980=VERTEX_POINT('',#3787);
#2981=LINE('',#3788,#3789);
#2982=VERTEX_POINT('',#3790);
#2983=LINE('',#3791,#3792);
#2984=LINE('',#3793,#3794);
#2985=FILL_AREA_STYLE_COLOUR('',#3795);
#2986=VERTEX_POINT('',#3796);
#2987=VERTEX_POINT('',#3797);
#2988=CIRCLE('',#3798,0.5);
#2989=LINE('',#3799,#3800);
#2990=VERTEX_POINT('',#3801);
#2991=LINE('',#3802,#3803);
#2992=VERTEX_POINT('',#3804);
#2993=LINE('',#3805,#3806);
#2994=LINE('',#3807,#3808);
#2995=FILL_AREA_STYLE_COLOUR('',#3809);
#2996=LINE('',#3810,#3811);
#2997=FILL_AREA_STYLE_COLOUR('',#3812);
#2998=LINE('',#3813,#3814);
#2999=LINE('',#3815,#3816);
#3000=FILL_AREA_STYLE_COLOUR('',#3817);
#3001=LINE('',#3818,#3819);
#3002=FILL_AREA_STYLE_COLOUR('',#3820);
#3003=LINE('',#3821,#3822);
#3004=FILL_AREA_STYLE_COLOUR('',#3823);
#3005=LINE('',#3824,#3825);
#3006=FILL_AREA_STYLE_COLOUR('',#3826);
#3007=LINE('',#3827,#3828);
#3008=FILL_AREA_STYLE_COLOUR('',#3829);
#3009=LINE('',#3830,#3831);
#3010=FILL_AREA_STYLE_COLOUR('',#3832);
#3011=LINE('',#3833,#3834);
#3012=LINE('',#3835,#3836);
#3013=FILL_AREA_STYLE_COLOUR('',#3837);
#3014=LINE('',#3838,#3839);
#3015=FILL_AREA_STYLE_COLOUR('',#3840);
#3016=LINE('',#3841,#3842);
#3017=FILL_AREA_STYLE_COLOUR('',#3843);
#3018=LINE('',#3844,#3845);
#3019=FILL_AREA_STYLE_COLOUR('',#3846);
#3020=FILL_AREA_STYLE_COLOUR('',#3847);
#3021=LINE('',#3848,#3849);
#3022=FILL_AREA_STYLE_COLOUR('',#3850);
#3023=LINE('',#3851,#3852);
#3024=FILL_AREA_STYLE_COLOUR('',#3853);
#3025=FILL_AREA_STYLE_COLOUR('',#3854);
#3026=LINE('',#3855,#3856);
#3027=FILL_AREA_STYLE_COLOUR('',#3857);
#3028=LINE('',#3858,#3859);
#3029=LINE('',#3860,#3861);
#3030=FILL_AREA_STYLE_COLOUR('',#3862);
#3031=LINE('',#3863,#3864);
#3032=LINE('',#3865,#3866);
#3033=FILL_AREA_STYLE_COLOUR('',#3867);
#3034=LINE('',#3868,#3869);
#3035=LINE('',#3870,#3871);
#3036=FILL_AREA_STYLE_COLOUR('',#3872);
#3037=LINE('',#3873,#3874);
#3038=LINE('',#3875,#3876);
#3039=FILL_AREA_STYLE_COLOUR('',#3877);
#3040=FILL_AREA_STYLE_COLOUR('',#3878);
#3041=FILL_AREA_STYLE_COLOUR('',#3879);
#3042=LINE('',#3880,#3881);
#3043=FILL_AREA_STYLE_COLOUR('',#3882);
#3044=FILL_AREA_STYLE_COLOUR('',#3883);
#3045=FILL_AREA_STYLE_COLOUR('',#3884);
#3046=LINE('',#3885,#3886);
#3047=FILL_AREA_STYLE_COLOUR('',#3887);
#3048=LINE('',#3888,#3889);
#3049=FILL_AREA_STYLE_COLOUR('',#3890);
#3050=LINE('',#3891,#3892);
#3051=VERTEX_POINT('',#3893);
#3052=CIRCLE('',#3894,3.0);
#3053=VERTEX_POINT('',#3895);
#3054=CIRCLE('',#3896,3.0);
#3055=CIRCLE('',#3897,3.0);
#3056=CIRCLE('',#3898,3.0);
#3057=FILL_AREA_STYLE_COLOUR('',#3899);
#3058=VERTEX_POINT('',#3900);
#3059=CIRCLE('',#3901,3.0);
#3060=LINE('',#3902,#3903);
#3061=FILL_AREA_STYLE_COLOUR('',#3904);
#3062=LINE('',#3905,#3906);
#3063=FILL_AREA_STYLE_COLOUR('',#3907);
#3064=VERTEX_POINT('',#3908);
#3065=LINE('',#3909,#3910);
#3066=VERTEX_POINT('',#3911);
#3067=B_SPLINE_CURVE_WITH_KNOTS('',3,(#3912,#3913,#3914,#3915,#3916,#3917,#3918,#3919,#3920,#3921,#3922,#3923,#3924,#3925,#3926,#3927,#3928,#3929,#3930,#3931,#3932,#3933,#3934,#3935,#3936,#3937,#3938,#3939,#3940,#3941,#3942,#3943,#3944,#3945),.UNSPECIFIED.,.F.,.F.,(4,3,3,3,3,3,3,3,3,3,3,4),(2.24641497693632E-13,0.293371222568959,0.586742467971109,0.880113642766464,1.17348484710309,1.46685622060526,1.6135418099516,1.76022782979716,1.90691407433785,2.05359988274466,2.20028939858743,2.34698714813323),.UNSPECIFIED.);
#3068=VERTEX_POINT('',#3946);
#3069=B_SPLINE_CURVE_WITH_KNOTS('',3,(#3947,#3948,#3949,#3950,#3951,#3952,#3953,#3954,#3955,#3956,#3957,#3958,#3959,#3960,#3961,#3962,#3963,#3964,#3965,#3966,#3967,#3968,#3969,#3970,#3971,#3972,#3973,#3974,#3975,#3976,#3977,#3978,#3979,#3980,#3981,#3982,#3983,#3984,#3985,#3986,#3987,#3988,#3989,#3990,#3991,#3992,#3993,#3994,#3995,#3996,#3997,#3998,#3999,#4000,#4001,#4002,#4003,#4004,#4005,#4006,#4007,#4008,#4009,#4010),.UNSPECIFIED.,.F.,.F.,(4,3,3,3,3,3,3,3,3,3,3,3,3,3,3,3,3,3,3,3,3,4),(1.40409318561908E-13,0.110872384927938,0.221740138360432,0.332606181767409,0.443490119668812,0.554397680732371,0.665320380530566,0.77624593115484,0.887160081637448,0.99804797092249,1.10891402563828,1.219781614721,1.33065137281138,1.44152096574109,1.55238723268739,1.7741191974638,1.99585147770961,2.21758297544481,2.43931460174994,2.6610461998929,3.10450909325485,3.54797207624999),.UNSPECIFIED.);
#3070=LINE('',#4011,#4012);
#3071=FILL_AREA_STYLE_COLOUR('',#4013);
#3072=VERTEX_POINT('',#4014);
#3073=CIRCLE('',#4015,2.99999999999999);
#3074=VERTEX_POINT('',#4016);
#3075=LINE('',#4017,#4018);
#3076=VERTEX_POINT('',#4019);
#3077=LINE('',#4020,#4021);
#3078=B_SPLINE_CURVE_WITH_KNOTS('',3,(#4022,#4023,#4024,#4025,#4026,#4027,#4028,#4029,#4030,#4031,#4032,#4033,#4034,#4035,#4036,#4037,#4038,#4039,#4040,#4041,#4042,#4043,#4044,#4045,#4046,#4047,#4048,#4049,#4050,#4051,#4052,#4053,#4054,#4055),.UNSPECIFIED.,.F.,.F.,(4,3,3,3,3,3,3,3,3,3,3,4),(1.43294952810221E-12,0.293372742721653,0.586745473151701,0.880118335726698,1.17349119143698,1.46686405661983,1.61355068096082,1.76023718186701,1.90692391886913,2.05361255676438,2.20030057301151,2.34698714790474),.UNSPECIFIED.);
#3079=FILL_AREA_STYLE_COLOUR('',#4056);
#3080=VERTEX_POINT('',#4057);
#3081=LINE('',#4058,#4059);
#3082=CIRCLE('',#4060,2.99999999999999);
#3083=FILL_AREA_STYLE_COLOUR('',#4061);
#3084=VERTEX_POINT('',#4062);
#3085=LINE('',#4063,#4064);
#3086=LINE('',#4065,#4066);
#3087=LINE('',#4067,#4068);
#3088=B_SPLINE_CURVE_WITH_KNOTS('',3,(#4069,#4070,#4071,#4072,#4073,#4074,#4075,#4076,#4077,#4078,#4079,#4080,#4081,#4082,#4083,#4084,#4085,#4086,#4087,#4088,#4089,#4090,#4091,#4092,#4093,#4094,#4095,#4096,#4097,#4098,#4099,#4100,#4101,#4102,#4103,#4104,#4105,#4106,#4107,#4108,#4109,#4110,#4111,#4112,#4113,#4114,#4115,#4116,#4117,#4118,#4119,#4120,#4121,#4122,#4123,#4124,#4125,#4126,#4127,#4128,#4129,#4130,#4131,#4132),.UNSPECIFIED.,.F.,.F.,(4,3,3,3,3,3,3,3,3,3,3,3,3,3,3,3,3,3,3,3,3,4),(0.0,0.110879063238201,0.221770396326893,0.332658879248501,0.443536688851676,0.554404812841462,0.665270419584149,0.776145095396375,0.8870365501323,0.99794345281391,1.10885726036931,1.21976320414828,1.33064220825089,1.44150864542477,1.552375588429,1.77411013819122,1.99584291118851,2.21757583220027,2.4393085669764,2.66104125254109,3.10450675670104,3.54797207609343),.UNSPECIFIED.);
#3089=FILL_AREA_STYLE_COLOUR('',#4133);
#3090=CIRCLE('',#4134,3.0);
#3091=FILL_AREA_STYLE_COLOUR('',#4135);
#3092=FILL_AREA_STYLE_COLOUR('',#4136);
#3093=FILL_AREA_STYLE_COLOUR('',#4137);
#3094=LINE('',#4138,#4139);
#3095=LINE('',#4140,#4141);
#3096=FILL_AREA_STYLE_COLOUR('',#4142);
#3097=LINE('',#4143,#4144);
#3098=LINE('',#4145,#4146);
#3099=FILL_AREA_STYLE_COLOUR('',#4147);
#3100=FILL_AREA_STYLE_COLOUR('',#4148);
#3101=VERTEX_POINT('',#4149);
#3102=LINE('',#4150,#4151);
#3103=VERTEX_POINT('',#4152);
#3104=LINE('',#4153,#4154);
#3105=LINE('',#4155,#4156);
#3106=FILL_AREA_STYLE_COLOUR('',#4157);
#3107=VERTEX_POINT('',#4158);
#3108=LINE('',#4159,#4160);
#3109=LINE('',#4161,#4162);
#3110=FILL_AREA_STYLE_COLOUR('',#4163);
#3111=VERTEX_POINT('',#4164);
#3112=LINE('',#4165,#4166);
#3113=LINE('',#4167,#4168);
#3114=FILL_AREA_STYLE_COLOUR('',#4169);
#3115=LINE('',#4170,#4171);
#3116=FILL_AREA_STYLE_COLOUR('',#4172);
#3117=FILL_AREA_STYLE_COLOUR('',#4173);
#3118=LINE('',#4174,#4175);
#3119=FILL_AREA_STYLE_COLOUR('',#4176);
#3120=LINE('',#4177,#4178);
#3121=FILL_AREA_STYLE_COLOUR('',#4179);
#3122=LINE('',#4180,#4181);
#3123=LINE('',#4182,#4183);
#3124=FILL_AREA_STYLE_COLOUR('',#4184);
#3125=FILL_AREA_STYLE_COLOUR('',#4185);
#3126=LINE('',#4186,#4187);
#3127=LINE('',#4188,#4189);
#3128=FILL_AREA_STYLE_COLOUR('',#4190);
#3129=FILL_AREA_STYLE_COLOUR('',#4191);
#3130=LINE('',#4192,#4193);
#3131=FILL_AREA_STYLE_COLOUR('',#4194);
#3132=FILL_AREA_STYLE_COLOUR('',#4195);
#3133=LINE('',#4196,#4197);
#3134=FILL_AREA_STYLE_COLOUR('',#4198);
#3135=FILL_AREA_STYLE_COLOUR('',#4199);
#3136=LINE('',#4200,#4201);
#3137=FILL_AREA_STYLE_COLOUR('',#4202);
#3138=FILL_AREA_STYLE_COLOUR('',#4203);
#3139=FILL_AREA_STYLE_COLOUR('',#4204);
#3140=LINE('',#4205,#4206);
#3141=LINE('',#4207,#4208);
#3142=FILL_AREA_STYLE_COLOUR('',#4209);
#3143=FILL_AREA_STYLE_COLOUR('',#4210);
#3144=VERTEX_POINT('',#4211);
#3145=LINE('',#4212,#4213);
#3146=VERTEX_POINT('',#4214);
#3147=LINE('',#4215,#4216);
#3148=LINE('',#4217,#4218);
#3149=VERTEX_POINT('',#4219);
#3150=VERTEX_POINT('',#4220);
#3151=CIRCLE('',#4221,2.99999999999969);
#3152=CIRCLE('',#4222,2.99999999999969);
#3153=VERTEX_POINT('',#4223);
#3154=VERTEX_POINT('',#4224);
#3155=CIRCLE('',#4225,3.0);
#3156=CIRCLE('',#4226,3.0);
#3157=FILL_AREA_STYLE_COLOUR('',#4227);
#3158=VERTEX_POINT('',#4228);
#3159=VERTEX_POINT('',#4229);
#3160=CIRCLE('',#4230,3.0);
#3161=LINE('',#4231,#4232);
#3162=VERTEX_POINT('',#4233);
#3163=LINE('',#4234,#4235);
#3164=VERTEX_POINT('',#4236);
#3165=CIRCLE('',#4237,3.0);
#3166=VERTEX_POINT('',#4238);
#3167=LINE('',#4239,#4240);
#3168=VERTEX_POINT('',#4241);
#3169=CIRCLE('',#4242,3.0);
#3170=LINE('',#4243,#4244);
#3171=FILL_AREA_STYLE_COLOUR('',#4245);
#3172=VERTEX_POINT('',#4246);
#3173=VERTEX_POINT('',#4247);
#3174=CIRCLE('',#4248,3.0);
#3175=VERTEX_POINT('',#4249);
#3176=B_SPLINE_CURVE_WITH_KNOTS('',3,(#4250,#4251,#4252,#4253,#4254,#4255,#4256,#4257,#4258,#4259,#4260,#4261,#4262,#4263,#4264,#4265,#4266,#4267,#4268,#4269,#4270,#4271,#4272,#4273,#4274,#4275,#4276,#4277,#4278,#4279,#4280,#4281,#4282,#4283,#4284,#4285,#4286,#4287,#4288,#4289,#4290,#4291,#4292,#4293,#4294,#4295,#4296,#4297,#4298,#4299,#4300,#4301,#4302,#4303,#4304,#4305,#4306,#4307,#4308,#4309,#4310,#4311,#4312,#4313),.UNSPECIFIED.,.F.,.F.,(4,3,3,3,3,3,3,3,3,3,3,3,3,3,3,3,3,3,3,3,3,4),(0.0,0.110870166223187,0.221736431581315,0.332604482361349,0.443496414827192,0.554411054847349,0.665337872317196,0.776263820318645,0.887174864096998,0.99805749139706,1.10892300111564,1.2197906064215,1.33066038265666,1.44152950789604,1.55239510995426,1.77412627711045,1.99585764956102,2.21758827237437,2.43931903213617,2.66104973675241,3.10451085896767,3.54797207635018),.UNSPECIFIED.);
#3177=VERTEX_POINT('',#4314);
#3178=LINE('',#4315,#4316);
#3179=VERTEX_POINT('',#4317);
#3180=LINE('',#4318,#4319);
#3181=B_SPLINE_CURVE_WITH_KNOTS('',3,(#4320,#4321,#4322,#4323,#4324,#4325,#4326,#4327,#4328,#4329,#4330,#4331,#4332,#4333,#4334,#4335,#4336,#4337,#4338,#4339,#4340,#4341,#4342,#4343,#4344,#4345,#4346,#4347,#4348,#4349,#4350,#4351,#4352,#4353),.UNSPECIFIED.,.F.,.F.,(4,3,3,3,3,3,3,3,3,3,3,4),(2.37406572681511E-12,0.293372743141645,0.586745473794578,0.880118336369526,1.17349119202964,1.4668640571716,1.61355068151257,1.76023718242439,1.90692391942651,2.05361255732176,2.20030057356805,2.34698714846087),.UNSPECIFIED.);
#3182=FILL_AREA_STYLE_COLOUR('',#4354);
#3183=VERTEX_POINT('',#4355);
#3184=LINE('',#4356,#4357);
#3185=CIRCLE('',#4358,3.0);
#3186=FILL_AREA_STYLE_COLOUR('',#4359);
#3187=LINE('',#4360,#4361);
#3188=B_SPLINE_CURVE_WITH_KNOTS('',3,(#4362,#4363,#4364,#4365,#4366,#4367,#4368,#4369,#4370,#4371,#4372,#4373,#4374,#4375,#4376,#4377,#4378,#4379,#4380,#4381,#4382,#4383,#4384,#4385,#4386,#4387,#4388,#4389,#4390,#4391,#4392,#4393,#4394,#4395,#4396,#4397,#4398,#4399,#4400,#4401,#4402,#4403,#4404,#4405,#4406,#4407,#4408,#4409,#4410,#4411,#4412,#4413,#4414,#4415,#4416,#4417,#4418,#4419,#4420,#4421,#4422,#4423,#4424,#4425),.UNSPECIFIED.,.F.,.F.,(4,3,3,3,3,3,3,3,3,3,3,3,3,3,3,3,3,3,3,3,3,4),(0.0,0.110879063237627,0.221770396326315,0.332658879247914,0.443536688851023,0.554404812840741,0.665270419583428,0.776145095395707,0.887036550131768,0.997943452813166,1.10885726036817,1.21976320414718,1.33064220825032,1.44150864542233,1.55237558842338,1.77411013818561,1.99584291117885,2.2175758321815,2.43930856693886,2.66104125250359,3.10450675670602,3.5479720762144),.UNSPECIFIED.);
#3189=FILL_AREA_STYLE_COLOUR('',#4426);
#3190=VERTEX_POINT('',#4427);
#3191=LINE('',#4428,#4429);
#3192=B_SPLINE_CURVE_WITH_KNOTS('',3,(#4430,#4431,#4432,#4433,#4434,#4435,#4436,#4437,#4438,#4439,#4440,#4441,#4442,#4443,#4444,#4445,#4446,#4447,#4448,#4449,#4450,#4451,#4452,#4453,#4454,#4455,#4456,#4457,#4458,#4459,#4460,#4461,#4462,#4463),.UNSPECIFIED.,.F.,.F.,(4,3,3,3,3,3,3,3,3,3,3,4),(2.81584026985449E-14,0.293371344646472,0.586742685635697,0.880113956503875,1.1734852902706,1.46685674751363,1.61354238681357,1.76022850330112,1.90691470058494,2.05360048643335,2.20029097877707,2.34698714783848),.UNSPECIFIED.);
#3193=LINE('',#4464,#4465);
#3194=FILL_AREA_STYLE_COLOUR('',#4466);
#3195=CIRCLE('',#4467,3.0);
#3196=FILL_AREA_STYLE_COLOUR('',#4468);
#3197=VERTEX_POINT('',#4469);
#3198=VERTEX_POINT('',#4470);
#3199=CIRCLE('',#4471,2.99999999999969);
#3200=LINE('',#4472,#4473);
#3201=VERTEX_POINT('',#4474);
#3202=LINE('',#4475,#4476);
#3203=VERTEX_POINT('',#4477);
#3204=CIRCLE('',#4478,2.99999999999969);
#3205=VERTEX_POINT('',#4479);
#3206=LINE('',#4480,#4481);
#3207=VERTEX_POINT('',#4482);
#3208=CIRCLE('',#4483,2.99999999999969);
#3209=LINE('',#4484,#4485);
#3210=FILL_AREA_STYLE_COLOUR('',#4486);
#3211=VERTEX_POINT('',#4487);
#3212=VERTEX_POINT('',#4488);
#3213=CIRCLE('',#4489,2.99999999999969);
#3214=VERTEX_POINT('',#4490);
#3215=B_SPLINE_CURVE_WITH_KNOTS('',3,(#4491,#4492,#4493,#4494,#4495,#4496,#4497,#4498,#4499,#4500,#4501,#4502,#4503,#4504,#4505,#4506,#4507,#4508,#4509,#4510,#4511,#4512,#4513,#4514,#4515,#4516,#4517,#4518,#4519,#4520,#4521,#4522,#4523,#4524,#4525,#4526,#4527,#4528,#4529,#4530,#4531,#4532,#4533,#4534,#4535,#4536,#4537,#4538,#4539,#4540,#4541,#4542,#4543,#4544,#4545,#4546,#4547,#4548,#4549,#4550,#4551,#4552,#4553,#4554),.UNSPECIFIED.,.F.,.F.,(4,3,3,3,3,3,3,3,3,3,3,3,3,3,3,3,3,3,3,3,3,4),(0.0,0.110870800602649,0.221737469398031,0.332604680972443,0.44349416764835,0.554406748943445,0.665332445975287,0.77625839596891,0.887170461162995,0.9980546730798,1.10892028188143,1.21978787876399,1.33065765138581,1.44152692715213,1.55239272464394,1.77412413310539,1.9958557814554,2.21758666847171,2.43931769072385,2.66104866593961,3.10451032438635,3.54797207604614),.UNSPECIFIED.);
#3216=VERTEX_POINT('',#4555);
#3217=LINE('',#4556,#4557);
#3218=VERTEX_POINT('',#4558);
#3219=LINE('',#4559,#4560);
#3220=B_SPLINE_CURVE_WITH_KNOTS('',3,(#4561,#4562,#4563,#4564,#4565,#4566,#4567,#4568,#4569,#4570,#4571,#4572,#4573,#4574,#4575,#4576,#4577,#4578,#4579,#4580,#4581,#4582,#4583,#4584,#4585,#4586,#4587,#4588,#4589,#4590,#4591,#4592,#4593,#4594),.UNSPECIFIED.,.F.,.F.,(4,3,3,3,3,3,3,3,3,3,3,4),(1.53682272729791E-12,0.293372743141582,0.586745473794586,0.880118336424737,1.17349119208488,1.46686405724729,1.61355068158829,1.76023718249449,1.90692391949975,2.0536125573983,2.20030057364544,2.34698714853825),.UNSPECIFIED.);
#3221=FILL_AREA_STYLE_COLOUR('',#4595);
#3222=VERTEX_POINT('',#4596);
#3223=LINE('',#4597,#4598);
#3224=CIRCLE('',#4599,2.99999999999969);
#3225=FILL_AREA_STYLE_COLOUR('',#4600);
#3226=LINE('',#4601,#4602);
#3227=B_SPLINE_CURVE_WITH_KNOTS('',3,(#4603,#4604,#4605,#4606,#4607,#4608,#4609,#4610,#4611,#4612,#4613,#4614,#4615,#4616,#4617,#4618,#4619,#4620,#4621,#4622,#4623,#4624,#4625,#4626,#4627,#4628,#4629,#4630,#4631,#4632,#4633,#4634,#4635,#4636,#4637,#4638,#4639,#4640,#4641,#4642,#4643,#4644,#4645,#4646,#4647,#4648,#4649,#4650,#4651,#4652,#4653,#4654,#4655,#4656,#4657,#4658,#4659,#4660,#4661,#4662,#4663,#4664,#4665,#4666),.UNSPECIFIED.,.F.,.F.,(4,3,3,3,3,3,3,3,3,3,3,3,3,3,3,3,3,3,3,3,3,4),(0.0,0.110879063237637,0.221770396326324,0.332658879247921,0.443536688850963,0.554404812840673,0.665270419583372,0.77614509539564,0.887036550131639,0.997943452813253,1.10885726036882,1.21976320414843,1.33064220825157,1.44150864542357,1.5523755884262,1.77411013818837,1.99584291118164,2.21757583218426,2.43930856694158,2.66104125254258,3.10450675674487,3.54797207637131),.UNSPECIFIED.);
#3228=FILL_AREA_STYLE_COLOUR('',#4667);
#3229=VERTEX_POINT('',#4668);
#3230=LINE('',#4669,#4670);
#3231=B_SPLINE_CURVE_WITH_KNOTS('',3,(#4671,#4672,#4673,#4674,#4675,#4676,#4677,#4678,#4679,#4680,#4681,#4682,#4683,#4684,#4685,#4686,#4687,#4688,#4689,#4690,#4691,#4692,#4693,#4694,#4695,#4696,#4697,#4698,#4699,#4700,#4701,#4702,#4703,#4704),.UNSPECIFIED.,.F.,.F.,(4,3,3,3,3,3,3,3,3,3,3,4),(3.09116695469663E-13,0.293371306062051,0.586742615013838,0.880113853165928,1.17348514424559,1.46685657293524,1.61354219337284,1.76022828171167,1.90691449080456,2.05360027952058,2.20029049711403,2.34698714895318),.UNSPECIFIED.);
#3232=LINE('',#4705,#4706);
#3233=FILL_AREA_STYLE_COLOUR('',#4707);
#3234=CIRCLE('',#4708,2.99999999999969);
#3235=FILL_AREA_STYLE_COLOUR('',#4709);
#3236=LINE('',#4710,#4711);
#3237=VERTEX_POINT('',#4712);
#3238=LINE('',#4713,#4714);
#3239=LINE('',#4715,#4716);
#3240=FILL_AREA_STYLE_COLOUR('',#4717);
#3241=FILL_AREA_STYLE_COLOUR('',#4718);
#3242=VERTEX_POINT('',#4719);
#3243=LINE('',#4720,#4721);
#3244=LINE('',#4722,#4723);
#3245=FILL_AREA_STYLE_COLOUR('',#4724);
#3246=VERTEX_POINT('',#4725);
#3247=VERTEX_POINT('',#4726);
#3248=LINE('',#4727,#4728);
#3249=LINE('',#4729,#4730);
#3250=LINE('',#4731,#4732);
#3251=FILL_AREA_STYLE_COLOUR('',#4733);
#3252=LINE('',#4734,#4735);
#3253=FILL_AREA_STYLE_COLOUR('',#4736);
#3254=LINE('',#4737,#4738);
#3255=FILL_AREA_STYLE_COLOUR('',#4739);
#3256=FILL_AREA_STYLE_COLOUR('',#4740);
#3257=FILL_AREA_STYLE_COLOUR('',#4741);
#3258=FILL_AREA_STYLE_COLOUR('',#4742);
#3259=FILL_AREA_STYLE_COLOUR('',#4743);
#3260=FILL_AREA_STYLE_COLOUR('',#4744);
#3261=FILL_AREA_STYLE_COLOUR('',#4745);
#3262=FILL_AREA_STYLE_COLOUR('',#4746);
#3263=COLOUR_RGB('',0.560784339904785,0.588235318660736,0.600000023841858);
#3264=CARTESIAN_POINT('',(9.5,36.9483873135794,13.0999999999996));
#3265=CARTESIAN_POINT('',(0.0,36.9483873135794,13.0999999999996));
#3266=CARTESIAN_POINT('',(0.0,36.9483873135794,13.0999999999996));
#3267=VECTOR('',#4747,1.0);
#3268=CARTESIAN_POINT('',(9.5,36.4483873135794,13.5999999999996));
#3269=AXIS2_PLACEMENT_3D('',#4748,#4749,#4750);
#3270=CARTESIAN_POINT('',(0.0,36.4483873135794,13.5999999999996));
#3271=CARTESIAN_POINT('',(0.0,36.4483873135794,13.5999999999996));
#3272=VECTOR('',#4751,1.0);
#3273=AXIS2_PLACEMENT_3D('',#4752,#4753,#4754);
#3274=COLOUR_RGB('',0.560784339904785,0.588235318660736,0.600000023841858);
#3275=CARTESIAN_POINT('',(0.0,38.1651471931809,13.0999999999996));
#3276=CARTESIAN_POINT('',(9.5,38.1651471931809,13.0999999999996));
#3277=CARTESIAN_POINT('',(0.0,38.1651471931809,13.0999999999996));
#3278=VECTOR('',#4755,1.0);
#3279=CARTESIAN_POINT('',(0.0,38.6651471931809,13.5999999999996));
#3280=AXIS2_PLACEMENT_3D('',#4756,#4757,#4758);
#3281=CARTESIAN_POINT('',(9.5,38.6651471931809,13.5999999999996));
#3282=CARTESIAN_POINT('',(0.0,38.6651471931809,13.5999999999996));
#3283=VECTOR('',#4759,1.0);
#3284=AXIS2_PLACEMENT_3D('',#4760,#4761,#4762);
#3285=COLOUR_RGB('',0.823529481887817,0.823529481887817,0.784313797950745);
#3286=CARTESIAN_POINT('',(4.75000000000001,4.1,22.9047310144271));
#3287=CARTESIAN_POINT('',(4.75000000000001,4.1,22.0000000000001));
#3288=CARTESIAN_POINT('',(4.75000000000001,4.1,22.4523655072136));
#3289=VECTOR('',#4763,1.0);
#3290=CARTESIAN_POINT('',(2.24727496220543,8.75419690037069,22.9047310144271));
#3291=AXIS2_PLACEMENT_3D('',#4764,#4765,#4766);
#3292=CARTESIAN_POINT('',(2.24727496220543,8.75419690037069,22.0000000000001));
#3293=CARTESIAN_POINT('',(2.24727496220543,8.75419690037069,19.0000000000001));
#3294=VECTOR('',#4767,1.0);
#3295=AXIS2_PLACEMENT_3D('',#4768,#4769,#4770);
#3296=COLOUR_RGB('',0.823529481887817,0.823529481887817,0.784313797950745);
#3297=CARTESIAN_POINT('',(4.75000000000001,10.1,22.0000000000001));
#3298=CARTESIAN_POINT('',(4.75000000000001,10.1,22.9047310144271));
#3299=CARTESIAN_POINT('',(4.75000000000001,10.1,22.4523655072136));
#3300=VECTOR('',#4771,1.0);
#3301=CARTESIAN_POINT('',(3.09580309962928,9.60272503779461,22.0000000000001));
#3302=AXIS2_PLACEMENT_3D('',#4772,#4773,#4774);
#3303=CARTESIAN_POINT('',(3.09580309962929,9.60272503779461,22.9047310144271));
#3304=CARTESIAN_POINT('',(3.09580309962929,9.60272503779461,19.0000000000001));
#3305=VECTOR('',#4775,1.0);
#3306=AXIS2_PLACEMENT_3D('',#4776,#4777,#4778);
#3307=COLOUR_RGB('',0.560784339904785,0.588235318660736,0.600000023841858);
#3308=CARTESIAN_POINT('',(9.5,21.4999999999999,9.39999999999989));
#3309=CARTESIAN_POINT('',(0.0,21.4999999999999,9.39999999999989));
#3310=CARTESIAN_POINT('',(4.75,21.4999999999999,9.39999999999989));
#3311=VECTOR('',#4779,1.0);
#3312=CARTESIAN_POINT('',(9.5,22.3249999999999,10.7395428324618));
#3313=AXIS2_PLACEMENT_3D('',#4780,#4781,#4782);
#3314=CARTESIAN_POINT('',(0.0,22.3249999999999,10.7395428324618));
#3315=CARTESIAN_POINT('',(2.1316282072803E-14,22.3249999999999,10.7395428324618));
#3316=VECTOR('',#4783,1.0);
#3317=AXIS2_PLACEMENT_3D('',#4784,#4785,#4786);
#3318=COLOUR_RGB('',0.560784339904785,0.588235318660736,0.600000023841858);
#3319=CARTESIAN_POINT('',(9.5,35.4644516971053,6.9522663205191));
#3320=CARTESIAN_POINT('',(0.0,35.4644516971053,6.9522663205191));
#3321=CARTESIAN_POINT('',(4.75,35.4644516971053,6.9522663205191));
#3322=VECTOR('',#4787,1.0);
#3323=CARTESIAN_POINT('',(9.5,36.5134219961939,11.410861087193));
#3324=AXIS2_PLACEMENT_3D('',#4788,#4789,#4790);
#3325=CARTESIAN_POINT('',(0.0,36.5134219961939,11.410861087193));
#3326=CARTESIAN_POINT('',(0.0,36.5134219961939,11.410861087193));
#3327=VECTOR('',#4791,1.0);
#3328=AXIS2_PLACEMENT_3D('',#4792,#4793,#4794);
#3329=COLOUR_RGB('',0.560784339904785,0.588235318660736,0.600000023841858);
#3330=CARTESIAN_POINT('',(9.5,17.25,32.1000000000001));
#3331=CARTESIAN_POINT('',(9.5,23.55,32.1000000000001));
#3332=CARTESIAN_POINT('',(9.5,-57.7419574948837,32.1000000000001));
#3333=VECTOR('',#4795,1.0);
#3334=CARTESIAN_POINT('',(9.5,17.25,33.1800000000001));
#3335=CARTESIAN_POINT('',(9.5,17.25,-85.5812260017049));
#3336=VECTOR('',#4796,1.0);
#3337=CARTESIAN_POINT('',(9.5,17.7618549351514,33.1800000000001));
#3338=CARTESIAN_POINT('',(9.5,-57.7419574948837,33.1800000000001));
#3339=VECTOR('',#4797,1.0);
#3340=CARTESIAN_POINT('',(9.5,16.8618521847744,35.3000000000001));
#3341=CARTESIAN_POINT('',(9.5,68.1795106142473,-85.5812260017049));
#3342=VECTOR('',#4798,1.0);
#3343=CARTESIAN_POINT('',(9.5,15.3,35.3000000000001));
#3344=CARTESIAN_POINT('',(9.5,-57.7419574948837,35.3000000000001));
#3345=VECTOR('',#4799,1.0);
#3346=CARTESIAN_POINT('',(9.5,15.3,34.3000000000001));
#3347=CARTESIAN_POINT('',(9.5,15.3,-85.5812260017049));
#3348=VECTOR('',#4800,1.0);
#3349=CARTESIAN_POINT('',(9.5,13.8000000000001,28.7019237886471));
#3350=CARTESIAN_POINT('',(9.5,-16.8220776948109,-85.5812260017049));
#3351=VECTOR('',#4801,1.0);
#3352=CARTESIAN_POINT('',(9.5,13.8,22.0000000000001));
#3353=CARTESIAN_POINT('',(9.5,13.8,-85.5812260017049));
#3354=VECTOR('',#4802,1.0);
#3355=CARTESIAN_POINT('',(9.5,0.0,22.0000000000001));
#3356=CARTESIAN_POINT('',(9.5,-57.7419574948837,22.0000000000001));
#3357=VECTOR('',#4803,1.0);
#3358=CARTESIAN_POINT('',(9.5,0.0,10.5512980164137));
#3359=CARTESIAN_POINT('',(9.5,0.0,-85.5812260017049));
#3360=VECTOR('',#4804,1.0);
#3361=CARTESIAN_POINT('',(9.5,2.4,5.40448140719039));
#3362=CARTESIAN_POINT('',(9.5,44.8273321474153,-85.5812260017049));
#3363=VECTOR('',#4805,1.0);
#3364=CARTESIAN_POINT('',(9.5,2.4,1.49999999999969));
#3365=CARTESIAN_POINT('',(9.5,2.4,-85.5812260017049));
#3366=VECTOR('',#4806,1.0);
#3367=CARTESIAN_POINT('',(9.5,1.0,1.49999999999969));
#3368=CARTESIAN_POINT('',(9.5,-57.7419574948837,1.49999999999969));
#3369=VECTOR('',#4807,1.0);
#3370=CARTESIAN_POINT('',(9.5,1.0000000000001,3.49999999999969));
#3371=CARTESIAN_POINT('',(9.5,1.0,-85.5812260017049));
#3372=VECTOR('',#4808,1.0);
#3373=CARTESIAN_POINT('',(9.5,-9.9475983006414E-14,3.49999999999969));
#3374=AXIS2_PLACEMENT_3D('',#4809,#4810,#4811);
#3375=CARTESIAN_POINT('',(9.5,0.0,-3.12638803734444E-13));
#3376=CARTESIAN_POINT('',(9.5,0.0,-85.5812260017049));
#3377=VECTOR('',#4812,1.0);
#3378=CARTESIAN_POINT('',(9.5,11.006242501766,-3.12638803734444E-13));
#3379=CARTESIAN_POINT('',(9.5,-57.7419574948837,-3.12638803734444E-13));
#3380=VECTOR('',#4813,1.0);
#3381=CARTESIAN_POINT('',(9.5,12.4,4.69999999999999));
#3382=AXIS2_PLACEMENT_3D('',#4814,#4815,#4816);
#3383=CARTESIAN_POINT('',(9.5,12.4,4.99999999999969));
#3384=CARTESIAN_POINT('',(9.5,12.4,-85.5812260017049));
#3385=VECTOR('',#4817,1.0);
#3386=CARTESIAN_POINT('',(9.5,11.0999999999998,5.19999999999999));
#3387=CARTESIAN_POINT('',(9.5,-57.7419574948837,15.7910703838431));
#3388=VECTOR('',#4818,1.0);
#3389=CARTESIAN_POINT('',(9.5,10.8884076231499,6.39999999999989));
#3390=CARTESIAN_POINT('',(9.5,27.1071794858908,-85.5812260017049));
#3391=VECTOR('',#4819,1.0);
#3392=CARTESIAN_POINT('',(9.5,12.4,6.66653451987189));
#3393=CARTESIAN_POINT('',(9.5,-57.7419574948837,-5.70138506618841));
#3394=VECTOR('',#4820,1.0);
#3395=CARTESIAN_POINT('',(9.5,12.4000000000001,7.39999999999969));
#3396=CARTESIAN_POINT('',(9.5,12.4,-85.5812260017049));
#3397=VECTOR('',#4821,1.0);
#3398=CARTESIAN_POINT('',(9.5,10.55,9.2499999999998));
#3399=CARTESIAN_POINT('',(9.5,-57.7419574948837,77.5419574948811));
#3400=VECTOR('',#4822,1.0);
#3401=CARTESIAN_POINT('',(9.5,10.55,10.9999999999997));
#3402=CARTESIAN_POINT('',(9.5,10.55,-85.5812260017049));
#3403=VECTOR('',#4823,1.0);
#3404=CARTESIAN_POINT('',(9.5,12.55,12.9999999999997));
#3405=AXIS2_PLACEMENT_3D('',#4824,#4825,#4826);
#3406=CARTESIAN_POINT('',(9.5,16.0535898384861,12.9999999999999));
#3407=CARTESIAN_POINT('',(9.5,-57.7419574948837,12.9999999999997));
#3408=VECTOR('',#4827,1.0);
#3409=CARTESIAN_POINT('',(9.5,16.4,12.3999999999998));
#3410=CARTESIAN_POINT('',(9.5,72.9694872076263,-85.5812260017049));
#3411=VECTOR('',#4828,1.0);
#3412=CARTESIAN_POINT('',(9.5,20.4,12.3999999999998));
#3413=CARTESIAN_POINT('',(9.5,-57.7419574948837,12.3999999999998));
#3414=VECTOR('',#4829,1.0);
#3415=CARTESIAN_POINT('',(9.5,20.7464101615139,12.9999999999998));
#3416=CARTESIAN_POINT('',(9.5,-36.1694872076267,-85.5812260017049));
#3417=VECTOR('',#4830,1.0);
#3418=CARTESIAN_POINT('',(9.5,22.6,12.9999999999997));
#3419=CARTESIAN_POINT('',(9.5,-57.7419574948837,12.9999999999997));
#3420=VECTOR('',#4831,1.0);
#3421=CARTESIAN_POINT('',(9.5,22.5999999999998,11.1860571099489));
#3422=CARTESIAN_POINT('',(9.5,22.6,-85.5812260017049));
#3423=VECTOR('',#4832,1.0);
#3424=AXIS2_PLACEMENT_3D('',#4833,#4834,#4835);
#3425=CARTESIAN_POINT('',(9.5,21.6192427198214,8.81390330726609));
#3426=AXIS2_PLACEMENT_3D('',#4836,#4837,#4838);
#3427=CARTESIAN_POINT('',(9.5,22.558988919279,6.5999999999997));
#3428=CARTESIAN_POINT('',(9.5,61.6875978843243,-85.5812260017049));
#3429=VECTOR('',#4839,1.0);
#3430=CARTESIAN_POINT('',(9.5,33.5,6.5999999999996));
#3431=CARTESIAN_POINT('',(9.5,-57.7419574948837,6.5999999999996));
#3432=VECTOR('',#4840,1.0);
#3433=CARTESIAN_POINT('',(9.5,33.5,13.5999999999996));
#3434=CARTESIAN_POINT('',(9.5,33.5,-85.5812260017049));
#3435=VECTOR('',#4841,1.0);
#3436=CARTESIAN_POINT('',(9.5,-57.7419574948837,13.5999999999996));
#3437=VECTOR('',#4842,1.0);
#3438=CARTESIAN_POINT('',(9.5,36.9313502267239,12.9705904774484));
#3439=AXIS2_PLACEMENT_3D('',#4843,#4844,#4845);
#3440=CARTESIAN_POINT('',(9.5,10.5244705885159,-85.5812260017049));
#3441=VECTOR('',#4846,1.0);
#3442=CARTESIAN_POINT('',(9.5,35.6255154283734,5.1647168527159));
#3443=AXIS2_PLACEMENT_3D('',#4847,#4848,#4849);
#3444=CARTESIAN_POINT('',(9.5,35.5887743672568,5.1647168527159));
#3445=AXIS2_PLACEMENT_3D('',#4850,#4851,#4852);
#3446=CARTESIAN_POINT('',(9.5,34.6071448978153,5.1647168527159));
#3447=CARTESIAN_POINT('',(9.5,34.6071448978153,5.1647168527159));
#3448=VECTOR('',#4853,1.0);
#3449=CARTESIAN_POINT('',(9.5,34.6071448978153,3.39755861717259));
#3450=CARTESIAN_POINT('',(9.5,34.6071448978153,4.99999999999969));
#3451=VECTOR('',#4854,1.0);
#3452=CARTESIAN_POINT('',(9.5,39.4165507269055,2.1088822091935));
#3453=CARTESIAN_POINT('',(9.5,-57.7419574948837,28.1424260250461));
#3454=VECTOR('',#4855,1.0);
#3455=CARTESIAN_POINT('',(9.5,40.1153621486821,4.7168819401747));
#3456=CARTESIAN_POINT('',(9.5,15.920057047613,-85.5812260017049));
#3457=VECTOR('',#4856,1.0);
#3458=CARTESIAN_POINT('',(9.5,39.100143957635,5.454481131175));
#3459=CARTESIAN_POINT('',(9.5,-57.7419574948837,75.8143863378311));
#3460=VECTOR('',#4857,1.0);
#3461=CARTESIAN_POINT('',(9.5,38.1688741173602,13.0390653282971));
#3462=CARTESIAN_POINT('',(9.5,50.2779232844313,-85.5812260017049));
#3463=VECTOR('',#4858,1.0);
#3464=AXIS2_PLACEMENT_3D('',#4859,#4860,#4861);
#3465=CARTESIAN_POINT('',(9.5,40.3,13.5999999999996));
#3466=CARTESIAN_POINT('',(9.5,-57.7419574948837,13.5999999999996));
#3467=VECTOR('',#4862,1.0);
#3468=CARTESIAN_POINT('',(9.5,40.3,6.39999999999979));
#3469=CARTESIAN_POINT('',(9.5,40.3,-85.5812260017049));
#3470=VECTOR('',#4863,1.0);
#3471=CARTESIAN_POINT('',(9.5,42.6000000000003,6.39999999999979));
#3472=CARTESIAN_POINT('',(9.5,-57.7419574948837,6.39999999999979));
#3473=VECTOR('',#4864,1.0);
#3474=CARTESIAN_POINT('',(9.5,42.6000000000003,7.19999999999999));
#3475=CARTESIAN_POINT('',(9.5,42.6000000000003,-85.5812260017049));
#3476=VECTOR('',#4865,1.0);
#3477=CARTESIAN_POINT('',(9.5,45.9000000000003,7.19999999999999));
#3478=CARTESIAN_POINT('',(9.5,-57.7419574948837,7.19999999999999));
#3479=VECTOR('',#4866,1.0);
#3480=CARTESIAN_POINT('',(9.5,45.9000000000003,4.99999999999969));
#3481=CARTESIAN_POINT('',(9.5,45.9000000000003,-85.5812260017049));
#3482=VECTOR('',#4867,1.0);
#3483=CARTESIAN_POINT('',(9.5,43.8484481846013,4.99999999999969));
#3484=CARTESIAN_POINT('',(9.5,43.8484481846013,4.99999999999969));
#3485=VECTOR('',#4868,1.0);
#3486=CARTESIAN_POINT('',(9.5,43.8484481846013,1.99999999999969));
#3487=CARTESIAN_POINT('',(9.5,43.8484481846013,1.99999999999969));
#3488=VECTOR('',#4869,1.0);
#3489=CARTESIAN_POINT('',(9.5,50.5000000000003,1.99999999999969));
#3490=CARTESIAN_POINT('',(9.5,-57.7419574948837,1.99999999999969));
#3491=VECTOR('',#4870,1.0);
#3492=CARTESIAN_POINT('',(9.5,50.5000000000003,27.2000000000001));
#3493=CARTESIAN_POINT('',(9.5,50.5000000000003,-85.5812260017049));
#3494=VECTOR('',#4871,1.0);
#3495=CARTESIAN_POINT('',(9.5,31.3,27.2000000000001));
#3496=CARTESIAN_POINT('',(9.5,-57.7419574948837,27.2000000000001));
#3497=VECTOR('',#4872,1.0);
#3498=CARTESIAN_POINT('',(9.5,31.3,23.6000000000001));
#3499=CARTESIAN_POINT('',(9.5,31.3,-85.5812260017049));
#3500=VECTOR('',#4873,1.0);
#3501=CARTESIAN_POINT('',(9.5,24.9,23.6000000000001));
#3502=CARTESIAN_POINT('',(9.5,-57.7419574948837,23.6000000000001));
#3503=VECTOR('',#4874,1.0);
#3504=CARTESIAN_POINT('',(9.5,24.9,26.8000000000001));
#3505=CARTESIAN_POINT('',(9.5,24.9,-85.5812260017049));
#3506=VECTOR('',#4875,1.0);
#3507=CARTESIAN_POINT('',(9.5,27.0,26.8000000000001));
#3508=CARTESIAN_POINT('',(9.5,-57.7419574948837,26.8000000000001));
#3509=VECTOR('',#4876,1.0);
#3510=CARTESIAN_POINT('',(9.5,27.0,28.7019237886471));
#3511=CARTESIAN_POINT('',(9.5,27.0,-85.5812260017049));
#3512=VECTOR('',#4877,1.0);
#3513=CARTESIAN_POINT('',(9.5,25.5,34.3000000000001));
#3514=CARTESIAN_POINT('',(9.5,57.6220776948113,-85.5812260017049));
#3515=VECTOR('',#4878,1.0);
#3516=CARTESIAN_POINT('',(9.5,25.5,35.3000000000001));
#3517=CARTESIAN_POINT('',(9.5,25.5,-85.5812260017049));
#3518=VECTOR('',#4879,1.0);
#3519=CARTESIAN_POINT('',(9.5,23.9381478152253,35.3000000000001));
#3520=CARTESIAN_POINT('',(9.5,-57.7419574948837,35.3000000000001));
#3521=VECTOR('',#4880,1.0);
#3522=CARTESIAN_POINT('',(9.5,23.0381450648492,33.1800000000001));
#3523=CARTESIAN_POINT('',(9.5,-27.3795106142004,-85.5812260017049));
#3524=VECTOR('',#4881,1.0);
#3525=CARTESIAN_POINT('',(9.5,23.55,33.1800000000001));
#3526=CARTESIAN_POINT('',(9.5,-57.7419574948837,33.1800000000001));
#3527=VECTOR('',#4882,1.0);
#3528=CARTESIAN_POINT('',(9.5,23.55,-85.5812260017049));
#3529=VECTOR('',#4883,1.0);
#3530=COLOUR_RGB('',0.560784339904785,0.588235318660736,0.600000023841858);
#3531=CARTESIAN_POINT('',(0.0,17.25,32.1000000000001));
#3532=CARTESIAN_POINT('',(0.0,23.55,32.1000000000001));
#3533=CARTESIAN_POINT('',(0.0,-57.7419574948837,32.1000000000001));
#3534=VECTOR('',#4884,1.0);
#3535=CARTESIAN_POINT('',(0.0,23.55,33.1800000000001));
#3536=CARTESIAN_POINT('',(0.0,23.55,-85.5812260017049));
#3537=VECTOR('',#4885,1.0);
#3538=CARTESIAN_POINT('',(0.0,23.0381450648492,33.1800000000001));
#3539=CARTESIAN_POINT('',(0.0,-57.7419574948837,33.1800000000001));
#3540=VECTOR('',#4886,1.0);
#3541=CARTESIAN_POINT('',(0.0,23.9381478152253,35.3000000000001));
#3542=CARTESIAN_POINT('',(0.0,-27.3795106142004,-85.5812260017049));
#3543=VECTOR('',#4887,1.0);
#3544=CARTESIAN_POINT('',(0.0,25.5,35.3000000000001));
#3545=CARTESIAN_POINT('',(0.0,-57.7419574948837,35.3000000000001));
#3546=VECTOR('',#4888,1.0);
#3547=CARTESIAN_POINT('',(0.0,25.5,34.3000000000001));
#3548=CARTESIAN_POINT('',(0.0,25.5,-85.5812260017049));
#3549=VECTOR('',#4889,1.0);
#3550=CARTESIAN_POINT('',(0.0,27.0,28.7019237886471));
#3551=CARTESIAN_POINT('',(0.0,57.6220776948113,-85.5812260017049));
#3552=VECTOR('',#4890,1.0);
#3553=CARTESIAN_POINT('',(0.0,27.0,27.2000000000001));
#3554=CARTESIAN_POINT('',(0.0,27.0,-85.5812260017049));
#3555=VECTOR('',#4891,1.0);
#3556=CARTESIAN_POINT('',(0.0,50.5000000000003,27.2000000000001));
#3557=CARTESIAN_POINT('',(0.0,-57.7419574948837,27.2000000000001));
#3558=VECTOR('',#4892,1.0);
#3559=CARTESIAN_POINT('',(0.0,50.5000000000003,1.99999999999969));
#3560=CARTESIAN_POINT('',(0.0,50.5000000000003,-85.5812260017049));
#3561=VECTOR('',#4893,1.0);
#3562=CARTESIAN_POINT('',(0.0,43.8484481846013,1.99999999999969));
#3563=CARTESIAN_POINT('',(0.0,-57.7419574948837,1.99999999999969));
#3564=VECTOR('',#4894,1.0);
#3565=CARTESIAN_POINT('',(0.0,43.8484481846013,4.99999999999969));
#3566=CARTESIAN_POINT('',(0.0,43.8484481846013,-85.5812260017049));
#3567=VECTOR('',#4895,1.0);
#3568=CARTESIAN_POINT('',(0.0,45.9000000000003,4.99999999999969));
#3569=CARTESIAN_POINT('',(0.0,-57.7419574948837,4.99999999999969));
#3570=VECTOR('',#4896,1.0);
#3571=CARTESIAN_POINT('',(0.0,45.9000000000003,7.19999999999999));
#3572=CARTESIAN_POINT('',(0.0,45.9000000000003,-85.5812260017049));
#3573=VECTOR('',#4897,1.0);
#3574=CARTESIAN_POINT('',(0.0,42.6000000000003,7.19999999999999));
#3575=CARTESIAN_POINT('',(0.0,-57.7419574948837,7.19999999999999));
#3576=VECTOR('',#4898,1.0);
#3577=CARTESIAN_POINT('',(0.0,42.6000000000003,6.39999999999979));
#3578=CARTESIAN_POINT('',(0.0,42.6000000000003,-85.5812260017049));
#3579=VECTOR('',#4899,1.0);
#3580=CARTESIAN_POINT('',(0.0,40.3,6.39999999999979));
#3581=CARTESIAN_POINT('',(0.0,-57.7419574948837,6.39999999999979));
#3582=VECTOR('',#4900,1.0);
#3583=CARTESIAN_POINT('',(0.0,40.3,13.5999999999996));
#3584=CARTESIAN_POINT('',(0.0,40.3,-85.5812260017049));
#3585=VECTOR('',#4901,1.0);
#3586=CARTESIAN_POINT('',(0.0,-57.7419574948837,13.5999999999996));
#3587=VECTOR('',#4902,1.0);
#3588=CARTESIAN_POINT('',(0.0,38.1688741173602,13.0390653282971));
#3589=AXIS2_PLACEMENT_3D('',#4903,#4904,#4905);
#3590=CARTESIAN_POINT('',(0.0,39.100143957635,5.454481131175));
#3591=CARTESIAN_POINT('',(0.0,50.2779232844313,-85.5812260017049));
#3592=VECTOR('',#4906,1.0);
#3593=CARTESIAN_POINT('',(0.0,40.1153621486821,4.7168819401747));
#3594=CARTESIAN_POINT('',(0.0,-57.7419574948837,75.8143863378311));
#3595=VECTOR('',#4907,1.0);
#3596=CARTESIAN_POINT('',(0.0,39.4165507269055,2.1088822091935));
#3597=CARTESIAN_POINT('',(0.0,15.920057047613,-85.5812260017049));
#3598=VECTOR('',#4908,1.0);
#3599=CARTESIAN_POINT('',(0.0,34.6071448978153,3.39755861717259));
#3600=CARTESIAN_POINT('',(0.0,-57.7419574948837,28.1424260250461));
#3601=VECTOR('',#4909,1.0);
#3602=CARTESIAN_POINT('',(0.0,34.6071448978153,5.1647168527159));
#3603=CARTESIAN_POINT('',(0.0,34.6071448978153,-85.5812260017049));
#3604=VECTOR('',#4910,1.0);
#3605=CARTESIAN_POINT('',(0.0,35.5887743672617,5.1647168527159));
#3606=CARTESIAN_POINT('',(0.0,-57.7419574948837,5.1647168527159));
#3607=VECTOR('',#4911,1.0);
#3608=CARTESIAN_POINT('',(0.0,35.6255154283734,5.1647168527159));
#3609=AXIS2_PLACEMENT_3D('',#4912,#4913,#4914);
#3610=AXIS2_PLACEMENT_3D('',#4915,#4916,#4917);
#3611=CARTESIAN_POINT('',(0.0,36.9313502267239,12.9705904774484));
#3612=CARTESIAN_POINT('',(0.0,10.5244705885159,-85.5812260017049));
#3613=VECTOR('',#4918,1.0);
#3614=AXIS2_PLACEMENT_3D('',#4919,#4920,#4921);
#3615=CARTESIAN_POINT('',(0.0,33.5,13.5999999999996));
#3616=CARTESIAN_POINT('',(0.0,-57.7419574948837,13.5999999999996));
#3617=VECTOR('',#4922,1.0);
#3618=CARTESIAN_POINT('',(0.0,33.5,6.5999999999996));
#3619=CARTESIAN_POINT('',(0.0,33.5,-85.5812260017049));
#3620=VECTOR('',#4923,1.0);
#3621=CARTESIAN_POINT('',(0.0,22.558988919279,6.5999999999997));
#3622=CARTESIAN_POINT('',(0.0,-57.7419574948837,6.5999999999996));
#3623=VECTOR('',#4924,1.0);
#3624=CARTESIAN_POINT('',(0.0,21.6192427198214,8.81390330726609));
#3625=CARTESIAN_POINT('',(0.0,61.6875978843243,-85.5812260017049));
#3626=VECTOR('',#4925,1.0);
#3627=AXIS2_PLACEMENT_3D('',#4926,#4927,#4928);
#3628=CARTESIAN_POINT('',(0.0,22.5999999999998,11.1860571099489));
#3629=AXIS2_PLACEMENT_3D('',#4929,#4930,#4931);
#3630=CARTESIAN_POINT('',(0.0,22.6,12.9999999999997));
#3631=CARTESIAN_POINT('',(0.0,22.6,-85.5812260017049));
#3632=VECTOR('',#4932,1.0);
#3633=CARTESIAN_POINT('',(0.0,20.7464101615139,12.9999999999998));
#3634=CARTESIAN_POINT('',(0.0,-57.7419574948837,12.9999999999997));
#3635=VECTOR('',#4933,1.0);
#3636=CARTESIAN_POINT('',(0.0,20.4,12.3999999999998));
#3637=CARTESIAN_POINT('',(0.0,-36.1694872076267,-85.5812260017049));
#3638=VECTOR('',#4934,1.0);
#3639=CARTESIAN_POINT('',(0.0,16.4,12.3999999999998));
#3640=CARTESIAN_POINT('',(0.0,-57.7419574948837,12.3999999999998));
#3641=VECTOR('',#4935,1.0);
#3642=CARTESIAN_POINT('',(0.0,16.053589838486,13.0000000000002));
#3643=CARTESIAN_POINT('',(0.0,72.9694872076263,-85.5812260017049));
#3644=VECTOR('',#4936,1.0);
#3645=CARTESIAN_POINT('',(0.0,12.55,12.9999999999997));
#3646=CARTESIAN_POINT('',(0.0,-57.7419574948837,12.9999999999997));
#3647=VECTOR('',#4937,1.0);
#3648=CARTESIAN_POINT('',(0.0,10.55,10.9999999999997));
#3649=AXIS2_PLACEMENT_3D('',#4938,#4939,#4940);
#3650=CARTESIAN_POINT('',(0.0,10.55,9.2499999999998));
#3651=CARTESIAN_POINT('',(0.0,10.55,-85.5812260017049));
#3652=VECTOR('',#4941,1.0);
#3653=CARTESIAN_POINT('',(0.0,12.4000000000001,7.39999999999969));
#3654=CARTESIAN_POINT('',(0.0,-57.7419574948837,77.5419574948811));
#3655=VECTOR('',#4942,1.0);
#3656=CARTESIAN_POINT('',(0.0,12.4,6.66653451987189));
#3657=CARTESIAN_POINT('',(0.0,12.4,-85.5812260017049));
#3658=VECTOR('',#4943,1.0);
#3659=CARTESIAN_POINT('',(0.0,10.8884076231499,6.39999999999989));
#3660=CARTESIAN_POINT('',(0.0,-57.7419574948837,-5.70138506618841));
#3661=VECTOR('',#4944,1.0);
#3662=CARTESIAN_POINT('',(0.0,11.0999999999999,5.19999999999999));
#3663=CARTESIAN_POINT('',(0.0,27.1071794858908,-85.5812260017049));
#3664=VECTOR('',#4945,1.0);
#3665=CARTESIAN_POINT('',(0.0,12.4,4.99999999999969));
#3666=CARTESIAN_POINT('',(0.0,-57.7419574948837,15.7910703838431));
#3667=VECTOR('',#4946,1.0);
#3668=CARTESIAN_POINT('',(0.0,12.4,4.69999999999999));
#3669=CARTESIAN_POINT('',(0.0,12.4,-85.5812260017049));
#3670=VECTOR('',#4947,1.0);
#3671=CARTESIAN_POINT('',(0.0,11.0062425017661,-3.12638803734444E-13));
#3672=AXIS2_PLACEMENT_3D('',#4948,#4949,#4950);
#3673=CARTESIAN_POINT('',(0.0,0.0,-3.12638803734444E-13));
#3674=CARTESIAN_POINT('',(0.0,-57.7419574948837,-3.12638803734444E-13));
#3675=VECTOR('',#4951,1.0);
#3676=CARTESIAN_POINT('',(0.0,-9.9475983006414E-14,3.49999999999969));
#3677=CARTESIAN_POINT('',(0.0,0.0,-85.5812260017049));
#3678=VECTOR('',#4952,1.0);
#3679=CARTESIAN_POINT('',(0.0,0.853553390593298,3.85355339059309));
#3680=AXIS2_PLACEMENT_3D('',#4953,#4954,#4955);
#3681=CARTESIAN_POINT('',(0.0,1.6928932188135,3.014213562373));
#3682=CARTESIAN_POINT('',(0.0,-57.7419574948837,62.4490642760631));
#3683=VECTOR('',#4956,1.0);
#3684=CARTESIAN_POINT('',(0.0,2.4,3.014213562373));
#3685=CARTESIAN_POINT('',(0.0,-57.7419574948837,3.0142135623731));
#3686=VECTOR('',#4957,1.0);
#3687=CARTESIAN_POINT('',(0.0,2.4,5.40448140719039));
#3688=CARTESIAN_POINT('',(0.0,2.4,-85.5812260017049));
#3689=VECTOR('',#4958,1.0);
#3690=CARTESIAN_POINT('',(0.0,0.0,10.5512980164137));
#3691=CARTESIAN_POINT('',(0.0,44.8273321474153,-85.5812260017049));
#3692=VECTOR('',#4959,1.0);
#3693=CARTESIAN_POINT('',(0.0,0.0,22.0000000000001));
#3694=CARTESIAN_POINT('',(0.0,0.0,-85.5812260017049));
#3695=VECTOR('',#4960,1.0);
#3696=CARTESIAN_POINT('',(0.0,13.8,22.0000000000001));
#3697=CARTESIAN_POINT('',(0.0,-57.7419574948837,22.0000000000001));
#3698=VECTOR('',#4961,1.0);
#3699=CARTESIAN_POINT('',(0.0,13.8,23.6000000000001));
#3700=CARTESIAN_POINT('',(0.0,13.8,-85.5812260017049));
#3701=VECTOR('',#4962,1.0);
#3702=CARTESIAN_POINT('',(0.0,15.9,23.6000000000001));
#3703=CARTESIAN_POINT('',(0.0,-57.7419574948837,23.6000000000001));
#3704=VECTOR('',#4963,1.0);
#3705=CARTESIAN_POINT('',(0.0,15.9,26.8000000000001));
#3706=CARTESIAN_POINT('',(0.0,15.9,-85.5812260017049));
#3707=VECTOR('',#4964,1.0);
#3708=CARTESIAN_POINT('',(0.0,13.8,26.8000000000001));
#3709=CARTESIAN_POINT('',(0.0,-57.7419574948837,26.8000000000001));
#3710=VECTOR('',#4965,1.0);
#3711=CARTESIAN_POINT('',(0.0,13.8000000000001,28.7019237886471));
#3712=CARTESIAN_POINT('',(0.0,13.8,-85.5812260017049));
#3713=VECTOR('',#4966,1.0);
#3714=CARTESIAN_POINT('',(0.0,15.3,34.3000000000001));
#3715=CARTESIAN_POINT('',(0.0,-16.8220776948109,-85.5812260017049));
#3716=VECTOR('',#4967,1.0);
#3717=CARTESIAN_POINT('',(0.0,15.3,35.3000000000001));
#3718=CARTESIAN_POINT('',(0.0,15.3,-85.5812260017049));
#3719=VECTOR('',#4968,1.0);
#3720=CARTESIAN_POINT('',(0.0,16.8618521847744,35.3000000000001));
#3721=CARTESIAN_POINT('',(0.0,-57.7419574948837,35.3000000000001));
#3722=VECTOR('',#4969,1.0);
#3723=CARTESIAN_POINT('',(0.0,17.7618549351514,33.1800000000001));
#3724=CARTESIAN_POINT('',(0.0,68.1795106142473,-85.5812260017049));
#3725=VECTOR('',#4970,1.0);
#3726=CARTESIAN_POINT('',(0.0,17.25,33.1800000000001));
#3727=CARTESIAN_POINT('',(0.0,-57.7419574948837,33.1800000000001));
#3728=VECTOR('',#4971,1.0);
#3729=CARTESIAN_POINT('',(0.0,17.25,-85.5812260017049));
#3730=VECTOR('',#4972,1.0);
#3731=COLOUR_RGB('',0.560784339904785,0.588235318660736,0.600000023841858);
#3732=CARTESIAN_POINT('',(0.0,39.4165507269056,2.1088822091935));
#3733=VECTOR('',#4973,1.0);
#3734=CARTESIAN_POINT('',(0.0,34.6071448978153,3.39755861717259));
#3735=VECTOR('',#4974,1.0);
#3736=COLOUR_RGB('',0.560784339904785,0.588235318660736,0.600000023841858);
#3737=CARTESIAN_POINT('',(5.5,33.5,13.5999999999996));
#3738=VECTOR('',#4975,1.0);
#3739=CARTESIAN_POINT('',(0.0,33.5,6.5999999999996));
#3740=VECTOR('',#4976,1.0);
#3741=COLOUR_RGB('',0.560784339904785,0.588235318660736,0.600000023841858);
#3742=COLOUR_RGB('',0.560784339904785,0.588235318660736,0.600000023841858);
#3743=CARTESIAN_POINT('',(5.5,40.3,13.5999999999996));
#3744=VECTOR('',#4977,1.0);
#3745=COLOUR_RGB('',0.560784339904785,0.588235318660736,0.600000023841858);
#3746=CARTESIAN_POINT('',(0.0,50.5000000000003,27.2000000000001));
#3747=VECTOR('',#4978,1.0);
#3748=CARTESIAN_POINT('',(0.0,50.5000000000003,1.99999999999969));
#3749=VECTOR('',#4979,1.0);
#3750=COLOUR_RGB('',0.560784339904785,0.588235318660736,0.600000023841858);
#3751=CARTESIAN_POINT('',(0.0,35.6255154283734,5.1647168527159));
#3752=VECTOR('',#4980,1.0);
#3753=COLOUR_RGB('',0.560784339904785,0.588235318660736,0.600000023841858);
#3754=CARTESIAN_POINT('',(0.0,36.9313502267239,12.9705904774484));
#3755=VECTOR('',#4981,1.0);
#3756=COLOUR_RGB('',0.560784339904785,0.588235318660736,0.600000023841858);
#3757=CARTESIAN_POINT('',(0.0,38.1688741173602,13.0390653282971));
#3758=VECTOR('',#4982,1.0);
#3759=CARTESIAN_POINT('',(5.5,39.100143957635,5.454481131175));
#3760=VECTOR('',#4983,1.0);
#3761=COLOUR_RGB('',0.560784339904785,0.588235318660736,0.600000023841858);
#3762=CARTESIAN_POINT('',(0.0,35.5887743672567,5.1647168527159));
#3763=VECTOR('',#4984,1.0);
#3764=CARTESIAN_POINT('',(0.0,34.6071448978153,5.1647168527159));
#3765=VECTOR('',#4985,1.0);
#3766=COLOUR_RGB('',0.560784339904785,0.588235318660736,0.600000023841858);
#3767=COLOUR_RGB('',0.560784339904785,0.588235318660736,0.600000023841858);
#3768=COLOUR_RGB('',0.560784339904785,0.588235318660736,0.600000023841858);
#3769=CARTESIAN_POINT('',(0.0,42.6000000000003,7.19999999999999));
#3770=VECTOR('',#4986,1.0);
#3771=CARTESIAN_POINT('',(0.0,45.9000000000003,7.19999999999999));
#3772=VECTOR('',#4987,1.0);
#3773=COLOUR_RGB('',0.560784339904785,0.588235318660736,0.600000023841858);
#3774=CARTESIAN_POINT('',(5.5,40.1153621486821,4.7168819401747));
#3775=VECTOR('',#4988,1.0);
#3776=COLOUR_RGB('',0.560784339904785,0.588235318660736,0.600000023841858);
#3777=COLOUR_RGB('',0.560784339904785,0.588235318660736,0.600000023841858);
#3778=CARTESIAN_POINT('',(0.0,45.9000000000003,4.99999999999969));
#3779=VECTOR('',#4989,1.0);
#3780=COLOUR_RGB('',0.560784339904785,0.588235318660736,0.600000023841858);
#3781=CARTESIAN_POINT('',(0.0,43.8484481846013,4.99999999999969));
#3782=VECTOR('',#4990,1.0);
#3783=COLOUR_RGB('',0.560784339904785,0.588235318660736,0.600000023841858);
#3784=CARTESIAN_POINT('',(0.0,43.8484481846013,1.99999999999969));
#3785=VECTOR('',#4991,1.0);
#3786=COLOUR_RGB('',0.560784339904785,0.588235318660736,0.600000023841858);
#3787=CARTESIAN_POINT('',(1.2,2.4,1.49999999999969));
#3788=CARTESIAN_POINT('',(0.0,2.4,1.49999999999969));
#3789=VECTOR('',#4992,1.0);
#3790=CARTESIAN_POINT('',(1.2,1.0,1.49999999999969));
#3791=CARTESIAN_POINT('',(1.2,-57.7419574948837,1.49999999999969));
#3792=VECTOR('',#4993,1.0);
#3793=CARTESIAN_POINT('',(0.0,1.0,1.49999999999969));
#3794=VECTOR('',#4994,1.0);
#3795=COLOUR_RGB('',0.560784339904785,0.588235318660736,0.600000023841858);
#3796=CARTESIAN_POINT('',(1.2,1.0000000000001,3.49999999999969));
#3797=CARTESIAN_POINT('',(1.2,0.853553390593298,3.85355339059309));
#3798=AXIS2_PLACEMENT_3D('',#4995,#4996,#4997);
#3799=CARTESIAN_POINT('',(1.2,1.0,-85.5812260017049));
#3800=VECTOR('',#4998,1.0);
#3801=CARTESIAN_POINT('',(1.2,2.4,3.014213562373));
#3802=CARTESIAN_POINT('',(1.2,2.4,-85.5812260017049));
#3803=VECTOR('',#4999,1.0);
#3804=CARTESIAN_POINT('',(1.2,1.6928932188135,3.014213562373));
#3805=CARTESIAN_POINT('',(1.2,-57.7419574948837,3.0142135623731));
#3806=VECTOR('',#5000,1.0);
#3807=CARTESIAN_POINT('',(1.2,-57.7419574948837,62.4490642760631));
#3808=VECTOR('',#5001,1.0);
#3809=COLOUR_RGB('',0.560784339904785,0.588235318660736,0.600000023841858);
#3810=CARTESIAN_POINT('',(9.5,1.0,3.49999999999969));
#3811=VECTOR('',#5002,1.0);
#3812=COLOUR_RGB('',0.560784339904785,0.588235318660736,0.600000023841858);
#3813=CARTESIAN_POINT('',(9.5,2.4,3.014213562373));
#3814=VECTOR('',#5003,1.0);
#3815=CARTESIAN_POINT('',(0.0,2.4,5.40448140719039));
#3816=VECTOR('',#5004,1.0);
#3817=COLOUR_RGB('',0.560784339904785,0.588235318660736,0.600000023841858);
#3818=CARTESIAN_POINT('',(9.5,1.6928932188135,3.014213562373));
#3819=VECTOR('',#5005,1.0);
#3820=COLOUR_RGB('',0.560784339904785,0.588235318660736,0.600000023841858);
#3821=CARTESIAN_POINT('',(0.0,0.853553390593298,3.85355339059309));
#3822=VECTOR('',#5006,1.0);
#3823=COLOUR_RGB('',0.560784339904785,0.588235318660736,0.600000023841858);
#3824=CARTESIAN_POINT('',(5.5,0.0,3.49999999999969));
#3825=VECTOR('',#5007,1.0);
#3826=COLOUR_RGB('',0.560784339904785,0.588235318660736,0.600000023841858);
#3827=CARTESIAN_POINT('',(0.0,0.0,-3.12638803734444E-13));
#3828=VECTOR('',#5008,1.0);
#3829=COLOUR_RGB('',0.560784339904785,0.588235318660736,0.600000023841858);
#3830=CARTESIAN_POINT('',(2.1316282072803E-14,22.5999999999998,11.1860571099489));
#3831=VECTOR('',#5009,1.0);
#3832=COLOUR_RGB('',0.560784339904785,0.588235318660736,0.600000023841858);
#3833=CARTESIAN_POINT('',(5.5,16.4,12.3999999999998));
#3834=VECTOR('',#5010,1.0);
#3835=CARTESIAN_POINT('',(5.5,16.0535898384862,12.9999999999997));
#3836=VECTOR('',#5011,1.0);
#3837=COLOUR_RGB('',0.560784339904785,0.588235318660736,0.600000023841858);
#3838=CARTESIAN_POINT('',(0.0,20.4,12.3999999999998));
#3839=VECTOR('',#5012,1.0);
#3840=COLOUR_RGB('',0.560784339904785,0.588235318660736,0.600000023841858);
#3841=CARTESIAN_POINT('',(0.0,20.7464101615138,12.9999999999997));
#3842=VECTOR('',#5013,1.0);
#3843=COLOUR_RGB('',0.560784339904785,0.588235318660736,0.600000023841858);
#3844=CARTESIAN_POINT('',(0.0,22.6,12.9999999999997));
#3845=VECTOR('',#5014,1.0);
#3846=COLOUR_RGB('',0.560784339904785,0.588235318660736,0.600000023841858);
#3847=COLOUR_RGB('',0.560784339904785,0.588235318660736,0.600000023841858);
#3848=CARTESIAN_POINT('',(2.1316282072803E-14,21.6192427198212,8.81390330726599));
#3849=VECTOR('',#5015,1.0);
#3850=COLOUR_RGB('',0.560784339904785,0.588235318660736,0.600000023841858);
#3851=CARTESIAN_POINT('',(0.0,22.558988919279,6.5999999999996));
#3852=VECTOR('',#5016,1.0);
#3853=COLOUR_RGB('',0.560784339904785,0.588235318660736,0.600000023841858);
#3854=COLOUR_RGB('',0.560784339904785,0.588235318660736,0.600000023841858);
#3855=CARTESIAN_POINT('',(0.0,12.55,12.9999999999997));
#3856=VECTOR('',#5017,1.0);
#3857=COLOUR_RGB('',0.560784339904785,0.588235318660736,0.600000023841858);
#3858=CARTESIAN_POINT('',(0.0,10.55,10.9999999999997));
#3859=VECTOR('',#5018,1.0);
#3860=CARTESIAN_POINT('',(0.0,10.55,9.2499999999998));
#3861=VECTOR('',#5019,1.0);
#3862=COLOUR_RGB('',0.560784339904785,0.588235318660736,0.600000023841858);
#3863=CARTESIAN_POINT('',(5.5,12.4,6.66653451987189));
#3864=VECTOR('',#5020,1.0);
#3865=CARTESIAN_POINT('',(5.5,10.8884076231499,6.39999999999979));
#3866=VECTOR('',#5021,1.0);
#3867=COLOUR_RGB('',0.560784339904785,0.588235318660736,0.600000023841858);
#3868=CARTESIAN_POINT('',(5.5,11.1,5.19999999999999));
#3869=VECTOR('',#5022,1.0);
#3870=CARTESIAN_POINT('',(0.0,12.4,4.99999999999969));
#3871=VECTOR('',#5023,1.0);
#3872=COLOUR_RGB('',0.560784339904785,0.588235318660736,0.600000023841858);
#3873=CARTESIAN_POINT('',(0.0,12.4,4.69999999999999));
#3874=VECTOR('',#5024,1.0);
#3875=CARTESIAN_POINT('',(0.0,11.006242501766,-3.12638803734444E-13));
#3876=VECTOR('',#5025,1.0);
#3877=COLOUR_RGB('',0.560784339904785,0.588235318660736,0.600000023841858);
#3878=COLOUR_RGB('',0.560784339904785,0.588235318660736,0.600000023841858);
#3879=COLOUR_RGB('',0.560784339904785,0.588235318660736,0.600000023841858);
#3880=CARTESIAN_POINT('',(0.0,12.4,7.39999999999979));
#3881=VECTOR('',#5026,1.0);
#3882=COLOUR_RGB('',0.560784339904785,0.588235318660736,0.600000023841858);
#3883=COLOUR_RGB('',0.560784339904785,0.588235318660736,0.600000023841858);
#3884=COLOUR_RGB('',0.560784339904785,0.588235318660736,0.600000023841858);
#3885=CARTESIAN_POINT('',(0.0,0.0,10.5512980164137));
#3886=VECTOR('',#5027,1.0);
#3887=COLOUR_RGB('',0.560784339904785,0.588235318660736,0.600000023841858);
#3888=CARTESIAN_POINT('',(0.0,0.0,22.0000000000001));
#3889=VECTOR('',#5028,1.0);
#3890=COLOUR_RGB('',0.560784339904785,0.588235318660736,0.600000023841858);
#3891=CARTESIAN_POINT('',(0.0,13.8,22.0000000000001));
#3892=VECTOR('',#5029,1.0);
#3893=CARTESIAN_POINT('',(7.25272503779459,5.4458030996293,22.0000000000001));
#3894=AXIS2_PLACEMENT_3D('',#5030,#5031,#5032);
#3895=CARTESIAN_POINT('',(6.40419690037074,4.5972749622054,22.0000000000001));
#3896=AXIS2_PLACEMENT_3D('',#5033,#5034,#5035);
#3897=AXIS2_PLACEMENT_3D('',#5036,#5037,#5038);
#3898=AXIS2_PLACEMENT_3D('',#5039,#5040,#5041);
#3899=COLOUR_RGB('',0.823529481887817,0.823529481887817,0.784313797950745);
#3900=CARTESIAN_POINT('',(7.25272503779459,5.4458030996293,22.9047310144271));
#3901=AXIS2_PLACEMENT_3D('',#5042,#5043,#5044);
#3902=CARTESIAN_POINT('',(70.4404856323075,-57.7419574948837,22.9047310144271));
#3903=VECTOR('',#5045,1.0);
#3904=COLOUR_RGB('',0.823529481887817,0.823529481887817,0.784313797950745);
#3905=CARTESIAN_POINT('',(7.25272503779459,5.4458030996293,19.0000000000001));
#3906=VECTOR('',#5046,1.0);
#3907=COLOUR_RGB('',0.823529481887817,0.823529481887817,0.784313797950745);
#3908=CARTESIAN_POINT('',(3.09580309962928,9.60272503779461,21.6671970050051));
#3909=CARTESIAN_POINT('',(3.09580309962928,9.60272503779461,22.9047310144271));
#3910=VECTOR('',#5047,1.0);
#3911=CARTESIAN_POINT('',(4.75000000000001,7.9485281374202,21.4789676071341));
#3912=CARTESIAN_POINT('',(3.09580309962934,9.60272503779451,21.6671970050051));
#3913=CARTESIAN_POINT('',(3.16469868112424,9.53382945629961,21.6588449419061));
#3914=CARTESIAN_POINT('',(3.23359527589632,9.46493286152759,21.6505091845411));
#3915=CARTESIAN_POINT('',(3.30249320321385,9.39603493421,21.6421954961921));
#3916=CARTESIAN_POINT('',(3.37139113056607,9.3271370068578,21.6338818078391));
#3917=CARTESIAN_POINT('',(3.44029038499388,9.2582377524299,21.6255900870011));
#3918=CARTESIAN_POINT('',(3.50919146929942,9.1893366681244,21.6173290702611));
#3919=CARTESIAN_POINT('',(3.57809255333091,9.1204355840929,21.6090680535541));
#3920=CARTESIAN_POINT('',(3.64699545866776,9.0515326787561,21.6008375485061));
#3921=CARTESIAN_POINT('',(3.71590099341902,8.9826271440048,21.5926514036721));
#3922=CARTESIAN_POINT('',(3.7848065329215,8.91372160450231,21.5844652582731));
#3923=CARTESIAN_POINT('',(3.85371465243946,8.84481348498451,21.5763230881021));
#3924=CARTESIAN_POINT('',(3.92262681455096,8.775901322873,21.5682480435031));
#3925=CARTESIAN_POINT('',(3.99153896003468,8.7069891773893,21.5601730008531));
#3926=CARTESIAN_POINT('',(4.06045503708884,8.638073100335,21.5521642478991));
#3927=CARTESIAN_POINT('',(4.12937722525708,8.5691509121668,21.5442631462581));
#3928=CARTESIAN_POINT('',(4.16383832208341,8.53468981534041,21.5403125951231));
#3929=CARTESIAN_POINT('',(4.19830097335548,8.5002271640684,21.5363893013521));
#3930=CARTESIAN_POINT('',(4.23276562993757,8.4657625074863,21.5325015691711));
#3931=CARTESIAN_POINT('',(4.2672302692956,8.4312978681283,21.5286138389331));
#3932=CARTESIAN_POINT('',(4.30169709032956,8.3968310470943,21.5247615559741));
#3933=CARTESIAN_POINT('',(4.33616653572116,8.36236160170269,21.5209565000081));
#3934=CARTESIAN_POINT('',(4.3706359806175,8.32789215680641,21.5171514440961));
#3935=CARTESIAN_POINT('',(4.40510804485266,8.2934200925712,21.5133934665741));
#3936=CARTESIAN_POINT('',(4.43958347572522,8.2589446616986,21.5096995887041));
#3937=CARTESIAN_POINT('',(4.47405890348206,8.2244692339418,21.5060057111681));
#3938=CARTESIAN_POINT('',(4.50853770831367,8.1899904291102,21.5023756986991));
#3939=CARTESIAN_POINT('',(4.54302104548545,8.1555070919384,21.4988346403551));
#3940=CARTESIAN_POINT('',(4.57750416880547,8.1210239686184,21.4952936039721));
#3941=CARTESIAN_POINT('',(4.61199226003067,8.0865358773932,21.4918411219501));
#3942=CARTESIAN_POINT('',(4.64648909383729,8.0520390435865,21.4885145022521));
#3943=CARTESIAN_POINT('',(4.68098556051599,8.01754257690781,21.4851879179571));
#3944=CARTESIAN_POINT('',(4.71548917379739,7.9830389636229,21.4819869131961));
#3945=CARTESIAN_POINT('',(4.75000000000001,7.9485281374203,21.4789676071341));
#3946=CARTESIAN_POINT('',(7.25272503779209,5.4458030996262,21.6671970050051));
#3947=CARTESIAN_POINT('',(4.75000000000001,7.9485281374203,21.4789676071341));
#3948=CARTESIAN_POINT('',(4.77608347872688,7.9224446586934,21.4766855984401));
#3949=CARTESIAN_POINT('',(4.80217116879069,7.896356968631,21.4745077349901));
#3950=CARTESIAN_POINT('',(4.82826362189042,7.8702645155313,21.4724673920801));
#3951=CARTESIAN_POINT('',(4.85435607040563,7.8441720670161,21.4704270495271));
#3952=CARTESIAN_POINT('',(4.8804533548765,7.81807478254731,21.4685242786751));
#3953=CARTESIAN_POINT('',(4.9065562561035,7.7919718813203,21.4668008113201));
#3954=CARTESIAN_POINT('',(4.93265929143907,7.76586884598481,21.4650773351111));
#3955=CARTESIAN_POINT('',(4.95876740541649,7.73976073200669,21.4635335641661));
#3956=CARTESIAN_POINT('',(4.98488294202099,7.7136451954022,21.4622164873621));
#3957=CARTESIAN_POINT('',(5.0109988403745,7.68752929704871,21.4608993923131));
#3958=CARTESIAN_POINT('',(5.03712370107633,7.6614044363475,21.4598097443361));
#3959=CARTESIAN_POINT('',(5.06325595740687,7.635272180017,21.4589913115551));
#3960=CARTESIAN_POINT('',(5.08938817563839,7.60913996178549,21.4581728799681));
#3961=CARTESIAN_POINT('',(5.11552751431441,7.58300062310951,21.4576266551121));
#3962=CARTESIAN_POINT('',(5.14167037831695,7.5568577591069,21.4573788904271));
#3963=CARTESIAN_POINT('',(5.16781322733159,7.53071491009231,21.4571311258841));
#3964=CARTESIAN_POINT('',(5.19395913975136,7.5045689976725,21.4571822373091));
#3965=CARTESIAN_POINT('',(5.22010365199375,7.4784244854301,21.4575297186591));
#3966=CARTESIAN_POINT('',(5.24624815566058,7.4522799817633,21.4578771998961));
#3967=CARTESIAN_POINT('',(5.27239083178079,7.426137305643,21.4585204939111));
#3968=CARTESIAN_POINT('',(5.29852760291927,7.40000053450451,21.4594294734461));
#3969=CARTESIAN_POINT('',(5.32466438077191,7.37386375665191,21.4603384532141));
#3970=CARTESIAN_POINT('',(5.35079504825087,7.347733089173,21.4615121150331));
#3971=CARTESIAN_POINT('',(5.37691667276684,7.321611464657,21.4629051311261));
#3972=CARTESIAN_POINT('',(5.40303832448616,7.2954898129377,21.4642981486701));
#3973=CARTESIAN_POINT('',(5.42915093082399,7.26937720659929,21.4659097712921));
#3974=CARTESIAN_POINT('',(5.4552527605079,7.2432753769154,21.4676930315111));
#3975=CARTESIAN_POINT('',(5.48135394946895,7.21717418795431,21.4694762479561));
#3976=CARTESIAN_POINT('',(5.50744858616328,7.19107955126061,21.4714310667491));
#3977=CARTESIAN_POINT('',(5.533538432293,7.1649897051309,21.4735171442151));
#3978=CARTESIAN_POINT('',(5.55962822251466,7.1388999149092,21.4756032172121));
#3979=CARTESIAN_POINT('',(5.58571301357047,7.1128151238532,21.4778205124201));
#3980=CARTESIAN_POINT('',(5.61179365011194,7.08673448731179,21.4801371209491));
#3981=CARTESIAN_POINT('',(5.63787428915029,7.0606538482734,21.4824537297001));
#3982=CARTESIAN_POINT('',(5.66395081670081,7.034577320723,21.4848697475311));
#3983=CARTESIAN_POINT('',(5.69002374219228,7.0085043952315,21.4873610851261));
#3984=CARTESIAN_POINT('',(5.71609666662175,6.9824314708021,21.4898524226201));
#3985=CARTESIAN_POINT('',(5.74216600746666,6.95636212995721,21.4924191935161));
#3986=CARTESIAN_POINT('',(5.7682319041116,6.9302962333123,21.4950435399791));
#3987=CARTESIAN_POINT('',(5.79429784859093,6.9042302888329,21.4976678912581));
#3988=CARTESIAN_POINT('',(5.82035995120778,6.87816818621609,21.5003498721811));
#3989=CARTESIAN_POINT('',(5.84642011534994,6.8521080220739,21.5030765032171));
#3990=CARTESIAN_POINT('',(5.89854027154498,6.7999878658789,21.5085297472841));
#3991=CARTESIAN_POINT('',(5.95065131913763,6.74787681828619,21.5141592325291));
#3992=CARTESIAN_POINT('',(6.00275638609445,6.6957717513294,21.5198974383601));
#3993=CARTESIAN_POINT('',(6.05486146465978,6.64366667276411,21.5256356454711));
#3994=CARTESIAN_POINT('',(6.10696059510291,6.59156754232099,21.5314838197991));
#3995=CARTESIAN_POINT('',(6.15905533124932,6.53947280617449,21.5374034018601));
#3996=CARTESIAN_POINT('',(6.21115004923021,6.4873780881936,21.5433229818561));
#3997=CARTESIAN_POINT('',(6.26324066441247,6.43528747301141,21.5493146273731));
#3998=CARTESIAN_POINT('',(6.31532845067566,6.38319968674821,21.5553552907711));
#3999=CARTESIAN_POINT('',(6.36741623776101,6.33111189966279,21.5613959542641));
#4000=CARTESIAN_POINT('',(6.41950118540559,6.27902695201841,21.5674859563861));
#4001=CARTESIAN_POINT('',(6.47158408031958,6.2269440571044,21.5736108424611));
#4002=CARTESIAN_POINT('',(6.52366697526198,6.174861162162,21.5797357285381));
#4003=CARTESIAN_POINT('',(6.57574781047992,6.122780326944,21.5858956704821));
#4004=CARTESIAN_POINT('',(6.62782707073996,6.0707010666839,21.5920812167651));
#4005=CARTESIAN_POINT('',(6.73198559476238,5.9665425426615,21.6044523097481));
#4006=CARTESIAN_POINT('',(6.83613810954524,5.8623900278785,21.6169242472061));
#4007=CARTESIAN_POINT('',(6.94028715113182,5.7582409862919,21.6294538692391));
#4008=CARTESIAN_POINT('',(7.04443619616022,5.6540919412635,21.6419834916861));
#4009=CARTESIAN_POINT('',(7.14858171764724,5.5499464197713,21.6545719343931));
#4010=CARTESIAN_POINT('',(7.25272503778371,5.4458030996348,21.6671970050031));
#4011=CARTESIAN_POINT('',(7.25272503779459,5.4458030996293,22.9047310144271));
#4012=VECTOR('',#5048,1.0);
#4013=COLOUR_RGB('',0.823529481887817,0.823529481887817,0.784313797950745);
#4014=CARTESIAN_POINT('',(6.40419690037068,4.5972749622058,21.6671970050051));
#4015=AXIS2_PLACEMENT_3D('',#5049,#5050,#5051);
#4016=CARTESIAN_POINT('',(4.75000000000001,7.1,21.4047310144271));
#4017=CARTESIAN_POINT('',(4.75000000000001,9.8475049773371,21.6451065529251));
#4018=VECTOR('',#5052,2.758);
#4019=CARTESIAN_POINT('',(4.75000000000001,6.2514718625762,21.4789676071341));
#4020=CARTESIAN_POINT('',(4.75000000000001,4.352495022663,21.6451065529251));
#4021=VECTOR('',#5053,2.758);
#4022=CARTESIAN_POINT('',(6.40419690037016,4.5972749622063,21.6671970050051));
#4023=CARTESIAN_POINT('',(6.33530094190868,4.6661709206677,21.6588448962071));
#4024=CARTESIAN_POINT('',(6.26640399875675,4.7350678638194,21.6505090967841));
#4025=CARTESIAN_POINT('',(6.19750572574505,4.8039661368311,21.6421953669531));
#4026=CARTESIAN_POINT('',(6.12860745301694,4.8728644095592,21.6338816371571));
#4027=CARTESIAN_POINT('',(6.059707855248,4.9417640073282,21.6255898753711));
#4028=CARTESIAN_POINT('',(5.99080641310396,5.0106654494722,21.6173288163681));
#4029=CARTESIAN_POINT('',(5.92190497402955,5.0795668885466,21.6090677577331));
#4030=CARTESIAN_POINT('',(5.85300165039556,5.1484702121807,21.6008372036071));
#4031=CARTESIAN_POINT('',(5.78409569957928,5.2173761629969,21.5926510107921));
#4032=CARTESIAN_POINT('',(5.71518974924745,5.2862821133288,21.5844648180341));
#4033=CARTESIAN_POINT('',(5.64628118841747,5.3551906741588,21.5763225977661));
#4034=CARTESIAN_POINT('',(5.57736871447434,5.4241031481019,21.5682475196001));
#4035=CARTESIAN_POINT('',(5.50845623058186,5.4930156319944,21.5601724402681));
#4036=CARTESIAN_POINT('',(5.43953993234883,5.5619319302273,21.5521636652951));
#4037=CARTESIAN_POINT('',(5.37061725180532,5.6308546107708,21.5442625131201));
#4038=CARTESIAN_POINT('',(5.33615592088683,5.6653159416893,21.5403119381041));
#4039=CARTESIAN_POINT('',(5.30169301232276,5.6997788502534,21.5363886185581));
#4040=CARTESIAN_POINT('',(5.26722811701556,5.7342437455606,21.5325008638061));
#4041=CARTESIAN_POINT('',(5.23276322197696,5.7687086405992,21.5286131090851));
#4042=CARTESIAN_POINT('',(5.19829634118786,5.8031755213883,21.5247608247791));
#4043=CARTESIAN_POINT('',(5.16382687126286,5.8376449913133,21.5209557722101));
#4044=CARTESIAN_POINT('',(5.12935735112247,5.8721145114537,21.5171507140981));
#4045=CARTESIAN_POINT('',(5.09488549667458,5.9065863659016,21.5133927658521));
#4046=CARTESIAN_POINT('',(5.06040958287255,5.9410622797036,21.5096988449671));
#4047=CARTESIAN_POINT('',(5.02593370870221,5.9755381538739,21.5060049283281));
#4048=CARTESIAN_POINT('',(4.99145408353901,6.0100177790371,21.5023748402121));
#4049=CARTESIAN_POINT('',(4.95697001600131,6.0445018465748,21.4988337224711));
#4050=CARTESIAN_POINT('',(4.92248595039107,6.0789859121851,21.4952926049271));
#4051=CARTESIAN_POINT('',(4.88799741269104,6.1134744498851,21.4918401065611));
#4052=CARTESIAN_POINT('',(4.85350302279741,6.1479688397787,21.4885137420411));
#4053=CARTESIAN_POINT('',(4.81900864777348,6.1824632148027,21.4851873789541));
#4054=CARTESIAN_POINT('',(4.78450832709302,6.2169635354831,21.4819866945521));
#4055=CARTESIAN_POINT('',(4.75000000000001,6.2514718625762,21.4789676071341));
#4056=COLOUR_RGB('',0.560784339904785,0.588235318660736,0.600000023841858);
#4057=CARTESIAN_POINT('',(2.24727496220543,8.75419690037069,21.6671970050051));
#4058=CARTESIAN_POINT('',(2.24727496220543,8.75419690037069,22.9047310144271));
#4059=VECTOR('',#5054,1.0);
#4060=AXIS2_PLACEMENT_3D('',#5055,#5056,#5057);
#4061=COLOUR_RGB('',0.823529481887817,0.823529481887817,0.784313797950745);
#4062=CARTESIAN_POINT('',(6.40419690037074,4.5972749622054,22.9047310144271));
#4063=CARTESIAN_POINT('',(0.0,11.0014718625762,22.9047310144271));
#4064=VECTOR('',#5058,1.0);
#4065=CARTESIAN_POINT('',(6.40419690037074,4.5972749622054,19.0000000000001));
#4066=VECTOR('',#5059,1.0);
#4067=CARTESIAN_POINT('',(6.40419690037074,4.5972749622054,22.9047310144271));
#4068=VECTOR('',#5060,1.0);
#4069=CARTESIAN_POINT('',(4.75000000000001,6.2514718625762,21.4789676071341));
#4070=CARTESIAN_POINT('',(4.72391842170408,6.2775534408721,21.4766857647071));
#4071=CARTESIAN_POINT('',(4.69782840456644,6.30364345801011,21.4745076849281));
#4072=CARTESIAN_POINT('',(4.67173166303457,6.3297401995419,21.4724670233781));
#4073=CARTESIAN_POINT('',(4.64563491931864,6.35583694325791,21.4704263616571));
#4074=CARTESIAN_POINT('',(4.61953138900216,6.3819404735799,21.4685231729791));
#4075=CARTESIAN_POINT('',(4.59342237156706,6.4080494910149,21.4667994002321));
#4076=CARTESIAN_POINT('',(4.56731335083026,6.4341585117518,21.4650756272681));
#4077=CARTESIAN_POINT('',(4.5411987789556,6.460273083623,21.4635316429141));
#4078=CARTESIAN_POINT('',(4.51507981890296,6.4863920436756,21.4622146094491));
#4079=CARTESIAN_POINT('',(4.48896084361856,6.51251101896001,21.4608975752161));
#4080=CARTESIAN_POINT('',(4.46283751224371,6.53863435033249,21.4598083026011));
#4081=CARTESIAN_POINT('',(4.43671112127945,6.5647607412967,21.4589902806401));
#4082=CARTESIAN_POINT('',(4.41058468928517,6.590887173291,21.4581722573951));
#4083=CARTESIAN_POINT('',(4.3844554604862,6.61701640208999,21.4576264556691));
#4084=CARTESIAN_POINT('',(4.35832457863917,6.643147283937,21.4573788426361));
#4085=CARTESIAN_POINT('',(4.33219363485843,6.6692782277177,21.4571312290161));
#4086=CARTESIAN_POINT('',(4.30606244357536,6.6954094190008,21.4571822151881));
#4087=CARTESIAN_POINT('',(4.27993167418443,6.72154018839171,21.4575292493251));
#4088=CARTESIAN_POINT('',(4.25380095773729,6.74767090483891,21.4578762827591));
#4089=CARTESIAN_POINT('',(4.22767111831969,6.773800744273,21.4585188201511));
#4090=CARTESIAN_POINT('',(4.20154367721597,6.79992818537671,21.4594269951321));
#4091=CARTESIAN_POINT('',(4.17541626445869,6.8260555981339,21.4603351691281));
#4092=CARTESIAN_POINT('',(4.14929146160124,6.85218040097489,21.4615079910351));
#4093=CARTESIAN_POINT('',(4.12317061519971,6.87830124737641,21.4629004770431));
#4094=CARTESIAN_POINT('',(4.0970497754728,6.90442208710341,21.4642929626951));
#4095=CARTESIAN_POINT('',(4.07093289477303,6.93053896780309,21.4659043706531));
#4096=CARTESIAN_POINT('',(4.04482105889904,6.9566508036771,21.4676879886781));
#4097=CARTESIAN_POINT('',(4.01870922201686,6.98276264055929,21.4694716067731));
#4098=CARTESIAN_POINT('',(3.99260235743506,7.0088695051411,21.4714271291121));
#4099=CARTESIAN_POINT('',(3.96650164283352,7.0349702197426,21.4735139400151));
#4100=CARTESIAN_POINT('',(3.94040092914069,7.0610709334355,21.4756007508451));
#4101=CARTESIAN_POINT('',(3.91430630241111,7.08716556016611,21.4778188300361));
#4102=CARTESIAN_POINT('',(3.88821934254381,7.11325252003341,21.4801359668861));
#4103=CARTESIAN_POINT('',(3.86213207193086,7.1393397906463,21.4824531313391));
#4104=CARTESIAN_POINT('',(3.8360537844673,7.16541807810881,21.4848693204821));
#4105=CARTESIAN_POINT('',(3.80998272340558,7.19148913917061,21.4873604673221));
#4106=CARTESIAN_POINT('',(3.78391072707817,7.21756113549799,21.4898517035301));
#4107=CARTESIAN_POINT('',(3.75784233171974,7.2436295308564,21.4924183668901));
#4108=CARTESIAN_POINT('',(3.73177678569146,7.26969507688469,21.4950426650811));
#4109=CARTESIAN_POINT('',(3.70571123688324,7.2957606256929,21.4976669635521));
#4110=CARTESIAN_POINT('',(3.67964852631354,7.3218233362626,21.5003489946841));
#4111=CARTESIAN_POINT('',(3.65358809596343,7.3478837666127,21.5030756440831));
#4112=CARTESIAN_POINT('',(3.60146725937807,7.40000460319811,21.5085289403571));
#4113=CARTESIAN_POINT('',(3.54935531879654,7.4521165437795,21.5141585106961));
#4114=CARTESIAN_POINT('',(3.49725000046558,7.50422186211041,21.5198967350211));
#4115=CARTESIAN_POINT('',(3.44514477906082,7.55632708351521,21.5256349486721));
#4116=CARTESIAN_POINT('',(3.39304575398681,7.60842610858941,21.5314831040271));
#4117=CARTESIAN_POINT('',(3.34095070676081,7.6605211558154,21.5374027157541));
#4118=CARTESIAN_POINT('',(3.28885567126349,7.7126161913127,21.5433223261491));
#4119=CARTESIAN_POINT('',(3.23676468995249,7.7647071726234,21.5493140096581));
#4120=CARTESIAN_POINT('',(3.18467658349563,7.8167952790803,21.5553547069531));
#4121=CARTESIAN_POINT('',(3.13258846320522,7.8688833993707,21.5613954058511));
#4122=CARTESIAN_POINT('',(3.08050330216508,7.9209685604111,21.5674854305941));
#4123=CARTESIAN_POINT('',(3.02842017228736,7.97305169028881,21.5736103423601));
#4124=CARTESIAN_POINT('',(2.97633704360498,8.0251348189712,21.5797352539861));
#4125=CARTESIAN_POINT('',(2.92425597241432,8.077215890162,21.5858952223451));
#4126=CARTESIAN_POINT('',(2.8721764153675,8.1292954472088,21.5920808027141));
#4127=CARTESIAN_POINT('',(2.76801730438673,8.2334545581896,21.6044519630821));
#4128=CARTESIAN_POINT('',(2.66386413572461,8.33760772685149,21.6169239777261));
#4129=CARTESIAN_POINT('',(2.55971449517716,8.441757367399,21.6294536711801));
#4130=CARTESIAN_POINT('',(2.45556486026581,8.54590700231029,21.6419833639561));
#4131=CARTESIAN_POINT('',(2.35141880903016,8.650053053546,21.6545718705461));
#4132=CARTESIAN_POINT('',(2.24727496220537,8.75419690037079,21.6671970050051));
#4133=COLOUR_RGB('',0.823529481887817,0.823529481887817,0.784313797950745);
#4134=AXIS2_PLACEMENT_3D('',#5061,#5062,#5063);
#4135=COLOUR_RGB('',0.560784339904785,0.588235318660736,0.600000023841858);
#4136=COLOUR_RGB('',0.823529481887817,0.823529481887817,0.784313797950745);
#4137=COLOUR_RGB('',0.560784339904785,0.588235318660736,0.600000023841858);
#4138=CARTESIAN_POINT('',(0.0,13.8,28.7019237886471));
#4139=VECTOR('',#5064,1.0);
#4140=CARTESIAN_POINT('',(5.5,15.3,34.3000000000001));
#4141=VECTOR('',#5065,1.0);
#4142=COLOUR_RGB('',0.560784339904785,0.588235318660736,0.600000023841858);
#4143=CARTESIAN_POINT('',(5.5,15.3,35.3000000000001));
#4144=VECTOR('',#5066,1.0);
#4145=CARTESIAN_POINT('',(0.0,16.8618521847744,35.3000000000001));
#4146=VECTOR('',#5067,1.0);
#4147=COLOUR_RGB('',0.560784339904785,0.588235318660736,0.600000023841858);
#4148=COLOUR_RGB('',0.560784339904785,0.588235318660736,0.600000023841858);
#4149=CARTESIAN_POINT('',(7.0,13.8,26.8000000000001));
#4150=CARTESIAN_POINT('',(0.0,13.8,26.8000000000001));
#4151=VECTOR('',#5068,1.0);
#4152=CARTESIAN_POINT('',(6.14256258422041,13.8,23.6000000000001));
#4153=CARTESIAN_POINT('',(-23.1124587515763,13.8,-85.5812260017049));
#4154=VECTOR('',#5069,1.0);
#4155=CARTESIAN_POINT('',(0.0,13.8,23.6000000000001));
#4156=VECTOR('',#5070,1.0);
#4157=COLOUR_RGB('',0.560784339904785,0.588235318660736,0.600000023841858);
#4158=CARTESIAN_POINT('',(6.14256258422041,15.9,23.6000000000001));
#4159=CARTESIAN_POINT('',(6.14256258422041,-57.7419574948837,23.6000000000001));
#4160=VECTOR('',#5071,1.0);
#4161=CARTESIAN_POINT('',(0.0,15.9,23.6000000000001));
#4162=VECTOR('',#5072,1.0);
#4163=COLOUR_RGB('',0.560784339904785,0.588235318660736,0.600000023841858);
#4164=CARTESIAN_POINT('',(7.0,15.9,26.8000000000001));
#4165=CARTESIAN_POINT('',(-23.1124587515763,15.9,-85.5812260017049));
#4166=VECTOR('',#5073,1.0);
#4167=CARTESIAN_POINT('',(0.0,15.9,26.8000000000001));
#4168=VECTOR('',#5074,1.0);
#4169=COLOUR_RGB('',0.560784339904785,0.588235318660736,0.600000023841858);
#4170=CARTESIAN_POINT('',(7.0,-57.7419574948837,26.8000000000001));
#4171=VECTOR('',#5075,1.0);
#4172=COLOUR_RGB('',0.560784339904785,0.588235318660736,0.600000023841858);
#4173=COLOUR_RGB('',0.560784339904785,0.588235318660736,0.600000023841858);
#4174=CARTESIAN_POINT('',(0.0,17.7618549351514,33.1800000000001));
#4175=VECTOR('',#5076,1.0);
#4176=COLOUR_RGB('',0.560784339904785,0.588235318660736,0.600000023841858);
#4177=CARTESIAN_POINT('',(0.0,17.25,33.1800000000001));
#4178=VECTOR('',#5077,1.0);
#4179=COLOUR_RGB('',0.560784339904785,0.588235318660736,0.600000023841858);
#4180=CARTESIAN_POINT('',(0.0,17.25,32.1000000000001));
#4181=VECTOR('',#5078,1.0);
#4182=CARTESIAN_POINT('',(0.0,23.55,32.1000000000001));
#4183=VECTOR('',#5079,1.0);
#4184=COLOUR_RGB('',0.560784339904785,0.588235318660736,0.600000023841858);
#4185=COLOUR_RGB('',0.560784339904785,0.588235318660736,0.600000023841858);
#4186=CARTESIAN_POINT('',(0.0,23.0381450648491,33.1800000000001));
#4187=VECTOR('',#5080,1.0);
#4188=CARTESIAN_POINT('',(0.0,23.9381478152253,35.3000000000001));
#4189=VECTOR('',#5081,1.0);
#4190=COLOUR_RGB('',0.560784339904785,0.588235318660736,0.600000023841858);
#4191=COLOUR_RGB('',0.560784339904785,0.588235318660736,0.600000023841858);
#4192=CARTESIAN_POINT('',(0.0,23.55,33.1800000000001));
#4193=VECTOR('',#5082,1.0);
#4194=COLOUR_RGB('',0.560784339904785,0.588235318660736,0.600000023841858);
#4195=COLOUR_RGB('',0.560784339904785,0.588235318660736,0.600000023841858);
#4196=CARTESIAN_POINT('',(0.0,42.6000000000003,6.39999999999979));
#4197=VECTOR('',#5083,1.0);
#4198=COLOUR_RGB('',0.560784339904785,0.588235318660736,0.600000023841858);
#4199=COLOUR_RGB('',0.560784339904785,0.588235318660736,0.600000023841858);
#4200=CARTESIAN_POINT('',(0.0,40.3,6.39999999999979));
#4201=VECTOR('',#5084,1.0);
#4202=COLOUR_RGB('',0.560784339904785,0.588235318660736,0.600000023841858);
#4203=COLOUR_RGB('',0.560784339904785,0.588235318660736,0.600000023841858);
#4204=COLOUR_RGB('',0.560784339904785,0.588235318660736,0.600000023841858);
#4205=CARTESIAN_POINT('',(0.0,25.5,35.3000000000001));
#4206=VECTOR('',#5085,1.0);
#4207=CARTESIAN_POINT('',(0.0,25.5,34.3000000000001));
#4208=VECTOR('',#5086,1.0);
#4209=COLOUR_RGB('',0.560784339904785,0.588235318660736,0.600000023841858);
#4210=COLOUR_RGB('',0.560784339904785,0.588235318660736,0.600000023841858);
#4211=CARTESIAN_POINT('',(2.5,27.0,27.2000000000001));
#4212=CARTESIAN_POINT('',(0.0,27.0,27.2000000000001));
#4213=VECTOR('',#5087,1.0);
#4214=CARTESIAN_POINT('',(2.5,31.3,27.2000000000001));
#4215=CARTESIAN_POINT('',(2.5,-57.7419574948837,27.2000000000001));
#4216=VECTOR('',#5088,1.0);
#4217=CARTESIAN_POINT('',(0.0,31.3,27.2000000000001));
#4218=VECTOR('',#5089,1.0);
#4219=CARTESIAN_POINT('',(4.75000000000001,32.1000000000003,27.2000000000001));
#4220=CARTESIAN_POINT('',(4.75000000000001,38.0999999999997,27.2000000000001));
#4221=AXIS2_PLACEMENT_3D('',#5090,#5091,#5092);
#4222=AXIS2_PLACEMENT_3D('',#5093,#5094,#5095);
#4223=CARTESIAN_POINT('',(4.75000000000001,41.3,27.2000000000001));
#4224=CARTESIAN_POINT('',(4.75000000000001,47.3000000000003,27.2000000000001));
#4225=AXIS2_PLACEMENT_3D('',#5096,#5097,#5098);
#4226=AXIS2_PLACEMENT_3D('',#5099,#5100,#5101);
#4227=COLOUR_RGB('',0.560784339904785,0.588235318660736,0.600000023841858);
#4228=CARTESIAN_POINT('',(4.75000000000001,47.3000000000003,24.0547310144271));
#4229=CARTESIAN_POINT('',(3.09580309962929,46.8027250377943,24.0547310144271));
#4230=AXIS2_PLACEMENT_3D('',#5102,#5103,#5104);
#4231=CARTESIAN_POINT('',(4.75000000000001,47.3000000000003,22.0000000000001));
#4232=VECTOR('',#5105,1.0);
#4233=CARTESIAN_POINT('',(4.75000000000001,41.3,24.0547310144271));
#4234=CARTESIAN_POINT('',(4.75000000000001,41.3,22.0000000000001));
#4235=VECTOR('',#5106,1.0);
#4236=CARTESIAN_POINT('',(2.24727496220543,45.9541969003703,24.0547310144271));
#4237=AXIS2_PLACEMENT_3D('',#5107,#5108,#5109);
#4238=CARTESIAN_POINT('',(2.24727496220543,45.9541969003703,22.8171970050051));
#4239=CARTESIAN_POINT('',(2.24727496220543,45.9541969003703,22.0000000000001));
#4240=VECTOR('',#5110,1.0);
#4241=CARTESIAN_POINT('',(3.09580309962929,46.8027250377943,22.8171970050051));
#4242=AXIS2_PLACEMENT_3D('',#5111,#5112,#5113);
#4243=CARTESIAN_POINT('',(3.09580309962929,46.8027250377943,22.0000000000001));
#4244=VECTOR('',#5114,1.0);
#4245=COLOUR_RGB('',0.823529481887817,0.823529481887817,0.784313797950745);
#4246=CARTESIAN_POINT('',(6.40419690037074,41.7972749622054,22.8171970050051));
#4247=CARTESIAN_POINT('',(7.2527250377946,42.6458030996293,22.8171970050051));
#4248=AXIS2_PLACEMENT_3D('',#5115,#5116,#5117);
#4249=CARTESIAN_POINT('',(4.75000000000001,45.1485281374213,22.6289676071341));
#4250=CARTESIAN_POINT('',(4.75000000000001,45.1485281374213,22.6289676071341));
#4251=CARTESIAN_POINT('',(4.77608294694023,45.1224451904813,22.6266856449661));
#4252=CARTESIAN_POINT('',(4.80217007270509,45.0963580647183,22.6245078262481));
#4253=CARTESIAN_POINT('',(4.82826205542257,45.0702660820003,22.6224675145731));
#4254=CARTESIAN_POINT('',(4.85435403187441,45.0441741055483,22.6204272033871));
#4255=CARTESIAN_POINT('',(4.88045093922257,45.0180771982013,22.6185244502271));
#4256=CARTESIAN_POINT('',(4.9065536378665,44.9919744995573,22.6168009841921));
#4257=CARTESIAN_POINT('',(4.93265663327561,44.9658715041483,22.6150774985631));
#4258=CARTESIAN_POINT('',(4.95876389337581,44.9397642440483,22.6135337482541));
#4259=CARTESIAN_POINT('',(4.98488174112283,44.9136463963013,22.6122165479271));
#4260=CARTESIAN_POINT('',(5.01099936699867,44.8875287704253,22.6108993587901));
#4261=CARTESIAN_POINT('',(5.03712626670464,44.8614018707193,22.6098096332761));
#4262=CARTESIAN_POINT('',(5.06326040766497,44.8352677297593,22.6089911721811));
#4263=CARTESIAN_POINT('',(5.08939451905083,44.8091336183733,22.6081727120131));
#4264=CARTESIAN_POINT('',(5.11553560371391,44.7829925337103,22.6076265069911));
#4265=CARTESIAN_POINT('',(5.14167983503288,44.7568483023913,22.6073788008151));
#4266=CARTESIAN_POINT('',(5.1678240567212,44.7307040807023,22.6071310947311));
#4267=CARTESIAN_POINT('',(5.19397096806789,44.7045571693563,22.6071823018651));
#4268=CARTESIAN_POINT('',(5.22011602000969,44.6784121174143,22.6075298830621));
#4269=CARTESIAN_POINT('',(5.24626106736706,44.6522670700573,22.6078774641991));
#4270=CARTESIAN_POINT('',(5.27240382827075,44.6261243091533,22.6085208607291));
#4271=CARTESIAN_POINT('',(5.29854024864598,44.5999878887783,22.6094299132571));
#4272=CARTESIAN_POINT('',(5.32467668044384,44.5738514569803,22.6103389661821));
#4273=CARTESIAN_POINT('',(5.35080656344175,44.5477215739823,22.6115126706701));
#4274=CARTESIAN_POINT('',(5.37692711812104,44.5216010193033,22.6129056881691));
#4275=CARTESIAN_POINT('',(5.4030477094234,44.4954804280003,22.6142987076211));
#4276=CARTESIAN_POINT('',(5.4291589534784,44.4693691839453,22.6159102897391));
#4277=CARTESIAN_POINT('',(5.45525948465923,44.4432686527643,22.6176934909061));
#4278=CARTESIAN_POINT('',(5.48136023714923,44.4171679002743,22.6194767071931));
#4279=CARTESIAN_POINT('',(5.50745501543129,44.3910731219923,22.6214315593931));
#4280=CARTESIAN_POINT('',(5.53354476879504,44.3649833686293,22.6235176508691));
#4281=CARTESIAN_POINT('',(5.55963453053677,44.3388936068873,22.6256037430151));
#4282=CARTESIAN_POINT('',(5.58571933852115,44.3128087989023,22.6278210579531));
#4283=CARTESIAN_POINT('',(5.61179999570086,44.2867281417233,22.6301376845971));
#4284=CARTESIAN_POINT('',(5.63788065476833,44.2606474826553,22.6324543114091));
#4285=CARTESIAN_POINT('',(5.66395720541984,44.2345709320043,22.6348703456001));
#4286=CARTESIAN_POINT('',(5.69003009862317,44.2084980388003,22.6373616925021));
#4287=CARTESIAN_POINT('',(5.71610299052422,44.1824251468993,22.6398530392791));
#4288=CARTESIAN_POINT('',(5.74217224254609,44.1563558948783,22.6424198122801));
#4289=CARTESIAN_POINT('',(5.76823792907821,44.1302902083453,22.6450441465811));
#4290=CARTESIAN_POINT('',(5.79430357684113,44.1042245605823,22.6476684769801));
#4291=CARTESIAN_POINT('',(5.82036559947209,44.0781625379513,22.6503504567311));
#4292=CARTESIAN_POINT('',(5.8464256702343,44.0521024671893,22.6530770844161));
#4293=CARTESIAN_POINT('',(5.89854562728818,43.9999825101353,22.6585303204871));
#4294=CARTESIAN_POINT('',(5.95065649685919,43.9478716405643,22.6641597955581));
#4295=CARTESIAN_POINT('',(6.00276137704705,43.8957667603773,22.6698979880031));
#4296=CARTESIAN_POINT('',(6.05486626876462,43.8436618686593,22.6756361817181));
#4297=CARTESIAN_POINT('',(6.10696519930891,43.7915629381153,22.6814843388871));
#4298=CARTESIAN_POINT('',(6.15905968138186,43.7394684560423,22.6874038961701));
#4299=CARTESIAN_POINT('',(6.21115418876965,43.6873739486543,22.6933234563311));
#4300=CARTESIAN_POINT('',(6.26324460127897,43.6352835361453,22.6993150815351));
#4301=CARTESIAN_POINT('',(6.31533218362456,43.5831959537993,22.7053557236841));
#4302=CARTESIAN_POINT('',(6.36741976726817,43.5311083701553,22.7113963659841));
#4303=CARTESIAN_POINT('',(6.41950451272102,43.4790236247033,22.7174863462511));
#4304=CARTESIAN_POINT('',(6.47158720227103,43.4269409351533,22.7236112095991));
#4305=CARTESIAN_POINT('',(6.5236698926104,43.3748582448133,22.7297360730391));
#4306=CARTESIAN_POINT('',(6.57575051640683,43.3227776210173,22.7358959910371));
#4307=CARTESIAN_POINT('',(6.62782956285451,43.2706985745693,22.7420815127591));
#4308=CARTESIAN_POINT('',(6.73198767067722,43.1665404667463,22.7544525579741));
#4309=CARTESIAN_POINT('',(6.83613976916215,43.0623883682613,22.7669244463841));
#4310=CARTESIAN_POINT('',(6.94028839510036,42.9582397423233,22.7794540188941));
#4311=CARTESIAN_POINT('',(7.0444370244896,42.8540911129343,22.7919835918201));
#4312=CARTESIAN_POINT('',(7.14858213102243,42.7499460063933,22.8045719845061));
#4313=CARTESIAN_POINT('',(7.25272503777777,42.6458030996373,22.8171970050031));
#4314=CARTESIAN_POINT('',(4.75000000000001,44.3000000000003,22.5547310144271));
#4315=CARTESIAN_POINT('',(4.75000000000001,47.0475049773373,22.7951065529251));
#4316=VECTOR('',#5118,2.758);
#4317=CARTESIAN_POINT('',(4.75000000000001,43.4514718625763,22.6289676071351));
#4318=CARTESIAN_POINT('',(4.75000000000001,41.552495022663,22.7951065529251));
#4319=VECTOR('',#5119,2.758);
#4320=CARTESIAN_POINT('',(6.40419690037005,41.7972749622064,22.8171970050051));
#4321=CARTESIAN_POINT('',(6.33530094187061,41.8661709207058,22.8088448962031));
#4322=CARTESIAN_POINT('',(6.2664039987954,41.9350678637808,22.8005090967891));
#4323=CARTESIAN_POINT('',(6.19750572574496,42.0039661368312,22.7921953669541));
#4324=CARTESIAN_POINT('',(6.12860745301689,42.0728644095593,22.7838816371581));
#4325=CARTESIAN_POINT('',(6.05970785524791,42.1417640073283,22.7755898753721));
#4326=CARTESIAN_POINT('',(5.99080641310388,42.2106654494723,22.7673288163691));
#4327=CARTESIAN_POINT('',(5.9219049740295,42.2795668885463,22.7590677577331));
#4328=CARTESIAN_POINT('',(5.85300165039548,42.3484702121803,22.7508372036081));
#4329=CARTESIAN_POINT('',(5.78409569957922,42.4173761629973,22.7426510107921));
#4330=CARTESIAN_POINT('',(5.71518974924742,42.4862821133293,22.7344648180341));
#4331=CARTESIAN_POINT('',(5.64628118841743,42.5551906741593,22.7263225977661));
#4332=CARTESIAN_POINT('',(5.5773687144743,42.6241031481023,22.7182475196001));
#4333=CARTESIAN_POINT('',(5.50845623059612,42.6930156319803,22.7101724402701));
#4334=CARTESIAN_POINT('',(5.43953993236315,42.7619319302133,22.7021636652971));
#4335=CARTESIAN_POINT('',(5.37061725180528,42.8308546107713,22.6942625131201));
#4336=CARTESIAN_POINT('',(5.3361559208868,42.8653159416893,22.6903119381051));
#4337=CARTESIAN_POINT('',(5.30169301232272,42.8997788502533,22.6863886185581));
#4338=CARTESIAN_POINT('',(5.26722811701555,42.9342437455603,22.6825008638061));
#4339=CARTESIAN_POINT('',(5.23276322198835,42.9687086405883,22.6786131090861));
#4340=CARTESIAN_POINT('',(5.19829634119926,43.0031755213773,22.6747608247811));
#4341=CARTESIAN_POINT('',(5.16382687126284,43.0376449913133,22.6709557722101));
#4342=CARTESIAN_POINT('',(5.12935735112243,43.0721145114533,22.6671507140981));
#4343=CARTESIAN_POINT('',(5.09488549667457,43.1065863659013,22.6633927658531));
#4344=CARTESIAN_POINT('',(5.06040958287254,43.1410622797033,22.6596988449671));
#4345=CARTESIAN_POINT('',(5.02593370870221,43.1755381538743,22.6560049283291));
#4346=CARTESIAN_POINT('',(4.99145408353898,43.2100177790373,22.6523748402121));
#4347=CARTESIAN_POINT('',(4.9569700160013,43.2445018465753,22.6488337224711));
#4348=CARTESIAN_POINT('',(4.92248595036648,43.2789859122093,22.6452926049251));
#4349=CARTESIAN_POINT('',(4.88799741266647,43.3134744499093,22.6418401065591));
#4350=CARTESIAN_POINT('',(4.85350302279742,43.3479688397783,22.6385137420411));
#4351=CARTESIAN_POINT('',(4.81900864780656,43.3824632147693,22.6351873789571));
#4352=CARTESIAN_POINT('',(4.78450832712627,43.4169635354503,22.6319866945551));
#4353=CARTESIAN_POINT('',(4.75000000000001,43.4514718625763,22.6289676071351));
#4354=COLOUR_RGB('',0.823529481887817,0.823529481887817,0.784313797950745);
#4355=CARTESIAN_POINT('',(6.40419690037074,41.7972749622054,24.0547310144271));
#4356=CARTESIAN_POINT('',(105.94342935746,-57.7419574948837,24.0547310144271));
#4357=VECTOR('',#5120,1.0);
#4358=AXIS2_PLACEMENT_3D('',#5121,#5122,#5123);
#4359=COLOUR_RGB('',0.823529481887817,0.823529481887817,0.784313797950745);
#4360=CARTESIAN_POINT('',(6.40419690037074,41.7972749622054,22.0000000000001));
#4361=VECTOR('',#5124,1.0);
#4362=CARTESIAN_POINT('',(4.75000000000001,43.4514718625763,22.6289676071351));
#4363=CARTESIAN_POINT('',(4.72391842170408,43.4775534408723,22.6266857647071));
#4364=CARTESIAN_POINT('',(4.69782840456649,43.5036434580103,22.6245076849291));
#4365=CARTESIAN_POINT('',(4.67173166303458,43.5297401995423,22.6224670233781));
#4366=CARTESIAN_POINT('',(4.64563491930725,43.5558369432693,22.6204263616561));
#4367=CARTESIAN_POINT('',(4.6195313889907,43.5819404735913,22.6185231729781));
#4368=CARTESIAN_POINT('',(4.59342237156708,43.6080494910153,22.6167994002331));
#4369=CARTESIAN_POINT('',(4.56731335082704,43.6341585117553,22.6150756272681));
#4370=CARTESIAN_POINT('',(4.54119877895228,43.6602730836263,22.6135316429141));
#4371=CARTESIAN_POINT('',(4.51507981890296,43.6863920436753,22.6122146094491));
#4372=CARTESIAN_POINT('',(4.48896084361852,43.7125110189603,22.6108975752161));
#4373=CARTESIAN_POINT('',(4.46283751224373,43.7386343503323,22.6098083026011));
#4374=CARTESIAN_POINT('',(4.43671112127944,43.7647607412963,22.6089902806401));
#4375=CARTESIAN_POINT('',(4.41058468926231,43.7908871733143,22.6081722573941));
#4376=CARTESIAN_POINT('',(4.38445546046326,43.8170164021133,22.6076264556691));
#4377=CARTESIAN_POINT('',(4.35832457863917,43.8431472839373,22.6073788426361));
#4378=CARTESIAN_POINT('',(4.33219363485845,43.8692782277173,22.6071312290161));
#4379=CARTESIAN_POINT('',(4.30606244357535,43.8954094190013,22.6071822151881));
#4380=CARTESIAN_POINT('',(4.27993167418443,43.9215401883913,22.6075292493251));
#4381=CARTESIAN_POINT('',(4.25380095773735,43.9476709048393,22.6078762827591));
#4382=CARTESIAN_POINT('',(4.22767111831961,43.9738007442733,22.6085188201511));
#4383=CARTESIAN_POINT('',(4.20154367721598,43.9999281853763,22.6094269951331));
#4384=CARTESIAN_POINT('',(4.17541626447125,44.0260555981213,22.6103351691281));
#4385=CARTESIAN_POINT('',(4.14929146161388,44.0521804009623,22.6115079910341));
#4386=CARTESIAN_POINT('',(4.12317061519972,44.0783012473763,22.6129004770431));
#4387=CARTESIAN_POINT('',(4.09704977547836,44.1044220870983,22.6142929626951));
#4388=CARTESIAN_POINT('',(4.07093289477861,44.1305389677973,22.6159043706531));
#4389=CARTESIAN_POINT('',(4.04482105889903,44.1566508036773,22.6176879886791));
#4390=CARTESIAN_POINT('',(4.01870922201689,44.1827626405593,22.6194716067731));
#4391=CARTESIAN_POINT('',(3.99260235743506,44.2088695051413,22.6214271291131));
#4392=CARTESIAN_POINT('',(3.96650164283356,44.2349702197423,22.6235139400151));
#4393=CARTESIAN_POINT('',(3.94040092914067,44.2610709334353,22.6256007508451));
#4394=CARTESIAN_POINT('',(3.91430630241116,44.2871655601663,22.6278188300361));
#4395=CARTESIAN_POINT('',(3.88821934254384,44.3132525200333,22.6301359668871));
#4396=CARTESIAN_POINT('',(3.86213207193086,44.3393397906463,22.6324531313391));
#4397=CARTESIAN_POINT('',(3.83605378446733,44.3654180781093,22.6348693204821));
#4398=CARTESIAN_POINT('',(3.8099827234056,44.3914891391703,22.6373604673231));
#4399=CARTESIAN_POINT('',(3.78391072708168,44.4175611354943,22.6398517035291));
#4400=CARTESIAN_POINT('',(3.75784233172324,44.4436295308533,22.6424183668901));
#4401=CARTESIAN_POINT('',(3.73177678569148,44.4696950768843,22.6450426650811));
#4402=CARTESIAN_POINT('',(3.70571123687446,44.4957606257013,22.6476669635541));
#4403=CARTESIAN_POINT('',(3.67964852630474,44.5218233362713,22.6503489946851));
#4404=CARTESIAN_POINT('',(3.65358809596344,44.5478837666123,22.6530756440831));
#4405=CARTESIAN_POINT('',(3.60146725933026,44.6000046032463,22.6585289403621));
#4406=CARTESIAN_POINT('',(3.54935531874873,44.6521165438273,22.6641585107021));
#4407=CARTESIAN_POINT('',(3.49725000046559,44.7042218621103,22.6698967350211));
#4408=CARTESIAN_POINT('',(3.44514477907513,44.7563270835013,22.6756349486711));
#4409=CARTESIAN_POINT('',(3.39304575400114,44.8084261085753,22.6814831040251));
#4410=CARTESIAN_POINT('',(3.34095070676081,44.8605211558153,22.6874027157551));
#4411=CARTESIAN_POINT('',(3.28885567124038,44.9126161913353,22.6933223261521));
#4412=CARTESIAN_POINT('',(3.23676468992933,44.9647071726463,22.6993140096611));
#4413=CARTESIAN_POINT('',(3.18467658349564,45.0167952790803,22.7053547069531));
#4414=CARTESIAN_POINT('',(3.13258846320524,45.0688833993703,22.7113954058511));
#4415=CARTESIAN_POINT('',(3.08050330216511,45.1209685604113,22.7174854305951));
#4416=CARTESIAN_POINT('',(3.02842017228737,45.1730516902893,22.7236103423611));
#4417=CARTESIAN_POINT('',(2.97633704359684,45.2251348189793,22.7297352539871));
#4418=CARTESIAN_POINT('',(2.92425597240622,45.2772158901703,22.7358952223461));
#4419=CARTESIAN_POINT('',(2.87217641536749,45.3292954472093,22.7420808027141));
#4420=CARTESIAN_POINT('',(2.76801730438678,45.4334545581893,22.7544519630821));
#4421=CARTESIAN_POINT('',(2.66386413572459,45.5376077268513,22.7669239777271));
#4422=CARTESIAN_POINT('',(2.55971449517716,45.6417573673993,22.7794536711801));
#4423=CARTESIAN_POINT('',(2.45556486026582,45.7459070023103,22.7919833639561));
#4424=CARTESIAN_POINT('',(2.35141880903008,45.8500530535463,22.8045718705461));
#4425=CARTESIAN_POINT('',(2.24727496220532,45.9541969003713,22.8171970050051));
#4426=COLOUR_RGB('',0.823529481887817,0.823529481887817,0.784313797950745);
#4427=CARTESIAN_POINT('',(7.25272503779459,42.6458030996293,24.0547310144271));
#4428=CARTESIAN_POINT('',(0.0,49.8985281374243,24.0547310144271));
#4429=VECTOR('',#5125,1.0);
#4430=CARTESIAN_POINT('',(3.09580309962927,46.8027250377943,22.8171970050051));
#4431=CARTESIAN_POINT('',(3.16469871543236,46.7338294219913,22.8088449377471));
#4432=CARTESIAN_POINT('',(3.23359533776217,46.6649327996613,22.8005091770581));
#4433=CARTESIAN_POINT('',(3.302493289402,46.5960348480223,22.7921954857931));
#4434=CARTESIAN_POINT('',(3.37139124109521,46.5271368963283,22.7838817945211));
#4435=CARTESIAN_POINT('',(3.44029051686062,46.4582376205633,22.7755900711451));
#4436=CARTESIAN_POINT('',(3.50919162283699,46.3893365145873,22.7673290518531));
#4437=CARTESIAN_POINT('',(3.57809272848542,46.3204354089383,22.7590680326001));
#4438=CARTESIAN_POINT('',(3.64699565582532,46.2515324815983,22.7508375249871));
#4439=CARTESIAN_POINT('',(3.71590121468132,46.1826269227423,22.7426513773861));
#4440=CARTESIAN_POINT('',(3.78480677082606,46.1137213665983,22.7344652301071));
#4441=CARTESIAN_POINT('',(3.85371493386078,46.0448132035633,22.7263230549181));
#4442=CARTESIAN_POINT('',(3.92262712702575,45.9759010103983,22.7182480068881));
#4443=CARTESIAN_POINT('',(3.99153929945619,45.9069888379683,22.7101729612881));
#4444=CARTESIAN_POINT('',(4.06045538963657,45.8380727477873,22.7021642070841));
#4445=CARTESIAN_POINT('',(4.12937759680183,45.7691505406223,22.6942631036621));
#4446=CARTESIAN_POINT('',(4.16383870405763,45.7346894333663,22.6903125515311));
#4447=CARTESIAN_POINT('',(4.19830136208085,45.7002267753433,22.6863892572191));
#4448=CARTESIAN_POINT('',(4.23276603674333,45.6657621006803,22.6825015232821));
#4449=CARTESIAN_POINT('',(4.26723072910919,45.6312974083143,22.6786137873481));
#4450=CARTESIAN_POINT('',(4.3016975677435,45.5968305696803,22.6747615028331));
#4451=CARTESIAN_POINT('',(4.33616701071623,45.5623611267073,22.6709564475741));
#4452=CARTESIAN_POINT('',(4.37063645383277,45.5278916835913,22.6671513922981));
#4453=CARTESIAN_POINT('',(4.40510850007933,45.4934196373443,22.6633934172441));
#4454=CARTESIAN_POINT('',(4.43958391748814,45.4589442199353,22.6596995413721));
#4455=CARTESIAN_POINT('',(4.47405933144638,45.4244688059773,22.6560056658701));
#4456=CARTESIAN_POINT('',(4.50853812728379,45.3899900101403,22.6523756549301));
#4457=CARTESIAN_POINT('',(4.5430214714443,45.3555066659793,22.6488345966121));
#4458=CARTESIAN_POINT('',(4.57750437452544,45.3210237628983,22.6452935835881));
#4459=CARTESIAN_POINT('',(4.61199368887566,45.2865344485483,22.6418409814041));
#4460=CARTESIAN_POINT('',(4.64649020881916,45.2520379286043,22.6385143947311));
#4461=CARTESIAN_POINT('',(4.68098660663273,45.2175415307913,22.6351878198361));
#4462=CARTESIAN_POINT('',(4.71548972566847,45.1830384117523,22.6319868649141));
#4463=CARTESIAN_POINT('',(4.75000000000001,45.1485281374213,22.6289676071341));
#4464=CARTESIAN_POINT('',(7.2527250377946,42.6458030996293,22.0000000000001));
#4465=VECTOR('',#5126,1.0);
#4466=COLOUR_RGB('',0.823529481887817,0.823529481887817,0.784313797950745);
#4467=AXIS2_PLACEMENT_3D('',#5127,#5128,#5129);
#4468=COLOUR_RGB('',0.560784339904785,0.588235318660736,0.600000023841858);
#4469=CARTESIAN_POINT('',(4.75000000000001,38.0999999999997,22.0547310144271));
#4470=CARTESIAN_POINT('',(3.09580309962949,37.6027250377944,22.0547310144271));
#4471=AXIS2_PLACEMENT_3D('',#5130,#5131,#5132);
#4472=CARTESIAN_POINT('',(4.75000000000001,38.0999999999997,22.0000000000001));
#4473=VECTOR('',#5133,1.0);
#4474=CARTESIAN_POINT('',(4.75000000000001,32.1000000000003,22.0547310144271));
#4475=CARTESIAN_POINT('',(4.75000000000001,32.1000000000003,22.0000000000001));
#4476=VECTOR('',#5134,1.0);
#4477=CARTESIAN_POINT('',(2.24727496220565,36.7541969003705,22.0547310144271));
#4478=AXIS2_PLACEMENT_3D('',#5135,#5136,#5137);
#4479=CARTESIAN_POINT('',(2.24727496220566,36.7541969003705,20.8171970050051));
#4480=CARTESIAN_POINT('',(2.24727496220566,36.7541969003705,22.0000000000001));
#4481=VECTOR('',#5138,1.0);
#4482=CARTESIAN_POINT('',(3.09580309962952,37.6027250377944,20.8171970050051));
#4483=AXIS2_PLACEMENT_3D('',#5139,#5140,#5141);
#4484=CARTESIAN_POINT('',(3.09580309962952,37.6027250377944,22.0000000000001));
#4485=VECTOR('',#5142,1.0);
#4486=COLOUR_RGB('',0.823529481887817,0.823529481887817,0.784313797950745);
#4487=CARTESIAN_POINT('',(6.40419690037051,32.5972749622056,20.8171970050051));
#4488=CARTESIAN_POINT('',(7.25272503779437,33.4458030996295,20.8171970050051));
#4489=AXIS2_PLACEMENT_3D('',#5143,#5144,#5145);
#4490=CARTESIAN_POINT('',(4.75000000000001,35.9485281374209,20.6289676071341));
#4491=CARTESIAN_POINT('',(4.75000000000001,35.9485281374209,20.6289676071341));
#4492=CARTESIAN_POINT('',(4.7760831021993,35.9224450352216,20.6266856313821));
#4493=CARTESIAN_POINT('',(4.80217038907248,35.8963577483502,20.6245077999231));
#4494=CARTESIAN_POINT('',(4.82826250331226,35.8702656341104,20.6224674795491));
#4495=CARTESIAN_POINT('',(4.85435461179573,35.844173525627,20.6204271596251));
#4496=CARTESIAN_POINT('',(4.88045162130664,35.8180765161172,20.6185244018161));
#4497=CARTESIAN_POINT('',(4.90655437091543,35.7919737665084,20.6168009357921));
#4498=CARTESIAN_POINT('',(4.93265745676006,35.7658706806638,20.6150774475671));
#4499=CARTESIAN_POINT('',(4.95876476067044,35.7397633767534,20.6135337037001));
#4500=CARTESIAN_POINT('',(4.9848818814731,35.7136462559508,20.6122165408491));
#4501=CARTESIAN_POINT('',(5.01099895809515,35.6875291793287,20.6108993802261));
#4502=CARTESIAN_POINT('',(5.03712523854072,35.6614028988832,20.6098096764381));
#4503=CARTESIAN_POINT('',(5.06325881905925,35.6352693183646,20.6089912219331));
#4504=CARTESIAN_POINT('',(5.08939236756488,35.609135769859,20.6081727684301));
#4505=CARTESIAN_POINT('',(5.11553294611883,35.5829951913051,20.6076265551811));
#4506=CARTESIAN_POINT('',(5.14167679036739,35.5568513470565,20.6073788296641));
#4507=CARTESIAN_POINT('',(5.16782062344464,35.5307075139792,20.6071311042521));
#4508=CARTESIAN_POINT('',(5.19396726383957,35.5045608735843,20.6071822813711));
#4509=CARTESIAN_POINT('',(5.22011218317602,35.4784159542479,20.6075298320561));
#4510=CARTESIAN_POINT('',(5.24625709675491,35.452271040669,20.6078773826651));
#4511=CARTESIAN_POINT('',(5.27239986224195,35.4261282751819,20.6085207486211));
#4512=CARTESIAN_POINT('',(5.29853641421099,35.3999917232128,20.6094297798931));
#4513=CARTESIAN_POINT('',(5.32467297617061,35.3738551612532,20.6103388115141));
#4514=CARTESIAN_POINT('',(5.3508031172843,35.3477250201396,20.6115125042981));
#4515=CARTESIAN_POINT('',(5.37692400698797,35.3216041304359,20.6129055222521));
#4516=CARTESIAN_POINT('',(5.40304492826344,35.2954832091604,20.6142985418901));
#4517=CARTESIAN_POINT('',(5.42915659354561,35.2693715438783,20.6159101372881));
#4518=CARTESIAN_POINT('',(5.45525749412946,35.2432706432944,20.6176933549121));
#4519=CARTESIAN_POINT('',(5.48135829263354,35.2171698447903,20.6194765655621));
#4520=CARTESIAN_POINT('',(5.50745308732687,35.191075050097,20.6214314117171));
#4521=CARTESIAN_POINT('',(5.53354284907225,35.1649852883516,20.6235174973711));
#4522=CARTESIAN_POINT('',(5.5596326181786,35.1388955192453,20.6256035836151));
#4523=CARTESIAN_POINT('',(5.58571742010523,35.1128107173185,20.6278208924881));
#4524=CARTESIAN_POINT('',(5.61179807074932,35.0867300666744,20.6301375136121));
#4525=CARTESIAN_POINT('',(5.63787872346906,35.0606494139546,20.6324541349211));
#4526=CARTESIAN_POINT('',(5.66395526750316,35.0345728699207,20.6348701641821));
#4527=CARTESIAN_POINT('',(5.69002817171667,35.0084999657072,20.6373615083801));
#4528=CARTESIAN_POINT('',(5.7161010746898,34.982427062734,20.6398528524591));
#4529=CARTESIAN_POINT('',(5.74217035568901,34.9563577817349,20.6424196250251));
#4530=CARTESIAN_POINT('',(5.76823610882457,34.9302920285993,20.6450439633161));
#4531=CARTESIAN_POINT('',(5.79430185281434,34.9042262846095,20.6476683006851));
#4532=CARTESIAN_POINT('',(5.8203638826903,34.8781642547336,20.6503502790501));
#4533=CARTESIAN_POINT('',(5.84642398816451,34.8521041492594,20.6530769084241));
#4534=CARTESIAN_POINT('',(5.89854400525558,34.7999841321683,20.6585301468881));
#4535=CARTESIAN_POINT('',(5.95065492862273,34.7478732088011,20.6641596250261));
#4536=CARTESIAN_POINT('',(6.00275986558464,34.6957682718392,20.6698978215491));
#4537=CARTESIAN_POINT('',(6.05486481378093,34.6436633236429,20.6756360193091));
#4538=CARTESIAN_POINT('',(6.1069638061989,34.591564331225,20.6814841818251));
#4539=CARTESIAN_POINT('',(6.15905836467431,34.5394697727496,20.6874037465511));
#4540=CARTESIAN_POINT('',(6.21115293494154,34.4873752024823,20.6933233126181));
#4541=CARTESIAN_POINT('',(6.26324340938685,34.435284728037,20.6993149440371));
#4542=CARTESIAN_POINT('',(6.31533105328354,34.3831970841403,20.7053555925971));
#4543=CARTESIAN_POINT('',(6.36741869852858,34.3311094388953,20.7113962413151));
#4544=CARTESIAN_POINT('',(6.41950350522189,34.2790246322021,20.7174862282011));
#4545=CARTESIAN_POINT('',(6.4715862570013,34.2269418804227,20.7236110984361));
#4546=CARTESIAN_POINT('',(6.52366900924376,34.1748591281803,20.7297359687251));
#4547=CARTESIAN_POINT('',(6.57574969751038,34.1227784399135,20.7358958940281));
#4548=CARTESIAN_POINT('',(6.62782880832846,34.0706993290954,20.7420814231421));
#4549=CARTESIAN_POINT('',(6.73198704216844,33.9665410952554,20.7544524828211));
#4550=CARTESIAN_POINT('',(6.83613926669461,33.862388870729,20.7669243860811));
#4551=CARTESIAN_POINT('',(6.94028801847395,33.7582401189496,20.7794539735841));
#4552=CARTESIAN_POINT('',(7.04443677369833,33.6540913637253,20.7919835615031));
#4553=CARTESIAN_POINT('',(7.1485820058592,33.5499461315572,20.8045719693331));
#4554=CARTESIAN_POINT('',(7.25272503777947,33.4458030996369,20.8171970050031));
#4555=CARTESIAN_POINT('',(4.75000000000001,35.1,20.5547310144271));
#4556=CARTESIAN_POINT('',(4.75000000000001,37.847504977337,20.7951065529251));
#4557=VECTOR('',#5146,2.758);
#4558=CARTESIAN_POINT('',(4.75000000000001,34.2514718625761,20.6289676071351));
#4559=CARTESIAN_POINT('',(4.75000000000001,32.352495022663,20.7951065529251));
#4560=VECTOR('',#5147,2.758);
#4561=CARTESIAN_POINT('',(6.40419690037013,32.5972749622063,20.8171970050051));
#4562=CARTESIAN_POINT('',(6.33530094189799,32.6661709206784,20.8088448962061));
#4563=CARTESIAN_POINT('',(6.26640399877509,32.7350678638011,20.8005090967861));
#4564=CARTESIAN_POINT('',(6.19750572574503,32.8039661368311,20.7921953669541));
#4565=CARTESIAN_POINT('',(6.12860745300637,32.8728644095698,20.7838816371561));
#4566=CARTESIAN_POINT('',(6.05970785523737,32.9417640073388,20.7755898753701));
#4567=CARTESIAN_POINT('',(5.99080641310394,33.0106654494722,20.7673288163691));
#4568=CARTESIAN_POINT('',(5.92190497402953,33.0795668885466,20.7590677577331));
#4569=CARTESIAN_POINT('',(5.85300165039555,33.1484702121807,20.7508372036081));
#4570=CARTESIAN_POINT('',(5.78409569957926,33.2173761629969,20.7426510107921));
#4571=CARTESIAN_POINT('',(5.71518974924739,33.2862821133288,20.7344648180341));
#4572=CARTESIAN_POINT('',(5.6462811884175,33.3551906741587,20.7263225977661));
#4573=CARTESIAN_POINT('',(5.57736871447432,33.4241031481019,20.7182475196001));
#4574=CARTESIAN_POINT('',(5.50845623059609,33.4930156319801,20.7101724402701));
#4575=CARTESIAN_POINT('',(5.43953993236319,33.561931930213,20.7021636652971));
#4576=CARTESIAN_POINT('',(5.3706172518053,33.6308546107708,20.6942625131201));
#4577=CARTESIAN_POINT('',(5.33615592089628,33.6653159416799,20.6903119381061));
#4578=CARTESIAN_POINT('',(5.30169301233217,33.699778850244,20.6863886185591));
#4579=CARTESIAN_POINT('',(5.26722811701556,33.7342437455606,20.6825008638061));
#4580=CARTESIAN_POINT('',(5.2327632219884,33.7687086405878,20.6786131090861));
#4581=CARTESIAN_POINT('',(5.19829634119923,33.8031755213769,20.6747608247811));
#4582=CARTESIAN_POINT('',(5.16382687126287,33.8376449913133,20.6709557722101));
#4583=CARTESIAN_POINT('',(5.12935735112244,33.8721145114537,20.6671507140981));
#4584=CARTESIAN_POINT('',(5.09488549667462,33.9065863659015,20.6633927658531));
#4585=CARTESIAN_POINT('',(5.06040958287255,33.9410622797036,20.6596988449671));
#4586=CARTESIAN_POINT('',(5.025933708709,33.9755381538672,20.6560049283291));
#4587=CARTESIAN_POINT('',(4.99145408354582,34.0100177790303,20.6523748402131));
#4588=CARTESIAN_POINT('',(4.95697001600131,34.0445018465749,20.6488337224711));
#4589=CARTESIAN_POINT('',(4.92248595037562,34.0789859122005,20.6452926049261));
#4590=CARTESIAN_POINT('',(4.88799741267558,34.1134744499006,20.6418401065601));
#4591=CARTESIAN_POINT('',(4.85350302279742,34.1479688397787,20.6385137420411));
#4592=CARTESIAN_POINT('',(4.81900864777347,34.1824632148027,20.6351873789541));
#4593=CARTESIAN_POINT('',(4.78450832709305,34.2169635354831,20.6319866945531));
#4594=CARTESIAN_POINT('',(4.75000000000001,34.2514718625761,20.6289676071351));
#4595=COLOUR_RGB('',0.823529481887817,0.823529481887817,0.784313797950745);
#4596=CARTESIAN_POINT('',(6.40419690037049,32.5972749622057,22.0547310144271));
#4597=CARTESIAN_POINT('',(96.7434293574598,-57.7419574948837,22.0547310144271));
#4598=VECTOR('',#5148,1.0);
#4599=AXIS2_PLACEMENT_3D('',#5149,#5150,#5151);
#4600=COLOUR_RGB('',0.823529481887817,0.823529481887817,0.784313797950745);
#4601=CARTESIAN_POINT('',(6.40419690037051,32.5972749622056,22.0000000000001));
#4602=VECTOR('',#5152,1.0);
#4603=CARTESIAN_POINT('',(4.75000000000001,34.2514718625761,20.6289676071351));
#4604=CARTESIAN_POINT('',(4.7239184217041,34.277553440872,20.6266857647071));
#4605=CARTESIAN_POINT('',(4.69782840456644,34.3036434580101,20.6245076849291));
#4606=CARTESIAN_POINT('',(4.67173166303458,34.3297401995419,20.6224670233781));
#4607=CARTESIAN_POINT('',(4.64563491930726,34.3558369432693,20.6204263616561));
#4608=CARTESIAN_POINT('',(4.6195313889907,34.3819404735913,20.6185231729781));
#4609=CARTESIAN_POINT('',(4.59342237156707,34.4080494910149,20.6167994002331));
#4610=CARTESIAN_POINT('',(4.56731335083032,34.4341585117517,20.6150756272681));
#4611=CARTESIAN_POINT('',(4.54119877895557,34.460273083623,20.6135316429141));
#4612=CARTESIAN_POINT('',(4.51507981890295,34.4863920436756,20.6122146094491));
#4613=CARTESIAN_POINT('',(4.48896084361857,34.51251101896,20.6108975752161));
#4614=CARTESIAN_POINT('',(4.4628375122437,34.5386343503325,20.6098083026011));
#4615=CARTESIAN_POINT('',(4.43671112127944,34.5647607412967,20.6089902806401));
#4616=CARTESIAN_POINT('',(4.41058468928515,34.590887173291,20.6081722573951));
#4617=CARTESIAN_POINT('',(4.38445546048613,34.61701640209,20.6076264556691));
#4618=CARTESIAN_POINT('',(4.35832457863917,34.643147283937,20.6073788426361));
#4619=CARTESIAN_POINT('',(4.3321936348584,34.6692782277177,20.6071312290161));
#4620=CARTESIAN_POINT('',(4.30606244357535,34.6954094190008,20.6071822151881));
#4621=CARTESIAN_POINT('',(4.27993167418444,34.7215401883917,20.6075292493251));
#4622=CARTESIAN_POINT('',(4.2538009577373,34.7476709048389,20.6078762827591));
#4623=CARTESIAN_POINT('',(4.22767111831967,34.773800744273,20.6085188201511));
#4624=CARTESIAN_POINT('',(4.20154367721598,34.7999281853767,20.6094269951331));
#4625=CARTESIAN_POINT('',(4.17541626445869,34.8260555981339,20.6103351691291));
#4626=CARTESIAN_POINT('',(4.14929146160128,34.8521804009749,20.6115079910351));
#4627=CARTESIAN_POINT('',(4.12317061519972,34.8783012473764,20.6129004770431));
#4628=CARTESIAN_POINT('',(4.09704977547284,34.9044220871033,20.6142929626961));
#4629=CARTESIAN_POINT('',(4.07093289477299,34.9305389678032,20.6159043706531));
#4630=CARTESIAN_POINT('',(4.04482105889904,34.9566508036771,20.6176879886791));
#4631=CARTESIAN_POINT('',(4.0187092220169,34.9827626405593,20.6194716067731));
#4632=CARTESIAN_POINT('',(3.99260235743504,35.0088695051411,20.6214271291131));
#4633=CARTESIAN_POINT('',(3.96650164283355,35.0349702197426,20.6235139400151));
#4634=CARTESIAN_POINT('',(3.94040092914063,35.0610709334355,20.6256007508451));
#4635=CARTESIAN_POINT('',(3.9143063024112,35.087165560166,20.6278188300361));
#4636=CARTESIAN_POINT('',(3.88821934254385,35.1132525200333,20.6301359668871));
#4637=CARTESIAN_POINT('',(3.86213207193086,35.1393397906463,20.6324531313391));
#4638=CARTESIAN_POINT('',(3.83605378446734,35.1654180781088,20.6348693204821));
#4639=CARTESIAN_POINT('',(3.80998272340562,35.1914891391705,20.6373604673231));
#4640=CARTESIAN_POINT('',(3.78391072708164,35.2175611354945,20.6398517035291));
#4641=CARTESIAN_POINT('',(3.75784233172329,35.2436295308529,20.6424183668901));
#4642=CARTESIAN_POINT('',(3.7317767856915,35.2696950768847,20.6450426650811));
#4643=CARTESIAN_POINT('',(3.70571123687443,35.2957606257017,20.6476669635541));
#4644=CARTESIAN_POINT('',(3.67964852630478,35.3218233362714,20.6503489946851));
#4645=CARTESIAN_POINT('',(3.65358809596346,35.3478837666127,20.6530756440831));
#4646=CARTESIAN_POINT('',(3.60146725937818,35.400004603198,20.6585289403571));
#4647=CARTESIAN_POINT('',(3.54935531879653,35.4521165437795,20.6641585106961));
#4648=CARTESIAN_POINT('',(3.49725000046563,35.5042218621104,20.6698967350211));
#4649=CARTESIAN_POINT('',(3.4451447790609,35.5563270835151,20.6756349486721));
#4650=CARTESIAN_POINT('',(3.39304575398683,35.6084261085893,20.6814831040271));
#4651=CARTESIAN_POINT('',(3.34095070676083,35.6605211558153,20.6874027157551));
#4652=CARTESIAN_POINT('',(3.28885567126357,35.7126161913126,20.6933223261491));
#4653=CARTESIAN_POINT('',(3.23676468995245,35.7647071726234,20.6993140096591));
#4654=CARTESIAN_POINT('',(3.18467658349567,35.8167952790802,20.7053547069531));
#4655=CARTESIAN_POINT('',(3.13258846320516,35.8688833993707,20.7113954058511));
#4656=CARTESIAN_POINT('',(3.08050330216522,35.920968560411,20.7174854305951));
#4657=CARTESIAN_POINT('',(3.0284201722874,35.9730516902888,20.7236103423611));
#4658=CARTESIAN_POINT('',(2.97633704359693,36.0251348189792,20.7297352539871));
#4659=CARTESIAN_POINT('',(2.92425597240621,36.0772158901701,20.7358952223461));
#4660=CARTESIAN_POINT('',(2.87217641536755,36.1292954472088,20.7420808027141));
#4661=CARTESIAN_POINT('',(2.76801730438676,36.2334545581896,20.7544519630821));
#4662=CARTESIAN_POINT('',(2.66386413572465,36.3376077268515,20.7669239777271));
#4663=CARTESIAN_POINT('',(2.55971449517721,36.4417573673989,20.7794536711801));
#4664=CARTESIAN_POINT('',(2.4555648602659,36.5459070023103,20.7919833639561));
#4665=CARTESIAN_POINT('',(2.35141880903017,36.650053053546,20.8045718705461));
#4666=CARTESIAN_POINT('',(2.24727496220542,36.7541969003708,20.8171970050051));
#4667=COLOUR_RGB('',0.823529481887817,0.823529481887817,0.784313797950745);
#4668=CARTESIAN_POINT('',(7.25272503779436,33.4458030996295,22.0547310144271));
#4669=CARTESIAN_POINT('',(98.4404856323075,-57.7419574948837,22.0547310144271));
#4670=VECTOR('',#5153,1.0);
#4671=CARTESIAN_POINT('',(3.0958030996294,37.6027250377945,20.8171970050051));
#4672=CARTESIAN_POINT('',(3.16469870457307,37.5338294328508,20.8088449390641));
#4673=CARTESIAN_POINT('',(3.23359531797235,37.4649328194515,20.8005091794521));
#4674=CARTESIAN_POINT('',(3.3024932615568,37.3960348758671,20.7921954891531));
#4675=CARTESIAN_POINT('',(3.37139120519313,37.3271369322308,20.7838817988471));
#4676=CARTESIAN_POINT('',(3.44029047372094,37.2582376637029,20.7755900763321));
#4677=CARTESIAN_POINT('',(3.50919157231725,37.1893365651066,20.7673290579101));
#4678=CARTESIAN_POINT('',(3.5780926706029,37.1204354668209,20.7590680395251));
#4679=CARTESIAN_POINT('',(3.64699559041876,37.0515325470051,20.7508375327901));
#4680=CARTESIAN_POINT('',(3.7159011411158,36.9826269963081,20.7426513861261));
#4681=CARTESIAN_POINT('',(3.78480669155619,36.9137214458677,20.7344652394921));
#4682=CARTESIAN_POINT('',(3.85371483963652,36.8448132977875,20.7263230660281));
#4683=CARTESIAN_POINT('',(3.92262702336311,36.7759011140609,20.7182480190351));
#4684=CARTESIAN_POINT('',(3.99153918709937,36.7069889503246,20.7101729743851));
#4685=CARTESIAN_POINT('',(4.06045527244681,36.6380728649775,20.7021642206501));
#4686=CARTESIAN_POINT('',(4.12937747299047,36.5691506644339,20.6942631178551));
#4687=CARTESIAN_POINT('',(4.16383857611685,36.5346895613075,20.6903125661311));
#4688=CARTESIAN_POINT('',(4.19830123335821,36.5002269040657,20.6863892718351));
#4689=CARTESIAN_POINT('',(4.23276589961394,36.4657622378099,20.6825015387511));
#4690=CARTESIAN_POINT('',(4.26723057602628,36.4312975613976,20.6786138045211));
#4691=CARTESIAN_POINT('',(4.30169741045334,36.3968307269705,20.6747615203421));
#4692=CARTESIAN_POINT('',(4.3361668537191,36.3623612837048,20.6709564649041));
#4693=CARTESIAN_POINT('',(4.370636297184,36.3278918402399,20.6671514094451));
#4694=CARTESIAN_POINT('',(4.40510834817051,36.2934197892534,20.6633934337071));
#4695=CARTESIAN_POINT('',(4.43958376878806,36.2589443686358,20.6596995573041));
#4696=CARTESIAN_POINT('',(4.47405918604048,36.2244689513834,20.6560056812621));
#4697=CARTESIAN_POINT('',(4.50853798360078,36.1899901538231,20.6523756699431));
#4698=CARTESIAN_POINT('',(4.54302132473322,36.1555068126907,20.6488346116801));
#4699=CARTESIAN_POINT('',(4.57750425467839,36.1210238827455,20.6452935956411));
#4700=CARTESIAN_POINT('',(4.6119932422525,36.0865348951713,20.6418410253161));
#4701=CARTESIAN_POINT('',(4.646489868235,36.0520382691888,20.6385144275751));
#4702=CARTESIAN_POINT('',(4.68098629886526,36.0175418385586,20.6351878486721));
#4703=CARTESIAN_POINT('',(4.71548956659514,35.9830385708257,20.6319868788311));
#4704=CARTESIAN_POINT('',(4.75000000000001,35.9485281374209,20.6289676071341));
#4705=CARTESIAN_POINT('',(7.25272503779437,33.4458030996295,22.0000000000001));
#4706=VECTOR('',#5154,1.0);
#4707=COLOUR_RGB('',0.823529481887817,0.823529481887817,0.784313797950745);
#4708=AXIS2_PLACEMENT_3D('',#5155,#5156,#5157);
#4709=COLOUR_RGB('',0.560784339904785,0.588235318660736,0.600000023841858);
#4710=CARTESIAN_POINT('',(5.5,27.0,28.7019237886471));
#4711=VECTOR('',#5158,1.0);
#4712=CARTESIAN_POINT('',(2.60717967697247,27.0,26.8000000000001));
#4713=CARTESIAN_POINT('',(0.0,27.0,26.8000000000001));
#4714=VECTOR('',#5159,1.0);
#4715=CARTESIAN_POINT('',(32.7196384285488,27.0,-85.5812260017049));
#4716=VECTOR('',#5160,1.0);
#4717=COLOUR_RGB('',0.560784339904785,0.588235318660736,0.600000023841858);
#4718=COLOUR_RGB('',0.560784339904785,0.588235318660736,0.600000023841858);
#4719=CARTESIAN_POINT('',(2.60717967697247,24.9,26.8000000000001));
#4720=CARTESIAN_POINT('',(0.0,24.9,26.8000000000001));
#4721=VECTOR('',#5161,1.0);
#4722=CARTESIAN_POINT('',(2.60717967697247,-57.7419574948837,26.8000000000001));
#4723=VECTOR('',#5162,1.0);
#4724=COLOUR_RGB('',0.560784339904785,0.588235318660736,0.600000023841858);
#4725=CARTESIAN_POINT('',(3.46461709275215,24.9,23.6000000000001));
#4726=CARTESIAN_POINT('',(3.46461709275215,31.3,23.6000000000001));
#4727=CARTESIAN_POINT('',(3.46461709275215,-57.7419574948837,23.6000000000001));
#4728=VECTOR('',#5163,1.0);
#4729=CARTESIAN_POINT('',(32.7196384285488,31.3,-85.5812260017049));
#4730=VECTOR('',#5164,1.0);
#4731=CARTESIAN_POINT('',(32.7196384285488,24.9,-85.5812260017049));
#4732=VECTOR('',#5165,1.0);
#4733=COLOUR_RGB('',0.560784339904785,0.588235318660736,0.600000023841858);
#4734=CARTESIAN_POINT('',(0.0,24.9,23.6000000000001));
#4735=VECTOR('',#5166,1.0);
#4736=COLOUR_RGB('',0.560784339904785,0.588235318660736,0.600000023841858);
#4737=CARTESIAN_POINT('',(0.0,31.3,23.6000000000001));
#4738=VECTOR('',#5167,1.0);
#4739=COLOUR_RGB('',0.560784339904785,0.588235318660736,0.600000023841858);
#4740=COLOUR_RGB('',0.560784339904785,0.588235318660736,0.600000023841858);
#4741=COLOUR_RGB('',0.823529481887817,0.823529481887817,0.784313797950745);
#4742=COLOUR_RGB('',0.823529481887817,0.823529481887817,0.784313797950745);
#4743=COLOUR_RGB('',0.560784339904785,0.588235318660736,0.600000023841858);
#4744=COLOUR_RGB('',0.823529481887817,0.823529481887817,0.784313797950745);
#4745=COLOUR_RGB('',0.560784339904785,0.588235318660736,0.600000023841858);
#4746=COLOUR_RGB('',0.560784339904785,0.588235318660736,0.600000023841858);
#4747=DIRECTION('',(-1.0,-0.0,-0.0));
#4748=CARTESIAN_POINT('',(9.5,36.4483873135794,13.0999999999996));
#4749=DIRECTION('',(1.0,0.0,0.0));
#4750=DIRECTION('',(0.0,1.0,0.0));
#4751=DIRECTION('',(-1.0,0.0,0.0));
#4752=CARTESIAN_POINT('',(0.0,36.4483873135794,13.0999999999996));
#4753=DIRECTION('',(1.0,0.0,0.0));
#4754=DIRECTION('',(0.0,1.0,0.0));
#4755=DIRECTION('',(1.0,-0.0,0.0));
#4756=CARTESIAN_POINT('',(0.0,38.6651471931809,13.0999999999996));
#4757=DIRECTION('',(1.0,0.0,0.0));
#4758=DIRECTION('',(0.0,1.0,0.0));
#4759=DIRECTION('',(-1.0,0.0,0.0));
#4760=CARTESIAN_POINT('',(9.5,38.6651471931809,13.0999999999996));
#4761=DIRECTION('',(1.0,0.0,0.0));
#4762=DIRECTION('',(0.0,1.0,0.0));
#4763=DIRECTION('',(0.0,0.0,-1.0));
#4764=CARTESIAN_POINT('',(4.75000000000001,7.1,22.9047310144271));
#4765=DIRECTION('',(0.0,-0.0,1.0));
#4766=DIRECTION('',(1.22464679914735E-16,1.0,0.0));
#4767=DIRECTION('',(0.0,0.0,1.0));
#4768=CARTESIAN_POINT('',(4.75000000000001,7.1,22.0000000000001));
#4769=DIRECTION('',(0.0,-0.0,1.0));
#4770=DIRECTION('',(1.22464679914735E-16,1.0,0.0));
#4771=DIRECTION('',(-0.0,-0.0,1.0));
#4772=CARTESIAN_POINT('',(4.75000000000001,7.1,22.0000000000001));
#4773=DIRECTION('',(0.0,-0.0,1.0));
#4774=DIRECTION('',(1.22464679914735E-16,1.0,0.0));
#4775=DIRECTION('',(0.0,0.0,1.0));
#4776=CARTESIAN_POINT('',(4.75000000000001,7.1,22.9047310144271));
#4777=DIRECTION('',(0.0,-0.0,1.0));
#4778=DIRECTION('',(1.22464679914735E-16,1.0,0.0));
#4779=DIRECTION('',(-1.0,0.0,0.0));
#4780=CARTESIAN_POINT('',(9.5,23.0,9.39999999999989));
#4781=DIRECTION('',(1.0,0.0,0.0));
#4782=DIRECTION('',(0.0,1.0,0.0));
#4783=DIRECTION('',(1.0,0.0,0.0));
#4784=CARTESIAN_POINT('',(0.0,23.0,9.39999999999989));
#4785=DIRECTION('',(1.0,0.0,0.0));
#4786=DIRECTION('',(0.0,1.0,0.0));
#4787=DIRECTION('',(-1.0,0.0,0.0));
#4788=CARTESIAN_POINT('',(9.5,45.4644516971053,6.9522663205191));
#4789=DIRECTION('',(1.0,0.0,0.0));
#4790=DIRECTION('',(0.0,1.0,0.0));
#4791=DIRECTION('',(-1.0,0.0,0.0));
#4792=CARTESIAN_POINT('',(0.0,45.4644516971053,6.9522663205191));
#4793=DIRECTION('',(1.0,0.0,0.0));
#4794=DIRECTION('',(0.0,1.0,0.0));
#4795=DIRECTION('',(0.0,1.0,0.0));
#4796=DIRECTION('',(0.0,0.0,-1.0));
#4797=DIRECTION('',(0.0,-1.0,0.0));
#4798=DIRECTION('',(0.0,0.390773856376637,-0.920486715369935));
#4799=DIRECTION('',(0.0,1.0,0.0));
#4800=DIRECTION('',(0.0,0.0,1.0));
#4801=DIRECTION('',(0.0,0.25881904510253,0.965925826289066));
#4802=DIRECTION('',(0.0,0.0,1.0));
#4803=DIRECTION('',(0.0,1.0,0.0));
#4804=DIRECTION('',(0.0,0.0,1.0));
#4805=DIRECTION('',(0.0,-0.422618261740677,0.906307787036661));
#4806=DIRECTION('',(0.0,0.0,1.0));
#4807=DIRECTION('',(0.0,-1.0,0.0));
#4808=DIRECTION('',(0.0,0.0,1.0));
#4809=CARTESIAN_POINT('',(9.5,0.5,3.49999999999969));
#4810=DIRECTION('',(1.0,0.0,0.0));
#4811=DIRECTION('',(0.0,1.0,0.0));
#4812=DIRECTION('',(0.0,0.0,1.0));
#4813=DIRECTION('',(0.0,-1.0,0.0));
#4814=CARTESIAN_POINT('',(9.5,2.9035438789771,4.95946317944319));
#4815=DIRECTION('',(1.0,0.0,0.0));
#4816=DIRECTION('',(0.0,1.0,0.0));
#4817=DIRECTION('',(0.0,0.0,-1.0));
#4818=DIRECTION('',(0.0,0.988371697650586,-0.152057184254142));
#4819=DIRECTION('',(0.0,0.173648177666903,-0.984807753012213));
#4820=DIRECTION('',(0.0,-0.984807753012194,-0.173648177667011));
#4821=DIRECTION('',(0.0,0.0,-1.0));
#4822=DIRECTION('',(0.0,0.707106781186559,-0.707106781186536));
#4823=DIRECTION('',(0.0,0.0,-1.0));
#4824=CARTESIAN_POINT('',(9.5,12.55,10.9999999999997));
#4825=DIRECTION('',(1.0,0.0,0.0));
#4826=DIRECTION('',(0.0,1.0,0.0));
#4827=DIRECTION('',(0.0,-1.0,0.0));
#4828=DIRECTION('',(0.0,-0.500000000000086,0.866025403784389));
#4829=DIRECTION('',(0.0,-1.0,0.0));
#4830=DIRECTION('',(0.0,-0.500000000000086,-0.866025403784389));
#4831=DIRECTION('',(0.0,-1.0,0.0));
#4832=DIRECTION('',(0.0,0.0,1.0));
#4833=CARTESIAN_POINT('',(9.5,22.1,11.1860571099489));
#4834=DIRECTION('',(1.0,0.0,0.0));
#4835=DIRECTION('',(0.0,1.0,0.0));
#4836=CARTESIAN_POINT('',(9.5,23.0,9.39999999999989));
#4837=DIRECTION('',(1.0,0.0,0.0));
#4838=DIRECTION('',(0.0,1.0,0.0));
#4839=DIRECTION('',(0.0,-0.390731128489236,0.920504853452456));
#4840=DIRECTION('',(0.0,-1.0,0.0));
#4841=DIRECTION('',(0.0,0.0,-1.0));
#4842=DIRECTION('',(0.0,-1.0,0.0));
#4843=CARTESIAN_POINT('',(9.5,36.4483873135794,13.0999999999996));
#4844=DIRECTION('',(1.0,0.0,0.0));
#4845=DIRECTION('',(0.0,1.0,0.0));
#4846=DIRECTION('',(0.0,0.258819045102509,0.965925826289072));
#4847=CARTESIAN_POINT('',(9.5,45.4644516971053,6.9522663205191));
#4848=DIRECTION('',(1.0,0.0,0.0));
#4849=DIRECTION('',(0.0,1.0,0.0));
#4850=CARTESIAN_POINT('',(9.5,35.6071448978151,4.1648856051513));
#4851=DIRECTION('',(1.0,0.0,0.0));
#4852=DIRECTION('',(0.0,1.0,0.0));
#4853=DIRECTION('',(0.0,1.0,0.0));
#4854=DIRECTION('',(0.0,0.0,1.0));
#4855=DIRECTION('',(0.0,-0.96592582628904,0.258819045102625));
#4856=DIRECTION('',(0.0,-0.258819045102362,-0.965925826289111));
#4857=DIRECTION('',(0.0,0.809016994374981,-0.587785252292427));
#4858=DIRECTION('',(0.0,0.12186934340515,-0.992546151641322));
#4859=CARTESIAN_POINT('',(9.5,38.6651471931809,13.0999999999996));
#4860=DIRECTION('',(1.0,0.0,0.0));
#4861=DIRECTION('',(0.0,1.0,0.0));
#4862=DIRECTION('',(0.0,-1.0,0.0));
#4863=DIRECTION('',(0.0,0.0,1.0));
#4864=DIRECTION('',(0.0,-1.0,0.0));
#4865=DIRECTION('',(0.0,0.0,-1.0));
#4866=DIRECTION('',(0.0,-1.0,0.0));
#4867=DIRECTION('',(0.0,0.0,-1.0));
#4868=DIRECTION('',(0.0,1.0,0.0));
#4869=DIRECTION('',(0.0,0.0,1.0));
#4870=DIRECTION('',(0.0,-1.0,0.0));
#4871=DIRECTION('',(0.0,0.0,-1.0));
#4872=DIRECTION('',(0.0,1.0,0.0));
#4873=DIRECTION('',(0.0,0.0,-1.0));
#4874=DIRECTION('',(0.0,-1.0,0.0));
#4875=DIRECTION('',(0.0,0.0,1.0));
#4876=DIRECTION('',(0.0,1.0,0.0));
#4877=DIRECTION('',(0.0,0.0,-1.0));
#4878=DIRECTION('',(0.0,0.25881904510253,-0.965925826289066));
#4879=DIRECTION('',(0.0,0.0,-1.0));
#4880=DIRECTION('',(0.0,1.0,0.0));
#4881=DIRECTION('',(0.0,0.390773856376331,0.920486715370065));
#4882=DIRECTION('',(0.0,1.0,0.0));
#4883=DIRECTION('',(0.0,0.0,-1.0));
#4884=DIRECTION('',(0.0,1.0,0.0));
#4885=DIRECTION('',(0.0,0.0,1.0));
#4886=DIRECTION('',(0.0,-1.0,0.0));
#4887=DIRECTION('',(0.0,0.390773856376331,0.920486715370065));
#4888=DIRECTION('',(0.0,1.0,0.0));
#4889=DIRECTION('',(0.0,0.0,-1.0));
#4890=DIRECTION('',(0.0,0.25881904510253,-0.965925826289066));
#4891=DIRECTION('',(0.0,0.0,-1.0));
#4892=DIRECTION('',(0.0,1.0,0.0));
#4893=DIRECTION('',(0.0,0.0,-1.0));
#4894=DIRECTION('',(0.0,-1.0,0.0));
#4895=DIRECTION('',(0.0,0.0,-1.0));
#4896=DIRECTION('',(0.0,-1.0,0.0));
#4897=DIRECTION('',(0.0,0.0,-1.0));
#4898=DIRECTION('',(0.0,-1.0,0.0));
#4899=DIRECTION('',(0.0,0.0,-1.0));
#4900=DIRECTION('',(0.0,-1.0,0.0));
#4901=DIRECTION('',(0.0,0.0,1.0));
#4902=DIRECTION('',(0.0,-1.0,0.0));
#4903=CARTESIAN_POINT('',(0.0,38.6651471931809,13.0999999999996));
#4904=DIRECTION('',(1.0,0.0,0.0));
#4905=DIRECTION('',(0.0,1.0,0.0));
#4906=DIRECTION('',(0.0,0.12186934340515,-0.992546151641322));
#4907=DIRECTION('',(0.0,0.809016994374981,-0.587785252292427));
#4908=DIRECTION('',(0.0,-0.258819045102362,-0.965925826289111));
#4909=DIRECTION('',(0.0,-0.96592582628904,0.258819045102625));
#4910=DIRECTION('',(0.0,0.0,-1.0));
#4911=DIRECTION('',(0.0,-1.0,0.0));
#4912=CARTESIAN_POINT('',(0.0,35.6071448978151,4.1648856051513));
#4913=DIRECTION('',(1.0,0.0,0.0));
#4914=DIRECTION('',(0.0,1.0,0.0));
#4915=CARTESIAN_POINT('',(0.0,45.4644516971053,6.9522663205191));
#4916=DIRECTION('',(1.0,0.0,0.0));
#4917=DIRECTION('',(0.0,1.0,0.0));
#4918=DIRECTION('',(0.0,0.258819045102509,0.965925826289072));
#4919=CARTESIAN_POINT('',(0.0,36.4483873135794,13.0999999999996));
#4920=DIRECTION('',(1.0,0.0,0.0));
#4921=DIRECTION('',(0.0,1.0,0.0));
#4922=DIRECTION('',(0.0,-1.0,0.0));
#4923=DIRECTION('',(0.0,0.0,-1.0));
#4924=DIRECTION('',(0.0,-1.0,0.0));
#4925=DIRECTION('',(0.0,-0.390731128489236,0.920504853452456));
#4926=CARTESIAN_POINT('',(0.0,23.0,9.39999999999989));
#4927=DIRECTION('',(1.0,0.0,0.0));
#4928=DIRECTION('',(0.0,1.0,0.0));
#4929=CARTESIAN_POINT('',(0.0,22.1,11.1860571099489));
#4930=DIRECTION('',(1.0,0.0,0.0));
#4931=DIRECTION('',(0.0,1.0,0.0));
#4932=DIRECTION('',(0.0,0.0,1.0));
#4933=DIRECTION('',(0.0,-1.0,0.0));
#4934=DIRECTION('',(0.0,-0.500000000000086,-0.866025403784389));
#4935=DIRECTION('',(0.0,-1.0,0.0));
#4936=DIRECTION('',(0.0,-0.500000000000086,0.866025403784389));
#4937=DIRECTION('',(0.0,-1.0,0.0));
#4938=CARTESIAN_POINT('',(0.0,12.55,10.9999999999997));
#4939=DIRECTION('',(1.0,0.0,0.0));
#4940=DIRECTION('',(0.0,1.0,0.0));
#4941=DIRECTION('',(0.0,0.0,-1.0));
#4942=DIRECTION('',(0.0,0.707106781186559,-0.707106781186536));
#4943=DIRECTION('',(0.0,0.0,-1.0));
#4944=DIRECTION('',(0.0,-0.984807753012194,-0.173648177667011));
#4945=DIRECTION('',(0.0,0.173648177666903,-0.984807753012213));
#4946=DIRECTION('',(0.0,0.988371697650586,-0.152057184254142));
#4947=DIRECTION('',(0.0,0.0,-1.0));
#4948=CARTESIAN_POINT('',(0.0,2.9035438789771,4.95946317944319));
#4949=DIRECTION('',(1.0,0.0,0.0));
#4950=DIRECTION('',(0.0,1.0,0.0));
#4951=DIRECTION('',(0.0,-1.0,0.0));
#4952=DIRECTION('',(0.0,0.0,1.0));
#4953=CARTESIAN_POINT('',(0.0,0.5,3.49999999999969));
#4954=DIRECTION('',(1.0,0.0,0.0));
#4955=DIRECTION('',(0.0,1.0,0.0));
#4956=DIRECTION('',(0.0,0.707106781186591,-0.707106781186504));
#4957=DIRECTION('',(0.0,-1.0,2.51214793389418E-15));
#4958=DIRECTION('',(0.0,0.0,1.0));
#4959=DIRECTION('',(0.0,-0.422618261740677,0.906307787036661));
#4960=DIRECTION('',(0.0,0.0,1.0));
#4961=DIRECTION('',(0.0,1.0,0.0));
#4962=DIRECTION('',(0.0,0.0,1.0));
#4963=DIRECTION('',(0.0,-1.0,0.0));
#4964=DIRECTION('',(0.0,0.0,-1.0));
#4965=DIRECTION('',(0.0,1.0,0.0));
#4966=DIRECTION('',(0.0,0.0,1.0));
#4967=DIRECTION('',(0.0,0.25881904510253,0.965925826289066));
#4968=DIRECTION('',(0.0,0.0,1.0));
#4969=DIRECTION('',(0.0,1.0,0.0));
#4970=DIRECTION('',(0.0,0.390773856376637,-0.920486715369935));
#4971=DIRECTION('',(0.0,-1.0,0.0));
#4972=DIRECTION('',(0.0,0.0,-1.0));
#4973=DIRECTION('',(-1.0,0.0,0.0));
#4974=DIRECTION('',(-1.0,0.0,0.0));
#4975=DIRECTION('',(1.0,0.0,0.0));
#4976=DIRECTION('',(-1.0,0.0,0.0));
#4977=DIRECTION('',(1.0,0.0,0.0));
#4978=DIRECTION('',(-1.0,0.0,0.0));
#4979=DIRECTION('',(-1.0,0.0,0.0));
#4980=DIRECTION('',(1.0,0.0,0.0));
#4981=DIRECTION('',(-1.0,0.0,0.0));
#4982=DIRECTION('',(-1.0,0.0,0.0));
#4983=DIRECTION('',(1.0,0.0,0.0));
#4984=DIRECTION('',(1.0,0.0,0.0));
#4985=DIRECTION('',(-1.0,0.0,0.0));
#4986=DIRECTION('',(-1.0,0.0,0.0));
#4987=DIRECTION('',(-1.0,0.0,0.0));
#4988=DIRECTION('',(1.0,0.0,0.0));
#4989=DIRECTION('',(1.0,0.0,0.0));
#4990=DIRECTION('',(-1.0,0.0,0.0));
#4991=DIRECTION('',(-1.0,0.0,0.0));
#4992=DIRECTION('',(-1.0,0.0,0.0));
#4993=DIRECTION('',(0.0,1.0,0.0));
#4994=DIRECTION('',(-1.0,0.0,0.0));
#4995=CARTESIAN_POINT('',(1.2,0.5,3.49999999999969));
#4996=DIRECTION('',(1.0,0.0,0.0));
#4997=DIRECTION('',(0.0,1.0,0.0));
#4998=DIRECTION('',(0.0,0.0,-1.0));
#4999=DIRECTION('',(0.0,0.0,1.0));
#5000=DIRECTION('',(0.0,-1.0,2.51214793389418E-15));
#5001=DIRECTION('',(0.0,0.707106781186591,-0.707106781186504));
#5002=DIRECTION('',(-1.0,0.0,0.0));
#5003=DIRECTION('',(-1.0,0.0,0.0));
#5004=DIRECTION('',(-1.0,0.0,0.0));
#5005=DIRECTION('',(-1.0,0.0,0.0));
#5006=DIRECTION('',(1.0,0.0,0.0));
#5007=DIRECTION('',(1.0,0.0,0.0));
#5008=DIRECTION('',(-1.0,0.0,0.0));
#5009=DIRECTION('',(1.0,0.0,0.0));
#5010=DIRECTION('',(1.0,0.0,0.0));
#5011=DIRECTION('',(1.0,0.0,0.0));
#5012=DIRECTION('',(1.0,0.0,0.0));
#5013=DIRECTION('',(1.0,0.0,0.0));
#5014=DIRECTION('',(1.0,0.0,0.0));
#5015=DIRECTION('',(1.0,0.0,0.0));
#5016=DIRECTION('',(-1.0,0.0,0.0));
#5017=DIRECTION('',(1.0,0.0,0.0));
#5018=DIRECTION('',(1.0,0.0,0.0));
#5019=DIRECTION('',(-1.0,0.0,0.0));
#5020=DIRECTION('',(1.0,0.0,0.0));
#5021=DIRECTION('',(1.0,0.0,0.0));
#5022=DIRECTION('',(1.0,0.0,0.0));
#5023=DIRECTION('',(1.0,0.0,0.0));
#5024=DIRECTION('',(1.0,0.0,0.0));
#5025=DIRECTION('',(-1.0,0.0,0.0));
#5026=DIRECTION('',(1.0,0.0,0.0));
#5027=DIRECTION('',(-1.0,0.0,0.0));
#5028=DIRECTION('',(-1.0,0.0,0.0));
#5029=DIRECTION('',(-1.0,0.0,0.0));
#5030=CARTESIAN_POINT('',(4.75000000000001,7.1,22.0000000000001));
#5031=DIRECTION('',(0.0,-0.0,1.0));
#5032=DIRECTION('',(1.22464679914735E-16,1.0,0.0));
#5033=CARTESIAN_POINT('',(4.75000000000001,7.1,22.0000000000001));
#5034=DIRECTION('',(0.0,-0.0,1.0));
#5035=DIRECTION('',(0.0,1.0,0.0));
#5036=CARTESIAN_POINT('',(4.75000000000001,7.1,22.0000000000001));
#5037=DIRECTION('',(0.0,-0.0,1.0));
#5038=DIRECTION('',(1.22464679914735E-16,1.0,0.0));
#5039=CARTESIAN_POINT('',(4.75000000000001,7.1,22.0000000000001));
#5040=DIRECTION('',(0.0,0.0,-1.0));
#5041=DIRECTION('',(0.0,1.0,0.0));
#5042=CARTESIAN_POINT('',(4.75000000000001,7.1,22.9047310144271));
#5043=DIRECTION('',(0.0,-0.0,1.0));
#5044=DIRECTION('',(1.22464679914735E-16,1.0,0.0));
#5045=DIRECTION('',(-0.707106781186547,0.707106781186548,0.0));
#5046=DIRECTION('',(0.0,0.0,1.0));
#5047=DIRECTION('',(0.0,0.0,-1.0));
#5048=DIRECTION('',(0.0,0.0,-1.0));
#5049=CARTESIAN_POINT('',(4.75000000000001,7.1,21.6671970050051));
#5050=DIRECTION('',(0.0,-0.0,1.0));
#5051=DIRECTION('',(0.0,1.0,0.0));
#5052=DIRECTION('',(0.0,0.996194698091746,0.0871557427476589));
#5053=DIRECTION('',(0.0,-0.996194698091746,0.0871557427476587));
#5054=DIRECTION('',(0.0,0.0,-1.0));
#5055=CARTESIAN_POINT('',(4.75000000000001,7.1,21.6671970050051));
#5056=DIRECTION('',(0.0,0.0,-1.0));
#5057=DIRECTION('',(0.0,1.0,0.0));
#5058=DIRECTION('',(0.707106781186548,-0.707106781186548,0.0));
#5059=DIRECTION('',(0.0,0.0,1.0));
#5060=DIRECTION('',(0.0,0.0,-1.0));
#5061=CARTESIAN_POINT('',(4.75000000000001,7.1,22.9047310144271));
#5062=DIRECTION('',(0.0,-0.0,1.0));
#5063=DIRECTION('',(1.22464679914735E-16,1.0,0.0));
#5064=DIRECTION('',(1.0,0.0,0.0));
#5065=DIRECTION('',(1.0,0.0,0.0));
#5066=DIRECTION('',(1.0,0.0,0.0));
#5067=DIRECTION('',(-1.0,0.0,0.0));
#5068=DIRECTION('',(1.0,0.0,0.0));
#5069=DIRECTION('',(-0.258819045102521,0.0,-0.965925826289068));
#5070=DIRECTION('',(-1.0,0.0,0.0));
#5071=DIRECTION('',(0.0,-1.0,0.0));
#5072=DIRECTION('',(1.0,0.0,0.0));
#5073=DIRECTION('',(-0.258819045102521,0.0,-0.965925826289068));
#5074=DIRECTION('',(1.0,0.0,0.0));
#5075=DIRECTION('',(0.0,1.0,0.0));
#5076=DIRECTION('',(-1.0,0.0,0.0));
#5077=DIRECTION('',(1.0,0.0,0.0));
#5078=DIRECTION('',(1.0,0.0,0.0));
#5079=DIRECTION('',(1.0,0.0,0.0));
#5080=DIRECTION('',(-1.0,0.0,0.0));
#5081=DIRECTION('',(-1.0,0.0,0.0));
#5082=DIRECTION('',(1.0,0.0,0.0));
#5083=DIRECTION('',(-1.0,0.0,0.0));
#5084=DIRECTION('',(-1.0,0.0,0.0));
#5085=DIRECTION('',(1.0,0.0,0.0));
#5086=DIRECTION('',(1.0,0.0,0.0));
#5087=DIRECTION('',(1.0,0.0,0.0));
#5088=DIRECTION('',(0.0,1.0,0.0));
#5089=DIRECTION('',(1.0,0.0,0.0));
#5090=CARTESIAN_POINT('',(4.75000000000001,35.1,27.2000000000001));
#5091=DIRECTION('',(0.0,-0.0,1.0));
#5092=DIRECTION('',(1.22464679914735E-16,1.0,0.0));
#5093=CARTESIAN_POINT('',(4.75000000000001,35.1,27.2000000000001));
#5094=DIRECTION('',(0.0,-0.0,1.0));
#5095=DIRECTION('',(1.22464679914735E-16,1.0,0.0));
#5096=CARTESIAN_POINT('',(4.75000000000001,44.3000000000003,27.2000000000001));
#5097=DIRECTION('',(0.0,-0.0,1.0));
#5098=DIRECTION('',(1.22464679914735E-16,1.0,0.0));
#5099=CARTESIAN_POINT('',(4.75000000000001,44.3000000000003,27.2000000000001));
#5100=DIRECTION('',(0.0,-0.0,1.0));
#5101=DIRECTION('',(1.22464679914735E-16,1.0,0.0));
#5102=CARTESIAN_POINT('',(4.75000000000001,44.3000000000003,24.0547310144271));
#5103=DIRECTION('',(0.0,-0.0,1.0));
#5104=DIRECTION('',(1.22464679914735E-16,1.0,0.0));
#5105=DIRECTION('',(0.0,0.0,1.0));
#5106=DIRECTION('',(0.0,0.0,1.0));
#5107=CARTESIAN_POINT('',(4.75000000000001,44.3000000000003,24.0547310144271));
#5108=DIRECTION('',(0.0,-0.0,1.0));
#5109=DIRECTION('',(1.22464679914735E-16,1.0,0.0));
#5110=DIRECTION('',(0.0,0.0,-1.0));
#5111=CARTESIAN_POINT('',(4.75000000000001,44.3000000000003,22.8171970050051));
#5112=DIRECTION('',(0.0,-0.0,1.0));
#5113=DIRECTION('',(0.0,1.0,0.0));
#5114=DIRECTION('',(0.0,0.0,-1.0));
#5115=CARTESIAN_POINT('',(4.75000000000001,44.3000000000003,22.8171970050051));
#5116=DIRECTION('',(0.0,-0.0,1.0));
#5117=DIRECTION('',(0.0,1.0,0.0));
#5118=DIRECTION('',(0.0,0.996194698091746,0.0871557427476589));
#5119=DIRECTION('',(0.0,-0.996194698091746,0.0871557427476589));
#5120=DIRECTION('',(0.707106781186547,-0.707106781186548,0.0));
#5121=CARTESIAN_POINT('',(4.75000000000001,44.3000000000003,24.0547310144271));
#5122=DIRECTION('',(0.0,-0.0,1.0));
#5123=DIRECTION('',(1.22464679914735E-16,1.0,0.0));
#5124=DIRECTION('',(0.0,0.0,-1.0));
#5125=DIRECTION('',(-0.707106781186548,0.707106781186548,0.0));
#5126=DIRECTION('',(0.0,0.0,-1.0));
#5127=CARTESIAN_POINT('',(4.75000000000001,44.3000000000003,24.0547310144271));
#5128=DIRECTION('',(0.0,-0.0,1.0));
#5129=DIRECTION('',(1.22464679914735E-16,1.0,0.0));
#5130=CARTESIAN_POINT('',(4.75000000000001,35.1,22.0547310144271));
#5131=DIRECTION('',(0.0,-0.0,1.0));
#5132=DIRECTION('',(1.22464679914735E-16,1.0,0.0));
#5133=DIRECTION('',(0.0,0.0,1.0));
#5134=DIRECTION('',(0.0,0.0,1.0));
#5135=CARTESIAN_POINT('',(4.75000000000001,35.1,22.0547310144271));
#5136=DIRECTION('',(0.0,-0.0,1.0));
#5137=DIRECTION('',(1.22464679914735E-16,1.0,0.0));
#5138=DIRECTION('',(0.0,0.0,-1.0));
#5139=CARTESIAN_POINT('',(4.75000000000001,35.1,20.8171970050051));
#5140=DIRECTION('',(0.0,-0.0,1.0));
#5141=DIRECTION('',(0.0,1.0,0.0));
#5142=DIRECTION('',(0.0,0.0,-1.0));
#5143=CARTESIAN_POINT('',(4.75000000000001,35.1,20.8171970050051));
#5144=DIRECTION('',(0.0,-0.0,1.0));
#5145=DIRECTION('',(0.0,1.0,0.0));
#5146=DIRECTION('',(0.0,0.996194698091746,0.0871557427476589));
#5147=DIRECTION('',(0.0,-0.996194698091746,0.0871557427476589));
#5148=DIRECTION('',(-0.707106781186547,0.707106781186548,0.0));
#5149=CARTESIAN_POINT('',(4.75000000000001,35.1,22.0547310144271));
#5150=DIRECTION('',(0.0,-0.0,1.0));
#5151=DIRECTION('',(1.22464679914735E-16,1.0,0.0));
#5152=DIRECTION('',(0.0,0.0,-1.0));
#5153=DIRECTION('',(0.707106781186547,-0.707106781186548,0.0));
#5154=DIRECTION('',(0.0,0.0,-1.0));
#5155=CARTESIAN_POINT('',(4.75000000000001,35.1,22.0547310144271));
#5156=DIRECTION('',(0.0,-0.0,1.0));
#5157=DIRECTION('',(1.22464679914735E-16,1.0,0.0));
#5158=DIRECTION('',(1.0,0.0,0.0));
#5159=DIRECTION('',(-1.0,0.0,0.0));
#5160=DIRECTION('',(0.258819045102521,0.0,-0.965925826289068));
#5161=DIRECTION('',(-1.0,0.0,0.0));
#5162=DIRECTION('',(0.0,-1.0,0.0));
#5163=DIRECTION('',(0.0,1.0,0.0));
#5164=DIRECTION('',(-0.258819045102521,0.0,0.965925826289068));
#5165=DIRECTION('',(0.258819045102521,0.0,-0.965925826289068));
#5166=DIRECTION('',(-1.0,0.0,0.0));
#5167=DIRECTION('',(-1.0,0.0,0.0));
#5168=PRESENTATION_LAYER_ASSIGNMENT('','',(#138,#140,#142,#144,#146,#148,#150,#152,#154,#156,#158,#160,#162,#164,#166,#168,#170,#172,#174,#176,#178,#180,#182,#184,#186,#188,#190,#192,#194,#196,#198,#200,#202,#204,#206,#208,#210,#212,#214,#216,#218,#220,#222,#224,#226,#228,#230,#232,#234,#236,#238,#240,#242,#244,#246,#248,#250,#252,#254,#256,#258,#260,#262,#264,#266,#268,#270,#272,#274,#276,#278,#280,#282,#284,#286,#288,#290,#292,#294,#296,#298,#300,#302,#304,#306,#308,#310,#312,#314,#316,#318,#320,#322,#324,#326,#328,#330,#332,#334,#336,#338,#340,#342,#344,#346,#348,#350,#352,#354,#356,#358,#360,#362,#364,#2176,#2177,#2178,#2181,#2182,#2183,#2186,#2187,#2188,#2191,#2192,#2193,#2196,#2197,#2198,#2201,#2202,#2203,#2205,#2206,#2207,#2208,#2209,#2210,#2211,#2212,#2213,#2214,#2215,#2216,#2217,#2218,#2219,#2220,#2221,#2222,#2223,#2224,#2225,#2226,#2227,#2228,#2229,#2230,#2231,#2232,#2233,#2234,#2235,#2236,#2237,#2238,#2239,#2240,#2241,#2242,#2243,#2244,#2245,#2246,#2247,#2248,#2249,#2250,#2251,#2252,#2253,#2254,#2255,#2256,#2257,#2258,#2259,#2260,#2261,#2262,#2263,#2264,#2265,#2266,#2267,#2268,#2269,#2270,#2271,#2272,#2273,#2274,#2275,#2277,#2278,#2279,#2280,#2281,#2282,#2283,#2284,#2285,#2286,#2287,#2288,#2289,#2290,#2291,#2292,#2293,#2294,#2295,#2296,#2297,#2298,#2299,#2300,#2301,#2302,#2303,#2304,#2305,#2306,#2307,#2308,#2309,#2310,#2311,#2312,#2313,#2314,#2315,#2316,#2317,#2318,#2319,#2320,#2321,#2322,#2323,#2324,#2325,#2326,#2327,#2328,#2329,#2330,#2331,#2332,#2333,#2334,#2335,#2336,#2337,#2338,#2339,#2340,#2341,#2342,#2343,#2344,#2345,#2346,#2347,#2349,#2350,#2352,#2353,#2356,#2358,#2359,#2361,#2363,#2365,#2366,#2368,#2369,#2373,#2374,#2376,#2379,#2381,#2383,#2385,#2386,#2387,#2389,#2390,#2391,#2392,#2393,#2395,#2397,#2398,#2400,#2402,#2404,#2406,#2408,#2410,#2411,#2413,#2415,#2417,#2420,#2422,#2425,#2427,#2428,#2430,#2431,#2433,#2434,#2436,#2437,#2441,#2445,#2447,#2449,#2450,#2451,#2452,#2453,#2455,#2456,#2458,#2460,#2461,#2462,#2463,#2465,#2466,#2467,#2468,#2470,#2471,#2473,#2474,#2475,#2476,#2478,#2482,#2483,#2485,#2486,#2489,#2490,#2491,#2493,#2494,#2496,#2497,#2499,#2502,#2504,#2506,#2507,#2510,#2511,#2514,#2517,#2520,#2524,#2525,#2528,#2529,#2530,#2531,#2532,#2533,#2534,#2536,#2537,#2538,#2539,#2540,#2541,#2542,#2544,#2545,#2546,#2547,#2548,#2550,#2551,#2553,#2554,#2556,#2557,#2558,#2560,#2562,#2563,#2564,#2565,#2566,#2567,#2568,#2570,#2571,#2572,#2573,#2574,#2576,#2577,#2579,#2580,#2582,#2583,#2584,#2586,#2588,#2589,#2590,#2593,#2594,#2596,#2597,#2598,#2600,#2602,#2615,#2617,#2624,#2626,#2633,#2635,#2642,#2644,#2651,#2653,#2660,#2662,#2666,#2667,#2669,#2671,#2673,#2675,#2677,#2679,#2681,#2683,#2685,#2687,#2689,#2691,#2693,#2695,#2697,#2699,#2701,#2703,#2705,#2707,#2709,#2711,#2713,#2715,#2717,#2719,#2721,#2723,#2725,#2727,#2729,#2732,#2734,#2736,#2738,#2741,#2744,#2746,#2748,#2750,#2752,#2754,#2756,#2758,#2761,#2763,#2765,#2767,#2769,#2771,#2773,#2775,#2777,#2779,#2781,#2783,#2785,#2787,#2789,#2791,#2793,#2795,#2797,#2799,#2801,#2805,#2806,#2808,#2810,#2812,#2814,#2816,#2818,#2820,#2822,#2824,#2826,#2828,#2830,#2832,#2834,#2836,#2838,#2840,#2843,#2845,#2847,#2849,#2851,#2853,#2855,#2857,#2860,#2863,#2865,#2867,#2869,#2872,#2874,#2876,#2878,#2880,#2882,#2884,#2886,#2888,#2890,#2892,#2894,#2896,#2898,#2900,#2902,#2904,#2906,#2908,#2910,#2912,#2914,#2916,#2918,#2920,#2922,#2924,#2926,#2928,#2930,#2932,#2934,#2936,#2938,#2940,#2980,#2982,#2986,#2987,#2990,#2992,#3051,#3053,#3058,#3064,#3066,#3068,#3072,#3074,#3076,#3080,#3084,#3101,#3103,#3107,#3111,#3144,#3146,#3149,#3150,#3153,#3154,#3158,#3159,#3162,#3164,#3166,#3168,#3172,#3173,#3175,#3177,#3179,#3183,#3190,#3197,#3198,#3201,#3203,#3205,#3207,#3211,#3212,#3214,#3216,#3218,#3222,#3229,#3237,#3242,#3246,#3247));
ENDSEC;
END-ISO-10303-21;
