ISO-10303-21;
HEADER;
/* Generated by software containing ST-Developer
 * from STEP Tools, Inc. (www.steptools.com) 
 */

FILE_DESCRIPTION(
/* description */ ('',
'CAx-IF Rec.Pracs.---Representation and Presentation of Product Manufa
cturing Information (PMI)---4.0---2014-10-13'),
/* implementation_level */ '2;1');

FILE_NAME(
/* name */ 'LRS PSU Bracket.step',
/* time_stamp */ '2025-03-14T14:06:31-07:00',
/* author */ (''),
/* organization */ (''),
/* preprocessor_version */ 'ST-DEVELOPER v20',
/* originating_system */ 'Autodesk Translation Framework v13.20.0.188',

/* authorisation */ '');

FILE_SCHEMA (('AP242_MANAGED_MODEL_BASED_3D_ENGINEERING_MIM_LF { 1 0 10303 442 1 1 4 }'));
ENDSEC;

DATA;
#10=MECHANICAL_DESIGN_GEOMETRIC_PRESENTATION_REPRESENTATION('',(#13),#11901);
#11=SHAPE_REPRESENTATION_RELATIONSHIP('SRR','None',#11908,#12);
#12=ADVANCED_BREP_SHAPE_REPRESENTATION('',(#14),#11900);
#13=STYLED_ITEM('',(#11918),#14);
#14=MANIFOLD_SOLID_BREP('Body1',#7069);
#15=CYLINDRICAL_SURFACE('',#7367,4.50000000000001);
#16=CYLINDRICAL_SURFACE('',#7378,4.50000000000001);
#17=CYLINDRICAL_SURFACE('',#7393,2.25000000000001);
#18=CYLINDRICAL_SURFACE('',#7394,2.25000000000001);
#19=CONICAL_SURFACE('',#7361,4.75000000000001,0.78539816339739);
#20=CONICAL_SURFACE('',#7363,4.75000000000001,0.785398163397389);
#21=CONICAL_SURFACE('',#7365,4.75000000000001,0.785398163397455);
#22=ELLIPSE('',#7176,6.36396103067894,4.50000000000001);
#23=ELLIPSE('',#7194,6.36396103067895,4.50000000000001);
#24=ELLIPSE('',#7197,6.36396103067895,4.50000000000001);
#25=ELLIPSE('',#7232,6.36396103067894,4.50000000000001);
#26=ELLIPSE('',#7285,6.36396103067895,4.50000000000001);
#27=ELLIPSE('',#7326,6.36396103067895,4.50000000000001);
#28=ELLIPSE('',#7329,6.36396103067895,4.50000000000001);
#29=ELLIPSE('',#7340,6.36396103067894,4.50000000000001);
#30=ELLIPSE('',#7357,6.36396103067894,4.50000000000001);
#31=ELLIPSE('',#7360,6.36396103067893,4.50000000000001);
#32=ELLIPSE('',#7368,6.36396103067895,4.50000000000001);
#33=ELLIPSE('',#7370,6.36396103067895,4.50000000000001);
#34=ELLIPSE('',#7371,6.36396103067894,4.50000000000001);
#35=ELLIPSE('',#7372,6.36396103067894,4.50000000000001);
#36=ELLIPSE('',#7373,6.36396103067894,4.50000000000001);
#37=ELLIPSE('',#7374,6.36396103067895,4.50000000000001);
#38=ELLIPSE('',#7381,6.36396103067893,4.50000000000001);
#39=ELLIPSE('',#7382,6.36396103067894,4.50000000000001);
#40=CIRCLE('',#7141,2.25000000000001);
#41=CIRCLE('',#7178,5.00000000000001);
#42=CIRCLE('',#7183,4.50000000000001);
#43=CIRCLE('',#7186,2.25000000000001);
#44=CIRCLE('',#7187,2.25000000000001);
#45=CIRCLE('',#7189,9.27712222074313);
#46=CIRCLE('',#7190,9.27712222993231);
#47=CIRCLE('',#7192,5.00000000000001);
#48=CIRCLE('',#7234,4.50000000000001);
#49=CIRCLE('',#7257,4.50000000000001);
#50=CIRCLE('',#7287,4.50000000000001);
#51=CIRCLE('',#7288,4.50000000000001);
#52=CIRCLE('',#7331,5.00000000000001);
#53=CIRCLE('',#7338,4.50000000000001);
#54=CIRCLE('',#7362,4.50000000000001);
#55=CIRCLE('',#7364,4.50000000000001);
#56=CIRCLE('',#7366,4.50000000000001);
#57=CIRCLE('',#7369,4.50000000000001);
#58=CIRCLE('',#7375,4.50000000000001);
#59=CIRCLE('',#7376,4.50000000000001);
#60=CIRCLE('',#7377,4.50000000000001);
#61=CIRCLE('',#7379,4.50000000000001);
#62=CIRCLE('',#7380,4.50000000000001);
#63=CIRCLE('',#7395,2.25000000000001);
#64=FACE_BOUND('',#825,.T.);
#65=FACE_BOUND('',#863,.T.);
#66=FACE_BOUND('',#901,.T.);
#67=FACE_BOUND('',#962,.T.);
#68=FACE_BOUND('',#963,.T.);
#69=FACE_BOUND('',#964,.T.);
#70=FACE_BOUND('',#965,.T.);
#71=FACE_BOUND('',#966,.T.);
#72=FACE_BOUND('',#967,.T.);
#73=FACE_BOUND('',#976,.T.);
#74=FACE_BOUND('',#991,.T.);
#75=FACE_BOUND('',#992,.T.);
#76=FACE_BOUND('',#996,.T.);
#77=FACE_BOUND('',#997,.T.);
#78=FACE_BOUND('',#1020,.T.);
#79=FACE_BOUND('',#1023,.T.);
#80=FACE_BOUND('',#1024,.T.);
#81=FACE_BOUND('',#1185,.T.);
#82=FACE_BOUND('',#1186,.T.);
#83=FACE_BOUND('',#1207,.T.);
#84=B_SPLINE_CURVE_WITH_KNOTS('',2,(#8839,#8840,#8841),.UNSPECIFIED.,.F.,
 .F.,(3,3),(0.,1.),.UNSPECIFIED.);
#85=B_SPLINE_CURVE_WITH_KNOTS('',2,(#8844,#8845,#8846),.UNSPECIFIED.,.F.,
 .F.,(3,3),(0.,1.),.UNSPECIFIED.);
#86=B_SPLINE_CURVE_WITH_KNOTS('',2,(#8854,#8855,#8856),.UNSPECIFIED.,.F.,
 .F.,(3,3),(0.,1.),.UNSPECIFIED.);
#87=B_SPLINE_CURVE_WITH_KNOTS('',2,(#8859,#8860,#8861),.UNSPECIFIED.,.F.,
 .F.,(3,3),(0.,1.),.UNSPECIFIED.);
#88=B_SPLINE_CURVE_WITH_KNOTS('',2,(#8875,#8876,#8877),.UNSPECIFIED.,.F.,
 .F.,(3,3),(0.,1.),.UNSPECIFIED.);
#89=B_SPLINE_CURVE_WITH_KNOTS('',2,(#8880,#8881,#8882),.UNSPECIFIED.,.F.,
 .F.,(3,3),(0.,1.),.UNSPECIFIED.);
#90=B_SPLINE_CURVE_WITH_KNOTS('',2,(#8890,#8891,#8892),.UNSPECIFIED.,.F.,
 .F.,(3,3),(0.,1.),.UNSPECIFIED.);
#91=B_SPLINE_CURVE_WITH_KNOTS('',2,(#8895,#8896,#8897),.UNSPECIFIED.,.F.,
 .F.,(3,3),(0.,1.),.UNSPECIFIED.);
#92=B_SPLINE_CURVE_WITH_KNOTS('',2,(#8947,#8948,#8949),.UNSPECIFIED.,.F.,
 .F.,(3,3),(0.,1.),.UNSPECIFIED.);
#93=B_SPLINE_CURVE_WITH_KNOTS('',2,(#8952,#8953,#8954),.UNSPECIFIED.,.F.,
 .F.,(3,3),(0.,1.),.UNSPECIFIED.);
#94=B_SPLINE_CURVE_WITH_KNOTS('',2,(#8962,#8963,#8964),.UNSPECIFIED.,.F.,
 .F.,(3,3),(0.,1.),.UNSPECIFIED.);
#95=B_SPLINE_CURVE_WITH_KNOTS('',2,(#8967,#8968,#8969),.UNSPECIFIED.,.F.,
 .F.,(3,3),(0.,1.),.UNSPECIFIED.);
#96=B_SPLINE_CURVE_WITH_KNOTS('',2,(#8983,#8984,#8985),.UNSPECIFIED.,.F.,
 .F.,(3,3),(0.,1.),.UNSPECIFIED.);
#97=B_SPLINE_CURVE_WITH_KNOTS('',2,(#8988,#8989,#8990),.UNSPECIFIED.,.F.,
 .F.,(3,3),(0.,1.),.UNSPECIFIED.);
#98=B_SPLINE_CURVE_WITH_KNOTS('',2,(#8998,#8999,#9000),.UNSPECIFIED.,.F.,
 .F.,(3,3),(0.,1.),.UNSPECIFIED.);
#99=B_SPLINE_CURVE_WITH_KNOTS('',2,(#9003,#9004,#9005),.UNSPECIFIED.,.F.,
 .F.,(3,3),(0.,1.),.UNSPECIFIED.);
#100=B_SPLINE_CURVE_WITH_KNOTS('',2,(#9024,#9025,#9026),.UNSPECIFIED.,.F.,
 .F.,(3,3),(0.,1.),.UNSPECIFIED.);
#101=B_SPLINE_CURVE_WITH_KNOTS('',2,(#9030,#9031,#9032),.UNSPECIFIED.,.F.,
 .F.,(3,3),(0.,1.),.UNSPECIFIED.);
#102=B_SPLINE_CURVE_WITH_KNOTS('',2,(#9041,#9042,#9043),.UNSPECIFIED.,.F.,
 .F.,(3,3),(0.,1.),.UNSPECIFIED.);
#103=B_SPLINE_CURVE_WITH_KNOTS('',2,(#9046,#9047,#9048),.UNSPECIFIED.,.F.,
 .F.,(3,3),(0.,1.),.UNSPECIFIED.);
#104=B_SPLINE_CURVE_WITH_KNOTS('',2,(#9062,#9063,#9064),.UNSPECIFIED.,.F.,
 .F.,(3,3),(0.,1.),.UNSPECIFIED.);
#105=B_SPLINE_CURVE_WITH_KNOTS('',2,(#9067,#9068,#9069),.UNSPECIFIED.,.F.,
 .F.,(3,3),(0.,1.),.UNSPECIFIED.);
#106=B_SPLINE_CURVE_WITH_KNOTS('',2,(#9077,#9078,#9079),.UNSPECIFIED.,.F.,
 .F.,(3,3),(0.,1.),.UNSPECIFIED.);
#107=B_SPLINE_CURVE_WITH_KNOTS('',2,(#9082,#9083,#9084),.UNSPECIFIED.,.F.,
 .F.,(3,3),(0.,1.),.UNSPECIFIED.);
#108=B_SPLINE_CURVE_WITH_KNOTS('',2,(#9092,#9093,#9094),.UNSPECIFIED.,.F.,
 .F.,(3,3),(0.,1.),.UNSPECIFIED.);
#109=B_SPLINE_CURVE_WITH_KNOTS('',2,(#9097,#9098,#9099),.UNSPECIFIED.,.F.,
 .F.,(3,3),(0.,1.),.UNSPECIFIED.);
#110=B_SPLINE_CURVE_WITH_KNOTS('',2,(#9107,#9108,#9109),.UNSPECIFIED.,.F.,
 .F.,(3,3),(0.,1.),.UNSPECIFIED.);
#111=B_SPLINE_CURVE_WITH_KNOTS('',2,(#9112,#9113,#9114),.UNSPECIFIED.,.F.,
 .F.,(3,3),(0.,1.),.UNSPECIFIED.);
#112=B_SPLINE_CURVE_WITH_KNOTS('',2,(#9122,#9123,#9124),.UNSPECIFIED.,.F.,
 .F.,(3,3),(0.,1.),.UNSPECIFIED.);
#113=B_SPLINE_CURVE_WITH_KNOTS('',2,(#9127,#9128,#9129),.UNSPECIFIED.,.F.,
 .F.,(3,3),(0.,1.),.UNSPECIFIED.);
#114=B_SPLINE_CURVE_WITH_KNOTS('',2,(#9137,#9138,#9139),.UNSPECIFIED.,.F.,
 .F.,(3,3),(0.,1.),.UNSPECIFIED.);
#115=B_SPLINE_CURVE_WITH_KNOTS('',2,(#9142,#9143,#9144),.UNSPECIFIED.,.F.,
 .F.,(3,3),(0.,1.),.UNSPECIFIED.);
#116=B_SPLINE_CURVE_WITH_KNOTS('',2,(#9158,#9159,#9160),.UNSPECIFIED.,.F.,
 .F.,(3,3),(0.,1.),.UNSPECIFIED.);
#117=B_SPLINE_CURVE_WITH_KNOTS('',2,(#9163,#9164,#9165),.UNSPECIFIED.,.F.,
 .F.,(3,3),(0.,1.),.UNSPECIFIED.);
#118=B_SPLINE_CURVE_WITH_KNOTS('',2,(#9173,#9174,#9175),.UNSPECIFIED.,.F.,
 .F.,(3,3),(0.,1.),.UNSPECIFIED.);
#119=B_SPLINE_CURVE_WITH_KNOTS('',2,(#9178,#9179,#9180),.UNSPECIFIED.,.F.,
 .F.,(3,3),(0.,1.),.UNSPECIFIED.);
#120=B_SPLINE_CURVE_WITH_KNOTS('',2,(#9188,#9189,#9190),.UNSPECIFIED.,.F.,
 .F.,(3,3),(0.,1.),.UNSPECIFIED.);
#121=B_SPLINE_CURVE_WITH_KNOTS('',2,(#9193,#9194,#9195),.UNSPECIFIED.,.F.,
 .F.,(3,3),(0.,1.),.UNSPECIFIED.);
#122=B_SPLINE_CURVE_WITH_KNOTS('',2,(#9202,#9203,#9204),.UNSPECIFIED.,.F.,
 .F.,(3,3),(0.,1.),.UNSPECIFIED.);
#123=B_SPLINE_CURVE_WITH_KNOTS('',2,(#9205,#9206,#9207),.UNSPECIFIED.,.F.,
 .F.,(3,3),(0.,1.),.UNSPECIFIED.);
#124=B_SPLINE_CURVE_WITH_KNOTS('',2,(#9216,#9217,#9218),.UNSPECIFIED.,.F.,
 .F.,(3,3),(0.,1.),.UNSPECIFIED.);
#125=B_SPLINE_CURVE_WITH_KNOTS('',2,(#9222,#9223,#9224),.UNSPECIFIED.,.F.,
 .F.,(3,3),(0.,1.),.UNSPECIFIED.);
#126=B_SPLINE_CURVE_WITH_KNOTS('',2,(#9233,#9234,#9235),.UNSPECIFIED.,.F.,
 .F.,(3,3),(0.,1.),.UNSPECIFIED.);
#127=B_SPLINE_CURVE_WITH_KNOTS('',2,(#9238,#9239,#9240),.UNSPECIFIED.,.F.,
 .F.,(3,3),(0.,1.),.UNSPECIFIED.);
#128=B_SPLINE_CURVE_WITH_KNOTS('',2,(#9248,#9249,#9250),.UNSPECIFIED.,.F.,
 .F.,(3,3),(0.,1.),.UNSPECIFIED.);
#129=B_SPLINE_CURVE_WITH_KNOTS('',2,(#9253,#9254,#9255),.UNSPECIFIED.,.F.,
 .F.,(3,3),(0.,1.),.UNSPECIFIED.);
#130=B_SPLINE_CURVE_WITH_KNOTS('',2,(#9263,#9264,#9265),.UNSPECIFIED.,.F.,
 .F.,(3,3),(0.,1.),.UNSPECIFIED.);
#131=B_SPLINE_CURVE_WITH_KNOTS('',2,(#9268,#9269,#9270),.UNSPECIFIED.,.F.,
 .F.,(3,3),(0.,1.),.UNSPECIFIED.);
#132=B_SPLINE_CURVE_WITH_KNOTS('',2,(#9284,#9285,#9286),.UNSPECIFIED.,.F.,
 .F.,(3,3),(0.,1.),.UNSPECIFIED.);
#133=B_SPLINE_CURVE_WITH_KNOTS('',2,(#9289,#9290,#9291),.UNSPECIFIED.,.F.,
 .F.,(3,3),(0.,1.),.UNSPECIFIED.);
#134=B_SPLINE_CURVE_WITH_KNOTS('',2,(#9299,#9300,#9301),.UNSPECIFIED.,.F.,
 .F.,(3,3),(0.,1.),.UNSPECIFIED.);
#135=B_SPLINE_CURVE_WITH_KNOTS('',2,(#9304,#9305,#9306),.UNSPECIFIED.,.F.,
 .F.,(3,3),(0.,1.),.UNSPECIFIED.);
#136=B_SPLINE_CURVE_WITH_KNOTS('',2,(#9314,#9315,#9316),.UNSPECIFIED.,.F.,
 .F.,(3,3),(0.,1.),.UNSPECIFIED.);
#137=B_SPLINE_CURVE_WITH_KNOTS('',2,(#9319,#9320,#9321),.UNSPECIFIED.,.F.,
 .F.,(3,3),(0.,1.),.UNSPECIFIED.);
#138=B_SPLINE_CURVE_WITH_KNOTS('',2,(#9329,#9330,#9331),.UNSPECIFIED.,.F.,
 .F.,(3,3),(0.,1.),.UNSPECIFIED.);
#139=B_SPLINE_CURVE_WITH_KNOTS('',2,(#9334,#9335,#9336),.UNSPECIFIED.,.F.,
 .F.,(3,3),(0.,1.),.UNSPECIFIED.);
#140=B_SPLINE_CURVE_WITH_KNOTS('',2,(#9344,#9345,#9346),.UNSPECIFIED.,.F.,
 .F.,(3,3),(0.,1.),.UNSPECIFIED.);
#141=B_SPLINE_CURVE_WITH_KNOTS('',2,(#9349,#9350,#9351),.UNSPECIFIED.,.F.,
 .F.,(3,3),(0.,1.),.UNSPECIFIED.);
#142=B_SPLINE_CURVE_WITH_KNOTS('',2,(#9359,#9360,#9361),.UNSPECIFIED.,.F.,
 .F.,(3,3),(0.,1.),.UNSPECIFIED.);
#143=B_SPLINE_CURVE_WITH_KNOTS('',2,(#9364,#9365,#9366),.UNSPECIFIED.,.F.,
 .F.,(3,3),(0.,1.),.UNSPECIFIED.);
#144=B_SPLINE_CURVE_WITH_KNOTS('',2,(#9374,#9375,#9376),.UNSPECIFIED.,.F.,
 .F.,(3,3),(0.,1.),.UNSPECIFIED.);
#145=B_SPLINE_CURVE_WITH_KNOTS('',2,(#9379,#9380,#9381),.UNSPECIFIED.,.F.,
 .F.,(3,3),(0.,1.),.UNSPECIFIED.);
#146=B_SPLINE_CURVE_WITH_KNOTS('',2,(#9389,#9390,#9391),.UNSPECIFIED.,.F.,
 .F.,(3,3),(0.,1.),.UNSPECIFIED.);
#147=B_SPLINE_CURVE_WITH_KNOTS('',2,(#9394,#9395,#9396),.UNSPECIFIED.,.F.,
 .F.,(3,3),(0.,1.),.UNSPECIFIED.);
#148=B_SPLINE_CURVE_WITH_KNOTS('',2,(#9404,#9405,#9406),.UNSPECIFIED.,.F.,
 .F.,(3,3),(0.,1.),.UNSPECIFIED.);
#149=B_SPLINE_CURVE_WITH_KNOTS('',2,(#9409,#9410,#9411),.UNSPECIFIED.,.F.,
 .F.,(3,3),(0.,1.),.UNSPECIFIED.);
#150=B_SPLINE_CURVE_WITH_KNOTS('',2,(#9419,#9420,#9421),.UNSPECIFIED.,.F.,
 .F.,(3,3),(0.,1.),.UNSPECIFIED.);
#151=B_SPLINE_CURVE_WITH_KNOTS('',2,(#9424,#9425,#9426),.UNSPECIFIED.,.F.,
 .F.,(3,3),(0.,1.),.UNSPECIFIED.);
#152=B_SPLINE_CURVE_WITH_KNOTS('',2,(#9440,#9441,#9442),.UNSPECIFIED.,.F.,
 .F.,(3,3),(0.,1.),.UNSPECIFIED.);
#153=B_SPLINE_CURVE_WITH_KNOTS('',2,(#9445,#9446,#9447),.UNSPECIFIED.,.F.,
 .F.,(3,3),(0.,1.),.UNSPECIFIED.);
#154=B_SPLINE_CURVE_WITH_KNOTS('',2,(#9455,#9456,#9457),.UNSPECIFIED.,.F.,
 .F.,(3,3),(0.,1.),.UNSPECIFIED.);
#155=B_SPLINE_CURVE_WITH_KNOTS('',2,(#9460,#9461,#9462),.UNSPECIFIED.,.F.,
 .F.,(3,3),(0.,1.),.UNSPECIFIED.);
#156=B_SPLINE_CURVE_WITH_KNOTS('',2,(#9470,#9471,#9472),.UNSPECIFIED.,.F.,
 .F.,(3,3),(0.,1.),.UNSPECIFIED.);
#157=B_SPLINE_CURVE_WITH_KNOTS('',2,(#9475,#9476,#9477),.UNSPECIFIED.,.F.,
 .F.,(3,3),(0.,1.),.UNSPECIFIED.);
#158=B_SPLINE_CURVE_WITH_KNOTS('',2,(#9485,#9486,#9487),.UNSPECIFIED.,.F.,
 .F.,(3,3),(0.,1.),.UNSPECIFIED.);
#159=B_SPLINE_CURVE_WITH_KNOTS('',2,(#9490,#9491,#9492),.UNSPECIFIED.,.F.,
 .F.,(3,3),(0.,1.),.UNSPECIFIED.);
#160=B_SPLINE_CURVE_WITH_KNOTS('',2,(#9500,#9501,#9502),.UNSPECIFIED.,.F.,
 .F.,(3,3),(0.,1.),.UNSPECIFIED.);
#161=B_SPLINE_CURVE_WITH_KNOTS('',2,(#9505,#9506,#9507),.UNSPECIFIED.,.F.,
 .F.,(3,3),(0.,1.),.UNSPECIFIED.);
#162=B_SPLINE_CURVE_WITH_KNOTS('',2,(#9514,#9515,#9516),.UNSPECIFIED.,.F.,
 .F.,(3,3),(0.,1.),.UNSPECIFIED.);
#163=B_SPLINE_CURVE_WITH_KNOTS('',2,(#9517,#9518,#9519),.UNSPECIFIED.,.F.,
 .F.,(3,3),(0.,1.),.UNSPECIFIED.);
#164=B_SPLINE_CURVE_WITH_KNOTS('',2,(#9529,#9530,#9531),.UNSPECIFIED.,.F.,
 .F.,(3,3),(0.,1.),.UNSPECIFIED.);
#165=B_SPLINE_CURVE_WITH_KNOTS('',2,(#9535,#9536,#9537),.UNSPECIFIED.,.F.,
 .F.,(3,3),(0.,1.),.UNSPECIFIED.);
#166=B_SPLINE_CURVE_WITH_KNOTS('',2,(#9546,#9547,#9548),.UNSPECIFIED.,.F.,
 .F.,(3,3),(0.,1.),.UNSPECIFIED.);
#167=B_SPLINE_CURVE_WITH_KNOTS('',2,(#9551,#9552,#9553),.UNSPECIFIED.,.F.,
 .F.,(3,3),(0.,1.),.UNSPECIFIED.);
#168=B_SPLINE_CURVE_WITH_KNOTS('',2,(#9567,#9568,#9569),.UNSPECIFIED.,.F.,
 .F.,(3,3),(0.,1.),.UNSPECIFIED.);
#169=B_SPLINE_CURVE_WITH_KNOTS('',2,(#9572,#9573,#9574),.UNSPECIFIED.,.F.,
 .F.,(3,3),(0.,1.),.UNSPECIFIED.);
#170=B_SPLINE_CURVE_WITH_KNOTS('',2,(#9582,#9583,#9584),.UNSPECIFIED.,.F.,
 .F.,(3,3),(0.,1.),.UNSPECIFIED.);
#171=B_SPLINE_CURVE_WITH_KNOTS('',2,(#9587,#9588,#9589),.UNSPECIFIED.,.F.,
 .F.,(3,3),(0.,1.),.UNSPECIFIED.);
#172=B_SPLINE_CURVE_WITH_KNOTS('',2,(#9597,#9598,#9599),.UNSPECIFIED.,.F.,
 .F.,(3,3),(0.,1.),.UNSPECIFIED.);
#173=B_SPLINE_CURVE_WITH_KNOTS('',2,(#9602,#9603,#9604),.UNSPECIFIED.,.F.,
 .F.,(3,3),(0.,1.),.UNSPECIFIED.);
#174=B_SPLINE_CURVE_WITH_KNOTS('',2,(#9612,#9613,#9614),.UNSPECIFIED.,.F.,
 .F.,(3,3),(0.,1.),.UNSPECIFIED.);
#175=B_SPLINE_CURVE_WITH_KNOTS('',2,(#9617,#9618,#9619),.UNSPECIFIED.,.F.,
 .F.,(3,3),(0.,1.),.UNSPECIFIED.);
#176=B_SPLINE_CURVE_WITH_KNOTS('',2,(#9627,#9628,#9629),.UNSPECIFIED.,.F.,
 .F.,(3,3),(0.,1.),.UNSPECIFIED.);
#177=B_SPLINE_CURVE_WITH_KNOTS('',2,(#9632,#9633,#9634),.UNSPECIFIED.,.F.,
 .F.,(3,3),(0.,1.),.UNSPECIFIED.);
#178=B_SPLINE_CURVE_WITH_KNOTS('',2,(#9642,#9643,#9644),.UNSPECIFIED.,.F.,
 .F.,(3,3),(0.,1.),.UNSPECIFIED.);
#179=B_SPLINE_CURVE_WITH_KNOTS('',2,(#9647,#9648,#9649),.UNSPECIFIED.,.F.,
 .F.,(3,3),(0.,1.),.UNSPECIFIED.);
#180=B_SPLINE_CURVE_WITH_KNOTS('',2,(#9663,#9664,#9665),.UNSPECIFIED.,.F.,
 .F.,(3,3),(0.,1.),.UNSPECIFIED.);
#181=B_SPLINE_CURVE_WITH_KNOTS('',2,(#9668,#9669,#9670),.UNSPECIFIED.,.F.,
 .F.,(3,3),(0.,1.),.UNSPECIFIED.);
#182=B_SPLINE_CURVE_WITH_KNOTS('',2,(#9678,#9679,#9680),.UNSPECIFIED.,.F.,
 .F.,(3,3),(0.,1.),.UNSPECIFIED.);
#183=B_SPLINE_CURVE_WITH_KNOTS('',2,(#9683,#9684,#9685),.UNSPECIFIED.,.F.,
 .F.,(3,3),(0.,1.),.UNSPECIFIED.);
#184=B_SPLINE_CURVE_WITH_KNOTS('',2,(#9693,#9694,#9695),.UNSPECIFIED.,.F.,
 .F.,(3,3),(0.,1.),.UNSPECIFIED.);
#185=B_SPLINE_CURVE_WITH_KNOTS('',2,(#9698,#9699,#9700),.UNSPECIFIED.,.F.,
 .F.,(3,3),(0.,1.),.UNSPECIFIED.);
#186=B_SPLINE_CURVE_WITH_KNOTS('',2,(#9707,#9708,#9709),.UNSPECIFIED.,.F.,
 .F.,(3,3),(0.,1.),.UNSPECIFIED.);
#187=B_SPLINE_CURVE_WITH_KNOTS('',2,(#9710,#9711,#9712),.UNSPECIFIED.,.F.,
 .F.,(3,3),(0.,1.),.UNSPECIFIED.);
#188=B_SPLINE_CURVE_WITH_KNOTS('',2,(#9721,#9722,#9723),.UNSPECIFIED.,.F.,
 .F.,(3,3),(0.,1.),.UNSPECIFIED.);
#189=B_SPLINE_CURVE_WITH_KNOTS('',2,(#9727,#9728,#9729),.UNSPECIFIED.,.F.,
 .F.,(3,3),(0.,1.),.UNSPECIFIED.);
#190=B_SPLINE_CURVE_WITH_KNOTS('',2,(#9738,#9739,#9740),.UNSPECIFIED.,.F.,
 .F.,(3,3),(0.,1.),.UNSPECIFIED.);
#191=B_SPLINE_CURVE_WITH_KNOTS('',2,(#9743,#9744,#9745),.UNSPECIFIED.,.F.,
 .F.,(3,3),(0.,1.),.UNSPECIFIED.);
#192=B_SPLINE_CURVE_WITH_KNOTS('',2,(#9753,#9754,#9755),.UNSPECIFIED.,.F.,
 .F.,(3,3),(0.,1.),.UNSPECIFIED.);
#193=B_SPLINE_CURVE_WITH_KNOTS('',2,(#9758,#9759,#9760),.UNSPECIFIED.,.F.,
 .F.,(3,3),(0.,1.),.UNSPECIFIED.);
#194=B_SPLINE_CURVE_WITH_KNOTS('',2,(#9768,#9769,#9770),.UNSPECIFIED.,.F.,
 .F.,(3,3),(0.,1.),.UNSPECIFIED.);
#195=B_SPLINE_CURVE_WITH_KNOTS('',2,(#9773,#9774,#9775),.UNSPECIFIED.,.F.,
 .F.,(3,3),(0.,1.),.UNSPECIFIED.);
#196=B_SPLINE_CURVE_WITH_KNOTS('',2,(#9789,#9790,#9791),.UNSPECIFIED.,.F.,
 .F.,(3,3),(0.,1.),.UNSPECIFIED.);
#197=B_SPLINE_CURVE_WITH_KNOTS('',2,(#9794,#9795,#9796),.UNSPECIFIED.,.F.,
 .F.,(3,3),(0.,1.),.UNSPECIFIED.);
#198=B_SPLINE_CURVE_WITH_KNOTS('',2,(#9804,#9805,#9806),.UNSPECIFIED.,.F.,
 .F.,(3,3),(0.,1.),.UNSPECIFIED.);
#199=B_SPLINE_CURVE_WITH_KNOTS('',2,(#9809,#9810,#9811),.UNSPECIFIED.,.F.,
 .F.,(3,3),(0.,1.),.UNSPECIFIED.);
#200=B_SPLINE_CURVE_WITH_KNOTS('',2,(#9819,#9820,#9821),.UNSPECIFIED.,.F.,
 .F.,(3,3),(0.,1.),.UNSPECIFIED.);
#201=B_SPLINE_CURVE_WITH_KNOTS('',2,(#9824,#9825,#9826),.UNSPECIFIED.,.F.,
 .F.,(3,3),(0.,1.),.UNSPECIFIED.);
#202=B_SPLINE_CURVE_WITH_KNOTS('',2,(#9834,#9835,#9836),.UNSPECIFIED.,.F.,
 .F.,(3,3),(0.,1.),.UNSPECIFIED.);
#203=B_SPLINE_CURVE_WITH_KNOTS('',2,(#9839,#9840,#9841),.UNSPECIFIED.,.F.,
 .F.,(3,3),(0.,1.),.UNSPECIFIED.);
#204=B_SPLINE_CURVE_WITH_KNOTS('',2,(#9849,#9850,#9851),.UNSPECIFIED.,.F.,
 .F.,(3,3),(0.,1.),.UNSPECIFIED.);
#205=B_SPLINE_CURVE_WITH_KNOTS('',2,(#9854,#9855,#9856),.UNSPECIFIED.,.F.,
 .F.,(3,3),(0.,1.),.UNSPECIFIED.);
#206=B_SPLINE_CURVE_WITH_KNOTS('',2,(#9864,#9865,#9866),.UNSPECIFIED.,.F.,
 .F.,(3,3),(0.,1.),.UNSPECIFIED.);
#207=B_SPLINE_CURVE_WITH_KNOTS('',2,(#9869,#9870,#9871),.UNSPECIFIED.,.F.,
 .F.,(3,3),(0.,1.),.UNSPECIFIED.);
#208=B_SPLINE_CURVE_WITH_KNOTS('',2,(#9879,#9880,#9881),.UNSPECIFIED.,.F.,
 .F.,(3,3),(0.,1.),.UNSPECIFIED.);
#209=B_SPLINE_CURVE_WITH_KNOTS('',2,(#9884,#9885,#9886),.UNSPECIFIED.,.F.,
 .F.,(3,3),(0.,1.),.UNSPECIFIED.);
#210=B_SPLINE_CURVE_WITH_KNOTS('',2,(#9894,#9895,#9896),.UNSPECIFIED.,.F.,
 .F.,(3,3),(0.,1.),.UNSPECIFIED.);
#211=B_SPLINE_CURVE_WITH_KNOTS('',2,(#9899,#9900,#9901),.UNSPECIFIED.,.F.,
 .F.,(3,3),(0.,1.),.UNSPECIFIED.);
#212=B_SPLINE_CURVE_WITH_KNOTS('',2,(#9909,#9910,#9911),.UNSPECIFIED.,.F.,
 .F.,(3,3),(0.,1.),.UNSPECIFIED.);
#213=B_SPLINE_CURVE_WITH_KNOTS('',2,(#9914,#9915,#9916),.UNSPECIFIED.,.F.,
 .F.,(3,3),(0.,1.),.UNSPECIFIED.);
#214=B_SPLINE_CURVE_WITH_KNOTS('',2,(#9924,#9925,#9926),.UNSPECIFIED.,.F.,
 .F.,(3,3),(0.,1.),.UNSPECIFIED.);
#215=B_SPLINE_CURVE_WITH_KNOTS('',2,(#9929,#9930,#9931),.UNSPECIFIED.,.F.,
 .F.,(3,3),(0.,1.),.UNSPECIFIED.);
#216=B_SPLINE_CURVE_WITH_KNOTS('',2,(#9945,#9946,#9947),.UNSPECIFIED.,.F.,
 .F.,(3,3),(0.,1.),.UNSPECIFIED.);
#217=B_SPLINE_CURVE_WITH_KNOTS('',2,(#9950,#9951,#9952),.UNSPECIFIED.,.F.,
 .F.,(3,3),(0.,1.),.UNSPECIFIED.);
#218=B_SPLINE_CURVE_WITH_KNOTS('',2,(#9960,#9961,#9962),.UNSPECIFIED.,.F.,
 .F.,(3,3),(0.,1.),.UNSPECIFIED.);
#219=B_SPLINE_CURVE_WITH_KNOTS('',2,(#9965,#9966,#9967),.UNSPECIFIED.,.F.,
 .F.,(3,3),(0.,1.),.UNSPECIFIED.);
#220=B_SPLINE_CURVE_WITH_KNOTS('',2,(#9975,#9976,#9977),.UNSPECIFIED.,.F.,
 .F.,(3,3),(0.,1.),.UNSPECIFIED.);
#221=B_SPLINE_CURVE_WITH_KNOTS('',2,(#9980,#9981,#9982),.UNSPECIFIED.,.F.,
 .F.,(3,3),(0.,1.),.UNSPECIFIED.);
#222=B_SPLINE_CURVE_WITH_KNOTS('',2,(#9990,#9991,#9992),.UNSPECIFIED.,.F.,
 .F.,(3,3),(0.,1.),.UNSPECIFIED.);
#223=B_SPLINE_CURVE_WITH_KNOTS('',2,(#9995,#9996,#9997),.UNSPECIFIED.,.F.,
 .F.,(3,3),(0.,1.),.UNSPECIFIED.);
#224=B_SPLINE_CURVE_WITH_KNOTS('',2,(#10005,#10006,#10007),
 .UNSPECIFIED.,.F.,.F.,(3,3),(0.,1.),.UNSPECIFIED.);
#225=B_SPLINE_CURVE_WITH_KNOTS('',2,(#10010,#10011,#10012),
 .UNSPECIFIED.,.F.,.F.,(3,3),(0.,1.),.UNSPECIFIED.);
#226=B_SPLINE_CURVE_WITH_KNOTS('',2,(#10019,#10020,#10021),
 .UNSPECIFIED.,.F.,.F.,(3,3),(0.,1.),.UNSPECIFIED.);
#227=B_SPLINE_CURVE_WITH_KNOTS('',2,(#10022,#10023,#10024),
 .UNSPECIFIED.,.F.,.F.,(3,3),(0.,1.),.UNSPECIFIED.);
#228=B_SPLINE_CURVE_WITH_KNOTS('',2,(#10060,#10061,#10062),
 .UNSPECIFIED.,.F.,.F.,(3,3),(0.,1.),.UNSPECIFIED.);
#229=B_SPLINE_CURVE_WITH_KNOTS('',2,(#10065,#10066,#10067),
 .UNSPECIFIED.,.F.,.F.,(3,3),(0.,1.),.UNSPECIFIED.);
#230=B_SPLINE_CURVE_WITH_KNOTS('',2,(#10075,#10076,#10077),
 .UNSPECIFIED.,.F.,.F.,(3,3),(0.,1.),.UNSPECIFIED.);
#231=B_SPLINE_CURVE_WITH_KNOTS('',2,(#10080,#10081,#10082),
 .UNSPECIFIED.,.F.,.F.,(3,3),(0.,1.),.UNSPECIFIED.);
#232=B_SPLINE_CURVE_WITH_KNOTS('',2,(#10090,#10091,#10092),
 .UNSPECIFIED.,.F.,.F.,(3,3),(0.,1.),.UNSPECIFIED.);
#233=B_SPLINE_CURVE_WITH_KNOTS('',2,(#10095,#10096,#10097),
 .UNSPECIFIED.,.F.,.F.,(3,3),(0.,1.),.UNSPECIFIED.);
#234=B_SPLINE_CURVE_WITH_KNOTS('',2,(#10105,#10106,#10107),
 .UNSPECIFIED.,.F.,.F.,(3,3),(0.,1.),.UNSPECIFIED.);
#235=B_SPLINE_CURVE_WITH_KNOTS('',2,(#10110,#10111,#10112),
 .UNSPECIFIED.,.F.,.F.,(3,3),(0.,1.),.UNSPECIFIED.);
#236=B_SPLINE_CURVE_WITH_KNOTS('',2,(#10120,#10121,#10122),
 .UNSPECIFIED.,.F.,.F.,(3,3),(0.,1.),.UNSPECIFIED.);
#237=B_SPLINE_CURVE_WITH_KNOTS('',2,(#10125,#10126,#10127),
 .UNSPECIFIED.,.F.,.F.,(3,3),(0.,1.),.UNSPECIFIED.);
#238=B_SPLINE_CURVE_WITH_KNOTS('',2,(#10141,#10142,#10143),
 .UNSPECIFIED.,.F.,.F.,(3,3),(0.,1.),.UNSPECIFIED.);
#239=B_SPLINE_CURVE_WITH_KNOTS('',2,(#10146,#10147,#10148),
 .UNSPECIFIED.,.F.,.F.,(3,3),(0.,1.),.UNSPECIFIED.);
#240=B_SPLINE_CURVE_WITH_KNOTS('',2,(#10156,#10157,#10158),
 .UNSPECIFIED.,.F.,.F.,(3,3),(0.,1.),.UNSPECIFIED.);
#241=B_SPLINE_CURVE_WITH_KNOTS('',2,(#10161,#10162,#10163),
 .UNSPECIFIED.,.F.,.F.,(3,3),(0.,1.),.UNSPECIFIED.);
#242=B_SPLINE_CURVE_WITH_KNOTS('',2,(#10171,#10172,#10173),
 .UNSPECIFIED.,.F.,.F.,(3,3),(0.,1.),.UNSPECIFIED.);
#243=B_SPLINE_CURVE_WITH_KNOTS('',2,(#10176,#10177,#10178),
 .UNSPECIFIED.,.F.,.F.,(3,3),(0.,1.),.UNSPECIFIED.);
#244=B_SPLINE_CURVE_WITH_KNOTS('',2,(#10192,#10193,#10194),
 .UNSPECIFIED.,.F.,.F.,(3,3),(0.,1.),.UNSPECIFIED.);
#245=B_SPLINE_CURVE_WITH_KNOTS('',2,(#10197,#10198,#10199),
 .UNSPECIFIED.,.F.,.F.,(3,3),(0.,1.),.UNSPECIFIED.);
#246=B_SPLINE_CURVE_WITH_KNOTS('',2,(#10207,#10208,#10209),
 .UNSPECIFIED.,.F.,.F.,(3,3),(0.,1.),.UNSPECIFIED.);
#247=B_SPLINE_CURVE_WITH_KNOTS('',2,(#10212,#10213,#10214),
 .UNSPECIFIED.,.F.,.F.,(3,3),(0.,1.),.UNSPECIFIED.);
#248=B_SPLINE_CURVE_WITH_KNOTS('',2,(#10222,#10223,#10224),
 .UNSPECIFIED.,.F.,.F.,(3,3),(0.,1.),.UNSPECIFIED.);
#249=B_SPLINE_CURVE_WITH_KNOTS('',2,(#10227,#10228,#10229),
 .UNSPECIFIED.,.F.,.F.,(3,3),(0.,1.),.UNSPECIFIED.);
#250=B_SPLINE_CURVE_WITH_KNOTS('',2,(#10243,#10244,#10245),
 .UNSPECIFIED.,.F.,.F.,(3,3),(0.,1.),.UNSPECIFIED.);
#251=B_SPLINE_CURVE_WITH_KNOTS('',2,(#10248,#10249,#10250),
 .UNSPECIFIED.,.F.,.F.,(3,3),(0.,1.),.UNSPECIFIED.);
#252=B_SPLINE_CURVE_WITH_KNOTS('',2,(#10258,#10259,#10260),
 .UNSPECIFIED.,.F.,.F.,(3,3),(0.,1.),.UNSPECIFIED.);
#253=B_SPLINE_CURVE_WITH_KNOTS('',2,(#10263,#10264,#10265),
 .UNSPECIFIED.,.F.,.F.,(3,3),(0.,1.),.UNSPECIFIED.);
#254=B_SPLINE_CURVE_WITH_KNOTS('',2,(#10273,#10274,#10275),
 .UNSPECIFIED.,.F.,.F.,(3,3),(0.,1.),.UNSPECIFIED.);
#255=B_SPLINE_CURVE_WITH_KNOTS('',2,(#10278,#10279,#10280),
 .UNSPECIFIED.,.F.,.F.,(3,3),(0.,1.),.UNSPECIFIED.);
#256=B_SPLINE_CURVE_WITH_KNOTS('',2,(#10288,#10289,#10290),
 .UNSPECIFIED.,.F.,.F.,(3,3),(0.,1.),.UNSPECIFIED.);
#257=B_SPLINE_CURVE_WITH_KNOTS('',2,(#10293,#10294,#10295),
 .UNSPECIFIED.,.F.,.F.,(3,3),(0.,1.),.UNSPECIFIED.);
#258=B_SPLINE_CURVE_WITH_KNOTS('',2,(#10303,#10304,#10305),
 .UNSPECIFIED.,.F.,.F.,(3,3),(0.,1.),.UNSPECIFIED.);
#259=B_SPLINE_CURVE_WITH_KNOTS('',2,(#10308,#10309,#10310),
 .UNSPECIFIED.,.F.,.F.,(3,3),(0.,1.),.UNSPECIFIED.);
#260=B_SPLINE_CURVE_WITH_KNOTS('',2,(#10323,#10324,#10325),
 .UNSPECIFIED.,.F.,.F.,(3,3),(0.,1.),.UNSPECIFIED.);
#261=B_SPLINE_CURVE_WITH_KNOTS('',2,(#10329,#10330,#10331),
 .UNSPECIFIED.,.F.,.F.,(3,3),(0.,1.),.UNSPECIFIED.);
#262=B_SPLINE_CURVE_WITH_KNOTS('',2,(#10340,#10341,#10342),
 .UNSPECIFIED.,.F.,.F.,(3,3),(0.,1.),.UNSPECIFIED.);
#263=B_SPLINE_CURVE_WITH_KNOTS('',2,(#10345,#10346,#10347),
 .UNSPECIFIED.,.F.,.F.,(3,3),(0.,1.),.UNSPECIFIED.);
#264=B_SPLINE_CURVE_WITH_KNOTS('',2,(#10361,#10362,#10363),
 .UNSPECIFIED.,.F.,.F.,(3,3),(0.,1.),.UNSPECIFIED.);
#265=B_SPLINE_CURVE_WITH_KNOTS('',2,(#10366,#10367,#10368),
 .UNSPECIFIED.,.F.,.F.,(3,3),(0.,1.),.UNSPECIFIED.);
#266=B_SPLINE_CURVE_WITH_KNOTS('',2,(#10376,#10377,#10378),
 .UNSPECIFIED.,.F.,.F.,(3,3),(0.,1.),.UNSPECIFIED.);
#267=B_SPLINE_CURVE_WITH_KNOTS('',2,(#10381,#10382,#10383),
 .UNSPECIFIED.,.F.,.F.,(3,3),(0.,1.),.UNSPECIFIED.);
#268=B_SPLINE_CURVE_WITH_KNOTS('',2,(#10397,#10398,#10399),
 .UNSPECIFIED.,.F.,.F.,(3,3),(0.,1.),.UNSPECIFIED.);
#269=B_SPLINE_CURVE_WITH_KNOTS('',2,(#10402,#10403,#10404),
 .UNSPECIFIED.,.F.,.F.,(3,3),(0.,1.),.UNSPECIFIED.);
#270=B_SPLINE_CURVE_WITH_KNOTS('',2,(#10418,#10419,#10420),
 .UNSPECIFIED.,.F.,.F.,(3,3),(0.,1.),.UNSPECIFIED.);
#271=B_SPLINE_CURVE_WITH_KNOTS('',2,(#10423,#10424,#10425),
 .UNSPECIFIED.,.F.,.F.,(3,3),(0.,1.),.UNSPECIFIED.);
#272=B_SPLINE_CURVE_WITH_KNOTS('',2,(#10433,#10434,#10435),
 .UNSPECIFIED.,.F.,.F.,(3,3),(0.,1.),.UNSPECIFIED.);
#273=B_SPLINE_CURVE_WITH_KNOTS('',2,(#10438,#10439,#10440),
 .UNSPECIFIED.,.F.,.F.,(3,3),(0.,1.),.UNSPECIFIED.);
#274=B_SPLINE_CURVE_WITH_KNOTS('',2,(#10448,#10449,#10450),
 .UNSPECIFIED.,.F.,.F.,(3,3),(0.,1.),.UNSPECIFIED.);
#275=B_SPLINE_CURVE_WITH_KNOTS('',2,(#10453,#10454,#10455),
 .UNSPECIFIED.,.F.,.F.,(3,3),(0.,1.),.UNSPECIFIED.);
#276=B_SPLINE_CURVE_WITH_KNOTS('',2,(#10469,#10470,#10471),
 .UNSPECIFIED.,.F.,.F.,(3,3),(0.,1.),.UNSPECIFIED.);
#277=B_SPLINE_CURVE_WITH_KNOTS('',2,(#10474,#10475,#10476),
 .UNSPECIFIED.,.F.,.F.,(3,3),(0.,1.),.UNSPECIFIED.);
#278=B_SPLINE_CURVE_WITH_KNOTS('',2,(#10484,#10485,#10486),
 .UNSPECIFIED.,.F.,.F.,(3,3),(0.,1.),.UNSPECIFIED.);
#279=B_SPLINE_CURVE_WITH_KNOTS('',2,(#10489,#10490,#10491),
 .UNSPECIFIED.,.F.,.F.,(3,3),(0.,1.),.UNSPECIFIED.);
#280=B_SPLINE_CURVE_WITH_KNOTS('',2,(#10499,#10500,#10501),
 .UNSPECIFIED.,.F.,.F.,(3,3),(0.,1.),.UNSPECIFIED.);
#281=B_SPLINE_CURVE_WITH_KNOTS('',2,(#10504,#10505,#10506),
 .UNSPECIFIED.,.F.,.F.,(3,3),(0.,1.),.UNSPECIFIED.);
#282=B_SPLINE_CURVE_WITH_KNOTS('',2,(#10520,#10521,#10522),
 .UNSPECIFIED.,.F.,.F.,(3,3),(0.,1.),.UNSPECIFIED.);
#283=B_SPLINE_CURVE_WITH_KNOTS('',2,(#10525,#10526,#10527),
 .UNSPECIFIED.,.F.,.F.,(3,3),(0.,1.),.UNSPECIFIED.);
#284=B_SPLINE_CURVE_WITH_KNOTS('',2,(#10541,#10542,#10543),
 .UNSPECIFIED.,.F.,.F.,(3,3),(0.,1.),.UNSPECIFIED.);
#285=B_SPLINE_CURVE_WITH_KNOTS('',2,(#10546,#10547,#10548),
 .UNSPECIFIED.,.F.,.F.,(3,3),(0.,1.),.UNSPECIFIED.);
#286=B_SPLINE_CURVE_WITH_KNOTS('',2,(#10556,#10557,#10558),
 .UNSPECIFIED.,.F.,.F.,(3,3),(0.,1.),.UNSPECIFIED.);
#287=B_SPLINE_CURVE_WITH_KNOTS('',2,(#10561,#10562,#10563),
 .UNSPECIFIED.,.F.,.F.,(3,3),(0.,1.),.UNSPECIFIED.);
#288=B_SPLINE_CURVE_WITH_KNOTS('',2,(#10577,#10578,#10579),
 .UNSPECIFIED.,.F.,.F.,(3,3),(0.,1.),.UNSPECIFIED.);
#289=B_SPLINE_CURVE_WITH_KNOTS('',2,(#10582,#10583,#10584),
 .UNSPECIFIED.,.F.,.F.,(3,3),(0.,1.),.UNSPECIFIED.);
#290=B_SPLINE_CURVE_WITH_KNOTS('',2,(#10592,#10593,#10594),
 .UNSPECIFIED.,.F.,.F.,(3,3),(0.,1.),.UNSPECIFIED.);
#291=B_SPLINE_CURVE_WITH_KNOTS('',2,(#10597,#10598,#10599),
 .UNSPECIFIED.,.F.,.F.,(3,3),(0.,1.),.UNSPECIFIED.);
#292=B_SPLINE_CURVE_WITH_KNOTS('',2,(#10613,#10614,#10615),
 .UNSPECIFIED.,.F.,.F.,(3,3),(0.,1.),.UNSPECIFIED.);
#293=B_SPLINE_CURVE_WITH_KNOTS('',2,(#10618,#10619,#10620),
 .UNSPECIFIED.,.F.,.F.,(3,3),(0.,1.),.UNSPECIFIED.);
#294=B_SPLINE_CURVE_WITH_KNOTS('',2,(#10627,#10628,#10629),
 .UNSPECIFIED.,.F.,.F.,(3,3),(0.,1.),.UNSPECIFIED.);
#295=B_SPLINE_CURVE_WITH_KNOTS('',2,(#10630,#10631,#10632),
 .UNSPECIFIED.,.F.,.F.,(3,3),(0.,1.),.UNSPECIFIED.);
#296=B_SPLINE_CURVE_WITH_KNOTS('',2,(#11108,#11109,#11110),
 .UNSPECIFIED.,.F.,.F.,(3,3),(0.,0.0733431484059426),.UNSPECIFIED.);
#297=B_SPLINE_CURVE_WITH_KNOTS('',3,(#11153,#11154,#11155,#11156,#11157,
#11158),.UNSPECIFIED.,.F.,.F.,(4,1,1,4),(-3.87146541037536,-3.45439526364078,
-3.03732511690619,-2.4117198968043),.UNSPECIFIED.);
#298=B_SPLINE_CURVE_WITH_KNOTS('',2,(#11171,#11172,#11173),
 .UNSPECIFIED.,.F.,.F.,(3,3),(0.,0.0752832869126237),.UNSPECIFIED.);
#299=B_SPLINE_CURVE_WITH_KNOTS('',2,(#11628,#11629,#11630),
 .UNSPECIFIED.,.F.,.F.,(3,3),(0.,0.0752832869126236),.UNSPECIFIED.);
#300=B_SPLINE_CURVE_WITH_KNOTS('',3,(#11724,#11725,#11726,#11727,#11728,
#11729),.UNSPECIFIED.,.F.,.F.,(4,2,4),(1.8621412062526E-5,0.0323013577082906,
0.0645429960740577),.UNSPECIFIED.);
#301=B_SPLINE_CURVE_WITH_KNOTS('',3,(#11755,#11756,#11757,#11758,#11759,
#11760,#11761,#11762,#11763,#11764,#11765,#11766,#11767,#11768,#11769,#11770,
#11771,#11772,#11773,#11774,#11775,#11776,#11777,#11778,#11779,#11780,#11781,
#11782,#11783,#11784,#11785),.UNSPECIFIED.,.F.,.F.,(4,3,3,3,3,3,3,3,3,3,
4),(2.48822314733106,2.56467858713362,2.64092235460053,2.71697518325152,
2.79285738292457,2.86854209968348,2.94411269320904,3.01956178578253,3.03732511690619,
3.10507018219472,3.14139680391387),.UNSPECIFIED.);
#302=B_SPLINE_CURVE_WITH_KNOTS('',3,(#11787,#11788,#11789,#11790,#11791),
 .UNSPECIFIED.,.F.,.F.,(4,1,4),(3.14139680391387,3.45439526364078,3.79510914664716),
 .UNSPECIFIED.);
#303=B_SPLINE_CURVE_WITH_KNOTS('',3,(#11792,#11793,#11794,#11795,#11796,
#11797,#11798,#11799,#11800,#11801,#11802,#11803,#11804),.UNSPECIFIED.,
 .F.,.F.,(4,3,3,3,4),(4.453013627793E-6,0.0237341784596119,0.031820957409601,
0.0590237812238862,0.0644080616884594),.UNSPECIFIED.);
#304=B_SPLINE_CURVE_WITH_KNOTS('',2,(#11809,#11810,#11811),
 .UNSPECIFIED.,.F.,.F.,(3,3),(0.,0.0733431484059426),.UNSPECIFIED.);
#305=B_SPLINE_SURFACE_WITH_KNOTS('',2,1,((#8832,#8833),(#8834,#8835),(#8836,
#8837)),.UNSPECIFIED.,.F.,.F.,.F.,(3,3),(2,2),(0.,1.),(0.,0.048),
 .UNSPECIFIED.);
#306=B_SPLINE_SURFACE_WITH_KNOTS('',2,1,((#8847,#8848),(#8849,#8850),(#8851,
#8852)),.UNSPECIFIED.,.F.,.F.,.F.,(3,3),(2,2),(0.,1.),(0.,0.048),
 .UNSPECIFIED.);
#307=B_SPLINE_SURFACE_WITH_KNOTS('',2,1,((#8868,#8869),(#8870,#8871),(#8872,
#8873)),.UNSPECIFIED.,.F.,.F.,.F.,(3,3),(2,2),(0.,1.),(0.,0.048),
 .UNSPECIFIED.);
#308=B_SPLINE_SURFACE_WITH_KNOTS('',2,1,((#8883,#8884),(#8885,#8886),(#8887,
#8888)),.UNSPECIFIED.,.F.,.F.,.F.,(3,3),(2,2),(0.,1.),(0.,0.048),
 .UNSPECIFIED.);
#309=B_SPLINE_SURFACE_WITH_KNOTS('',2,1,((#8940,#8941),(#8942,#8943),(#8944,
#8945)),.UNSPECIFIED.,.F.,.F.,.F.,(3,3),(2,2),(0.,1.),(0.,0.048),
 .UNSPECIFIED.);
#310=B_SPLINE_SURFACE_WITH_KNOTS('',2,1,((#8955,#8956),(#8957,#8958),(#8959,
#8960)),.UNSPECIFIED.,.F.,.F.,.F.,(3,3),(2,2),(0.,1.),(0.,0.048),
 .UNSPECIFIED.);
#311=B_SPLINE_SURFACE_WITH_KNOTS('',2,1,((#8976,#8977),(#8978,#8979),(#8980,
#8981)),.UNSPECIFIED.,.F.,.F.,.F.,(3,3),(2,2),(0.,1.),(0.,0.048),
 .UNSPECIFIED.);
#312=B_SPLINE_SURFACE_WITH_KNOTS('',2,1,((#8991,#8992),(#8993,#8994),(#8995,
#8996)),.UNSPECIFIED.,.F.,.F.,.F.,(3,3),(2,2),(0.,1.),(0.,0.048),
 .UNSPECIFIED.);
#313=B_SPLINE_SURFACE_WITH_KNOTS('',2,1,((#9016,#9017),(#9018,#9019),(#9020,
#9021)),.UNSPECIFIED.,.F.,.F.,.F.,(3,3),(2,2),(0.,1.),(0.,0.0479999999999995),
 .UNSPECIFIED.);
#314=B_SPLINE_SURFACE_WITH_KNOTS('',2,1,((#9034,#9035),(#9036,#9037),(#9038,
#9039)),.UNSPECIFIED.,.F.,.F.,.F.,(3,3),(2,2),(0.,1.),(0.,0.0479999999999995),
 .UNSPECIFIED.);
#315=B_SPLINE_SURFACE_WITH_KNOTS('',2,1,((#9055,#9056),(#9057,#9058),(#9059,
#9060)),.UNSPECIFIED.,.F.,.F.,.F.,(3,3),(2,2),(0.,1.),(0.,0.0479999999999995),
 .UNSPECIFIED.);
#316=B_SPLINE_SURFACE_WITH_KNOTS('',2,1,((#9070,#9071),(#9072,#9073),(#9074,
#9075)),.UNSPECIFIED.,.F.,.F.,.F.,(3,3),(2,2),(0.,1.),(0.,0.0479999999999995),
 .UNSPECIFIED.);
#317=B_SPLINE_SURFACE_WITH_KNOTS('',2,1,((#9085,#9086),(#9087,#9088),(#9089,
#9090)),.UNSPECIFIED.,.F.,.F.,.F.,(3,3),(2,2),(0.,1.),(0.,0.0480000000000118),
 .UNSPECIFIED.);
#318=B_SPLINE_SURFACE_WITH_KNOTS('',2,1,((#9100,#9101),(#9102,#9103),(#9104,
#9105)),.UNSPECIFIED.,.F.,.F.,.F.,(3,3),(2,2),(0.,1.),(0.,0.048),
 .UNSPECIFIED.);
#319=B_SPLINE_SURFACE_WITH_KNOTS('',2,1,((#9115,#9116),(#9117,#9118),(#9119,
#9120)),.UNSPECIFIED.,.F.,.F.,.F.,(3,3),(2,2),(0.,1.),(0.,0.048),
 .UNSPECIFIED.);
#320=B_SPLINE_SURFACE_WITH_KNOTS('',2,1,((#9130,#9131),(#9132,#9133),(#9134,
#9135)),.UNSPECIFIED.,.F.,.F.,.F.,(3,3),(2,2),(0.,1.),(0.,0.048),
 .UNSPECIFIED.);
#321=B_SPLINE_SURFACE_WITH_KNOTS('',2,1,((#9151,#9152),(#9153,#9154),(#9155,
#9156)),.UNSPECIFIED.,.F.,.F.,.F.,(3,3),(2,2),(0.,1.),(0.,0.0479999999999995),
 .UNSPECIFIED.);
#322=B_SPLINE_SURFACE_WITH_KNOTS('',2,1,((#9166,#9167),(#9168,#9169),(#9170,
#9171)),.UNSPECIFIED.,.F.,.F.,.F.,(3,3),(2,2),(0.,1.),(0.,0.0479999999999995),
 .UNSPECIFIED.);
#323=B_SPLINE_SURFACE_WITH_KNOTS('',2,1,((#9181,#9182),(#9183,#9184),(#9185,
#9186)),.UNSPECIFIED.,.F.,.F.,.F.,(3,3),(2,2),(0.,1.),(0.,0.0479999999999995),
 .UNSPECIFIED.);
#324=B_SPLINE_SURFACE_WITH_KNOTS('',2,1,((#9196,#9197),(#9198,#9199),(#9200,
#9201)),.UNSPECIFIED.,.F.,.F.,.F.,(3,3),(2,2),(0.,1.),(0.,0.0479999999999995),
 .UNSPECIFIED.);
#325=B_SPLINE_SURFACE_WITH_KNOTS('',2,1,((#9208,#9209),(#9210,#9211),(#9212,
#9213)),.UNSPECIFIED.,.F.,.F.,.F.,(3,3),(2,2),(0.,1.),(0.,0.0479999999999995),
 .UNSPECIFIED.);
#326=B_SPLINE_SURFACE_WITH_KNOTS('',2,1,((#9226,#9227),(#9228,#9229),(#9230,
#9231)),.UNSPECIFIED.,.F.,.F.,.F.,(3,3),(2,2),(0.,1.),(0.,0.0479999999999995),
 .UNSPECIFIED.);
#327=B_SPLINE_SURFACE_WITH_KNOTS('',2,1,((#9241,#9242),(#9243,#9244),(#9245,
#9246)),.UNSPECIFIED.,.F.,.F.,.F.,(3,3),(2,2),(0.,1.),(0.,0.0479999999999995),
 .UNSPECIFIED.);
#328=B_SPLINE_SURFACE_WITH_KNOTS('',2,1,((#9256,#9257),(#9258,#9259),(#9260,
#9261)),.UNSPECIFIED.,.F.,.F.,.F.,(3,3),(2,2),(0.,1.),(0.,0.0479999999999995),
 .UNSPECIFIED.);
#329=B_SPLINE_SURFACE_WITH_KNOTS('',2,1,((#9277,#9278),(#9279,#9280),(#9281,
#9282)),.UNSPECIFIED.,.F.,.F.,.F.,(3,3),(2,2),(0.,1.),(0.,0.048),
 .UNSPECIFIED.);
#330=B_SPLINE_SURFACE_WITH_KNOTS('',2,1,((#9292,#9293),(#9294,#9295),(#9296,
#9297)),.UNSPECIFIED.,.F.,.F.,.F.,(3,3),(2,2),(0.,1.),(0.,0.048),
 .UNSPECIFIED.);
#331=B_SPLINE_SURFACE_WITH_KNOTS('',2,1,((#9307,#9308),(#9309,#9310),(#9311,
#9312)),.UNSPECIFIED.,.F.,.F.,.F.,(3,3),(2,2),(0.,1.),(0.,0.048),
 .UNSPECIFIED.);
#332=B_SPLINE_SURFACE_WITH_KNOTS('',2,1,((#9322,#9323),(#9324,#9325),(#9326,
#9327)),.UNSPECIFIED.,.F.,.F.,.F.,(3,3),(2,2),(0.,1.),(0.,0.048),
 .UNSPECIFIED.);
#333=B_SPLINE_SURFACE_WITH_KNOTS('',2,1,((#9337,#9338),(#9339,#9340),(#9341,
#9342)),.UNSPECIFIED.,.F.,.F.,.F.,(3,3),(2,2),(0.,1.),(0.,0.048),
 .UNSPECIFIED.);
#334=B_SPLINE_SURFACE_WITH_KNOTS('',2,1,((#9352,#9353),(#9354,#9355),(#9356,
#9357)),.UNSPECIFIED.,.F.,.F.,.F.,(3,3),(2,2),(0.,1.),(0.,0.048),
 .UNSPECIFIED.);
#335=B_SPLINE_SURFACE_WITH_KNOTS('',2,1,((#9367,#9368),(#9369,#9370),(#9371,
#9372)),.UNSPECIFIED.,.F.,.F.,.F.,(3,3),(2,2),(0.,1.),(0.,0.048),
 .UNSPECIFIED.);
#336=B_SPLINE_SURFACE_WITH_KNOTS('',2,1,((#9382,#9383),(#9384,#9385),(#9386,
#9387)),.UNSPECIFIED.,.F.,.F.,.F.,(3,3),(2,2),(0.,1.),(0.,0.0479999999999995),
 .UNSPECIFIED.);
#337=B_SPLINE_SURFACE_WITH_KNOTS('',2,1,((#9397,#9398),(#9399,#9400),(#9401,
#9402)),.UNSPECIFIED.,.F.,.F.,.F.,(3,3),(2,2),(0.,1.),(0.,0.0479999999999995),
 .UNSPECIFIED.);
#338=B_SPLINE_SURFACE_WITH_KNOTS('',2,1,((#9412,#9413),(#9414,#9415),(#9416,
#9417)),.UNSPECIFIED.,.F.,.F.,.F.,(3,3),(2,2),(0.,1.),(0.,0.0479999999999995),
 .UNSPECIFIED.);
#339=B_SPLINE_SURFACE_WITH_KNOTS('',2,1,((#9433,#9434),(#9435,#9436),(#9437,
#9438)),.UNSPECIFIED.,.F.,.F.,.F.,(3,3),(2,2),(0.,1.),(0.,0.0479999999999995),
 .UNSPECIFIED.);
#340=B_SPLINE_SURFACE_WITH_KNOTS('',2,1,((#9448,#9449),(#9450,#9451),(#9452,
#9453)),.UNSPECIFIED.,.F.,.F.,.F.,(3,3),(2,2),(0.,1.),(0.,0.0479999999999995),
 .UNSPECIFIED.);
#341=B_SPLINE_SURFACE_WITH_KNOTS('',2,1,((#9463,#9464),(#9465,#9466),(#9467,
#9468)),.UNSPECIFIED.,.F.,.F.,.F.,(3,3),(2,2),(0.,1.),(0.,0.0479999999999995),
 .UNSPECIFIED.);
#342=B_SPLINE_SURFACE_WITH_KNOTS('',2,1,((#9478,#9479),(#9480,#9481),(#9482,
#9483)),.UNSPECIFIED.,.F.,.F.,.F.,(3,3),(2,2),(0.,1.),(0.,0.0479999999999995),
 .UNSPECIFIED.);
#343=B_SPLINE_SURFACE_WITH_KNOTS('',2,1,((#9493,#9494),(#9495,#9496),(#9497,
#9498)),.UNSPECIFIED.,.F.,.F.,.F.,(3,3),(2,2),(0.,1.),(0.,0.0479999999999995),
 .UNSPECIFIED.);
#344=B_SPLINE_SURFACE_WITH_KNOTS('',2,1,((#9508,#9509),(#9510,#9511),(#9512,
#9513)),.UNSPECIFIED.,.F.,.F.,.F.,(3,3),(2,2),(0.,1.),(0.,0.0479999999999995),
 .UNSPECIFIED.);
#345=B_SPLINE_SURFACE_WITH_KNOTS('',2,1,((#9521,#9522),(#9523,#9524),(#9525,
#9526)),.UNSPECIFIED.,.F.,.F.,.F.,(3,3),(2,2),(0.,1.),(0.,0.0479999999999995),
 .UNSPECIFIED.);
#346=B_SPLINE_SURFACE_WITH_KNOTS('',2,1,((#9539,#9540),(#9541,#9542),(#9543,
#9544)),.UNSPECIFIED.,.F.,.F.,.F.,(3,3),(2,2),(0.,1.),(0.,0.0479999999999995),
 .UNSPECIFIED.);
#347=B_SPLINE_SURFACE_WITH_KNOTS('',2,1,((#9560,#9561),(#9562,#9563),(#9564,
#9565)),.UNSPECIFIED.,.F.,.F.,.F.,(3,3),(2,2),(0.,1.),(0.,0.0479999999999995),
 .UNSPECIFIED.);
#348=B_SPLINE_SURFACE_WITH_KNOTS('',2,1,((#9575,#9576),(#9577,#9578),(#9579,
#9580)),.UNSPECIFIED.,.F.,.F.,.F.,(3,3),(2,2),(0.,1.),(0.,0.0479999999999995),
 .UNSPECIFIED.);
#349=B_SPLINE_SURFACE_WITH_KNOTS('',2,1,((#9590,#9591),(#9592,#9593),(#9594,
#9595)),.UNSPECIFIED.,.F.,.F.,.F.,(3,3),(2,2),(0.,1.),(0.,0.0479999999999995),
 .UNSPECIFIED.);
#350=B_SPLINE_SURFACE_WITH_KNOTS('',2,1,((#9605,#9606),(#9607,#9608),(#9609,
#9610)),.UNSPECIFIED.,.F.,.F.,.F.,(3,3),(2,2),(0.,1.),(0.,0.0479999999999995),
 .UNSPECIFIED.);
#351=B_SPLINE_SURFACE_WITH_KNOTS('',2,1,((#9620,#9621),(#9622,#9623),(#9624,
#9625)),.UNSPECIFIED.,.F.,.F.,.F.,(3,3),(2,2),(0.,1.),(0.,0.0479999999999995),
 .UNSPECIFIED.);
#352=B_SPLINE_SURFACE_WITH_KNOTS('',2,1,((#9635,#9636),(#9637,#9638),(#9639,
#9640)),.UNSPECIFIED.,.F.,.F.,.F.,(3,3),(2,2),(0.,1.),(0.,0.0479999999999995),
 .UNSPECIFIED.);
#353=B_SPLINE_SURFACE_WITH_KNOTS('',2,1,((#9656,#9657),(#9658,#9659),(#9660,
#9661)),.UNSPECIFIED.,.F.,.F.,.F.,(3,3),(2,2),(0.,1.),(0.,0.0479999999999995),
 .UNSPECIFIED.);
#354=B_SPLINE_SURFACE_WITH_KNOTS('',2,1,((#9671,#9672),(#9673,#9674),(#9675,
#9676)),.UNSPECIFIED.,.F.,.F.,.F.,(3,3),(2,2),(0.,1.),(0.,0.0479999999999995),
 .UNSPECIFIED.);
#355=B_SPLINE_SURFACE_WITH_KNOTS('',2,1,((#9686,#9687),(#9688,#9689),(#9690,
#9691)),.UNSPECIFIED.,.F.,.F.,.F.,(3,3),(2,2),(0.,1.),(0.,0.0479999999999995),
 .UNSPECIFIED.);
#356=B_SPLINE_SURFACE_WITH_KNOTS('',2,1,((#9701,#9702),(#9703,#9704),(#9705,
#9706)),.UNSPECIFIED.,.F.,.F.,.F.,(3,3),(2,2),(0.,1.),(0.,0.0479999999999995),
 .UNSPECIFIED.);
#357=B_SPLINE_SURFACE_WITH_KNOTS('',2,1,((#9713,#9714),(#9715,#9716),(#9717,
#9718)),.UNSPECIFIED.,.F.,.F.,.F.,(3,3),(2,2),(0.,1.),(0.,0.0479999999999995),
 .UNSPECIFIED.);
#358=B_SPLINE_SURFACE_WITH_KNOTS('',2,1,((#9731,#9732),(#9733,#9734),(#9735,
#9736)),.UNSPECIFIED.,.F.,.F.,.F.,(3,3),(2,2),(0.,1.),(0.,0.0479999999999995),
 .UNSPECIFIED.);
#359=B_SPLINE_SURFACE_WITH_KNOTS('',2,1,((#9746,#9747),(#9748,#9749),(#9750,
#9751)),.UNSPECIFIED.,.F.,.F.,.F.,(3,3),(2,2),(0.,1.),(0.,0.0479999999999995),
 .UNSPECIFIED.);
#360=B_SPLINE_SURFACE_WITH_KNOTS('',2,1,((#9761,#9762),(#9763,#9764),(#9765,
#9766)),.UNSPECIFIED.,.F.,.F.,.F.,(3,3),(2,2),(0.,1.),(0.,0.0479999999999995),
 .UNSPECIFIED.);
#361=B_SPLINE_SURFACE_WITH_KNOTS('',2,1,((#9782,#9783),(#9784,#9785),(#9786,
#9787)),.UNSPECIFIED.,.F.,.F.,.F.,(3,3),(2,2),(0.,1.),(0.,0.0479999999999995),
 .UNSPECIFIED.);
#362=B_SPLINE_SURFACE_WITH_KNOTS('',2,1,((#9797,#9798),(#9799,#9800),(#9801,
#9802)),.UNSPECIFIED.,.F.,.F.,.F.,(3,3),(2,2),(0.,1.),(0.,0.0479999999999995),
 .UNSPECIFIED.);
#363=B_SPLINE_SURFACE_WITH_KNOTS('',2,1,((#9812,#9813),(#9814,#9815),(#9816,
#9817)),.UNSPECIFIED.,.F.,.F.,.F.,(3,3),(2,2),(0.,1.),(0.,0.0479999999999995),
 .UNSPECIFIED.);
#364=B_SPLINE_SURFACE_WITH_KNOTS('',2,1,((#9827,#9828),(#9829,#9830),(#9831,
#9832)),.UNSPECIFIED.,.F.,.F.,.F.,(3,3),(2,2),(0.,1.),(0.,0.0479999999999995),
 .UNSPECIFIED.);
#365=B_SPLINE_SURFACE_WITH_KNOTS('',2,1,((#9842,#9843),(#9844,#9845),(#9846,
#9847)),.UNSPECIFIED.,.F.,.F.,.F.,(3,3),(2,2),(0.,1.),(0.,0.0479999999999995),
 .UNSPECIFIED.);
#366=B_SPLINE_SURFACE_WITH_KNOTS('',2,1,((#9857,#9858),(#9859,#9860),(#9861,
#9862)),.UNSPECIFIED.,.F.,.F.,.F.,(3,3),(2,2),(0.,1.),(0.,0.0479999999999995),
 .UNSPECIFIED.);
#367=B_SPLINE_SURFACE_WITH_KNOTS('',2,1,((#9872,#9873),(#9874,#9875),(#9876,
#9877)),.UNSPECIFIED.,.F.,.F.,.F.,(3,3),(2,2),(0.,1.),(0.,0.0479999999999995),
 .UNSPECIFIED.);
#368=B_SPLINE_SURFACE_WITH_KNOTS('',2,1,((#9887,#9888),(#9889,#9890),(#9891,
#9892)),.UNSPECIFIED.,.F.,.F.,.F.,(3,3),(2,2),(0.,1.),(0.,0.0480000000000118),
 .UNSPECIFIED.);
#369=B_SPLINE_SURFACE_WITH_KNOTS('',2,1,((#9902,#9903),(#9904,#9905),(#9906,
#9907)),.UNSPECIFIED.,.F.,.F.,.F.,(3,3),(2,2),(0.,1.),(0.,0.048),
 .UNSPECIFIED.);
#370=B_SPLINE_SURFACE_WITH_KNOTS('',2,1,((#9917,#9918),(#9919,#9920),(#9921,
#9922)),.UNSPECIFIED.,.F.,.F.,.F.,(3,3),(2,2),(0.,1.),(0.,0.048),
 .UNSPECIFIED.);
#371=B_SPLINE_SURFACE_WITH_KNOTS('',2,1,((#9938,#9939),(#9940,#9941),(#9942,
#9943)),.UNSPECIFIED.,.F.,.F.,.F.,(3,3),(2,2),(0.,1.),(0.,0.0479999999999995),
 .UNSPECIFIED.);
#372=B_SPLINE_SURFACE_WITH_KNOTS('',2,1,((#9953,#9954),(#9955,#9956),(#9957,
#9958)),.UNSPECIFIED.,.F.,.F.,.F.,(3,3),(2,2),(0.,1.),(0.,0.0479999999999995),
 .UNSPECIFIED.);
#373=B_SPLINE_SURFACE_WITH_KNOTS('',2,1,((#9968,#9969),(#9970,#9971),(#9972,
#9973)),.UNSPECIFIED.,.F.,.F.,.F.,(3,3),(2,2),(0.,1.),(0.,0.048),
 .UNSPECIFIED.);
#374=B_SPLINE_SURFACE_WITH_KNOTS('',2,1,((#9983,#9984),(#9985,#9986),(#9987,
#9988)),.UNSPECIFIED.,.F.,.F.,.F.,(3,3),(2,2),(0.,1.),(0.,0.048),
 .UNSPECIFIED.);
#375=B_SPLINE_SURFACE_WITH_KNOTS('',2,1,((#9998,#9999),(#10000,#10001),
(#10002,#10003)),.UNSPECIFIED.,.F.,.F.,.F.,(3,3),(2,2),(0.,1.),(0.,0.0480000000000118),
 .UNSPECIFIED.);
#376=B_SPLINE_SURFACE_WITH_KNOTS('',2,1,((#10013,#10014),(#10015,#10016),
(#10017,#10018)),.UNSPECIFIED.,.F.,.F.,.F.,(3,3),(2,2),(0.,1.),(0.,0.0479999999999995),
 .UNSPECIFIED.);
#377=B_SPLINE_SURFACE_WITH_KNOTS('',2,1,((#10053,#10054),(#10055,#10056),
(#10057,#10058)),.UNSPECIFIED.,.F.,.F.,.F.,(3,3),(2,2),(0.,1.),(0.,0.0479999999999995),
 .UNSPECIFIED.);
#378=B_SPLINE_SURFACE_WITH_KNOTS('',2,1,((#10068,#10069),(#10070,#10071),
(#10072,#10073)),.UNSPECIFIED.,.F.,.F.,.F.,(3,3),(2,2),(0.,1.),(0.,0.0479999999999995),
 .UNSPECIFIED.);
#379=B_SPLINE_SURFACE_WITH_KNOTS('',2,1,((#10083,#10084),(#10085,#10086),
(#10087,#10088)),.UNSPECIFIED.,.F.,.F.,.F.,(3,3),(2,2),(0.,1.),(0.,0.0479999999999995),
 .UNSPECIFIED.);
#380=B_SPLINE_SURFACE_WITH_KNOTS('',2,1,((#10098,#10099),(#10100,#10101),
(#10102,#10103)),.UNSPECIFIED.,.F.,.F.,.F.,(3,3),(2,2),(0.,1.),(0.,0.0480000000000118),
 .UNSPECIFIED.);
#381=B_SPLINE_SURFACE_WITH_KNOTS('',2,1,((#10113,#10114),(#10115,#10116),
(#10117,#10118)),.UNSPECIFIED.,.F.,.F.,.F.,(3,3),(2,2),(0.,1.),(0.,0.048),
 .UNSPECIFIED.);
#382=B_SPLINE_SURFACE_WITH_KNOTS('',2,1,((#10134,#10135),(#10136,#10137),
(#10138,#10139)),.UNSPECIFIED.,.F.,.F.,.F.,(3,3),(2,2),(0.,1.),(0.,0.048),
 .UNSPECIFIED.);
#383=B_SPLINE_SURFACE_WITH_KNOTS('',2,1,((#10149,#10150),(#10151,#10152),
(#10153,#10154)),.UNSPECIFIED.,.F.,.F.,.F.,(3,3),(2,2),(0.,1.),(0.,0.048),
 .UNSPECIFIED.);
#384=B_SPLINE_SURFACE_WITH_KNOTS('',2,1,((#10164,#10165),(#10166,#10167),
(#10168,#10169)),.UNSPECIFIED.,.F.,.F.,.F.,(3,3),(2,2),(0.,1.),(0.,0.048),
 .UNSPECIFIED.);
#385=B_SPLINE_SURFACE_WITH_KNOTS('',2,1,((#10185,#10186),(#10187,#10188),
(#10189,#10190)),.UNSPECIFIED.,.F.,.F.,.F.,(3,3),(2,2),(0.,1.),(0.,0.0480000000000118),
 .UNSPECIFIED.);
#386=B_SPLINE_SURFACE_WITH_KNOTS('',2,1,((#10200,#10201),(#10202,#10203),
(#10204,#10205)),.UNSPECIFIED.,.F.,.F.,.F.,(3,3),(2,2),(0.,1.),(0.,0.048),
 .UNSPECIFIED.);
#387=B_SPLINE_SURFACE_WITH_KNOTS('',2,1,((#10215,#10216),(#10217,#10218),
(#10219,#10220)),.UNSPECIFIED.,.F.,.F.,.F.,(3,3),(2,2),(0.,1.),(0.,0.048),
 .UNSPECIFIED.);
#388=B_SPLINE_SURFACE_WITH_KNOTS('',2,1,((#10236,#10237),(#10238,#10239),
(#10240,#10241)),.UNSPECIFIED.,.F.,.F.,.F.,(3,3),(2,2),(0.,1.),(0.,0.0479999999999995),
 .UNSPECIFIED.);
#389=B_SPLINE_SURFACE_WITH_KNOTS('',2,1,((#10251,#10252),(#10253,#10254),
(#10255,#10256)),.UNSPECIFIED.,.F.,.F.,.F.,(3,3),(2,2),(0.,1.),(0.,0.0479999999999995),
 .UNSPECIFIED.);
#390=B_SPLINE_SURFACE_WITH_KNOTS('',2,1,((#10266,#10267),(#10268,#10269),
(#10270,#10271)),.UNSPECIFIED.,.F.,.F.,.F.,(3,3),(2,2),(0.,1.),(0.,0.0479999999999995),
 .UNSPECIFIED.);
#391=B_SPLINE_SURFACE_WITH_KNOTS('',2,1,((#10281,#10282),(#10283,#10284),
(#10285,#10286)),.UNSPECIFIED.,.F.,.F.,.F.,(3,3),(2,2),(0.,1.),(0.,0.0479999999999995),
 .UNSPECIFIED.);
#392=B_SPLINE_SURFACE_WITH_KNOTS('',2,1,((#10296,#10297),(#10298,#10299),
(#10300,#10301)),.UNSPECIFIED.,.F.,.F.,.F.,(3,3),(2,2),(0.,1.),(0.,0.0479999999999995),
 .UNSPECIFIED.);
#393=B_SPLINE_SURFACE_WITH_KNOTS('',2,1,((#10315,#10316),(#10317,#10318),
(#10319,#10320)),.UNSPECIFIED.,.F.,.F.,.F.,(3,3),(2,2),(0.,1.),(0.,0.048),
 .UNSPECIFIED.);
#394=B_SPLINE_SURFACE_WITH_KNOTS('',2,1,((#10333,#10334),(#10335,#10336),
(#10337,#10338)),.UNSPECIFIED.,.F.,.F.,.F.,(3,3),(2,2),(0.,1.),(0.,0.048),
 .UNSPECIFIED.);
#395=B_SPLINE_SURFACE_WITH_KNOTS('',2,1,((#10354,#10355),(#10356,#10357),
(#10358,#10359)),.UNSPECIFIED.,.F.,.F.,.F.,(3,3),(2,2),(0.,1.),(0.,0.048),
 .UNSPECIFIED.);
#396=B_SPLINE_SURFACE_WITH_KNOTS('',2,1,((#10369,#10370),(#10371,#10372),
(#10373,#10374)),.UNSPECIFIED.,.F.,.F.,.F.,(3,3),(2,2),(0.,1.),(0.,0.048),
 .UNSPECIFIED.);
#397=B_SPLINE_SURFACE_WITH_KNOTS('',2,1,((#10390,#10391),(#10392,#10393),
(#10394,#10395)),.UNSPECIFIED.,.F.,.F.,.F.,(3,3),(2,2),(0.,1.),(0.,0.048),
 .UNSPECIFIED.);
#398=B_SPLINE_SURFACE_WITH_KNOTS('',2,1,((#10411,#10412),(#10413,#10414),
(#10415,#10416)),.UNSPECIFIED.,.F.,.F.,.F.,(3,3),(2,2),(0.,1.),(0.,0.048),
 .UNSPECIFIED.);
#399=B_SPLINE_SURFACE_WITH_KNOTS('',2,1,((#10426,#10427),(#10428,#10429),
(#10430,#10431)),.UNSPECIFIED.,.F.,.F.,.F.,(3,3),(2,2),(0.,1.),(0.,0.048),
 .UNSPECIFIED.);
#400=B_SPLINE_SURFACE_WITH_KNOTS('',2,1,((#10441,#10442),(#10443,#10444),
(#10445,#10446)),.UNSPECIFIED.,.F.,.F.,.F.,(3,3),(2,2),(0.,1.),(0.,0.048),
 .UNSPECIFIED.);
#401=B_SPLINE_SURFACE_WITH_KNOTS('',2,1,((#10462,#10463),(#10464,#10465),
(#10466,#10467)),.UNSPECIFIED.,.F.,.F.,.F.,(3,3),(2,2),(0.,1.),(0.,0.048),
 .UNSPECIFIED.);
#402=B_SPLINE_SURFACE_WITH_KNOTS('',2,1,((#10477,#10478),(#10479,#10480),
(#10481,#10482)),.UNSPECIFIED.,.F.,.F.,.F.,(3,3),(2,2),(0.,1.),(0.,0.048),
 .UNSPECIFIED.);
#403=B_SPLINE_SURFACE_WITH_KNOTS('',2,1,((#10492,#10493),(#10494,#10495),
(#10496,#10497)),.UNSPECIFIED.,.F.,.F.,.F.,(3,3),(2,2),(0.,1.),(0.,0.048),
 .UNSPECIFIED.);
#404=B_SPLINE_SURFACE_WITH_KNOTS('',2,1,((#10513,#10514),(#10515,#10516),
(#10517,#10518)),.UNSPECIFIED.,.F.,.F.,.F.,(3,3),(2,2),(0.,1.),(0.,0.048),
 .UNSPECIFIED.);
#405=B_SPLINE_SURFACE_WITH_KNOTS('',2,1,((#10534,#10535),(#10536,#10537),
(#10538,#10539)),.UNSPECIFIED.,.F.,.F.,.F.,(3,3),(2,2),(0.,1.),(0.,0.048),
 .UNSPECIFIED.);
#406=B_SPLINE_SURFACE_WITH_KNOTS('',2,1,((#10549,#10550),(#10551,#10552),
(#10553,#10554)),.UNSPECIFIED.,.F.,.F.,.F.,(3,3),(2,2),(0.,1.),(0.,0.048),
 .UNSPECIFIED.);
#407=B_SPLINE_SURFACE_WITH_KNOTS('',2,1,((#10570,#10571),(#10572,#10573),
(#10574,#10575)),.UNSPECIFIED.,.F.,.F.,.F.,(3,3),(2,2),(0.,1.),(0.,0.048),
 .UNSPECIFIED.);
#408=B_SPLINE_SURFACE_WITH_KNOTS('',2,1,((#10585,#10586),(#10587,#10588),
(#10589,#10590)),.UNSPECIFIED.,.F.,.F.,.F.,(3,3),(2,2),(0.,1.),(0.,0.048),
 .UNSPECIFIED.);
#409=B_SPLINE_SURFACE_WITH_KNOTS('',2,1,((#10606,#10607),(#10608,#10609),
(#10610,#10611)),.UNSPECIFIED.,.F.,.F.,.F.,(3,3),(2,2),(0.,1.),(0.,0.048),
 .UNSPECIFIED.);
#410=B_SPLINE_SURFACE_WITH_KNOTS('',2,1,((#10621,#10622),(#10623,#10624),
(#10625,#10626)),.UNSPECIFIED.,.F.,.F.,.F.,(3,3),(2,2),(0.,1.),(0.,0.048),
 .UNSPECIFIED.);
#411=B_SPLINE_SURFACE_WITH_KNOTS('',3,3,((#11730,#11731,#11732,#11733,#11734,
#11735),(#11736,#11737,#11738,#11739,#11740,#11741),(#11742,#11743,#11744,
#11745,#11746,#11747),(#11748,#11749,#11750,#11751,#11752,#11753)),
 .UNSPECIFIED.,.F.,.F.,.F.,(4,4),(4,1,1,4),(0.,1.00219279268704),(2.4117198968043,
3.03732511690619,3.45439526364078,3.87146541037536),.UNSPECIFIED.);
#412=FACE_OUTER_BOUND('',#803,.T.);
#413=FACE_OUTER_BOUND('',#804,.T.);
#414=FACE_OUTER_BOUND('',#805,.T.);
#415=FACE_OUTER_BOUND('',#806,.T.);
#416=FACE_OUTER_BOUND('',#807,.T.);
#417=FACE_OUTER_BOUND('',#808,.T.);
#418=FACE_OUTER_BOUND('',#809,.T.);
#419=FACE_OUTER_BOUND('',#810,.T.);
#420=FACE_OUTER_BOUND('',#811,.T.);
#421=FACE_OUTER_BOUND('',#812,.T.);
#422=FACE_OUTER_BOUND('',#813,.T.);
#423=FACE_OUTER_BOUND('',#814,.T.);
#424=FACE_OUTER_BOUND('',#815,.T.);
#425=FACE_OUTER_BOUND('',#816,.T.);
#426=FACE_OUTER_BOUND('',#817,.T.);
#427=FACE_OUTER_BOUND('',#818,.T.);
#428=FACE_OUTER_BOUND('',#819,.T.);
#429=FACE_OUTER_BOUND('',#820,.T.);
#430=FACE_OUTER_BOUND('',#821,.T.);
#431=FACE_OUTER_BOUND('',#822,.T.);
#432=FACE_OUTER_BOUND('',#823,.T.);
#433=FACE_OUTER_BOUND('',#824,.T.);
#434=FACE_OUTER_BOUND('',#826,.T.);
#435=FACE_OUTER_BOUND('',#827,.T.);
#436=FACE_OUTER_BOUND('',#828,.T.);
#437=FACE_OUTER_BOUND('',#829,.T.);
#438=FACE_OUTER_BOUND('',#830,.T.);
#439=FACE_OUTER_BOUND('',#831,.T.);
#440=FACE_OUTER_BOUND('',#832,.T.);
#441=FACE_OUTER_BOUND('',#833,.T.);
#442=FACE_OUTER_BOUND('',#834,.T.);
#443=FACE_OUTER_BOUND('',#835,.T.);
#444=FACE_OUTER_BOUND('',#836,.T.);
#445=FACE_OUTER_BOUND('',#837,.T.);
#446=FACE_OUTER_BOUND('',#838,.T.);
#447=FACE_OUTER_BOUND('',#839,.T.);
#448=FACE_OUTER_BOUND('',#840,.T.);
#449=FACE_OUTER_BOUND('',#841,.T.);
#450=FACE_OUTER_BOUND('',#842,.T.);
#451=FACE_OUTER_BOUND('',#843,.T.);
#452=FACE_OUTER_BOUND('',#844,.T.);
#453=FACE_OUTER_BOUND('',#845,.T.);
#454=FACE_OUTER_BOUND('',#846,.T.);
#455=FACE_OUTER_BOUND('',#847,.T.);
#456=FACE_OUTER_BOUND('',#848,.T.);
#457=FACE_OUTER_BOUND('',#849,.T.);
#458=FACE_OUTER_BOUND('',#850,.T.);
#459=FACE_OUTER_BOUND('',#851,.T.);
#460=FACE_OUTER_BOUND('',#852,.T.);
#461=FACE_OUTER_BOUND('',#853,.T.);
#462=FACE_OUTER_BOUND('',#854,.T.);
#463=FACE_OUTER_BOUND('',#855,.T.);
#464=FACE_OUTER_BOUND('',#856,.T.);
#465=FACE_OUTER_BOUND('',#857,.T.);
#466=FACE_OUTER_BOUND('',#858,.T.);
#467=FACE_OUTER_BOUND('',#859,.T.);
#468=FACE_OUTER_BOUND('',#860,.T.);
#469=FACE_OUTER_BOUND('',#861,.T.);
#470=FACE_OUTER_BOUND('',#862,.T.);
#471=FACE_OUTER_BOUND('',#864,.T.);
#472=FACE_OUTER_BOUND('',#865,.T.);
#473=FACE_OUTER_BOUND('',#866,.T.);
#474=FACE_OUTER_BOUND('',#867,.T.);
#475=FACE_OUTER_BOUND('',#868,.T.);
#476=FACE_OUTER_BOUND('',#869,.T.);
#477=FACE_OUTER_BOUND('',#870,.T.);
#478=FACE_OUTER_BOUND('',#871,.T.);
#479=FACE_OUTER_BOUND('',#872,.T.);
#480=FACE_OUTER_BOUND('',#873,.T.);
#481=FACE_OUTER_BOUND('',#874,.T.);
#482=FACE_OUTER_BOUND('',#875,.T.);
#483=FACE_OUTER_BOUND('',#876,.T.);
#484=FACE_OUTER_BOUND('',#877,.T.);
#485=FACE_OUTER_BOUND('',#878,.T.);
#486=FACE_OUTER_BOUND('',#879,.T.);
#487=FACE_OUTER_BOUND('',#880,.T.);
#488=FACE_OUTER_BOUND('',#881,.T.);
#489=FACE_OUTER_BOUND('',#882,.T.);
#490=FACE_OUTER_BOUND('',#883,.T.);
#491=FACE_OUTER_BOUND('',#884,.T.);
#492=FACE_OUTER_BOUND('',#885,.T.);
#493=FACE_OUTER_BOUND('',#886,.T.);
#494=FACE_OUTER_BOUND('',#887,.T.);
#495=FACE_OUTER_BOUND('',#888,.T.);
#496=FACE_OUTER_BOUND('',#889,.T.);
#497=FACE_OUTER_BOUND('',#890,.T.);
#498=FACE_OUTER_BOUND('',#891,.T.);
#499=FACE_OUTER_BOUND('',#892,.T.);
#500=FACE_OUTER_BOUND('',#893,.T.);
#501=FACE_OUTER_BOUND('',#894,.T.);
#502=FACE_OUTER_BOUND('',#895,.T.);
#503=FACE_OUTER_BOUND('',#896,.T.);
#504=FACE_OUTER_BOUND('',#897,.T.);
#505=FACE_OUTER_BOUND('',#898,.T.);
#506=FACE_OUTER_BOUND('',#899,.T.);
#507=FACE_OUTER_BOUND('',#900,.T.);
#508=FACE_OUTER_BOUND('',#902,.T.);
#509=FACE_OUTER_BOUND('',#903,.T.);
#510=FACE_OUTER_BOUND('',#904,.T.);
#511=FACE_OUTER_BOUND('',#905,.T.);
#512=FACE_OUTER_BOUND('',#906,.T.);
#513=FACE_OUTER_BOUND('',#907,.T.);
#514=FACE_OUTER_BOUND('',#908,.T.);
#515=FACE_OUTER_BOUND('',#909,.T.);
#516=FACE_OUTER_BOUND('',#910,.T.);
#517=FACE_OUTER_BOUND('',#911,.T.);
#518=FACE_OUTER_BOUND('',#912,.T.);
#519=FACE_OUTER_BOUND('',#913,.T.);
#520=FACE_OUTER_BOUND('',#914,.T.);
#521=FACE_OUTER_BOUND('',#915,.T.);
#522=FACE_OUTER_BOUND('',#916,.T.);
#523=FACE_OUTER_BOUND('',#917,.T.);
#524=FACE_OUTER_BOUND('',#918,.T.);
#525=FACE_OUTER_BOUND('',#919,.T.);
#526=FACE_OUTER_BOUND('',#920,.T.);
#527=FACE_OUTER_BOUND('',#921,.T.);
#528=FACE_OUTER_BOUND('',#922,.T.);
#529=FACE_OUTER_BOUND('',#923,.T.);
#530=FACE_OUTER_BOUND('',#924,.T.);
#531=FACE_OUTER_BOUND('',#925,.T.);
#532=FACE_OUTER_BOUND('',#926,.T.);
#533=FACE_OUTER_BOUND('',#927,.T.);
#534=FACE_OUTER_BOUND('',#928,.T.);
#535=FACE_OUTER_BOUND('',#929,.T.);
#536=FACE_OUTER_BOUND('',#930,.T.);
#537=FACE_OUTER_BOUND('',#931,.T.);
#538=FACE_OUTER_BOUND('',#932,.T.);
#539=FACE_OUTER_BOUND('',#933,.T.);
#540=FACE_OUTER_BOUND('',#934,.T.);
#541=FACE_OUTER_BOUND('',#935,.T.);
#542=FACE_OUTER_BOUND('',#936,.T.);
#543=FACE_OUTER_BOUND('',#937,.T.);
#544=FACE_OUTER_BOUND('',#938,.T.);
#545=FACE_OUTER_BOUND('',#939,.T.);
#546=FACE_OUTER_BOUND('',#940,.T.);
#547=FACE_OUTER_BOUND('',#941,.T.);
#548=FACE_OUTER_BOUND('',#942,.T.);
#549=FACE_OUTER_BOUND('',#943,.T.);
#550=FACE_OUTER_BOUND('',#944,.T.);
#551=FACE_OUTER_BOUND('',#945,.T.);
#552=FACE_OUTER_BOUND('',#946,.T.);
#553=FACE_OUTER_BOUND('',#947,.T.);
#554=FACE_OUTER_BOUND('',#948,.T.);
#555=FACE_OUTER_BOUND('',#949,.T.);
#556=FACE_OUTER_BOUND('',#950,.T.);
#557=FACE_OUTER_BOUND('',#951,.T.);
#558=FACE_OUTER_BOUND('',#952,.T.);
#559=FACE_OUTER_BOUND('',#953,.T.);
#560=FACE_OUTER_BOUND('',#954,.T.);
#561=FACE_OUTER_BOUND('',#955,.T.);
#562=FACE_OUTER_BOUND('',#956,.T.);
#563=FACE_OUTER_BOUND('',#957,.T.);
#564=FACE_OUTER_BOUND('',#958,.T.);
#565=FACE_OUTER_BOUND('',#959,.T.);
#566=FACE_OUTER_BOUND('',#960,.T.);
#567=FACE_OUTER_BOUND('',#961,.T.);
#568=FACE_OUTER_BOUND('',#968,.T.);
#569=FACE_OUTER_BOUND('',#969,.T.);
#570=FACE_OUTER_BOUND('',#970,.T.);
#571=FACE_OUTER_BOUND('',#971,.T.);
#572=FACE_OUTER_BOUND('',#972,.T.);
#573=FACE_OUTER_BOUND('',#973,.T.);
#574=FACE_OUTER_BOUND('',#974,.T.);
#575=FACE_OUTER_BOUND('',#975,.T.);
#576=FACE_OUTER_BOUND('',#977,.T.);
#577=FACE_OUTER_BOUND('',#978,.T.);
#578=FACE_OUTER_BOUND('',#979,.T.);
#579=FACE_OUTER_BOUND('',#980,.T.);
#580=FACE_OUTER_BOUND('',#981,.T.);
#581=FACE_OUTER_BOUND('',#982,.T.);
#582=FACE_OUTER_BOUND('',#983,.T.);
#583=FACE_OUTER_BOUND('',#984,.T.);
#584=FACE_OUTER_BOUND('',#985,.T.);
#585=FACE_OUTER_BOUND('',#986,.T.);
#586=FACE_OUTER_BOUND('',#987,.T.);
#587=FACE_OUTER_BOUND('',#988,.T.);
#588=FACE_OUTER_BOUND('',#989,.T.);
#589=FACE_OUTER_BOUND('',#990,.T.);
#590=FACE_OUTER_BOUND('',#993,.T.);
#591=FACE_OUTER_BOUND('',#994,.T.);
#592=FACE_OUTER_BOUND('',#995,.T.);
#593=FACE_OUTER_BOUND('',#998,.T.);
#594=FACE_OUTER_BOUND('',#999,.T.);
#595=FACE_OUTER_BOUND('',#1000,.T.);
#596=FACE_OUTER_BOUND('',#1001,.T.);
#597=FACE_OUTER_BOUND('',#1002,.T.);
#598=FACE_OUTER_BOUND('',#1003,.T.);
#599=FACE_OUTER_BOUND('',#1004,.T.);
#600=FACE_OUTER_BOUND('',#1005,.T.);
#601=FACE_OUTER_BOUND('',#1006,.T.);
#602=FACE_OUTER_BOUND('',#1007,.T.);
#603=FACE_OUTER_BOUND('',#1008,.T.);
#604=FACE_OUTER_BOUND('',#1009,.T.);
#605=FACE_OUTER_BOUND('',#1010,.T.);
#606=FACE_OUTER_BOUND('',#1011,.T.);
#607=FACE_OUTER_BOUND('',#1012,.T.);
#608=FACE_OUTER_BOUND('',#1013,.T.);
#609=FACE_OUTER_BOUND('',#1014,.T.);
#610=FACE_OUTER_BOUND('',#1015,.T.);
#611=FACE_OUTER_BOUND('',#1016,.T.);
#612=FACE_OUTER_BOUND('',#1017,.T.);
#613=FACE_OUTER_BOUND('',#1018,.T.);
#614=FACE_OUTER_BOUND('',#1019,.T.);
#615=FACE_OUTER_BOUND('',#1021,.T.);
#616=FACE_OUTER_BOUND('',#1022,.T.);
#617=FACE_OUTER_BOUND('',#1025,.T.);
#618=FACE_OUTER_BOUND('',#1026,.T.);
#619=FACE_OUTER_BOUND('',#1027,.T.);
#620=FACE_OUTER_BOUND('',#1028,.T.);
#621=FACE_OUTER_BOUND('',#1029,.T.);
#622=FACE_OUTER_BOUND('',#1030,.T.);
#623=FACE_OUTER_BOUND('',#1031,.T.);
#624=FACE_OUTER_BOUND('',#1032,.T.);
#625=FACE_OUTER_BOUND('',#1033,.T.);
#626=FACE_OUTER_BOUND('',#1034,.T.);
#627=FACE_OUTER_BOUND('',#1035,.T.);
#628=FACE_OUTER_BOUND('',#1036,.T.);
#629=FACE_OUTER_BOUND('',#1037,.T.);
#630=FACE_OUTER_BOUND('',#1038,.T.);
#631=FACE_OUTER_BOUND('',#1039,.T.);
#632=FACE_OUTER_BOUND('',#1040,.T.);
#633=FACE_OUTER_BOUND('',#1041,.T.);
#634=FACE_OUTER_BOUND('',#1042,.T.);
#635=FACE_OUTER_BOUND('',#1043,.T.);
#636=FACE_OUTER_BOUND('',#1044,.T.);
#637=FACE_OUTER_BOUND('',#1045,.T.);
#638=FACE_OUTER_BOUND('',#1046,.T.);
#639=FACE_OUTER_BOUND('',#1047,.T.);
#640=FACE_OUTER_BOUND('',#1048,.T.);
#641=FACE_OUTER_BOUND('',#1049,.T.);
#642=FACE_OUTER_BOUND('',#1050,.T.);
#643=FACE_OUTER_BOUND('',#1051,.T.);
#644=FACE_OUTER_BOUND('',#1052,.T.);
#645=FACE_OUTER_BOUND('',#1053,.T.);
#646=FACE_OUTER_BOUND('',#1054,.T.);
#647=FACE_OUTER_BOUND('',#1055,.T.);
#648=FACE_OUTER_BOUND('',#1056,.T.);
#649=FACE_OUTER_BOUND('',#1057,.T.);
#650=FACE_OUTER_BOUND('',#1058,.T.);
#651=FACE_OUTER_BOUND('',#1059,.T.);
#652=FACE_OUTER_BOUND('',#1060,.T.);
#653=FACE_OUTER_BOUND('',#1061,.T.);
#654=FACE_OUTER_BOUND('',#1062,.T.);
#655=FACE_OUTER_BOUND('',#1063,.T.);
#656=FACE_OUTER_BOUND('',#1064,.T.);
#657=FACE_OUTER_BOUND('',#1065,.T.);
#658=FACE_OUTER_BOUND('',#1066,.T.);
#659=FACE_OUTER_BOUND('',#1067,.T.);
#660=FACE_OUTER_BOUND('',#1068,.T.);
#661=FACE_OUTER_BOUND('',#1069,.T.);
#662=FACE_OUTER_BOUND('',#1070,.T.);
#663=FACE_OUTER_BOUND('',#1071,.T.);
#664=FACE_OUTER_BOUND('',#1072,.T.);
#665=FACE_OUTER_BOUND('',#1073,.T.);
#666=FACE_OUTER_BOUND('',#1074,.T.);
#667=FACE_OUTER_BOUND('',#1075,.T.);
#668=FACE_OUTER_BOUND('',#1076,.T.);
#669=FACE_OUTER_BOUND('',#1077,.T.);
#670=FACE_OUTER_BOUND('',#1078,.T.);
#671=FACE_OUTER_BOUND('',#1079,.T.);
#672=FACE_OUTER_BOUND('',#1080,.T.);
#673=FACE_OUTER_BOUND('',#1081,.T.);
#674=FACE_OUTER_BOUND('',#1082,.T.);
#675=FACE_OUTER_BOUND('',#1083,.T.);
#676=FACE_OUTER_BOUND('',#1084,.T.);
#677=FACE_OUTER_BOUND('',#1085,.T.);
#678=FACE_OUTER_BOUND('',#1086,.T.);
#679=FACE_OUTER_BOUND('',#1087,.T.);
#680=FACE_OUTER_BOUND('',#1088,.T.);
#681=FACE_OUTER_BOUND('',#1089,.T.);
#682=FACE_OUTER_BOUND('',#1090,.T.);
#683=FACE_OUTER_BOUND('',#1091,.T.);
#684=FACE_OUTER_BOUND('',#1092,.T.);
#685=FACE_OUTER_BOUND('',#1093,.T.);
#686=FACE_OUTER_BOUND('',#1094,.T.);
#687=FACE_OUTER_BOUND('',#1095,.T.);
#688=FACE_OUTER_BOUND('',#1096,.T.);
#689=FACE_OUTER_BOUND('',#1097,.T.);
#690=FACE_OUTER_BOUND('',#1098,.T.);
#691=FACE_OUTER_BOUND('',#1099,.T.);
#692=FACE_OUTER_BOUND('',#1100,.T.);
#693=FACE_OUTER_BOUND('',#1101,.T.);
#694=FACE_OUTER_BOUND('',#1102,.T.);
#695=FACE_OUTER_BOUND('',#1103,.T.);
#696=FACE_OUTER_BOUND('',#1104,.T.);
#697=FACE_OUTER_BOUND('',#1105,.T.);
#698=FACE_OUTER_BOUND('',#1106,.T.);
#699=FACE_OUTER_BOUND('',#1107,.T.);
#700=FACE_OUTER_BOUND('',#1108,.T.);
#701=FACE_OUTER_BOUND('',#1109,.T.);
#702=FACE_OUTER_BOUND('',#1110,.T.);
#703=FACE_OUTER_BOUND('',#1111,.T.);
#704=FACE_OUTER_BOUND('',#1112,.T.);
#705=FACE_OUTER_BOUND('',#1113,.T.);
#706=FACE_OUTER_BOUND('',#1114,.T.);
#707=FACE_OUTER_BOUND('',#1115,.T.);
#708=FACE_OUTER_BOUND('',#1116,.T.);
#709=FACE_OUTER_BOUND('',#1117,.T.);
#710=FACE_OUTER_BOUND('',#1118,.T.);
#711=FACE_OUTER_BOUND('',#1119,.T.);
#712=FACE_OUTER_BOUND('',#1120,.T.);
#713=FACE_OUTER_BOUND('',#1121,.T.);
#714=FACE_OUTER_BOUND('',#1122,.T.);
#715=FACE_OUTER_BOUND('',#1123,.T.);
#716=FACE_OUTER_BOUND('',#1124,.T.);
#717=FACE_OUTER_BOUND('',#1125,.T.);
#718=FACE_OUTER_BOUND('',#1126,.T.);
#719=FACE_OUTER_BOUND('',#1127,.T.);
#720=FACE_OUTER_BOUND('',#1128,.T.);
#721=FACE_OUTER_BOUND('',#1129,.T.);
#722=FACE_OUTER_BOUND('',#1130,.T.);
#723=FACE_OUTER_BOUND('',#1131,.T.);
#724=FACE_OUTER_BOUND('',#1132,.T.);
#725=FACE_OUTER_BOUND('',#1133,.T.);
#726=FACE_OUTER_BOUND('',#1134,.T.);
#727=FACE_OUTER_BOUND('',#1135,.T.);
#728=FACE_OUTER_BOUND('',#1136,.T.);
#729=FACE_OUTER_BOUND('',#1137,.T.);
#730=FACE_OUTER_BOUND('',#1138,.T.);
#731=FACE_OUTER_BOUND('',#1139,.T.);
#732=FACE_OUTER_BOUND('',#1140,.T.);
#733=FACE_OUTER_BOUND('',#1141,.T.);
#734=FACE_OUTER_BOUND('',#1142,.T.);
#735=FACE_OUTER_BOUND('',#1143,.T.);
#736=FACE_OUTER_BOUND('',#1144,.T.);
#737=FACE_OUTER_BOUND('',#1145,.T.);
#738=FACE_OUTER_BOUND('',#1146,.T.);
#739=FACE_OUTER_BOUND('',#1147,.T.);
#740=FACE_OUTER_BOUND('',#1148,.T.);
#741=FACE_OUTER_BOUND('',#1149,.T.);
#742=FACE_OUTER_BOUND('',#1150,.T.);
#743=FACE_OUTER_BOUND('',#1151,.T.);
#744=FACE_OUTER_BOUND('',#1152,.T.);
#745=FACE_OUTER_BOUND('',#1153,.T.);
#746=FACE_OUTER_BOUND('',#1154,.T.);
#747=FACE_OUTER_BOUND('',#1155,.T.);
#748=FACE_OUTER_BOUND('',#1156,.T.);
#749=FACE_OUTER_BOUND('',#1157,.T.);
#750=FACE_OUTER_BOUND('',#1158,.T.);
#751=FACE_OUTER_BOUND('',#1159,.T.);
#752=FACE_OUTER_BOUND('',#1160,.T.);
#753=FACE_OUTER_BOUND('',#1161,.T.);
#754=FACE_OUTER_BOUND('',#1162,.T.);
#755=FACE_OUTER_BOUND('',#1163,.T.);
#756=FACE_OUTER_BOUND('',#1164,.T.);
#757=FACE_OUTER_BOUND('',#1165,.T.);
#758=FACE_OUTER_BOUND('',#1166,.T.);
#759=FACE_OUTER_BOUND('',#1167,.T.);
#760=FACE_OUTER_BOUND('',#1168,.T.);
#761=FACE_OUTER_BOUND('',#1169,.T.);
#762=FACE_OUTER_BOUND('',#1170,.T.);
#763=FACE_OUTER_BOUND('',#1171,.T.);
#764=FACE_OUTER_BOUND('',#1172,.T.);
#765=FACE_OUTER_BOUND('',#1173,.T.);
#766=FACE_OUTER_BOUND('',#1174,.T.);
#767=FACE_OUTER_BOUND('',#1175,.T.);
#768=FACE_OUTER_BOUND('',#1176,.T.);
#769=FACE_OUTER_BOUND('',#1177,.T.);
#770=FACE_OUTER_BOUND('',#1178,.T.);
#771=FACE_OUTER_BOUND('',#1179,.T.);
#772=FACE_OUTER_BOUND('',#1180,.T.);
#773=FACE_OUTER_BOUND('',#1181,.T.);
#774=FACE_OUTER_BOUND('',#1182,.T.);
#775=FACE_OUTER_BOUND('',#1183,.T.);
#776=FACE_OUTER_BOUND('',#1184,.T.);
#777=FACE_OUTER_BOUND('',#1187,.T.);
#778=FACE_OUTER_BOUND('',#1188,.T.);
#779=FACE_OUTER_BOUND('',#1189,.T.);
#780=FACE_OUTER_BOUND('',#1190,.T.);
#781=FACE_OUTER_BOUND('',#1191,.T.);
#782=FACE_OUTER_BOUND('',#1192,.T.);
#783=FACE_OUTER_BOUND('',#1193,.T.);
#784=FACE_OUTER_BOUND('',#1194,.T.);
#785=FACE_OUTER_BOUND('',#1195,.T.);
#786=FACE_OUTER_BOUND('',#1196,.T.);
#787=FACE_OUTER_BOUND('',#1197,.T.);
#788=FACE_OUTER_BOUND('',#1198,.T.);
#789=FACE_OUTER_BOUND('',#1199,.T.);
#790=FACE_OUTER_BOUND('',#1200,.T.);
#791=FACE_OUTER_BOUND('',#1201,.T.);
#792=FACE_OUTER_BOUND('',#1202,.T.);
#793=FACE_OUTER_BOUND('',#1203,.T.);
#794=FACE_OUTER_BOUND('',#1204,.T.);
#795=FACE_OUTER_BOUND('',#1205,.T.);
#796=FACE_OUTER_BOUND('',#1206,.T.);
#797=FACE_OUTER_BOUND('',#1208,.T.);
#798=FACE_OUTER_BOUND('',#1209,.T.);
#799=FACE_OUTER_BOUND('',#1210,.T.);
#800=FACE_OUTER_BOUND('',#1211,.T.);
#801=FACE_OUTER_BOUND('',#1212,.T.);
#802=FACE_OUTER_BOUND('',#1213,.T.);
#803=EDGE_LOOP('',(#4369,#4370,#4371,#4372));
#804=EDGE_LOOP('',(#4373,#4374,#4375,#4376));
#805=EDGE_LOOP('',(#4377,#4378,#4379,#4380));
#806=EDGE_LOOP('',(#4381,#4382,#4383,#4384));
#807=EDGE_LOOP('',(#4385,#4386,#4387,#4388));
#808=EDGE_LOOP('',(#4389,#4390,#4391,#4392));
#809=EDGE_LOOP('',(#4393,#4394,#4395,#4396));
#810=EDGE_LOOP('',(#4397,#4398,#4399,#4400));
#811=EDGE_LOOP('',(#4401,#4402,#4403,#4404));
#812=EDGE_LOOP('',(#4405,#4406,#4407,#4408));
#813=EDGE_LOOP('',(#4409,#4410,#4411,#4412));
#814=EDGE_LOOP('',(#4413,#4414,#4415,#4416));
#815=EDGE_LOOP('',(#4417,#4418,#4419,#4420));
#816=EDGE_LOOP('',(#4421,#4422,#4423,#4424));
#817=EDGE_LOOP('',(#4425,#4426,#4427,#4428));
#818=EDGE_LOOP('',(#4429,#4430,#4431,#4432));
#819=EDGE_LOOP('',(#4433,#4434,#4435,#4436));
#820=EDGE_LOOP('',(#4437,#4438,#4439,#4440));
#821=EDGE_LOOP('',(#4441,#4442,#4443,#4444));
#822=EDGE_LOOP('',(#4445,#4446,#4447,#4448));
#823=EDGE_LOOP('',(#4449,#4450,#4451,#4452));
#824=EDGE_LOOP('',(#4453,#4454,#4455,#4456,#4457,#4458,#4459,#4460,#4461,
#4462,#4463,#4464,#4465));
#825=EDGE_LOOP('',(#4466,#4467,#4468,#4469,#4470,#4471,#4472,#4473));
#826=EDGE_LOOP('',(#4474,#4475,#4476,#4477));
#827=EDGE_LOOP('',(#4478,#4479,#4480,#4481));
#828=EDGE_LOOP('',(#4482,#4483,#4484,#4485));
#829=EDGE_LOOP('',(#4486,#4487,#4488,#4489));
#830=EDGE_LOOP('',(#4490,#4491,#4492,#4493));
#831=EDGE_LOOP('',(#4494,#4495,#4496,#4497));
#832=EDGE_LOOP('',(#4498,#4499,#4500,#4501));
#833=EDGE_LOOP('',(#4502,#4503,#4504,#4505));
#834=EDGE_LOOP('',(#4506,#4507,#4508,#4509));
#835=EDGE_LOOP('',(#4510,#4511,#4512,#4513));
#836=EDGE_LOOP('',(#4514,#4515,#4516,#4517));
#837=EDGE_LOOP('',(#4518,#4519,#4520,#4521));
#838=EDGE_LOOP('',(#4522,#4523,#4524,#4525));
#839=EDGE_LOOP('',(#4526,#4527,#4528,#4529));
#840=EDGE_LOOP('',(#4530,#4531,#4532,#4533));
#841=EDGE_LOOP('',(#4534,#4535,#4536,#4537));
#842=EDGE_LOOP('',(#4538,#4539,#4540,#4541));
#843=EDGE_LOOP('',(#4542,#4543,#4544,#4545));
#844=EDGE_LOOP('',(#4546,#4547,#4548,#4549));
#845=EDGE_LOOP('',(#4550,#4551,#4552,#4553));
#846=EDGE_LOOP('',(#4554,#4555,#4556,#4557));
#847=EDGE_LOOP('',(#4558,#4559,#4560,#4561));
#848=EDGE_LOOP('',(#4562,#4563,#4564,#4565));
#849=EDGE_LOOP('',(#4566,#4567,#4568,#4569));
#850=EDGE_LOOP('',(#4570,#4571,#4572,#4573));
#851=EDGE_LOOP('',(#4574,#4575,#4576,#4577));
#852=EDGE_LOOP('',(#4578,#4579,#4580,#4581));
#853=EDGE_LOOP('',(#4582,#4583,#4584,#4585));
#854=EDGE_LOOP('',(#4586,#4587,#4588,#4589));
#855=EDGE_LOOP('',(#4590,#4591,#4592,#4593));
#856=EDGE_LOOP('',(#4594,#4595,#4596,#4597));
#857=EDGE_LOOP('',(#4598,#4599,#4600,#4601));
#858=EDGE_LOOP('',(#4602,#4603,#4604,#4605));
#859=EDGE_LOOP('',(#4606,#4607,#4608,#4609));
#860=EDGE_LOOP('',(#4610,#4611,#4612,#4613));
#861=EDGE_LOOP('',(#4614,#4615,#4616,#4617));
#862=EDGE_LOOP('',(#4618,#4619,#4620,#4621,#4622,#4623,#4624,#4625,#4626,
#4627,#4628,#4629,#4630,#4631,#4632,#4633,#4634,#4635,#4636,#4637,#4638,
#4639));
#863=EDGE_LOOP('',(#4640,#4641,#4642,#4643,#4644,#4645,#4646,#4647,#4648,
#4649,#4650,#4651,#4652,#4653));
#864=EDGE_LOOP('',(#4654,#4655,#4656,#4657));
#865=EDGE_LOOP('',(#4658,#4659,#4660,#4661));
#866=EDGE_LOOP('',(#4662,#4663,#4664,#4665));
#867=EDGE_LOOP('',(#4666,#4667,#4668,#4669));
#868=EDGE_LOOP('',(#4670,#4671,#4672,#4673));
#869=EDGE_LOOP('',(#4674,#4675,#4676,#4677));
#870=EDGE_LOOP('',(#4678,#4679,#4680,#4681));
#871=EDGE_LOOP('',(#4682,#4683,#4684,#4685));
#872=EDGE_LOOP('',(#4686,#4687,#4688,#4689));
#873=EDGE_LOOP('',(#4690,#4691,#4692,#4693));
#874=EDGE_LOOP('',(#4694,#4695,#4696,#4697));
#875=EDGE_LOOP('',(#4698,#4699,#4700,#4701));
#876=EDGE_LOOP('',(#4702,#4703,#4704,#4705));
#877=EDGE_LOOP('',(#4706,#4707,#4708,#4709));
#878=EDGE_LOOP('',(#4710,#4711,#4712,#4713));
#879=EDGE_LOOP('',(#4714,#4715,#4716,#4717));
#880=EDGE_LOOP('',(#4718,#4719,#4720,#4721));
#881=EDGE_LOOP('',(#4722,#4723,#4724,#4725));
#882=EDGE_LOOP('',(#4726,#4727,#4728,#4729));
#883=EDGE_LOOP('',(#4730,#4731,#4732,#4733));
#884=EDGE_LOOP('',(#4734,#4735,#4736,#4737));
#885=EDGE_LOOP('',(#4738,#4739,#4740,#4741));
#886=EDGE_LOOP('',(#4742,#4743,#4744,#4745));
#887=EDGE_LOOP('',(#4746,#4747,#4748,#4749));
#888=EDGE_LOOP('',(#4750,#4751,#4752,#4753));
#889=EDGE_LOOP('',(#4754,#4755,#4756,#4757));
#890=EDGE_LOOP('',(#4758,#4759,#4760,#4761));
#891=EDGE_LOOP('',(#4762,#4763,#4764,#4765));
#892=EDGE_LOOP('',(#4766,#4767,#4768,#4769));
#893=EDGE_LOOP('',(#4770,#4771,#4772,#4773));
#894=EDGE_LOOP('',(#4774,#4775,#4776,#4777));
#895=EDGE_LOOP('',(#4778,#4779,#4780,#4781));
#896=EDGE_LOOP('',(#4782,#4783,#4784,#4785));
#897=EDGE_LOOP('',(#4786,#4787,#4788,#4789));
#898=EDGE_LOOP('',(#4790,#4791,#4792,#4793));
#899=EDGE_LOOP('',(#4794,#4795,#4796,#4797));
#900=EDGE_LOOP('',(#4798,#4799,#4800,#4801,#4802,#4803,#4804,#4805,#4806,
#4807,#4808,#4809,#4810,#4811,#4812,#4813,#4814,#4815,#4816,#4817,#4818,
#4819));
#901=EDGE_LOOP('',(#4820,#4821,#4822,#4823,#4824,#4825,#4826,#4827,#4828,
#4829,#4830,#4831,#4832,#4833));
#902=EDGE_LOOP('',(#4834,#4835,#4836,#4837));
#903=EDGE_LOOP('',(#4838,#4839,#4840,#4841));
#904=EDGE_LOOP('',(#4842,#4843,#4844,#4845));
#905=EDGE_LOOP('',(#4846,#4847,#4848,#4849));
#906=EDGE_LOOP('',(#4850,#4851,#4852,#4853));
#907=EDGE_LOOP('',(#4854,#4855,#4856,#4857));
#908=EDGE_LOOP('',(#4858,#4859,#4860,#4861));
#909=EDGE_LOOP('',(#4862,#4863,#4864,#4865));
#910=EDGE_LOOP('',(#4866,#4867,#4868,#4869));
#911=EDGE_LOOP('',(#4870,#4871,#4872,#4873));
#912=EDGE_LOOP('',(#4874,#4875,#4876,#4877));
#913=EDGE_LOOP('',(#4878,#4879,#4880,#4881));
#914=EDGE_LOOP('',(#4882,#4883,#4884,#4885));
#915=EDGE_LOOP('',(#4886,#4887,#4888,#4889));
#916=EDGE_LOOP('',(#4890,#4891,#4892,#4893));
#917=EDGE_LOOP('',(#4894,#4895,#4896,#4897));
#918=EDGE_LOOP('',(#4898,#4899,#4900,#4901));
#919=EDGE_LOOP('',(#4902,#4903,#4904,#4905));
#920=EDGE_LOOP('',(#4906,#4907,#4908,#4909));
#921=EDGE_LOOP('',(#4910,#4911,#4912,#4913));
#922=EDGE_LOOP('',(#4914,#4915,#4916,#4917));
#923=EDGE_LOOP('',(#4918,#4919,#4920,#4921));
#924=EDGE_LOOP('',(#4922,#4923,#4924,#4925));
#925=EDGE_LOOP('',(#4926,#4927,#4928,#4929));
#926=EDGE_LOOP('',(#4930,#4931,#4932,#4933,#4934,#4935,#4936,#4937,#4938,
#4939,#4940,#4941,#4942,#4943,#4944,#4945,#4946,#4947,#4948,#4949,#4950,
#4951,#4952,#4953));
#927=EDGE_LOOP('',(#4954,#4955,#4956,#4957));
#928=EDGE_LOOP('',(#4958,#4959,#4960,#4961));
#929=EDGE_LOOP('',(#4962,#4963,#4964,#4965));
#930=EDGE_LOOP('',(#4966,#4967,#4968,#4969));
#931=EDGE_LOOP('',(#4970,#4971,#4972,#4973));
#932=EDGE_LOOP('',(#4974,#4975,#4976,#4977));
#933=EDGE_LOOP('',(#4978,#4979,#4980,#4981));
#934=EDGE_LOOP('',(#4982,#4983,#4984,#4985));
#935=EDGE_LOOP('',(#4986,#4987,#4988,#4989));
#936=EDGE_LOOP('',(#4990,#4991,#4992,#4993));
#937=EDGE_LOOP('',(#4994,#4995,#4996,#4997));
#938=EDGE_LOOP('',(#4998,#4999,#5000,#5001));
#939=EDGE_LOOP('',(#5002,#5003,#5004,#5005));
#940=EDGE_LOOP('',(#5006,#5007,#5008,#5009));
#941=EDGE_LOOP('',(#5010,#5011,#5012,#5013));
#942=EDGE_LOOP('',(#5014,#5015,#5016,#5017));
#943=EDGE_LOOP('',(#5018,#5019,#5020,#5021));
#944=EDGE_LOOP('',(#5022,#5023,#5024,#5025));
#945=EDGE_LOOP('',(#5026,#5027,#5028,#5029));
#946=EDGE_LOOP('',(#5030,#5031,#5032,#5033));
#947=EDGE_LOOP('',(#5034,#5035,#5036,#5037));
#948=EDGE_LOOP('',(#5038,#5039,#5040,#5041));
#949=EDGE_LOOP('',(#5042,#5043,#5044,#5045));
#950=EDGE_LOOP('',(#5046,#5047,#5048,#5049));
#951=EDGE_LOOP('',(#5050,#5051,#5052,#5053));
#952=EDGE_LOOP('',(#5054,#5055,#5056,#5057));
#953=EDGE_LOOP('',(#5058,#5059,#5060,#5061,#5062,#5063,#5064,#5065,#5066,
#5067,#5068,#5069,#5070,#5071,#5072,#5073,#5074,#5075,#5076,#5077,#5078,
#5079,#5080,#5081,#5082,#5083));
#954=EDGE_LOOP('',(#5084,#5085,#5086,#5087));
#955=EDGE_LOOP('',(#5088,#5089,#5090,#5091));
#956=EDGE_LOOP('',(#5092,#5093,#5094,#5095));
#957=EDGE_LOOP('',(#5096,#5097,#5098,#5099));
#958=EDGE_LOOP('',(#5100,#5101,#5102,#5103));
#959=EDGE_LOOP('',(#5104,#5105,#5106,#5107));
#960=EDGE_LOOP('',(#5108,#5109,#5110,#5111,#5112,#5113));
#961=EDGE_LOOP('',(#5114,#5115,#5116,#5117));
#962=EDGE_LOOP('',(#5118,#5119,#5120,#5121,#5122,#5123));
#963=EDGE_LOOP('',(#5124,#5125,#5126,#5127,#5128,#5129,#5130,#5131,#5132,
#5133,#5134,#5135,#5136,#5137,#5138,#5139,#5140,#5141,#5142,#5143,#5144,
#5145,#5146,#5147,#5148,#5149));
#964=EDGE_LOOP('',(#5150,#5151,#5152,#5153,#5154,#5155,#5156,#5157,#5158,
#5159,#5160,#5161,#5162,#5163,#5164,#5165,#5166,#5167,#5168,#5169,#5170,
#5171,#5172,#5173));
#965=EDGE_LOOP('',(#5174,#5175,#5176,#5177,#5178,#5179,#5180,#5181,#5182,
#5183,#5184,#5185,#5186,#5187,#5188,#5189,#5190,#5191,#5192,#5193,#5194,
#5195));
#966=EDGE_LOOP('',(#5196,#5197,#5198,#5199,#5200,#5201,#5202,#5203,#5204,
#5205,#5206,#5207,#5208,#5209,#5210,#5211,#5212,#5213,#5214,#5215,#5216,
#5217));
#967=EDGE_LOOP('',(#5218,#5219,#5220,#5221,#5222,#5223,#5224,#5225,#5226,
#5227,#5228,#5229,#5230));
#968=EDGE_LOOP('',(#5231,#5232,#5233,#5234,#5235,#5236,#5237,#5238,#5239,
#5240,#5241,#5242,#5243,#5244));
#969=EDGE_LOOP('',(#5245,#5246,#5247,#5248,#5249,#5250,#5251,#5252,#5253,
#5254,#5255,#5256,#5257,#5258));
#970=EDGE_LOOP('',(#5259,#5260,#5261,#5262));
#971=EDGE_LOOP('',(#5263,#5264,#5265,#5266));
#972=EDGE_LOOP('',(#5267,#5268,#5269,#5270));
#973=EDGE_LOOP('',(#5271,#5272,#5273,#5274));
#974=EDGE_LOOP('',(#5275,#5276,#5277,#5278,#5279));
#975=EDGE_LOOP('',(#5280,#5281,#5282,#5283,#5284,#5285));
#976=EDGE_LOOP('',(#5286));
#977=EDGE_LOOP('',(#5287,#5288,#5289,#5290));
#978=EDGE_LOOP('',(#5291,#5292,#5293,#5294));
#979=EDGE_LOOP('',(#5295,#5296,#5297,#5298));
#980=EDGE_LOOP('',(#5299,#5300,#5301,#5302));
#981=EDGE_LOOP('',(#5303,#5304,#5305,#5306));
#982=EDGE_LOOP('',(#5307,#5308,#5309,#5310));
#983=EDGE_LOOP('',(#5311,#5312,#5313,#5314));
#984=EDGE_LOOP('',(#5315,#5316,#5317,#5318));
#985=EDGE_LOOP('',(#5319,#5320,#5321,#5322));
#986=EDGE_LOOP('',(#5323,#5324,#5325,#5326,#5327));
#987=EDGE_LOOP('',(#5328,#5329,#5330,#5331));
#988=EDGE_LOOP('',(#5332,#5333,#5334,#5335,#5336));
#989=EDGE_LOOP('',(#5337,#5338,#5339,#5340));
#990=EDGE_LOOP('',(#5341,#5342,#5343,#5344,#5345,#5346,#5347,#5348,#5349,
#5350,#5351,#5352,#5353,#5354,#5355,#5356,#5357,#5358,#5359,#5360,#5361,
#5362,#5363,#5364,#5365,#5366,#5367,#5368,#5369,#5370,#5371,#5372,#5373,
#5374,#5375,#5376,#5377,#5378,#5379,#5380,#5381,#5382,#5383,#5384));
#991=EDGE_LOOP('',(#5385,#5386,#5387,#5388,#5389,#5390,#5391,#5392,#5393,
#5394,#5395,#5396,#5397,#5398));
#992=EDGE_LOOP('',(#5399,#5400,#5401,#5402,#5403));
#993=EDGE_LOOP('',(#5404,#5405,#5406,#5407));
#994=EDGE_LOOP('',(#5408,#5409,#5410,#5411));
#995=EDGE_LOOP('',(#5412,#5413,#5414,#5415,#5416,#5417,#5418,#5419,#5420,
#5421,#5422,#5423,#5424,#5425,#5426,#5427,#5428,#5429,#5430,#5431,#5432,
#5433,#5434,#5435,#5436,#5437,#5438,#5439,#5440,#5441,#5442,#5443,#5444,
#5445,#5446,#5447,#5448,#5449,#5450,#5451,#5452,#5453,#5454,#5455));
#996=EDGE_LOOP('',(#5456,#5457,#5458,#5459,#5460,#5461,#5462,#5463,#5464,
#5465,#5466,#5467,#5468,#5469));
#997=EDGE_LOOP('',(#5470,#5471,#5472,#5473,#5474));
#998=EDGE_LOOP('',(#5475,#5476,#5477,#5478));
#999=EDGE_LOOP('',(#5479,#5480,#5481,#5482,#5483));
#1000=EDGE_LOOP('',(#5484,#5485,#5486,#5487));
#1001=EDGE_LOOP('',(#5488,#5489,#5490,#5491));
#1002=EDGE_LOOP('',(#5492,#5493,#5494,#5495));
#1003=EDGE_LOOP('',(#5496,#5497,#5498,#5499));
#1004=EDGE_LOOP('',(#5500,#5501,#5502,#5503));
#1005=EDGE_LOOP('',(#5504,#5505,#5506,#5507,#5508));
#1006=EDGE_LOOP('',(#5509,#5510,#5511,#5512));
#1007=EDGE_LOOP('',(#5513,#5514,#5515,#5516));
#1008=EDGE_LOOP('',(#5517,#5518,#5519,#5520));
#1009=EDGE_LOOP('',(#5521,#5522,#5523,#5524));
#1010=EDGE_LOOP('',(#5525,#5526,#5527,#5528));
#1011=EDGE_LOOP('',(#5529,#5530,#5531,#5532,#5533));
#1012=EDGE_LOOP('',(#5534,#5535,#5536,#5537));
#1013=EDGE_LOOP('',(#5538,#5539,#5540,#5541));
#1014=EDGE_LOOP('',(#5542,#5543,#5544,#5545,#5546));
#1015=EDGE_LOOP('',(#5547,#5548,#5549,#5550,#5551,#5552));
#1016=EDGE_LOOP('',(#5553,#5554,#5555,#5556));
#1017=EDGE_LOOP('',(#5557,#5558,#5559,#5560));
#1018=EDGE_LOOP('',(#5561,#5562,#5563,#5564));
#1019=EDGE_LOOP('',(#5565,#5566,#5567,#5568));
#1020=EDGE_LOOP('',(#5569));
#1021=EDGE_LOOP('',(#5570,#5571,#5572,#5573));
#1022=EDGE_LOOP('',(#5574,#5575,#5576,#5577,#5578,#5579,#5580,#5581));
#1023=EDGE_LOOP('',(#5582));
#1024=EDGE_LOOP('',(#5583));
#1025=EDGE_LOOP('',(#5584,#5585,#5586,#5587,#5588,#5589,#5590,#5591,#5592,
#5593));
#1026=EDGE_LOOP('',(#5594,#5595,#5596,#5597));
#1027=EDGE_LOOP('',(#5598,#5599,#5600,#5601,#5602));
#1028=EDGE_LOOP('',(#5603,#5604,#5605,#5606));
#1029=EDGE_LOOP('',(#5607,#5608,#5609,#5610));
#1030=EDGE_LOOP('',(#5611,#5612,#5613,#5614,#5615));
#1031=EDGE_LOOP('',(#5616,#5617,#5618,#5619,#5620));
#1032=EDGE_LOOP('',(#5621,#5622,#5623,#5624,#5625));
#1033=EDGE_LOOP('',(#5626,#5627,#5628,#5629));
#1034=EDGE_LOOP('',(#5630,#5631,#5632,#5633));
#1035=EDGE_LOOP('',(#5634,#5635,#5636,#5637));
#1036=EDGE_LOOP('',(#5638,#5639,#5640,#5641));
#1037=EDGE_LOOP('',(#5642,#5643,#5644,#5645));
#1038=EDGE_LOOP('',(#5646,#5647,#5648,#5649));
#1039=EDGE_LOOP('',(#5650,#5651,#5652,#5653));
#1040=EDGE_LOOP('',(#5654,#5655,#5656,#5657));
#1041=EDGE_LOOP('',(#5658,#5659,#5660,#5661));
#1042=EDGE_LOOP('',(#5662,#5663,#5664,#5665));
#1043=EDGE_LOOP('',(#5666,#5667,#5668,#5669));
#1044=EDGE_LOOP('',(#5670,#5671,#5672,#5673));
#1045=EDGE_LOOP('',(#5674,#5675,#5676,#5677));
#1046=EDGE_LOOP('',(#5678,#5679,#5680,#5681));
#1047=EDGE_LOOP('',(#5682,#5683,#5684,#5685));
#1048=EDGE_LOOP('',(#5686,#5687,#5688,#5689));
#1049=EDGE_LOOP('',(#5690,#5691,#5692,#5693));
#1050=EDGE_LOOP('',(#5694,#5695,#5696,#5697));
#1051=EDGE_LOOP('',(#5698,#5699,#5700,#5701));
#1052=EDGE_LOOP('',(#5702,#5703,#5704,#5705));
#1053=EDGE_LOOP('',(#5706,#5707,#5708,#5709));
#1054=EDGE_LOOP('',(#5710,#5711,#5712,#5713));
#1055=EDGE_LOOP('',(#5714,#5715,#5716,#5717,#5718));
#1056=EDGE_LOOP('',(#5719,#5720,#5721));
#1057=EDGE_LOOP('',(#5722,#5723,#5724,#5725));
#1058=EDGE_LOOP('',(#5726,#5727,#5728,#5729));
#1059=EDGE_LOOP('',(#5730,#5731,#5732,#5733));
#1060=EDGE_LOOP('',(#5734,#5735,#5736,#5737));
#1061=EDGE_LOOP('',(#5738,#5739,#5740,#5741));
#1062=EDGE_LOOP('',(#5742,#5743,#5744,#5745));
#1063=EDGE_LOOP('',(#5746,#5747,#5748,#5749));
#1064=EDGE_LOOP('',(#5750,#5751,#5752,#5753));
#1065=EDGE_LOOP('',(#5754,#5755,#5756,#5757));
#1066=EDGE_LOOP('',(#5758,#5759,#5760,#5761));
#1067=EDGE_LOOP('',(#5762,#5763,#5764,#5765));
#1068=EDGE_LOOP('',(#5766,#5767,#5768,#5769));
#1069=EDGE_LOOP('',(#5770,#5771,#5772,#5773));
#1070=EDGE_LOOP('',(#5774,#5775,#5776,#5777));
#1071=EDGE_LOOP('',(#5778,#5779,#5780,#5781));
#1072=EDGE_LOOP('',(#5782,#5783,#5784,#5785));
#1073=EDGE_LOOP('',(#5786,#5787,#5788,#5789));
#1074=EDGE_LOOP('',(#5790,#5791,#5792,#5793));
#1075=EDGE_LOOP('',(#5794,#5795,#5796,#5797));
#1076=EDGE_LOOP('',(#5798,#5799,#5800,#5801));
#1077=EDGE_LOOP('',(#5802,#5803,#5804,#5805));
#1078=EDGE_LOOP('',(#5806,#5807,#5808,#5809));
#1079=EDGE_LOOP('',(#5810,#5811,#5812,#5813));
#1080=EDGE_LOOP('',(#5814,#5815,#5816,#5817));
#1081=EDGE_LOOP('',(#5818,#5819,#5820,#5821));
#1082=EDGE_LOOP('',(#5822,#5823,#5824,#5825));
#1083=EDGE_LOOP('',(#5826,#5827,#5828,#5829));
#1084=EDGE_LOOP('',(#5830,#5831,#5832,#5833));
#1085=EDGE_LOOP('',(#5834,#5835,#5836,#5837));
#1086=EDGE_LOOP('',(#5838,#5839,#5840,#5841,#5842,#5843));
#1087=EDGE_LOOP('',(#5844,#5845,#5846,#5847,#5848));
#1088=EDGE_LOOP('',(#5849,#5850,#5851,#5852));
#1089=EDGE_LOOP('',(#5853,#5854,#5855,#5856));
#1090=EDGE_LOOP('',(#5857,#5858,#5859,#5860));
#1091=EDGE_LOOP('',(#5861,#5862,#5863,#5864));
#1092=EDGE_LOOP('',(#5865,#5866,#5867,#5868));
#1093=EDGE_LOOP('',(#5869,#5870,#5871,#5872));
#1094=EDGE_LOOP('',(#5873,#5874,#5875,#5876));
#1095=EDGE_LOOP('',(#5877,#5878,#5879,#5880));
#1096=EDGE_LOOP('',(#5881,#5882,#5883,#5884));
#1097=EDGE_LOOP('',(#5885,#5886,#5887,#5888));
#1098=EDGE_LOOP('',(#5889,#5890,#5891,#5892));
#1099=EDGE_LOOP('',(#5893,#5894,#5895,#5896));
#1100=EDGE_LOOP('',(#5897,#5898,#5899,#5900));
#1101=EDGE_LOOP('',(#5901,#5902,#5903,#5904));
#1102=EDGE_LOOP('',(#5905,#5906,#5907,#5908));
#1103=EDGE_LOOP('',(#5909,#5910,#5911,#5912));
#1104=EDGE_LOOP('',(#5913,#5914,#5915,#5916));
#1105=EDGE_LOOP('',(#5917,#5918,#5919,#5920));
#1106=EDGE_LOOP('',(#5921,#5922,#5923,#5924));
#1107=EDGE_LOOP('',(#5925,#5926,#5927,#5928));
#1108=EDGE_LOOP('',(#5929,#5930,#5931,#5932));
#1109=EDGE_LOOP('',(#5933,#5934,#5935,#5936));
#1110=EDGE_LOOP('',(#5937,#5938,#5939,#5940,#5941));
#1111=EDGE_LOOP('',(#5942,#5943,#5944));
#1112=EDGE_LOOP('',(#5945,#5946,#5947,#5948));
#1113=EDGE_LOOP('',(#5949,#5950,#5951,#5952));
#1114=EDGE_LOOP('',(#5953,#5954,#5955,#5956,#5957,#5958,#5959));
#1115=EDGE_LOOP('',(#5960,#5961,#5962,#5963));
#1116=EDGE_LOOP('',(#5964,#5965,#5966,#5967));
#1117=EDGE_LOOP('',(#5968,#5969,#5970,#5971));
#1118=EDGE_LOOP('',(#5972,#5973,#5974,#5975));
#1119=EDGE_LOOP('',(#5976,#5977,#5978,#5979));
#1120=EDGE_LOOP('',(#5980,#5981,#5982,#5983));
#1121=EDGE_LOOP('',(#5984,#5985,#5986,#5987));
#1122=EDGE_LOOP('',(#5988,#5989,#5990,#5991));
#1123=EDGE_LOOP('',(#5992,#5993,#5994,#5995));
#1124=EDGE_LOOP('',(#5996,#5997,#5998,#5999));
#1125=EDGE_LOOP('',(#6000,#6001,#6002,#6003));
#1126=EDGE_LOOP('',(#6004,#6005,#6006,#6007));
#1127=EDGE_LOOP('',(#6008,#6009,#6010,#6011));
#1128=EDGE_LOOP('',(#6012,#6013,#6014,#6015));
#1129=EDGE_LOOP('',(#6016,#6017,#6018,#6019));
#1130=EDGE_LOOP('',(#6020,#6021,#6022,#6023,#6024,#6025,#6026,#6027));
#1131=EDGE_LOOP('',(#6028,#6029,#6030,#6031));
#1132=EDGE_LOOP('',(#6032,#6033,#6034,#6035));
#1133=EDGE_LOOP('',(#6036,#6037,#6038,#6039));
#1134=EDGE_LOOP('',(#6040,#6041,#6042,#6043));
#1135=EDGE_LOOP('',(#6044,#6045,#6046));
#1136=EDGE_LOOP('',(#6047,#6048,#6049,#6050));
#1137=EDGE_LOOP('',(#6051,#6052,#6053,#6054,#6055));
#1138=EDGE_LOOP('',(#6056,#6057,#6058,#6059));
#1139=EDGE_LOOP('',(#6060,#6061,#6062,#6063));
#1140=EDGE_LOOP('',(#6064,#6065,#6066,#6067));
#1141=EDGE_LOOP('',(#6068,#6069,#6070,#6071));
#1142=EDGE_LOOP('',(#6072,#6073,#6074,#6075));
#1143=EDGE_LOOP('',(#6076,#6077,#6078,#6079));
#1144=EDGE_LOOP('',(#6080,#6081,#6082,#6083));
#1145=EDGE_LOOP('',(#6084,#6085,#6086,#6087));
#1146=EDGE_LOOP('',(#6088,#6089,#6090,#6091));
#1147=EDGE_LOOP('',(#6092,#6093,#6094,#6095));
#1148=EDGE_LOOP('',(#6096,#6097,#6098,#6099));
#1149=EDGE_LOOP('',(#6100,#6101,#6102,#6103));
#1150=EDGE_LOOP('',(#6104,#6105,#6106,#6107,#6108));
#1151=EDGE_LOOP('',(#6109,#6110,#6111,#6112));
#1152=EDGE_LOOP('',(#6113,#6114,#6115,#6116));
#1153=EDGE_LOOP('',(#6117,#6118,#6119,#6120,#6121));
#1154=EDGE_LOOP('',(#6122,#6123,#6124,#6125));
#1155=EDGE_LOOP('',(#6126,#6127,#6128,#6129));
#1156=EDGE_LOOP('',(#6130,#6131,#6132,#6133));
#1157=EDGE_LOOP('',(#6134,#6135,#6136,#6137));
#1158=EDGE_LOOP('',(#6138,#6139,#6140,#6141));
#1159=EDGE_LOOP('',(#6142,#6143,#6144,#6145));
#1160=EDGE_LOOP('',(#6146,#6147,#6148,#6149));
#1161=EDGE_LOOP('',(#6150,#6151,#6152,#6153));
#1162=EDGE_LOOP('',(#6154,#6155,#6156,#6157));
#1163=EDGE_LOOP('',(#6158,#6159,#6160,#6161));
#1164=EDGE_LOOP('',(#6162,#6163,#6164,#6165));
#1165=EDGE_LOOP('',(#6166,#6167,#6168,#6169));
#1166=EDGE_LOOP('',(#6170,#6171,#6172,#6173));
#1167=EDGE_LOOP('',(#6174,#6175,#6176,#6177));
#1168=EDGE_LOOP('',(#6178,#6179,#6180,#6181));
#1169=EDGE_LOOP('',(#6182,#6183,#6184,#6185));
#1170=EDGE_LOOP('',(#6186,#6187,#6188,#6189));
#1171=EDGE_LOOP('',(#6190,#6191,#6192,#6193));
#1172=EDGE_LOOP('',(#6194,#6195,#6196,#6197));
#1173=EDGE_LOOP('',(#6198,#6199,#6200,#6201));
#1174=EDGE_LOOP('',(#6202,#6203,#6204,#6205));
#1175=EDGE_LOOP('',(#6206,#6207,#6208,#6209));
#1176=EDGE_LOOP('',(#6210,#6211,#6212,#6213));
#1177=EDGE_LOOP('',(#6214,#6215,#6216,#6217));
#1178=EDGE_LOOP('',(#6218,#6219,#6220,#6221));
#1179=EDGE_LOOP('',(#6222,#6223,#6224,#6225));
#1180=EDGE_LOOP('',(#6226,#6227,#6228,#6229,#6230));
#1181=EDGE_LOOP('',(#6231,#6232,#6233,#6234,#6235));
#1182=EDGE_LOOP('',(#6236,#6237,#6238,#6239,#6240));
#1183=EDGE_LOOP('',(#6241,#6242,#6243,#6244));
#1184=EDGE_LOOP('',(#6245,#6246,#6247,#6248,#6249,#6250,#6251,#6252,#6253,
#6254,#6255,#6256,#6257,#6258,#6259,#6260,#6261,#6262,#6263,#6264));
#1185=EDGE_LOOP('',(#6265,#6266,#6267,#6268,#6269));
#1186=EDGE_LOOP('',(#6270,#6271,#6272,#6273,#6274));
#1187=EDGE_LOOP('',(#6275,#6276,#6277,#6278,#6279,#6280,#6281,#6282,#6283,
#6284,#6285,#6286,#6287,#6288,#6289,#6290,#6291,#6292,#6293,#6294,#6295));
#1188=EDGE_LOOP('',(#6296,#6297,#6298,#6299));
#1189=EDGE_LOOP('',(#6300,#6301,#6302,#6303));
#1190=EDGE_LOOP('',(#6304,#6305,#6306,#6307,#6308));
#1191=EDGE_LOOP('',(#6309,#6310,#6311,#6312));
#1192=EDGE_LOOP('',(#6313,#6314,#6315,#6316));
#1193=EDGE_LOOP('',(#6317,#6318,#6319,#6320));
#1194=EDGE_LOOP('',(#6321,#6322,#6323,#6324));
#1195=EDGE_LOOP('',(#6325,#6326,#6327,#6328));
#1196=EDGE_LOOP('',(#6329,#6330,#6331,#6332));
#1197=EDGE_LOOP('',(#6333,#6334,#6335,#6336));
#1198=EDGE_LOOP('',(#6337,#6338,#6339,#6340));
#1199=EDGE_LOOP('',(#6341,#6342,#6343,#6344));
#1200=EDGE_LOOP('',(#6345,#6346,#6347,#6348));
#1201=EDGE_LOOP('',(#6349,#6350,#6351,#6352));
#1202=EDGE_LOOP('',(#6353,#6354,#6355,#6356));
#1203=EDGE_LOOP('',(#6357,#6358,#6359,#6360));
#1204=EDGE_LOOP('',(#6361,#6362,#6363,#6364));
#1205=EDGE_LOOP('',(#6365,#6366,#6367,#6368));
#1206=EDGE_LOOP('',(#6369,#6370,#6371,#6372,#6373,#6374,#6375));
#1207=EDGE_LOOP('',(#6376));
#1208=EDGE_LOOP('',(#6377,#6378,#6379,#6380));
#1209=EDGE_LOOP('',(#6381,#6382,#6383,#6384));
#1210=EDGE_LOOP('',(#6385,#6386,#6387,#6388));
#1211=EDGE_LOOP('',(#6389,#6390,#6391,#6392));
#1212=EDGE_LOOP('',(#6393,#6394,#6395,#6396));
#1213=EDGE_LOOP('',(#6397,#6398,#6399,#6400));
#1214=LINE('',#8820,#1967);
#1215=LINE('',#8822,#1968);
#1216=LINE('',#8824,#1969);
#1217=LINE('',#8825,#1970);
#1218=LINE('',#8828,#1971);
#1219=LINE('',#8830,#1972);
#1220=LINE('',#8831,#1973);
#1221=LINE('',#8843,#1974);
#1222=LINE('',#8858,#1975);
#1223=LINE('',#8864,#1976);
#1224=LINE('',#8866,#1977);
#1225=LINE('',#8867,#1978);
#1226=LINE('',#8879,#1979);
#1227=LINE('',#8894,#1980);
#1228=LINE('',#8899,#1981);
#1229=LINE('',#8900,#1982);
#1230=LINE('',#8904,#1983);
#1231=LINE('',#8906,#1984);
#1232=LINE('',#8908,#1985);
#1233=LINE('',#8909,#1986);
#1234=LINE('',#8912,#1987);
#1235=LINE('',#8914,#1988);
#1236=LINE('',#8915,#1989);
#1237=LINE('',#8918,#1990);
#1238=LINE('',#8920,#1991);
#1239=LINE('',#8921,#1992);
#1240=LINE('',#8924,#1993);
#1241=LINE('',#8926,#1994);
#1242=LINE('',#8927,#1995);
#1243=LINE('',#8930,#1996);
#1244=LINE('',#8932,#1997);
#1245=LINE('',#8933,#1998);
#1246=LINE('',#8936,#1999);
#1247=LINE('',#8938,#2000);
#1248=LINE('',#8939,#2001);
#1249=LINE('',#8951,#2002);
#1250=LINE('',#8966,#2003);
#1251=LINE('',#8972,#2004);
#1252=LINE('',#8974,#2005);
#1253=LINE('',#8975,#2006);
#1254=LINE('',#8987,#2007);
#1255=LINE('',#9002,#2008);
#1256=LINE('',#9008,#2009);
#1257=LINE('',#9010,#2010);
#1258=LINE('',#9011,#2011);
#1259=LINE('',#9013,#2012);
#1260=LINE('',#9014,#2013);
#1261=LINE('',#9028,#2014);
#1262=LINE('',#9033,#2015);
#1263=LINE('',#9045,#2016);
#1264=LINE('',#9051,#2017);
#1265=LINE('',#9053,#2018);
#1266=LINE('',#9054,#2019);
#1267=LINE('',#9066,#2020);
#1268=LINE('',#9081,#2021);
#1269=LINE('',#9096,#2022);
#1270=LINE('',#9111,#2023);
#1271=LINE('',#9126,#2024);
#1272=LINE('',#9141,#2025);
#1273=LINE('',#9147,#2026);
#1274=LINE('',#9149,#2027);
#1275=LINE('',#9150,#2028);
#1276=LINE('',#9162,#2029);
#1277=LINE('',#9177,#2030);
#1278=LINE('',#9192,#2031);
#1279=LINE('',#9220,#2032);
#1280=LINE('',#9225,#2033);
#1281=LINE('',#9237,#2034);
#1282=LINE('',#9252,#2035);
#1283=LINE('',#9267,#2036);
#1284=LINE('',#9273,#2037);
#1285=LINE('',#9275,#2038);
#1286=LINE('',#9276,#2039);
#1287=LINE('',#9288,#2040);
#1288=LINE('',#9303,#2041);
#1289=LINE('',#9318,#2042);
#1290=LINE('',#9333,#2043);
#1291=LINE('',#9348,#2044);
#1292=LINE('',#9363,#2045);
#1293=LINE('',#9378,#2046);
#1294=LINE('',#9393,#2047);
#1295=LINE('',#9408,#2048);
#1296=LINE('',#9423,#2049);
#1297=LINE('',#9429,#2050);
#1298=LINE('',#9431,#2051);
#1299=LINE('',#9432,#2052);
#1300=LINE('',#9444,#2053);
#1301=LINE('',#9459,#2054);
#1302=LINE('',#9474,#2055);
#1303=LINE('',#9489,#2056);
#1304=LINE('',#9504,#2057);
#1305=LINE('',#9533,#2058);
#1306=LINE('',#9538,#2059);
#1307=LINE('',#9550,#2060);
#1308=LINE('',#9556,#2061);
#1309=LINE('',#9558,#2062);
#1310=LINE('',#9559,#2063);
#1311=LINE('',#9571,#2064);
#1312=LINE('',#9586,#2065);
#1313=LINE('',#9601,#2066);
#1314=LINE('',#9616,#2067);
#1315=LINE('',#9631,#2068);
#1316=LINE('',#9646,#2069);
#1317=LINE('',#9652,#2070);
#1318=LINE('',#9654,#2071);
#1319=LINE('',#9655,#2072);
#1320=LINE('',#9667,#2073);
#1321=LINE('',#9682,#2074);
#1322=LINE('',#9697,#2075);
#1323=LINE('',#9725,#2076);
#1324=LINE('',#9730,#2077);
#1325=LINE('',#9742,#2078);
#1326=LINE('',#9757,#2079);
#1327=LINE('',#9772,#2080);
#1328=LINE('',#9778,#2081);
#1329=LINE('',#9780,#2082);
#1330=LINE('',#9781,#2083);
#1331=LINE('',#9793,#2084);
#1332=LINE('',#9808,#2085);
#1333=LINE('',#9823,#2086);
#1334=LINE('',#9838,#2087);
#1335=LINE('',#9853,#2088);
#1336=LINE('',#9868,#2089);
#1337=LINE('',#9883,#2090);
#1338=LINE('',#9898,#2091);
#1339=LINE('',#9913,#2092);
#1340=LINE('',#9928,#2093);
#1341=LINE('',#9934,#2094);
#1342=LINE('',#9936,#2095);
#1343=LINE('',#9937,#2096);
#1344=LINE('',#9949,#2097);
#1345=LINE('',#9964,#2098);
#1346=LINE('',#9979,#2099);
#1347=LINE('',#9994,#2100);
#1348=LINE('',#10009,#2101);
#1349=LINE('',#10029,#2102);
#1350=LINE('',#10031,#2103);
#1351=LINE('',#10033,#2104);
#1352=LINE('',#10034,#2105);
#1353=LINE('',#10037,#2106);
#1354=LINE('',#10039,#2107);
#1355=LINE('',#10040,#2108);
#1356=LINE('',#10043,#2109);
#1357=LINE('',#10045,#2110);
#1358=LINE('',#10046,#2111);
#1359=LINE('',#10049,#2112);
#1360=LINE('',#10051,#2113);
#1361=LINE('',#10052,#2114);
#1362=LINE('',#10064,#2115);
#1363=LINE('',#10079,#2116);
#1364=LINE('',#10094,#2117);
#1365=LINE('',#10109,#2118);
#1366=LINE('',#10124,#2119);
#1367=LINE('',#10130,#2120);
#1368=LINE('',#10132,#2121);
#1369=LINE('',#10133,#2122);
#1370=LINE('',#10145,#2123);
#1371=LINE('',#10160,#2124);
#1372=LINE('',#10175,#2125);
#1373=LINE('',#10181,#2126);
#1374=LINE('',#10183,#2127);
#1375=LINE('',#10184,#2128);
#1376=LINE('',#10196,#2129);
#1377=LINE('',#10211,#2130);
#1378=LINE('',#10226,#2131);
#1379=LINE('',#10232,#2132);
#1380=LINE('',#10234,#2133);
#1381=LINE('',#10235,#2134);
#1382=LINE('',#10247,#2135);
#1383=LINE('',#10262,#2136);
#1384=LINE('',#10277,#2137);
#1385=LINE('',#10292,#2138);
#1386=LINE('',#10307,#2139);
#1387=LINE('',#10312,#2140);
#1388=LINE('',#10313,#2141);
#1389=LINE('',#10327,#2142);
#1390=LINE('',#10332,#2143);
#1391=LINE('',#10344,#2144);
#1392=LINE('',#10350,#2145);
#1393=LINE('',#10352,#2146);
#1394=LINE('',#10353,#2147);
#1395=LINE('',#10365,#2148);
#1396=LINE('',#10380,#2149);
#1397=LINE('',#10386,#2150);
#1398=LINE('',#10388,#2151);
#1399=LINE('',#10389,#2152);
#1400=LINE('',#10401,#2153);
#1401=LINE('',#10407,#2154);
#1402=LINE('',#10409,#2155);
#1403=LINE('',#10410,#2156);
#1404=LINE('',#10422,#2157);
#1405=LINE('',#10437,#2158);
#1406=LINE('',#10452,#2159);
#1407=LINE('',#10458,#2160);
#1408=LINE('',#10460,#2161);
#1409=LINE('',#10461,#2162);
#1410=LINE('',#10473,#2163);
#1411=LINE('',#10488,#2164);
#1412=LINE('',#10503,#2165);
#1413=LINE('',#10509,#2166);
#1414=LINE('',#10511,#2167);
#1415=LINE('',#10512,#2168);
#1416=LINE('',#10524,#2169);
#1417=LINE('',#10530,#2170);
#1418=LINE('',#10532,#2171);
#1419=LINE('',#10533,#2172);
#1420=LINE('',#10545,#2173);
#1421=LINE('',#10560,#2174);
#1422=LINE('',#10566,#2175);
#1423=LINE('',#10568,#2176);
#1424=LINE('',#10569,#2177);
#1425=LINE('',#10581,#2178);
#1426=LINE('',#10596,#2179);
#1427=LINE('',#10602,#2180);
#1428=LINE('',#10604,#2181);
#1429=LINE('',#10605,#2182);
#1430=LINE('',#10617,#2183);
#1431=LINE('',#10637,#2184);
#1432=LINE('',#10639,#2185);
#1433=LINE('',#10641,#2186);
#1434=LINE('',#10642,#2187);
#1435=LINE('',#10645,#2188);
#1436=LINE('',#10647,#2189);
#1437=LINE('',#10648,#2190);
#1438=LINE('',#10651,#2191);
#1439=LINE('',#10653,#2192);
#1440=LINE('',#10654,#2193);
#1441=LINE('',#10657,#2194);
#1442=LINE('',#10659,#2195);
#1443=LINE('',#10660,#2196);
#1444=LINE('',#10663,#2197);
#1445=LINE('',#10665,#2198);
#1446=LINE('',#10666,#2199);
#1447=LINE('',#10668,#2200);
#1448=LINE('',#10669,#2201);
#1449=LINE('',#10674,#2202);
#1450=LINE('',#10676,#2203);
#1451=LINE('',#10678,#2204);
#1452=LINE('',#10679,#2205);
#1453=LINE('',#10685,#2206);
#1454=LINE('',#10687,#2207);
#1455=LINE('',#10689,#2208);
#1456=LINE('',#10690,#2209);
#1457=LINE('',#10693,#2210);
#1458=LINE('',#10695,#2211);
#1459=LINE('',#10696,#2212);
#1460=LINE('',#10699,#2213);
#1461=LINE('',#10701,#2214);
#1462=LINE('',#10702,#2215);
#1463=LINE('',#10705,#2216);
#1464=LINE('',#10707,#2217);
#1465=LINE('',#10708,#2218);
#1466=LINE('',#10711,#2219);
#1467=LINE('',#10713,#2220);
#1468=LINE('',#10715,#2221);
#1469=LINE('',#10716,#2222);
#1470=LINE('',#10719,#2223);
#1471=LINE('',#10720,#2224);
#1472=LINE('',#10725,#2225);
#1473=LINE('',#10727,#2226);
#1474=LINE('',#10729,#2227);
#1475=LINE('',#10730,#2228);
#1476=LINE('',#10733,#2229);
#1477=LINE('',#10734,#2230);
#1478=LINE('',#10737,#2231);
#1479=LINE('',#10739,#2232);
#1480=LINE('',#10740,#2233);
#1481=LINE('',#10742,#2234);
#1482=LINE('',#10744,#2235);
#1483=LINE('',#10747,#2236);
#1484=LINE('',#10749,#2237);
#1485=LINE('',#10750,#2238);
#1486=LINE('',#10753,#2239);
#1487=LINE('',#10755,#2240);
#1488=LINE('',#10756,#2241);
#1489=LINE('',#10759,#2242);
#1490=LINE('',#10761,#2243);
#1491=LINE('',#10762,#2244);
#1492=LINE('',#10765,#2245);
#1493=LINE('',#10767,#2246);
#1494=LINE('',#10768,#2247);
#1495=LINE('',#10771,#2248);
#1496=LINE('',#10773,#2249);
#1497=LINE('',#10775,#2250);
#1498=LINE('',#10776,#2251);
#1499=LINE('',#10779,#2252);
#1500=LINE('',#10780,#2253);
#1501=LINE('',#10783,#2254);
#1502=LINE('',#10785,#2255);
#1503=LINE('',#10786,#2256);
#1504=LINE('',#10788,#2257);
#1505=LINE('',#10789,#2258);
#1506=LINE('',#10792,#2259);
#1507=LINE('',#10794,#2260);
#1508=LINE('',#10796,#2261);
#1509=LINE('',#10798,#2262);
#1510=LINE('',#10800,#2263);
#1511=LINE('',#10802,#2264);
#1512=LINE('',#10804,#2265);
#1513=LINE('',#10806,#2266);
#1514=LINE('',#10808,#2267);
#1515=LINE('',#10810,#2268);
#1516=LINE('',#10812,#2269);
#1517=LINE('',#10814,#2270);
#1518=LINE('',#10816,#2271);
#1519=LINE('',#10818,#2272);
#1520=LINE('',#10820,#2273);
#1521=LINE('',#10822,#2274);
#1522=LINE('',#10824,#2275);
#1523=LINE('',#10826,#2276);
#1524=LINE('',#10828,#2277);
#1525=LINE('',#10830,#2278);
#1526=LINE('',#10832,#2279);
#1527=LINE('',#10834,#2280);
#1528=LINE('',#10836,#2281);
#1529=LINE('',#10838,#2282);
#1530=LINE('',#10840,#2283);
#1531=LINE('',#10842,#2284);
#1532=LINE('',#10844,#2285);
#1533=LINE('',#10846,#2286);
#1534=LINE('',#10848,#2287);
#1535=LINE('',#10850,#2288);
#1536=LINE('',#10852,#2289);
#1537=LINE('',#10854,#2290);
#1538=LINE('',#10856,#2291);
#1539=LINE('',#10858,#2292);
#1540=LINE('',#10860,#2293);
#1541=LINE('',#10862,#2294);
#1542=LINE('',#10864,#2295);
#1543=LINE('',#10866,#2296);
#1544=LINE('',#10868,#2297);
#1545=LINE('',#10870,#2298);
#1546=LINE('',#10871,#2299);
#1547=LINE('',#10874,#2300);
#1548=LINE('',#10876,#2301);
#1549=LINE('',#10878,#2302);
#1550=LINE('',#10880,#2303);
#1551=LINE('',#10882,#2304);
#1552=LINE('',#10884,#2305);
#1553=LINE('',#10886,#2306);
#1554=LINE('',#10888,#2307);
#1555=LINE('',#10890,#2308);
#1556=LINE('',#10892,#2309);
#1557=LINE('',#10894,#2310);
#1558=LINE('',#10896,#2311);
#1559=LINE('',#10898,#2312);
#1560=LINE('',#10899,#2313);
#1561=LINE('',#10902,#2314);
#1562=LINE('',#10904,#2315);
#1563=LINE('',#10906,#2316);
#1564=LINE('',#10908,#2317);
#1565=LINE('',#10909,#2318);
#1566=LINE('',#10912,#2319);
#1567=LINE('',#10913,#2320);
#1568=LINE('',#10916,#2321);
#1569=LINE('',#10918,#2322);
#1570=LINE('',#10919,#2323);
#1571=LINE('',#10922,#2324);
#1572=LINE('',#10924,#2325);
#1573=LINE('',#10926,#2326);
#1574=LINE('',#10928,#2327);
#1575=LINE('',#10930,#2328);
#1576=LINE('',#10932,#2329);
#1577=LINE('',#10934,#2330);
#1578=LINE('',#10936,#2331);
#1579=LINE('',#10938,#2332);
#1580=LINE('',#10940,#2333);
#1581=LINE('',#10942,#2334);
#1582=LINE('',#10944,#2335);
#1583=LINE('',#10946,#2336);
#1584=LINE('',#10948,#2337);
#1585=LINE('',#10950,#2338);
#1586=LINE('',#10952,#2339);
#1587=LINE('',#10954,#2340);
#1588=LINE('',#10956,#2341);
#1589=LINE('',#10958,#2342);
#1590=LINE('',#10960,#2343);
#1591=LINE('',#10962,#2344);
#1592=LINE('',#10964,#2345);
#1593=LINE('',#10966,#2346);
#1594=LINE('',#10968,#2347);
#1595=LINE('',#10970,#2348);
#1596=LINE('',#10972,#2349);
#1597=LINE('',#10974,#2350);
#1598=LINE('',#10976,#2351);
#1599=LINE('',#10978,#2352);
#1600=LINE('',#10980,#2353);
#1601=LINE('',#10982,#2354);
#1602=LINE('',#10984,#2355);
#1603=LINE('',#10986,#2356);
#1604=LINE('',#10988,#2357);
#1605=LINE('',#10990,#2358);
#1606=LINE('',#10992,#2359);
#1607=LINE('',#10994,#2360);
#1608=LINE('',#10996,#2361);
#1609=LINE('',#10997,#2362);
#1610=LINE('',#11000,#2363);
#1611=LINE('',#11002,#2364);
#1612=LINE('',#11004,#2365);
#1613=LINE('',#11006,#2366);
#1614=LINE('',#11008,#2367);
#1615=LINE('',#11010,#2368);
#1616=LINE('',#11012,#2369);
#1617=LINE('',#11014,#2370);
#1618=LINE('',#11016,#2371);
#1619=LINE('',#11018,#2372);
#1620=LINE('',#11020,#2373);
#1621=LINE('',#11022,#2374);
#1622=LINE('',#11024,#2375);
#1623=LINE('',#11025,#2376);
#1624=LINE('',#11028,#2377);
#1625=LINE('',#11030,#2378);
#1626=LINE('',#11032,#2379);
#1627=LINE('',#11034,#2380);
#1628=LINE('',#11035,#2381);
#1629=LINE('',#11037,#2382);
#1630=LINE('',#11041,#2383);
#1631=LINE('',#11043,#2384);
#1632=LINE('',#11044,#2385);
#1633=LINE('',#11045,#2386);
#1634=LINE('',#11048,#2387);
#1635=LINE('',#11049,#2388);
#1636=LINE('',#11052,#2389);
#1637=LINE('',#11053,#2390);
#1638=LINE('',#11056,#2391);
#1639=LINE('',#11057,#2392);
#1640=LINE('',#11060,#2393);
#1641=LINE('',#11062,#2394);
#1642=LINE('',#11063,#2395);
#1643=LINE('',#11066,#2396);
#1644=LINE('',#11067,#2397);
#1645=LINE('',#11070,#2398);
#1646=LINE('',#11072,#2399);
#1647=LINE('',#11073,#2400);
#1648=LINE('',#11077,#2401);
#1649=LINE('',#11078,#2402);
#1650=LINE('',#11079,#2403);
#1651=LINE('',#11081,#2404);
#1652=LINE('',#11083,#2405);
#1653=LINE('',#11086,#2406);
#1654=LINE('',#11087,#2407);
#1655=LINE('',#11090,#2408);
#1656=LINE('',#11091,#2409);
#1657=LINE('',#11094,#2410);
#1658=LINE('',#11096,#2411);
#1659=LINE('',#11097,#2412);
#1660=LINE('',#11100,#2413);
#1661=LINE('',#11101,#2414);
#1662=LINE('',#11103,#2415);
#1663=LINE('',#11106,#2416);
#1664=LINE('',#11113,#2417);
#1665=LINE('',#11116,#2418);
#1666=LINE('',#11118,#2419);
#1667=LINE('',#11120,#2420);
#1668=LINE('',#11124,#2421);
#1669=LINE('',#11125,#2422);
#1670=LINE('',#11128,#2423);
#1671=LINE('',#11129,#2424);
#1672=LINE('',#11132,#2425);
#1673=LINE('',#11133,#2426);
#1674=LINE('',#11136,#2427);
#1675=LINE('',#11137,#2428);
#1676=LINE('',#11141,#2429);
#1677=LINE('',#11149,#2430);
#1678=LINE('',#11161,#2431);
#1679=LINE('',#11164,#2432);
#1680=LINE('',#11168,#2433);
#1681=LINE('',#11176,#2434);
#1682=LINE('',#11177,#2435);
#1683=LINE('',#11180,#2436);
#1684=LINE('',#11184,#2437);
#1685=LINE('',#11186,#2438);
#1686=LINE('',#11187,#2439);
#1687=LINE('',#11190,#2440);
#1688=LINE('',#11192,#2441);
#1689=LINE('',#11193,#2442);
#1690=LINE('',#11196,#2443);
#1691=LINE('',#11197,#2444);
#1692=LINE('',#11200,#2445);
#1693=LINE('',#11201,#2446);
#1694=LINE('',#11202,#2447);
#1695=LINE('',#11205,#2448);
#1696=LINE('',#11206,#2449);
#1697=LINE('',#11209,#2450);
#1698=LINE('',#11210,#2451);
#1699=LINE('',#11212,#2452);
#1700=LINE('',#11214,#2453);
#1701=LINE('',#11217,#2454);
#1702=LINE('',#11218,#2455);
#1703=LINE('',#11221,#2456);
#1704=LINE('',#11222,#2457);
#1705=LINE('',#11225,#2458);
#1706=LINE('',#11226,#2459);
#1707=LINE('',#11229,#2460);
#1708=LINE('',#11230,#2461);
#1709=LINE('',#11233,#2462);
#1710=LINE('',#11234,#2463);
#1711=LINE('',#11237,#2464);
#1712=LINE('',#11238,#2465);
#1713=LINE('',#11241,#2466);
#1714=LINE('',#11242,#2467);
#1715=LINE('',#11245,#2468);
#1716=LINE('',#11246,#2469);
#1717=LINE('',#11249,#2470);
#1718=LINE('',#11250,#2471);
#1719=LINE('',#11253,#2472);
#1720=LINE('',#11254,#2473);
#1721=LINE('',#11257,#2474);
#1722=LINE('',#11258,#2475);
#1723=LINE('',#11261,#2476);
#1724=LINE('',#11262,#2477);
#1725=LINE('',#11265,#2478);
#1726=LINE('',#11266,#2479);
#1727=LINE('',#11269,#2480);
#1728=LINE('',#11270,#2481);
#1729=LINE('',#11273,#2482);
#1730=LINE('',#11274,#2483);
#1731=LINE('',#11277,#2484);
#1732=LINE('',#11278,#2485);
#1733=LINE('',#11281,#2486);
#1734=LINE('',#11282,#2487);
#1735=LINE('',#11285,#2488);
#1736=LINE('',#11286,#2489);
#1737=LINE('',#11288,#2490);
#1738=LINE('',#11291,#2491);
#1739=LINE('',#11292,#2492);
#1740=LINE('',#11295,#2493);
#1741=LINE('',#11297,#2494);
#1742=LINE('',#11298,#2495);
#1743=LINE('',#11301,#2496);
#1744=LINE('',#11302,#2497);
#1745=LINE('',#11305,#2498);
#1746=LINE('',#11306,#2499);
#1747=LINE('',#11309,#2500);
#1748=LINE('',#11310,#2501);
#1749=LINE('',#11312,#2502);
#1750=LINE('',#11315,#2503);
#1751=LINE('',#11318,#2504);
#1752=LINE('',#11321,#2505);
#1753=LINE('',#11325,#2506);
#1754=LINE('',#11326,#2507);
#1755=LINE('',#11329,#2508);
#1756=LINE('',#11331,#2509);
#1757=LINE('',#11332,#2510);
#1758=LINE('',#11335,#2511);
#1759=LINE('',#11337,#2512);
#1760=LINE('',#11338,#2513);
#1761=LINE('',#11342,#2514);
#1762=LINE('',#11343,#2515);
#1763=LINE('',#11344,#2516);
#1764=LINE('',#11347,#2517);
#1765=LINE('',#11349,#2518);
#1766=LINE('',#11350,#2519);
#1767=LINE('',#11352,#2520);
#1768=LINE('',#11355,#2521);
#1769=LINE('',#11356,#2522);
#1770=LINE('',#11358,#2523);
#1771=LINE('',#11361,#2524);
#1772=LINE('',#11362,#2525);
#1773=LINE('',#11365,#2526);
#1774=LINE('',#11366,#2527);
#1775=LINE('',#11368,#2528);
#1776=LINE('',#11371,#2529);
#1777=LINE('',#11372,#2530);
#1778=LINE('',#11375,#2531);
#1779=LINE('',#11376,#2532);
#1780=LINE('',#11379,#2533);
#1781=LINE('',#11380,#2534);
#1782=LINE('',#11382,#2535);
#1783=LINE('',#11385,#2536);
#1784=LINE('',#11387,#2537);
#1785=LINE('',#11388,#2538);
#1786=LINE('',#11391,#2539);
#1787=LINE('',#11392,#2540);
#1788=LINE('',#11395,#2541);
#1789=LINE('',#11396,#2542);
#1790=LINE('',#11399,#2543);
#1791=LINE('',#11400,#2544);
#1792=LINE('',#11403,#2545);
#1793=LINE('',#11404,#2546);
#1794=LINE('',#11407,#2547);
#1795=LINE('',#11408,#2548);
#1796=LINE('',#11411,#2549);
#1797=LINE('',#11415,#2550);
#1798=LINE('',#11416,#2551);
#1799=LINE('',#11420,#2552);
#1800=LINE('',#11422,#2553);
#1801=LINE('',#11423,#2554);
#1802=LINE('',#11424,#2555);
#1803=LINE('',#11427,#2556);
#1804=LINE('',#11428,#2557);
#1805=LINE('',#11431,#2558);
#1806=LINE('',#11432,#2559);
#1807=LINE('',#11435,#2560);
#1808=LINE('',#11436,#2561);
#1809=LINE('',#11439,#2562);
#1810=LINE('',#11440,#2563);
#1811=LINE('',#11443,#2564);
#1812=LINE('',#11444,#2565);
#1813=LINE('',#11447,#2566);
#1814=LINE('',#11448,#2567);
#1815=LINE('',#11451,#2568);
#1816=LINE('',#11452,#2569);
#1817=LINE('',#11455,#2570);
#1818=LINE('',#11456,#2571);
#1819=LINE('',#11459,#2572);
#1820=LINE('',#11460,#2573);
#1821=LINE('',#11463,#2574);
#1822=LINE('',#11464,#2575);
#1823=LINE('',#11467,#2576);
#1824=LINE('',#11468,#2577);
#1825=LINE('',#11471,#2578);
#1826=LINE('',#11472,#2579);
#1827=LINE('',#11475,#2580);
#1828=LINE('',#11476,#2581);
#1829=LINE('',#11479,#2582);
#1830=LINE('',#11480,#2583);
#1831=LINE('',#11483,#2584);
#1832=LINE('',#11484,#2585);
#1833=LINE('',#11487,#2586);
#1834=LINE('',#11488,#2587);
#1835=LINE('',#11490,#2588);
#1836=LINE('',#11491,#2589);
#1837=LINE('',#11493,#2590);
#1838=LINE('',#11496,#2591);
#1839=LINE('',#11497,#2592);
#1840=LINE('',#11500,#2593);
#1841=LINE('',#11501,#2594);
#1842=LINE('',#11504,#2595);
#1843=LINE('',#11505,#2596);
#1844=LINE('',#11507,#2597);
#1845=LINE('',#11508,#2598);
#1846=LINE('',#11511,#2599);
#1847=LINE('',#11512,#2600);
#1848=LINE('',#11515,#2601);
#1849=LINE('',#11516,#2602);
#1850=LINE('',#11519,#2603);
#1851=LINE('',#11521,#2604);
#1852=LINE('',#11522,#2605);
#1853=LINE('',#11525,#2606);
#1854=LINE('',#11529,#2607);
#1855=LINE('',#11533,#2608);
#1856=LINE('',#11535,#2609);
#1857=LINE('',#11537,#2610);
#1858=LINE('',#11539,#2611);
#1859=LINE('',#11541,#2612);
#1860=LINE('',#11543,#2613);
#1861=LINE('',#11545,#2614);
#1862=LINE('',#11547,#2615);
#1863=LINE('',#11549,#2616);
#1864=LINE('',#11551,#2617);
#1865=LINE('',#11553,#2618);
#1866=LINE('',#11555,#2619);
#1867=LINE('',#11557,#2620);
#1868=LINE('',#11559,#2621);
#1869=LINE('',#11561,#2622);
#1870=LINE('',#11565,#2623);
#1871=LINE('',#11567,#2624);
#1872=LINE('',#11569,#2625);
#1873=LINE('',#11572,#2626);
#1874=LINE('',#11574,#2627);
#1875=LINE('',#11575,#2628);
#1876=LINE('',#11577,#2629);
#1877=LINE('',#11580,#2630);
#1878=LINE('',#11581,#2631);
#1879=LINE('',#11584,#2632);
#1880=LINE('',#11585,#2633);
#1881=LINE('',#11588,#2634);
#1882=LINE('',#11589,#2635);
#1883=LINE('',#11591,#2636);
#1884=LINE('',#11593,#2637);
#1885=LINE('',#11594,#2638);
#1886=LINE('',#11596,#2639);
#1887=LINE('',#11599,#2640);
#1888=LINE('',#11601,#2641);
#1889=LINE('',#11604,#2642);
#1890=LINE('',#11605,#2643);
#1891=LINE('',#11608,#2644);
#1892=LINE('',#11609,#2645);
#1893=LINE('',#11612,#2646);
#1894=LINE('',#11613,#2647);
#1895=LINE('',#11615,#2648);
#1896=LINE('',#11618,#2649);
#1897=LINE('',#11622,#2650);
#1898=LINE('',#11623,#2651);
#1899=LINE('',#11626,#2652);
#1900=LINE('',#11636,#2653);
#1901=LINE('',#11638,#2654);
#1902=LINE('',#11639,#2655);
#1903=LINE('',#11642,#2656);
#1904=LINE('',#11643,#2657);
#1905=LINE('',#11646,#2658);
#1906=LINE('',#11647,#2659);
#1907=LINE('',#11650,#2660);
#1908=LINE('',#11651,#2661);
#1909=LINE('',#11653,#2662);
#1910=LINE('',#11656,#2663);
#1911=LINE('',#11659,#2664);
#1912=LINE('',#11662,#2665);
#1913=LINE('',#11666,#2666);
#1914=LINE('',#11667,#2667);
#1915=LINE('',#11669,#2668);
#1916=LINE('',#11670,#2669);
#1917=LINE('',#11672,#2670);
#1918=LINE('',#11674,#2671);
#1919=LINE('',#11676,#2672);
#1920=LINE('',#11679,#2673);
#1921=LINE('',#11680,#2674);
#1922=LINE('',#11683,#2675);
#1923=LINE('',#11684,#2676);
#1924=LINE('',#11687,#2677);
#1925=LINE('',#11688,#2678);
#1926=LINE('',#11691,#2679);
#1927=LINE('',#11692,#2680);
#1928=LINE('',#11695,#2681);
#1929=LINE('',#11696,#2682);
#1930=LINE('',#11699,#2683);
#1931=LINE('',#11700,#2684);
#1932=LINE('',#11702,#2685);
#1933=LINE('',#11703,#2686);
#1934=LINE('',#11705,#2687);
#1935=LINE('',#11707,#2688);
#1936=LINE('',#11711,#2689);
#1937=LINE('',#11714,#2690);
#1938=LINE('',#11717,#2691);
#1939=LINE('',#11718,#2692);
#1940=LINE('',#11814,#2693);
#1941=LINE('',#11818,#2694);
#1942=LINE('',#11825,#2695);
#1943=LINE('',#11829,#2696);
#1944=LINE('',#11837,#2697);
#1945=LINE('',#11839,#2698);
#1946=LINE('',#11845,#2699);
#1947=LINE('',#11850,#2700);
#1948=LINE('',#11853,#2701);
#1949=LINE('',#11856,#2702);
#1950=LINE('',#11858,#2703);
#1951=LINE('',#11860,#2704);
#1952=LINE('',#11862,#2705);
#1953=LINE('',#11864,#2706);
#1954=LINE('',#11866,#2707);
#1955=LINE('',#11868,#2708);
#1956=LINE('',#11871,#2709);
#1957=LINE('',#11874,#2710);
#1958=LINE('',#11877,#2711);
#1959=LINE('',#11880,#2712);
#1960=LINE('',#11881,#2713);
#1961=LINE('',#11883,#2714);
#1962=LINE('',#11886,#2715);
#1963=LINE('',#11888,#2716);
#1964=LINE('',#11890,#2717);
#1965=LINE('',#11893,#2718);
#1966=LINE('',#11895,#2719);
#1967=VECTOR('',#7413,10.);
#1968=VECTOR('',#7414,10.);
#1969=VECTOR('',#7415,10.);
#1970=VECTOR('',#7416,10.);
#1971=VECTOR('',#7419,10.);
#1972=VECTOR('',#7420,10.);
#1973=VECTOR('',#7421,10.);
#1974=VECTOR('',#7422,10.);
#1975=VECTOR('',#7423,10.);
#1976=VECTOR('',#7426,10.);
#1977=VECTOR('',#7427,10.);
#1978=VECTOR('',#7428,10.);
#1979=VECTOR('',#7429,10.);
#1980=VECTOR('',#7430,10.);
#1981=VECTOR('',#7433,10.);
#1982=VECTOR('',#7434,10.);
#1983=VECTOR('',#7437,10.);
#1984=VECTOR('',#7438,10.);
#1985=VECTOR('',#7439,10.);
#1986=VECTOR('',#7440,10.);
#1987=VECTOR('',#7443,10.);
#1988=VECTOR('',#7444,10.);
#1989=VECTOR('',#7445,10.);
#1990=VECTOR('',#7448,10.);
#1991=VECTOR('',#7449,10.);
#1992=VECTOR('',#7450,10.);
#1993=VECTOR('',#7453,10.);
#1994=VECTOR('',#7454,10.);
#1995=VECTOR('',#7455,10.);
#1996=VECTOR('',#7458,10.);
#1997=VECTOR('',#7459,10.);
#1998=VECTOR('',#7460,10.);
#1999=VECTOR('',#7463,10.);
#2000=VECTOR('',#7464,10.);
#2001=VECTOR('',#7465,10.);
#2002=VECTOR('',#7466,10.);
#2003=VECTOR('',#7467,10.);
#2004=VECTOR('',#7470,10.);
#2005=VECTOR('',#7471,10.);
#2006=VECTOR('',#7472,10.);
#2007=VECTOR('',#7473,10.);
#2008=VECTOR('',#7474,10.);
#2009=VECTOR('',#7477,10.);
#2010=VECTOR('',#7478,10.);
#2011=VECTOR('',#7479,10.);
#2012=VECTOR('',#7482,10.);
#2013=VECTOR('',#7483,10.);
#2014=VECTOR('',#7486,10.);
#2015=VECTOR('',#7487,10.);
#2016=VECTOR('',#7488,10.);
#2017=VECTOR('',#7491,10.);
#2018=VECTOR('',#7492,10.);
#2019=VECTOR('',#7493,10.);
#2020=VECTOR('',#7494,10.);
#2021=VECTOR('',#7495,10.);
#2022=VECTOR('',#7496,10.);
#2023=VECTOR('',#7497,10.);
#2024=VECTOR('',#7498,10.);
#2025=VECTOR('',#7499,10.);
#2026=VECTOR('',#7502,10.);
#2027=VECTOR('',#7503,10.);
#2028=VECTOR('',#7504,10.);
#2029=VECTOR('',#7505,10.);
#2030=VECTOR('',#7506,10.);
#2031=VECTOR('',#7507,10.);
#2032=VECTOR('',#7508,10.);
#2033=VECTOR('',#7509,10.);
#2034=VECTOR('',#7510,10.);
#2035=VECTOR('',#7511,10.);
#2036=VECTOR('',#7512,10.);
#2037=VECTOR('',#7515,10.);
#2038=VECTOR('',#7516,10.);
#2039=VECTOR('',#7517,10.);
#2040=VECTOR('',#7518,10.);
#2041=VECTOR('',#7519,10.);
#2042=VECTOR('',#7520,10.);
#2043=VECTOR('',#7521,10.);
#2044=VECTOR('',#7522,10.);
#2045=VECTOR('',#7523,10.);
#2046=VECTOR('',#7524,10.);
#2047=VECTOR('',#7525,10.);
#2048=VECTOR('',#7526,10.);
#2049=VECTOR('',#7527,10.);
#2050=VECTOR('',#7530,10.);
#2051=VECTOR('',#7531,10.);
#2052=VECTOR('',#7532,10.);
#2053=VECTOR('',#7533,10.);
#2054=VECTOR('',#7534,10.);
#2055=VECTOR('',#7535,10.);
#2056=VECTOR('',#7536,10.);
#2057=VECTOR('',#7537,10.);
#2058=VECTOR('',#7540,10.);
#2059=VECTOR('',#7541,10.);
#2060=VECTOR('',#7542,10.);
#2061=VECTOR('',#7545,10.);
#2062=VECTOR('',#7546,10.);
#2063=VECTOR('',#7547,10.);
#2064=VECTOR('',#7548,10.);
#2065=VECTOR('',#7549,10.);
#2066=VECTOR('',#7550,10.);
#2067=VECTOR('',#7551,10.);
#2068=VECTOR('',#7552,10.);
#2069=VECTOR('',#7553,10.);
#2070=VECTOR('',#7556,10.);
#2071=VECTOR('',#7557,10.);
#2072=VECTOR('',#7558,10.);
#2073=VECTOR('',#7559,10.);
#2074=VECTOR('',#7560,10.);
#2075=VECTOR('',#7561,10.);
#2076=VECTOR('',#7562,10.);
#2077=VECTOR('',#7563,10.);
#2078=VECTOR('',#7564,10.);
#2079=VECTOR('',#7565,10.);
#2080=VECTOR('',#7566,10.);
#2081=VECTOR('',#7569,10.);
#2082=VECTOR('',#7570,10.);
#2083=VECTOR('',#7571,10.);
#2084=VECTOR('',#7572,10.);
#2085=VECTOR('',#7573,10.);
#2086=VECTOR('',#7574,10.);
#2087=VECTOR('',#7575,10.);
#2088=VECTOR('',#7576,10.);
#2089=VECTOR('',#7577,10.);
#2090=VECTOR('',#7578,10.);
#2091=VECTOR('',#7579,10.);
#2092=VECTOR('',#7580,10.);
#2093=VECTOR('',#7581,10.);
#2094=VECTOR('',#7584,10.);
#2095=VECTOR('',#7585,10.);
#2096=VECTOR('',#7586,10.);
#2097=VECTOR('',#7587,10.);
#2098=VECTOR('',#7588,10.);
#2099=VECTOR('',#7589,10.);
#2100=VECTOR('',#7590,10.);
#2101=VECTOR('',#7591,10.);
#2102=VECTOR('',#7596,10.);
#2103=VECTOR('',#7597,10.);
#2104=VECTOR('',#7598,10.);
#2105=VECTOR('',#7599,10.);
#2106=VECTOR('',#7602,10.);
#2107=VECTOR('',#7603,10.);
#2108=VECTOR('',#7604,10.);
#2109=VECTOR('',#7607,10.);
#2110=VECTOR('',#7608,10.);
#2111=VECTOR('',#7609,10.);
#2112=VECTOR('',#7612,10.);
#2113=VECTOR('',#7613,10.);
#2114=VECTOR('',#7614,10.);
#2115=VECTOR('',#7615,10.);
#2116=VECTOR('',#7616,10.);
#2117=VECTOR('',#7617,10.);
#2118=VECTOR('',#7618,10.);
#2119=VECTOR('',#7619,10.);
#2120=VECTOR('',#7622,10.);
#2121=VECTOR('',#7623,10.);
#2122=VECTOR('',#7624,10.);
#2123=VECTOR('',#7625,10.);
#2124=VECTOR('',#7626,10.);
#2125=VECTOR('',#7627,10.);
#2126=VECTOR('',#7630,10.);
#2127=VECTOR('',#7631,10.);
#2128=VECTOR('',#7632,10.);
#2129=VECTOR('',#7633,10.);
#2130=VECTOR('',#7634,10.);
#2131=VECTOR('',#7635,10.);
#2132=VECTOR('',#7638,10.);
#2133=VECTOR('',#7639,10.);
#2134=VECTOR('',#7640,10.);
#2135=VECTOR('',#7641,10.);
#2136=VECTOR('',#7642,10.);
#2137=VECTOR('',#7643,10.);
#2138=VECTOR('',#7644,10.);
#2139=VECTOR('',#7645,10.);
#2140=VECTOR('',#7648,10.);
#2141=VECTOR('',#7649,10.);
#2142=VECTOR('',#7652,10.);
#2143=VECTOR('',#7653,10.);
#2144=VECTOR('',#7654,10.);
#2145=VECTOR('',#7657,10.);
#2146=VECTOR('',#7658,10.);
#2147=VECTOR('',#7659,10.);
#2148=VECTOR('',#7660,10.);
#2149=VECTOR('',#7661,10.);
#2150=VECTOR('',#7664,10.);
#2151=VECTOR('',#7665,10.);
#2152=VECTOR('',#7666,10.);
#2153=VECTOR('',#7667,10.);
#2154=VECTOR('',#7670,10.);
#2155=VECTOR('',#7671,10.);
#2156=VECTOR('',#7672,10.);
#2157=VECTOR('',#7673,10.);
#2158=VECTOR('',#7674,10.);
#2159=VECTOR('',#7675,10.);
#2160=VECTOR('',#7678,10.);
#2161=VECTOR('',#7679,10.);
#2162=VECTOR('',#7680,10.);
#2163=VECTOR('',#7681,10.);
#2164=VECTOR('',#7682,10.);
#2165=VECTOR('',#7683,10.);
#2166=VECTOR('',#7686,10.);
#2167=VECTOR('',#7687,10.);
#2168=VECTOR('',#7688,10.);
#2169=VECTOR('',#7689,10.);
#2170=VECTOR('',#7692,10.);
#2171=VECTOR('',#7693,10.);
#2172=VECTOR('',#7694,10.);
#2173=VECTOR('',#7695,10.);
#2174=VECTOR('',#7696,10.);
#2175=VECTOR('',#7699,10.);
#2176=VECTOR('',#7700,10.);
#2177=VECTOR('',#7701,10.);
#2178=VECTOR('',#7702,10.);
#2179=VECTOR('',#7703,10.);
#2180=VECTOR('',#7706,10.);
#2181=VECTOR('',#7707,10.);
#2182=VECTOR('',#7708,10.);
#2183=VECTOR('',#7709,10.);
#2184=VECTOR('',#7714,10.);
#2185=VECTOR('',#7715,10.);
#2186=VECTOR('',#7716,10.);
#2187=VECTOR('',#7717,10.);
#2188=VECTOR('',#7720,10.);
#2189=VECTOR('',#7721,10.);
#2190=VECTOR('',#7722,10.);
#2191=VECTOR('',#7725,10.);
#2192=VECTOR('',#7726,10.);
#2193=VECTOR('',#7727,10.);
#2194=VECTOR('',#7730,10.);
#2195=VECTOR('',#7731,10.);
#2196=VECTOR('',#7732,10.);
#2197=VECTOR('',#7735,10.);
#2198=VECTOR('',#7736,10.);
#2199=VECTOR('',#7737,10.);
#2200=VECTOR('',#7740,10.);
#2201=VECTOR('',#7741,10.);
#2202=VECTOR('',#7746,10.);
#2203=VECTOR('',#7747,10.);
#2204=VECTOR('',#7748,10.);
#2205=VECTOR('',#7749,10.);
#2206=VECTOR('',#7756,10.);
#2207=VECTOR('',#7757,10.);
#2208=VECTOR('',#7758,10.);
#2209=VECTOR('',#7759,10.);
#2210=VECTOR('',#7762,10.);
#2211=VECTOR('',#7763,10.);
#2212=VECTOR('',#7764,10.);
#2213=VECTOR('',#7767,10.);
#2214=VECTOR('',#7768,10.);
#2215=VECTOR('',#7769,10.);
#2216=VECTOR('',#7772,10.);
#2217=VECTOR('',#7773,10.);
#2218=VECTOR('',#7774,10.);
#2219=VECTOR('',#7777,10.);
#2220=VECTOR('',#7778,10.);
#2221=VECTOR('',#7779,10.);
#2222=VECTOR('',#7780,10.);
#2223=VECTOR('',#7783,10.);
#2224=VECTOR('',#7784,10.);
#2225=VECTOR('',#7789,10.);
#2226=VECTOR('',#7790,9.99999999999999);
#2227=VECTOR('',#7791,10.);
#2228=VECTOR('',#7792,10.);
#2229=VECTOR('',#7795,10.);
#2230=VECTOR('',#7796,10.);
#2231=VECTOR('',#7799,10.);
#2232=VECTOR('',#7800,10.);
#2233=VECTOR('',#7801,10.);
#2234=VECTOR('',#7804,10.);
#2235=VECTOR('',#7807,10.);
#2236=VECTOR('',#7810,10.);
#2237=VECTOR('',#7811,10.);
#2238=VECTOR('',#7812,10.);
#2239=VECTOR('',#7815,10.);
#2240=VECTOR('',#7816,10.);
#2241=VECTOR('',#7817,10.);
#2242=VECTOR('',#7820,10.);
#2243=VECTOR('',#7821,10.);
#2244=VECTOR('',#7822,10.);
#2245=VECTOR('',#7825,10.);
#2246=VECTOR('',#7826,10.);
#2247=VECTOR('',#7827,10.);
#2248=VECTOR('',#7830,10.);
#2249=VECTOR('',#7831,10.);
#2250=VECTOR('',#7832,10.);
#2251=VECTOR('',#7833,10.);
#2252=VECTOR('',#7836,10.);
#2253=VECTOR('',#7837,10.);
#2254=VECTOR('',#7840,10.);
#2255=VECTOR('',#7841,10.);
#2256=VECTOR('',#7842,10.);
#2257=VECTOR('',#7845,10.);
#2258=VECTOR('',#7846,10.);
#2259=VECTOR('',#7849,10.);
#2260=VECTOR('',#7850,10.);
#2261=VECTOR('',#7851,10.);
#2262=VECTOR('',#7852,10.);
#2263=VECTOR('',#7853,10.);
#2264=VECTOR('',#7854,10.);
#2265=VECTOR('',#7855,10.);
#2266=VECTOR('',#7856,10.);
#2267=VECTOR('',#7857,10.);
#2268=VECTOR('',#7858,10.);
#2269=VECTOR('',#7859,10.);
#2270=VECTOR('',#7860,10.);
#2271=VECTOR('',#7861,10.);
#2272=VECTOR('',#7862,10.);
#2273=VECTOR('',#7863,10.);
#2274=VECTOR('',#7864,10.);
#2275=VECTOR('',#7865,10.);
#2276=VECTOR('',#7866,10.);
#2277=VECTOR('',#7867,10.);
#2278=VECTOR('',#7868,10.);
#2279=VECTOR('',#7869,10.);
#2280=VECTOR('',#7870,10.);
#2281=VECTOR('',#7871,10.);
#2282=VECTOR('',#7872,10.);
#2283=VECTOR('',#7873,10.);
#2284=VECTOR('',#7874,10.);
#2285=VECTOR('',#7875,10.);
#2286=VECTOR('',#7876,10.);
#2287=VECTOR('',#7877,10.);
#2288=VECTOR('',#7878,10.);
#2289=VECTOR('',#7879,10.);
#2290=VECTOR('',#7880,10.);
#2291=VECTOR('',#7881,10.);
#2292=VECTOR('',#7882,10.);
#2293=VECTOR('',#7883,10.);
#2294=VECTOR('',#7884,10.);
#2295=VECTOR('',#7885,10.);
#2296=VECTOR('',#7886,10.);
#2297=VECTOR('',#7887,10.);
#2298=VECTOR('',#7888,10.);
#2299=VECTOR('',#7889,10.);
#2300=VECTOR('',#7890,10.);
#2301=VECTOR('',#7891,10.);
#2302=VECTOR('',#7892,10.);
#2303=VECTOR('',#7893,10.);
#2304=VECTOR('',#7894,10.);
#2305=VECTOR('',#7895,10.);
#2306=VECTOR('',#7896,9.99999999999999);
#2307=VECTOR('',#7897,10.);
#2308=VECTOR('',#7898,10.);
#2309=VECTOR('',#7899,10.);
#2310=VECTOR('',#7900,10.);
#2311=VECTOR('',#7901,10.);
#2312=VECTOR('',#7902,10.);
#2313=VECTOR('',#7903,10.);
#2314=VECTOR('',#7904,10.);
#2315=VECTOR('',#7905,10.);
#2316=VECTOR('',#7906,10.);
#2317=VECTOR('',#7907,10.);
#2318=VECTOR('',#7908,10.);
#2319=VECTOR('',#7911,10.);
#2320=VECTOR('',#7912,10.);
#2321=VECTOR('',#7915,10.);
#2322=VECTOR('',#7916,10.);
#2323=VECTOR('',#7917,10.);
#2324=VECTOR('',#7920,10.);
#2325=VECTOR('',#7921,10.);
#2326=VECTOR('',#7922,10.);
#2327=VECTOR('',#7923,10.);
#2328=VECTOR('',#7924,10.);
#2329=VECTOR('',#7925,10.);
#2330=VECTOR('',#7926,10.);
#2331=VECTOR('',#7927,10.);
#2332=VECTOR('',#7928,10.);
#2333=VECTOR('',#7929,10.);
#2334=VECTOR('',#7930,10.);
#2335=VECTOR('',#7931,10.);
#2336=VECTOR('',#7932,10.);
#2337=VECTOR('',#7933,10.);
#2338=VECTOR('',#7934,10.);
#2339=VECTOR('',#7935,10.);
#2340=VECTOR('',#7936,10.);
#2341=VECTOR('',#7937,10.);
#2342=VECTOR('',#7938,10.);
#2343=VECTOR('',#7939,10.);
#2344=VECTOR('',#7940,10.);
#2345=VECTOR('',#7941,10.);
#2346=VECTOR('',#7942,10.);
#2347=VECTOR('',#7943,10.);
#2348=VECTOR('',#7944,10.);
#2349=VECTOR('',#7945,10.);
#2350=VECTOR('',#7946,10.);
#2351=VECTOR('',#7947,10.);
#2352=VECTOR('',#7948,10.);
#2353=VECTOR('',#7949,10.);
#2354=VECTOR('',#7950,10.);
#2355=VECTOR('',#7951,10.);
#2356=VECTOR('',#7952,10.);
#2357=VECTOR('',#7953,10.);
#2358=VECTOR('',#7954,10.);
#2359=VECTOR('',#7955,10.);
#2360=VECTOR('',#7956,10.);
#2361=VECTOR('',#7957,10.);
#2362=VECTOR('',#7958,10.);
#2363=VECTOR('',#7959,10.);
#2364=VECTOR('',#7960,10.);
#2365=VECTOR('',#7961,10.);
#2366=VECTOR('',#7962,10.);
#2367=VECTOR('',#7963,10.);
#2368=VECTOR('',#7964,10.);
#2369=VECTOR('',#7965,10.);
#2370=VECTOR('',#7966,10.);
#2371=VECTOR('',#7967,10.);
#2372=VECTOR('',#7968,10.);
#2373=VECTOR('',#7969,10.);
#2374=VECTOR('',#7970,9.99999999999999);
#2375=VECTOR('',#7971,10.);
#2376=VECTOR('',#7972,10.);
#2377=VECTOR('',#7973,10.);
#2378=VECTOR('',#7974,10.);
#2379=VECTOR('',#7975,10.);
#2380=VECTOR('',#7976,10.);
#2381=VECTOR('',#7977,10.);
#2382=VECTOR('',#7980,10.);
#2383=VECTOR('',#7983,10.);
#2384=VECTOR('',#7984,10.);
#2385=VECTOR('',#7985,10.);
#2386=VECTOR('',#7986,10.);
#2387=VECTOR('',#7989,10.);
#2388=VECTOR('',#7990,10.);
#2389=VECTOR('',#7993,10.);
#2390=VECTOR('',#7994,10.);
#2391=VECTOR('',#7997,10.);
#2392=VECTOR('',#7998,10.);
#2393=VECTOR('',#8001,10.);
#2394=VECTOR('',#8002,10.);
#2395=VECTOR('',#8003,10.);
#2396=VECTOR('',#8006,10.);
#2397=VECTOR('',#8007,10.);
#2398=VECTOR('',#8010,10.);
#2399=VECTOR('',#8011,10.);
#2400=VECTOR('',#8012,10.);
#2401=VECTOR('',#8015,10.);
#2402=VECTOR('',#8016,10.);
#2403=VECTOR('',#8017,10.);
#2404=VECTOR('',#8020,10.);
#2405=VECTOR('',#8023,10.);
#2406=VECTOR('',#8026,10.);
#2407=VECTOR('',#8027,10.);
#2408=VECTOR('',#8030,10.);
#2409=VECTOR('',#8031,10.);
#2410=VECTOR('',#8034,10.);
#2411=VECTOR('',#8035,10.);
#2412=VECTOR('',#8036,10.);
#2413=VECTOR('',#8039,10.);
#2414=VECTOR('',#8040,10.);
#2415=VECTOR('',#8043,10.);
#2416=VECTOR('',#8046,10.);
#2417=VECTOR('',#8049,10.);
#2418=VECTOR('',#8052,10.);
#2419=VECTOR('',#8053,10.);
#2420=VECTOR('',#8054,10.);
#2421=VECTOR('',#8059,10.);
#2422=VECTOR('',#8060,10.);
#2423=VECTOR('',#8063,10.);
#2424=VECTOR('',#8064,10.);
#2425=VECTOR('',#8067,10.);
#2426=VECTOR('',#8068,10.);
#2427=VECTOR('',#8071,10.);
#2428=VECTOR('',#8072,10.);
#2429=VECTOR('',#8077,10.);
#2430=VECTOR('',#8086,10.);
#2431=VECTOR('',#8091,10.);
#2432=VECTOR('',#8094,10.);
#2433=VECTOR('',#8099,10.);
#2434=VECTOR('',#8104,10.);
#2435=VECTOR('',#8105,10.);
#2436=VECTOR('',#8108,10.);
#2437=VECTOR('',#8113,10.);
#2438=VECTOR('',#8114,10.);
#2439=VECTOR('',#8115,10.);
#2440=VECTOR('',#8118,10.);
#2441=VECTOR('',#8119,10.);
#2442=VECTOR('',#8120,10.);
#2443=VECTOR('',#8123,10.);
#2444=VECTOR('',#8124,10.);
#2445=VECTOR('',#8127,10.);
#2446=VECTOR('',#8128,10.);
#2447=VECTOR('',#8129,10.);
#2448=VECTOR('',#8132,10.);
#2449=VECTOR('',#8133,10.);
#2450=VECTOR('',#8136,10.);
#2451=VECTOR('',#8137,10.);
#2452=VECTOR('',#8140,10.);
#2453=VECTOR('',#8143,9.99999999999999);
#2454=VECTOR('',#8146,10.);
#2455=VECTOR('',#8147,10.);
#2456=VECTOR('',#8150,10.);
#2457=VECTOR('',#8151,10.);
#2458=VECTOR('',#8154,10.);
#2459=VECTOR('',#8155,10.);
#2460=VECTOR('',#8158,10.);
#2461=VECTOR('',#8159,10.);
#2462=VECTOR('',#8162,10.);
#2463=VECTOR('',#8163,9.99999999999999);
#2464=VECTOR('',#8166,10.);
#2465=VECTOR('',#8167,10.);
#2466=VECTOR('',#8170,10.);
#2467=VECTOR('',#8171,10.);
#2468=VECTOR('',#8174,10.);
#2469=VECTOR('',#8175,10.);
#2470=VECTOR('',#8178,10.);
#2471=VECTOR('',#8179,10.);
#2472=VECTOR('',#8182,10.);
#2473=VECTOR('',#8183,10.);
#2474=VECTOR('',#8186,10.);
#2475=VECTOR('',#8187,10.);
#2476=VECTOR('',#8190,10.);
#2477=VECTOR('',#8191,10.);
#2478=VECTOR('',#8194,10.);
#2479=VECTOR('',#8195,10.);
#2480=VECTOR('',#8198,10.);
#2481=VECTOR('',#8199,10.);
#2482=VECTOR('',#8202,10.);
#2483=VECTOR('',#8203,10.);
#2484=VECTOR('',#8206,10.);
#2485=VECTOR('',#8207,10.);
#2486=VECTOR('',#8210,10.);
#2487=VECTOR('',#8211,9.99999999999999);
#2488=VECTOR('',#8214,10.);
#2489=VECTOR('',#8215,10.);
#2490=VECTOR('',#8218,10.);
#2491=VECTOR('',#8221,10.);
#2492=VECTOR('',#8222,10.);
#2493=VECTOR('',#8225,10.);
#2494=VECTOR('',#8226,10.);
#2495=VECTOR('',#8227,10.);
#2496=VECTOR('',#8230,10.);
#2497=VECTOR('',#8231,10.);
#2498=VECTOR('',#8234,10.);
#2499=VECTOR('',#8235,10.);
#2500=VECTOR('',#8238,10.);
#2501=VECTOR('',#8239,10.);
#2502=VECTOR('',#8242,10.);
#2503=VECTOR('',#8245,10.);
#2504=VECTOR('',#8248,10.);
#2505=VECTOR('',#8251,10.);
#2506=VECTOR('',#8256,10.);
#2507=VECTOR('',#8257,10.);
#2508=VECTOR('',#8260,10.);
#2509=VECTOR('',#8261,10.);
#2510=VECTOR('',#8262,10.);
#2511=VECTOR('',#8265,10.);
#2512=VECTOR('',#8266,10.);
#2513=VECTOR('',#8267,10.);
#2514=VECTOR('',#8270,10.);
#2515=VECTOR('',#8271,10.);
#2516=VECTOR('',#8272,10.);
#2517=VECTOR('',#8275,10.);
#2518=VECTOR('',#8276,10.);
#2519=VECTOR('',#8277,9.99999999999999);
#2520=VECTOR('',#8280,10.);
#2521=VECTOR('',#8283,10.);
#2522=VECTOR('',#8284,10.);
#2523=VECTOR('',#8287,10.);
#2524=VECTOR('',#8290,9.99999999999999);
#2525=VECTOR('',#8291,10.);
#2526=VECTOR('',#8294,10.);
#2527=VECTOR('',#8295,10.);
#2528=VECTOR('',#8298,10.);
#2529=VECTOR('',#8301,10.);
#2530=VECTOR('',#8302,10.);
#2531=VECTOR('',#8305,10.);
#2532=VECTOR('',#8306,9.99999999999999);
#2533=VECTOR('',#8309,10.);
#2534=VECTOR('',#8310,10.);
#2535=VECTOR('',#8313,10.);
#2536=VECTOR('',#8316,10.);
#2537=VECTOR('',#8317,10.);
#2538=VECTOR('',#8318,10.);
#2539=VECTOR('',#8321,10.);
#2540=VECTOR('',#8322,10.);
#2541=VECTOR('',#8325,10.);
#2542=VECTOR('',#8326,10.);
#2543=VECTOR('',#8329,10.);
#2544=VECTOR('',#8330,10.);
#2545=VECTOR('',#8333,10.);
#2546=VECTOR('',#8334,10.);
#2547=VECTOR('',#8337,10.);
#2548=VECTOR('',#8338,10.);
#2549=VECTOR('',#8341,10.);
#2550=VECTOR('',#8344,10.);
#2551=VECTOR('',#8345,10.);
#2552=VECTOR('',#8348,10.);
#2553=VECTOR('',#8349,10.);
#2554=VECTOR('',#8350,10.);
#2555=VECTOR('',#8351,10.);
#2556=VECTOR('',#8354,10.);
#2557=VECTOR('',#8355,10.);
#2558=VECTOR('',#8358,9.99999999999999);
#2559=VECTOR('',#8359,10.);
#2560=VECTOR('',#8362,10.);
#2561=VECTOR('',#8363,10.);
#2562=VECTOR('',#8366,10.);
#2563=VECTOR('',#8367,10.);
#2564=VECTOR('',#8370,10.);
#2565=VECTOR('',#8371,10.);
#2566=VECTOR('',#8374,10.);
#2567=VECTOR('',#8375,10.);
#2568=VECTOR('',#8378,10.);
#2569=VECTOR('',#8379,10.);
#2570=VECTOR('',#8382,10.);
#2571=VECTOR('',#8383,10.);
#2572=VECTOR('',#8386,10.);
#2573=VECTOR('',#8387,10.);
#2574=VECTOR('',#8390,10.);
#2575=VECTOR('',#8391,10.);
#2576=VECTOR('',#8394,10.);
#2577=VECTOR('',#8395,10.);
#2578=VECTOR('',#8398,9.99999999999999);
#2579=VECTOR('',#8399,10.);
#2580=VECTOR('',#8402,10.);
#2581=VECTOR('',#8403,10.);
#2582=VECTOR('',#8406,10.);
#2583=VECTOR('',#8407,10.);
#2584=VECTOR('',#8410,10.);
#2585=VECTOR('',#8411,10.);
#2586=VECTOR('',#8414,10.);
#2587=VECTOR('',#8415,10.);
#2588=VECTOR('',#8418,10.);
#2589=VECTOR('',#8419,10.);
#2590=VECTOR('',#8422,10.);
#2591=VECTOR('',#8425,10.);
#2592=VECTOR('',#8426,10.);
#2593=VECTOR('',#8429,10.);
#2594=VECTOR('',#8430,10.);
#2595=VECTOR('',#8433,10.);
#2596=VECTOR('',#8434,10.);
#2597=VECTOR('',#8437,10.);
#2598=VECTOR('',#8438,10.);
#2599=VECTOR('',#8441,10.);
#2600=VECTOR('',#8442,9.99999999999999);
#2601=VECTOR('',#8445,10.);
#2602=VECTOR('',#8446,10.);
#2603=VECTOR('',#8449,10.);
#2604=VECTOR('',#8450,10.);
#2605=VECTOR('',#8451,10.);
#2606=VECTOR('',#8454,10.);
#2607=VECTOR('',#8459,10.);
#2608=VECTOR('',#8464,10.);
#2609=VECTOR('',#8467,10.);
#2610=VECTOR('',#8470,10.);
#2611=VECTOR('',#8473,10.);
#2612=VECTOR('',#8476,10.);
#2613=VECTOR('',#8479,10.);
#2614=VECTOR('',#8482,10.);
#2615=VECTOR('',#8485,10.);
#2616=VECTOR('',#8488,10.);
#2617=VECTOR('',#8491,10.);
#2618=VECTOR('',#8494,10.);
#2619=VECTOR('',#8497,10.);
#2620=VECTOR('',#8500,10.);
#2621=VECTOR('',#8503,10.);
#2622=VECTOR('',#8506,10.);
#2623=VECTOR('',#8513,10.);
#2624=VECTOR('',#8516,10.);
#2625=VECTOR('',#8519,10.);
#2626=VECTOR('',#8524,10.);
#2627=VECTOR('',#8527,10.);
#2628=VECTOR('',#8528,10.);
#2629=VECTOR('',#8531,10.);
#2630=VECTOR('',#8534,10.);
#2631=VECTOR('',#8535,10.);
#2632=VECTOR('',#8538,10.);
#2633=VECTOR('',#8539,10.);
#2634=VECTOR('',#8542,10.);
#2635=VECTOR('',#8543,10.);
#2636=VECTOR('',#8546,10.);
#2637=VECTOR('',#8549,10.);
#2638=VECTOR('',#8550,10.);
#2639=VECTOR('',#8553,10.);
#2640=VECTOR('',#8558,10.);
#2641=VECTOR('',#8561,10.);
#2642=VECTOR('',#8564,10.);
#2643=VECTOR('',#8565,10.);
#2644=VECTOR('',#8568,10.);
#2645=VECTOR('',#8569,10.);
#2646=VECTOR('',#8572,10.);
#2647=VECTOR('',#8573,10.);
#2648=VECTOR('',#8576,10.);
#2649=VECTOR('',#8579,10.);
#2650=VECTOR('',#8584,10.);
#2651=VECTOR('',#8585,10.);
#2652=VECTOR('',#8588,10.);
#2653=VECTOR('',#8597,10.);
#2654=VECTOR('',#8598,10.);
#2655=VECTOR('',#8599,10.);
#2656=VECTOR('',#8602,10.);
#2657=VECTOR('',#8603,10.);
#2658=VECTOR('',#8606,10.);
#2659=VECTOR('',#8607,10.);
#2660=VECTOR('',#8610,10.);
#2661=VECTOR('',#8611,9.99999999999999);
#2662=VECTOR('',#8614,10.);
#2663=VECTOR('',#8617,10.);
#2664=VECTOR('',#8620,10.);
#2665=VECTOR('',#8623,10.);
#2666=VECTOR('',#8628,10.);
#2667=VECTOR('',#8629,10.);
#2668=VECTOR('',#8632,10.);
#2669=VECTOR('',#8633,10.);
#2670=VECTOR('',#8636,10.);
#2671=VECTOR('',#8639,10.);
#2672=VECTOR('',#8642,9.99999999999999);
#2673=VECTOR('',#8645,10.);
#2674=VECTOR('',#8646,10.);
#2675=VECTOR('',#8649,10.);
#2676=VECTOR('',#8650,10.);
#2677=VECTOR('',#8653,10.);
#2678=VECTOR('',#8654,10.);
#2679=VECTOR('',#8657,10.);
#2680=VECTOR('',#8658,10.);
#2681=VECTOR('',#8661,9.99999999999999);
#2682=VECTOR('',#8662,10.);
#2683=VECTOR('',#8665,10.);
#2684=VECTOR('',#8666,10.);
#2685=VECTOR('',#8669,10.);
#2686=VECTOR('',#8670,10.);
#2687=VECTOR('',#8673,10.);
#2688=VECTOR('',#8676,10.);
#2689=VECTOR('',#8681,10.);
#2690=VECTOR('',#8684,10.);
#2691=VECTOR('',#8687,10.);
#2692=VECTOR('',#8688,10.);
#2693=VECTOR('',#8707,4.50000000000001);
#2694=VECTOR('',#8710,10.);
#2695=VECTOR('',#8717,10.);
#2696=VECTOR('',#8720,10.);
#2697=VECTOR('',#8729,10.);
#2698=VECTOR('',#8730,10.);
#2699=VECTOR('',#8737,4.50000000000001);
#2700=VECTOR('',#8742,10.);
#2701=VECTOR('',#8747,10.);
#2702=VECTOR('',#8752,10.);
#2703=VECTOR('',#8755,10.);
#2704=VECTOR('',#8758,10.);
#2705=VECTOR('',#8761,10.);
#2706=VECTOR('',#8764,10.);
#2707=VECTOR('',#8767,10.);
#2708=VECTOR('',#8770,10.);
#2709=VECTOR('',#8775,2.25000000000001);
#2710=VECTOR('',#8778,2.25000000000001);
#2711=VECTOR('',#8783,10.);
#2712=VECTOR('',#8788,10.);
#2713=VECTOR('',#8789,10.);
#2714=VECTOR('',#8792,10.);
#2715=VECTOR('',#8797,10.);
#2716=VECTOR('',#8800,10.);
#2717=VECTOR('',#8803,10.);
#2718=VECTOR('',#8808,10.);
#2719=VECTOR('',#8811,10.);
#2720=VERTEX_POINT('',#8818);
#2721=VERTEX_POINT('',#8819);
#2722=VERTEX_POINT('',#8821);
#2723=VERTEX_POINT('',#8823);
#2724=VERTEX_POINT('',#8827);
#2725=VERTEX_POINT('',#8829);
#2726=VERTEX_POINT('',#8838);
#2727=VERTEX_POINT('',#8842);
#2728=VERTEX_POINT('',#8853);
#2729=VERTEX_POINT('',#8857);
#2730=VERTEX_POINT('',#8863);
#2731=VERTEX_POINT('',#8865);
#2732=VERTEX_POINT('',#8874);
#2733=VERTEX_POINT('',#8878);
#2734=VERTEX_POINT('',#8889);
#2735=VERTEX_POINT('',#8893);
#2736=VERTEX_POINT('',#8902);
#2737=VERTEX_POINT('',#8903);
#2738=VERTEX_POINT('',#8905);
#2739=VERTEX_POINT('',#8907);
#2740=VERTEX_POINT('',#8911);
#2741=VERTEX_POINT('',#8913);
#2742=VERTEX_POINT('',#8917);
#2743=VERTEX_POINT('',#8919);
#2744=VERTEX_POINT('',#8923);
#2745=VERTEX_POINT('',#8925);
#2746=VERTEX_POINT('',#8929);
#2747=VERTEX_POINT('',#8931);
#2748=VERTEX_POINT('',#8935);
#2749=VERTEX_POINT('',#8937);
#2750=VERTEX_POINT('',#8946);
#2751=VERTEX_POINT('',#8950);
#2752=VERTEX_POINT('',#8961);
#2753=VERTEX_POINT('',#8965);
#2754=VERTEX_POINT('',#8971);
#2755=VERTEX_POINT('',#8973);
#2756=VERTEX_POINT('',#8982);
#2757=VERTEX_POINT('',#8986);
#2758=VERTEX_POINT('',#8997);
#2759=VERTEX_POINT('',#9001);
#2760=VERTEX_POINT('',#9007);
#2761=VERTEX_POINT('',#9009);
#2762=VERTEX_POINT('',#9022);
#2763=VERTEX_POINT('',#9023);
#2764=VERTEX_POINT('',#9027);
#2765=VERTEX_POINT('',#9029);
#2766=VERTEX_POINT('',#9040);
#2767=VERTEX_POINT('',#9044);
#2768=VERTEX_POINT('',#9050);
#2769=VERTEX_POINT('',#9052);
#2770=VERTEX_POINT('',#9061);
#2771=VERTEX_POINT('',#9065);
#2772=VERTEX_POINT('',#9076);
#2773=VERTEX_POINT('',#9080);
#2774=VERTEX_POINT('',#9091);
#2775=VERTEX_POINT('',#9095);
#2776=VERTEX_POINT('',#9106);
#2777=VERTEX_POINT('',#9110);
#2778=VERTEX_POINT('',#9121);
#2779=VERTEX_POINT('',#9125);
#2780=VERTEX_POINT('',#9136);
#2781=VERTEX_POINT('',#9140);
#2782=VERTEX_POINT('',#9146);
#2783=VERTEX_POINT('',#9148);
#2784=VERTEX_POINT('',#9157);
#2785=VERTEX_POINT('',#9161);
#2786=VERTEX_POINT('',#9172);
#2787=VERTEX_POINT('',#9176);
#2788=VERTEX_POINT('',#9187);
#2789=VERTEX_POINT('',#9191);
#2790=VERTEX_POINT('',#9214);
#2791=VERTEX_POINT('',#9215);
#2792=VERTEX_POINT('',#9219);
#2793=VERTEX_POINT('',#9221);
#2794=VERTEX_POINT('',#9232);
#2795=VERTEX_POINT('',#9236);
#2796=VERTEX_POINT('',#9247);
#2797=VERTEX_POINT('',#9251);
#2798=VERTEX_POINT('',#9262);
#2799=VERTEX_POINT('',#9266);
#2800=VERTEX_POINT('',#9272);
#2801=VERTEX_POINT('',#9274);
#2802=VERTEX_POINT('',#9283);
#2803=VERTEX_POINT('',#9287);
#2804=VERTEX_POINT('',#9298);
#2805=VERTEX_POINT('',#9302);
#2806=VERTEX_POINT('',#9313);
#2807=VERTEX_POINT('',#9317);
#2808=VERTEX_POINT('',#9328);
#2809=VERTEX_POINT('',#9332);
#2810=VERTEX_POINT('',#9343);
#2811=VERTEX_POINT('',#9347);
#2812=VERTEX_POINT('',#9358);
#2813=VERTEX_POINT('',#9362);
#2814=VERTEX_POINT('',#9373);
#2815=VERTEX_POINT('',#9377);
#2816=VERTEX_POINT('',#9388);
#2817=VERTEX_POINT('',#9392);
#2818=VERTEX_POINT('',#9403);
#2819=VERTEX_POINT('',#9407);
#2820=VERTEX_POINT('',#9418);
#2821=VERTEX_POINT('',#9422);
#2822=VERTEX_POINT('',#9428);
#2823=VERTEX_POINT('',#9430);
#2824=VERTEX_POINT('',#9439);
#2825=VERTEX_POINT('',#9443);
#2826=VERTEX_POINT('',#9454);
#2827=VERTEX_POINT('',#9458);
#2828=VERTEX_POINT('',#9469);
#2829=VERTEX_POINT('',#9473);
#2830=VERTEX_POINT('',#9484);
#2831=VERTEX_POINT('',#9488);
#2832=VERTEX_POINT('',#9499);
#2833=VERTEX_POINT('',#9503);
#2834=VERTEX_POINT('',#9527);
#2835=VERTEX_POINT('',#9528);
#2836=VERTEX_POINT('',#9532);
#2837=VERTEX_POINT('',#9534);
#2838=VERTEX_POINT('',#9545);
#2839=VERTEX_POINT('',#9549);
#2840=VERTEX_POINT('',#9555);
#2841=VERTEX_POINT('',#9557);
#2842=VERTEX_POINT('',#9566);
#2843=VERTEX_POINT('',#9570);
#2844=VERTEX_POINT('',#9581);
#2845=VERTEX_POINT('',#9585);
#2846=VERTEX_POINT('',#9596);
#2847=VERTEX_POINT('',#9600);
#2848=VERTEX_POINT('',#9611);
#2849=VERTEX_POINT('',#9615);
#2850=VERTEX_POINT('',#9626);
#2851=VERTEX_POINT('',#9630);
#2852=VERTEX_POINT('',#9641);
#2853=VERTEX_POINT('',#9645);
#2854=VERTEX_POINT('',#9651);
#2855=VERTEX_POINT('',#9653);
#2856=VERTEX_POINT('',#9662);
#2857=VERTEX_POINT('',#9666);
#2858=VERTEX_POINT('',#9677);
#2859=VERTEX_POINT('',#9681);
#2860=VERTEX_POINT('',#9692);
#2861=VERTEX_POINT('',#9696);
#2862=VERTEX_POINT('',#9719);
#2863=VERTEX_POINT('',#9720);
#2864=VERTEX_POINT('',#9724);
#2865=VERTEX_POINT('',#9726);
#2866=VERTEX_POINT('',#9737);
#2867=VERTEX_POINT('',#9741);
#2868=VERTEX_POINT('',#9752);
#2869=VERTEX_POINT('',#9756);
#2870=VERTEX_POINT('',#9767);
#2871=VERTEX_POINT('',#9771);
#2872=VERTEX_POINT('',#9777);
#2873=VERTEX_POINT('',#9779);
#2874=VERTEX_POINT('',#9788);
#2875=VERTEX_POINT('',#9792);
#2876=VERTEX_POINT('',#9803);
#2877=VERTEX_POINT('',#9807);
#2878=VERTEX_POINT('',#9818);
#2879=VERTEX_POINT('',#9822);
#2880=VERTEX_POINT('',#9833);
#2881=VERTEX_POINT('',#9837);
#2882=VERTEX_POINT('',#9848);
#2883=VERTEX_POINT('',#9852);
#2884=VERTEX_POINT('',#9863);
#2885=VERTEX_POINT('',#9867);
#2886=VERTEX_POINT('',#9878);
#2887=VERTEX_POINT('',#9882);
#2888=VERTEX_POINT('',#9893);
#2889=VERTEX_POINT('',#9897);
#2890=VERTEX_POINT('',#9908);
#2891=VERTEX_POINT('',#9912);
#2892=VERTEX_POINT('',#9923);
#2893=VERTEX_POINT('',#9927);
#2894=VERTEX_POINT('',#9933);
#2895=VERTEX_POINT('',#9935);
#2896=VERTEX_POINT('',#9944);
#2897=VERTEX_POINT('',#9948);
#2898=VERTEX_POINT('',#9959);
#2899=VERTEX_POINT('',#9963);
#2900=VERTEX_POINT('',#9974);
#2901=VERTEX_POINT('',#9978);
#2902=VERTEX_POINT('',#9989);
#2903=VERTEX_POINT('',#9993);
#2904=VERTEX_POINT('',#10004);
#2905=VERTEX_POINT('',#10008);
#2906=VERTEX_POINT('',#10027);
#2907=VERTEX_POINT('',#10028);
#2908=VERTEX_POINT('',#10030);
#2909=VERTEX_POINT('',#10032);
#2910=VERTEX_POINT('',#10036);
#2911=VERTEX_POINT('',#10038);
#2912=VERTEX_POINT('',#10042);
#2913=VERTEX_POINT('',#10044);
#2914=VERTEX_POINT('',#10048);
#2915=VERTEX_POINT('',#10050);
#2916=VERTEX_POINT('',#10059);
#2917=VERTEX_POINT('',#10063);
#2918=VERTEX_POINT('',#10074);
#2919=VERTEX_POINT('',#10078);
#2920=VERTEX_POINT('',#10089);
#2921=VERTEX_POINT('',#10093);
#2922=VERTEX_POINT('',#10104);
#2923=VERTEX_POINT('',#10108);
#2924=VERTEX_POINT('',#10119);
#2925=VERTEX_POINT('',#10123);
#2926=VERTEX_POINT('',#10129);
#2927=VERTEX_POINT('',#10131);
#2928=VERTEX_POINT('',#10140);
#2929=VERTEX_POINT('',#10144);
#2930=VERTEX_POINT('',#10155);
#2931=VERTEX_POINT('',#10159);
#2932=VERTEX_POINT('',#10170);
#2933=VERTEX_POINT('',#10174);
#2934=VERTEX_POINT('',#10180);
#2935=VERTEX_POINT('',#10182);
#2936=VERTEX_POINT('',#10191);
#2937=VERTEX_POINT('',#10195);
#2938=VERTEX_POINT('',#10206);
#2939=VERTEX_POINT('',#10210);
#2940=VERTEX_POINT('',#10221);
#2941=VERTEX_POINT('',#10225);
#2942=VERTEX_POINT('',#10231);
#2943=VERTEX_POINT('',#10233);
#2944=VERTEX_POINT('',#10242);
#2945=VERTEX_POINT('',#10246);
#2946=VERTEX_POINT('',#10257);
#2947=VERTEX_POINT('',#10261);
#2948=VERTEX_POINT('',#10272);
#2949=VERTEX_POINT('',#10276);
#2950=VERTEX_POINT('',#10287);
#2951=VERTEX_POINT('',#10291);
#2952=VERTEX_POINT('',#10302);
#2953=VERTEX_POINT('',#10306);
#2954=VERTEX_POINT('',#10321);
#2955=VERTEX_POINT('',#10322);
#2956=VERTEX_POINT('',#10326);
#2957=VERTEX_POINT('',#10328);
#2958=VERTEX_POINT('',#10339);
#2959=VERTEX_POINT('',#10343);
#2960=VERTEX_POINT('',#10349);
#2961=VERTEX_POINT('',#10351);
#2962=VERTEX_POINT('',#10360);
#2963=VERTEX_POINT('',#10364);
#2964=VERTEX_POINT('',#10375);
#2965=VERTEX_POINT('',#10379);
#2966=VERTEX_POINT('',#10385);
#2967=VERTEX_POINT('',#10387);
#2968=VERTEX_POINT('',#10396);
#2969=VERTEX_POINT('',#10400);
#2970=VERTEX_POINT('',#10406);
#2971=VERTEX_POINT('',#10408);
#2972=VERTEX_POINT('',#10417);
#2973=VERTEX_POINT('',#10421);
#2974=VERTEX_POINT('',#10432);
#2975=VERTEX_POINT('',#10436);
#2976=VERTEX_POINT('',#10447);
#2977=VERTEX_POINT('',#10451);
#2978=VERTEX_POINT('',#10457);
#2979=VERTEX_POINT('',#10459);
#2980=VERTEX_POINT('',#10468);
#2981=VERTEX_POINT('',#10472);
#2982=VERTEX_POINT('',#10483);
#2983=VERTEX_POINT('',#10487);
#2984=VERTEX_POINT('',#10498);
#2985=VERTEX_POINT('',#10502);
#2986=VERTEX_POINT('',#10508);
#2987=VERTEX_POINT('',#10510);
#2988=VERTEX_POINT('',#10519);
#2989=VERTEX_POINT('',#10523);
#2990=VERTEX_POINT('',#10529);
#2991=VERTEX_POINT('',#10531);
#2992=VERTEX_POINT('',#10540);
#2993=VERTEX_POINT('',#10544);
#2994=VERTEX_POINT('',#10555);
#2995=VERTEX_POINT('',#10559);
#2996=VERTEX_POINT('',#10565);
#2997=VERTEX_POINT('',#10567);
#2998=VERTEX_POINT('',#10576);
#2999=VERTEX_POINT('',#10580);
#3000=VERTEX_POINT('',#10591);
#3001=VERTEX_POINT('',#10595);
#3002=VERTEX_POINT('',#10601);
#3003=VERTEX_POINT('',#10603);
#3004=VERTEX_POINT('',#10612);
#3005=VERTEX_POINT('',#10616);
#3006=VERTEX_POINT('',#10635);
#3007=VERTEX_POINT('',#10636);
#3008=VERTEX_POINT('',#10638);
#3009=VERTEX_POINT('',#10640);
#3010=VERTEX_POINT('',#10644);
#3011=VERTEX_POINT('',#10646);
#3012=VERTEX_POINT('',#10650);
#3013=VERTEX_POINT('',#10652);
#3014=VERTEX_POINT('',#10656);
#3015=VERTEX_POINT('',#10658);
#3016=VERTEX_POINT('',#10662);
#3017=VERTEX_POINT('',#10664);
#3018=VERTEX_POINT('',#10672);
#3019=VERTEX_POINT('',#10673);
#3020=VERTEX_POINT('',#10675);
#3021=VERTEX_POINT('',#10677);
#3022=VERTEX_POINT('',#10683);
#3023=VERTEX_POINT('',#10684);
#3024=VERTEX_POINT('',#10686);
#3025=VERTEX_POINT('',#10688);
#3026=VERTEX_POINT('',#10692);
#3027=VERTEX_POINT('',#10694);
#3028=VERTEX_POINT('',#10698);
#3029=VERTEX_POINT('',#10700);
#3030=VERTEX_POINT('',#10704);
#3031=VERTEX_POINT('',#10706);
#3032=VERTEX_POINT('',#10710);
#3033=VERTEX_POINT('',#10712);
#3034=VERTEX_POINT('',#10714);
#3035=VERTEX_POINT('',#10718);
#3036=VERTEX_POINT('',#10721);
#3037=VERTEX_POINT('',#10724);
#3038=VERTEX_POINT('',#10726);
#3039=VERTEX_POINT('',#10728);
#3040=VERTEX_POINT('',#10732);
#3041=VERTEX_POINT('',#10736);
#3042=VERTEX_POINT('',#10738);
#3043=VERTEX_POINT('',#10746);
#3044=VERTEX_POINT('',#10748);
#3045=VERTEX_POINT('',#10752);
#3046=VERTEX_POINT('',#10754);
#3047=VERTEX_POINT('',#10758);
#3048=VERTEX_POINT('',#10760);
#3049=VERTEX_POINT('',#10764);
#3050=VERTEX_POINT('',#10766);
#3051=VERTEX_POINT('',#10770);
#3052=VERTEX_POINT('',#10772);
#3053=VERTEX_POINT('',#10774);
#3054=VERTEX_POINT('',#10778);
#3055=VERTEX_POINT('',#10782);
#3056=VERTEX_POINT('',#10784);
#3057=VERTEX_POINT('',#10791);
#3058=VERTEX_POINT('',#10793);
#3059=VERTEX_POINT('',#10795);
#3060=VERTEX_POINT('',#10797);
#3061=VERTEX_POINT('',#10799);
#3062=VERTEX_POINT('',#10801);
#3063=VERTEX_POINT('',#10803);
#3064=VERTEX_POINT('',#10805);
#3065=VERTEX_POINT('',#10807);
#3066=VERTEX_POINT('',#10809);
#3067=VERTEX_POINT('',#10811);
#3068=VERTEX_POINT('',#10813);
#3069=VERTEX_POINT('',#10815);
#3070=VERTEX_POINT('',#10817);
#3071=VERTEX_POINT('',#10819);
#3072=VERTEX_POINT('',#10821);
#3073=VERTEX_POINT('',#10823);
#3074=VERTEX_POINT('',#10825);
#3075=VERTEX_POINT('',#10827);
#3076=VERTEX_POINT('',#10829);
#3077=VERTEX_POINT('',#10831);
#3078=VERTEX_POINT('',#10833);
#3079=VERTEX_POINT('',#10835);
#3080=VERTEX_POINT('',#10837);
#3081=VERTEX_POINT('',#10839);
#3082=VERTEX_POINT('',#10841);
#3083=VERTEX_POINT('',#10843);
#3084=VERTEX_POINT('',#10845);
#3085=VERTEX_POINT('',#10847);
#3086=VERTEX_POINT('',#10849);
#3087=VERTEX_POINT('',#10851);
#3088=VERTEX_POINT('',#10853);
#3089=VERTEX_POINT('',#10855);
#3090=VERTEX_POINT('',#10857);
#3091=VERTEX_POINT('',#10859);
#3092=VERTEX_POINT('',#10861);
#3093=VERTEX_POINT('',#10863);
#3094=VERTEX_POINT('',#10865);
#3095=VERTEX_POINT('',#10867);
#3096=VERTEX_POINT('',#10869);
#3097=VERTEX_POINT('',#10872);
#3098=VERTEX_POINT('',#10873);
#3099=VERTEX_POINT('',#10875);
#3100=VERTEX_POINT('',#10877);
#3101=VERTEX_POINT('',#10879);
#3102=VERTEX_POINT('',#10881);
#3103=VERTEX_POINT('',#10883);
#3104=VERTEX_POINT('',#10885);
#3105=VERTEX_POINT('',#10887);
#3106=VERTEX_POINT('',#10889);
#3107=VERTEX_POINT('',#10891);
#3108=VERTEX_POINT('',#10893);
#3109=VERTEX_POINT('',#10895);
#3110=VERTEX_POINT('',#10897);
#3111=VERTEX_POINT('',#10900);
#3112=VERTEX_POINT('',#10901);
#3113=VERTEX_POINT('',#10903);
#3114=VERTEX_POINT('',#10905);
#3115=VERTEX_POINT('',#10907);
#3116=VERTEX_POINT('',#10911);
#3117=VERTEX_POINT('',#10915);
#3118=VERTEX_POINT('',#10917);
#3119=VERTEX_POINT('',#10921);
#3120=VERTEX_POINT('',#10923);
#3121=VERTEX_POINT('',#10925);
#3122=VERTEX_POINT('',#10927);
#3123=VERTEX_POINT('',#10929);
#3124=VERTEX_POINT('',#10931);
#3125=VERTEX_POINT('',#10933);
#3126=VERTEX_POINT('',#10935);
#3127=VERTEX_POINT('',#10937);
#3128=VERTEX_POINT('',#10939);
#3129=VERTEX_POINT('',#10941);
#3130=VERTEX_POINT('',#10943);
#3131=VERTEX_POINT('',#10945);
#3132=VERTEX_POINT('',#10947);
#3133=VERTEX_POINT('',#10949);
#3134=VERTEX_POINT('',#10951);
#3135=VERTEX_POINT('',#10953);
#3136=VERTEX_POINT('',#10955);
#3137=VERTEX_POINT('',#10957);
#3138=VERTEX_POINT('',#10959);
#3139=VERTEX_POINT('',#10961);
#3140=VERTEX_POINT('',#10963);
#3141=VERTEX_POINT('',#10965);
#3142=VERTEX_POINT('',#10967);
#3143=VERTEX_POINT('',#10969);
#3144=VERTEX_POINT('',#10971);
#3145=VERTEX_POINT('',#10973);
#3146=VERTEX_POINT('',#10975);
#3147=VERTEX_POINT('',#10977);
#3148=VERTEX_POINT('',#10979);
#3149=VERTEX_POINT('',#10981);
#3150=VERTEX_POINT('',#10983);
#3151=VERTEX_POINT('',#10985);
#3152=VERTEX_POINT('',#10987);
#3153=VERTEX_POINT('',#10989);
#3154=VERTEX_POINT('',#10991);
#3155=VERTEX_POINT('',#10993);
#3156=VERTEX_POINT('',#10995);
#3157=VERTEX_POINT('',#10998);
#3158=VERTEX_POINT('',#10999);
#3159=VERTEX_POINT('',#11001);
#3160=VERTEX_POINT('',#11003);
#3161=VERTEX_POINT('',#11005);
#3162=VERTEX_POINT('',#11007);
#3163=VERTEX_POINT('',#11009);
#3164=VERTEX_POINT('',#11011);
#3165=VERTEX_POINT('',#11013);
#3166=VERTEX_POINT('',#11015);
#3167=VERTEX_POINT('',#11017);
#3168=VERTEX_POINT('',#11019);
#3169=VERTEX_POINT('',#11021);
#3170=VERTEX_POINT('',#11023);
#3171=VERTEX_POINT('',#11026);
#3172=VERTEX_POINT('',#11027);
#3173=VERTEX_POINT('',#11029);
#3174=VERTEX_POINT('',#11031);
#3175=VERTEX_POINT('',#11033);
#3176=VERTEX_POINT('',#11039);
#3177=VERTEX_POINT('',#11040);
#3178=VERTEX_POINT('',#11042);
#3179=VERTEX_POINT('',#11047);
#3180=VERTEX_POINT('',#11051);
#3181=VERTEX_POINT('',#11055);
#3182=VERTEX_POINT('',#11059);
#3183=VERTEX_POINT('',#11061);
#3184=VERTEX_POINT('',#11065);
#3185=VERTEX_POINT('',#11069);
#3186=VERTEX_POINT('',#11071);
#3187=VERTEX_POINT('',#11075);
#3188=VERTEX_POINT('',#11076);
#3189=VERTEX_POINT('',#11085);
#3190=VERTEX_POINT('',#11089);
#3191=VERTEX_POINT('',#11093);
#3192=VERTEX_POINT('',#11095);
#3193=VERTEX_POINT('',#11099);
#3194=VERTEX_POINT('',#11105);
#3195=VERTEX_POINT('',#11107);
#3196=VERTEX_POINT('',#11111);
#3197=VERTEX_POINT('',#11115);
#3198=VERTEX_POINT('',#11117);
#3199=VERTEX_POINT('',#11119);
#3200=VERTEX_POINT('',#11123);
#3201=VERTEX_POINT('',#11127);
#3202=VERTEX_POINT('',#11131);
#3203=VERTEX_POINT('',#11135);
#3204=VERTEX_POINT('',#11138);
#3205=VERTEX_POINT('',#11143);
#3206=VERTEX_POINT('',#11145);
#3207=VERTEX_POINT('',#11148);
#3208=VERTEX_POINT('',#11150);
#3209=VERTEX_POINT('',#11152);
#3210=VERTEX_POINT('',#11159);
#3211=VERTEX_POINT('',#11163);
#3212=VERTEX_POINT('',#11167);
#3213=VERTEX_POINT('',#11169);
#3214=VERTEX_POINT('',#11175);
#3215=VERTEX_POINT('',#11179);
#3216=VERTEX_POINT('',#11183);
#3217=VERTEX_POINT('',#11185);
#3218=VERTEX_POINT('',#11189);
#3219=VERTEX_POINT('',#11191);
#3220=VERTEX_POINT('',#11195);
#3221=VERTEX_POINT('',#11199);
#3222=VERTEX_POINT('',#11204);
#3223=VERTEX_POINT('',#11208);
#3224=VERTEX_POINT('',#11216);
#3225=VERTEX_POINT('',#11220);
#3226=VERTEX_POINT('',#11224);
#3227=VERTEX_POINT('',#11228);
#3228=VERTEX_POINT('',#11232);
#3229=VERTEX_POINT('',#11236);
#3230=VERTEX_POINT('',#11240);
#3231=VERTEX_POINT('',#11244);
#3232=VERTEX_POINT('',#11248);
#3233=VERTEX_POINT('',#11252);
#3234=VERTEX_POINT('',#11256);
#3235=VERTEX_POINT('',#11260);
#3236=VERTEX_POINT('',#11264);
#3237=VERTEX_POINT('',#11268);
#3238=VERTEX_POINT('',#11272);
#3239=VERTEX_POINT('',#11276);
#3240=VERTEX_POINT('',#11280);
#3241=VERTEX_POINT('',#11284);
#3242=VERTEX_POINT('',#11290);
#3243=VERTEX_POINT('',#11294);
#3244=VERTEX_POINT('',#11296);
#3245=VERTEX_POINT('',#11300);
#3246=VERTEX_POINT('',#11304);
#3247=VERTEX_POINT('',#11308);
#3248=VERTEX_POINT('',#11314);
#3249=VERTEX_POINT('',#11316);
#3250=VERTEX_POINT('',#11320);
#3251=VERTEX_POINT('',#11324);
#3252=VERTEX_POINT('',#11328);
#3253=VERTEX_POINT('',#11330);
#3254=VERTEX_POINT('',#11334);
#3255=VERTEX_POINT('',#11336);
#3256=VERTEX_POINT('',#11340);
#3257=VERTEX_POINT('',#11341);
#3258=VERTEX_POINT('',#11346);
#3259=VERTEX_POINT('',#11348);
#3260=VERTEX_POINT('',#11354);
#3261=VERTEX_POINT('',#11360);
#3262=VERTEX_POINT('',#11364);
#3263=VERTEX_POINT('',#11370);
#3264=VERTEX_POINT('',#11374);
#3265=VERTEX_POINT('',#11378);
#3266=VERTEX_POINT('',#11384);
#3267=VERTEX_POINT('',#11386);
#3268=VERTEX_POINT('',#11390);
#3269=VERTEX_POINT('',#11394);
#3270=VERTEX_POINT('',#11398);
#3271=VERTEX_POINT('',#11402);
#3272=VERTEX_POINT('',#11406);
#3273=VERTEX_POINT('',#11410);
#3274=VERTEX_POINT('',#11412);
#3275=VERTEX_POINT('',#11414);
#3276=VERTEX_POINT('',#11418);
#3277=VERTEX_POINT('',#11419);
#3278=VERTEX_POINT('',#11421);
#3279=VERTEX_POINT('',#11426);
#3280=VERTEX_POINT('',#11430);
#3281=VERTEX_POINT('',#11434);
#3282=VERTEX_POINT('',#11438);
#3283=VERTEX_POINT('',#11442);
#3284=VERTEX_POINT('',#11446);
#3285=VERTEX_POINT('',#11450);
#3286=VERTEX_POINT('',#11454);
#3287=VERTEX_POINT('',#11458);
#3288=VERTEX_POINT('',#11462);
#3289=VERTEX_POINT('',#11466);
#3290=VERTEX_POINT('',#11470);
#3291=VERTEX_POINT('',#11474);
#3292=VERTEX_POINT('',#11478);
#3293=VERTEX_POINT('',#11482);
#3294=VERTEX_POINT('',#11486);
#3295=VERTEX_POINT('',#11495);
#3296=VERTEX_POINT('',#11499);
#3297=VERTEX_POINT('',#11503);
#3298=VERTEX_POINT('',#11510);
#3299=VERTEX_POINT('',#11514);
#3300=VERTEX_POINT('',#11518);
#3301=VERTEX_POINT('',#11520);
#3302=VERTEX_POINT('',#11524);
#3303=VERTEX_POINT('',#11528);
#3304=VERTEX_POINT('',#11530);
#3305=VERTEX_POINT('',#11579);
#3306=VERTEX_POINT('',#11583);
#3307=VERTEX_POINT('',#11587);
#3308=VERTEX_POINT('',#11603);
#3309=VERTEX_POINT('',#11607);
#3310=VERTEX_POINT('',#11611);
#3311=VERTEX_POINT('',#11617);
#3312=VERTEX_POINT('',#11621);
#3313=VERTEX_POINT('',#11625);
#3314=VERTEX_POINT('',#11627);
#3315=VERTEX_POINT('',#11635);
#3316=VERTEX_POINT('',#11637);
#3317=VERTEX_POINT('',#11641);
#3318=VERTEX_POINT('',#11645);
#3319=VERTEX_POINT('',#11649);
#3320=VERTEX_POINT('',#11655);
#3321=VERTEX_POINT('',#11657);
#3322=VERTEX_POINT('',#11661);
#3323=VERTEX_POINT('',#11665);
#3324=VERTEX_POINT('',#11678);
#3325=VERTEX_POINT('',#11682);
#3326=VERTEX_POINT('',#11686);
#3327=VERTEX_POINT('',#11690);
#3328=VERTEX_POINT('',#11694);
#3329=VERTEX_POINT('',#11698);
#3330=VERTEX_POINT('',#11710);
#3331=VERTEX_POINT('',#11712);
#3332=VERTEX_POINT('',#11716);
#3333=VERTEX_POINT('',#11722);
#3334=VERTEX_POINT('',#11754);
#3335=VERTEX_POINT('',#11786);
#3336=VERTEX_POINT('',#11808);
#3337=VERTEX_POINT('',#11815);
#3338=VERTEX_POINT('',#11817);
#3339=VERTEX_POINT('',#11819);
#3340=VERTEX_POINT('',#11821);
#3341=VERTEX_POINT('',#11823);
#3342=VERTEX_POINT('',#11826);
#3343=VERTEX_POINT('',#11828);
#3344=VERTEX_POINT('',#11830);
#3345=VERTEX_POINT('',#11832);
#3346=VERTEX_POINT('',#11835);
#3347=VERTEX_POINT('',#11838);
#3348=VERTEX_POINT('',#11842);
#3349=VERTEX_POINT('',#11843);
#3350=VERTEX_POINT('',#11847);
#3351=VERTEX_POINT('',#11849);
#3352=VERTEX_POINT('',#11873);
#3353=EDGE_CURVE('',#2720,#2721,#1214,.T.);
#3354=EDGE_CURVE('',#2720,#2722,#1215,.T.);
#3355=EDGE_CURVE('',#2722,#2723,#1216,.T.);
#3356=EDGE_CURVE('',#2721,#2723,#1217,.T.);
#3357=EDGE_CURVE('',#2724,#2720,#1218,.T.);
#3358=EDGE_CURVE('',#2724,#2725,#1219,.T.);
#3359=EDGE_CURVE('',#2725,#2722,#1220,.T.);
#3360=EDGE_CURVE('',#2726,#2724,#84,.T.);
#3361=EDGE_CURVE('',#2726,#2727,#1221,.T.);
#3362=EDGE_CURVE('',#2727,#2725,#85,.T.);
#3363=EDGE_CURVE('',#2728,#2726,#86,.T.);
#3364=EDGE_CURVE('',#2728,#2729,#1222,.T.);
#3365=EDGE_CURVE('',#2729,#2727,#87,.T.);
#3366=EDGE_CURVE('',#2730,#2728,#1223,.T.);
#3367=EDGE_CURVE('',#2730,#2731,#1224,.T.);
#3368=EDGE_CURVE('',#2731,#2729,#1225,.T.);
#3369=EDGE_CURVE('',#2732,#2730,#88,.T.);
#3370=EDGE_CURVE('',#2732,#2733,#1226,.T.);
#3371=EDGE_CURVE('',#2733,#2731,#89,.T.);
#3372=EDGE_CURVE('',#2734,#2732,#90,.T.);
#3373=EDGE_CURVE('',#2734,#2735,#1227,.T.);
#3374=EDGE_CURVE('',#2735,#2733,#91,.T.);
#3375=EDGE_CURVE('',#2721,#2734,#1228,.T.);
#3376=EDGE_CURVE('',#2723,#2735,#1229,.T.);
#3377=EDGE_CURVE('',#2736,#2737,#1230,.T.);
#3378=EDGE_CURVE('',#2736,#2738,#1231,.T.);
#3379=EDGE_CURVE('',#2738,#2739,#1232,.T.);
#3380=EDGE_CURVE('',#2737,#2739,#1233,.T.);
#3381=EDGE_CURVE('',#2740,#2736,#1234,.T.);
#3382=EDGE_CURVE('',#2740,#2741,#1235,.T.);
#3383=EDGE_CURVE('',#2741,#2738,#1236,.T.);
#3384=EDGE_CURVE('',#2742,#2740,#1237,.T.);
#3385=EDGE_CURVE('',#2742,#2743,#1238,.T.);
#3386=EDGE_CURVE('',#2743,#2741,#1239,.T.);
#3387=EDGE_CURVE('',#2744,#2742,#1240,.T.);
#3388=EDGE_CURVE('',#2744,#2745,#1241,.T.);
#3389=EDGE_CURVE('',#2745,#2743,#1242,.T.);
#3390=EDGE_CURVE('',#2746,#2744,#1243,.T.);
#3391=EDGE_CURVE('',#2746,#2747,#1244,.T.);
#3392=EDGE_CURVE('',#2747,#2745,#1245,.T.);
#3393=EDGE_CURVE('',#2748,#2746,#1246,.T.);
#3394=EDGE_CURVE('',#2748,#2749,#1247,.T.);
#3395=EDGE_CURVE('',#2749,#2747,#1248,.T.);
#3396=EDGE_CURVE('',#2750,#2748,#92,.T.);
#3397=EDGE_CURVE('',#2750,#2751,#1249,.T.);
#3398=EDGE_CURVE('',#2751,#2749,#93,.T.);
#3399=EDGE_CURVE('',#2752,#2750,#94,.T.);
#3400=EDGE_CURVE('',#2752,#2753,#1250,.T.);
#3401=EDGE_CURVE('',#2753,#2751,#95,.T.);
#3402=EDGE_CURVE('',#2754,#2752,#1251,.T.);
#3403=EDGE_CURVE('',#2754,#2755,#1252,.T.);
#3404=EDGE_CURVE('',#2755,#2753,#1253,.T.);
#3405=EDGE_CURVE('',#2756,#2754,#96,.T.);
#3406=EDGE_CURVE('',#2756,#2757,#1254,.T.);
#3407=EDGE_CURVE('',#2757,#2755,#97,.T.);
#3408=EDGE_CURVE('',#2758,#2756,#98,.T.);
#3409=EDGE_CURVE('',#2758,#2759,#1255,.T.);
#3410=EDGE_CURVE('',#2759,#2757,#99,.T.);
#3411=EDGE_CURVE('',#2760,#2758,#1256,.T.);
#3412=EDGE_CURVE('',#2760,#2761,#1257,.T.);
#3413=EDGE_CURVE('',#2761,#2759,#1258,.T.);
#3414=EDGE_CURVE('',#2737,#2760,#1259,.T.);
#3415=EDGE_CURVE('',#2739,#2761,#1260,.T.);
#3416=EDGE_CURVE('',#2762,#2763,#100,.T.);
#3417=EDGE_CURVE('',#2762,#2764,#1261,.T.);
#3418=EDGE_CURVE('',#2764,#2765,#101,.T.);
#3419=EDGE_CURVE('',#2763,#2765,#1262,.T.);
#3420=EDGE_CURVE('',#2766,#2762,#102,.T.);
#3421=EDGE_CURVE('',#2766,#2767,#1263,.T.);
#3422=EDGE_CURVE('',#2767,#2764,#103,.T.);
#3423=EDGE_CURVE('',#2768,#2766,#1264,.T.);
#3424=EDGE_CURVE('',#2768,#2769,#1265,.T.);
#3425=EDGE_CURVE('',#2769,#2767,#1266,.T.);
#3426=EDGE_CURVE('',#2770,#2768,#104,.T.);
#3427=EDGE_CURVE('',#2770,#2771,#1267,.T.);
#3428=EDGE_CURVE('',#2771,#2769,#105,.T.);
#3429=EDGE_CURVE('',#2772,#2770,#106,.T.);
#3430=EDGE_CURVE('',#2772,#2773,#1268,.T.);
#3431=EDGE_CURVE('',#2773,#2771,#107,.T.);
#3432=EDGE_CURVE('',#2774,#2772,#108,.T.);
#3433=EDGE_CURVE('',#2774,#2775,#1269,.T.);
#3434=EDGE_CURVE('',#2775,#2773,#109,.T.);
#3435=EDGE_CURVE('',#2776,#2774,#110,.T.);
#3436=EDGE_CURVE('',#2776,#2777,#1270,.T.);
#3437=EDGE_CURVE('',#2777,#2775,#111,.T.);
#3438=EDGE_CURVE('',#2778,#2776,#112,.T.);
#3439=EDGE_CURVE('',#2778,#2779,#1271,.T.);
#3440=EDGE_CURVE('',#2779,#2777,#113,.T.);
#3441=EDGE_CURVE('',#2780,#2778,#114,.T.);
#3442=EDGE_CURVE('',#2780,#2781,#1272,.T.);
#3443=EDGE_CURVE('',#2781,#2779,#115,.T.);
#3444=EDGE_CURVE('',#2782,#2780,#1273,.T.);
#3445=EDGE_CURVE('',#2782,#2783,#1274,.T.);
#3446=EDGE_CURVE('',#2783,#2781,#1275,.T.);
#3447=EDGE_CURVE('',#2784,#2782,#116,.T.);
#3448=EDGE_CURVE('',#2784,#2785,#1276,.T.);
#3449=EDGE_CURVE('',#2785,#2783,#117,.T.);
#3450=EDGE_CURVE('',#2786,#2784,#118,.T.);
#3451=EDGE_CURVE('',#2786,#2787,#1277,.T.);
#3452=EDGE_CURVE('',#2787,#2785,#119,.T.);
#3453=EDGE_CURVE('',#2788,#2786,#120,.T.);
#3454=EDGE_CURVE('',#2788,#2789,#1278,.T.);
#3455=EDGE_CURVE('',#2789,#2787,#121,.T.);
#3456=EDGE_CURVE('',#2763,#2788,#122,.T.);
#3457=EDGE_CURVE('',#2765,#2789,#123,.T.);
#3458=EDGE_CURVE('',#2790,#2791,#124,.T.);
#3459=EDGE_CURVE('',#2790,#2792,#1279,.T.);
#3460=EDGE_CURVE('',#2792,#2793,#125,.T.);
#3461=EDGE_CURVE('',#2791,#2793,#1280,.T.);
#3462=EDGE_CURVE('',#2794,#2790,#126,.T.);
#3463=EDGE_CURVE('',#2794,#2795,#1281,.T.);
#3464=EDGE_CURVE('',#2795,#2792,#127,.T.);
#3465=EDGE_CURVE('',#2796,#2794,#128,.T.);
#3466=EDGE_CURVE('',#2796,#2797,#1282,.T.);
#3467=EDGE_CURVE('',#2797,#2795,#129,.T.);
#3468=EDGE_CURVE('',#2798,#2796,#130,.T.);
#3469=EDGE_CURVE('',#2798,#2799,#1283,.T.);
#3470=EDGE_CURVE('',#2799,#2797,#131,.T.);
#3471=EDGE_CURVE('',#2800,#2798,#1284,.T.);
#3472=EDGE_CURVE('',#2800,#2801,#1285,.T.);
#3473=EDGE_CURVE('',#2801,#2799,#1286,.T.);
#3474=EDGE_CURVE('',#2802,#2800,#132,.T.);
#3475=EDGE_CURVE('',#2802,#2803,#1287,.T.);
#3476=EDGE_CURVE('',#2803,#2801,#133,.T.);
#3477=EDGE_CURVE('',#2804,#2802,#134,.T.);
#3478=EDGE_CURVE('',#2804,#2805,#1288,.T.);
#3479=EDGE_CURVE('',#2805,#2803,#135,.T.);
#3480=EDGE_CURVE('',#2806,#2804,#136,.T.);
#3481=EDGE_CURVE('',#2806,#2807,#1289,.T.);
#3482=EDGE_CURVE('',#2807,#2805,#137,.T.);
#3483=EDGE_CURVE('',#2808,#2806,#138,.T.);
#3484=EDGE_CURVE('',#2808,#2809,#1290,.T.);
#3485=EDGE_CURVE('',#2809,#2807,#139,.T.);
#3486=EDGE_CURVE('',#2810,#2808,#140,.T.);
#3487=EDGE_CURVE('',#2810,#2811,#1291,.T.);
#3488=EDGE_CURVE('',#2811,#2809,#141,.T.);
#3489=EDGE_CURVE('',#2812,#2810,#142,.T.);
#3490=EDGE_CURVE('',#2812,#2813,#1292,.T.);
#3491=EDGE_CURVE('',#2813,#2811,#143,.T.);
#3492=EDGE_CURVE('',#2814,#2812,#144,.T.);
#3493=EDGE_CURVE('',#2814,#2815,#1293,.T.);
#3494=EDGE_CURVE('',#2815,#2813,#145,.T.);
#3495=EDGE_CURVE('',#2816,#2814,#146,.T.);
#3496=EDGE_CURVE('',#2816,#2817,#1294,.T.);
#3497=EDGE_CURVE('',#2817,#2815,#147,.T.);
#3498=EDGE_CURVE('',#2818,#2816,#148,.T.);
#3499=EDGE_CURVE('',#2818,#2819,#1295,.T.);
#3500=EDGE_CURVE('',#2819,#2817,#149,.T.);
#3501=EDGE_CURVE('',#2820,#2818,#150,.T.);
#3502=EDGE_CURVE('',#2820,#2821,#1296,.T.);
#3503=EDGE_CURVE('',#2821,#2819,#151,.T.);
#3504=EDGE_CURVE('',#2822,#2820,#1297,.T.);
#3505=EDGE_CURVE('',#2822,#2823,#1298,.T.);
#3506=EDGE_CURVE('',#2823,#2821,#1299,.T.);
#3507=EDGE_CURVE('',#2824,#2822,#152,.T.);
#3508=EDGE_CURVE('',#2824,#2825,#1300,.T.);
#3509=EDGE_CURVE('',#2825,#2823,#153,.T.);
#3510=EDGE_CURVE('',#2826,#2824,#154,.T.);
#3511=EDGE_CURVE('',#2826,#2827,#1301,.T.);
#3512=EDGE_CURVE('',#2827,#2825,#155,.T.);
#3513=EDGE_CURVE('',#2828,#2826,#156,.T.);
#3514=EDGE_CURVE('',#2828,#2829,#1302,.T.);
#3515=EDGE_CURVE('',#2829,#2827,#157,.T.);
#3516=EDGE_CURVE('',#2830,#2828,#158,.T.);
#3517=EDGE_CURVE('',#2830,#2831,#1303,.T.);
#3518=EDGE_CURVE('',#2831,#2829,#159,.T.);
#3519=EDGE_CURVE('',#2832,#2830,#160,.T.);
#3520=EDGE_CURVE('',#2832,#2833,#1304,.T.);
#3521=EDGE_CURVE('',#2833,#2831,#161,.T.);
#3522=EDGE_CURVE('',#2791,#2832,#162,.T.);
#3523=EDGE_CURVE('',#2793,#2833,#163,.T.);
#3524=EDGE_CURVE('',#2834,#2835,#164,.T.);
#3525=EDGE_CURVE('',#2834,#2836,#1305,.T.);
#3526=EDGE_CURVE('',#2836,#2837,#165,.T.);
#3527=EDGE_CURVE('',#2835,#2837,#1306,.T.);
#3528=EDGE_CURVE('',#2838,#2834,#166,.T.);
#3529=EDGE_CURVE('',#2838,#2839,#1307,.T.);
#3530=EDGE_CURVE('',#2839,#2836,#167,.T.);
#3531=EDGE_CURVE('',#2840,#2838,#1308,.T.);
#3532=EDGE_CURVE('',#2840,#2841,#1309,.T.);
#3533=EDGE_CURVE('',#2841,#2839,#1310,.T.);
#3534=EDGE_CURVE('',#2842,#2840,#168,.T.);
#3535=EDGE_CURVE('',#2842,#2843,#1311,.T.);
#3536=EDGE_CURVE('',#2843,#2841,#169,.T.);
#3537=EDGE_CURVE('',#2844,#2842,#170,.T.);
#3538=EDGE_CURVE('',#2844,#2845,#1312,.T.);
#3539=EDGE_CURVE('',#2845,#2843,#171,.T.);
#3540=EDGE_CURVE('',#2846,#2844,#172,.T.);
#3541=EDGE_CURVE('',#2846,#2847,#1313,.T.);
#3542=EDGE_CURVE('',#2847,#2845,#173,.T.);
#3543=EDGE_CURVE('',#2848,#2846,#174,.T.);
#3544=EDGE_CURVE('',#2848,#2849,#1314,.T.);
#3545=EDGE_CURVE('',#2849,#2847,#175,.T.);
#3546=EDGE_CURVE('',#2850,#2848,#176,.T.);
#3547=EDGE_CURVE('',#2850,#2851,#1315,.T.);
#3548=EDGE_CURVE('',#2851,#2849,#177,.T.);
#3549=EDGE_CURVE('',#2852,#2850,#178,.T.);
#3550=EDGE_CURVE('',#2852,#2853,#1316,.T.);
#3551=EDGE_CURVE('',#2853,#2851,#179,.T.);
#3552=EDGE_CURVE('',#2854,#2852,#1317,.T.);
#3553=EDGE_CURVE('',#2854,#2855,#1318,.T.);
#3554=EDGE_CURVE('',#2855,#2853,#1319,.T.);
#3555=EDGE_CURVE('',#2856,#2854,#180,.T.);
#3556=EDGE_CURVE('',#2856,#2857,#1320,.T.);
#3557=EDGE_CURVE('',#2857,#2855,#181,.T.);
#3558=EDGE_CURVE('',#2858,#2856,#182,.T.);
#3559=EDGE_CURVE('',#2858,#2859,#1321,.T.);
#3560=EDGE_CURVE('',#2859,#2857,#183,.T.);
#3561=EDGE_CURVE('',#2860,#2858,#184,.T.);
#3562=EDGE_CURVE('',#2860,#2861,#1322,.T.);
#3563=EDGE_CURVE('',#2861,#2859,#185,.T.);
#3564=EDGE_CURVE('',#2835,#2860,#186,.T.);
#3565=EDGE_CURVE('',#2837,#2861,#187,.T.);
#3566=EDGE_CURVE('',#2862,#2863,#188,.T.);
#3567=EDGE_CURVE('',#2862,#2864,#1323,.T.);
#3568=EDGE_CURVE('',#2864,#2865,#189,.T.);
#3569=EDGE_CURVE('',#2863,#2865,#1324,.T.);
#3570=EDGE_CURVE('',#2866,#2862,#190,.T.);
#3571=EDGE_CURVE('',#2866,#2867,#1325,.T.);
#3572=EDGE_CURVE('',#2867,#2864,#191,.T.);
#3573=EDGE_CURVE('',#2868,#2866,#192,.T.);
#3574=EDGE_CURVE('',#2868,#2869,#1326,.T.);
#3575=EDGE_CURVE('',#2869,#2867,#193,.T.);
#3576=EDGE_CURVE('',#2870,#2868,#194,.T.);
#3577=EDGE_CURVE('',#2870,#2871,#1327,.T.);
#3578=EDGE_CURVE('',#2871,#2869,#195,.T.);
#3579=EDGE_CURVE('',#2872,#2870,#1328,.T.);
#3580=EDGE_CURVE('',#2872,#2873,#1329,.T.);
#3581=EDGE_CURVE('',#2873,#2871,#1330,.T.);
#3582=EDGE_CURVE('',#2874,#2872,#196,.T.);
#3583=EDGE_CURVE('',#2874,#2875,#1331,.T.);
#3584=EDGE_CURVE('',#2875,#2873,#197,.T.);
#3585=EDGE_CURVE('',#2876,#2874,#198,.T.);
#3586=EDGE_CURVE('',#2876,#2877,#1332,.T.);
#3587=EDGE_CURVE('',#2877,#2875,#199,.T.);
#3588=EDGE_CURVE('',#2878,#2876,#200,.T.);
#3589=EDGE_CURVE('',#2878,#2879,#1333,.T.);
#3590=EDGE_CURVE('',#2879,#2877,#201,.T.);
#3591=EDGE_CURVE('',#2880,#2878,#202,.T.);
#3592=EDGE_CURVE('',#2880,#2881,#1334,.T.);
#3593=EDGE_CURVE('',#2881,#2879,#203,.T.);
#3594=EDGE_CURVE('',#2882,#2880,#204,.T.);
#3595=EDGE_CURVE('',#2882,#2883,#1335,.T.);
#3596=EDGE_CURVE('',#2883,#2881,#205,.T.);
#3597=EDGE_CURVE('',#2884,#2882,#206,.T.);
#3598=EDGE_CURVE('',#2884,#2885,#1336,.T.);
#3599=EDGE_CURVE('',#2885,#2883,#207,.T.);
#3600=EDGE_CURVE('',#2886,#2884,#208,.T.);
#3601=EDGE_CURVE('',#2886,#2887,#1337,.T.);
#3602=EDGE_CURVE('',#2887,#2885,#209,.T.);
#3603=EDGE_CURVE('',#2888,#2886,#210,.T.);
#3604=EDGE_CURVE('',#2888,#2889,#1338,.T.);
#3605=EDGE_CURVE('',#2889,#2887,#211,.T.);
#3606=EDGE_CURVE('',#2890,#2888,#212,.T.);
#3607=EDGE_CURVE('',#2890,#2891,#1339,.T.);
#3608=EDGE_CURVE('',#2891,#2889,#213,.T.);
#3609=EDGE_CURVE('',#2892,#2890,#214,.T.);
#3610=EDGE_CURVE('',#2892,#2893,#1340,.T.);
#3611=EDGE_CURVE('',#2893,#2891,#215,.T.);
#3612=EDGE_CURVE('',#2894,#2892,#1341,.T.);
#3613=EDGE_CURVE('',#2894,#2895,#1342,.T.);
#3614=EDGE_CURVE('',#2895,#2893,#1343,.T.);
#3615=EDGE_CURVE('',#2896,#2894,#216,.T.);
#3616=EDGE_CURVE('',#2896,#2897,#1344,.T.);
#3617=EDGE_CURVE('',#2897,#2895,#217,.T.);
#3618=EDGE_CURVE('',#2898,#2896,#218,.T.);
#3619=EDGE_CURVE('',#2898,#2899,#1345,.T.);
#3620=EDGE_CURVE('',#2899,#2897,#219,.T.);
#3621=EDGE_CURVE('',#2900,#2898,#220,.T.);
#3622=EDGE_CURVE('',#2900,#2901,#1346,.T.);
#3623=EDGE_CURVE('',#2901,#2899,#221,.T.);
#3624=EDGE_CURVE('',#2902,#2900,#222,.T.);
#3625=EDGE_CURVE('',#2902,#2903,#1347,.T.);
#3626=EDGE_CURVE('',#2903,#2901,#223,.T.);
#3627=EDGE_CURVE('',#2904,#2902,#224,.T.);
#3628=EDGE_CURVE('',#2904,#2905,#1348,.T.);
#3629=EDGE_CURVE('',#2905,#2903,#225,.T.);
#3630=EDGE_CURVE('',#2863,#2904,#226,.T.);
#3631=EDGE_CURVE('',#2865,#2905,#227,.T.);
#3632=EDGE_CURVE('',#2906,#2907,#1349,.T.);
#3633=EDGE_CURVE('',#2906,#2908,#1350,.T.);
#3634=EDGE_CURVE('',#2908,#2909,#1351,.T.);
#3635=EDGE_CURVE('',#2907,#2909,#1352,.T.);
#3636=EDGE_CURVE('',#2910,#2906,#1353,.T.);
#3637=EDGE_CURVE('',#2910,#2911,#1354,.T.);
#3638=EDGE_CURVE('',#2911,#2908,#1355,.T.);
#3639=EDGE_CURVE('',#2912,#2910,#1356,.T.);
#3640=EDGE_CURVE('',#2912,#2913,#1357,.T.);
#3641=EDGE_CURVE('',#2913,#2911,#1358,.T.);
#3642=EDGE_CURVE('',#2914,#2912,#1359,.T.);
#3643=EDGE_CURVE('',#2914,#2915,#1360,.T.);
#3644=EDGE_CURVE('',#2915,#2913,#1361,.T.);
#3645=EDGE_CURVE('',#2916,#2914,#228,.T.);
#3646=EDGE_CURVE('',#2916,#2917,#1362,.T.);
#3647=EDGE_CURVE('',#2917,#2915,#229,.T.);
#3648=EDGE_CURVE('',#2918,#2916,#230,.T.);
#3649=EDGE_CURVE('',#2918,#2919,#1363,.T.);
#3650=EDGE_CURVE('',#2919,#2917,#231,.T.);
#3651=EDGE_CURVE('',#2920,#2918,#232,.T.);
#3652=EDGE_CURVE('',#2920,#2921,#1364,.T.);
#3653=EDGE_CURVE('',#2921,#2919,#233,.T.);
#3654=EDGE_CURVE('',#2922,#2920,#234,.T.);
#3655=EDGE_CURVE('',#2922,#2923,#1365,.T.);
#3656=EDGE_CURVE('',#2923,#2921,#235,.T.);
#3657=EDGE_CURVE('',#2924,#2922,#236,.T.);
#3658=EDGE_CURVE('',#2924,#2925,#1366,.T.);
#3659=EDGE_CURVE('',#2925,#2923,#237,.T.);
#3660=EDGE_CURVE('',#2926,#2924,#1367,.T.);
#3661=EDGE_CURVE('',#2926,#2927,#1368,.T.);
#3662=EDGE_CURVE('',#2927,#2925,#1369,.T.);
#3663=EDGE_CURVE('',#2928,#2926,#238,.T.);
#3664=EDGE_CURVE('',#2928,#2929,#1370,.T.);
#3665=EDGE_CURVE('',#2929,#2927,#239,.T.);
#3666=EDGE_CURVE('',#2930,#2928,#240,.T.);
#3667=EDGE_CURVE('',#2930,#2931,#1371,.T.);
#3668=EDGE_CURVE('',#2931,#2929,#241,.T.);
#3669=EDGE_CURVE('',#2932,#2930,#242,.T.);
#3670=EDGE_CURVE('',#2932,#2933,#1372,.T.);
#3671=EDGE_CURVE('',#2933,#2931,#243,.T.);
#3672=EDGE_CURVE('',#2934,#2932,#1373,.T.);
#3673=EDGE_CURVE('',#2934,#2935,#1374,.T.);
#3674=EDGE_CURVE('',#2935,#2933,#1375,.T.);
#3675=EDGE_CURVE('',#2936,#2934,#244,.T.);
#3676=EDGE_CURVE('',#2936,#2937,#1376,.T.);
#3677=EDGE_CURVE('',#2937,#2935,#245,.T.);
#3678=EDGE_CURVE('',#2938,#2936,#246,.T.);
#3679=EDGE_CURVE('',#2938,#2939,#1377,.T.);
#3680=EDGE_CURVE('',#2939,#2937,#247,.T.);
#3681=EDGE_CURVE('',#2940,#2938,#248,.T.);
#3682=EDGE_CURVE('',#2940,#2941,#1378,.T.);
#3683=EDGE_CURVE('',#2941,#2939,#249,.T.);
#3684=EDGE_CURVE('',#2942,#2940,#1379,.T.);
#3685=EDGE_CURVE('',#2942,#2943,#1380,.T.);
#3686=EDGE_CURVE('',#2943,#2941,#1381,.T.);
#3687=EDGE_CURVE('',#2944,#2942,#250,.T.);
#3688=EDGE_CURVE('',#2944,#2945,#1382,.T.);
#3689=EDGE_CURVE('',#2945,#2943,#251,.T.);
#3690=EDGE_CURVE('',#2946,#2944,#252,.T.);
#3691=EDGE_CURVE('',#2946,#2947,#1383,.T.);
#3692=EDGE_CURVE('',#2947,#2945,#253,.T.);
#3693=EDGE_CURVE('',#2948,#2946,#254,.T.);
#3694=EDGE_CURVE('',#2948,#2949,#1384,.T.);
#3695=EDGE_CURVE('',#2949,#2947,#255,.T.);
#3696=EDGE_CURVE('',#2950,#2948,#256,.T.);
#3697=EDGE_CURVE('',#2950,#2951,#1385,.T.);
#3698=EDGE_CURVE('',#2951,#2949,#257,.T.);
#3699=EDGE_CURVE('',#2952,#2950,#258,.T.);
#3700=EDGE_CURVE('',#2952,#2953,#1386,.T.);
#3701=EDGE_CURVE('',#2953,#2951,#259,.T.);
#3702=EDGE_CURVE('',#2907,#2952,#1387,.T.);
#3703=EDGE_CURVE('',#2909,#2953,#1388,.T.);
#3704=EDGE_CURVE('',#2954,#2955,#260,.T.);
#3705=EDGE_CURVE('',#2954,#2956,#1389,.T.);
#3706=EDGE_CURVE('',#2956,#2957,#261,.T.);
#3707=EDGE_CURVE('',#2955,#2957,#1390,.T.);
#3708=EDGE_CURVE('',#2958,#2954,#262,.T.);
#3709=EDGE_CURVE('',#2958,#2959,#1391,.T.);
#3710=EDGE_CURVE('',#2959,#2956,#263,.T.);
#3711=EDGE_CURVE('',#2960,#2958,#1392,.T.);
#3712=EDGE_CURVE('',#2960,#2961,#1393,.T.);
#3713=EDGE_CURVE('',#2961,#2959,#1394,.T.);
#3714=EDGE_CURVE('',#2962,#2960,#264,.T.);
#3715=EDGE_CURVE('',#2962,#2963,#1395,.T.);
#3716=EDGE_CURVE('',#2963,#2961,#265,.T.);
#3717=EDGE_CURVE('',#2964,#2962,#266,.T.);
#3718=EDGE_CURVE('',#2964,#2965,#1396,.T.);
#3719=EDGE_CURVE('',#2965,#2963,#267,.T.);
#3720=EDGE_CURVE('',#2966,#2964,#1397,.T.);
#3721=EDGE_CURVE('',#2966,#2967,#1398,.T.);
#3722=EDGE_CURVE('',#2967,#2965,#1399,.T.);
#3723=EDGE_CURVE('',#2968,#2966,#268,.T.);
#3724=EDGE_CURVE('',#2968,#2969,#1400,.T.);
#3725=EDGE_CURVE('',#2969,#2967,#269,.T.);
#3726=EDGE_CURVE('',#2970,#2968,#1401,.T.);
#3727=EDGE_CURVE('',#2970,#2971,#1402,.T.);
#3728=EDGE_CURVE('',#2971,#2969,#1403,.T.);
#3729=EDGE_CURVE('',#2972,#2970,#270,.T.);
#3730=EDGE_CURVE('',#2972,#2973,#1404,.T.);
#3731=EDGE_CURVE('',#2973,#2971,#271,.T.);
#3732=EDGE_CURVE('',#2974,#2972,#272,.T.);
#3733=EDGE_CURVE('',#2974,#2975,#1405,.T.);
#3734=EDGE_CURVE('',#2975,#2973,#273,.T.);
#3735=EDGE_CURVE('',#2976,#2974,#274,.T.);
#3736=EDGE_CURVE('',#2976,#2977,#1406,.T.);
#3737=EDGE_CURVE('',#2977,#2975,#275,.T.);
#3738=EDGE_CURVE('',#2978,#2976,#1407,.T.);
#3739=EDGE_CURVE('',#2978,#2979,#1408,.T.);
#3740=EDGE_CURVE('',#2979,#2977,#1409,.T.);
#3741=EDGE_CURVE('',#2980,#2978,#276,.T.);
#3742=EDGE_CURVE('',#2980,#2981,#1410,.T.);
#3743=EDGE_CURVE('',#2981,#2979,#277,.T.);
#3744=EDGE_CURVE('',#2982,#2980,#278,.T.);
#3745=EDGE_CURVE('',#2982,#2983,#1411,.T.);
#3746=EDGE_CURVE('',#2983,#2981,#279,.T.);
#3747=EDGE_CURVE('',#2984,#2982,#280,.T.);
#3748=EDGE_CURVE('',#2984,#2985,#1412,.T.);
#3749=EDGE_CURVE('',#2985,#2983,#281,.T.);
#3750=EDGE_CURVE('',#2986,#2984,#1413,.T.);
#3751=EDGE_CURVE('',#2986,#2987,#1414,.T.);
#3752=EDGE_CURVE('',#2987,#2985,#1415,.T.);
#3753=EDGE_CURVE('',#2988,#2986,#282,.T.);
#3754=EDGE_CURVE('',#2988,#2989,#1416,.T.);
#3755=EDGE_CURVE('',#2989,#2987,#283,.T.);
#3756=EDGE_CURVE('',#2990,#2988,#1417,.T.);
#3757=EDGE_CURVE('',#2990,#2991,#1418,.T.);
#3758=EDGE_CURVE('',#2991,#2989,#1419,.T.);
#3759=EDGE_CURVE('',#2992,#2990,#284,.T.);
#3760=EDGE_CURVE('',#2992,#2993,#1420,.T.);
#3761=EDGE_CURVE('',#2993,#2991,#285,.T.);
#3762=EDGE_CURVE('',#2994,#2992,#286,.T.);
#3763=EDGE_CURVE('',#2994,#2995,#1421,.T.);
#3764=EDGE_CURVE('',#2995,#2993,#287,.T.);
#3765=EDGE_CURVE('',#2996,#2994,#1422,.T.);
#3766=EDGE_CURVE('',#2996,#2997,#1423,.T.);
#3767=EDGE_CURVE('',#2997,#2995,#1424,.T.);
#3768=EDGE_CURVE('',#2998,#2996,#288,.T.);
#3769=EDGE_CURVE('',#2998,#2999,#1425,.T.);
#3770=EDGE_CURVE('',#2999,#2997,#289,.T.);
#3771=EDGE_CURVE('',#3000,#2998,#290,.T.);
#3772=EDGE_CURVE('',#3000,#3001,#1426,.T.);
#3773=EDGE_CURVE('',#3001,#2999,#291,.T.);
#3774=EDGE_CURVE('',#3002,#3000,#1427,.T.);
#3775=EDGE_CURVE('',#3002,#3003,#1428,.T.);
#3776=EDGE_CURVE('',#3003,#3001,#1429,.T.);
#3777=EDGE_CURVE('',#3004,#3002,#292,.T.);
#3778=EDGE_CURVE('',#3004,#3005,#1430,.T.);
#3779=EDGE_CURVE('',#3005,#3003,#293,.T.);
#3780=EDGE_CURVE('',#2955,#3004,#294,.T.);
#3781=EDGE_CURVE('',#2957,#3005,#295,.T.);
#3782=EDGE_CURVE('',#3006,#3007,#1431,.T.);
#3783=EDGE_CURVE('',#3006,#3008,#1432,.T.);
#3784=EDGE_CURVE('',#3008,#3009,#1433,.T.);
#3785=EDGE_CURVE('',#3007,#3009,#1434,.T.);
#3786=EDGE_CURVE('',#3010,#3006,#1435,.T.);
#3787=EDGE_CURVE('',#3010,#3011,#1436,.T.);
#3788=EDGE_CURVE('',#3011,#3008,#1437,.T.);
#3789=EDGE_CURVE('',#3012,#3010,#1438,.T.);
#3790=EDGE_CURVE('',#3012,#3013,#1439,.T.);
#3791=EDGE_CURVE('',#3013,#3011,#1440,.T.);
#3792=EDGE_CURVE('',#3014,#3012,#1441,.T.);
#3793=EDGE_CURVE('',#3014,#3015,#1442,.T.);
#3794=EDGE_CURVE('',#3015,#3013,#1443,.T.);
#3795=EDGE_CURVE('',#3016,#3014,#1444,.T.);
#3796=EDGE_CURVE('',#3016,#3017,#1445,.T.);
#3797=EDGE_CURVE('',#3017,#3015,#1446,.T.);
#3798=EDGE_CURVE('',#3007,#3016,#1447,.T.);
#3799=EDGE_CURVE('',#3009,#3017,#1448,.T.);
#3800=EDGE_CURVE('',#3018,#3019,#1449,.T.);
#3801=EDGE_CURVE('',#3018,#3020,#1450,.T.);
#3802=EDGE_CURVE('',#3021,#3020,#1451,.T.);
#3803=EDGE_CURVE('',#3021,#3019,#1452,.T.);
#3804=EDGE_CURVE('',#3022,#3023,#1453,.T.);
#3805=EDGE_CURVE('',#3023,#3024,#1454,.T.);
#3806=EDGE_CURVE('',#3024,#3025,#1455,.T.);
#3807=EDGE_CURVE('',#3025,#3022,#1456,.T.);
#3808=EDGE_CURVE('',#3023,#3026,#1457,.T.);
#3809=EDGE_CURVE('',#3026,#3027,#1458,.T.);
#3810=EDGE_CURVE('',#3027,#3024,#1459,.T.);
#3811=EDGE_CURVE('',#3025,#3028,#1460,.T.);
#3812=EDGE_CURVE('',#3028,#3029,#1461,.T.);
#3813=EDGE_CURVE('',#3029,#3022,#1462,.T.);
#3814=EDGE_CURVE('',#3030,#3027,#1463,.T.);
#3815=EDGE_CURVE('',#3031,#3030,#1464,.T.);
#3816=EDGE_CURVE('',#3031,#3024,#1465,.T.);
#3817=EDGE_CURVE('',#3026,#3032,#1466,.T.);
#3818=EDGE_CURVE('',#3032,#3033,#1467,.T.);
#3819=EDGE_CURVE('',#3033,#3034,#1468,.T.);
#3820=EDGE_CURVE('',#3034,#3027,#1469,.T.);
#3821=EDGE_CURVE('',#3035,#3029,#1470,.T.);
#3822=EDGE_CURVE('',#3032,#3035,#1471,.T.);
#3823=EDGE_CURVE('',#3036,#3036,#40,.T.);
#3824=EDGE_CURVE('',#3037,#3031,#1472,.T.);
#3825=EDGE_CURVE('',#3031,#3038,#1473,.T.);
#3826=EDGE_CURVE('',#3038,#3039,#1474,.T.);
#3827=EDGE_CURVE('',#3039,#3037,#1475,.T.);
#3828=EDGE_CURVE('',#3030,#3040,#1476,.T.);
#3829=EDGE_CURVE('',#3040,#3038,#1477,.T.);
#3830=EDGE_CURVE('',#3039,#3041,#1478,.T.);
#3831=EDGE_CURVE('',#3041,#3042,#1479,.T.);
#3832=EDGE_CURVE('',#3042,#3037,#1480,.T.);
#3833=EDGE_CURVE('',#3025,#3037,#1481,.T.);
#3834=EDGE_CURVE('',#3042,#3028,#1482,.T.);
#3835=EDGE_CURVE('',#3041,#3043,#1483,.T.);
#3836=EDGE_CURVE('',#3044,#3043,#1484,.T.);
#3837=EDGE_CURVE('',#3044,#3042,#1485,.T.);
#3838=EDGE_CURVE('',#3045,#3044,#1486,.T.);
#3839=EDGE_CURVE('',#3043,#3046,#1487,.T.);
#3840=EDGE_CURVE('',#3046,#3045,#1488,.T.);
#3841=EDGE_CURVE('',#3046,#3047,#1489,.T.);
#3842=EDGE_CURVE('',#3047,#3048,#1490,.T.);
#3843=EDGE_CURVE('',#3048,#3045,#1491,.T.);
#3844=EDGE_CURVE('',#3047,#3049,#1492,.T.);
#3845=EDGE_CURVE('',#3049,#3050,#1493,.T.);
#3846=EDGE_CURVE('',#3050,#3048,#1494,.T.);
#3847=EDGE_CURVE('',#3045,#3051,#1495,.T.);
#3848=EDGE_CURVE('',#3051,#3052,#1496,.T.);
#3849=EDGE_CURVE('',#3053,#3052,#1497,.T.);
#3850=EDGE_CURVE('',#3053,#3044,#1498,.T.);
#3851=EDGE_CURVE('',#3054,#3048,#1499,.T.);
#3852=EDGE_CURVE('',#3051,#3054,#1500,.T.);
#3853=EDGE_CURVE('',#3050,#3055,#1501,.T.);
#3854=EDGE_CURVE('',#3056,#3055,#1502,.T.);
#3855=EDGE_CURVE('',#3056,#3054,#1503,.T.);
#3856=EDGE_CURVE('',#3030,#3050,#1504,.T.);
#3857=EDGE_CURVE('',#3049,#3040,#1505,.T.);
#3858=EDGE_CURVE('',#3057,#3053,#1506,.T.);
#3859=EDGE_CURVE('',#3058,#3057,#1507,.T.);
#3860=EDGE_CURVE('',#3059,#3058,#1508,.T.);
#3861=EDGE_CURVE('',#3060,#3059,#1509,.T.);
#3862=EDGE_CURVE('',#3061,#3060,#1510,.T.);
#3863=EDGE_CURVE('',#3062,#3061,#1511,.T.);
#3864=EDGE_CURVE('',#3063,#3062,#1512,.T.);
#3865=EDGE_CURVE('',#3064,#3063,#1513,.T.);
#3866=EDGE_CURVE('',#3065,#3064,#1514,.T.);
#3867=EDGE_CURVE('',#3066,#3065,#1515,.T.);
#3868=EDGE_CURVE('',#3067,#3066,#1516,.T.);
#3869=EDGE_CURVE('',#3068,#3067,#1517,.T.);
#3870=EDGE_CURVE('',#3069,#3068,#1518,.T.);
#3871=EDGE_CURVE('',#3070,#3069,#1519,.T.);
#3872=EDGE_CURVE('',#3071,#3070,#1520,.T.);
#3873=EDGE_CURVE('',#3072,#3071,#1521,.T.);
#3874=EDGE_CURVE('',#3073,#3072,#1522,.T.);
#3875=EDGE_CURVE('',#3074,#3073,#1523,.T.);
#3876=EDGE_CURVE('',#3075,#3074,#1524,.T.);
#3877=EDGE_CURVE('',#3076,#3075,#1525,.T.);
#3878=EDGE_CURVE('',#3077,#3076,#1526,.T.);
#3879=EDGE_CURVE('',#3078,#3077,#1527,.T.);
#3880=EDGE_CURVE('',#3079,#3078,#1528,.T.);
#3881=EDGE_CURVE('',#3080,#3079,#1529,.T.);
#3882=EDGE_CURVE('',#3081,#3080,#1530,.T.);
#3883=EDGE_CURVE('',#3082,#3081,#1531,.T.);
#3884=EDGE_CURVE('',#3083,#3082,#1532,.T.);
#3885=EDGE_CURVE('',#3084,#3083,#1533,.T.);
#3886=EDGE_CURVE('',#3085,#3084,#1534,.T.);
#3887=EDGE_CURVE('',#3086,#3085,#1535,.T.);
#3888=EDGE_CURVE('',#3087,#3086,#1536,.T.);
#3889=EDGE_CURVE('',#3088,#3087,#1537,.T.);
#3890=EDGE_CURVE('',#3089,#3088,#1538,.T.);
#3891=EDGE_CURVE('',#3090,#3089,#1539,.T.);
#3892=EDGE_CURVE('',#3091,#3090,#1540,.T.);
#3893=EDGE_CURVE('',#3092,#3091,#1541,.T.);
#3894=EDGE_CURVE('',#3093,#3092,#1542,.T.);
#3895=EDGE_CURVE('',#3094,#3093,#1543,.T.);
#3896=EDGE_CURVE('',#3095,#3094,#1544,.T.);
#3897=EDGE_CURVE('',#3096,#3095,#1545,.T.);
#3898=EDGE_CURVE('',#3028,#3096,#1546,.T.);
#3899=EDGE_CURVE('',#3097,#3098,#1547,.T.);
#3900=EDGE_CURVE('',#3099,#3097,#1548,.T.);
#3901=EDGE_CURVE('',#3100,#3099,#1549,.T.);
#3902=EDGE_CURVE('',#3101,#3100,#1550,.T.);
#3903=EDGE_CURVE('',#3102,#3101,#1551,.T.);
#3904=EDGE_CURVE('',#3103,#3102,#1552,.T.);
#3905=EDGE_CURVE('',#3104,#3103,#1553,.T.);
#3906=EDGE_CURVE('',#3105,#3104,#1554,.T.);
#3907=EDGE_CURVE('',#3106,#3105,#1555,.T.);
#3908=EDGE_CURVE('',#3107,#3106,#1556,.T.);
#3909=EDGE_CURVE('',#3108,#3107,#1557,.T.);
#3910=EDGE_CURVE('',#3109,#3108,#1558,.T.);
#3911=EDGE_CURVE('',#3110,#3109,#1559,.T.);
#3912=EDGE_CURVE('',#3098,#3110,#1560,.T.);
#3913=EDGE_CURVE('',#3111,#3112,#1561,.T.);
#3914=EDGE_CURVE('',#3113,#3111,#1562,.T.);
#3915=EDGE_CURVE('',#3114,#3113,#1563,.T.);
#3916=EDGE_CURVE('',#3115,#3114,#1564,.T.);
#3917=EDGE_CURVE('',#3112,#3115,#1565,.T.);
#3918=EDGE_CURVE('',#3052,#3116,#1566,.T.);
#3919=EDGE_CURVE('',#3057,#3116,#1567,.T.);
#3920=EDGE_CURVE('',#3055,#3117,#1568,.T.);
#3921=EDGE_CURVE('',#3117,#3118,#1569,.T.);
#3922=EDGE_CURVE('',#3118,#3056,#1570,.T.);
#3923=EDGE_CURVE('',#3119,#3034,#1571,.T.);
#3924=EDGE_CURVE('',#3120,#3119,#1572,.T.);
#3925=EDGE_CURVE('',#3121,#3120,#1573,.T.);
#3926=EDGE_CURVE('',#3122,#3121,#1574,.T.);
#3927=EDGE_CURVE('',#3123,#3122,#1575,.T.);
#3928=EDGE_CURVE('',#3124,#3123,#1576,.T.);
#3929=EDGE_CURVE('',#3125,#3124,#1577,.T.);
#3930=EDGE_CURVE('',#3126,#3125,#1578,.T.);
#3931=EDGE_CURVE('',#3127,#3126,#1579,.T.);
#3932=EDGE_CURVE('',#3128,#3127,#1580,.T.);
#3933=EDGE_CURVE('',#3129,#3128,#1581,.T.);
#3934=EDGE_CURVE('',#3130,#3129,#1582,.T.);
#3935=EDGE_CURVE('',#3131,#3130,#1583,.T.);
#3936=EDGE_CURVE('',#3132,#3131,#1584,.T.);
#3937=EDGE_CURVE('',#3133,#3132,#1585,.T.);
#3938=EDGE_CURVE('',#3134,#3133,#1586,.T.);
#3939=EDGE_CURVE('',#3135,#3134,#1587,.T.);
#3940=EDGE_CURVE('',#3136,#3135,#1588,.T.);
#3941=EDGE_CURVE('',#3137,#3136,#1589,.T.);
#3942=EDGE_CURVE('',#3138,#3137,#1590,.T.);
#3943=EDGE_CURVE('',#3139,#3138,#1591,.T.);
#3944=EDGE_CURVE('',#3140,#3139,#1592,.T.);
#3945=EDGE_CURVE('',#3141,#3140,#1593,.T.);
#3946=EDGE_CURVE('',#3142,#3141,#1594,.T.);
#3947=EDGE_CURVE('',#3143,#3142,#1595,.T.);
#3948=EDGE_CURVE('',#3144,#3143,#1596,.T.);
#3949=EDGE_CURVE('',#3145,#3144,#1597,.T.);
#3950=EDGE_CURVE('',#3146,#3145,#1598,.T.);
#3951=EDGE_CURVE('',#3147,#3146,#1599,.T.);
#3952=EDGE_CURVE('',#3148,#3147,#1600,.T.);
#3953=EDGE_CURVE('',#3149,#3148,#1601,.T.);
#3954=EDGE_CURVE('',#3150,#3149,#1602,.T.);
#3955=EDGE_CURVE('',#3151,#3150,#1603,.T.);
#3956=EDGE_CURVE('',#3152,#3151,#1604,.T.);
#3957=EDGE_CURVE('',#3153,#3152,#1605,.T.);
#3958=EDGE_CURVE('',#3154,#3153,#1606,.T.);
#3959=EDGE_CURVE('',#3155,#3154,#1607,.T.);
#3960=EDGE_CURVE('',#3156,#3155,#1608,.T.);
#3961=EDGE_CURVE('',#3117,#3156,#1609,.T.);
#3962=EDGE_CURVE('',#3157,#3158,#1610,.T.);
#3963=EDGE_CURVE('',#3159,#3157,#1611,.T.);
#3964=EDGE_CURVE('',#3160,#3159,#1612,.T.);
#3965=EDGE_CURVE('',#3161,#3160,#1613,.T.);
#3966=EDGE_CURVE('',#3162,#3161,#1614,.T.);
#3967=EDGE_CURVE('',#3163,#3162,#1615,.T.);
#3968=EDGE_CURVE('',#3164,#3163,#1616,.T.);
#3969=EDGE_CURVE('',#3165,#3164,#1617,.T.);
#3970=EDGE_CURVE('',#3166,#3165,#1618,.T.);
#3971=EDGE_CURVE('',#3167,#3166,#1619,.T.);
#3972=EDGE_CURVE('',#3168,#3167,#1620,.T.);
#3973=EDGE_CURVE('',#3169,#3168,#1621,.T.);
#3974=EDGE_CURVE('',#3170,#3169,#1622,.T.);
#3975=EDGE_CURVE('',#3158,#3170,#1623,.T.);
#3976=EDGE_CURVE('',#3171,#3172,#1624,.T.);
#3977=EDGE_CURVE('',#3173,#3171,#1625,.T.);
#3978=EDGE_CURVE('',#3174,#3173,#1626,.T.);
#3979=EDGE_CURVE('',#3175,#3174,#1627,.T.);
#3980=EDGE_CURVE('',#3172,#3175,#1628,.T.);
#3981=EDGE_CURVE('',#3096,#3035,#1629,.T.);
#3982=EDGE_CURVE('',#3176,#3177,#1630,.T.);
#3983=EDGE_CURVE('',#3177,#3178,#1631,.T.);
#3984=EDGE_CURVE('',#3178,#3128,#1632,.T.);
#3985=EDGE_CURVE('',#3127,#3176,#1633,.T.);
#3986=EDGE_CURVE('',#3126,#3179,#1634,.T.);
#3987=EDGE_CURVE('',#3179,#3176,#1635,.T.);
#3988=EDGE_CURVE('',#3125,#3180,#1636,.T.);
#3989=EDGE_CURVE('',#3180,#3179,#1637,.T.);
#3990=EDGE_CURVE('',#3124,#3181,#1638,.T.);
#3991=EDGE_CURVE('',#3181,#3180,#1639,.T.);
#3992=EDGE_CURVE('',#3121,#3182,#1640,.T.);
#3993=EDGE_CURVE('',#3182,#3183,#1641,.T.);
#3994=EDGE_CURVE('',#3183,#3122,#1642,.T.);
#3995=EDGE_CURVE('',#3120,#3184,#1643,.T.);
#3996=EDGE_CURVE('',#3184,#3182,#1644,.T.);
#3997=EDGE_CURVE('',#3119,#3185,#1645,.T.);
#3998=EDGE_CURVE('',#3185,#3186,#1646,.T.);
#3999=EDGE_CURVE('',#3186,#3184,#1647,.T.);
#4000=EDGE_CURVE('',#3187,#3188,#1648,.T.);
#4001=EDGE_CURVE('',#3188,#3156,#1649,.T.);
#4002=EDGE_CURVE('',#3155,#3187,#1650,.T.);
#4003=EDGE_CURVE('',#3188,#3118,#1651,.T.);
#4004=EDGE_CURVE('',#3185,#3033,#1652,.T.);
#4005=EDGE_CURVE('',#3189,#3187,#1653,.T.);
#4006=EDGE_CURVE('',#3154,#3189,#1654,.T.);
#4007=EDGE_CURVE('',#3190,#3189,#1655,.T.);
#4008=EDGE_CURVE('',#3153,#3190,#1656,.T.);
#4009=EDGE_CURVE('',#3152,#3191,#1657,.T.);
#4010=EDGE_CURVE('',#3191,#3192,#1658,.T.);
#4011=EDGE_CURVE('',#3192,#3190,#1659,.T.);
#4012=EDGE_CURVE('',#3183,#3193,#1660,.T.);
#4013=EDGE_CURVE('',#3193,#3123,#1661,.T.);
#4014=EDGE_CURVE('',#3193,#3181,#1662,.T.);
#4015=EDGE_CURVE('',#3181,#3194,#1663,.T.);
#4016=EDGE_CURVE('',#3195,#3194,#296,.F.);
#4017=EDGE_CURVE('',#3195,#3196,#22,.T.);
#4018=EDGE_CURVE('',#3180,#3196,#1664,.T.);
#4019=EDGE_CURVE('',#3197,#3193,#1665,.T.);
#4020=EDGE_CURVE('',#3198,#3197,#1666,.T.);
#4021=EDGE_CURVE('',#3199,#3198,#1667,.T.);
#4022=EDGE_CURVE('',#3194,#3199,#41,.T.);
#4023=EDGE_CURVE('',#3183,#3200,#1668,.T.);
#4024=EDGE_CURVE('',#3197,#3200,#1669,.T.);
#4025=EDGE_CURVE('',#3201,#3182,#1670,.T.);
#4026=EDGE_CURVE('',#3200,#3201,#1671,.T.);
#4027=EDGE_CURVE('',#3184,#3202,#1672,.T.);
#4028=EDGE_CURVE('',#3201,#3202,#1673,.T.);
#4029=EDGE_CURVE('',#3186,#3203,#1674,.T.);
#4030=EDGE_CURVE('',#3202,#3203,#1675,.T.);
#4031=EDGE_CURVE('',#3204,#3204,#42,.T.);
#4032=EDGE_CURVE('',#3032,#3186,#1676,.T.);
#4033=EDGE_CURVE('',#3205,#3205,#43,.T.);
#4034=EDGE_CURVE('',#3206,#3206,#44,.T.);
#4035=EDGE_CURVE('',#3118,#3207,#1677,.T.);
#4036=EDGE_CURVE('',#3208,#3207,#45,.T.);
#4037=EDGE_CURVE('',#3209,#3208,#297,.T.);
#4038=EDGE_CURVE('',#3210,#3209,#46,.T.);
#4039=EDGE_CURVE('',#3210,#3116,#1678,.T.);
#4040=EDGE_CURVE('',#3211,#3188,#1679,.T.);
#4041=EDGE_CURVE('',#3207,#3211,#47,.T.);
#4042=EDGE_CURVE('',#3187,#3212,#1680,.T.);
#4043=EDGE_CURVE('',#3212,#3213,#23,.T.);
#4044=EDGE_CURVE('',#3211,#3213,#298,.F.);
#4045=EDGE_CURVE('',#3189,#3214,#1681,.T.);
#4046=EDGE_CURVE('',#3214,#3212,#1682,.T.);
#4047=EDGE_CURVE('',#3190,#3215,#1683,.T.);
#4048=EDGE_CURVE('',#3215,#3214,#24,.T.);
#4049=EDGE_CURVE('',#3192,#3216,#1684,.T.);
#4050=EDGE_CURVE('',#3217,#3216,#1685,.T.);
#4051=EDGE_CURVE('',#3215,#3217,#1686,.T.);
#4052=EDGE_CURVE('',#3218,#3191,#1687,.T.);
#4053=EDGE_CURVE('',#3219,#3218,#1688,.T.);
#4054=EDGE_CURVE('',#3216,#3219,#1689,.T.);
#4055=EDGE_CURVE('',#3151,#3220,#1690,.T.);
#4056=EDGE_CURVE('',#3220,#3218,#1691,.T.);
#4057=EDGE_CURVE('',#3019,#3221,#1692,.T.);
#4058=EDGE_CURVE('',#3221,#3148,#1693,.T.);
#4059=EDGE_CURVE('',#3147,#3019,#1694,.T.);
#4060=EDGE_CURVE('',#3222,#3220,#1695,.T.);
#4061=EDGE_CURVE('',#3150,#3222,#1696,.T.);
#4062=EDGE_CURVE('',#3223,#3222,#1697,.T.);
#4063=EDGE_CURVE('',#3149,#3223,#1698,.T.);
#4064=EDGE_CURVE('',#3221,#3223,#1699,.T.);
#4065=EDGE_CURVE('',#3146,#3018,#1700,.T.);
#4066=EDGE_CURVE('',#3224,#3018,#1701,.T.);
#4067=EDGE_CURVE('',#3145,#3224,#1702,.T.);
#4068=EDGE_CURVE('',#3225,#3224,#1703,.T.);
#4069=EDGE_CURVE('',#3144,#3225,#1704,.T.);
#4070=EDGE_CURVE('',#3226,#3225,#1705,.T.);
#4071=EDGE_CURVE('',#3143,#3226,#1706,.T.);
#4072=EDGE_CURVE('',#3227,#3226,#1707,.T.);
#4073=EDGE_CURVE('',#3142,#3227,#1708,.T.);
#4074=EDGE_CURVE('',#3228,#3227,#1709,.T.);
#4075=EDGE_CURVE('',#3141,#3228,#1710,.T.);
#4076=EDGE_CURVE('',#3229,#3228,#1711,.T.);
#4077=EDGE_CURVE('',#3140,#3229,#1712,.T.);
#4078=EDGE_CURVE('',#3230,#3229,#1713,.T.);
#4079=EDGE_CURVE('',#3139,#3230,#1714,.T.);
#4080=EDGE_CURVE('',#3231,#3230,#1715,.T.);
#4081=EDGE_CURVE('',#3138,#3231,#1716,.T.);
#4082=EDGE_CURVE('',#3232,#3231,#1717,.T.);
#4083=EDGE_CURVE('',#3137,#3232,#1718,.T.);
#4084=EDGE_CURVE('',#3233,#3232,#1719,.T.);
#4085=EDGE_CURVE('',#3136,#3233,#1720,.T.);
#4086=EDGE_CURVE('',#3234,#3233,#1721,.T.);
#4087=EDGE_CURVE('',#3135,#3234,#1722,.T.);
#4088=EDGE_CURVE('',#3235,#3234,#1723,.T.);
#4089=EDGE_CURVE('',#3134,#3235,#1724,.T.);
#4090=EDGE_CURVE('',#3236,#3235,#1725,.T.);
#4091=EDGE_CURVE('',#3133,#3236,#1726,.T.);
#4092=EDGE_CURVE('',#3237,#3236,#1727,.T.);
#4093=EDGE_CURVE('',#3132,#3237,#1728,.T.);
#4094=EDGE_CURVE('',#3238,#3237,#1729,.T.);
#4095=EDGE_CURVE('',#3131,#3238,#1730,.T.);
#4096=EDGE_CURVE('',#3239,#3238,#1731,.T.);
#4097=EDGE_CURVE('',#3130,#3239,#1732,.T.);
#4098=EDGE_CURVE('',#3240,#3239,#1733,.T.);
#4099=EDGE_CURVE('',#3129,#3240,#1734,.T.);
#4100=EDGE_CURVE('',#3178,#3241,#1735,.T.);
#4101=EDGE_CURVE('',#3241,#3240,#1736,.T.);
#4102=EDGE_CURVE('',#3177,#3241,#1737,.T.);
#4103=EDGE_CURVE('',#3242,#3220,#1738,.T.);
#4104=EDGE_CURVE('',#3219,#3242,#1739,.T.);
#4105=EDGE_CURVE('',#3172,#3243,#1740,.T.);
#4106=EDGE_CURVE('',#3243,#3244,#1741,.T.);
#4107=EDGE_CURVE('',#3244,#3171,#1742,.T.);
#4108=EDGE_CURVE('',#3175,#3245,#1743,.T.);
#4109=EDGE_CURVE('',#3245,#3243,#1744,.T.);
#4110=EDGE_CURVE('',#3246,#3245,#1745,.T.);
#4111=EDGE_CURVE('',#3174,#3246,#1746,.T.);
#4112=EDGE_CURVE('',#3247,#3246,#1747,.T.);
#4113=EDGE_CURVE('',#3247,#3173,#1748,.T.);
#4114=EDGE_CURVE('',#3244,#3247,#1749,.T.);
#4115=EDGE_CURVE('',#3247,#3248,#1750,.T.);
#4116=EDGE_CURVE('',#3248,#3249,#25,.T.);
#4117=EDGE_CURVE('',#3246,#3249,#1751,.T.);
#4118=EDGE_CURVE('',#3244,#3250,#1752,.T.);
#4119=EDGE_CURVE('',#3250,#3248,#48,.T.);
#4120=EDGE_CURVE('',#3243,#3251,#1753,.T.);
#4121=EDGE_CURVE('',#3251,#3250,#1754,.T.);
#4122=EDGE_CURVE('',#3162,#3252,#1755,.T.);
#4123=EDGE_CURVE('',#3252,#3253,#1756,.T.);
#4124=EDGE_CURVE('',#3253,#3163,#1757,.T.);
#4125=EDGE_CURVE('',#3160,#3254,#1758,.T.);
#4126=EDGE_CURVE('',#3254,#3255,#1759,.T.);
#4127=EDGE_CURVE('',#3255,#3161,#1760,.T.);
#4128=EDGE_CURVE('',#3256,#3257,#1761,.T.);
#4129=EDGE_CURVE('',#3257,#3170,#1762,.T.);
#4130=EDGE_CURVE('',#3169,#3256,#1763,.T.);
#4131=EDGE_CURVE('',#3158,#3258,#1764,.T.);
#4132=EDGE_CURVE('',#3258,#3259,#1765,.T.);
#4133=EDGE_CURVE('',#3259,#3157,#1766,.T.);
#4134=EDGE_CURVE('',#3257,#3258,#1767,.T.);
#4135=EDGE_CURVE('',#3259,#3260,#1768,.T.);
#4136=EDGE_CURVE('',#3260,#3159,#1769,.T.);
#4137=EDGE_CURVE('',#3260,#3254,#1770,.T.);
#4138=EDGE_CURVE('',#3261,#3256,#1771,.T.);
#4139=EDGE_CURVE('',#3168,#3261,#1772,.T.);
#4140=EDGE_CURVE('',#3262,#3261,#1773,.T.);
#4141=EDGE_CURVE('',#3167,#3262,#1774,.T.);
#4142=EDGE_CURVE('',#3255,#3252,#1775,.T.);
#4143=EDGE_CURVE('',#3263,#3262,#1776,.T.);
#4144=EDGE_CURVE('',#3166,#3263,#1777,.T.);
#4145=EDGE_CURVE('',#3264,#3263,#1778,.T.);
#4146=EDGE_CURVE('',#3165,#3264,#1779,.T.);
#4147=EDGE_CURVE('',#3253,#3265,#1780,.T.);
#4148=EDGE_CURVE('',#3265,#3164,#1781,.T.);
#4149=EDGE_CURVE('',#3265,#3264,#1782,.T.);
#4150=EDGE_CURVE('',#3253,#3266,#1783,.T.);
#4151=EDGE_CURVE('',#3267,#3266,#1784,.T.);
#4152=EDGE_CURVE('',#3265,#3267,#1785,.T.);
#4153=EDGE_CURVE('',#3252,#3268,#1786,.T.);
#4154=EDGE_CURVE('',#3266,#3268,#1787,.T.);
#4155=EDGE_CURVE('',#3269,#3255,#1788,.T.);
#4156=EDGE_CURVE('',#3268,#3269,#1789,.T.);
#4157=EDGE_CURVE('',#3254,#3270,#1790,.T.);
#4158=EDGE_CURVE('',#3269,#3270,#1791,.T.);
#4159=EDGE_CURVE('',#3271,#3260,#1792,.T.);
#4160=EDGE_CURVE('',#3270,#3271,#1793,.T.);
#4161=EDGE_CURVE('',#3259,#3272,#1794,.T.);
#4162=EDGE_CURVE('',#3271,#3272,#1795,.T.);
#4163=EDGE_CURVE('',#3273,#3258,#1796,.T.);
#4164=EDGE_CURVE('',#3273,#3274,#49,.T.);
#4165=EDGE_CURVE('',#3275,#3274,#1797,.T.);
#4166=EDGE_CURVE('',#3272,#3275,#1798,.T.);
#4167=EDGE_CURVE('',#3276,#3277,#1799,.T.);
#4168=EDGE_CURVE('',#3277,#3278,#1800,.T.);
#4169=EDGE_CURVE('',#3278,#3086,#1801,.T.);
#4170=EDGE_CURVE('',#3085,#3276,#1802,.T.);
#4171=EDGE_CURVE('',#3084,#3279,#1803,.T.);
#4172=EDGE_CURVE('',#3279,#3276,#1804,.T.);
#4173=EDGE_CURVE('',#3083,#3280,#1805,.T.);
#4174=EDGE_CURVE('',#3280,#3279,#1806,.T.);
#4175=EDGE_CURVE('',#3082,#3281,#1807,.T.);
#4176=EDGE_CURVE('',#3281,#3280,#1808,.T.);
#4177=EDGE_CURVE('',#3081,#3282,#1809,.T.);
#4178=EDGE_CURVE('',#3282,#3281,#1810,.T.);
#4179=EDGE_CURVE('',#3080,#3283,#1811,.T.);
#4180=EDGE_CURVE('',#3283,#3282,#1812,.T.);
#4181=EDGE_CURVE('',#3079,#3284,#1813,.T.);
#4182=EDGE_CURVE('',#3284,#3283,#1814,.T.);
#4183=EDGE_CURVE('',#3078,#3285,#1815,.T.);
#4184=EDGE_CURVE('',#3285,#3284,#1816,.T.);
#4185=EDGE_CURVE('',#3077,#3286,#1817,.T.);
#4186=EDGE_CURVE('',#3286,#3285,#1818,.T.);
#4187=EDGE_CURVE('',#3076,#3287,#1819,.T.);
#4188=EDGE_CURVE('',#3287,#3286,#1820,.T.);
#4189=EDGE_CURVE('',#3075,#3288,#1821,.T.);
#4190=EDGE_CURVE('',#3288,#3287,#1822,.T.);
#4191=EDGE_CURVE('',#3074,#3289,#1823,.T.);
#4192=EDGE_CURVE('',#3289,#3288,#1824,.T.);
#4193=EDGE_CURVE('',#3073,#3290,#1825,.T.);
#4194=EDGE_CURVE('',#3290,#3289,#1826,.T.);
#4195=EDGE_CURVE('',#3072,#3291,#1827,.T.);
#4196=EDGE_CURVE('',#3291,#3290,#1828,.T.);
#4197=EDGE_CURVE('',#3071,#3292,#1829,.T.);
#4198=EDGE_CURVE('',#3292,#3291,#1830,.T.);
#4199=EDGE_CURVE('',#3070,#3293,#1831,.T.);
#4200=EDGE_CURVE('',#3293,#3292,#1832,.T.);
#4201=EDGE_CURVE('',#3069,#3294,#1833,.T.);
#4202=EDGE_CURVE('',#3294,#3293,#1834,.T.);
#4203=EDGE_CURVE('',#3068,#3020,#1835,.T.);
#4204=EDGE_CURVE('',#3020,#3294,#1836,.T.);
#4205=EDGE_CURVE('',#3067,#3021,#1837,.T.);
#4206=EDGE_CURVE('',#3066,#3295,#1838,.T.);
#4207=EDGE_CURVE('',#3295,#3021,#1839,.T.);
#4208=EDGE_CURVE('',#3065,#3296,#1840,.T.);
#4209=EDGE_CURVE('',#3296,#3295,#1841,.T.);
#4210=EDGE_CURVE('',#3064,#3297,#1842,.T.);
#4211=EDGE_CURVE('',#3297,#3296,#1843,.T.);
#4212=EDGE_CURVE('',#3063,#3242,#1844,.T.);
#4213=EDGE_CURVE('',#3242,#3297,#1845,.T.);
#4214=EDGE_CURVE('',#3062,#3298,#1846,.T.);
#4215=EDGE_CURVE('',#3298,#3219,#1847,.T.);
#4216=EDGE_CURVE('',#3277,#3299,#1848,.T.);
#4217=EDGE_CURVE('',#3278,#3299,#1849,.T.);
#4218=EDGE_CURVE('',#3300,#3276,#1850,.T.);
#4219=EDGE_CURVE('',#3300,#3301,#1851,.T.);
#4220=EDGE_CURVE('',#3301,#3277,#1852,.T.);
#4221=EDGE_CURVE('',#3279,#3302,#1853,.T.);
#4222=EDGE_CURVE('',#3302,#3300,#26,.T.);
#4223=EDGE_CURVE('',#3303,#3239,#1854,.T.);
#4224=EDGE_CURVE('',#3303,#3304,#50,.T.);
#4225=EDGE_CURVE('',#3304,#3302,#51,.T.);
#4226=EDGE_CURVE('',#3238,#3280,#1855,.T.);
#4227=EDGE_CURVE('',#3237,#3281,#1856,.T.);
#4228=EDGE_CURVE('',#3236,#3282,#1857,.T.);
#4229=EDGE_CURVE('',#3283,#3235,#1858,.T.);
#4230=EDGE_CURVE('',#3284,#3234,#1859,.T.);
#4231=EDGE_CURVE('',#3233,#3285,#1860,.T.);
#4232=EDGE_CURVE('',#3232,#3286,#1861,.T.);
#4233=EDGE_CURVE('',#3231,#3287,#1862,.T.);
#4234=EDGE_CURVE('',#3288,#3230,#1863,.T.);
#4235=EDGE_CURVE('',#3229,#3289,#1864,.T.);
#4236=EDGE_CURVE('',#3228,#3290,#1865,.T.);
#4237=EDGE_CURVE('',#3227,#3291,#1866,.T.);
#4238=EDGE_CURVE('',#3226,#3292,#1867,.T.);
#4239=EDGE_CURVE('',#3293,#3225,#1868,.T.);
#4240=EDGE_CURVE('',#3224,#3294,#1869,.T.);
#4241=EDGE_CURVE('',#3295,#3221,#1870,.T.);
#4242=EDGE_CURVE('',#3296,#3223,#1871,.T.);
#4243=EDGE_CURVE('',#3222,#3297,#1872,.T.);
#4244=EDGE_CURVE('',#3298,#3216,#1873,.T.);
#4245=EDGE_CURVE('',#3201,#3093,#1874,.T.);
#4246=EDGE_CURVE('',#3092,#3200,#1875,.T.);
#4247=EDGE_CURVE('',#3061,#3217,#1876,.T.);
#4248=EDGE_CURVE('',#3305,#3217,#1877,.T.);
#4249=EDGE_CURVE('',#3060,#3305,#1878,.T.);
#4250=EDGE_CURVE('',#3306,#3305,#1879,.T.);
#4251=EDGE_CURVE('',#3059,#3306,#1880,.T.);
#4252=EDGE_CURVE('',#3307,#3306,#1881,.T.);
#4253=EDGE_CURVE('',#3058,#3307,#1882,.T.);
#4254=EDGE_CURVE('',#3116,#3307,#1883,.T.);
#4255=EDGE_CURVE('',#3203,#3035,#1884,.T.);
#4256=EDGE_CURVE('',#3095,#3203,#1885,.T.);
#4257=EDGE_CURVE('',#3094,#3202,#1886,.T.);
#4258=EDGE_CURVE('',#3091,#3197,#1887,.T.);
#4259=EDGE_CURVE('',#3090,#3198,#1888,.T.);
#4260=EDGE_CURVE('',#3308,#3198,#1889,.T.);
#4261=EDGE_CURVE('',#3089,#3308,#1890,.T.);
#4262=EDGE_CURVE('',#3309,#3308,#1891,.T.);
#4263=EDGE_CURVE('',#3088,#3309,#1892,.T.);
#4264=EDGE_CURVE('',#3310,#3309,#1893,.T.);
#4265=EDGE_CURVE('',#3087,#3310,#1894,.T.);
#4266=EDGE_CURVE('',#3299,#3310,#1895,.T.);
#4267=EDGE_CURVE('',#3311,#3305,#1896,.T.);
#4268=EDGE_CURVE('',#3311,#3215,#27,.T.);
#4269=EDGE_CURVE('',#3312,#3306,#1897,.T.);
#4270=EDGE_CURVE('',#3312,#3311,#1898,.T.);
#4271=EDGE_CURVE('',#3307,#3313,#1899,.T.);
#4272=EDGE_CURVE('',#3314,#3313,#299,.F.);
#4273=EDGE_CURVE('',#3314,#3312,#28,.T.);
#4274=EDGE_CURVE('',#3313,#3210,#52,.T.);
#4275=EDGE_CURVE('',#3112,#3315,#1900,.T.);
#4276=EDGE_CURVE('',#3315,#3316,#1901,.T.);
#4277=EDGE_CURVE('',#3111,#3316,#1902,.T.);
#4278=EDGE_CURVE('',#3115,#3317,#1903,.T.);
#4279=EDGE_CURVE('',#3317,#3315,#1904,.T.);
#4280=EDGE_CURVE('',#3114,#3318,#1905,.T.);
#4281=EDGE_CURVE('',#3318,#3317,#1906,.T.);
#4282=EDGE_CURVE('',#3319,#3318,#1907,.T.);
#4283=EDGE_CURVE('',#3113,#3319,#1908,.T.);
#4284=EDGE_CURVE('',#3316,#3319,#1909,.T.);
#4285=EDGE_CURVE('',#3320,#3319,#1910,.T.);
#4286=EDGE_CURVE('',#3320,#3321,#53,.T.);
#4287=EDGE_CURVE('',#3321,#3318,#1911,.T.);
#4288=EDGE_CURVE('',#3322,#3316,#1912,.T.);
#4289=EDGE_CURVE('',#3322,#3320,#29,.T.);
#4290=EDGE_CURVE('',#3323,#3315,#1913,.T.);
#4291=EDGE_CURVE('',#3323,#3322,#1914,.T.);
#4292=EDGE_CURVE('',#3098,#3269,#1915,.T.);
#4293=EDGE_CURVE('',#3097,#3270,#1916,.T.);
#4294=EDGE_CURVE('',#3110,#3268,#1917,.T.);
#4295=EDGE_CURVE('',#3109,#3266,#1918,.T.);
#4296=EDGE_CURVE('',#3108,#3267,#1919,.T.);
#4297=EDGE_CURVE('',#3107,#3324,#1920,.T.);
#4298=EDGE_CURVE('',#3324,#3267,#1921,.T.);
#4299=EDGE_CURVE('',#3106,#3325,#1922,.T.);
#4300=EDGE_CURVE('',#3325,#3324,#1923,.T.);
#4301=EDGE_CURVE('',#3105,#3326,#1924,.T.);
#4302=EDGE_CURVE('',#3326,#3325,#1925,.T.);
#4303=EDGE_CURVE('',#3104,#3327,#1926,.T.);
#4304=EDGE_CURVE('',#3327,#3326,#1927,.T.);
#4305=EDGE_CURVE('',#3328,#3327,#1928,.T.);
#4306=EDGE_CURVE('',#3103,#3328,#1929,.T.);
#4307=EDGE_CURVE('',#3329,#3328,#1930,.T.);
#4308=EDGE_CURVE('',#3102,#3329,#1931,.T.);
#4309=EDGE_CURVE('',#3275,#3329,#1932,.T.);
#4310=EDGE_CURVE('',#3101,#3275,#1933,.T.);
#4311=EDGE_CURVE('',#3100,#3272,#1934,.T.);
#4312=EDGE_CURVE('',#3099,#3271,#1935,.T.);
#4313=EDGE_CURVE('',#3328,#3330,#1936,.T.);
#4314=EDGE_CURVE('',#3330,#3331,#30,.T.);
#4315=EDGE_CURVE('',#3331,#3327,#1937,.T.);
#4316=EDGE_CURVE('',#3332,#3329,#1938,.T.);
#4317=EDGE_CURVE('',#3332,#3330,#1939,.T.);
#4318=EDGE_CURVE('',#3274,#3332,#31,.T.);
#4319=EDGE_CURVE('',#3213,#3333,#54,.T.);
#4320=EDGE_CURVE('',#3333,#3208,#300,.T.);
#4321=EDGE_CURVE('',#3333,#3334,#301,.T.);
#4322=EDGE_CURVE('',#3334,#3335,#302,.T.);
#4323=EDGE_CURVE('',#3335,#3209,#303,.T.);
#4324=EDGE_CURVE('',#3335,#3314,#55,.T.);
#4325=EDGE_CURVE('',#3199,#3336,#304,.F.);
#4326=EDGE_CURVE('',#3336,#3195,#56,.T.);
#4327=EDGE_CURVE('',#3204,#3304,#1940,.T.);
#4328=EDGE_CURVE('',#3337,#3303,#32,.T.);
#4329=EDGE_CURVE('',#3338,#3337,#1941,.T.);
#4330=EDGE_CURVE('',#3339,#3338,#57,.T.);
#4331=EDGE_CURVE('',#3340,#3339,#33,.T.);
#4332=EDGE_CURVE('',#3341,#3340,#34,.T.);
#4333=EDGE_CURVE('',#3196,#3341,#1942,.T.);
#4334=EDGE_CURVE('',#3342,#3336,#35,.T.);
#4335=EDGE_CURVE('',#3343,#3342,#1943,.T.);
#4336=EDGE_CURVE('',#3344,#3343,#36,.T.);
#4337=EDGE_CURVE('',#3345,#3344,#37,.T.);
#4338=EDGE_CURVE('',#3301,#3345,#58,.T.);
#4339=EDGE_CURVE('',#3346,#3251,#59,.T.);
#4340=EDGE_CURVE('',#3249,#3346,#1944,.T.);
#4341=EDGE_CURVE('',#3321,#3347,#1945,.T.);
#4342=EDGE_CURVE('',#3347,#3323,#60,.T.);
#4343=EDGE_CURVE('',#3348,#3349,#61,.T.);
#4344=EDGE_CURVE('',#3349,#3334,#1946,.T.);
#4345=EDGE_CURVE('',#3349,#3331,#62,.T.);
#4346=EDGE_CURVE('',#3350,#3273,#38,.T.);
#4347=EDGE_CURVE('',#3351,#3350,#1947,.T.);
#4348=EDGE_CURVE('',#3348,#3351,#39,.T.);
#4349=EDGE_CURVE('',#3245,#3346,#1948,.T.);
#4350=EDGE_CURVE('',#3342,#3308,#1949,.T.);
#4351=EDGE_CURVE('',#3309,#3343,#1950,.T.);
#4352=EDGE_CURVE('',#3341,#3179,#1951,.T.);
#4353=EDGE_CURVE('',#3344,#3310,#1952,.T.);
#4354=EDGE_CURVE('',#3176,#3340,#1953,.T.);
#4355=EDGE_CURVE('',#3299,#3345,#1954,.T.);
#4356=EDGE_CURVE('',#3339,#3177,#1955,.T.);
#4357=EDGE_CURVE('',#3205,#3036,#1956,.T.);
#4358=EDGE_CURVE('',#3206,#3352,#1957,.T.);
#4359=EDGE_CURVE('',#3352,#3352,#63,.T.);
#4360=EDGE_CURVE('',#3347,#3317,#1958,.T.);
#4361=EDGE_CURVE('',#3261,#3348,#1959,.T.);
#4362=EDGE_CURVE('',#3351,#3256,#1960,.T.);
#4363=EDGE_CURVE('',#3257,#3350,#1961,.T.);
#4364=EDGE_CURVE('',#3324,#3264,#1962,.T.);
#4365=EDGE_CURVE('',#3262,#3326,#1963,.T.);
#4366=EDGE_CURVE('',#3263,#3325,#1964,.T.);
#4367=EDGE_CURVE('',#3240,#3337,#1965,.T.);
#4368=EDGE_CURVE('',#3241,#3338,#1966,.T.);
#4369=ORIENTED_EDGE('',*,*,#3353,.F.);
#4370=ORIENTED_EDGE('',*,*,#3354,.T.);
#4371=ORIENTED_EDGE('',*,*,#3355,.T.);
#4372=ORIENTED_EDGE('',*,*,#3356,.F.);
#4373=ORIENTED_EDGE('',*,*,#3357,.F.);
#4374=ORIENTED_EDGE('',*,*,#3358,.T.);
#4375=ORIENTED_EDGE('',*,*,#3359,.T.);
#4376=ORIENTED_EDGE('',*,*,#3354,.F.);
#4377=ORIENTED_EDGE('',*,*,#3360,.F.);
#4378=ORIENTED_EDGE('',*,*,#3361,.T.);
#4379=ORIENTED_EDGE('',*,*,#3362,.T.);
#4380=ORIENTED_EDGE('',*,*,#3358,.F.);
#4381=ORIENTED_EDGE('',*,*,#3363,.F.);
#4382=ORIENTED_EDGE('',*,*,#3364,.T.);
#4383=ORIENTED_EDGE('',*,*,#3365,.T.);
#4384=ORIENTED_EDGE('',*,*,#3361,.F.);
#4385=ORIENTED_EDGE('',*,*,#3366,.F.);
#4386=ORIENTED_EDGE('',*,*,#3367,.T.);
#4387=ORIENTED_EDGE('',*,*,#3368,.T.);
#4388=ORIENTED_EDGE('',*,*,#3364,.F.);
#4389=ORIENTED_EDGE('',*,*,#3369,.F.);
#4390=ORIENTED_EDGE('',*,*,#3370,.T.);
#4391=ORIENTED_EDGE('',*,*,#3371,.T.);
#4392=ORIENTED_EDGE('',*,*,#3367,.F.);
#4393=ORIENTED_EDGE('',*,*,#3372,.F.);
#4394=ORIENTED_EDGE('',*,*,#3373,.T.);
#4395=ORIENTED_EDGE('',*,*,#3374,.T.);
#4396=ORIENTED_EDGE('',*,*,#3370,.F.);
#4397=ORIENTED_EDGE('',*,*,#3375,.F.);
#4398=ORIENTED_EDGE('',*,*,#3356,.T.);
#4399=ORIENTED_EDGE('',*,*,#3376,.T.);
#4400=ORIENTED_EDGE('',*,*,#3373,.F.);
#4401=ORIENTED_EDGE('',*,*,#3377,.F.);
#4402=ORIENTED_EDGE('',*,*,#3378,.T.);
#4403=ORIENTED_EDGE('',*,*,#3379,.T.);
#4404=ORIENTED_EDGE('',*,*,#3380,.F.);
#4405=ORIENTED_EDGE('',*,*,#3381,.F.);
#4406=ORIENTED_EDGE('',*,*,#3382,.T.);
#4407=ORIENTED_EDGE('',*,*,#3383,.T.);
#4408=ORIENTED_EDGE('',*,*,#3378,.F.);
#4409=ORIENTED_EDGE('',*,*,#3384,.F.);
#4410=ORIENTED_EDGE('',*,*,#3385,.T.);
#4411=ORIENTED_EDGE('',*,*,#3386,.T.);
#4412=ORIENTED_EDGE('',*,*,#3382,.F.);
#4413=ORIENTED_EDGE('',*,*,#3387,.F.);
#4414=ORIENTED_EDGE('',*,*,#3388,.T.);
#4415=ORIENTED_EDGE('',*,*,#3389,.T.);
#4416=ORIENTED_EDGE('',*,*,#3385,.F.);
#4417=ORIENTED_EDGE('',*,*,#3390,.F.);
#4418=ORIENTED_EDGE('',*,*,#3391,.T.);
#4419=ORIENTED_EDGE('',*,*,#3392,.T.);
#4420=ORIENTED_EDGE('',*,*,#3388,.F.);
#4421=ORIENTED_EDGE('',*,*,#3393,.F.);
#4422=ORIENTED_EDGE('',*,*,#3394,.T.);
#4423=ORIENTED_EDGE('',*,*,#3395,.T.);
#4424=ORIENTED_EDGE('',*,*,#3391,.F.);
#4425=ORIENTED_EDGE('',*,*,#3396,.F.);
#4426=ORIENTED_EDGE('',*,*,#3397,.T.);
#4427=ORIENTED_EDGE('',*,*,#3398,.T.);
#4428=ORIENTED_EDGE('',*,*,#3394,.F.);
#4429=ORIENTED_EDGE('',*,*,#3399,.F.);
#4430=ORIENTED_EDGE('',*,*,#3400,.T.);
#4431=ORIENTED_EDGE('',*,*,#3401,.T.);
#4432=ORIENTED_EDGE('',*,*,#3397,.F.);
#4433=ORIENTED_EDGE('',*,*,#3402,.F.);
#4434=ORIENTED_EDGE('',*,*,#3403,.T.);
#4435=ORIENTED_EDGE('',*,*,#3404,.T.);
#4436=ORIENTED_EDGE('',*,*,#3400,.F.);
#4437=ORIENTED_EDGE('',*,*,#3405,.F.);
#4438=ORIENTED_EDGE('',*,*,#3406,.T.);
#4439=ORIENTED_EDGE('',*,*,#3407,.T.);
#4440=ORIENTED_EDGE('',*,*,#3403,.F.);
#4441=ORIENTED_EDGE('',*,*,#3408,.F.);
#4442=ORIENTED_EDGE('',*,*,#3409,.T.);
#4443=ORIENTED_EDGE('',*,*,#3410,.T.);
#4444=ORIENTED_EDGE('',*,*,#3406,.F.);
#4445=ORIENTED_EDGE('',*,*,#3411,.F.);
#4446=ORIENTED_EDGE('',*,*,#3412,.T.);
#4447=ORIENTED_EDGE('',*,*,#3413,.T.);
#4448=ORIENTED_EDGE('',*,*,#3409,.F.);
#4449=ORIENTED_EDGE('',*,*,#3414,.F.);
#4450=ORIENTED_EDGE('',*,*,#3380,.T.);
#4451=ORIENTED_EDGE('',*,*,#3415,.T.);
#4452=ORIENTED_EDGE('',*,*,#3412,.F.);
#4453=ORIENTED_EDGE('',*,*,#3415,.F.);
#4454=ORIENTED_EDGE('',*,*,#3379,.F.);
#4455=ORIENTED_EDGE('',*,*,#3383,.F.);
#4456=ORIENTED_EDGE('',*,*,#3386,.F.);
#4457=ORIENTED_EDGE('',*,*,#3389,.F.);
#4458=ORIENTED_EDGE('',*,*,#3392,.F.);
#4459=ORIENTED_EDGE('',*,*,#3395,.F.);
#4460=ORIENTED_EDGE('',*,*,#3398,.F.);
#4461=ORIENTED_EDGE('',*,*,#3401,.F.);
#4462=ORIENTED_EDGE('',*,*,#3404,.F.);
#4463=ORIENTED_EDGE('',*,*,#3407,.F.);
#4464=ORIENTED_EDGE('',*,*,#3410,.F.);
#4465=ORIENTED_EDGE('',*,*,#3413,.F.);
#4466=ORIENTED_EDGE('',*,*,#3376,.F.);
#4467=ORIENTED_EDGE('',*,*,#3355,.F.);
#4468=ORIENTED_EDGE('',*,*,#3359,.F.);
#4469=ORIENTED_EDGE('',*,*,#3362,.F.);
#4470=ORIENTED_EDGE('',*,*,#3365,.F.);
#4471=ORIENTED_EDGE('',*,*,#3368,.F.);
#4472=ORIENTED_EDGE('',*,*,#3371,.F.);
#4473=ORIENTED_EDGE('',*,*,#3374,.F.);
#4474=ORIENTED_EDGE('',*,*,#3416,.F.);
#4475=ORIENTED_EDGE('',*,*,#3417,.T.);
#4476=ORIENTED_EDGE('',*,*,#3418,.T.);
#4477=ORIENTED_EDGE('',*,*,#3419,.F.);
#4478=ORIENTED_EDGE('',*,*,#3420,.F.);
#4479=ORIENTED_EDGE('',*,*,#3421,.T.);
#4480=ORIENTED_EDGE('',*,*,#3422,.T.);
#4481=ORIENTED_EDGE('',*,*,#3417,.F.);
#4482=ORIENTED_EDGE('',*,*,#3423,.F.);
#4483=ORIENTED_EDGE('',*,*,#3424,.T.);
#4484=ORIENTED_EDGE('',*,*,#3425,.T.);
#4485=ORIENTED_EDGE('',*,*,#3421,.F.);
#4486=ORIENTED_EDGE('',*,*,#3426,.F.);
#4487=ORIENTED_EDGE('',*,*,#3427,.T.);
#4488=ORIENTED_EDGE('',*,*,#3428,.T.);
#4489=ORIENTED_EDGE('',*,*,#3424,.F.);
#4490=ORIENTED_EDGE('',*,*,#3429,.F.);
#4491=ORIENTED_EDGE('',*,*,#3430,.T.);
#4492=ORIENTED_EDGE('',*,*,#3431,.T.);
#4493=ORIENTED_EDGE('',*,*,#3427,.F.);
#4494=ORIENTED_EDGE('',*,*,#3432,.F.);
#4495=ORIENTED_EDGE('',*,*,#3433,.T.);
#4496=ORIENTED_EDGE('',*,*,#3434,.T.);
#4497=ORIENTED_EDGE('',*,*,#3430,.F.);
#4498=ORIENTED_EDGE('',*,*,#3435,.F.);
#4499=ORIENTED_EDGE('',*,*,#3436,.T.);
#4500=ORIENTED_EDGE('',*,*,#3437,.T.);
#4501=ORIENTED_EDGE('',*,*,#3433,.F.);
#4502=ORIENTED_EDGE('',*,*,#3438,.F.);
#4503=ORIENTED_EDGE('',*,*,#3439,.T.);
#4504=ORIENTED_EDGE('',*,*,#3440,.T.);
#4505=ORIENTED_EDGE('',*,*,#3436,.F.);
#4506=ORIENTED_EDGE('',*,*,#3441,.F.);
#4507=ORIENTED_EDGE('',*,*,#3442,.T.);
#4508=ORIENTED_EDGE('',*,*,#3443,.T.);
#4509=ORIENTED_EDGE('',*,*,#3439,.F.);
#4510=ORIENTED_EDGE('',*,*,#3444,.F.);
#4511=ORIENTED_EDGE('',*,*,#3445,.T.);
#4512=ORIENTED_EDGE('',*,*,#3446,.T.);
#4513=ORIENTED_EDGE('',*,*,#3442,.F.);
#4514=ORIENTED_EDGE('',*,*,#3447,.F.);
#4515=ORIENTED_EDGE('',*,*,#3448,.T.);
#4516=ORIENTED_EDGE('',*,*,#3449,.T.);
#4517=ORIENTED_EDGE('',*,*,#3445,.F.);
#4518=ORIENTED_EDGE('',*,*,#3450,.F.);
#4519=ORIENTED_EDGE('',*,*,#3451,.T.);
#4520=ORIENTED_EDGE('',*,*,#3452,.T.);
#4521=ORIENTED_EDGE('',*,*,#3448,.F.);
#4522=ORIENTED_EDGE('',*,*,#3453,.F.);
#4523=ORIENTED_EDGE('',*,*,#3454,.T.);
#4524=ORIENTED_EDGE('',*,*,#3455,.T.);
#4525=ORIENTED_EDGE('',*,*,#3451,.F.);
#4526=ORIENTED_EDGE('',*,*,#3456,.F.);
#4527=ORIENTED_EDGE('',*,*,#3419,.T.);
#4528=ORIENTED_EDGE('',*,*,#3457,.T.);
#4529=ORIENTED_EDGE('',*,*,#3454,.F.);
#4530=ORIENTED_EDGE('',*,*,#3458,.F.);
#4531=ORIENTED_EDGE('',*,*,#3459,.T.);
#4532=ORIENTED_EDGE('',*,*,#3460,.T.);
#4533=ORIENTED_EDGE('',*,*,#3461,.F.);
#4534=ORIENTED_EDGE('',*,*,#3462,.F.);
#4535=ORIENTED_EDGE('',*,*,#3463,.T.);
#4536=ORIENTED_EDGE('',*,*,#3464,.T.);
#4537=ORIENTED_EDGE('',*,*,#3459,.F.);
#4538=ORIENTED_EDGE('',*,*,#3465,.F.);
#4539=ORIENTED_EDGE('',*,*,#3466,.T.);
#4540=ORIENTED_EDGE('',*,*,#3467,.T.);
#4541=ORIENTED_EDGE('',*,*,#3463,.F.);
#4542=ORIENTED_EDGE('',*,*,#3468,.F.);
#4543=ORIENTED_EDGE('',*,*,#3469,.T.);
#4544=ORIENTED_EDGE('',*,*,#3470,.T.);
#4545=ORIENTED_EDGE('',*,*,#3466,.F.);
#4546=ORIENTED_EDGE('',*,*,#3471,.F.);
#4547=ORIENTED_EDGE('',*,*,#3472,.T.);
#4548=ORIENTED_EDGE('',*,*,#3473,.T.);
#4549=ORIENTED_EDGE('',*,*,#3469,.F.);
#4550=ORIENTED_EDGE('',*,*,#3474,.F.);
#4551=ORIENTED_EDGE('',*,*,#3475,.T.);
#4552=ORIENTED_EDGE('',*,*,#3476,.T.);
#4553=ORIENTED_EDGE('',*,*,#3472,.F.);
#4554=ORIENTED_EDGE('',*,*,#3477,.F.);
#4555=ORIENTED_EDGE('',*,*,#3478,.T.);
#4556=ORIENTED_EDGE('',*,*,#3479,.T.);
#4557=ORIENTED_EDGE('',*,*,#3475,.F.);
#4558=ORIENTED_EDGE('',*,*,#3480,.F.);
#4559=ORIENTED_EDGE('',*,*,#3481,.T.);
#4560=ORIENTED_EDGE('',*,*,#3482,.T.);
#4561=ORIENTED_EDGE('',*,*,#3478,.F.);
#4562=ORIENTED_EDGE('',*,*,#3483,.F.);
#4563=ORIENTED_EDGE('',*,*,#3484,.T.);
#4564=ORIENTED_EDGE('',*,*,#3485,.T.);
#4565=ORIENTED_EDGE('',*,*,#3481,.F.);
#4566=ORIENTED_EDGE('',*,*,#3486,.F.);
#4567=ORIENTED_EDGE('',*,*,#3487,.T.);
#4568=ORIENTED_EDGE('',*,*,#3488,.T.);
#4569=ORIENTED_EDGE('',*,*,#3484,.F.);
#4570=ORIENTED_EDGE('',*,*,#3489,.F.);
#4571=ORIENTED_EDGE('',*,*,#3490,.T.);
#4572=ORIENTED_EDGE('',*,*,#3491,.T.);
#4573=ORIENTED_EDGE('',*,*,#3487,.F.);
#4574=ORIENTED_EDGE('',*,*,#3492,.F.);
#4575=ORIENTED_EDGE('',*,*,#3493,.T.);
#4576=ORIENTED_EDGE('',*,*,#3494,.T.);
#4577=ORIENTED_EDGE('',*,*,#3490,.F.);
#4578=ORIENTED_EDGE('',*,*,#3495,.F.);
#4579=ORIENTED_EDGE('',*,*,#3496,.T.);
#4580=ORIENTED_EDGE('',*,*,#3497,.T.);
#4581=ORIENTED_EDGE('',*,*,#3493,.F.);
#4582=ORIENTED_EDGE('',*,*,#3498,.F.);
#4583=ORIENTED_EDGE('',*,*,#3499,.T.);
#4584=ORIENTED_EDGE('',*,*,#3500,.T.);
#4585=ORIENTED_EDGE('',*,*,#3496,.F.);
#4586=ORIENTED_EDGE('',*,*,#3501,.F.);
#4587=ORIENTED_EDGE('',*,*,#3502,.T.);
#4588=ORIENTED_EDGE('',*,*,#3503,.T.);
#4589=ORIENTED_EDGE('',*,*,#3499,.F.);
#4590=ORIENTED_EDGE('',*,*,#3504,.F.);
#4591=ORIENTED_EDGE('',*,*,#3505,.T.);
#4592=ORIENTED_EDGE('',*,*,#3506,.T.);
#4593=ORIENTED_EDGE('',*,*,#3502,.F.);
#4594=ORIENTED_EDGE('',*,*,#3507,.F.);
#4595=ORIENTED_EDGE('',*,*,#3508,.T.);
#4596=ORIENTED_EDGE('',*,*,#3509,.T.);
#4597=ORIENTED_EDGE('',*,*,#3505,.F.);
#4598=ORIENTED_EDGE('',*,*,#3510,.F.);
#4599=ORIENTED_EDGE('',*,*,#3511,.T.);
#4600=ORIENTED_EDGE('',*,*,#3512,.T.);
#4601=ORIENTED_EDGE('',*,*,#3508,.F.);
#4602=ORIENTED_EDGE('',*,*,#3513,.F.);
#4603=ORIENTED_EDGE('',*,*,#3514,.T.);
#4604=ORIENTED_EDGE('',*,*,#3515,.T.);
#4605=ORIENTED_EDGE('',*,*,#3511,.F.);
#4606=ORIENTED_EDGE('',*,*,#3516,.F.);
#4607=ORIENTED_EDGE('',*,*,#3517,.T.);
#4608=ORIENTED_EDGE('',*,*,#3518,.T.);
#4609=ORIENTED_EDGE('',*,*,#3514,.F.);
#4610=ORIENTED_EDGE('',*,*,#3519,.F.);
#4611=ORIENTED_EDGE('',*,*,#3520,.T.);
#4612=ORIENTED_EDGE('',*,*,#3521,.T.);
#4613=ORIENTED_EDGE('',*,*,#3517,.F.);
#4614=ORIENTED_EDGE('',*,*,#3522,.F.);
#4615=ORIENTED_EDGE('',*,*,#3461,.T.);
#4616=ORIENTED_EDGE('',*,*,#3523,.T.);
#4617=ORIENTED_EDGE('',*,*,#3520,.F.);
#4618=ORIENTED_EDGE('',*,*,#3523,.F.);
#4619=ORIENTED_EDGE('',*,*,#3460,.F.);
#4620=ORIENTED_EDGE('',*,*,#3464,.F.);
#4621=ORIENTED_EDGE('',*,*,#3467,.F.);
#4622=ORIENTED_EDGE('',*,*,#3470,.F.);
#4623=ORIENTED_EDGE('',*,*,#3473,.F.);
#4624=ORIENTED_EDGE('',*,*,#3476,.F.);
#4625=ORIENTED_EDGE('',*,*,#3479,.F.);
#4626=ORIENTED_EDGE('',*,*,#3482,.F.);
#4627=ORIENTED_EDGE('',*,*,#3485,.F.);
#4628=ORIENTED_EDGE('',*,*,#3488,.F.);
#4629=ORIENTED_EDGE('',*,*,#3491,.F.);
#4630=ORIENTED_EDGE('',*,*,#3494,.F.);
#4631=ORIENTED_EDGE('',*,*,#3497,.F.);
#4632=ORIENTED_EDGE('',*,*,#3500,.F.);
#4633=ORIENTED_EDGE('',*,*,#3503,.F.);
#4634=ORIENTED_EDGE('',*,*,#3506,.F.);
#4635=ORIENTED_EDGE('',*,*,#3509,.F.);
#4636=ORIENTED_EDGE('',*,*,#3512,.F.);
#4637=ORIENTED_EDGE('',*,*,#3515,.F.);
#4638=ORIENTED_EDGE('',*,*,#3518,.F.);
#4639=ORIENTED_EDGE('',*,*,#3521,.F.);
#4640=ORIENTED_EDGE('',*,*,#3457,.F.);
#4641=ORIENTED_EDGE('',*,*,#3418,.F.);
#4642=ORIENTED_EDGE('',*,*,#3422,.F.);
#4643=ORIENTED_EDGE('',*,*,#3425,.F.);
#4644=ORIENTED_EDGE('',*,*,#3428,.F.);
#4645=ORIENTED_EDGE('',*,*,#3431,.F.);
#4646=ORIENTED_EDGE('',*,*,#3434,.F.);
#4647=ORIENTED_EDGE('',*,*,#3437,.F.);
#4648=ORIENTED_EDGE('',*,*,#3440,.F.);
#4649=ORIENTED_EDGE('',*,*,#3443,.F.);
#4650=ORIENTED_EDGE('',*,*,#3446,.F.);
#4651=ORIENTED_EDGE('',*,*,#3449,.F.);
#4652=ORIENTED_EDGE('',*,*,#3452,.F.);
#4653=ORIENTED_EDGE('',*,*,#3455,.F.);
#4654=ORIENTED_EDGE('',*,*,#3524,.F.);
#4655=ORIENTED_EDGE('',*,*,#3525,.T.);
#4656=ORIENTED_EDGE('',*,*,#3526,.T.);
#4657=ORIENTED_EDGE('',*,*,#3527,.F.);
#4658=ORIENTED_EDGE('',*,*,#3528,.F.);
#4659=ORIENTED_EDGE('',*,*,#3529,.T.);
#4660=ORIENTED_EDGE('',*,*,#3530,.T.);
#4661=ORIENTED_EDGE('',*,*,#3525,.F.);
#4662=ORIENTED_EDGE('',*,*,#3531,.F.);
#4663=ORIENTED_EDGE('',*,*,#3532,.T.);
#4664=ORIENTED_EDGE('',*,*,#3533,.T.);
#4665=ORIENTED_EDGE('',*,*,#3529,.F.);
#4666=ORIENTED_EDGE('',*,*,#3534,.F.);
#4667=ORIENTED_EDGE('',*,*,#3535,.T.);
#4668=ORIENTED_EDGE('',*,*,#3536,.T.);
#4669=ORIENTED_EDGE('',*,*,#3532,.F.);
#4670=ORIENTED_EDGE('',*,*,#3537,.F.);
#4671=ORIENTED_EDGE('',*,*,#3538,.T.);
#4672=ORIENTED_EDGE('',*,*,#3539,.T.);
#4673=ORIENTED_EDGE('',*,*,#3535,.F.);
#4674=ORIENTED_EDGE('',*,*,#3540,.F.);
#4675=ORIENTED_EDGE('',*,*,#3541,.T.);
#4676=ORIENTED_EDGE('',*,*,#3542,.T.);
#4677=ORIENTED_EDGE('',*,*,#3538,.F.);
#4678=ORIENTED_EDGE('',*,*,#3543,.F.);
#4679=ORIENTED_EDGE('',*,*,#3544,.T.);
#4680=ORIENTED_EDGE('',*,*,#3545,.T.);
#4681=ORIENTED_EDGE('',*,*,#3541,.F.);
#4682=ORIENTED_EDGE('',*,*,#3546,.F.);
#4683=ORIENTED_EDGE('',*,*,#3547,.T.);
#4684=ORIENTED_EDGE('',*,*,#3548,.T.);
#4685=ORIENTED_EDGE('',*,*,#3544,.F.);
#4686=ORIENTED_EDGE('',*,*,#3549,.F.);
#4687=ORIENTED_EDGE('',*,*,#3550,.T.);
#4688=ORIENTED_EDGE('',*,*,#3551,.T.);
#4689=ORIENTED_EDGE('',*,*,#3547,.F.);
#4690=ORIENTED_EDGE('',*,*,#3552,.F.);
#4691=ORIENTED_EDGE('',*,*,#3553,.T.);
#4692=ORIENTED_EDGE('',*,*,#3554,.T.);
#4693=ORIENTED_EDGE('',*,*,#3550,.F.);
#4694=ORIENTED_EDGE('',*,*,#3555,.F.);
#4695=ORIENTED_EDGE('',*,*,#3556,.T.);
#4696=ORIENTED_EDGE('',*,*,#3557,.T.);
#4697=ORIENTED_EDGE('',*,*,#3553,.F.);
#4698=ORIENTED_EDGE('',*,*,#3558,.F.);
#4699=ORIENTED_EDGE('',*,*,#3559,.T.);
#4700=ORIENTED_EDGE('',*,*,#3560,.T.);
#4701=ORIENTED_EDGE('',*,*,#3556,.F.);
#4702=ORIENTED_EDGE('',*,*,#3561,.F.);
#4703=ORIENTED_EDGE('',*,*,#3562,.T.);
#4704=ORIENTED_EDGE('',*,*,#3563,.T.);
#4705=ORIENTED_EDGE('',*,*,#3559,.F.);
#4706=ORIENTED_EDGE('',*,*,#3564,.F.);
#4707=ORIENTED_EDGE('',*,*,#3527,.T.);
#4708=ORIENTED_EDGE('',*,*,#3565,.T.);
#4709=ORIENTED_EDGE('',*,*,#3562,.F.);
#4710=ORIENTED_EDGE('',*,*,#3566,.F.);
#4711=ORIENTED_EDGE('',*,*,#3567,.T.);
#4712=ORIENTED_EDGE('',*,*,#3568,.T.);
#4713=ORIENTED_EDGE('',*,*,#3569,.F.);
#4714=ORIENTED_EDGE('',*,*,#3570,.F.);
#4715=ORIENTED_EDGE('',*,*,#3571,.T.);
#4716=ORIENTED_EDGE('',*,*,#3572,.T.);
#4717=ORIENTED_EDGE('',*,*,#3567,.F.);
#4718=ORIENTED_EDGE('',*,*,#3573,.F.);
#4719=ORIENTED_EDGE('',*,*,#3574,.T.);
#4720=ORIENTED_EDGE('',*,*,#3575,.T.);
#4721=ORIENTED_EDGE('',*,*,#3571,.F.);
#4722=ORIENTED_EDGE('',*,*,#3576,.F.);
#4723=ORIENTED_EDGE('',*,*,#3577,.T.);
#4724=ORIENTED_EDGE('',*,*,#3578,.T.);
#4725=ORIENTED_EDGE('',*,*,#3574,.F.);
#4726=ORIENTED_EDGE('',*,*,#3579,.F.);
#4727=ORIENTED_EDGE('',*,*,#3580,.T.);
#4728=ORIENTED_EDGE('',*,*,#3581,.T.);
#4729=ORIENTED_EDGE('',*,*,#3577,.F.);
#4730=ORIENTED_EDGE('',*,*,#3582,.F.);
#4731=ORIENTED_EDGE('',*,*,#3583,.T.);
#4732=ORIENTED_EDGE('',*,*,#3584,.T.);
#4733=ORIENTED_EDGE('',*,*,#3580,.F.);
#4734=ORIENTED_EDGE('',*,*,#3585,.F.);
#4735=ORIENTED_EDGE('',*,*,#3586,.T.);
#4736=ORIENTED_EDGE('',*,*,#3587,.T.);
#4737=ORIENTED_EDGE('',*,*,#3583,.F.);
#4738=ORIENTED_EDGE('',*,*,#3588,.F.);
#4739=ORIENTED_EDGE('',*,*,#3589,.T.);
#4740=ORIENTED_EDGE('',*,*,#3590,.T.);
#4741=ORIENTED_EDGE('',*,*,#3586,.F.);
#4742=ORIENTED_EDGE('',*,*,#3591,.F.);
#4743=ORIENTED_EDGE('',*,*,#3592,.T.);
#4744=ORIENTED_EDGE('',*,*,#3593,.T.);
#4745=ORIENTED_EDGE('',*,*,#3589,.F.);
#4746=ORIENTED_EDGE('',*,*,#3594,.F.);
#4747=ORIENTED_EDGE('',*,*,#3595,.T.);
#4748=ORIENTED_EDGE('',*,*,#3596,.T.);
#4749=ORIENTED_EDGE('',*,*,#3592,.F.);
#4750=ORIENTED_EDGE('',*,*,#3597,.F.);
#4751=ORIENTED_EDGE('',*,*,#3598,.T.);
#4752=ORIENTED_EDGE('',*,*,#3599,.T.);
#4753=ORIENTED_EDGE('',*,*,#3595,.F.);
#4754=ORIENTED_EDGE('',*,*,#3600,.F.);
#4755=ORIENTED_EDGE('',*,*,#3601,.T.);
#4756=ORIENTED_EDGE('',*,*,#3602,.T.);
#4757=ORIENTED_EDGE('',*,*,#3598,.F.);
#4758=ORIENTED_EDGE('',*,*,#3603,.F.);
#4759=ORIENTED_EDGE('',*,*,#3604,.T.);
#4760=ORIENTED_EDGE('',*,*,#3605,.T.);
#4761=ORIENTED_EDGE('',*,*,#3601,.F.);
#4762=ORIENTED_EDGE('',*,*,#3606,.F.);
#4763=ORIENTED_EDGE('',*,*,#3607,.T.);
#4764=ORIENTED_EDGE('',*,*,#3608,.T.);
#4765=ORIENTED_EDGE('',*,*,#3604,.F.);
#4766=ORIENTED_EDGE('',*,*,#3609,.F.);
#4767=ORIENTED_EDGE('',*,*,#3610,.T.);
#4768=ORIENTED_EDGE('',*,*,#3611,.T.);
#4769=ORIENTED_EDGE('',*,*,#3607,.F.);
#4770=ORIENTED_EDGE('',*,*,#3612,.F.);
#4771=ORIENTED_EDGE('',*,*,#3613,.T.);
#4772=ORIENTED_EDGE('',*,*,#3614,.T.);
#4773=ORIENTED_EDGE('',*,*,#3610,.F.);
#4774=ORIENTED_EDGE('',*,*,#3615,.F.);
#4775=ORIENTED_EDGE('',*,*,#3616,.T.);
#4776=ORIENTED_EDGE('',*,*,#3617,.T.);
#4777=ORIENTED_EDGE('',*,*,#3613,.F.);
#4778=ORIENTED_EDGE('',*,*,#3618,.F.);
#4779=ORIENTED_EDGE('',*,*,#3619,.T.);
#4780=ORIENTED_EDGE('',*,*,#3620,.T.);
#4781=ORIENTED_EDGE('',*,*,#3616,.F.);
#4782=ORIENTED_EDGE('',*,*,#3621,.F.);
#4783=ORIENTED_EDGE('',*,*,#3622,.T.);
#4784=ORIENTED_EDGE('',*,*,#3623,.T.);
#4785=ORIENTED_EDGE('',*,*,#3619,.F.);
#4786=ORIENTED_EDGE('',*,*,#3624,.F.);
#4787=ORIENTED_EDGE('',*,*,#3625,.T.);
#4788=ORIENTED_EDGE('',*,*,#3626,.T.);
#4789=ORIENTED_EDGE('',*,*,#3622,.F.);
#4790=ORIENTED_EDGE('',*,*,#3627,.F.);
#4791=ORIENTED_EDGE('',*,*,#3628,.T.);
#4792=ORIENTED_EDGE('',*,*,#3629,.T.);
#4793=ORIENTED_EDGE('',*,*,#3625,.F.);
#4794=ORIENTED_EDGE('',*,*,#3630,.F.);
#4795=ORIENTED_EDGE('',*,*,#3569,.T.);
#4796=ORIENTED_EDGE('',*,*,#3631,.T.);
#4797=ORIENTED_EDGE('',*,*,#3628,.F.);
#4798=ORIENTED_EDGE('',*,*,#3631,.F.);
#4799=ORIENTED_EDGE('',*,*,#3568,.F.);
#4800=ORIENTED_EDGE('',*,*,#3572,.F.);
#4801=ORIENTED_EDGE('',*,*,#3575,.F.);
#4802=ORIENTED_EDGE('',*,*,#3578,.F.);
#4803=ORIENTED_EDGE('',*,*,#3581,.F.);
#4804=ORIENTED_EDGE('',*,*,#3584,.F.);
#4805=ORIENTED_EDGE('',*,*,#3587,.F.);
#4806=ORIENTED_EDGE('',*,*,#3590,.F.);
#4807=ORIENTED_EDGE('',*,*,#3593,.F.);
#4808=ORIENTED_EDGE('',*,*,#3596,.F.);
#4809=ORIENTED_EDGE('',*,*,#3599,.F.);
#4810=ORIENTED_EDGE('',*,*,#3602,.F.);
#4811=ORIENTED_EDGE('',*,*,#3605,.F.);
#4812=ORIENTED_EDGE('',*,*,#3608,.F.);
#4813=ORIENTED_EDGE('',*,*,#3611,.F.);
#4814=ORIENTED_EDGE('',*,*,#3614,.F.);
#4815=ORIENTED_EDGE('',*,*,#3617,.F.);
#4816=ORIENTED_EDGE('',*,*,#3620,.F.);
#4817=ORIENTED_EDGE('',*,*,#3623,.F.);
#4818=ORIENTED_EDGE('',*,*,#3626,.F.);
#4819=ORIENTED_EDGE('',*,*,#3629,.F.);
#4820=ORIENTED_EDGE('',*,*,#3565,.F.);
#4821=ORIENTED_EDGE('',*,*,#3526,.F.);
#4822=ORIENTED_EDGE('',*,*,#3530,.F.);
#4823=ORIENTED_EDGE('',*,*,#3533,.F.);
#4824=ORIENTED_EDGE('',*,*,#3536,.F.);
#4825=ORIENTED_EDGE('',*,*,#3539,.F.);
#4826=ORIENTED_EDGE('',*,*,#3542,.F.);
#4827=ORIENTED_EDGE('',*,*,#3545,.F.);
#4828=ORIENTED_EDGE('',*,*,#3548,.F.);
#4829=ORIENTED_EDGE('',*,*,#3551,.F.);
#4830=ORIENTED_EDGE('',*,*,#3554,.F.);
#4831=ORIENTED_EDGE('',*,*,#3557,.F.);
#4832=ORIENTED_EDGE('',*,*,#3560,.F.);
#4833=ORIENTED_EDGE('',*,*,#3563,.F.);
#4834=ORIENTED_EDGE('',*,*,#3632,.F.);
#4835=ORIENTED_EDGE('',*,*,#3633,.T.);
#4836=ORIENTED_EDGE('',*,*,#3634,.T.);
#4837=ORIENTED_EDGE('',*,*,#3635,.F.);
#4838=ORIENTED_EDGE('',*,*,#3636,.F.);
#4839=ORIENTED_EDGE('',*,*,#3637,.T.);
#4840=ORIENTED_EDGE('',*,*,#3638,.T.);
#4841=ORIENTED_EDGE('',*,*,#3633,.F.);
#4842=ORIENTED_EDGE('',*,*,#3639,.F.);
#4843=ORIENTED_EDGE('',*,*,#3640,.T.);
#4844=ORIENTED_EDGE('',*,*,#3641,.T.);
#4845=ORIENTED_EDGE('',*,*,#3637,.F.);
#4846=ORIENTED_EDGE('',*,*,#3642,.F.);
#4847=ORIENTED_EDGE('',*,*,#3643,.T.);
#4848=ORIENTED_EDGE('',*,*,#3644,.T.);
#4849=ORIENTED_EDGE('',*,*,#3640,.F.);
#4850=ORIENTED_EDGE('',*,*,#3645,.F.);
#4851=ORIENTED_EDGE('',*,*,#3646,.T.);
#4852=ORIENTED_EDGE('',*,*,#3647,.T.);
#4853=ORIENTED_EDGE('',*,*,#3643,.F.);
#4854=ORIENTED_EDGE('',*,*,#3648,.F.);
#4855=ORIENTED_EDGE('',*,*,#3649,.T.);
#4856=ORIENTED_EDGE('',*,*,#3650,.T.);
#4857=ORIENTED_EDGE('',*,*,#3646,.F.);
#4858=ORIENTED_EDGE('',*,*,#3651,.F.);
#4859=ORIENTED_EDGE('',*,*,#3652,.T.);
#4860=ORIENTED_EDGE('',*,*,#3653,.T.);
#4861=ORIENTED_EDGE('',*,*,#3649,.F.);
#4862=ORIENTED_EDGE('',*,*,#3654,.F.);
#4863=ORIENTED_EDGE('',*,*,#3655,.T.);
#4864=ORIENTED_EDGE('',*,*,#3656,.T.);
#4865=ORIENTED_EDGE('',*,*,#3652,.F.);
#4866=ORIENTED_EDGE('',*,*,#3657,.F.);
#4867=ORIENTED_EDGE('',*,*,#3658,.T.);
#4868=ORIENTED_EDGE('',*,*,#3659,.T.);
#4869=ORIENTED_EDGE('',*,*,#3655,.F.);
#4870=ORIENTED_EDGE('',*,*,#3660,.F.);
#4871=ORIENTED_EDGE('',*,*,#3661,.T.);
#4872=ORIENTED_EDGE('',*,*,#3662,.T.);
#4873=ORIENTED_EDGE('',*,*,#3658,.F.);
#4874=ORIENTED_EDGE('',*,*,#3663,.F.);
#4875=ORIENTED_EDGE('',*,*,#3664,.T.);
#4876=ORIENTED_EDGE('',*,*,#3665,.T.);
#4877=ORIENTED_EDGE('',*,*,#3661,.F.);
#4878=ORIENTED_EDGE('',*,*,#3666,.F.);
#4879=ORIENTED_EDGE('',*,*,#3667,.T.);
#4880=ORIENTED_EDGE('',*,*,#3668,.T.);
#4881=ORIENTED_EDGE('',*,*,#3664,.F.);
#4882=ORIENTED_EDGE('',*,*,#3669,.F.);
#4883=ORIENTED_EDGE('',*,*,#3670,.T.);
#4884=ORIENTED_EDGE('',*,*,#3671,.T.);
#4885=ORIENTED_EDGE('',*,*,#3667,.F.);
#4886=ORIENTED_EDGE('',*,*,#3672,.F.);
#4887=ORIENTED_EDGE('',*,*,#3673,.T.);
#4888=ORIENTED_EDGE('',*,*,#3674,.T.);
#4889=ORIENTED_EDGE('',*,*,#3670,.F.);
#4890=ORIENTED_EDGE('',*,*,#3675,.F.);
#4891=ORIENTED_EDGE('',*,*,#3676,.T.);
#4892=ORIENTED_EDGE('',*,*,#3677,.T.);
#4893=ORIENTED_EDGE('',*,*,#3673,.F.);
#4894=ORIENTED_EDGE('',*,*,#3678,.F.);
#4895=ORIENTED_EDGE('',*,*,#3679,.T.);
#4896=ORIENTED_EDGE('',*,*,#3680,.T.);
#4897=ORIENTED_EDGE('',*,*,#3676,.F.);
#4898=ORIENTED_EDGE('',*,*,#3681,.F.);
#4899=ORIENTED_EDGE('',*,*,#3682,.T.);
#4900=ORIENTED_EDGE('',*,*,#3683,.T.);
#4901=ORIENTED_EDGE('',*,*,#3679,.F.);
#4902=ORIENTED_EDGE('',*,*,#3684,.F.);
#4903=ORIENTED_EDGE('',*,*,#3685,.T.);
#4904=ORIENTED_EDGE('',*,*,#3686,.T.);
#4905=ORIENTED_EDGE('',*,*,#3682,.F.);
#4906=ORIENTED_EDGE('',*,*,#3687,.F.);
#4907=ORIENTED_EDGE('',*,*,#3688,.T.);
#4908=ORIENTED_EDGE('',*,*,#3689,.T.);
#4909=ORIENTED_EDGE('',*,*,#3685,.F.);
#4910=ORIENTED_EDGE('',*,*,#3690,.F.);
#4911=ORIENTED_EDGE('',*,*,#3691,.T.);
#4912=ORIENTED_EDGE('',*,*,#3692,.T.);
#4913=ORIENTED_EDGE('',*,*,#3688,.F.);
#4914=ORIENTED_EDGE('',*,*,#3693,.F.);
#4915=ORIENTED_EDGE('',*,*,#3694,.T.);
#4916=ORIENTED_EDGE('',*,*,#3695,.T.);
#4917=ORIENTED_EDGE('',*,*,#3691,.F.);
#4918=ORIENTED_EDGE('',*,*,#3696,.F.);
#4919=ORIENTED_EDGE('',*,*,#3697,.T.);
#4920=ORIENTED_EDGE('',*,*,#3698,.T.);
#4921=ORIENTED_EDGE('',*,*,#3694,.F.);
#4922=ORIENTED_EDGE('',*,*,#3699,.F.);
#4923=ORIENTED_EDGE('',*,*,#3700,.T.);
#4924=ORIENTED_EDGE('',*,*,#3701,.T.);
#4925=ORIENTED_EDGE('',*,*,#3697,.F.);
#4926=ORIENTED_EDGE('',*,*,#3702,.F.);
#4927=ORIENTED_EDGE('',*,*,#3635,.T.);
#4928=ORIENTED_EDGE('',*,*,#3703,.T.);
#4929=ORIENTED_EDGE('',*,*,#3700,.F.);
#4930=ORIENTED_EDGE('',*,*,#3703,.F.);
#4931=ORIENTED_EDGE('',*,*,#3634,.F.);
#4932=ORIENTED_EDGE('',*,*,#3638,.F.);
#4933=ORIENTED_EDGE('',*,*,#3641,.F.);
#4934=ORIENTED_EDGE('',*,*,#3644,.F.);
#4935=ORIENTED_EDGE('',*,*,#3647,.F.);
#4936=ORIENTED_EDGE('',*,*,#3650,.F.);
#4937=ORIENTED_EDGE('',*,*,#3653,.F.);
#4938=ORIENTED_EDGE('',*,*,#3656,.F.);
#4939=ORIENTED_EDGE('',*,*,#3659,.F.);
#4940=ORIENTED_EDGE('',*,*,#3662,.F.);
#4941=ORIENTED_EDGE('',*,*,#3665,.F.);
#4942=ORIENTED_EDGE('',*,*,#3668,.F.);
#4943=ORIENTED_EDGE('',*,*,#3671,.F.);
#4944=ORIENTED_EDGE('',*,*,#3674,.F.);
#4945=ORIENTED_EDGE('',*,*,#3677,.F.);
#4946=ORIENTED_EDGE('',*,*,#3680,.F.);
#4947=ORIENTED_EDGE('',*,*,#3683,.F.);
#4948=ORIENTED_EDGE('',*,*,#3686,.F.);
#4949=ORIENTED_EDGE('',*,*,#3689,.F.);
#4950=ORIENTED_EDGE('',*,*,#3692,.F.);
#4951=ORIENTED_EDGE('',*,*,#3695,.F.);
#4952=ORIENTED_EDGE('',*,*,#3698,.F.);
#4953=ORIENTED_EDGE('',*,*,#3701,.F.);
#4954=ORIENTED_EDGE('',*,*,#3704,.F.);
#4955=ORIENTED_EDGE('',*,*,#3705,.T.);
#4956=ORIENTED_EDGE('',*,*,#3706,.T.);
#4957=ORIENTED_EDGE('',*,*,#3707,.F.);
#4958=ORIENTED_EDGE('',*,*,#3708,.F.);
#4959=ORIENTED_EDGE('',*,*,#3709,.T.);
#4960=ORIENTED_EDGE('',*,*,#3710,.T.);
#4961=ORIENTED_EDGE('',*,*,#3705,.F.);
#4962=ORIENTED_EDGE('',*,*,#3711,.F.);
#4963=ORIENTED_EDGE('',*,*,#3712,.T.);
#4964=ORIENTED_EDGE('',*,*,#3713,.T.);
#4965=ORIENTED_EDGE('',*,*,#3709,.F.);
#4966=ORIENTED_EDGE('',*,*,#3714,.F.);
#4967=ORIENTED_EDGE('',*,*,#3715,.T.);
#4968=ORIENTED_EDGE('',*,*,#3716,.T.);
#4969=ORIENTED_EDGE('',*,*,#3712,.F.);
#4970=ORIENTED_EDGE('',*,*,#3717,.F.);
#4971=ORIENTED_EDGE('',*,*,#3718,.T.);
#4972=ORIENTED_EDGE('',*,*,#3719,.T.);
#4973=ORIENTED_EDGE('',*,*,#3715,.F.);
#4974=ORIENTED_EDGE('',*,*,#3720,.F.);
#4975=ORIENTED_EDGE('',*,*,#3721,.T.);
#4976=ORIENTED_EDGE('',*,*,#3722,.T.);
#4977=ORIENTED_EDGE('',*,*,#3718,.F.);
#4978=ORIENTED_EDGE('',*,*,#3723,.F.);
#4979=ORIENTED_EDGE('',*,*,#3724,.T.);
#4980=ORIENTED_EDGE('',*,*,#3725,.T.);
#4981=ORIENTED_EDGE('',*,*,#3721,.F.);
#4982=ORIENTED_EDGE('',*,*,#3726,.F.);
#4983=ORIENTED_EDGE('',*,*,#3727,.T.);
#4984=ORIENTED_EDGE('',*,*,#3728,.T.);
#4985=ORIENTED_EDGE('',*,*,#3724,.F.);
#4986=ORIENTED_EDGE('',*,*,#3729,.F.);
#4987=ORIENTED_EDGE('',*,*,#3730,.T.);
#4988=ORIENTED_EDGE('',*,*,#3731,.T.);
#4989=ORIENTED_EDGE('',*,*,#3727,.F.);
#4990=ORIENTED_EDGE('',*,*,#3732,.F.);
#4991=ORIENTED_EDGE('',*,*,#3733,.T.);
#4992=ORIENTED_EDGE('',*,*,#3734,.T.);
#4993=ORIENTED_EDGE('',*,*,#3730,.F.);
#4994=ORIENTED_EDGE('',*,*,#3735,.F.);
#4995=ORIENTED_EDGE('',*,*,#3736,.T.);
#4996=ORIENTED_EDGE('',*,*,#3737,.T.);
#4997=ORIENTED_EDGE('',*,*,#3733,.F.);
#4998=ORIENTED_EDGE('',*,*,#3738,.F.);
#4999=ORIENTED_EDGE('',*,*,#3739,.T.);
#5000=ORIENTED_EDGE('',*,*,#3740,.T.);
#5001=ORIENTED_EDGE('',*,*,#3736,.F.);
#5002=ORIENTED_EDGE('',*,*,#3741,.F.);
#5003=ORIENTED_EDGE('',*,*,#3742,.T.);
#5004=ORIENTED_EDGE('',*,*,#3743,.T.);
#5005=ORIENTED_EDGE('',*,*,#3739,.F.);
#5006=ORIENTED_EDGE('',*,*,#3744,.F.);
#5007=ORIENTED_EDGE('',*,*,#3745,.T.);
#5008=ORIENTED_EDGE('',*,*,#3746,.T.);
#5009=ORIENTED_EDGE('',*,*,#3742,.F.);
#5010=ORIENTED_EDGE('',*,*,#3747,.F.);
#5011=ORIENTED_EDGE('',*,*,#3748,.T.);
#5012=ORIENTED_EDGE('',*,*,#3749,.T.);
#5013=ORIENTED_EDGE('',*,*,#3745,.F.);
#5014=ORIENTED_EDGE('',*,*,#3750,.F.);
#5015=ORIENTED_EDGE('',*,*,#3751,.T.);
#5016=ORIENTED_EDGE('',*,*,#3752,.T.);
#5017=ORIENTED_EDGE('',*,*,#3748,.F.);
#5018=ORIENTED_EDGE('',*,*,#3753,.F.);
#5019=ORIENTED_EDGE('',*,*,#3754,.T.);
#5020=ORIENTED_EDGE('',*,*,#3755,.T.);
#5021=ORIENTED_EDGE('',*,*,#3751,.F.);
#5022=ORIENTED_EDGE('',*,*,#3756,.F.);
#5023=ORIENTED_EDGE('',*,*,#3757,.T.);
#5024=ORIENTED_EDGE('',*,*,#3758,.T.);
#5025=ORIENTED_EDGE('',*,*,#3754,.F.);
#5026=ORIENTED_EDGE('',*,*,#3759,.F.);
#5027=ORIENTED_EDGE('',*,*,#3760,.T.);
#5028=ORIENTED_EDGE('',*,*,#3761,.T.);
#5029=ORIENTED_EDGE('',*,*,#3757,.F.);
#5030=ORIENTED_EDGE('',*,*,#3762,.F.);
#5031=ORIENTED_EDGE('',*,*,#3763,.T.);
#5032=ORIENTED_EDGE('',*,*,#3764,.T.);
#5033=ORIENTED_EDGE('',*,*,#3760,.F.);
#5034=ORIENTED_EDGE('',*,*,#3765,.F.);
#5035=ORIENTED_EDGE('',*,*,#3766,.T.);
#5036=ORIENTED_EDGE('',*,*,#3767,.T.);
#5037=ORIENTED_EDGE('',*,*,#3763,.F.);
#5038=ORIENTED_EDGE('',*,*,#3768,.F.);
#5039=ORIENTED_EDGE('',*,*,#3769,.T.);
#5040=ORIENTED_EDGE('',*,*,#3770,.T.);
#5041=ORIENTED_EDGE('',*,*,#3766,.F.);
#5042=ORIENTED_EDGE('',*,*,#3771,.F.);
#5043=ORIENTED_EDGE('',*,*,#3772,.T.);
#5044=ORIENTED_EDGE('',*,*,#3773,.T.);
#5045=ORIENTED_EDGE('',*,*,#3769,.F.);
#5046=ORIENTED_EDGE('',*,*,#3774,.F.);
#5047=ORIENTED_EDGE('',*,*,#3775,.T.);
#5048=ORIENTED_EDGE('',*,*,#3776,.T.);
#5049=ORIENTED_EDGE('',*,*,#3772,.F.);
#5050=ORIENTED_EDGE('',*,*,#3777,.F.);
#5051=ORIENTED_EDGE('',*,*,#3778,.T.);
#5052=ORIENTED_EDGE('',*,*,#3779,.T.);
#5053=ORIENTED_EDGE('',*,*,#3775,.F.);
#5054=ORIENTED_EDGE('',*,*,#3780,.F.);
#5055=ORIENTED_EDGE('',*,*,#3707,.T.);
#5056=ORIENTED_EDGE('',*,*,#3781,.T.);
#5057=ORIENTED_EDGE('',*,*,#3778,.F.);
#5058=ORIENTED_EDGE('',*,*,#3781,.F.);
#5059=ORIENTED_EDGE('',*,*,#3706,.F.);
#5060=ORIENTED_EDGE('',*,*,#3710,.F.);
#5061=ORIENTED_EDGE('',*,*,#3713,.F.);
#5062=ORIENTED_EDGE('',*,*,#3716,.F.);
#5063=ORIENTED_EDGE('',*,*,#3719,.F.);
#5064=ORIENTED_EDGE('',*,*,#3722,.F.);
#5065=ORIENTED_EDGE('',*,*,#3725,.F.);
#5066=ORIENTED_EDGE('',*,*,#3728,.F.);
#5067=ORIENTED_EDGE('',*,*,#3731,.F.);
#5068=ORIENTED_EDGE('',*,*,#3734,.F.);
#5069=ORIENTED_EDGE('',*,*,#3737,.F.);
#5070=ORIENTED_EDGE('',*,*,#3740,.F.);
#5071=ORIENTED_EDGE('',*,*,#3743,.F.);
#5072=ORIENTED_EDGE('',*,*,#3746,.F.);
#5073=ORIENTED_EDGE('',*,*,#3749,.F.);
#5074=ORIENTED_EDGE('',*,*,#3752,.F.);
#5075=ORIENTED_EDGE('',*,*,#3755,.F.);
#5076=ORIENTED_EDGE('',*,*,#3758,.F.);
#5077=ORIENTED_EDGE('',*,*,#3761,.F.);
#5078=ORIENTED_EDGE('',*,*,#3764,.F.);
#5079=ORIENTED_EDGE('',*,*,#3767,.F.);
#5080=ORIENTED_EDGE('',*,*,#3770,.F.);
#5081=ORIENTED_EDGE('',*,*,#3773,.F.);
#5082=ORIENTED_EDGE('',*,*,#3776,.F.);
#5083=ORIENTED_EDGE('',*,*,#3779,.F.);
#5084=ORIENTED_EDGE('',*,*,#3782,.F.);
#5085=ORIENTED_EDGE('',*,*,#3783,.T.);
#5086=ORIENTED_EDGE('',*,*,#3784,.T.);
#5087=ORIENTED_EDGE('',*,*,#3785,.F.);
#5088=ORIENTED_EDGE('',*,*,#3786,.F.);
#5089=ORIENTED_EDGE('',*,*,#3787,.T.);
#5090=ORIENTED_EDGE('',*,*,#3788,.T.);
#5091=ORIENTED_EDGE('',*,*,#3783,.F.);
#5092=ORIENTED_EDGE('',*,*,#3789,.F.);
#5093=ORIENTED_EDGE('',*,*,#3790,.T.);
#5094=ORIENTED_EDGE('',*,*,#3791,.T.);
#5095=ORIENTED_EDGE('',*,*,#3787,.F.);
#5096=ORIENTED_EDGE('',*,*,#3792,.F.);
#5097=ORIENTED_EDGE('',*,*,#3793,.T.);
#5098=ORIENTED_EDGE('',*,*,#3794,.T.);
#5099=ORIENTED_EDGE('',*,*,#3790,.F.);
#5100=ORIENTED_EDGE('',*,*,#3795,.F.);
#5101=ORIENTED_EDGE('',*,*,#3796,.T.);
#5102=ORIENTED_EDGE('',*,*,#3797,.T.);
#5103=ORIENTED_EDGE('',*,*,#3793,.F.);
#5104=ORIENTED_EDGE('',*,*,#3798,.F.);
#5105=ORIENTED_EDGE('',*,*,#3785,.T.);
#5106=ORIENTED_EDGE('',*,*,#3799,.T.);
#5107=ORIENTED_EDGE('',*,*,#3796,.F.);
#5108=ORIENTED_EDGE('',*,*,#3799,.F.);
#5109=ORIENTED_EDGE('',*,*,#3784,.F.);
#5110=ORIENTED_EDGE('',*,*,#3788,.F.);
#5111=ORIENTED_EDGE('',*,*,#3791,.F.);
#5112=ORIENTED_EDGE('',*,*,#3794,.F.);
#5113=ORIENTED_EDGE('',*,*,#3797,.F.);
#5114=ORIENTED_EDGE('',*,*,#3800,.F.);
#5115=ORIENTED_EDGE('',*,*,#3801,.T.);
#5116=ORIENTED_EDGE('',*,*,#3802,.F.);
#5117=ORIENTED_EDGE('',*,*,#3803,.T.);
#5118=ORIENTED_EDGE('',*,*,#3782,.T.);
#5119=ORIENTED_EDGE('',*,*,#3798,.T.);
#5120=ORIENTED_EDGE('',*,*,#3795,.T.);
#5121=ORIENTED_EDGE('',*,*,#3792,.T.);
#5122=ORIENTED_EDGE('',*,*,#3789,.T.);
#5123=ORIENTED_EDGE('',*,*,#3786,.T.);
#5124=ORIENTED_EDGE('',*,*,#3704,.T.);
#5125=ORIENTED_EDGE('',*,*,#3780,.T.);
#5126=ORIENTED_EDGE('',*,*,#3777,.T.);
#5127=ORIENTED_EDGE('',*,*,#3774,.T.);
#5128=ORIENTED_EDGE('',*,*,#3771,.T.);
#5129=ORIENTED_EDGE('',*,*,#3768,.T.);
#5130=ORIENTED_EDGE('',*,*,#3765,.T.);
#5131=ORIENTED_EDGE('',*,*,#3762,.T.);
#5132=ORIENTED_EDGE('',*,*,#3759,.T.);
#5133=ORIENTED_EDGE('',*,*,#3756,.T.);
#5134=ORIENTED_EDGE('',*,*,#3753,.T.);
#5135=ORIENTED_EDGE('',*,*,#3750,.T.);
#5136=ORIENTED_EDGE('',*,*,#3747,.T.);
#5137=ORIENTED_EDGE('',*,*,#3744,.T.);
#5138=ORIENTED_EDGE('',*,*,#3741,.T.);
#5139=ORIENTED_EDGE('',*,*,#3738,.T.);
#5140=ORIENTED_EDGE('',*,*,#3735,.T.);
#5141=ORIENTED_EDGE('',*,*,#3732,.T.);
#5142=ORIENTED_EDGE('',*,*,#3729,.T.);
#5143=ORIENTED_EDGE('',*,*,#3726,.T.);
#5144=ORIENTED_EDGE('',*,*,#3723,.T.);
#5145=ORIENTED_EDGE('',*,*,#3720,.T.);
#5146=ORIENTED_EDGE('',*,*,#3717,.T.);
#5147=ORIENTED_EDGE('',*,*,#3714,.T.);
#5148=ORIENTED_EDGE('',*,*,#3711,.T.);
#5149=ORIENTED_EDGE('',*,*,#3708,.T.);
#5150=ORIENTED_EDGE('',*,*,#3632,.T.);
#5151=ORIENTED_EDGE('',*,*,#3702,.T.);
#5152=ORIENTED_EDGE('',*,*,#3699,.T.);
#5153=ORIENTED_EDGE('',*,*,#3696,.T.);
#5154=ORIENTED_EDGE('',*,*,#3693,.T.);
#5155=ORIENTED_EDGE('',*,*,#3690,.T.);
#5156=ORIENTED_EDGE('',*,*,#3687,.T.);
#5157=ORIENTED_EDGE('',*,*,#3684,.T.);
#5158=ORIENTED_EDGE('',*,*,#3681,.T.);
#5159=ORIENTED_EDGE('',*,*,#3678,.T.);
#5160=ORIENTED_EDGE('',*,*,#3675,.T.);
#5161=ORIENTED_EDGE('',*,*,#3672,.T.);
#5162=ORIENTED_EDGE('',*,*,#3669,.T.);
#5163=ORIENTED_EDGE('',*,*,#3666,.T.);
#5164=ORIENTED_EDGE('',*,*,#3663,.T.);
#5165=ORIENTED_EDGE('',*,*,#3660,.T.);
#5166=ORIENTED_EDGE('',*,*,#3657,.T.);
#5167=ORIENTED_EDGE('',*,*,#3654,.T.);
#5168=ORIENTED_EDGE('',*,*,#3651,.T.);
#5169=ORIENTED_EDGE('',*,*,#3648,.T.);
#5170=ORIENTED_EDGE('',*,*,#3645,.T.);
#5171=ORIENTED_EDGE('',*,*,#3642,.T.);
#5172=ORIENTED_EDGE('',*,*,#3639,.T.);
#5173=ORIENTED_EDGE('',*,*,#3636,.T.);
#5174=ORIENTED_EDGE('',*,*,#3566,.T.);
#5175=ORIENTED_EDGE('',*,*,#3630,.T.);
#5176=ORIENTED_EDGE('',*,*,#3627,.T.);
#5177=ORIENTED_EDGE('',*,*,#3624,.T.);
#5178=ORIENTED_EDGE('',*,*,#3621,.T.);
#5179=ORIENTED_EDGE('',*,*,#3618,.T.);
#5180=ORIENTED_EDGE('',*,*,#3615,.T.);
#5181=ORIENTED_EDGE('',*,*,#3612,.T.);
#5182=ORIENTED_EDGE('',*,*,#3609,.T.);
#5183=ORIENTED_EDGE('',*,*,#3606,.T.);
#5184=ORIENTED_EDGE('',*,*,#3603,.T.);
#5185=ORIENTED_EDGE('',*,*,#3600,.T.);
#5186=ORIENTED_EDGE('',*,*,#3597,.T.);
#5187=ORIENTED_EDGE('',*,*,#3594,.T.);
#5188=ORIENTED_EDGE('',*,*,#3591,.T.);
#5189=ORIENTED_EDGE('',*,*,#3588,.T.);
#5190=ORIENTED_EDGE('',*,*,#3585,.T.);
#5191=ORIENTED_EDGE('',*,*,#3582,.T.);
#5192=ORIENTED_EDGE('',*,*,#3579,.T.);
#5193=ORIENTED_EDGE('',*,*,#3576,.T.);
#5194=ORIENTED_EDGE('',*,*,#3573,.T.);
#5195=ORIENTED_EDGE('',*,*,#3570,.T.);
#5196=ORIENTED_EDGE('',*,*,#3458,.T.);
#5197=ORIENTED_EDGE('',*,*,#3522,.T.);
#5198=ORIENTED_EDGE('',*,*,#3519,.T.);
#5199=ORIENTED_EDGE('',*,*,#3516,.T.);
#5200=ORIENTED_EDGE('',*,*,#3513,.T.);
#5201=ORIENTED_EDGE('',*,*,#3510,.T.);
#5202=ORIENTED_EDGE('',*,*,#3507,.T.);
#5203=ORIENTED_EDGE('',*,*,#3504,.T.);
#5204=ORIENTED_EDGE('',*,*,#3501,.T.);
#5205=ORIENTED_EDGE('',*,*,#3498,.T.);
#5206=ORIENTED_EDGE('',*,*,#3495,.T.);
#5207=ORIENTED_EDGE('',*,*,#3492,.T.);
#5208=ORIENTED_EDGE('',*,*,#3489,.T.);
#5209=ORIENTED_EDGE('',*,*,#3486,.T.);
#5210=ORIENTED_EDGE('',*,*,#3483,.T.);
#5211=ORIENTED_EDGE('',*,*,#3480,.T.);
#5212=ORIENTED_EDGE('',*,*,#3477,.T.);
#5213=ORIENTED_EDGE('',*,*,#3474,.T.);
#5214=ORIENTED_EDGE('',*,*,#3471,.T.);
#5215=ORIENTED_EDGE('',*,*,#3468,.T.);
#5216=ORIENTED_EDGE('',*,*,#3465,.T.);
#5217=ORIENTED_EDGE('',*,*,#3462,.T.);
#5218=ORIENTED_EDGE('',*,*,#3377,.T.);
#5219=ORIENTED_EDGE('',*,*,#3414,.T.);
#5220=ORIENTED_EDGE('',*,*,#3411,.T.);
#5221=ORIENTED_EDGE('',*,*,#3408,.T.);
#5222=ORIENTED_EDGE('',*,*,#3405,.T.);
#5223=ORIENTED_EDGE('',*,*,#3402,.T.);
#5224=ORIENTED_EDGE('',*,*,#3399,.T.);
#5225=ORIENTED_EDGE('',*,*,#3396,.T.);
#5226=ORIENTED_EDGE('',*,*,#3393,.T.);
#5227=ORIENTED_EDGE('',*,*,#3390,.T.);
#5228=ORIENTED_EDGE('',*,*,#3387,.T.);
#5229=ORIENTED_EDGE('',*,*,#3384,.T.);
#5230=ORIENTED_EDGE('',*,*,#3381,.T.);
#5231=ORIENTED_EDGE('',*,*,#3524,.T.);
#5232=ORIENTED_EDGE('',*,*,#3564,.T.);
#5233=ORIENTED_EDGE('',*,*,#3561,.T.);
#5234=ORIENTED_EDGE('',*,*,#3558,.T.);
#5235=ORIENTED_EDGE('',*,*,#3555,.T.);
#5236=ORIENTED_EDGE('',*,*,#3552,.T.);
#5237=ORIENTED_EDGE('',*,*,#3549,.T.);
#5238=ORIENTED_EDGE('',*,*,#3546,.T.);
#5239=ORIENTED_EDGE('',*,*,#3543,.T.);
#5240=ORIENTED_EDGE('',*,*,#3540,.T.);
#5241=ORIENTED_EDGE('',*,*,#3537,.T.);
#5242=ORIENTED_EDGE('',*,*,#3534,.T.);
#5243=ORIENTED_EDGE('',*,*,#3531,.T.);
#5244=ORIENTED_EDGE('',*,*,#3528,.T.);
#5245=ORIENTED_EDGE('',*,*,#3416,.T.);
#5246=ORIENTED_EDGE('',*,*,#3456,.T.);
#5247=ORIENTED_EDGE('',*,*,#3453,.T.);
#5248=ORIENTED_EDGE('',*,*,#3450,.T.);
#5249=ORIENTED_EDGE('',*,*,#3447,.T.);
#5250=ORIENTED_EDGE('',*,*,#3444,.T.);
#5251=ORIENTED_EDGE('',*,*,#3441,.T.);
#5252=ORIENTED_EDGE('',*,*,#3438,.T.);
#5253=ORIENTED_EDGE('',*,*,#3435,.T.);
#5254=ORIENTED_EDGE('',*,*,#3432,.T.);
#5255=ORIENTED_EDGE('',*,*,#3429,.T.);
#5256=ORIENTED_EDGE('',*,*,#3426,.T.);
#5257=ORIENTED_EDGE('',*,*,#3423,.T.);
#5258=ORIENTED_EDGE('',*,*,#3420,.T.);
#5259=ORIENTED_EDGE('',*,*,#3804,.T.);
#5260=ORIENTED_EDGE('',*,*,#3805,.T.);
#5261=ORIENTED_EDGE('',*,*,#3806,.T.);
#5262=ORIENTED_EDGE('',*,*,#3807,.T.);
#5263=ORIENTED_EDGE('',*,*,#3808,.T.);
#5264=ORIENTED_EDGE('',*,*,#3809,.T.);
#5265=ORIENTED_EDGE('',*,*,#3810,.T.);
#5266=ORIENTED_EDGE('',*,*,#3805,.F.);
#5267=ORIENTED_EDGE('',*,*,#3811,.T.);
#5268=ORIENTED_EDGE('',*,*,#3812,.T.);
#5269=ORIENTED_EDGE('',*,*,#3813,.T.);
#5270=ORIENTED_EDGE('',*,*,#3807,.F.);
#5271=ORIENTED_EDGE('',*,*,#3810,.F.);
#5272=ORIENTED_EDGE('',*,*,#3814,.F.);
#5273=ORIENTED_EDGE('',*,*,#3815,.F.);
#5274=ORIENTED_EDGE('',*,*,#3816,.T.);
#5275=ORIENTED_EDGE('',*,*,#3809,.F.);
#5276=ORIENTED_EDGE('',*,*,#3817,.T.);
#5277=ORIENTED_EDGE('',*,*,#3818,.T.);
#5278=ORIENTED_EDGE('',*,*,#3819,.T.);
#5279=ORIENTED_EDGE('',*,*,#3820,.T.);
#5280=ORIENTED_EDGE('',*,*,#3808,.F.);
#5281=ORIENTED_EDGE('',*,*,#3804,.F.);
#5282=ORIENTED_EDGE('',*,*,#3813,.F.);
#5283=ORIENTED_EDGE('',*,*,#3821,.F.);
#5284=ORIENTED_EDGE('',*,*,#3822,.F.);
#5285=ORIENTED_EDGE('',*,*,#3817,.F.);
#5286=ORIENTED_EDGE('',*,*,#3823,.T.);
#5287=ORIENTED_EDGE('',*,*,#3824,.T.);
#5288=ORIENTED_EDGE('',*,*,#3825,.T.);
#5289=ORIENTED_EDGE('',*,*,#3826,.T.);
#5290=ORIENTED_EDGE('',*,*,#3827,.T.);
#5291=ORIENTED_EDGE('',*,*,#3815,.T.);
#5292=ORIENTED_EDGE('',*,*,#3828,.T.);
#5293=ORIENTED_EDGE('',*,*,#3829,.T.);
#5294=ORIENTED_EDGE('',*,*,#3825,.F.);
#5295=ORIENTED_EDGE('',*,*,#3830,.T.);
#5296=ORIENTED_EDGE('',*,*,#3831,.T.);
#5297=ORIENTED_EDGE('',*,*,#3832,.T.);
#5298=ORIENTED_EDGE('',*,*,#3827,.F.);
#5299=ORIENTED_EDGE('',*,*,#3806,.F.);
#5300=ORIENTED_EDGE('',*,*,#3816,.F.);
#5301=ORIENTED_EDGE('',*,*,#3824,.F.);
#5302=ORIENTED_EDGE('',*,*,#3833,.F.);
#5303=ORIENTED_EDGE('',*,*,#3811,.F.);
#5304=ORIENTED_EDGE('',*,*,#3833,.T.);
#5305=ORIENTED_EDGE('',*,*,#3832,.F.);
#5306=ORIENTED_EDGE('',*,*,#3834,.T.);
#5307=ORIENTED_EDGE('',*,*,#3831,.F.);
#5308=ORIENTED_EDGE('',*,*,#3835,.T.);
#5309=ORIENTED_EDGE('',*,*,#3836,.F.);
#5310=ORIENTED_EDGE('',*,*,#3837,.T.);
#5311=ORIENTED_EDGE('',*,*,#3838,.T.);
#5312=ORIENTED_EDGE('',*,*,#3836,.T.);
#5313=ORIENTED_EDGE('',*,*,#3839,.T.);
#5314=ORIENTED_EDGE('',*,*,#3840,.T.);
#5315=ORIENTED_EDGE('',*,*,#3841,.T.);
#5316=ORIENTED_EDGE('',*,*,#3842,.T.);
#5317=ORIENTED_EDGE('',*,*,#3843,.T.);
#5318=ORIENTED_EDGE('',*,*,#3840,.F.);
#5319=ORIENTED_EDGE('',*,*,#3844,.T.);
#5320=ORIENTED_EDGE('',*,*,#3845,.T.);
#5321=ORIENTED_EDGE('',*,*,#3846,.T.);
#5322=ORIENTED_EDGE('',*,*,#3842,.F.);
#5323=ORIENTED_EDGE('',*,*,#3838,.F.);
#5324=ORIENTED_EDGE('',*,*,#3847,.T.);
#5325=ORIENTED_EDGE('',*,*,#3848,.T.);
#5326=ORIENTED_EDGE('',*,*,#3849,.F.);
#5327=ORIENTED_EDGE('',*,*,#3850,.T.);
#5328=ORIENTED_EDGE('',*,*,#3843,.F.);
#5329=ORIENTED_EDGE('',*,*,#3851,.F.);
#5330=ORIENTED_EDGE('',*,*,#3852,.F.);
#5331=ORIENTED_EDGE('',*,*,#3847,.F.);
#5332=ORIENTED_EDGE('',*,*,#3846,.F.);
#5333=ORIENTED_EDGE('',*,*,#3853,.T.);
#5334=ORIENTED_EDGE('',*,*,#3854,.F.);
#5335=ORIENTED_EDGE('',*,*,#3855,.T.);
#5336=ORIENTED_EDGE('',*,*,#3851,.T.);
#5337=ORIENTED_EDGE('',*,*,#3828,.F.);
#5338=ORIENTED_EDGE('',*,*,#3856,.T.);
#5339=ORIENTED_EDGE('',*,*,#3845,.F.);
#5340=ORIENTED_EDGE('',*,*,#3857,.T.);
#5341=ORIENTED_EDGE('',*,*,#3837,.F.);
#5342=ORIENTED_EDGE('',*,*,#3850,.F.);
#5343=ORIENTED_EDGE('',*,*,#3858,.F.);
#5344=ORIENTED_EDGE('',*,*,#3859,.F.);
#5345=ORIENTED_EDGE('',*,*,#3860,.F.);
#5346=ORIENTED_EDGE('',*,*,#3861,.F.);
#5347=ORIENTED_EDGE('',*,*,#3862,.F.);
#5348=ORIENTED_EDGE('',*,*,#3863,.F.);
#5349=ORIENTED_EDGE('',*,*,#3864,.F.);
#5350=ORIENTED_EDGE('',*,*,#3865,.F.);
#5351=ORIENTED_EDGE('',*,*,#3866,.F.);
#5352=ORIENTED_EDGE('',*,*,#3867,.F.);
#5353=ORIENTED_EDGE('',*,*,#3868,.F.);
#5354=ORIENTED_EDGE('',*,*,#3869,.F.);
#5355=ORIENTED_EDGE('',*,*,#3870,.F.);
#5356=ORIENTED_EDGE('',*,*,#3871,.F.);
#5357=ORIENTED_EDGE('',*,*,#3872,.F.);
#5358=ORIENTED_EDGE('',*,*,#3873,.F.);
#5359=ORIENTED_EDGE('',*,*,#3874,.F.);
#5360=ORIENTED_EDGE('',*,*,#3875,.F.);
#5361=ORIENTED_EDGE('',*,*,#3876,.F.);
#5362=ORIENTED_EDGE('',*,*,#3877,.F.);
#5363=ORIENTED_EDGE('',*,*,#3878,.F.);
#5364=ORIENTED_EDGE('',*,*,#3879,.F.);
#5365=ORIENTED_EDGE('',*,*,#3880,.F.);
#5366=ORIENTED_EDGE('',*,*,#3881,.F.);
#5367=ORIENTED_EDGE('',*,*,#3882,.F.);
#5368=ORIENTED_EDGE('',*,*,#3883,.F.);
#5369=ORIENTED_EDGE('',*,*,#3884,.F.);
#5370=ORIENTED_EDGE('',*,*,#3885,.F.);
#5371=ORIENTED_EDGE('',*,*,#3886,.F.);
#5372=ORIENTED_EDGE('',*,*,#3887,.F.);
#5373=ORIENTED_EDGE('',*,*,#3888,.F.);
#5374=ORIENTED_EDGE('',*,*,#3889,.F.);
#5375=ORIENTED_EDGE('',*,*,#3890,.F.);
#5376=ORIENTED_EDGE('',*,*,#3891,.F.);
#5377=ORIENTED_EDGE('',*,*,#3892,.F.);
#5378=ORIENTED_EDGE('',*,*,#3893,.F.);
#5379=ORIENTED_EDGE('',*,*,#3894,.F.);
#5380=ORIENTED_EDGE('',*,*,#3895,.F.);
#5381=ORIENTED_EDGE('',*,*,#3896,.F.);
#5382=ORIENTED_EDGE('',*,*,#3897,.F.);
#5383=ORIENTED_EDGE('',*,*,#3898,.F.);
#5384=ORIENTED_EDGE('',*,*,#3834,.F.);
#5385=ORIENTED_EDGE('',*,*,#3899,.F.);
#5386=ORIENTED_EDGE('',*,*,#3900,.F.);
#5387=ORIENTED_EDGE('',*,*,#3901,.F.);
#5388=ORIENTED_EDGE('',*,*,#3902,.F.);
#5389=ORIENTED_EDGE('',*,*,#3903,.F.);
#5390=ORIENTED_EDGE('',*,*,#3904,.F.);
#5391=ORIENTED_EDGE('',*,*,#3905,.F.);
#5392=ORIENTED_EDGE('',*,*,#3906,.F.);
#5393=ORIENTED_EDGE('',*,*,#3907,.F.);
#5394=ORIENTED_EDGE('',*,*,#3908,.F.);
#5395=ORIENTED_EDGE('',*,*,#3909,.F.);
#5396=ORIENTED_EDGE('',*,*,#3910,.F.);
#5397=ORIENTED_EDGE('',*,*,#3911,.F.);
#5398=ORIENTED_EDGE('',*,*,#3912,.F.);
#5399=ORIENTED_EDGE('',*,*,#3913,.F.);
#5400=ORIENTED_EDGE('',*,*,#3914,.F.);
#5401=ORIENTED_EDGE('',*,*,#3915,.F.);
#5402=ORIENTED_EDGE('',*,*,#3916,.F.);
#5403=ORIENTED_EDGE('',*,*,#3917,.F.);
#5404=ORIENTED_EDGE('',*,*,#3858,.T.);
#5405=ORIENTED_EDGE('',*,*,#3849,.T.);
#5406=ORIENTED_EDGE('',*,*,#3918,.T.);
#5407=ORIENTED_EDGE('',*,*,#3919,.F.);
#5408=ORIENTED_EDGE('',*,*,#3920,.T.);
#5409=ORIENTED_EDGE('',*,*,#3921,.T.);
#5410=ORIENTED_EDGE('',*,*,#3922,.T.);
#5411=ORIENTED_EDGE('',*,*,#3854,.T.);
#5412=ORIENTED_EDGE('',*,*,#3920,.F.);
#5413=ORIENTED_EDGE('',*,*,#3853,.F.);
#5414=ORIENTED_EDGE('',*,*,#3856,.F.);
#5415=ORIENTED_EDGE('',*,*,#3814,.T.);
#5416=ORIENTED_EDGE('',*,*,#3820,.F.);
#5417=ORIENTED_EDGE('',*,*,#3923,.F.);
#5418=ORIENTED_EDGE('',*,*,#3924,.F.);
#5419=ORIENTED_EDGE('',*,*,#3925,.F.);
#5420=ORIENTED_EDGE('',*,*,#3926,.F.);
#5421=ORIENTED_EDGE('',*,*,#3927,.F.);
#5422=ORIENTED_EDGE('',*,*,#3928,.F.);
#5423=ORIENTED_EDGE('',*,*,#3929,.F.);
#5424=ORIENTED_EDGE('',*,*,#3930,.F.);
#5425=ORIENTED_EDGE('',*,*,#3931,.F.);
#5426=ORIENTED_EDGE('',*,*,#3932,.F.);
#5427=ORIENTED_EDGE('',*,*,#3933,.F.);
#5428=ORIENTED_EDGE('',*,*,#3934,.F.);
#5429=ORIENTED_EDGE('',*,*,#3935,.F.);
#5430=ORIENTED_EDGE('',*,*,#3936,.F.);
#5431=ORIENTED_EDGE('',*,*,#3937,.F.);
#5432=ORIENTED_EDGE('',*,*,#3938,.F.);
#5433=ORIENTED_EDGE('',*,*,#3939,.F.);
#5434=ORIENTED_EDGE('',*,*,#3940,.F.);
#5435=ORIENTED_EDGE('',*,*,#3941,.F.);
#5436=ORIENTED_EDGE('',*,*,#3942,.F.);
#5437=ORIENTED_EDGE('',*,*,#3943,.F.);
#5438=ORIENTED_EDGE('',*,*,#3944,.F.);
#5439=ORIENTED_EDGE('',*,*,#3945,.F.);
#5440=ORIENTED_EDGE('',*,*,#3946,.F.);
#5441=ORIENTED_EDGE('',*,*,#3947,.F.);
#5442=ORIENTED_EDGE('',*,*,#3948,.F.);
#5443=ORIENTED_EDGE('',*,*,#3949,.F.);
#5444=ORIENTED_EDGE('',*,*,#3950,.F.);
#5445=ORIENTED_EDGE('',*,*,#3951,.F.);
#5446=ORIENTED_EDGE('',*,*,#3952,.F.);
#5447=ORIENTED_EDGE('',*,*,#3953,.F.);
#5448=ORIENTED_EDGE('',*,*,#3954,.F.);
#5449=ORIENTED_EDGE('',*,*,#3955,.F.);
#5450=ORIENTED_EDGE('',*,*,#3956,.F.);
#5451=ORIENTED_EDGE('',*,*,#3957,.F.);
#5452=ORIENTED_EDGE('',*,*,#3958,.F.);
#5453=ORIENTED_EDGE('',*,*,#3959,.F.);
#5454=ORIENTED_EDGE('',*,*,#3960,.F.);
#5455=ORIENTED_EDGE('',*,*,#3961,.F.);
#5456=ORIENTED_EDGE('',*,*,#3962,.F.);
#5457=ORIENTED_EDGE('',*,*,#3963,.F.);
#5458=ORIENTED_EDGE('',*,*,#3964,.F.);
#5459=ORIENTED_EDGE('',*,*,#3965,.F.);
#5460=ORIENTED_EDGE('',*,*,#3966,.F.);
#5461=ORIENTED_EDGE('',*,*,#3967,.F.);
#5462=ORIENTED_EDGE('',*,*,#3968,.F.);
#5463=ORIENTED_EDGE('',*,*,#3969,.F.);
#5464=ORIENTED_EDGE('',*,*,#3970,.F.);
#5465=ORIENTED_EDGE('',*,*,#3971,.F.);
#5466=ORIENTED_EDGE('',*,*,#3972,.F.);
#5467=ORIENTED_EDGE('',*,*,#3973,.F.);
#5468=ORIENTED_EDGE('',*,*,#3974,.F.);
#5469=ORIENTED_EDGE('',*,*,#3975,.F.);
#5470=ORIENTED_EDGE('',*,*,#3976,.F.);
#5471=ORIENTED_EDGE('',*,*,#3977,.F.);
#5472=ORIENTED_EDGE('',*,*,#3978,.F.);
#5473=ORIENTED_EDGE('',*,*,#3979,.F.);
#5474=ORIENTED_EDGE('',*,*,#3980,.F.);
#5475=ORIENTED_EDGE('',*,*,#3812,.F.);
#5476=ORIENTED_EDGE('',*,*,#3898,.T.);
#5477=ORIENTED_EDGE('',*,*,#3981,.T.);
#5478=ORIENTED_EDGE('',*,*,#3821,.T.);
#5479=ORIENTED_EDGE('',*,*,#3982,.T.);
#5480=ORIENTED_EDGE('',*,*,#3983,.T.);
#5481=ORIENTED_EDGE('',*,*,#3984,.T.);
#5482=ORIENTED_EDGE('',*,*,#3932,.T.);
#5483=ORIENTED_EDGE('',*,*,#3985,.T.);
#5484=ORIENTED_EDGE('',*,*,#3931,.T.);
#5485=ORIENTED_EDGE('',*,*,#3986,.T.);
#5486=ORIENTED_EDGE('',*,*,#3987,.T.);
#5487=ORIENTED_EDGE('',*,*,#3985,.F.);
#5488=ORIENTED_EDGE('',*,*,#3930,.T.);
#5489=ORIENTED_EDGE('',*,*,#3988,.T.);
#5490=ORIENTED_EDGE('',*,*,#3989,.T.);
#5491=ORIENTED_EDGE('',*,*,#3986,.F.);
#5492=ORIENTED_EDGE('',*,*,#3929,.T.);
#5493=ORIENTED_EDGE('',*,*,#3990,.T.);
#5494=ORIENTED_EDGE('',*,*,#3991,.T.);
#5495=ORIENTED_EDGE('',*,*,#3988,.F.);
#5496=ORIENTED_EDGE('',*,*,#3926,.T.);
#5497=ORIENTED_EDGE('',*,*,#3992,.T.);
#5498=ORIENTED_EDGE('',*,*,#3993,.T.);
#5499=ORIENTED_EDGE('',*,*,#3994,.T.);
#5500=ORIENTED_EDGE('',*,*,#3925,.T.);
#5501=ORIENTED_EDGE('',*,*,#3995,.T.);
#5502=ORIENTED_EDGE('',*,*,#3996,.T.);
#5503=ORIENTED_EDGE('',*,*,#3992,.F.);
#5504=ORIENTED_EDGE('',*,*,#3924,.T.);
#5505=ORIENTED_EDGE('',*,*,#3997,.T.);
#5506=ORIENTED_EDGE('',*,*,#3998,.T.);
#5507=ORIENTED_EDGE('',*,*,#3999,.T.);
#5508=ORIENTED_EDGE('',*,*,#3995,.F.);
#5509=ORIENTED_EDGE('',*,*,#4000,.T.);
#5510=ORIENTED_EDGE('',*,*,#4001,.T.);
#5511=ORIENTED_EDGE('',*,*,#3960,.T.);
#5512=ORIENTED_EDGE('',*,*,#4002,.T.);
#5513=ORIENTED_EDGE('',*,*,#4003,.T.);
#5514=ORIENTED_EDGE('',*,*,#3921,.F.);
#5515=ORIENTED_EDGE('',*,*,#3961,.T.);
#5516=ORIENTED_EDGE('',*,*,#4001,.F.);
#5517=ORIENTED_EDGE('',*,*,#3923,.T.);
#5518=ORIENTED_EDGE('',*,*,#3819,.F.);
#5519=ORIENTED_EDGE('',*,*,#4004,.F.);
#5520=ORIENTED_EDGE('',*,*,#3997,.F.);
#5521=ORIENTED_EDGE('',*,*,#4005,.T.);
#5522=ORIENTED_EDGE('',*,*,#4002,.F.);
#5523=ORIENTED_EDGE('',*,*,#3959,.T.);
#5524=ORIENTED_EDGE('',*,*,#4006,.T.);
#5525=ORIENTED_EDGE('',*,*,#4007,.T.);
#5526=ORIENTED_EDGE('',*,*,#4006,.F.);
#5527=ORIENTED_EDGE('',*,*,#3958,.T.);
#5528=ORIENTED_EDGE('',*,*,#4008,.T.);
#5529=ORIENTED_EDGE('',*,*,#3957,.T.);
#5530=ORIENTED_EDGE('',*,*,#4009,.T.);
#5531=ORIENTED_EDGE('',*,*,#4010,.T.);
#5532=ORIENTED_EDGE('',*,*,#4011,.T.);
#5533=ORIENTED_EDGE('',*,*,#4008,.F.);
#5534=ORIENTED_EDGE('',*,*,#3927,.T.);
#5535=ORIENTED_EDGE('',*,*,#3994,.F.);
#5536=ORIENTED_EDGE('',*,*,#4012,.T.);
#5537=ORIENTED_EDGE('',*,*,#4013,.T.);
#5538=ORIENTED_EDGE('',*,*,#3928,.T.);
#5539=ORIENTED_EDGE('',*,*,#4013,.F.);
#5540=ORIENTED_EDGE('',*,*,#4014,.T.);
#5541=ORIENTED_EDGE('',*,*,#3990,.F.);
#5542=ORIENTED_EDGE('',*,*,#3991,.F.);
#5543=ORIENTED_EDGE('',*,*,#4015,.T.);
#5544=ORIENTED_EDGE('',*,*,#4016,.F.);
#5545=ORIENTED_EDGE('',*,*,#4017,.T.);
#5546=ORIENTED_EDGE('',*,*,#4018,.F.);
#5547=ORIENTED_EDGE('',*,*,#4014,.F.);
#5548=ORIENTED_EDGE('',*,*,#4019,.F.);
#5549=ORIENTED_EDGE('',*,*,#4020,.F.);
#5550=ORIENTED_EDGE('',*,*,#4021,.F.);
#5551=ORIENTED_EDGE('',*,*,#4022,.F.);
#5552=ORIENTED_EDGE('',*,*,#4015,.F.);
#5553=ORIENTED_EDGE('',*,*,#4012,.F.);
#5554=ORIENTED_EDGE('',*,*,#4023,.T.);
#5555=ORIENTED_EDGE('',*,*,#4024,.F.);
#5556=ORIENTED_EDGE('',*,*,#4019,.T.);
#5557=ORIENTED_EDGE('',*,*,#3993,.F.);
#5558=ORIENTED_EDGE('',*,*,#4025,.F.);
#5559=ORIENTED_EDGE('',*,*,#4026,.F.);
#5560=ORIENTED_EDGE('',*,*,#4023,.F.);
#5561=ORIENTED_EDGE('',*,*,#3996,.F.);
#5562=ORIENTED_EDGE('',*,*,#4027,.T.);
#5563=ORIENTED_EDGE('',*,*,#4028,.F.);
#5564=ORIENTED_EDGE('',*,*,#4025,.T.);
#5565=ORIENTED_EDGE('',*,*,#3999,.F.);
#5566=ORIENTED_EDGE('',*,*,#4029,.T.);
#5567=ORIENTED_EDGE('',*,*,#4030,.F.);
#5568=ORIENTED_EDGE('',*,*,#4027,.F.);
#5569=ORIENTED_EDGE('',*,*,#4031,.T.);
#5570=ORIENTED_EDGE('',*,*,#4004,.T.);
#5571=ORIENTED_EDGE('',*,*,#3818,.F.);
#5572=ORIENTED_EDGE('',*,*,#4032,.T.);
#5573=ORIENTED_EDGE('',*,*,#3998,.F.);
#5574=ORIENTED_EDGE('',*,*,#3829,.F.);
#5575=ORIENTED_EDGE('',*,*,#3857,.F.);
#5576=ORIENTED_EDGE('',*,*,#3844,.F.);
#5577=ORIENTED_EDGE('',*,*,#3841,.F.);
#5578=ORIENTED_EDGE('',*,*,#3839,.F.);
#5579=ORIENTED_EDGE('',*,*,#3835,.F.);
#5580=ORIENTED_EDGE('',*,*,#3830,.F.);
#5581=ORIENTED_EDGE('',*,*,#3826,.F.);
#5582=ORIENTED_EDGE('',*,*,#4033,.T.);
#5583=ORIENTED_EDGE('',*,*,#4034,.T.);
#5584=ORIENTED_EDGE('',*,*,#3922,.F.);
#5585=ORIENTED_EDGE('',*,*,#4035,.T.);
#5586=ORIENTED_EDGE('',*,*,#4036,.F.);
#5587=ORIENTED_EDGE('',*,*,#4037,.F.);
#5588=ORIENTED_EDGE('',*,*,#4038,.F.);
#5589=ORIENTED_EDGE('',*,*,#4039,.T.);
#5590=ORIENTED_EDGE('',*,*,#3918,.F.);
#5591=ORIENTED_EDGE('',*,*,#3848,.F.);
#5592=ORIENTED_EDGE('',*,*,#3852,.T.);
#5593=ORIENTED_EDGE('',*,*,#3855,.F.);
#5594=ORIENTED_EDGE('',*,*,#4003,.F.);
#5595=ORIENTED_EDGE('',*,*,#4040,.F.);
#5596=ORIENTED_EDGE('',*,*,#4041,.F.);
#5597=ORIENTED_EDGE('',*,*,#4035,.F.);
#5598=ORIENTED_EDGE('',*,*,#4000,.F.);
#5599=ORIENTED_EDGE('',*,*,#4042,.T.);
#5600=ORIENTED_EDGE('',*,*,#4043,.T.);
#5601=ORIENTED_EDGE('',*,*,#4044,.F.);
#5602=ORIENTED_EDGE('',*,*,#4040,.T.);
#5603=ORIENTED_EDGE('',*,*,#4005,.F.);
#5604=ORIENTED_EDGE('',*,*,#4045,.T.);
#5605=ORIENTED_EDGE('',*,*,#4046,.T.);
#5606=ORIENTED_EDGE('',*,*,#4042,.F.);
#5607=ORIENTED_EDGE('',*,*,#4007,.F.);
#5608=ORIENTED_EDGE('',*,*,#4047,.T.);
#5609=ORIENTED_EDGE('',*,*,#4048,.T.);
#5610=ORIENTED_EDGE('',*,*,#4045,.F.);
#5611=ORIENTED_EDGE('',*,*,#4011,.F.);
#5612=ORIENTED_EDGE('',*,*,#4049,.T.);
#5613=ORIENTED_EDGE('',*,*,#4050,.F.);
#5614=ORIENTED_EDGE('',*,*,#4051,.F.);
#5615=ORIENTED_EDGE('',*,*,#4047,.F.);
#5616=ORIENTED_EDGE('',*,*,#4010,.F.);
#5617=ORIENTED_EDGE('',*,*,#4052,.F.);
#5618=ORIENTED_EDGE('',*,*,#4053,.F.);
#5619=ORIENTED_EDGE('',*,*,#4054,.F.);
#5620=ORIENTED_EDGE('',*,*,#4049,.F.);
#5621=ORIENTED_EDGE('',*,*,#4009,.F.);
#5622=ORIENTED_EDGE('',*,*,#3956,.T.);
#5623=ORIENTED_EDGE('',*,*,#4055,.T.);
#5624=ORIENTED_EDGE('',*,*,#4056,.T.);
#5625=ORIENTED_EDGE('',*,*,#4052,.T.);
#5626=ORIENTED_EDGE('',*,*,#4057,.T.);
#5627=ORIENTED_EDGE('',*,*,#4058,.T.);
#5628=ORIENTED_EDGE('',*,*,#3952,.T.);
#5629=ORIENTED_EDGE('',*,*,#4059,.T.);
#5630=ORIENTED_EDGE('',*,*,#4060,.T.);
#5631=ORIENTED_EDGE('',*,*,#4055,.F.);
#5632=ORIENTED_EDGE('',*,*,#3955,.T.);
#5633=ORIENTED_EDGE('',*,*,#4061,.T.);
#5634=ORIENTED_EDGE('',*,*,#4062,.T.);
#5635=ORIENTED_EDGE('',*,*,#4061,.F.);
#5636=ORIENTED_EDGE('',*,*,#3954,.T.);
#5637=ORIENTED_EDGE('',*,*,#4063,.T.);
#5638=ORIENTED_EDGE('',*,*,#4064,.T.);
#5639=ORIENTED_EDGE('',*,*,#4063,.F.);
#5640=ORIENTED_EDGE('',*,*,#3953,.T.);
#5641=ORIENTED_EDGE('',*,*,#4058,.F.);
#5642=ORIENTED_EDGE('',*,*,#3800,.T.);
#5643=ORIENTED_EDGE('',*,*,#4059,.F.);
#5644=ORIENTED_EDGE('',*,*,#3951,.T.);
#5645=ORIENTED_EDGE('',*,*,#4065,.T.);
#5646=ORIENTED_EDGE('',*,*,#4066,.T.);
#5647=ORIENTED_EDGE('',*,*,#4065,.F.);
#5648=ORIENTED_EDGE('',*,*,#3950,.T.);
#5649=ORIENTED_EDGE('',*,*,#4067,.T.);
#5650=ORIENTED_EDGE('',*,*,#4068,.T.);
#5651=ORIENTED_EDGE('',*,*,#4067,.F.);
#5652=ORIENTED_EDGE('',*,*,#3949,.T.);
#5653=ORIENTED_EDGE('',*,*,#4069,.T.);
#5654=ORIENTED_EDGE('',*,*,#4070,.T.);
#5655=ORIENTED_EDGE('',*,*,#4069,.F.);
#5656=ORIENTED_EDGE('',*,*,#3948,.T.);
#5657=ORIENTED_EDGE('',*,*,#4071,.T.);
#5658=ORIENTED_EDGE('',*,*,#4072,.T.);
#5659=ORIENTED_EDGE('',*,*,#4071,.F.);
#5660=ORIENTED_EDGE('',*,*,#3947,.T.);
#5661=ORIENTED_EDGE('',*,*,#4073,.T.);
#5662=ORIENTED_EDGE('',*,*,#4074,.T.);
#5663=ORIENTED_EDGE('',*,*,#4073,.F.);
#5664=ORIENTED_EDGE('',*,*,#3946,.T.);
#5665=ORIENTED_EDGE('',*,*,#4075,.T.);
#5666=ORIENTED_EDGE('',*,*,#4076,.T.);
#5667=ORIENTED_EDGE('',*,*,#4075,.F.);
#5668=ORIENTED_EDGE('',*,*,#3945,.T.);
#5669=ORIENTED_EDGE('',*,*,#4077,.T.);
#5670=ORIENTED_EDGE('',*,*,#4078,.T.);
#5671=ORIENTED_EDGE('',*,*,#4077,.F.);
#5672=ORIENTED_EDGE('',*,*,#3944,.T.);
#5673=ORIENTED_EDGE('',*,*,#4079,.T.);
#5674=ORIENTED_EDGE('',*,*,#4080,.T.);
#5675=ORIENTED_EDGE('',*,*,#4079,.F.);
#5676=ORIENTED_EDGE('',*,*,#3943,.T.);
#5677=ORIENTED_EDGE('',*,*,#4081,.T.);
#5678=ORIENTED_EDGE('',*,*,#4082,.T.);
#5679=ORIENTED_EDGE('',*,*,#4081,.F.);
#5680=ORIENTED_EDGE('',*,*,#3942,.T.);
#5681=ORIENTED_EDGE('',*,*,#4083,.T.);
#5682=ORIENTED_EDGE('',*,*,#4084,.T.);
#5683=ORIENTED_EDGE('',*,*,#4083,.F.);
#5684=ORIENTED_EDGE('',*,*,#3941,.T.);
#5685=ORIENTED_EDGE('',*,*,#4085,.T.);
#5686=ORIENTED_EDGE('',*,*,#4086,.T.);
#5687=ORIENTED_EDGE('',*,*,#4085,.F.);
#5688=ORIENTED_EDGE('',*,*,#3940,.T.);
#5689=ORIENTED_EDGE('',*,*,#4087,.T.);
#5690=ORIENTED_EDGE('',*,*,#4088,.T.);
#5691=ORIENTED_EDGE('',*,*,#4087,.F.);
#5692=ORIENTED_EDGE('',*,*,#3939,.T.);
#5693=ORIENTED_EDGE('',*,*,#4089,.T.);
#5694=ORIENTED_EDGE('',*,*,#4090,.T.);
#5695=ORIENTED_EDGE('',*,*,#4089,.F.);
#5696=ORIENTED_EDGE('',*,*,#3938,.T.);
#5697=ORIENTED_EDGE('',*,*,#4091,.T.);
#5698=ORIENTED_EDGE('',*,*,#4092,.T.);
#5699=ORIENTED_EDGE('',*,*,#4091,.F.);
#5700=ORIENTED_EDGE('',*,*,#3937,.T.);
#5701=ORIENTED_EDGE('',*,*,#4093,.T.);
#5702=ORIENTED_EDGE('',*,*,#4094,.T.);
#5703=ORIENTED_EDGE('',*,*,#4093,.F.);
#5704=ORIENTED_EDGE('',*,*,#3936,.T.);
#5705=ORIENTED_EDGE('',*,*,#4095,.T.);
#5706=ORIENTED_EDGE('',*,*,#4096,.T.);
#5707=ORIENTED_EDGE('',*,*,#4095,.F.);
#5708=ORIENTED_EDGE('',*,*,#3935,.T.);
#5709=ORIENTED_EDGE('',*,*,#4097,.T.);
#5710=ORIENTED_EDGE('',*,*,#4098,.T.);
#5711=ORIENTED_EDGE('',*,*,#4097,.F.);
#5712=ORIENTED_EDGE('',*,*,#3934,.T.);
#5713=ORIENTED_EDGE('',*,*,#4099,.T.);
#5714=ORIENTED_EDGE('',*,*,#3984,.F.);
#5715=ORIENTED_EDGE('',*,*,#4100,.T.);
#5716=ORIENTED_EDGE('',*,*,#4101,.T.);
#5717=ORIENTED_EDGE('',*,*,#4099,.F.);
#5718=ORIENTED_EDGE('',*,*,#3933,.T.);
#5719=ORIENTED_EDGE('',*,*,#3983,.F.);
#5720=ORIENTED_EDGE('',*,*,#4102,.T.);
#5721=ORIENTED_EDGE('',*,*,#4100,.F.);
#5722=ORIENTED_EDGE('',*,*,#4056,.F.);
#5723=ORIENTED_EDGE('',*,*,#4103,.F.);
#5724=ORIENTED_EDGE('',*,*,#4104,.F.);
#5725=ORIENTED_EDGE('',*,*,#4053,.T.);
#5726=ORIENTED_EDGE('',*,*,#3976,.T.);
#5727=ORIENTED_EDGE('',*,*,#4105,.T.);
#5728=ORIENTED_EDGE('',*,*,#4106,.T.);
#5729=ORIENTED_EDGE('',*,*,#4107,.T.);
#5730=ORIENTED_EDGE('',*,*,#3980,.T.);
#5731=ORIENTED_EDGE('',*,*,#4108,.T.);
#5732=ORIENTED_EDGE('',*,*,#4109,.T.);
#5733=ORIENTED_EDGE('',*,*,#4105,.F.);
#5734=ORIENTED_EDGE('',*,*,#4110,.T.);
#5735=ORIENTED_EDGE('',*,*,#4108,.F.);
#5736=ORIENTED_EDGE('',*,*,#3979,.T.);
#5737=ORIENTED_EDGE('',*,*,#4111,.T.);
#5738=ORIENTED_EDGE('',*,*,#4112,.T.);
#5739=ORIENTED_EDGE('',*,*,#4111,.F.);
#5740=ORIENTED_EDGE('',*,*,#3978,.T.);
#5741=ORIENTED_EDGE('',*,*,#4113,.F.);
#5742=ORIENTED_EDGE('',*,*,#3977,.T.);
#5743=ORIENTED_EDGE('',*,*,#4107,.F.);
#5744=ORIENTED_EDGE('',*,*,#4114,.T.);
#5745=ORIENTED_EDGE('',*,*,#4113,.T.);
#5746=ORIENTED_EDGE('',*,*,#4112,.F.);
#5747=ORIENTED_EDGE('',*,*,#4115,.T.);
#5748=ORIENTED_EDGE('',*,*,#4116,.T.);
#5749=ORIENTED_EDGE('',*,*,#4117,.F.);
#5750=ORIENTED_EDGE('',*,*,#4114,.F.);
#5751=ORIENTED_EDGE('',*,*,#4118,.T.);
#5752=ORIENTED_EDGE('',*,*,#4119,.T.);
#5753=ORIENTED_EDGE('',*,*,#4115,.F.);
#5754=ORIENTED_EDGE('',*,*,#4106,.F.);
#5755=ORIENTED_EDGE('',*,*,#4120,.T.);
#5756=ORIENTED_EDGE('',*,*,#4121,.T.);
#5757=ORIENTED_EDGE('',*,*,#4118,.F.);
#5758=ORIENTED_EDGE('',*,*,#3967,.T.);
#5759=ORIENTED_EDGE('',*,*,#4122,.T.);
#5760=ORIENTED_EDGE('',*,*,#4123,.T.);
#5761=ORIENTED_EDGE('',*,*,#4124,.T.);
#5762=ORIENTED_EDGE('',*,*,#3965,.T.);
#5763=ORIENTED_EDGE('',*,*,#4125,.T.);
#5764=ORIENTED_EDGE('',*,*,#4126,.T.);
#5765=ORIENTED_EDGE('',*,*,#4127,.T.);
#5766=ORIENTED_EDGE('',*,*,#4128,.T.);
#5767=ORIENTED_EDGE('',*,*,#4129,.T.);
#5768=ORIENTED_EDGE('',*,*,#3974,.T.);
#5769=ORIENTED_EDGE('',*,*,#4130,.T.);
#5770=ORIENTED_EDGE('',*,*,#3962,.T.);
#5771=ORIENTED_EDGE('',*,*,#4131,.T.);
#5772=ORIENTED_EDGE('',*,*,#4132,.T.);
#5773=ORIENTED_EDGE('',*,*,#4133,.T.);
#5774=ORIENTED_EDGE('',*,*,#4134,.T.);
#5775=ORIENTED_EDGE('',*,*,#4131,.F.);
#5776=ORIENTED_EDGE('',*,*,#3975,.T.);
#5777=ORIENTED_EDGE('',*,*,#4129,.F.);
#5778=ORIENTED_EDGE('',*,*,#3963,.T.);
#5779=ORIENTED_EDGE('',*,*,#4133,.F.);
#5780=ORIENTED_EDGE('',*,*,#4135,.T.);
#5781=ORIENTED_EDGE('',*,*,#4136,.T.);
#5782=ORIENTED_EDGE('',*,*,#3964,.T.);
#5783=ORIENTED_EDGE('',*,*,#4136,.F.);
#5784=ORIENTED_EDGE('',*,*,#4137,.T.);
#5785=ORIENTED_EDGE('',*,*,#4125,.F.);
#5786=ORIENTED_EDGE('',*,*,#4138,.T.);
#5787=ORIENTED_EDGE('',*,*,#4130,.F.);
#5788=ORIENTED_EDGE('',*,*,#3973,.T.);
#5789=ORIENTED_EDGE('',*,*,#4139,.T.);
#5790=ORIENTED_EDGE('',*,*,#4140,.T.);
#5791=ORIENTED_EDGE('',*,*,#4139,.F.);
#5792=ORIENTED_EDGE('',*,*,#3972,.T.);
#5793=ORIENTED_EDGE('',*,*,#4141,.T.);
#5794=ORIENTED_EDGE('',*,*,#3966,.T.);
#5795=ORIENTED_EDGE('',*,*,#4127,.F.);
#5796=ORIENTED_EDGE('',*,*,#4142,.T.);
#5797=ORIENTED_EDGE('',*,*,#4122,.F.);
#5798=ORIENTED_EDGE('',*,*,#4143,.T.);
#5799=ORIENTED_EDGE('',*,*,#4141,.F.);
#5800=ORIENTED_EDGE('',*,*,#3971,.T.);
#5801=ORIENTED_EDGE('',*,*,#4144,.T.);
#5802=ORIENTED_EDGE('',*,*,#4145,.T.);
#5803=ORIENTED_EDGE('',*,*,#4144,.F.);
#5804=ORIENTED_EDGE('',*,*,#3970,.T.);
#5805=ORIENTED_EDGE('',*,*,#4146,.T.);
#5806=ORIENTED_EDGE('',*,*,#3968,.T.);
#5807=ORIENTED_EDGE('',*,*,#4124,.F.);
#5808=ORIENTED_EDGE('',*,*,#4147,.T.);
#5809=ORIENTED_EDGE('',*,*,#4148,.T.);
#5810=ORIENTED_EDGE('',*,*,#3969,.T.);
#5811=ORIENTED_EDGE('',*,*,#4148,.F.);
#5812=ORIENTED_EDGE('',*,*,#4149,.T.);
#5813=ORIENTED_EDGE('',*,*,#4146,.F.);
#5814=ORIENTED_EDGE('',*,*,#4147,.F.);
#5815=ORIENTED_EDGE('',*,*,#4150,.T.);
#5816=ORIENTED_EDGE('',*,*,#4151,.F.);
#5817=ORIENTED_EDGE('',*,*,#4152,.F.);
#5818=ORIENTED_EDGE('',*,*,#4123,.F.);
#5819=ORIENTED_EDGE('',*,*,#4153,.T.);
#5820=ORIENTED_EDGE('',*,*,#4154,.F.);
#5821=ORIENTED_EDGE('',*,*,#4150,.F.);
#5822=ORIENTED_EDGE('',*,*,#4142,.F.);
#5823=ORIENTED_EDGE('',*,*,#4155,.F.);
#5824=ORIENTED_EDGE('',*,*,#4156,.F.);
#5825=ORIENTED_EDGE('',*,*,#4153,.F.);
#5826=ORIENTED_EDGE('',*,*,#4126,.F.);
#5827=ORIENTED_EDGE('',*,*,#4157,.T.);
#5828=ORIENTED_EDGE('',*,*,#4158,.F.);
#5829=ORIENTED_EDGE('',*,*,#4155,.T.);
#5830=ORIENTED_EDGE('',*,*,#4137,.F.);
#5831=ORIENTED_EDGE('',*,*,#4159,.F.);
#5832=ORIENTED_EDGE('',*,*,#4160,.F.);
#5833=ORIENTED_EDGE('',*,*,#4157,.F.);
#5834=ORIENTED_EDGE('',*,*,#4135,.F.);
#5835=ORIENTED_EDGE('',*,*,#4161,.T.);
#5836=ORIENTED_EDGE('',*,*,#4162,.F.);
#5837=ORIENTED_EDGE('',*,*,#4159,.T.);
#5838=ORIENTED_EDGE('',*,*,#4132,.F.);
#5839=ORIENTED_EDGE('',*,*,#4163,.F.);
#5840=ORIENTED_EDGE('',*,*,#4164,.T.);
#5841=ORIENTED_EDGE('',*,*,#4165,.F.);
#5842=ORIENTED_EDGE('',*,*,#4166,.F.);
#5843=ORIENTED_EDGE('',*,*,#4161,.F.);
#5844=ORIENTED_EDGE('',*,*,#4167,.T.);
#5845=ORIENTED_EDGE('',*,*,#4168,.T.);
#5846=ORIENTED_EDGE('',*,*,#4169,.T.);
#5847=ORIENTED_EDGE('',*,*,#3887,.T.);
#5848=ORIENTED_EDGE('',*,*,#4170,.T.);
#5849=ORIENTED_EDGE('',*,*,#3886,.T.);
#5850=ORIENTED_EDGE('',*,*,#4171,.T.);
#5851=ORIENTED_EDGE('',*,*,#4172,.T.);
#5852=ORIENTED_EDGE('',*,*,#4170,.F.);
#5853=ORIENTED_EDGE('',*,*,#3885,.T.);
#5854=ORIENTED_EDGE('',*,*,#4173,.T.);
#5855=ORIENTED_EDGE('',*,*,#4174,.T.);
#5856=ORIENTED_EDGE('',*,*,#4171,.F.);
#5857=ORIENTED_EDGE('',*,*,#3884,.T.);
#5858=ORIENTED_EDGE('',*,*,#4175,.T.);
#5859=ORIENTED_EDGE('',*,*,#4176,.T.);
#5860=ORIENTED_EDGE('',*,*,#4173,.F.);
#5861=ORIENTED_EDGE('',*,*,#3883,.T.);
#5862=ORIENTED_EDGE('',*,*,#4177,.T.);
#5863=ORIENTED_EDGE('',*,*,#4178,.T.);
#5864=ORIENTED_EDGE('',*,*,#4175,.F.);
#5865=ORIENTED_EDGE('',*,*,#3882,.T.);
#5866=ORIENTED_EDGE('',*,*,#4179,.T.);
#5867=ORIENTED_EDGE('',*,*,#4180,.T.);
#5868=ORIENTED_EDGE('',*,*,#4177,.F.);
#5869=ORIENTED_EDGE('',*,*,#3881,.T.);
#5870=ORIENTED_EDGE('',*,*,#4181,.T.);
#5871=ORIENTED_EDGE('',*,*,#4182,.T.);
#5872=ORIENTED_EDGE('',*,*,#4179,.F.);
#5873=ORIENTED_EDGE('',*,*,#3880,.T.);
#5874=ORIENTED_EDGE('',*,*,#4183,.T.);
#5875=ORIENTED_EDGE('',*,*,#4184,.T.);
#5876=ORIENTED_EDGE('',*,*,#4181,.F.);
#5877=ORIENTED_EDGE('',*,*,#3879,.T.);
#5878=ORIENTED_EDGE('',*,*,#4185,.T.);
#5879=ORIENTED_EDGE('',*,*,#4186,.T.);
#5880=ORIENTED_EDGE('',*,*,#4183,.F.);
#5881=ORIENTED_EDGE('',*,*,#3878,.T.);
#5882=ORIENTED_EDGE('',*,*,#4187,.T.);
#5883=ORIENTED_EDGE('',*,*,#4188,.T.);
#5884=ORIENTED_EDGE('',*,*,#4185,.F.);
#5885=ORIENTED_EDGE('',*,*,#3877,.T.);
#5886=ORIENTED_EDGE('',*,*,#4189,.T.);
#5887=ORIENTED_EDGE('',*,*,#4190,.T.);
#5888=ORIENTED_EDGE('',*,*,#4187,.F.);
#5889=ORIENTED_EDGE('',*,*,#3876,.T.);
#5890=ORIENTED_EDGE('',*,*,#4191,.T.);
#5891=ORIENTED_EDGE('',*,*,#4192,.T.);
#5892=ORIENTED_EDGE('',*,*,#4189,.F.);
#5893=ORIENTED_EDGE('',*,*,#3875,.T.);
#5894=ORIENTED_EDGE('',*,*,#4193,.T.);
#5895=ORIENTED_EDGE('',*,*,#4194,.T.);
#5896=ORIENTED_EDGE('',*,*,#4191,.F.);
#5897=ORIENTED_EDGE('',*,*,#3874,.T.);
#5898=ORIENTED_EDGE('',*,*,#4195,.T.);
#5899=ORIENTED_EDGE('',*,*,#4196,.T.);
#5900=ORIENTED_EDGE('',*,*,#4193,.F.);
#5901=ORIENTED_EDGE('',*,*,#3873,.T.);
#5902=ORIENTED_EDGE('',*,*,#4197,.T.);
#5903=ORIENTED_EDGE('',*,*,#4198,.T.);
#5904=ORIENTED_EDGE('',*,*,#4195,.F.);
#5905=ORIENTED_EDGE('',*,*,#3872,.T.);
#5906=ORIENTED_EDGE('',*,*,#4199,.T.);
#5907=ORIENTED_EDGE('',*,*,#4200,.T.);
#5908=ORIENTED_EDGE('',*,*,#4197,.F.);
#5909=ORIENTED_EDGE('',*,*,#3871,.T.);
#5910=ORIENTED_EDGE('',*,*,#4201,.T.);
#5911=ORIENTED_EDGE('',*,*,#4202,.T.);
#5912=ORIENTED_EDGE('',*,*,#4199,.F.);
#5913=ORIENTED_EDGE('',*,*,#3870,.T.);
#5914=ORIENTED_EDGE('',*,*,#4203,.T.);
#5915=ORIENTED_EDGE('',*,*,#4204,.T.);
#5916=ORIENTED_EDGE('',*,*,#4201,.F.);
#5917=ORIENTED_EDGE('',*,*,#3869,.T.);
#5918=ORIENTED_EDGE('',*,*,#4205,.T.);
#5919=ORIENTED_EDGE('',*,*,#3802,.T.);
#5920=ORIENTED_EDGE('',*,*,#4203,.F.);
#5921=ORIENTED_EDGE('',*,*,#3868,.T.);
#5922=ORIENTED_EDGE('',*,*,#4206,.T.);
#5923=ORIENTED_EDGE('',*,*,#4207,.T.);
#5924=ORIENTED_EDGE('',*,*,#4205,.F.);
#5925=ORIENTED_EDGE('',*,*,#3867,.T.);
#5926=ORIENTED_EDGE('',*,*,#4208,.T.);
#5927=ORIENTED_EDGE('',*,*,#4209,.T.);
#5928=ORIENTED_EDGE('',*,*,#4206,.F.);
#5929=ORIENTED_EDGE('',*,*,#3866,.T.);
#5930=ORIENTED_EDGE('',*,*,#4210,.T.);
#5931=ORIENTED_EDGE('',*,*,#4211,.T.);
#5932=ORIENTED_EDGE('',*,*,#4208,.F.);
#5933=ORIENTED_EDGE('',*,*,#3865,.T.);
#5934=ORIENTED_EDGE('',*,*,#4212,.T.);
#5935=ORIENTED_EDGE('',*,*,#4213,.T.);
#5936=ORIENTED_EDGE('',*,*,#4210,.F.);
#5937=ORIENTED_EDGE('',*,*,#3864,.T.);
#5938=ORIENTED_EDGE('',*,*,#4214,.T.);
#5939=ORIENTED_EDGE('',*,*,#4215,.T.);
#5940=ORIENTED_EDGE('',*,*,#4104,.T.);
#5941=ORIENTED_EDGE('',*,*,#4212,.F.);
#5942=ORIENTED_EDGE('',*,*,#4168,.F.);
#5943=ORIENTED_EDGE('',*,*,#4216,.T.);
#5944=ORIENTED_EDGE('',*,*,#4217,.F.);
#5945=ORIENTED_EDGE('',*,*,#4167,.F.);
#5946=ORIENTED_EDGE('',*,*,#4218,.F.);
#5947=ORIENTED_EDGE('',*,*,#4219,.T.);
#5948=ORIENTED_EDGE('',*,*,#4220,.T.);
#5949=ORIENTED_EDGE('',*,*,#4172,.F.);
#5950=ORIENTED_EDGE('',*,*,#4221,.T.);
#5951=ORIENTED_EDGE('',*,*,#4222,.T.);
#5952=ORIENTED_EDGE('',*,*,#4218,.T.);
#5953=ORIENTED_EDGE('',*,*,#4096,.F.);
#5954=ORIENTED_EDGE('',*,*,#4223,.F.);
#5955=ORIENTED_EDGE('',*,*,#4224,.T.);
#5956=ORIENTED_EDGE('',*,*,#4225,.T.);
#5957=ORIENTED_EDGE('',*,*,#4221,.F.);
#5958=ORIENTED_EDGE('',*,*,#4174,.F.);
#5959=ORIENTED_EDGE('',*,*,#4226,.F.);
#5960=ORIENTED_EDGE('',*,*,#4094,.F.);
#5961=ORIENTED_EDGE('',*,*,#4226,.T.);
#5962=ORIENTED_EDGE('',*,*,#4176,.F.);
#5963=ORIENTED_EDGE('',*,*,#4227,.F.);
#5964=ORIENTED_EDGE('',*,*,#4092,.F.);
#5965=ORIENTED_EDGE('',*,*,#4227,.T.);
#5966=ORIENTED_EDGE('',*,*,#4178,.F.);
#5967=ORIENTED_EDGE('',*,*,#4228,.F.);
#5968=ORIENTED_EDGE('',*,*,#4090,.F.);
#5969=ORIENTED_EDGE('',*,*,#4228,.T.);
#5970=ORIENTED_EDGE('',*,*,#4180,.F.);
#5971=ORIENTED_EDGE('',*,*,#4229,.T.);
#5972=ORIENTED_EDGE('',*,*,#4088,.F.);
#5973=ORIENTED_EDGE('',*,*,#4229,.F.);
#5974=ORIENTED_EDGE('',*,*,#4182,.F.);
#5975=ORIENTED_EDGE('',*,*,#4230,.T.);
#5976=ORIENTED_EDGE('',*,*,#4086,.F.);
#5977=ORIENTED_EDGE('',*,*,#4230,.F.);
#5978=ORIENTED_EDGE('',*,*,#4184,.F.);
#5979=ORIENTED_EDGE('',*,*,#4231,.F.);
#5980=ORIENTED_EDGE('',*,*,#4084,.F.);
#5981=ORIENTED_EDGE('',*,*,#4231,.T.);
#5982=ORIENTED_EDGE('',*,*,#4186,.F.);
#5983=ORIENTED_EDGE('',*,*,#4232,.F.);
#5984=ORIENTED_EDGE('',*,*,#4082,.F.);
#5985=ORIENTED_EDGE('',*,*,#4232,.T.);
#5986=ORIENTED_EDGE('',*,*,#4188,.F.);
#5987=ORIENTED_EDGE('',*,*,#4233,.F.);
#5988=ORIENTED_EDGE('',*,*,#4080,.F.);
#5989=ORIENTED_EDGE('',*,*,#4233,.T.);
#5990=ORIENTED_EDGE('',*,*,#4190,.F.);
#5991=ORIENTED_EDGE('',*,*,#4234,.T.);
#5992=ORIENTED_EDGE('',*,*,#4078,.F.);
#5993=ORIENTED_EDGE('',*,*,#4234,.F.);
#5994=ORIENTED_EDGE('',*,*,#4192,.F.);
#5995=ORIENTED_EDGE('',*,*,#4235,.F.);
#5996=ORIENTED_EDGE('',*,*,#4076,.F.);
#5997=ORIENTED_EDGE('',*,*,#4235,.T.);
#5998=ORIENTED_EDGE('',*,*,#4194,.F.);
#5999=ORIENTED_EDGE('',*,*,#4236,.F.);
#6000=ORIENTED_EDGE('',*,*,#4074,.F.);
#6001=ORIENTED_EDGE('',*,*,#4236,.T.);
#6002=ORIENTED_EDGE('',*,*,#4196,.F.);
#6003=ORIENTED_EDGE('',*,*,#4237,.F.);
#6004=ORIENTED_EDGE('',*,*,#4072,.F.);
#6005=ORIENTED_EDGE('',*,*,#4237,.T.);
#6006=ORIENTED_EDGE('',*,*,#4198,.F.);
#6007=ORIENTED_EDGE('',*,*,#4238,.F.);
#6008=ORIENTED_EDGE('',*,*,#4070,.F.);
#6009=ORIENTED_EDGE('',*,*,#4238,.T.);
#6010=ORIENTED_EDGE('',*,*,#4200,.F.);
#6011=ORIENTED_EDGE('',*,*,#4239,.T.);
#6012=ORIENTED_EDGE('',*,*,#4068,.F.);
#6013=ORIENTED_EDGE('',*,*,#4239,.F.);
#6014=ORIENTED_EDGE('',*,*,#4202,.F.);
#6015=ORIENTED_EDGE('',*,*,#4240,.F.);
#6016=ORIENTED_EDGE('',*,*,#4066,.F.);
#6017=ORIENTED_EDGE('',*,*,#4240,.T.);
#6018=ORIENTED_EDGE('',*,*,#4204,.F.);
#6019=ORIENTED_EDGE('',*,*,#3801,.F.);
#6020=ORIENTED_EDGE('',*,*,#3353,.T.);
#6021=ORIENTED_EDGE('',*,*,#3375,.T.);
#6022=ORIENTED_EDGE('',*,*,#3372,.T.);
#6023=ORIENTED_EDGE('',*,*,#3369,.T.);
#6024=ORIENTED_EDGE('',*,*,#3366,.T.);
#6025=ORIENTED_EDGE('',*,*,#3363,.T.);
#6026=ORIENTED_EDGE('',*,*,#3360,.T.);
#6027=ORIENTED_EDGE('',*,*,#3357,.T.);
#6028=ORIENTED_EDGE('',*,*,#4057,.F.);
#6029=ORIENTED_EDGE('',*,*,#3803,.F.);
#6030=ORIENTED_EDGE('',*,*,#4207,.F.);
#6031=ORIENTED_EDGE('',*,*,#4241,.T.);
#6032=ORIENTED_EDGE('',*,*,#4064,.F.);
#6033=ORIENTED_EDGE('',*,*,#4241,.F.);
#6034=ORIENTED_EDGE('',*,*,#4209,.F.);
#6035=ORIENTED_EDGE('',*,*,#4242,.T.);
#6036=ORIENTED_EDGE('',*,*,#4062,.F.);
#6037=ORIENTED_EDGE('',*,*,#4242,.F.);
#6038=ORIENTED_EDGE('',*,*,#4211,.F.);
#6039=ORIENTED_EDGE('',*,*,#4243,.F.);
#6040=ORIENTED_EDGE('',*,*,#4060,.F.);
#6041=ORIENTED_EDGE('',*,*,#4243,.T.);
#6042=ORIENTED_EDGE('',*,*,#4213,.F.);
#6043=ORIENTED_EDGE('',*,*,#4103,.T.);
#6044=ORIENTED_EDGE('',*,*,#4215,.F.);
#6045=ORIENTED_EDGE('',*,*,#4244,.T.);
#6046=ORIENTED_EDGE('',*,*,#4054,.T.);
#6047=ORIENTED_EDGE('',*,*,#4026,.T.);
#6048=ORIENTED_EDGE('',*,*,#4245,.T.);
#6049=ORIENTED_EDGE('',*,*,#3894,.T.);
#6050=ORIENTED_EDGE('',*,*,#4246,.T.);
#6051=ORIENTED_EDGE('',*,*,#4214,.F.);
#6052=ORIENTED_EDGE('',*,*,#3863,.T.);
#6053=ORIENTED_EDGE('',*,*,#4247,.T.);
#6054=ORIENTED_EDGE('',*,*,#4050,.T.);
#6055=ORIENTED_EDGE('',*,*,#4244,.F.);
#6056=ORIENTED_EDGE('',*,*,#4248,.T.);
#6057=ORIENTED_EDGE('',*,*,#4247,.F.);
#6058=ORIENTED_EDGE('',*,*,#3862,.T.);
#6059=ORIENTED_EDGE('',*,*,#4249,.T.);
#6060=ORIENTED_EDGE('',*,*,#4250,.T.);
#6061=ORIENTED_EDGE('',*,*,#4249,.F.);
#6062=ORIENTED_EDGE('',*,*,#3861,.T.);
#6063=ORIENTED_EDGE('',*,*,#4251,.T.);
#6064=ORIENTED_EDGE('',*,*,#4252,.T.);
#6065=ORIENTED_EDGE('',*,*,#4251,.F.);
#6066=ORIENTED_EDGE('',*,*,#3860,.T.);
#6067=ORIENTED_EDGE('',*,*,#4253,.T.);
#6068=ORIENTED_EDGE('',*,*,#4254,.T.);
#6069=ORIENTED_EDGE('',*,*,#4253,.F.);
#6070=ORIENTED_EDGE('',*,*,#3859,.T.);
#6071=ORIENTED_EDGE('',*,*,#3919,.T.);
#6072=ORIENTED_EDGE('',*,*,#4255,.T.);
#6073=ORIENTED_EDGE('',*,*,#3981,.F.);
#6074=ORIENTED_EDGE('',*,*,#3897,.T.);
#6075=ORIENTED_EDGE('',*,*,#4256,.T.);
#6076=ORIENTED_EDGE('',*,*,#4030,.T.);
#6077=ORIENTED_EDGE('',*,*,#4256,.F.);
#6078=ORIENTED_EDGE('',*,*,#3896,.T.);
#6079=ORIENTED_EDGE('',*,*,#4257,.T.);
#6080=ORIENTED_EDGE('',*,*,#4028,.T.);
#6081=ORIENTED_EDGE('',*,*,#4257,.F.);
#6082=ORIENTED_EDGE('',*,*,#3895,.T.);
#6083=ORIENTED_EDGE('',*,*,#4245,.F.);
#6084=ORIENTED_EDGE('',*,*,#4024,.T.);
#6085=ORIENTED_EDGE('',*,*,#4246,.F.);
#6086=ORIENTED_EDGE('',*,*,#3893,.T.);
#6087=ORIENTED_EDGE('',*,*,#4258,.T.);
#6088=ORIENTED_EDGE('',*,*,#4020,.T.);
#6089=ORIENTED_EDGE('',*,*,#4258,.F.);
#6090=ORIENTED_EDGE('',*,*,#3892,.T.);
#6091=ORIENTED_EDGE('',*,*,#4259,.T.);
#6092=ORIENTED_EDGE('',*,*,#4260,.T.);
#6093=ORIENTED_EDGE('',*,*,#4259,.F.);
#6094=ORIENTED_EDGE('',*,*,#3891,.T.);
#6095=ORIENTED_EDGE('',*,*,#4261,.T.);
#6096=ORIENTED_EDGE('',*,*,#4262,.T.);
#6097=ORIENTED_EDGE('',*,*,#4261,.F.);
#6098=ORIENTED_EDGE('',*,*,#3890,.T.);
#6099=ORIENTED_EDGE('',*,*,#4263,.T.);
#6100=ORIENTED_EDGE('',*,*,#4264,.T.);
#6101=ORIENTED_EDGE('',*,*,#4263,.F.);
#6102=ORIENTED_EDGE('',*,*,#3889,.T.);
#6103=ORIENTED_EDGE('',*,*,#4265,.T.);
#6104=ORIENTED_EDGE('',*,*,#4169,.F.);
#6105=ORIENTED_EDGE('',*,*,#4217,.T.);
#6106=ORIENTED_EDGE('',*,*,#4266,.T.);
#6107=ORIENTED_EDGE('',*,*,#4265,.F.);
#6108=ORIENTED_EDGE('',*,*,#3888,.T.);
#6109=ORIENTED_EDGE('',*,*,#4248,.F.);
#6110=ORIENTED_EDGE('',*,*,#4267,.F.);
#6111=ORIENTED_EDGE('',*,*,#4268,.T.);
#6112=ORIENTED_EDGE('',*,*,#4051,.T.);
#6113=ORIENTED_EDGE('',*,*,#4250,.F.);
#6114=ORIENTED_EDGE('',*,*,#4269,.F.);
#6115=ORIENTED_EDGE('',*,*,#4270,.T.);
#6116=ORIENTED_EDGE('',*,*,#4267,.T.);
#6117=ORIENTED_EDGE('',*,*,#4252,.F.);
#6118=ORIENTED_EDGE('',*,*,#4271,.T.);
#6119=ORIENTED_EDGE('',*,*,#4272,.F.);
#6120=ORIENTED_EDGE('',*,*,#4273,.T.);
#6121=ORIENTED_EDGE('',*,*,#4269,.T.);
#6122=ORIENTED_EDGE('',*,*,#4254,.F.);
#6123=ORIENTED_EDGE('',*,*,#4039,.F.);
#6124=ORIENTED_EDGE('',*,*,#4274,.F.);
#6125=ORIENTED_EDGE('',*,*,#4271,.F.);
#6126=ORIENTED_EDGE('',*,*,#3913,.T.);
#6127=ORIENTED_EDGE('',*,*,#4275,.T.);
#6128=ORIENTED_EDGE('',*,*,#4276,.T.);
#6129=ORIENTED_EDGE('',*,*,#4277,.F.);
#6130=ORIENTED_EDGE('',*,*,#3917,.T.);
#6131=ORIENTED_EDGE('',*,*,#4278,.T.);
#6132=ORIENTED_EDGE('',*,*,#4279,.T.);
#6133=ORIENTED_EDGE('',*,*,#4275,.F.);
#6134=ORIENTED_EDGE('',*,*,#3916,.T.);
#6135=ORIENTED_EDGE('',*,*,#4280,.T.);
#6136=ORIENTED_EDGE('',*,*,#4281,.T.);
#6137=ORIENTED_EDGE('',*,*,#4278,.F.);
#6138=ORIENTED_EDGE('',*,*,#4282,.T.);
#6139=ORIENTED_EDGE('',*,*,#4280,.F.);
#6140=ORIENTED_EDGE('',*,*,#3915,.T.);
#6141=ORIENTED_EDGE('',*,*,#4283,.T.);
#6142=ORIENTED_EDGE('',*,*,#4284,.T.);
#6143=ORIENTED_EDGE('',*,*,#4283,.F.);
#6144=ORIENTED_EDGE('',*,*,#3914,.T.);
#6145=ORIENTED_EDGE('',*,*,#4277,.T.);
#6146=ORIENTED_EDGE('',*,*,#4282,.F.);
#6147=ORIENTED_EDGE('',*,*,#4285,.F.);
#6148=ORIENTED_EDGE('',*,*,#4286,.T.);
#6149=ORIENTED_EDGE('',*,*,#4287,.T.);
#6150=ORIENTED_EDGE('',*,*,#4284,.F.);
#6151=ORIENTED_EDGE('',*,*,#4288,.F.);
#6152=ORIENTED_EDGE('',*,*,#4289,.T.);
#6153=ORIENTED_EDGE('',*,*,#4285,.T.);
#6154=ORIENTED_EDGE('',*,*,#4276,.F.);
#6155=ORIENTED_EDGE('',*,*,#4290,.F.);
#6156=ORIENTED_EDGE('',*,*,#4291,.T.);
#6157=ORIENTED_EDGE('',*,*,#4288,.T.);
#6158=ORIENTED_EDGE('',*,*,#3899,.T.);
#6159=ORIENTED_EDGE('',*,*,#4292,.T.);
#6160=ORIENTED_EDGE('',*,*,#4158,.T.);
#6161=ORIENTED_EDGE('',*,*,#4293,.F.);
#6162=ORIENTED_EDGE('',*,*,#3912,.T.);
#6163=ORIENTED_EDGE('',*,*,#4294,.T.);
#6164=ORIENTED_EDGE('',*,*,#4156,.T.);
#6165=ORIENTED_EDGE('',*,*,#4292,.F.);
#6166=ORIENTED_EDGE('',*,*,#3911,.T.);
#6167=ORIENTED_EDGE('',*,*,#4295,.T.);
#6168=ORIENTED_EDGE('',*,*,#4154,.T.);
#6169=ORIENTED_EDGE('',*,*,#4294,.F.);
#6170=ORIENTED_EDGE('',*,*,#3910,.T.);
#6171=ORIENTED_EDGE('',*,*,#4296,.T.);
#6172=ORIENTED_EDGE('',*,*,#4151,.T.);
#6173=ORIENTED_EDGE('',*,*,#4295,.F.);
#6174=ORIENTED_EDGE('',*,*,#3909,.T.);
#6175=ORIENTED_EDGE('',*,*,#4297,.T.);
#6176=ORIENTED_EDGE('',*,*,#4298,.T.);
#6177=ORIENTED_EDGE('',*,*,#4296,.F.);
#6178=ORIENTED_EDGE('',*,*,#3908,.T.);
#6179=ORIENTED_EDGE('',*,*,#4299,.T.);
#6180=ORIENTED_EDGE('',*,*,#4300,.T.);
#6181=ORIENTED_EDGE('',*,*,#4297,.F.);
#6182=ORIENTED_EDGE('',*,*,#3907,.T.);
#6183=ORIENTED_EDGE('',*,*,#4301,.T.);
#6184=ORIENTED_EDGE('',*,*,#4302,.T.);
#6185=ORIENTED_EDGE('',*,*,#4299,.F.);
#6186=ORIENTED_EDGE('',*,*,#3906,.T.);
#6187=ORIENTED_EDGE('',*,*,#4303,.T.);
#6188=ORIENTED_EDGE('',*,*,#4304,.T.);
#6189=ORIENTED_EDGE('',*,*,#4301,.F.);
#6190=ORIENTED_EDGE('',*,*,#4305,.T.);
#6191=ORIENTED_EDGE('',*,*,#4303,.F.);
#6192=ORIENTED_EDGE('',*,*,#3905,.T.);
#6193=ORIENTED_EDGE('',*,*,#4306,.T.);
#6194=ORIENTED_EDGE('',*,*,#4307,.T.);
#6195=ORIENTED_EDGE('',*,*,#4306,.F.);
#6196=ORIENTED_EDGE('',*,*,#3904,.T.);
#6197=ORIENTED_EDGE('',*,*,#4308,.T.);
#6198=ORIENTED_EDGE('',*,*,#4309,.T.);
#6199=ORIENTED_EDGE('',*,*,#4308,.F.);
#6200=ORIENTED_EDGE('',*,*,#3903,.T.);
#6201=ORIENTED_EDGE('',*,*,#4310,.T.);
#6202=ORIENTED_EDGE('',*,*,#4166,.T.);
#6203=ORIENTED_EDGE('',*,*,#4310,.F.);
#6204=ORIENTED_EDGE('',*,*,#3902,.T.);
#6205=ORIENTED_EDGE('',*,*,#4311,.T.);
#6206=ORIENTED_EDGE('',*,*,#4162,.T.);
#6207=ORIENTED_EDGE('',*,*,#4311,.F.);
#6208=ORIENTED_EDGE('',*,*,#3901,.T.);
#6209=ORIENTED_EDGE('',*,*,#4312,.T.);
#6210=ORIENTED_EDGE('',*,*,#4160,.T.);
#6211=ORIENTED_EDGE('',*,*,#4312,.F.);
#6212=ORIENTED_EDGE('',*,*,#3900,.T.);
#6213=ORIENTED_EDGE('',*,*,#4293,.T.);
#6214=ORIENTED_EDGE('',*,*,#4305,.F.);
#6215=ORIENTED_EDGE('',*,*,#4313,.T.);
#6216=ORIENTED_EDGE('',*,*,#4314,.T.);
#6217=ORIENTED_EDGE('',*,*,#4315,.T.);
#6218=ORIENTED_EDGE('',*,*,#4307,.F.);
#6219=ORIENTED_EDGE('',*,*,#4316,.F.);
#6220=ORIENTED_EDGE('',*,*,#4317,.T.);
#6221=ORIENTED_EDGE('',*,*,#4313,.F.);
#6222=ORIENTED_EDGE('',*,*,#4309,.F.);
#6223=ORIENTED_EDGE('',*,*,#4165,.T.);
#6224=ORIENTED_EDGE('',*,*,#4318,.T.);
#6225=ORIENTED_EDGE('',*,*,#4316,.T.);
#6226=ORIENTED_EDGE('',*,*,#4041,.T.);
#6227=ORIENTED_EDGE('',*,*,#4044,.T.);
#6228=ORIENTED_EDGE('',*,*,#4319,.T.);
#6229=ORIENTED_EDGE('',*,*,#4320,.T.);
#6230=ORIENTED_EDGE('',*,*,#4036,.T.);
#6231=ORIENTED_EDGE('',*,*,#4321,.T.);
#6232=ORIENTED_EDGE('',*,*,#4322,.T.);
#6233=ORIENTED_EDGE('',*,*,#4323,.T.);
#6234=ORIENTED_EDGE('',*,*,#4037,.T.);
#6235=ORIENTED_EDGE('',*,*,#4320,.F.);
#6236=ORIENTED_EDGE('',*,*,#4324,.T.);
#6237=ORIENTED_EDGE('',*,*,#4272,.T.);
#6238=ORIENTED_EDGE('',*,*,#4274,.T.);
#6239=ORIENTED_EDGE('',*,*,#4038,.T.);
#6240=ORIENTED_EDGE('',*,*,#4323,.F.);
#6241=ORIENTED_EDGE('',*,*,#4325,.T.);
#6242=ORIENTED_EDGE('',*,*,#4326,.T.);
#6243=ORIENTED_EDGE('',*,*,#4016,.T.);
#6244=ORIENTED_EDGE('',*,*,#4022,.T.);
#6245=ORIENTED_EDGE('',*,*,#4031,.F.);
#6246=ORIENTED_EDGE('',*,*,#4327,.T.);
#6247=ORIENTED_EDGE('',*,*,#4224,.F.);
#6248=ORIENTED_EDGE('',*,*,#4328,.F.);
#6249=ORIENTED_EDGE('',*,*,#4329,.F.);
#6250=ORIENTED_EDGE('',*,*,#4330,.F.);
#6251=ORIENTED_EDGE('',*,*,#4331,.F.);
#6252=ORIENTED_EDGE('',*,*,#4332,.F.);
#6253=ORIENTED_EDGE('',*,*,#4333,.F.);
#6254=ORIENTED_EDGE('',*,*,#4017,.F.);
#6255=ORIENTED_EDGE('',*,*,#4326,.F.);
#6256=ORIENTED_EDGE('',*,*,#4334,.F.);
#6257=ORIENTED_EDGE('',*,*,#4335,.F.);
#6258=ORIENTED_EDGE('',*,*,#4336,.F.);
#6259=ORIENTED_EDGE('',*,*,#4337,.F.);
#6260=ORIENTED_EDGE('',*,*,#4338,.F.);
#6261=ORIENTED_EDGE('',*,*,#4219,.F.);
#6262=ORIENTED_EDGE('',*,*,#4222,.F.);
#6263=ORIENTED_EDGE('',*,*,#4225,.F.);
#6264=ORIENTED_EDGE('',*,*,#4327,.F.);
#6265=ORIENTED_EDGE('',*,*,#4121,.F.);
#6266=ORIENTED_EDGE('',*,*,#4339,.F.);
#6267=ORIENTED_EDGE('',*,*,#4340,.F.);
#6268=ORIENTED_EDGE('',*,*,#4116,.F.);
#6269=ORIENTED_EDGE('',*,*,#4119,.F.);
#6270=ORIENTED_EDGE('',*,*,#4341,.F.);
#6271=ORIENTED_EDGE('',*,*,#4286,.F.);
#6272=ORIENTED_EDGE('',*,*,#4289,.F.);
#6273=ORIENTED_EDGE('',*,*,#4291,.F.);
#6274=ORIENTED_EDGE('',*,*,#4342,.F.);
#6275=ORIENTED_EDGE('',*,*,#4343,.T.);
#6276=ORIENTED_EDGE('',*,*,#4344,.T.);
#6277=ORIENTED_EDGE('',*,*,#4321,.F.);
#6278=ORIENTED_EDGE('',*,*,#4319,.F.);
#6279=ORIENTED_EDGE('',*,*,#4043,.F.);
#6280=ORIENTED_EDGE('',*,*,#4046,.F.);
#6281=ORIENTED_EDGE('',*,*,#4048,.F.);
#6282=ORIENTED_EDGE('',*,*,#4268,.F.);
#6283=ORIENTED_EDGE('',*,*,#4270,.F.);
#6284=ORIENTED_EDGE('',*,*,#4273,.F.);
#6285=ORIENTED_EDGE('',*,*,#4324,.F.);
#6286=ORIENTED_EDGE('',*,*,#4322,.F.);
#6287=ORIENTED_EDGE('',*,*,#4344,.F.);
#6288=ORIENTED_EDGE('',*,*,#4345,.T.);
#6289=ORIENTED_EDGE('',*,*,#4314,.F.);
#6290=ORIENTED_EDGE('',*,*,#4317,.F.);
#6291=ORIENTED_EDGE('',*,*,#4318,.F.);
#6292=ORIENTED_EDGE('',*,*,#4164,.F.);
#6293=ORIENTED_EDGE('',*,*,#4346,.F.);
#6294=ORIENTED_EDGE('',*,*,#4347,.F.);
#6295=ORIENTED_EDGE('',*,*,#4348,.F.);
#6296=ORIENTED_EDGE('',*,*,#4110,.F.);
#6297=ORIENTED_EDGE('',*,*,#4117,.T.);
#6298=ORIENTED_EDGE('',*,*,#4340,.T.);
#6299=ORIENTED_EDGE('',*,*,#4349,.F.);
#6300=ORIENTED_EDGE('',*,*,#4109,.F.);
#6301=ORIENTED_EDGE('',*,*,#4349,.T.);
#6302=ORIENTED_EDGE('',*,*,#4339,.T.);
#6303=ORIENTED_EDGE('',*,*,#4120,.F.);
#6304=ORIENTED_EDGE('',*,*,#4260,.F.);
#6305=ORIENTED_EDGE('',*,*,#4350,.F.);
#6306=ORIENTED_EDGE('',*,*,#4334,.T.);
#6307=ORIENTED_EDGE('',*,*,#4325,.F.);
#6308=ORIENTED_EDGE('',*,*,#4021,.T.);
#6309=ORIENTED_EDGE('',*,*,#4262,.F.);
#6310=ORIENTED_EDGE('',*,*,#4351,.T.);
#6311=ORIENTED_EDGE('',*,*,#4335,.T.);
#6312=ORIENTED_EDGE('',*,*,#4350,.T.);
#6313=ORIENTED_EDGE('',*,*,#3989,.F.);
#6314=ORIENTED_EDGE('',*,*,#4018,.T.);
#6315=ORIENTED_EDGE('',*,*,#4333,.T.);
#6316=ORIENTED_EDGE('',*,*,#4352,.T.);
#6317=ORIENTED_EDGE('',*,*,#4264,.F.);
#6318=ORIENTED_EDGE('',*,*,#4353,.F.);
#6319=ORIENTED_EDGE('',*,*,#4336,.T.);
#6320=ORIENTED_EDGE('',*,*,#4351,.F.);
#6321=ORIENTED_EDGE('',*,*,#3987,.F.);
#6322=ORIENTED_EDGE('',*,*,#4352,.F.);
#6323=ORIENTED_EDGE('',*,*,#4332,.T.);
#6324=ORIENTED_EDGE('',*,*,#4354,.F.);
#6325=ORIENTED_EDGE('',*,*,#4266,.F.);
#6326=ORIENTED_EDGE('',*,*,#4355,.T.);
#6327=ORIENTED_EDGE('',*,*,#4337,.T.);
#6328=ORIENTED_EDGE('',*,*,#4353,.T.);
#6329=ORIENTED_EDGE('',*,*,#3982,.F.);
#6330=ORIENTED_EDGE('',*,*,#4354,.T.);
#6331=ORIENTED_EDGE('',*,*,#4331,.T.);
#6332=ORIENTED_EDGE('',*,*,#4356,.T.);
#6333=ORIENTED_EDGE('',*,*,#4216,.F.);
#6334=ORIENTED_EDGE('',*,*,#4220,.F.);
#6335=ORIENTED_EDGE('',*,*,#4338,.T.);
#6336=ORIENTED_EDGE('',*,*,#4355,.F.);
#6337=ORIENTED_EDGE('',*,*,#4033,.F.);
#6338=ORIENTED_EDGE('',*,*,#4357,.T.);
#6339=ORIENTED_EDGE('',*,*,#3823,.F.);
#6340=ORIENTED_EDGE('',*,*,#4357,.F.);
#6341=ORIENTED_EDGE('',*,*,#4034,.F.);
#6342=ORIENTED_EDGE('',*,*,#4358,.T.);
#6343=ORIENTED_EDGE('',*,*,#4359,.T.);
#6344=ORIENTED_EDGE('',*,*,#4358,.F.);
#6345=ORIENTED_EDGE('',*,*,#4281,.F.);
#6346=ORIENTED_EDGE('',*,*,#4287,.F.);
#6347=ORIENTED_EDGE('',*,*,#4341,.T.);
#6348=ORIENTED_EDGE('',*,*,#4360,.T.);
#6349=ORIENTED_EDGE('',*,*,#4279,.F.);
#6350=ORIENTED_EDGE('',*,*,#4360,.F.);
#6351=ORIENTED_EDGE('',*,*,#4342,.T.);
#6352=ORIENTED_EDGE('',*,*,#4290,.T.);
#6353=ORIENTED_EDGE('',*,*,#4138,.F.);
#6354=ORIENTED_EDGE('',*,*,#4361,.T.);
#6355=ORIENTED_EDGE('',*,*,#4348,.T.);
#6356=ORIENTED_EDGE('',*,*,#4362,.T.);
#6357=ORIENTED_EDGE('',*,*,#4128,.F.);
#6358=ORIENTED_EDGE('',*,*,#4362,.F.);
#6359=ORIENTED_EDGE('',*,*,#4347,.T.);
#6360=ORIENTED_EDGE('',*,*,#4363,.F.);
#6361=ORIENTED_EDGE('',*,*,#4134,.F.);
#6362=ORIENTED_EDGE('',*,*,#4363,.T.);
#6363=ORIENTED_EDGE('',*,*,#4346,.T.);
#6364=ORIENTED_EDGE('',*,*,#4163,.T.);
#6365=ORIENTED_EDGE('',*,*,#4149,.F.);
#6366=ORIENTED_EDGE('',*,*,#4152,.T.);
#6367=ORIENTED_EDGE('',*,*,#4298,.F.);
#6368=ORIENTED_EDGE('',*,*,#4364,.T.);
#6369=ORIENTED_EDGE('',*,*,#4140,.F.);
#6370=ORIENTED_EDGE('',*,*,#4365,.T.);
#6371=ORIENTED_EDGE('',*,*,#4304,.F.);
#6372=ORIENTED_EDGE('',*,*,#4315,.F.);
#6373=ORIENTED_EDGE('',*,*,#4345,.F.);
#6374=ORIENTED_EDGE('',*,*,#4343,.F.);
#6375=ORIENTED_EDGE('',*,*,#4361,.F.);
#6376=ORIENTED_EDGE('',*,*,#4359,.F.);
#6377=ORIENTED_EDGE('',*,*,#4143,.F.);
#6378=ORIENTED_EDGE('',*,*,#4366,.T.);
#6379=ORIENTED_EDGE('',*,*,#4302,.F.);
#6380=ORIENTED_EDGE('',*,*,#4365,.F.);
#6381=ORIENTED_EDGE('',*,*,#4145,.F.);
#6382=ORIENTED_EDGE('',*,*,#4364,.F.);
#6383=ORIENTED_EDGE('',*,*,#4300,.F.);
#6384=ORIENTED_EDGE('',*,*,#4366,.F.);
#6385=ORIENTED_EDGE('',*,*,#4098,.F.);
#6386=ORIENTED_EDGE('',*,*,#4367,.T.);
#6387=ORIENTED_EDGE('',*,*,#4328,.T.);
#6388=ORIENTED_EDGE('',*,*,#4223,.T.);
#6389=ORIENTED_EDGE('',*,*,#4102,.F.);
#6390=ORIENTED_EDGE('',*,*,#4356,.F.);
#6391=ORIENTED_EDGE('',*,*,#4330,.T.);
#6392=ORIENTED_EDGE('',*,*,#4368,.F.);
#6393=ORIENTED_EDGE('',*,*,#4101,.F.);
#6394=ORIENTED_EDGE('',*,*,#4368,.T.);
#6395=ORIENTED_EDGE('',*,*,#4329,.T.);
#6396=ORIENTED_EDGE('',*,*,#4367,.F.);
#6397=ORIENTED_EDGE('',*,*,#4255,.F.);
#6398=ORIENTED_EDGE('',*,*,#4029,.F.);
#6399=ORIENTED_EDGE('',*,*,#4032,.F.);
#6400=ORIENTED_EDGE('',*,*,#3822,.T.);
#6401=PLANE('',#7083);
#6402=PLANE('',#7084);
#6403=PLANE('',#7085);
#6404=PLANE('',#7086);
#6405=PLANE('',#7087);
#6406=PLANE('',#7088);
#6407=PLANE('',#7089);
#6408=PLANE('',#7090);
#6409=PLANE('',#7091);
#6410=PLANE('',#7092);
#6411=PLANE('',#7093);
#6412=PLANE('',#7094);
#6413=PLANE('',#7095);
#6414=PLANE('',#7096);
#6415=PLANE('',#7097);
#6416=PLANE('',#7098);
#6417=PLANE('',#7099);
#6418=PLANE('',#7100);
#6419=PLANE('',#7101);
#6420=PLANE('',#7102);
#6421=PLANE('',#7103);
#6422=PLANE('',#7104);
#6423=PLANE('',#7105);
#6424=PLANE('',#7106);
#6425=PLANE('',#7107);
#6426=PLANE('',#7108);
#6427=PLANE('',#7109);
#6428=PLANE('',#7110);
#6429=PLANE('',#7111);
#6430=PLANE('',#7112);
#6431=PLANE('',#7113);
#6432=PLANE('',#7114);
#6433=PLANE('',#7115);
#6434=PLANE('',#7116);
#6435=PLANE('',#7117);
#6436=PLANE('',#7118);
#6437=PLANE('',#7119);
#6438=PLANE('',#7120);
#6439=PLANE('',#7121);
#6440=PLANE('',#7122);
#6441=PLANE('',#7123);
#6442=PLANE('',#7124);
#6443=PLANE('',#7125);
#6444=PLANE('',#7126);
#6445=PLANE('',#7127);
#6446=PLANE('',#7128);
#6447=PLANE('',#7129);
#6448=PLANE('',#7130);
#6449=PLANE('',#7131);
#6450=PLANE('',#7132);
#6451=PLANE('',#7133);
#6452=PLANE('',#7134);
#6453=PLANE('',#7135);
#6454=PLANE('',#7136);
#6455=PLANE('',#7137);
#6456=PLANE('',#7138);
#6457=PLANE('',#7139);
#6458=PLANE('',#7140);
#6459=PLANE('',#7142);
#6460=PLANE('',#7143);
#6461=PLANE('',#7144);
#6462=PLANE('',#7145);
#6463=PLANE('',#7146);
#6464=PLANE('',#7147);
#6465=PLANE('',#7148);
#6466=PLANE('',#7149);
#6467=PLANE('',#7150);
#6468=PLANE('',#7151);
#6469=PLANE('',#7152);
#6470=PLANE('',#7153);
#6471=PLANE('',#7154);
#6472=PLANE('',#7155);
#6473=PLANE('',#7156);
#6474=PLANE('',#7157);
#6475=PLANE('',#7158);
#6476=PLANE('',#7159);
#6477=PLANE('',#7160);
#6478=PLANE('',#7161);
#6479=PLANE('',#7162);
#6480=PLANE('',#7163);
#6481=PLANE('',#7164);
#6482=PLANE('',#7165);
#6483=PLANE('',#7166);
#6484=PLANE('',#7167);
#6485=PLANE('',#7168);
#6486=PLANE('',#7169);
#6487=PLANE('',#7170);
#6488=PLANE('',#7171);
#6489=PLANE('',#7172);
#6490=PLANE('',#7173);
#6491=PLANE('',#7174);
#6492=PLANE('',#7175);
#6493=PLANE('',#7177);
#6494=PLANE('',#7179);
#6495=PLANE('',#7180);
#6496=PLANE('',#7181);
#6497=PLANE('',#7182);
#6498=PLANE('',#7184);
#6499=PLANE('',#7185);
#6500=PLANE('',#7188);
#6501=PLANE('',#7191);
#6502=PLANE('',#7193);
#6503=PLANE('',#7195);
#6504=PLANE('',#7196);
#6505=PLANE('',#7198);
#6506=PLANE('',#7199);
#6507=PLANE('',#7200);
#6508=PLANE('',#7201);
#6509=PLANE('',#7202);
#6510=PLANE('',#7203);
#6511=PLANE('',#7204);
#6512=PLANE('',#7205);
#6513=PLANE('',#7206);
#6514=PLANE('',#7207);
#6515=PLANE('',#7208);
#6516=PLANE('',#7209);
#6517=PLANE('',#7210);
#6518=PLANE('',#7211);
#6519=PLANE('',#7212);
#6520=PLANE('',#7213);
#6521=PLANE('',#7214);
#6522=PLANE('',#7215);
#6523=PLANE('',#7216);
#6524=PLANE('',#7217);
#6525=PLANE('',#7218);
#6526=PLANE('',#7219);
#6527=PLANE('',#7220);
#6528=PLANE('',#7221);
#6529=PLANE('',#7222);
#6530=PLANE('',#7223);
#6531=PLANE('',#7224);
#6532=PLANE('',#7225);
#6533=PLANE('',#7226);
#6534=PLANE('',#7227);
#6535=PLANE('',#7228);
#6536=PLANE('',#7229);
#6537=PLANE('',#7230);
#6538=PLANE('',#7231);
#6539=PLANE('',#7233);
#6540=PLANE('',#7235);
#6541=PLANE('',#7236);
#6542=PLANE('',#7237);
#6543=PLANE('',#7238);
#6544=PLANE('',#7239);
#6545=PLANE('',#7240);
#6546=PLANE('',#7241);
#6547=PLANE('',#7242);
#6548=PLANE('',#7243);
#6549=PLANE('',#7244);
#6550=PLANE('',#7245);
#6551=PLANE('',#7246);
#6552=PLANE('',#7247);
#6553=PLANE('',#7248);
#6554=PLANE('',#7249);
#6555=PLANE('',#7250);
#6556=PLANE('',#7251);
#6557=PLANE('',#7252);
#6558=PLANE('',#7253);
#6559=PLANE('',#7254);
#6560=PLANE('',#7255);
#6561=PLANE('',#7256);
#6562=PLANE('',#7258);
#6563=PLANE('',#7259);
#6564=PLANE('',#7260);
#6565=PLANE('',#7261);
#6566=PLANE('',#7262);
#6567=PLANE('',#7263);
#6568=PLANE('',#7264);
#6569=PLANE('',#7265);
#6570=PLANE('',#7266);
#6571=PLANE('',#7267);
#6572=PLANE('',#7268);
#6573=PLANE('',#7269);
#6574=PLANE('',#7270);
#6575=PLANE('',#7271);
#6576=PLANE('',#7272);
#6577=PLANE('',#7273);
#6578=PLANE('',#7274);
#6579=PLANE('',#7275);
#6580=PLANE('',#7276);
#6581=PLANE('',#7277);
#6582=PLANE('',#7278);
#6583=PLANE('',#7279);
#6584=PLANE('',#7280);
#6585=PLANE('',#7281);
#6586=PLANE('',#7282);
#6587=PLANE('',#7283);
#6588=PLANE('',#7284);
#6589=PLANE('',#7286);
#6590=PLANE('',#7289);
#6591=PLANE('',#7290);
#6592=PLANE('',#7291);
#6593=PLANE('',#7292);
#6594=PLANE('',#7293);
#6595=PLANE('',#7294);
#6596=PLANE('',#7295);
#6597=PLANE('',#7296);
#6598=PLANE('',#7297);
#6599=PLANE('',#7298);
#6600=PLANE('',#7299);
#6601=PLANE('',#7300);
#6602=PLANE('',#7301);
#6603=PLANE('',#7302);
#6604=PLANE('',#7303);
#6605=PLANE('',#7304);
#6606=PLANE('',#7305);
#6607=PLANE('',#7306);
#6608=PLANE('',#7307);
#6609=PLANE('',#7308);
#6610=PLANE('',#7309);
#6611=PLANE('',#7310);
#6612=PLANE('',#7311);
#6613=PLANE('',#7312);
#6614=PLANE('',#7313);
#6615=PLANE('',#7314);
#6616=PLANE('',#7315);
#6617=PLANE('',#7316);
#6618=PLANE('',#7317);
#6619=PLANE('',#7318);
#6620=PLANE('',#7319);
#6621=PLANE('',#7320);
#6622=PLANE('',#7321);
#6623=PLANE('',#7322);
#6624=PLANE('',#7323);
#6625=PLANE('',#7324);
#6626=PLANE('',#7325);
#6627=PLANE('',#7327);
#6628=PLANE('',#7328);
#6629=PLANE('',#7330);
#6630=PLANE('',#7332);
#6631=PLANE('',#7333);
#6632=PLANE('',#7334);
#6633=PLANE('',#7335);
#6634=PLANE('',#7336);
#6635=PLANE('',#7337);
#6636=PLANE('',#7339);
#6637=PLANE('',#7341);
#6638=PLANE('',#7342);
#6639=PLANE('',#7343);
#6640=PLANE('',#7344);
#6641=PLANE('',#7345);
#6642=PLANE('',#7346);
#6643=PLANE('',#7347);
#6644=PLANE('',#7348);
#6645=PLANE('',#7349);
#6646=PLANE('',#7350);
#6647=PLANE('',#7351);
#6648=PLANE('',#7352);
#6649=PLANE('',#7353);
#6650=PLANE('',#7354);
#6651=PLANE('',#7355);
#6652=PLANE('',#7356);
#6653=PLANE('',#7358);
#6654=PLANE('',#7359);
#6655=PLANE('',#7383);
#6656=PLANE('',#7384);
#6657=PLANE('',#7385);
#6658=PLANE('',#7386);
#6659=PLANE('',#7387);
#6660=PLANE('',#7388);
#6661=PLANE('',#7389);
#6662=PLANE('',#7390);
#6663=PLANE('',#7391);
#6664=PLANE('',#7392);
#6665=PLANE('',#7396);
#6666=PLANE('',#7397);
#6667=PLANE('',#7398);
#6668=PLANE('',#7399);
#6669=PLANE('',#7400);
#6670=PLANE('',#7401);
#6671=PLANE('',#7402);
#6672=PLANE('',#7403);
#6673=PLANE('',#7404);
#6674=PLANE('',#7405);
#6675=PLANE('',#7406);
#6676=PLANE('',#7407);
#6677=PLANE('',#7408);
#6678=ADVANCED_FACE('',(#412),#6401,.F.);
#6679=ADVANCED_FACE('',(#413),#6402,.F.);
#6680=ADVANCED_FACE('',(#414),#305,.F.);
#6681=ADVANCED_FACE('',(#415),#306,.F.);
#6682=ADVANCED_FACE('',(#416),#6403,.F.);
#6683=ADVANCED_FACE('',(#417),#307,.F.);
#6684=ADVANCED_FACE('',(#418),#308,.F.);
#6685=ADVANCED_FACE('',(#419),#6404,.F.);
#6686=ADVANCED_FACE('',(#420),#6405,.F.);
#6687=ADVANCED_FACE('',(#421),#6406,.F.);
#6688=ADVANCED_FACE('',(#422),#6407,.F.);
#6689=ADVANCED_FACE('',(#423),#6408,.F.);
#6690=ADVANCED_FACE('',(#424),#6409,.F.);
#6691=ADVANCED_FACE('',(#425),#6410,.F.);
#6692=ADVANCED_FACE('',(#426),#309,.F.);
#6693=ADVANCED_FACE('',(#427),#310,.F.);
#6694=ADVANCED_FACE('',(#428),#6411,.F.);
#6695=ADVANCED_FACE('',(#429),#311,.F.);
#6696=ADVANCED_FACE('',(#430),#312,.F.);
#6697=ADVANCED_FACE('',(#431),#6412,.F.);
#6698=ADVANCED_FACE('',(#432),#6413,.F.);
#6699=ADVANCED_FACE('',(#433,#64),#6414,.T.);
#6700=ADVANCED_FACE('',(#434),#313,.F.);
#6701=ADVANCED_FACE('',(#435),#314,.F.);
#6702=ADVANCED_FACE('',(#436),#6415,.F.);
#6703=ADVANCED_FACE('',(#437),#315,.F.);
#6704=ADVANCED_FACE('',(#438),#316,.F.);
#6705=ADVANCED_FACE('',(#439),#317,.F.);
#6706=ADVANCED_FACE('',(#440),#318,.F.);
#6707=ADVANCED_FACE('',(#441),#319,.F.);
#6708=ADVANCED_FACE('',(#442),#320,.F.);
#6709=ADVANCED_FACE('',(#443),#6416,.F.);
#6710=ADVANCED_FACE('',(#444),#321,.F.);
#6711=ADVANCED_FACE('',(#445),#322,.F.);
#6712=ADVANCED_FACE('',(#446),#323,.F.);
#6713=ADVANCED_FACE('',(#447),#324,.F.);
#6714=ADVANCED_FACE('',(#448),#325,.F.);
#6715=ADVANCED_FACE('',(#449),#326,.F.);
#6716=ADVANCED_FACE('',(#450),#327,.F.);
#6717=ADVANCED_FACE('',(#451),#328,.F.);
#6718=ADVANCED_FACE('',(#452),#6417,.F.);
#6719=ADVANCED_FACE('',(#453),#329,.F.);
#6720=ADVANCED_FACE('',(#454),#330,.F.);
#6721=ADVANCED_FACE('',(#455),#331,.F.);
#6722=ADVANCED_FACE('',(#456),#332,.F.);
#6723=ADVANCED_FACE('',(#457),#333,.F.);
#6724=ADVANCED_FACE('',(#458),#334,.F.);
#6725=ADVANCED_FACE('',(#459),#335,.F.);
#6726=ADVANCED_FACE('',(#460),#336,.F.);
#6727=ADVANCED_FACE('',(#461),#337,.F.);
#6728=ADVANCED_FACE('',(#462),#338,.F.);
#6729=ADVANCED_FACE('',(#463),#6418,.F.);
#6730=ADVANCED_FACE('',(#464),#339,.F.);
#6731=ADVANCED_FACE('',(#465),#340,.F.);
#6732=ADVANCED_FACE('',(#466),#341,.F.);
#6733=ADVANCED_FACE('',(#467),#342,.F.);
#6734=ADVANCED_FACE('',(#468),#343,.F.);
#6735=ADVANCED_FACE('',(#469),#344,.F.);
#6736=ADVANCED_FACE('',(#470,#65),#6419,.T.);
#6737=ADVANCED_FACE('',(#471),#345,.F.);
#6738=ADVANCED_FACE('',(#472),#346,.F.);
#6739=ADVANCED_FACE('',(#473),#6420,.F.);
#6740=ADVANCED_FACE('',(#474),#347,.F.);
#6741=ADVANCED_FACE('',(#475),#348,.F.);
#6742=ADVANCED_FACE('',(#476),#349,.F.);
#6743=ADVANCED_FACE('',(#477),#350,.F.);
#6744=ADVANCED_FACE('',(#478),#351,.F.);
#6745=ADVANCED_FACE('',(#479),#352,.F.);
#6746=ADVANCED_FACE('',(#480),#6421,.F.);
#6747=ADVANCED_FACE('',(#481),#353,.F.);
#6748=ADVANCED_FACE('',(#482),#354,.F.);
#6749=ADVANCED_FACE('',(#483),#355,.F.);
#6750=ADVANCED_FACE('',(#484),#356,.F.);
#6751=ADVANCED_FACE('',(#485),#357,.F.);
#6752=ADVANCED_FACE('',(#486),#358,.F.);
#6753=ADVANCED_FACE('',(#487),#359,.F.);
#6754=ADVANCED_FACE('',(#488),#360,.F.);
#6755=ADVANCED_FACE('',(#489),#6422,.F.);
#6756=ADVANCED_FACE('',(#490),#361,.F.);
#6757=ADVANCED_FACE('',(#491),#362,.F.);
#6758=ADVANCED_FACE('',(#492),#363,.F.);
#6759=ADVANCED_FACE('',(#493),#364,.F.);
#6760=ADVANCED_FACE('',(#494),#365,.F.);
#6761=ADVANCED_FACE('',(#495),#366,.F.);
#6762=ADVANCED_FACE('',(#496),#367,.F.);
#6763=ADVANCED_FACE('',(#497),#368,.F.);
#6764=ADVANCED_FACE('',(#498),#369,.F.);
#6765=ADVANCED_FACE('',(#499),#370,.F.);
#6766=ADVANCED_FACE('',(#500),#6423,.F.);
#6767=ADVANCED_FACE('',(#501),#371,.F.);
#6768=ADVANCED_FACE('',(#502),#372,.F.);
#6769=ADVANCED_FACE('',(#503),#373,.F.);
#6770=ADVANCED_FACE('',(#504),#374,.F.);
#6771=ADVANCED_FACE('',(#505),#375,.F.);
#6772=ADVANCED_FACE('',(#506),#376,.F.);
#6773=ADVANCED_FACE('',(#507,#66),#6424,.T.);
#6774=ADVANCED_FACE('',(#508),#6425,.F.);
#6775=ADVANCED_FACE('',(#509),#6426,.F.);
#6776=ADVANCED_FACE('',(#510),#6427,.F.);
#6777=ADVANCED_FACE('',(#511),#6428,.F.);
#6778=ADVANCED_FACE('',(#512),#377,.F.);
#6779=ADVANCED_FACE('',(#513),#378,.F.);
#6780=ADVANCED_FACE('',(#514),#379,.F.);
#6781=ADVANCED_FACE('',(#515),#380,.F.);
#6782=ADVANCED_FACE('',(#516),#381,.F.);
#6783=ADVANCED_FACE('',(#517),#6429,.F.);
#6784=ADVANCED_FACE('',(#518),#382,.F.);
#6785=ADVANCED_FACE('',(#519),#383,.F.);
#6786=ADVANCED_FACE('',(#520),#384,.F.);
#6787=ADVANCED_FACE('',(#521),#6430,.F.);
#6788=ADVANCED_FACE('',(#522),#385,.F.);
#6789=ADVANCED_FACE('',(#523),#386,.F.);
#6790=ADVANCED_FACE('',(#524),#387,.F.);
#6791=ADVANCED_FACE('',(#525),#6431,.F.);
#6792=ADVANCED_FACE('',(#526),#388,.F.);
#6793=ADVANCED_FACE('',(#527),#389,.F.);
#6794=ADVANCED_FACE('',(#528),#390,.F.);
#6795=ADVANCED_FACE('',(#529),#391,.F.);
#6796=ADVANCED_FACE('',(#530),#392,.F.);
#6797=ADVANCED_FACE('',(#531),#6432,.F.);
#6798=ADVANCED_FACE('',(#532),#6433,.T.);
#6799=ADVANCED_FACE('',(#533),#393,.F.);
#6800=ADVANCED_FACE('',(#534),#394,.F.);
#6801=ADVANCED_FACE('',(#535),#6434,.F.);
#6802=ADVANCED_FACE('',(#536),#395,.F.);
#6803=ADVANCED_FACE('',(#537),#396,.F.);
#6804=ADVANCED_FACE('',(#538),#6435,.F.);
#6805=ADVANCED_FACE('',(#539),#397,.F.);
#6806=ADVANCED_FACE('',(#540),#6436,.F.);
#6807=ADVANCED_FACE('',(#541),#398,.F.);
#6808=ADVANCED_FACE('',(#542),#399,.F.);
#6809=ADVANCED_FACE('',(#543),#400,.F.);
#6810=ADVANCED_FACE('',(#544),#6437,.F.);
#6811=ADVANCED_FACE('',(#545),#401,.F.);
#6812=ADVANCED_FACE('',(#546),#402,.F.);
#6813=ADVANCED_FACE('',(#547),#403,.F.);
#6814=ADVANCED_FACE('',(#548),#6438,.F.);
#6815=ADVANCED_FACE('',(#549),#404,.F.);
#6816=ADVANCED_FACE('',(#550),#6439,.F.);
#6817=ADVANCED_FACE('',(#551),#405,.F.);
#6818=ADVANCED_FACE('',(#552),#406,.F.);
#6819=ADVANCED_FACE('',(#553),#6440,.F.);
#6820=ADVANCED_FACE('',(#554),#407,.F.);
#6821=ADVANCED_FACE('',(#555),#408,.F.);
#6822=ADVANCED_FACE('',(#556),#6441,.F.);
#6823=ADVANCED_FACE('',(#557),#409,.F.);
#6824=ADVANCED_FACE('',(#558),#410,.F.);
#6825=ADVANCED_FACE('',(#559),#6442,.T.);
#6826=ADVANCED_FACE('',(#560),#6443,.F.);
#6827=ADVANCED_FACE('',(#561),#6444,.F.);
#6828=ADVANCED_FACE('',(#562),#6445,.F.);
#6829=ADVANCED_FACE('',(#563),#6446,.F.);
#6830=ADVANCED_FACE('',(#564),#6447,.F.);
#6831=ADVANCED_FACE('',(#565),#6448,.F.);
#6832=ADVANCED_FACE('',(#566),#6449,.F.);
#6833=ADVANCED_FACE('',(#567,#67,#68,#69,#70,#71,#72),#6450,.T.);
#6834=ADVANCED_FACE('',(#568),#6451,.T.);
#6835=ADVANCED_FACE('',(#569),#6452,.T.);
#6836=ADVANCED_FACE('',(#570),#6453,.T.);
#6837=ADVANCED_FACE('',(#571),#6454,.T.);
#6838=ADVANCED_FACE('',(#572),#6455,.T.);
#6839=ADVANCED_FACE('',(#573),#6456,.T.);
#6840=ADVANCED_FACE('',(#574),#6457,.T.);
#6841=ADVANCED_FACE('',(#575,#73),#6458,.T.);
#6842=ADVANCED_FACE('',(#576),#6459,.T.);
#6843=ADVANCED_FACE('',(#577),#6460,.T.);
#6844=ADVANCED_FACE('',(#578),#6461,.T.);
#6845=ADVANCED_FACE('',(#579),#6462,.T.);
#6846=ADVANCED_FACE('',(#580),#6463,.T.);
#6847=ADVANCED_FACE('',(#581),#6464,.T.);
#6848=ADVANCED_FACE('',(#582),#6465,.T.);
#6849=ADVANCED_FACE('',(#583),#6466,.T.);
#6850=ADVANCED_FACE('',(#584),#6467,.T.);
#6851=ADVANCED_FACE('',(#585),#6468,.T.);
#6852=ADVANCED_FACE('',(#586),#6469,.F.);
#6853=ADVANCED_FACE('',(#587),#6470,.T.);
#6854=ADVANCED_FACE('',(#588),#6471,.T.);
#6855=ADVANCED_FACE('',(#589,#74,#75),#6472,.T.);
#6856=ADVANCED_FACE('',(#590),#6473,.T.);
#6857=ADVANCED_FACE('',(#591),#6474,.T.);
#6858=ADVANCED_FACE('',(#592,#76,#77),#6475,.T.);
#6859=ADVANCED_FACE('',(#593),#6476,.T.);
#6860=ADVANCED_FACE('',(#594),#6477,.T.);
#6861=ADVANCED_FACE('',(#595),#6478,.T.);
#6862=ADVANCED_FACE('',(#596),#6479,.T.);
#6863=ADVANCED_FACE('',(#597),#6480,.T.);
#6864=ADVANCED_FACE('',(#598),#6481,.T.);
#6865=ADVANCED_FACE('',(#599),#6482,.T.);
#6866=ADVANCED_FACE('',(#600),#6483,.T.);
#6867=ADVANCED_FACE('',(#601),#6484,.T.);
#6868=ADVANCED_FACE('',(#602),#6485,.T.);
#6869=ADVANCED_FACE('',(#603),#6486,.T.);
#6870=ADVANCED_FACE('',(#604),#6487,.T.);
#6871=ADVANCED_FACE('',(#605),#6488,.T.);
#6872=ADVANCED_FACE('',(#606),#6489,.T.);
#6873=ADVANCED_FACE('',(#607),#6490,.T.);
#6874=ADVANCED_FACE('',(#608),#6491,.T.);
#6875=ADVANCED_FACE('',(#609),#6492,.T.);
#6876=ADVANCED_FACE('',(#610),#6493,.T.);
#6877=ADVANCED_FACE('',(#611),#6494,.T.);
#6878=ADVANCED_FACE('',(#612),#6495,.T.);
#6879=ADVANCED_FACE('',(#613),#6496,.T.);
#6880=ADVANCED_FACE('',(#614,#78),#6497,.F.);
#6881=ADVANCED_FACE('',(#615),#6498,.T.);
#6882=ADVANCED_FACE('',(#616,#79,#80),#6499,.T.);
#6883=ADVANCED_FACE('',(#617),#6500,.T.);
#6884=ADVANCED_FACE('',(#618),#6501,.T.);
#6885=ADVANCED_FACE('',(#619),#6502,.T.);
#6886=ADVANCED_FACE('',(#620),#6503,.T.);
#6887=ADVANCED_FACE('',(#621),#6504,.T.);
#6888=ADVANCED_FACE('',(#622),#6505,.T.);
#6889=ADVANCED_FACE('',(#623),#6506,.F.);
#6890=ADVANCED_FACE('',(#624),#6507,.T.);
#6891=ADVANCED_FACE('',(#625),#6508,.T.);
#6892=ADVANCED_FACE('',(#626),#6509,.T.);
#6893=ADVANCED_FACE('',(#627),#6510,.T.);
#6894=ADVANCED_FACE('',(#628),#6511,.T.);
#6895=ADVANCED_FACE('',(#629),#6512,.T.);
#6896=ADVANCED_FACE('',(#630),#6513,.T.);
#6897=ADVANCED_FACE('',(#631),#6514,.T.);
#6898=ADVANCED_FACE('',(#632),#6515,.T.);
#6899=ADVANCED_FACE('',(#633),#6516,.T.);
#6900=ADVANCED_FACE('',(#634),#6517,.T.);
#6901=ADVANCED_FACE('',(#635),#6518,.T.);
#6902=ADVANCED_FACE('',(#636),#6519,.T.);
#6903=ADVANCED_FACE('',(#637),#6520,.T.);
#6904=ADVANCED_FACE('',(#638),#6521,.T.);
#6905=ADVANCED_FACE('',(#639),#6522,.T.);
#6906=ADVANCED_FACE('',(#640),#6523,.T.);
#6907=ADVANCED_FACE('',(#641),#6524,.T.);
#6908=ADVANCED_FACE('',(#642),#6525,.T.);
#6909=ADVANCED_FACE('',(#643),#6526,.T.);
#6910=ADVANCED_FACE('',(#644),#6527,.T.);
#6911=ADVANCED_FACE('',(#645),#6528,.T.);
#6912=ADVANCED_FACE('',(#646),#6529,.T.);
#6913=ADVANCED_FACE('',(#647),#6530,.T.);
#6914=ADVANCED_FACE('',(#648),#6531,.T.);
#6915=ADVANCED_FACE('',(#649),#6532,.T.);
#6916=ADVANCED_FACE('',(#650),#6533,.T.);
#6917=ADVANCED_FACE('',(#651),#6534,.T.);
#6918=ADVANCED_FACE('',(#652),#6535,.T.);
#6919=ADVANCED_FACE('',(#653),#6536,.T.);
#6920=ADVANCED_FACE('',(#654),#6537,.T.);
#6921=ADVANCED_FACE('',(#655),#6538,.F.);
#6922=ADVANCED_FACE('',(#656),#6539,.F.);
#6923=ADVANCED_FACE('',(#657),#6540,.F.);
#6924=ADVANCED_FACE('',(#658),#6541,.T.);
#6925=ADVANCED_FACE('',(#659),#6542,.T.);
#6926=ADVANCED_FACE('',(#660),#6543,.T.);
#6927=ADVANCED_FACE('',(#661),#6544,.T.);
#6928=ADVANCED_FACE('',(#662),#6545,.T.);
#6929=ADVANCED_FACE('',(#663),#6546,.T.);
#6930=ADVANCED_FACE('',(#664),#6547,.T.);
#6931=ADVANCED_FACE('',(#665),#6548,.T.);
#6932=ADVANCED_FACE('',(#666),#6549,.T.);
#6933=ADVANCED_FACE('',(#667),#6550,.T.);
#6934=ADVANCED_FACE('',(#668),#6551,.T.);
#6935=ADVANCED_FACE('',(#669),#6552,.T.);
#6936=ADVANCED_FACE('',(#670),#6553,.T.);
#6937=ADVANCED_FACE('',(#671),#6554,.T.);
#6938=ADVANCED_FACE('',(#672),#6555,.F.);
#6939=ADVANCED_FACE('',(#673),#6556,.F.);
#6940=ADVANCED_FACE('',(#674),#6557,.F.);
#6941=ADVANCED_FACE('',(#675),#6558,.T.);
#6942=ADVANCED_FACE('',(#676),#6559,.F.);
#6943=ADVANCED_FACE('',(#677),#6560,.T.);
#6944=ADVANCED_FACE('',(#678),#6561,.F.);
#6945=ADVANCED_FACE('',(#679),#6562,.T.);
#6946=ADVANCED_FACE('',(#680),#6563,.T.);
#6947=ADVANCED_FACE('',(#681),#6564,.T.);
#6948=ADVANCED_FACE('',(#682),#6565,.T.);
#6949=ADVANCED_FACE('',(#683),#6566,.T.);
#6950=ADVANCED_FACE('',(#684),#6567,.T.);
#6951=ADVANCED_FACE('',(#685),#6568,.T.);
#6952=ADVANCED_FACE('',(#686),#6569,.T.);
#6953=ADVANCED_FACE('',(#687),#6570,.T.);
#6954=ADVANCED_FACE('',(#688),#6571,.T.);
#6955=ADVANCED_FACE('',(#689),#6572,.T.);
#6956=ADVANCED_FACE('',(#690),#6573,.T.);
#6957=ADVANCED_FACE('',(#691),#6574,.T.);
#6958=ADVANCED_FACE('',(#692),#6575,.T.);
#6959=ADVANCED_FACE('',(#693),#6576,.T.);
#6960=ADVANCED_FACE('',(#694),#6577,.T.);
#6961=ADVANCED_FACE('',(#695),#6578,.T.);
#6962=ADVANCED_FACE('',(#696),#6579,.T.);
#6963=ADVANCED_FACE('',(#697),#6580,.T.);
#6964=ADVANCED_FACE('',(#698),#6581,.T.);
#6965=ADVANCED_FACE('',(#699),#6582,.T.);
#6966=ADVANCED_FACE('',(#700),#6583,.T.);
#6967=ADVANCED_FACE('',(#701),#6584,.T.);
#6968=ADVANCED_FACE('',(#702),#6585,.T.);
#6969=ADVANCED_FACE('',(#703),#6586,.T.);
#6970=ADVANCED_FACE('',(#704),#6587,.T.);
#6971=ADVANCED_FACE('',(#705),#6588,.T.);
#6972=ADVANCED_FACE('',(#706),#6589,.T.);
#6973=ADVANCED_FACE('',(#707),#6590,.T.);
#6974=ADVANCED_FACE('',(#708),#6591,.F.);
#6975=ADVANCED_FACE('',(#709),#6592,.T.);
#6976=ADVANCED_FACE('',(#710),#6593,.F.);
#6977=ADVANCED_FACE('',(#711),#6594,.F.);
#6978=ADVANCED_FACE('',(#712),#6595,.T.);
#6979=ADVANCED_FACE('',(#713),#6596,.T.);
#6980=ADVANCED_FACE('',(#714),#6597,.T.);
#6981=ADVANCED_FACE('',(#715),#6598,.F.);
#6982=ADVANCED_FACE('',(#716),#6599,.T.);
#6983=ADVANCED_FACE('',(#717),#6600,.T.);
#6984=ADVANCED_FACE('',(#718),#6601,.T.);
#6985=ADVANCED_FACE('',(#719),#6602,.T.);
#6986=ADVANCED_FACE('',(#720),#6603,.T.);
#6987=ADVANCED_FACE('',(#721),#6604,.T.);
#6988=ADVANCED_FACE('',(#722),#6605,.T.);
#6989=ADVANCED_FACE('',(#723),#6606,.T.);
#6990=ADVANCED_FACE('',(#724),#6607,.T.);
#6991=ADVANCED_FACE('',(#725),#6608,.F.);
#6992=ADVANCED_FACE('',(#726),#6609,.F.);
#6993=ADVANCED_FACE('',(#727),#6610,.T.);
#6994=ADVANCED_FACE('',(#728),#6611,.T.);
#6995=ADVANCED_FACE('',(#729),#6612,.T.);
#6996=ADVANCED_FACE('',(#730),#6613,.T.);
#6997=ADVANCED_FACE('',(#731),#6614,.T.);
#6998=ADVANCED_FACE('',(#732),#6615,.T.);
#6999=ADVANCED_FACE('',(#733),#6616,.T.);
#7000=ADVANCED_FACE('',(#734),#6617,.T.);
#7001=ADVANCED_FACE('',(#735),#6618,.T.);
#7002=ADVANCED_FACE('',(#736),#6619,.T.);
#7003=ADVANCED_FACE('',(#737),#6620,.T.);
#7004=ADVANCED_FACE('',(#738),#6621,.T.);
#7005=ADVANCED_FACE('',(#739),#6622,.T.);
#7006=ADVANCED_FACE('',(#740),#6623,.T.);
#7007=ADVANCED_FACE('',(#741),#6624,.T.);
#7008=ADVANCED_FACE('',(#742),#6625,.T.);
#7009=ADVANCED_FACE('',(#743),#6626,.T.);
#7010=ADVANCED_FACE('',(#744),#6627,.T.);
#7011=ADVANCED_FACE('',(#745),#6628,.T.);
#7012=ADVANCED_FACE('',(#746),#6629,.T.);
#7013=ADVANCED_FACE('',(#747),#6630,.T.);
#7014=ADVANCED_FACE('',(#748),#6631,.T.);
#7015=ADVANCED_FACE('',(#749),#6632,.T.);
#7016=ADVANCED_FACE('',(#750),#6633,.T.);
#7017=ADVANCED_FACE('',(#751),#6634,.T.);
#7018=ADVANCED_FACE('',(#752),#6635,.F.);
#7019=ADVANCED_FACE('',(#753),#6636,.F.);
#7020=ADVANCED_FACE('',(#754),#6637,.F.);
#7021=ADVANCED_FACE('',(#755),#6638,.T.);
#7022=ADVANCED_FACE('',(#756),#6639,.T.);
#7023=ADVANCED_FACE('',(#757),#6640,.T.);
#7024=ADVANCED_FACE('',(#758),#6641,.T.);
#7025=ADVANCED_FACE('',(#759),#6642,.T.);
#7026=ADVANCED_FACE('',(#760),#6643,.T.);
#7027=ADVANCED_FACE('',(#761),#6644,.T.);
#7028=ADVANCED_FACE('',(#762),#6645,.T.);
#7029=ADVANCED_FACE('',(#763),#6646,.T.);
#7030=ADVANCED_FACE('',(#764),#6647,.T.);
#7031=ADVANCED_FACE('',(#765),#6648,.T.);
#7032=ADVANCED_FACE('',(#766),#6649,.T.);
#7033=ADVANCED_FACE('',(#767),#6650,.T.);
#7034=ADVANCED_FACE('',(#768),#6651,.T.);
#7035=ADVANCED_FACE('',(#769),#6652,.T.);
#7036=ADVANCED_FACE('',(#770),#6653,.F.);
#7037=ADVANCED_FACE('',(#771),#6654,.T.);
#7038=ADVANCED_FACE('',(#772),#19,.F.);
#7039=ADVANCED_FACE('',(#773),#411,.T.);
#7040=ADVANCED_FACE('',(#774),#20,.F.);
#7041=ADVANCED_FACE('',(#775),#21,.F.);
#7042=ADVANCED_FACE('',(#776,#81,#82),#15,.F.);
#7043=ADVANCED_FACE('',(#777),#16,.F.);
#7044=ADVANCED_FACE('',(#778),#6655,.F.);
#7045=ADVANCED_FACE('',(#779),#6656,.F.);
#7046=ADVANCED_FACE('',(#780),#6657,.T.);
#7047=ADVANCED_FACE('',(#781),#6658,.T.);
#7048=ADVANCED_FACE('',(#782),#6659,.T.);
#7049=ADVANCED_FACE('',(#783),#6660,.T.);
#7050=ADVANCED_FACE('',(#784),#6661,.T.);
#7051=ADVANCED_FACE('',(#785),#6662,.F.);
#7052=ADVANCED_FACE('',(#786),#6663,.F.);
#7053=ADVANCED_FACE('',(#787),#6664,.T.);
#7054=ADVANCED_FACE('',(#788),#17,.F.);
#7055=ADVANCED_FACE('',(#789),#18,.F.);
#7056=ADVANCED_FACE('',(#790),#6665,.F.);
#7057=ADVANCED_FACE('',(#791),#6666,.F.);
#7058=ADVANCED_FACE('',(#792),#6667,.T.);
#7059=ADVANCED_FACE('',(#793),#6668,.F.);
#7060=ADVANCED_FACE('',(#794),#6669,.T.);
#7061=ADVANCED_FACE('',(#795),#6670,.T.);
#7062=ADVANCED_FACE('',(#796,#83),#6671,.T.);
#7063=ADVANCED_FACE('',(#797),#6672,.T.);
#7064=ADVANCED_FACE('',(#798),#6673,.F.);
#7065=ADVANCED_FACE('',(#799),#6674,.T.);
#7066=ADVANCED_FACE('',(#800),#6675,.T.);
#7067=ADVANCED_FACE('',(#801),#6676,.T.);
#7068=ADVANCED_FACE('',(#802),#6677,.T.);
#7069=CLOSED_SHELL('',(#6678,#6679,#6680,#6681,#6682,#6683,#6684,#6685,
#6686,#6687,#6688,#6689,#6690,#6691,#6692,#6693,#6694,#6695,#6696,#6697,
#6698,#6699,#6700,#6701,#6702,#6703,#6704,#6705,#6706,#6707,#6708,#6709,
#6710,#6711,#6712,#6713,#6714,#6715,#6716,#6717,#6718,#6719,#6720,#6721,
#6722,#6723,#6724,#6725,#6726,#6727,#6728,#6729,#6730,#6731,#6732,#6733,
#6734,#6735,#6736,#6737,#6738,#6739,#6740,#6741,#6742,#6743,#6744,#6745,
#6746,#6747,#6748,#6749,#6750,#6751,#6752,#6753,#6754,#6755,#6756,#6757,
#6758,#6759,#6760,#6761,#6762,#6763,#6764,#6765,#6766,#6767,#6768,#6769,
#6770,#6771,#6772,#6773,#6774,#6775,#6776,#6777,#6778,#6779,#6780,#6781,
#6782,#6783,#6784,#6785,#6786,#6787,#6788,#6789,#6790,#6791,#6792,#6793,
#6794,#6795,#6796,#6797,#6798,#6799,#6800,#6801,#6802,#6803,#6804,#6805,
#6806,#6807,#6808,#6809,#6810,#6811,#6812,#6813,#6814,#6815,#6816,#6817,
#6818,#6819,#6820,#6821,#6822,#6823,#6824,#6825,#6826,#6827,#6828,#6829,
#6830,#6831,#6832,#6833,#6834,#6835,#6836,#6837,#6838,#6839,#6840,#6841,
#6842,#6843,#6844,#6845,#6846,#6847,#6848,#6849,#6850,#6851,#6852,#6853,
#6854,#6855,#6856,#6857,#6858,#6859,#6860,#6861,#6862,#6863,#6864,#6865,
#6866,#6867,#6868,#6869,#6870,#6871,#6872,#6873,#6874,#6875,#6876,#6877,
#6878,#6879,#6880,#6881,#6882,#6883,#6884,#6885,#6886,#6887,#6888,#6889,
#6890,#6891,#6892,#6893,#6894,#6895,#6896,#6897,#6898,#6899,#6900,#6901,
#6902,#6903,#6904,#6905,#6906,#6907,#6908,#6909,#6910,#6911,#6912,#6913,
#6914,#6915,#6916,#6917,#6918,#6919,#6920,#6921,#6922,#6923,#6924,#6925,
#6926,#6927,#6928,#6929,#6930,#6931,#6932,#6933,#6934,#6935,#6936,#6937,
#6938,#6939,#6940,#6941,#6942,#6943,#6944,#6945,#6946,#6947,#6948,#6949,
#6950,#6951,#6952,#6953,#6954,#6955,#6956,#6957,#6958,#6959,#6960,#6961,
#6962,#6963,#6964,#6965,#6966,#6967,#6968,#6969,#6970,#6971,#6972,#6973,
#6974,#6975,#6976,#6977,#6978,#6979,#6980,#6981,#6982,#6983,#6984,#6985,
#6986,#6987,#6988,#6989,#6990,#6991,#6992,#6993,#6994,#6995,#6996,#6997,
#6998,#6999,#7000,#7001,#7002,#7003,#7004,#7005,#7006,#7007,#7008,#7009,
#7010,#7011,#7012,#7013,#7014,#7015,#7016,#7017,#7018,#7019,#7020,#7021,
#7022,#7023,#7024,#7025,#7026,#7027,#7028,#7029,#7030,#7031,#7032,#7033,
#7034,#7035,#7036,#7037,#7038,#7039,#7040,#7041,#7042,#7043,#7044,#7045,
#7046,#7047,#7048,#7049,#7050,#7051,#7052,#7053,#7054,#7055,#7056,#7057,
#7058,#7059,#7060,#7061,#7062,#7063,#7064,#7065,#7066,#7067,#7068));
#7070=DERIVED_UNIT_ELEMENT(#7072,1.);
#7071=DERIVED_UNIT_ELEMENT(#11903,-3.);
#7072=(
MASS_UNIT()
NAMED_UNIT(*)
SI_UNIT(.KILO.,.GRAM.)
);
#7073=DERIVED_UNIT((#7070,#7071));
#7074=MEASURE_REPRESENTATION_ITEM('density measure',
POSITIVE_RATIO_MEASURE(7850.),#7073);
#7075=PROPERTY_DEFINITION_REPRESENTATION(#7080,#7077);
#7076=PROPERTY_DEFINITION_REPRESENTATION(#7081,#7078);
#7077=REPRESENTATION('material name',(#7079),#11900);
#7078=REPRESENTATION('density',(#7074),#11900);
#7079=DESCRIPTIVE_REPRESENTATION_ITEM('Steel','Steel');
#7080=PROPERTY_DEFINITION('material property','material name',#11910);
#7081=PROPERTY_DEFINITION('material property','density of part',#11910);
#7082=AXIS2_PLACEMENT_3D('',#8816,#7409,#7410);
#7083=AXIS2_PLACEMENT_3D('',#8817,#7411,#7412);
#7084=AXIS2_PLACEMENT_3D('',#8826,#7417,#7418);
#7085=AXIS2_PLACEMENT_3D('',#8862,#7424,#7425);
#7086=AXIS2_PLACEMENT_3D('',#8898,#7431,#7432);
#7087=AXIS2_PLACEMENT_3D('',#8901,#7435,#7436);
#7088=AXIS2_PLACEMENT_3D('',#8910,#7441,#7442);
#7089=AXIS2_PLACEMENT_3D('',#8916,#7446,#7447);
#7090=AXIS2_PLACEMENT_3D('',#8922,#7451,#7452);
#7091=AXIS2_PLACEMENT_3D('',#8928,#7456,#7457);
#7092=AXIS2_PLACEMENT_3D('',#8934,#7461,#7462);
#7093=AXIS2_PLACEMENT_3D('',#8970,#7468,#7469);
#7094=AXIS2_PLACEMENT_3D('',#9006,#7475,#7476);
#7095=AXIS2_PLACEMENT_3D('',#9012,#7480,#7481);
#7096=AXIS2_PLACEMENT_3D('',#9015,#7484,#7485);
#7097=AXIS2_PLACEMENT_3D('',#9049,#7489,#7490);
#7098=AXIS2_PLACEMENT_3D('',#9145,#7500,#7501);
#7099=AXIS2_PLACEMENT_3D('',#9271,#7513,#7514);
#7100=AXIS2_PLACEMENT_3D('',#9427,#7528,#7529);
#7101=AXIS2_PLACEMENT_3D('',#9520,#7538,#7539);
#7102=AXIS2_PLACEMENT_3D('',#9554,#7543,#7544);
#7103=AXIS2_PLACEMENT_3D('',#9650,#7554,#7555);
#7104=AXIS2_PLACEMENT_3D('',#9776,#7567,#7568);
#7105=AXIS2_PLACEMENT_3D('',#9932,#7582,#7583);
#7106=AXIS2_PLACEMENT_3D('',#10025,#7592,#7593);
#7107=AXIS2_PLACEMENT_3D('',#10026,#7594,#7595);
#7108=AXIS2_PLACEMENT_3D('',#10035,#7600,#7601);
#7109=AXIS2_PLACEMENT_3D('',#10041,#7605,#7606);
#7110=AXIS2_PLACEMENT_3D('',#10047,#7610,#7611);
#7111=AXIS2_PLACEMENT_3D('',#10128,#7620,#7621);
#7112=AXIS2_PLACEMENT_3D('',#10179,#7628,#7629);
#7113=AXIS2_PLACEMENT_3D('',#10230,#7636,#7637);
#7114=AXIS2_PLACEMENT_3D('',#10311,#7646,#7647);
#7115=AXIS2_PLACEMENT_3D('',#10314,#7650,#7651);
#7116=AXIS2_PLACEMENT_3D('',#10348,#7655,#7656);
#7117=AXIS2_PLACEMENT_3D('',#10384,#7662,#7663);
#7118=AXIS2_PLACEMENT_3D('',#10405,#7668,#7669);
#7119=AXIS2_PLACEMENT_3D('',#10456,#7676,#7677);
#7120=AXIS2_PLACEMENT_3D('',#10507,#7684,#7685);
#7121=AXIS2_PLACEMENT_3D('',#10528,#7690,#7691);
#7122=AXIS2_PLACEMENT_3D('',#10564,#7697,#7698);
#7123=AXIS2_PLACEMENT_3D('',#10600,#7704,#7705);
#7124=AXIS2_PLACEMENT_3D('',#10633,#7710,#7711);
#7125=AXIS2_PLACEMENT_3D('',#10634,#7712,#7713);
#7126=AXIS2_PLACEMENT_3D('',#10643,#7718,#7719);
#7127=AXIS2_PLACEMENT_3D('',#10649,#7723,#7724);
#7128=AXIS2_PLACEMENT_3D('',#10655,#7728,#7729);
#7129=AXIS2_PLACEMENT_3D('',#10661,#7733,#7734);
#7130=AXIS2_PLACEMENT_3D('',#10667,#7738,#7739);
#7131=AXIS2_PLACEMENT_3D('',#10670,#7742,#7743);
#7132=AXIS2_PLACEMENT_3D('',#10671,#7744,#7745);
#7133=AXIS2_PLACEMENT_3D('',#10680,#7750,#7751);
#7134=AXIS2_PLACEMENT_3D('',#10681,#7752,#7753);
#7135=AXIS2_PLACEMENT_3D('',#10682,#7754,#7755);
#7136=AXIS2_PLACEMENT_3D('',#10691,#7760,#7761);
#7137=AXIS2_PLACEMENT_3D('',#10697,#7765,#7766);
#7138=AXIS2_PLACEMENT_3D('',#10703,#7770,#7771);
#7139=AXIS2_PLACEMENT_3D('',#10709,#7775,#7776);
#7140=AXIS2_PLACEMENT_3D('',#10717,#7781,#7782);
#7141=AXIS2_PLACEMENT_3D('',#10722,#7785,#7786);
#7142=AXIS2_PLACEMENT_3D('',#10723,#7787,#7788);
#7143=AXIS2_PLACEMENT_3D('',#10731,#7793,#7794);
#7144=AXIS2_PLACEMENT_3D('',#10735,#7797,#7798);
#7145=AXIS2_PLACEMENT_3D('',#10741,#7802,#7803);
#7146=AXIS2_PLACEMENT_3D('',#10743,#7805,#7806);
#7147=AXIS2_PLACEMENT_3D('',#10745,#7808,#7809);
#7148=AXIS2_PLACEMENT_3D('',#10751,#7813,#7814);
#7149=AXIS2_PLACEMENT_3D('',#10757,#7818,#7819);
#7150=AXIS2_PLACEMENT_3D('',#10763,#7823,#7824);
#7151=AXIS2_PLACEMENT_3D('',#10769,#7828,#7829);
#7152=AXIS2_PLACEMENT_3D('',#10777,#7834,#7835);
#7153=AXIS2_PLACEMENT_3D('',#10781,#7838,#7839);
#7154=AXIS2_PLACEMENT_3D('',#10787,#7843,#7844);
#7155=AXIS2_PLACEMENT_3D('',#10790,#7847,#7848);
#7156=AXIS2_PLACEMENT_3D('',#10910,#7909,#7910);
#7157=AXIS2_PLACEMENT_3D('',#10914,#7913,#7914);
#7158=AXIS2_PLACEMENT_3D('',#10920,#7918,#7919);
#7159=AXIS2_PLACEMENT_3D('',#11036,#7978,#7979);
#7160=AXIS2_PLACEMENT_3D('',#11038,#7981,#7982);
#7161=AXIS2_PLACEMENT_3D('',#11046,#7987,#7988);
#7162=AXIS2_PLACEMENT_3D('',#11050,#7991,#7992);
#7163=AXIS2_PLACEMENT_3D('',#11054,#7995,#7996);
#7164=AXIS2_PLACEMENT_3D('',#11058,#7999,#8000);
#7165=AXIS2_PLACEMENT_3D('',#11064,#8004,#8005);
#7166=AXIS2_PLACEMENT_3D('',#11068,#8008,#8009);
#7167=AXIS2_PLACEMENT_3D('',#11074,#8013,#8014);
#7168=AXIS2_PLACEMENT_3D('',#11080,#8018,#8019);
#7169=AXIS2_PLACEMENT_3D('',#11082,#8021,#8022);
#7170=AXIS2_PLACEMENT_3D('',#11084,#8024,#8025);
#7171=AXIS2_PLACEMENT_3D('',#11088,#8028,#8029);
#7172=AXIS2_PLACEMENT_3D('',#11092,#8032,#8033);
#7173=AXIS2_PLACEMENT_3D('',#11098,#8037,#8038);
#7174=AXIS2_PLACEMENT_3D('',#11102,#8041,#8042);
#7175=AXIS2_PLACEMENT_3D('',#11104,#8044,#8045);
#7176=AXIS2_PLACEMENT_3D('',#11112,#8047,#8048);
#7177=AXIS2_PLACEMENT_3D('',#11114,#8050,#8051);
#7178=AXIS2_PLACEMENT_3D('',#11121,#8055,#8056);
#7179=AXIS2_PLACEMENT_3D('',#11122,#8057,#8058);
#7180=AXIS2_PLACEMENT_3D('',#11126,#8061,#8062);
#7181=AXIS2_PLACEMENT_3D('',#11130,#8065,#8066);
#7182=AXIS2_PLACEMENT_3D('',#11134,#8069,#8070);
#7183=AXIS2_PLACEMENT_3D('',#11139,#8073,#8074);
#7184=AXIS2_PLACEMENT_3D('',#11140,#8075,#8076);
#7185=AXIS2_PLACEMENT_3D('',#11142,#8078,#8079);
#7186=AXIS2_PLACEMENT_3D('',#11144,#8080,#8081);
#7187=AXIS2_PLACEMENT_3D('',#11146,#8082,#8083);
#7188=AXIS2_PLACEMENT_3D('',#11147,#8084,#8085);
#7189=AXIS2_PLACEMENT_3D('',#11151,#8087,#8088);
#7190=AXIS2_PLACEMENT_3D('',#11160,#8089,#8090);
#7191=AXIS2_PLACEMENT_3D('',#11162,#8092,#8093);
#7192=AXIS2_PLACEMENT_3D('',#11165,#8095,#8096);
#7193=AXIS2_PLACEMENT_3D('',#11166,#8097,#8098);
#7194=AXIS2_PLACEMENT_3D('',#11170,#8100,#8101);
#7195=AXIS2_PLACEMENT_3D('',#11174,#8102,#8103);
#7196=AXIS2_PLACEMENT_3D('',#11178,#8106,#8107);
#7197=AXIS2_PLACEMENT_3D('',#11181,#8109,#8110);
#7198=AXIS2_PLACEMENT_3D('',#11182,#8111,#8112);
#7199=AXIS2_PLACEMENT_3D('',#11188,#8116,#8117);
#7200=AXIS2_PLACEMENT_3D('',#11194,#8121,#8122);
#7201=AXIS2_PLACEMENT_3D('',#11198,#8125,#8126);
#7202=AXIS2_PLACEMENT_3D('',#11203,#8130,#8131);
#7203=AXIS2_PLACEMENT_3D('',#11207,#8134,#8135);
#7204=AXIS2_PLACEMENT_3D('',#11211,#8138,#8139);
#7205=AXIS2_PLACEMENT_3D('',#11213,#8141,#8142);
#7206=AXIS2_PLACEMENT_3D('',#11215,#8144,#8145);
#7207=AXIS2_PLACEMENT_3D('',#11219,#8148,#8149);
#7208=AXIS2_PLACEMENT_3D('',#11223,#8152,#8153);
#7209=AXIS2_PLACEMENT_3D('',#11227,#8156,#8157);
#7210=AXIS2_PLACEMENT_3D('',#11231,#8160,#8161);
#7211=AXIS2_PLACEMENT_3D('',#11235,#8164,#8165);
#7212=AXIS2_PLACEMENT_3D('',#11239,#8168,#8169);
#7213=AXIS2_PLACEMENT_3D('',#11243,#8172,#8173);
#7214=AXIS2_PLACEMENT_3D('',#11247,#8176,#8177);
#7215=AXIS2_PLACEMENT_3D('',#11251,#8180,#8181);
#7216=AXIS2_PLACEMENT_3D('',#11255,#8184,#8185);
#7217=AXIS2_PLACEMENT_3D('',#11259,#8188,#8189);
#7218=AXIS2_PLACEMENT_3D('',#11263,#8192,#8193);
#7219=AXIS2_PLACEMENT_3D('',#11267,#8196,#8197);
#7220=AXIS2_PLACEMENT_3D('',#11271,#8200,#8201);
#7221=AXIS2_PLACEMENT_3D('',#11275,#8204,#8205);
#7222=AXIS2_PLACEMENT_3D('',#11279,#8208,#8209);
#7223=AXIS2_PLACEMENT_3D('',#11283,#8212,#8213);
#7224=AXIS2_PLACEMENT_3D('',#11287,#8216,#8217);
#7225=AXIS2_PLACEMENT_3D('',#11289,#8219,#8220);
#7226=AXIS2_PLACEMENT_3D('',#11293,#8223,#8224);
#7227=AXIS2_PLACEMENT_3D('',#11299,#8228,#8229);
#7228=AXIS2_PLACEMENT_3D('',#11303,#8232,#8233);
#7229=AXIS2_PLACEMENT_3D('',#11307,#8236,#8237);
#7230=AXIS2_PLACEMENT_3D('',#11311,#8240,#8241);
#7231=AXIS2_PLACEMENT_3D('',#11313,#8243,#8244);
#7232=AXIS2_PLACEMENT_3D('',#11317,#8246,#8247);
#7233=AXIS2_PLACEMENT_3D('',#11319,#8249,#8250);
#7234=AXIS2_PLACEMENT_3D('',#11322,#8252,#8253);
#7235=AXIS2_PLACEMENT_3D('',#11323,#8254,#8255);
#7236=AXIS2_PLACEMENT_3D('',#11327,#8258,#8259);
#7237=AXIS2_PLACEMENT_3D('',#11333,#8263,#8264);
#7238=AXIS2_PLACEMENT_3D('',#11339,#8268,#8269);
#7239=AXIS2_PLACEMENT_3D('',#11345,#8273,#8274);
#7240=AXIS2_PLACEMENT_3D('',#11351,#8278,#8279);
#7241=AXIS2_PLACEMENT_3D('',#11353,#8281,#8282);
#7242=AXIS2_PLACEMENT_3D('',#11357,#8285,#8286);
#7243=AXIS2_PLACEMENT_3D('',#11359,#8288,#8289);
#7244=AXIS2_PLACEMENT_3D('',#11363,#8292,#8293);
#7245=AXIS2_PLACEMENT_3D('',#11367,#8296,#8297);
#7246=AXIS2_PLACEMENT_3D('',#11369,#8299,#8300);
#7247=AXIS2_PLACEMENT_3D('',#11373,#8303,#8304);
#7248=AXIS2_PLACEMENT_3D('',#11377,#8307,#8308);
#7249=AXIS2_PLACEMENT_3D('',#11381,#8311,#8312);
#7250=AXIS2_PLACEMENT_3D('',#11383,#8314,#8315);
#7251=AXIS2_PLACEMENT_3D('',#11389,#8319,#8320);
#7252=AXIS2_PLACEMENT_3D('',#11393,#8323,#8324);
#7253=AXIS2_PLACEMENT_3D('',#11397,#8327,#8328);
#7254=AXIS2_PLACEMENT_3D('',#11401,#8331,#8332);
#7255=AXIS2_PLACEMENT_3D('',#11405,#8335,#8336);
#7256=AXIS2_PLACEMENT_3D('',#11409,#8339,#8340);
#7257=AXIS2_PLACEMENT_3D('',#11413,#8342,#8343);
#7258=AXIS2_PLACEMENT_3D('',#11417,#8346,#8347);
#7259=AXIS2_PLACEMENT_3D('',#11425,#8352,#8353);
#7260=AXIS2_PLACEMENT_3D('',#11429,#8356,#8357);
#7261=AXIS2_PLACEMENT_3D('',#11433,#8360,#8361);
#7262=AXIS2_PLACEMENT_3D('',#11437,#8364,#8365);
#7263=AXIS2_PLACEMENT_3D('',#11441,#8368,#8369);
#7264=AXIS2_PLACEMENT_3D('',#11445,#8372,#8373);
#7265=AXIS2_PLACEMENT_3D('',#11449,#8376,#8377);
#7266=AXIS2_PLACEMENT_3D('',#11453,#8380,#8381);
#7267=AXIS2_PLACEMENT_3D('',#11457,#8384,#8385);
#7268=AXIS2_PLACEMENT_3D('',#11461,#8388,#8389);
#7269=AXIS2_PLACEMENT_3D('',#11465,#8392,#8393);
#7270=AXIS2_PLACEMENT_3D('',#11469,#8396,#8397);
#7271=AXIS2_PLACEMENT_3D('',#11473,#8400,#8401);
#7272=AXIS2_PLACEMENT_3D('',#11477,#8404,#8405);
#7273=AXIS2_PLACEMENT_3D('',#11481,#8408,#8409);
#7274=AXIS2_PLACEMENT_3D('',#11485,#8412,#8413);
#7275=AXIS2_PLACEMENT_3D('',#11489,#8416,#8417);
#7276=AXIS2_PLACEMENT_3D('',#11492,#8420,#8421);
#7277=AXIS2_PLACEMENT_3D('',#11494,#8423,#8424);
#7278=AXIS2_PLACEMENT_3D('',#11498,#8427,#8428);
#7279=AXIS2_PLACEMENT_3D('',#11502,#8431,#8432);
#7280=AXIS2_PLACEMENT_3D('',#11506,#8435,#8436);
#7281=AXIS2_PLACEMENT_3D('',#11509,#8439,#8440);
#7282=AXIS2_PLACEMENT_3D('',#11513,#8443,#8444);
#7283=AXIS2_PLACEMENT_3D('',#11517,#8447,#8448);
#7284=AXIS2_PLACEMENT_3D('',#11523,#8452,#8453);
#7285=AXIS2_PLACEMENT_3D('',#11526,#8455,#8456);
#7286=AXIS2_PLACEMENT_3D('',#11527,#8457,#8458);
#7287=AXIS2_PLACEMENT_3D('',#11531,#8460,#8461);
#7288=AXIS2_PLACEMENT_3D('',#11532,#8462,#8463);
#7289=AXIS2_PLACEMENT_3D('',#11534,#8465,#8466);
#7290=AXIS2_PLACEMENT_3D('',#11536,#8468,#8469);
#7291=AXIS2_PLACEMENT_3D('',#11538,#8471,#8472);
#7292=AXIS2_PLACEMENT_3D('',#11540,#8474,#8475);
#7293=AXIS2_PLACEMENT_3D('',#11542,#8477,#8478);
#7294=AXIS2_PLACEMENT_3D('',#11544,#8480,#8481);
#7295=AXIS2_PLACEMENT_3D('',#11546,#8483,#8484);
#7296=AXIS2_PLACEMENT_3D('',#11548,#8486,#8487);
#7297=AXIS2_PLACEMENT_3D('',#11550,#8489,#8490);
#7298=AXIS2_PLACEMENT_3D('',#11552,#8492,#8493);
#7299=AXIS2_PLACEMENT_3D('',#11554,#8495,#8496);
#7300=AXIS2_PLACEMENT_3D('',#11556,#8498,#8499);
#7301=AXIS2_PLACEMENT_3D('',#11558,#8501,#8502);
#7302=AXIS2_PLACEMENT_3D('',#11560,#8504,#8505);
#7303=AXIS2_PLACEMENT_3D('',#11562,#8507,#8508);
#7304=AXIS2_PLACEMENT_3D('',#11563,#8509,#8510);
#7305=AXIS2_PLACEMENT_3D('',#11564,#8511,#8512);
#7306=AXIS2_PLACEMENT_3D('',#11566,#8514,#8515);
#7307=AXIS2_PLACEMENT_3D('',#11568,#8517,#8518);
#7308=AXIS2_PLACEMENT_3D('',#11570,#8520,#8521);
#7309=AXIS2_PLACEMENT_3D('',#11571,#8522,#8523);
#7310=AXIS2_PLACEMENT_3D('',#11573,#8525,#8526);
#7311=AXIS2_PLACEMENT_3D('',#11576,#8529,#8530);
#7312=AXIS2_PLACEMENT_3D('',#11578,#8532,#8533);
#7313=AXIS2_PLACEMENT_3D('',#11582,#8536,#8537);
#7314=AXIS2_PLACEMENT_3D('',#11586,#8540,#8541);
#7315=AXIS2_PLACEMENT_3D('',#11590,#8544,#8545);
#7316=AXIS2_PLACEMENT_3D('',#11592,#8547,#8548);
#7317=AXIS2_PLACEMENT_3D('',#11595,#8551,#8552);
#7318=AXIS2_PLACEMENT_3D('',#11597,#8554,#8555);
#7319=AXIS2_PLACEMENT_3D('',#11598,#8556,#8557);
#7320=AXIS2_PLACEMENT_3D('',#11600,#8559,#8560);
#7321=AXIS2_PLACEMENT_3D('',#11602,#8562,#8563);
#7322=AXIS2_PLACEMENT_3D('',#11606,#8566,#8567);
#7323=AXIS2_PLACEMENT_3D('',#11610,#8570,#8571);
#7324=AXIS2_PLACEMENT_3D('',#11614,#8574,#8575);
#7325=AXIS2_PLACEMENT_3D('',#11616,#8577,#8578);
#7326=AXIS2_PLACEMENT_3D('',#11619,#8580,#8581);
#7327=AXIS2_PLACEMENT_3D('',#11620,#8582,#8583);
#7328=AXIS2_PLACEMENT_3D('',#11624,#8586,#8587);
#7329=AXIS2_PLACEMENT_3D('',#11631,#8589,#8590);
#7330=AXIS2_PLACEMENT_3D('',#11632,#8591,#8592);
#7331=AXIS2_PLACEMENT_3D('',#11633,#8593,#8594);
#7332=AXIS2_PLACEMENT_3D('',#11634,#8595,#8596);
#7333=AXIS2_PLACEMENT_3D('',#11640,#8600,#8601);
#7334=AXIS2_PLACEMENT_3D('',#11644,#8604,#8605);
#7335=AXIS2_PLACEMENT_3D('',#11648,#8608,#8609);
#7336=AXIS2_PLACEMENT_3D('',#11652,#8612,#8613);
#7337=AXIS2_PLACEMENT_3D('',#11654,#8615,#8616);
#7338=AXIS2_PLACEMENT_3D('',#11658,#8618,#8619);
#7339=AXIS2_PLACEMENT_3D('',#11660,#8621,#8622);
#7340=AXIS2_PLACEMENT_3D('',#11663,#8624,#8625);
#7341=AXIS2_PLACEMENT_3D('',#11664,#8626,#8627);
#7342=AXIS2_PLACEMENT_3D('',#11668,#8630,#8631);
#7343=AXIS2_PLACEMENT_3D('',#11671,#8634,#8635);
#7344=AXIS2_PLACEMENT_3D('',#11673,#8637,#8638);
#7345=AXIS2_PLACEMENT_3D('',#11675,#8640,#8641);
#7346=AXIS2_PLACEMENT_3D('',#11677,#8643,#8644);
#7347=AXIS2_PLACEMENT_3D('',#11681,#8647,#8648);
#7348=AXIS2_PLACEMENT_3D('',#11685,#8651,#8652);
#7349=AXIS2_PLACEMENT_3D('',#11689,#8655,#8656);
#7350=AXIS2_PLACEMENT_3D('',#11693,#8659,#8660);
#7351=AXIS2_PLACEMENT_3D('',#11697,#8663,#8664);
#7352=AXIS2_PLACEMENT_3D('',#11701,#8667,#8668);
#7353=AXIS2_PLACEMENT_3D('',#11704,#8671,#8672);
#7354=AXIS2_PLACEMENT_3D('',#11706,#8674,#8675);
#7355=AXIS2_PLACEMENT_3D('',#11708,#8677,#8678);
#7356=AXIS2_PLACEMENT_3D('',#11709,#8679,#8680);
#7357=AXIS2_PLACEMENT_3D('',#11713,#8682,#8683);
#7358=AXIS2_PLACEMENT_3D('',#11715,#8685,#8686);
#7359=AXIS2_PLACEMENT_3D('',#11719,#8689,#8690);
#7360=AXIS2_PLACEMENT_3D('',#11720,#8691,#8692);
#7361=AXIS2_PLACEMENT_3D('',#11721,#8693,#8694);
#7362=AXIS2_PLACEMENT_3D('',#11723,#8695,#8696);
#7363=AXIS2_PLACEMENT_3D('',#11805,#8697,#8698);
#7364=AXIS2_PLACEMENT_3D('',#11806,#8699,#8700);
#7365=AXIS2_PLACEMENT_3D('',#11807,#8701,#8702);
#7366=AXIS2_PLACEMENT_3D('',#11812,#8703,#8704);
#7367=AXIS2_PLACEMENT_3D('',#11813,#8705,#8706);
#7368=AXIS2_PLACEMENT_3D('',#11816,#8708,#8709);
#7369=AXIS2_PLACEMENT_3D('',#11820,#8711,#8712);
#7370=AXIS2_PLACEMENT_3D('',#11822,#8713,#8714);
#7371=AXIS2_PLACEMENT_3D('',#11824,#8715,#8716);
#7372=AXIS2_PLACEMENT_3D('',#11827,#8718,#8719);
#7373=AXIS2_PLACEMENT_3D('',#11831,#8721,#8722);
#7374=AXIS2_PLACEMENT_3D('',#11833,#8723,#8724);
#7375=AXIS2_PLACEMENT_3D('',#11834,#8725,#8726);
#7376=AXIS2_PLACEMENT_3D('',#11836,#8727,#8728);
#7377=AXIS2_PLACEMENT_3D('',#11840,#8731,#8732);
#7378=AXIS2_PLACEMENT_3D('',#11841,#8733,#8734);
#7379=AXIS2_PLACEMENT_3D('',#11844,#8735,#8736);
#7380=AXIS2_PLACEMENT_3D('',#11846,#8738,#8739);
#7381=AXIS2_PLACEMENT_3D('',#11848,#8740,#8741);
#7382=AXIS2_PLACEMENT_3D('',#11851,#8743,#8744);
#7383=AXIS2_PLACEMENT_3D('',#11852,#8745,#8746);
#7384=AXIS2_PLACEMENT_3D('',#11854,#8748,#8749);
#7385=AXIS2_PLACEMENT_3D('',#11855,#8750,#8751);
#7386=AXIS2_PLACEMENT_3D('',#11857,#8753,#8754);
#7387=AXIS2_PLACEMENT_3D('',#11859,#8756,#8757);
#7388=AXIS2_PLACEMENT_3D('',#11861,#8759,#8760);
#7389=AXIS2_PLACEMENT_3D('',#11863,#8762,#8763);
#7390=AXIS2_PLACEMENT_3D('',#11865,#8765,#8766);
#7391=AXIS2_PLACEMENT_3D('',#11867,#8768,#8769);
#7392=AXIS2_PLACEMENT_3D('',#11869,#8771,#8772);
#7393=AXIS2_PLACEMENT_3D('',#11870,#8773,#8774);
#7394=AXIS2_PLACEMENT_3D('',#11872,#8776,#8777);
#7395=AXIS2_PLACEMENT_3D('',#11875,#8779,#8780);
#7396=AXIS2_PLACEMENT_3D('',#11876,#8781,#8782);
#7397=AXIS2_PLACEMENT_3D('',#11878,#8784,#8785);
#7398=AXIS2_PLACEMENT_3D('',#11879,#8786,#8787);
#7399=AXIS2_PLACEMENT_3D('',#11882,#8790,#8791);
#7400=AXIS2_PLACEMENT_3D('',#11884,#8793,#8794);
#7401=AXIS2_PLACEMENT_3D('',#11885,#8795,#8796);
#7402=AXIS2_PLACEMENT_3D('',#11887,#8798,#8799);
#7403=AXIS2_PLACEMENT_3D('',#11889,#8801,#8802);
#7404=AXIS2_PLACEMENT_3D('',#11891,#8804,#8805);
#7405=AXIS2_PLACEMENT_3D('',#11892,#8806,#8807);
#7406=AXIS2_PLACEMENT_3D('',#11894,#8809,#8810);
#7407=AXIS2_PLACEMENT_3D('',#11896,#8812,#8813);
#7408=AXIS2_PLACEMENT_3D('',#11897,#8814,#8815);
#7409=DIRECTION('axis',(0.,0.,1.));
#7410=DIRECTION('refdir',(1.,0.,0.));
#7411=DIRECTION('center_axis',(1.,-2.8182195820203E-13,8.65334027651378E-15));
#7412=DIRECTION('ref_axis',(2.8182195820203E-13,1.,1.10156248670829E-14));
#7413=DIRECTION('',(2.8182195820203E-13,1.,1.15411658175663E-14));
#7414=DIRECTION('',(-8.65334027651381E-15,-8.67361738022941E-17,1.));
#7415=DIRECTION('',(2.8182195820203E-13,1.,1.10156248670829E-14));
#7416=DIRECTION('',(-8.65334027651381E-15,-8.67361738022941E-17,1.));
#7417=DIRECTION('center_axis',(2.8182195820203E-13,1.,8.67361738047328E-17));
#7418=DIRECTION('ref_axis',(-1.,2.8182195820203E-13,5.10809664215278E-16));
#7419=DIRECTION('',(-1.,2.8182195820203E-13,3.75980549696195E-16));
#7420=DIRECTION('',(-8.65334027651381E-15,-8.67361738022941E-17,1.));
#7421=DIRECTION('',(-1.,2.8182195820203E-13,5.10809664215278E-16));
#7422=DIRECTION('',(-8.65334027651381E-15,-8.67361738022941E-17,1.));
#7423=DIRECTION('',(-8.65334027651381E-15,-8.67361738022941E-17,1.));
#7424=DIRECTION('center_axis',(-1.,2.8182195820203E-13,-8.65334027651378E-15));
#7425=DIRECTION('ref_axis',(-2.8182195820203E-13,-1.,-1.10156248670829E-14));
#7426=DIRECTION('',(-2.8182195820203E-13,-1.,-1.15411658175663E-14));
#7427=DIRECTION('',(-8.65334027651381E-15,-8.67361738022941E-17,1.));
#7428=DIRECTION('',(-2.8182195820203E-13,-1.,-1.10156248670829E-14));
#7429=DIRECTION('',(-8.65334027651381E-15,-8.67361738022941E-17,1.));
#7430=DIRECTION('',(-8.65334027651381E-15,-8.67361738022941E-17,1.));
#7431=DIRECTION('center_axis',(-2.8182195820203E-13,-1.,-8.67361738047328E-17));
#7432=DIRECTION('ref_axis',(1.,-2.8182195820203E-13,-5.10809664215278E-16));
#7433=DIRECTION('',(1.,-2.8182195820203E-13,-3.75980549696195E-16));
#7434=DIRECTION('',(1.,-2.8182195820203E-13,-5.10809664215278E-16));
#7435=DIRECTION('center_axis',(2.8182195820203E-13,1.,8.67361738047328E-17));
#7436=DIRECTION('ref_axis',(-1.,2.8182195820203E-13,5.10809664215278E-16));
#7437=DIRECTION('',(-1.,2.8182195820203E-13,3.75980549696195E-16));
#7438=DIRECTION('',(-8.65334027651381E-15,-8.67361738022941E-17,1.));
#7439=DIRECTION('',(-1.,2.8182195820203E-13,5.10809664215278E-16));
#7440=DIRECTION('',(-8.65334027651381E-15,-8.67361738022941E-17,1.));
#7441=DIRECTION('center_axis',(1.,-2.8182195820203E-13,8.65334027651378E-15));
#7442=DIRECTION('ref_axis',(2.8182195820203E-13,1.,1.10156248670829E-14));
#7443=DIRECTION('',(2.8182195820203E-13,1.,1.15411658175663E-14));
#7444=DIRECTION('',(-8.65334027651381E-15,-8.67361738022941E-17,1.));
#7445=DIRECTION('',(2.8182195820203E-13,1.,1.10156248670829E-14));
#7446=DIRECTION('center_axis',(2.8182195820203E-13,1.,8.67361738047328E-17));
#7447=DIRECTION('ref_axis',(-1.,2.8182195820203E-13,5.10809664215278E-16));
#7448=DIRECTION('',(-1.,2.8182195820203E-13,3.75980549696195E-16));
#7449=DIRECTION('',(-8.65334027651381E-15,-8.67361738022941E-17,1.));
#7450=DIRECTION('',(-1.,2.8182195820203E-13,5.10809664215278E-16));
#7451=DIRECTION('center_axis',(-0.832050342884513,0.554700123405218,-7.15190217785785E-15));
#7452=DIRECTION('ref_axis',(-0.554700123405218,-0.832050342884513,-8.88220826396858E-15));
#7453=DIRECTION('',(-0.554700123405218,-0.832050342884513,-9.39427451848051E-15));
#7454=DIRECTION('',(-8.65334027651381E-15,-8.67361738022941E-17,1.));
#7455=DIRECTION('',(-0.554700123405218,-0.832050342884513,-8.88220826396858E-15));
#7456=DIRECTION('center_axis',(2.8182195820203E-13,1.,8.67361738047328E-17));
#7457=DIRECTION('ref_axis',(-1.,2.8182195820203E-13,5.10809664215278E-16));
#7458=DIRECTION('',(-1.,2.8182195820203E-13,3.75980549696195E-16));
#7459=DIRECTION('',(-8.65334027651381E-15,-8.67361738022941E-17,1.));
#7460=DIRECTION('',(-1.,2.8182195820203E-13,5.10809664215278E-16));
#7461=DIRECTION('center_axis',(0.817645895758593,-0.575721451006586,7.02543228585782E-15));
#7462=DIRECTION('ref_axis',(0.575721451006586,0.817645895758593,8.71279638071835E-15));
#7463=DIRECTION('',(0.575721451006586,0.817645895758593,9.22012679538305E-15));
#7464=DIRECTION('',(-8.65334027651381E-15,-8.67361738022941E-17,1.));
#7465=DIRECTION('',(0.575721451006586,0.817645895758593,8.71279638071835E-15));
#7466=DIRECTION('',(-8.65334027651381E-15,-8.67361738022941E-17,1.));
#7467=DIRECTION('',(-8.65334027651381E-15,-8.67361738022941E-17,1.));
#7468=DIRECTION('center_axis',(1.,-2.8182195820203E-13,8.65334027651378E-15));
#7469=DIRECTION('ref_axis',(2.8182195820203E-13,1.,1.10156248670829E-14));
#7470=DIRECTION('',(2.8182195820203E-13,1.,1.15411658175663E-14));
#7471=DIRECTION('',(-8.65334027651381E-15,-8.67361738022941E-17,1.));
#7472=DIRECTION('',(2.8182195820203E-13,1.,1.10156248670829E-14));
#7473=DIRECTION('',(-8.65334027651381E-15,-8.67361738022941E-17,1.));
#7474=DIRECTION('',(-8.65334027651381E-15,-8.67361738022941E-17,1.));
#7475=DIRECTION('center_axis',(-2.8182195820203E-13,-1.,-8.67361738047328E-17));
#7476=DIRECTION('ref_axis',(1.,-2.8182195820203E-13,-5.10809664215278E-16));
#7477=DIRECTION('',(1.,-2.8182195820203E-13,-3.75980549696195E-16));
#7478=DIRECTION('',(-8.65334027651381E-15,-8.67361738022941E-17,1.));
#7479=DIRECTION('',(1.,-2.8182195820203E-13,-5.10809664215278E-16));
#7480=DIRECTION('center_axis',(-1.,2.8182195820203E-13,-8.65334027651378E-15));
#7481=DIRECTION('ref_axis',(-2.8182195820203E-13,-1.,-1.10156248670829E-14));
#7482=DIRECTION('',(-2.8182195820203E-13,-1.,-1.15411658175663E-14));
#7483=DIRECTION('',(-2.8182195820203E-13,-1.,-1.10156248670829E-14));
#7484=DIRECTION('center_axis',(-5.10809664212175E-16,1.10156248670831E-14,
-1.));
#7485=DIRECTION('ref_axis',(-2.8182195820203E-13,-1.,-1.1015624867083E-14));
#7486=DIRECTION('',(-8.65334027651381E-15,-8.67361738022941E-17,1.));
#7487=DIRECTION('',(-8.65334027651381E-15,-8.67361738022941E-17,1.));
#7488=DIRECTION('',(-8.65334027651381E-15,-8.67361738022941E-17,1.));
#7489=DIRECTION('center_axis',(1.,-2.8182195820203E-13,8.65334027651378E-15));
#7490=DIRECTION('ref_axis',(2.8182195820203E-13,1.,1.10156248670829E-14));
#7491=DIRECTION('',(2.8182195820203E-13,1.,1.15411658175663E-14));
#7492=DIRECTION('',(-8.65334027651381E-15,-8.67361738022941E-17,1.));
#7493=DIRECTION('',(2.8182195820203E-13,1.,1.10156248670829E-14));
#7494=DIRECTION('',(-8.65334027651381E-15,-8.67361738022941E-17,1.));
#7495=DIRECTION('',(-8.65334027651381E-15,-8.67361738022941E-17,1.));
#7496=DIRECTION('',(-8.65334027651381E-15,-8.67361738022941E-17,1.));
#7497=DIRECTION('',(-8.65334027651381E-15,-8.67361738022941E-17,1.));
#7498=DIRECTION('',(-8.65334027651381E-15,-8.67361738022941E-17,1.));
#7499=DIRECTION('',(-8.65334027651381E-15,-8.67361738022941E-17,1.));
#7500=DIRECTION('center_axis',(-1.,2.8182195820203E-13,-8.65334027651378E-15));
#7501=DIRECTION('ref_axis',(-2.8182195820203E-13,-1.,-1.10156248670829E-14));
#7502=DIRECTION('',(-2.8182195820203E-13,-1.,-1.15411658175663E-14));
#7503=DIRECTION('',(-8.65334027651381E-15,-8.67361738022941E-17,1.));
#7504=DIRECTION('',(-2.8182195820203E-13,-1.,-1.10156248670829E-14));
#7505=DIRECTION('',(-8.65334027651381E-15,-8.67361738022941E-17,1.));
#7506=DIRECTION('',(-8.65334027651381E-15,-8.67361738022941E-17,1.));
#7507=DIRECTION('',(-8.65334027651381E-15,-8.67361738022941E-17,1.));
#7508=DIRECTION('',(-8.65334027651381E-15,-8.67361738022941E-17,1.));
#7509=DIRECTION('',(-8.65334027651381E-15,-8.67361738022941E-17,1.));
#7510=DIRECTION('',(-8.65334027651381E-15,-8.67361738022941E-17,1.));
#7511=DIRECTION('',(-8.65334027651381E-15,-8.67361738022941E-17,1.));
#7512=DIRECTION('',(-8.65334027651381E-15,-8.67361738022941E-17,1.));
#7513=DIRECTION('center_axis',(1.,-2.8182195820203E-13,8.65334027651378E-15));
#7514=DIRECTION('ref_axis',(2.8182195820203E-13,1.,1.10156248670829E-14));
#7515=DIRECTION('',(2.8182195820203E-13,1.,1.15411658175663E-14));
#7516=DIRECTION('',(-8.65334027651381E-15,-8.67361738022941E-17,1.));
#7517=DIRECTION('',(2.8182195820203E-13,1.,1.10156248670829E-14));
#7518=DIRECTION('',(-8.65334027651381E-15,-8.67361738022941E-17,1.));
#7519=DIRECTION('',(-8.65334027651381E-15,-8.67361738022941E-17,1.));
#7520=DIRECTION('',(-8.65334027651381E-15,-8.67361738022941E-17,1.));
#7521=DIRECTION('',(-8.65334027651381E-15,-8.67361738022941E-17,1.));
#7522=DIRECTION('',(-8.65334027651381E-15,-8.67361738022941E-17,1.));
#7523=DIRECTION('',(-8.65334027651381E-15,-8.67361738022941E-17,1.));
#7524=DIRECTION('',(-8.65334027651381E-15,-8.67361738022941E-17,1.));
#7525=DIRECTION('',(-8.65334027651381E-15,-8.67361738022941E-17,1.));
#7526=DIRECTION('',(-8.65334027651381E-15,-8.67361738022941E-17,1.));
#7527=DIRECTION('',(-8.65334027651381E-15,-8.67361738022941E-17,1.));
#7528=DIRECTION('center_axis',(-1.,2.8182195820203E-13,-8.65334027651378E-15));
#7529=DIRECTION('ref_axis',(-2.8182195820203E-13,-1.,-1.10156248670829E-14));
#7530=DIRECTION('',(-2.8182195820203E-13,-1.,-1.15411658175663E-14));
#7531=DIRECTION('',(-8.65334027651381E-15,-8.67361738022941E-17,1.));
#7532=DIRECTION('',(-2.8182195820203E-13,-1.,-1.10156248670829E-14));
#7533=DIRECTION('',(-8.65334027651381E-15,-8.67361738022941E-17,1.));
#7534=DIRECTION('',(-8.65334027651381E-15,-8.67361738022941E-17,1.));
#7535=DIRECTION('',(-8.65334027651381E-15,-8.67361738022941E-17,1.));
#7536=DIRECTION('',(-8.65334027651381E-15,-8.67361738022941E-17,1.));
#7537=DIRECTION('',(-8.65334027651381E-15,-8.67361738022941E-17,1.));
#7538=DIRECTION('center_axis',(-5.10809664212175E-16,1.10156248670831E-14,
-1.));
#7539=DIRECTION('ref_axis',(-2.8182195820203E-13,-1.,-1.1015624867083E-14));
#7540=DIRECTION('',(-8.65334027651381E-15,-8.67361738022941E-17,1.));
#7541=DIRECTION('',(-8.65334027651381E-15,-8.67361738022941E-17,1.));
#7542=DIRECTION('',(-8.65334027651381E-15,-8.67361738022941E-17,1.));
#7543=DIRECTION('center_axis',(1.,-2.8182195820203E-13,8.65334027651378E-15));
#7544=DIRECTION('ref_axis',(2.8182195820203E-13,1.,1.10156248670829E-14));
#7545=DIRECTION('',(2.8182195820203E-13,1.,1.15411658175663E-14));
#7546=DIRECTION('',(-8.65334027651381E-15,-8.67361738022941E-17,1.));
#7547=DIRECTION('',(2.8182195820203E-13,1.,1.10156248670829E-14));
#7548=DIRECTION('',(-8.65334027651381E-15,-8.67361738022941E-17,1.));
#7549=DIRECTION('',(-8.65334027651381E-15,-8.67361738022941E-17,1.));
#7550=DIRECTION('',(-8.65334027651381E-15,-8.67361738022941E-17,1.));
#7551=DIRECTION('',(-8.65334027651381E-15,-8.67361738022941E-17,1.));
#7552=DIRECTION('',(-8.65334027651381E-15,-8.67361738022941E-17,1.));
#7553=DIRECTION('',(-8.65334027651381E-15,-8.67361738022941E-17,1.));
#7554=DIRECTION('center_axis',(-1.,2.8182195820203E-13,-8.65334027651378E-15));
#7555=DIRECTION('ref_axis',(-2.8182195820203E-13,-1.,-1.10156248670829E-14));
#7556=DIRECTION('',(-2.8182195820203E-13,-1.,-1.15411658175663E-14));
#7557=DIRECTION('',(-8.65334027651381E-15,-8.67361738022941E-17,1.));
#7558=DIRECTION('',(-2.8182195820203E-13,-1.,-1.10156248670829E-14));
#7559=DIRECTION('',(-8.65334027651381E-15,-8.67361738022941E-17,1.));
#7560=DIRECTION('',(-8.65334027651381E-15,-8.67361738022941E-17,1.));
#7561=DIRECTION('',(-8.65334027651381E-15,-8.67361738022941E-17,1.));
#7562=DIRECTION('',(-8.65334027651381E-15,-8.67361738022941E-17,1.));
#7563=DIRECTION('',(-8.65334027651381E-15,-8.67361738022941E-17,1.));
#7564=DIRECTION('',(-8.65334027651381E-15,-8.67361738022941E-17,1.));
#7565=DIRECTION('',(-8.65334027651381E-15,-8.67361738022941E-17,1.));
#7566=DIRECTION('',(-8.65334027651381E-15,-8.67361738022941E-17,1.));
#7567=DIRECTION('center_axis',(1.,-2.8182195820203E-13,8.65334027651378E-15));
#7568=DIRECTION('ref_axis',(2.8182195820203E-13,1.,1.10156248670829E-14));
#7569=DIRECTION('',(2.8182195820203E-13,1.,1.15411658175663E-14));
#7570=DIRECTION('',(-8.65334027651381E-15,-8.67361738022941E-17,1.));
#7571=DIRECTION('',(2.8182195820203E-13,1.,1.10156248670829E-14));
#7572=DIRECTION('',(-8.65334027651381E-15,-8.67361738022941E-17,1.));
#7573=DIRECTION('',(-8.65334027651381E-15,-8.67361738022941E-17,1.));
#7574=DIRECTION('',(-8.65334027651381E-15,-8.67361738022941E-17,1.));
#7575=DIRECTION('',(-8.65334027651381E-15,-8.67361738022941E-17,1.));
#7576=DIRECTION('',(-8.65334027651381E-15,-8.67361738022941E-17,1.));
#7577=DIRECTION('',(-8.65334027651381E-15,-8.67361738022941E-17,1.));
#7578=DIRECTION('',(-8.65334027651381E-15,-8.67361738022941E-17,1.));
#7579=DIRECTION('',(-8.65334027651381E-15,-8.67361738022941E-17,1.));
#7580=DIRECTION('',(-8.65334027651381E-15,-8.67361738022941E-17,1.));
#7581=DIRECTION('',(-8.65334027651381E-15,-8.67361738022941E-17,1.));
#7582=DIRECTION('center_axis',(-1.,2.8182195820203E-13,-8.65334027651378E-15));
#7583=DIRECTION('ref_axis',(-2.8182195820203E-13,-1.,-1.10156248670829E-14));
#7584=DIRECTION('',(-2.8182195820203E-13,-1.,-1.15411658175663E-14));
#7585=DIRECTION('',(-8.65334027651381E-15,-8.67361738022941E-17,1.));
#7586=DIRECTION('',(-2.8182195820203E-13,-1.,-1.10156248670829E-14));
#7587=DIRECTION('',(-8.65334027651381E-15,-8.67361738022941E-17,1.));
#7588=DIRECTION('',(-8.65334027651381E-15,-8.67361738022941E-17,1.));
#7589=DIRECTION('',(-8.65334027651381E-15,-8.67361738022941E-17,1.));
#7590=DIRECTION('',(-8.65334027651381E-15,-8.67361738022941E-17,1.));
#7591=DIRECTION('',(-8.65334027651381E-15,-8.67361738022941E-17,1.));
#7592=DIRECTION('center_axis',(-5.10809664212175E-16,1.10156248670831E-14,
-1.));
#7593=DIRECTION('ref_axis',(-2.8182195820203E-13,-1.,-1.1015624867083E-14));
#7594=DIRECTION('center_axis',(2.8182195820203E-13,1.,8.67361738047328E-17));
#7595=DIRECTION('ref_axis',(-1.,2.8182195820203E-13,5.10809664215278E-16));
#7596=DIRECTION('',(-1.,2.8182195820203E-13,3.75980549696195E-16));
#7597=DIRECTION('',(-8.65334027651381E-15,-8.67361738022941E-17,1.));
#7598=DIRECTION('',(-1.,2.8182195820203E-13,5.10809664215278E-16));
#7599=DIRECTION('',(-8.65334027651381E-15,-8.67361738022941E-17,1.));
#7600=DIRECTION('center_axis',(1.,-2.8182195820203E-13,8.65334027651378E-15));
#7601=DIRECTION('ref_axis',(2.8182195820203E-13,1.,1.10156248670829E-14));
#7602=DIRECTION('',(2.8182195820203E-13,1.,1.15411658175663E-14));
#7603=DIRECTION('',(-8.65334027651381E-15,-8.67361738022941E-17,1.));
#7604=DIRECTION('',(2.8182195820203E-13,1.,1.10156248670829E-14));
#7605=DIRECTION('center_axis',(-2.8182195820203E-13,-1.,-8.67361738047328E-17));
#7606=DIRECTION('ref_axis',(1.,-2.8182195820203E-13,-5.10809664215278E-16));
#7607=DIRECTION('',(1.,-2.8182195820203E-13,-3.75980549696195E-16));
#7608=DIRECTION('',(-8.65334027651381E-15,-8.67361738022941E-17,1.));
#7609=DIRECTION('',(1.,-2.8182195820203E-13,-5.10809664215278E-16));
#7610=DIRECTION('center_axis',(1.,-2.8182195820203E-13,8.65334027651378E-15));
#7611=DIRECTION('ref_axis',(2.8182195820203E-13,1.,1.10156248670829E-14));
#7612=DIRECTION('',(2.8182195820203E-13,1.,1.15411658175663E-14));
#7613=DIRECTION('',(-8.65334027651381E-15,-8.67361738022941E-17,1.));
#7614=DIRECTION('',(2.8182195820203E-13,1.,1.10156248670829E-14));
#7615=DIRECTION('',(-8.65334027651381E-15,-8.67361738022941E-17,1.));
#7616=DIRECTION('',(-8.65334027651381E-15,-8.67361738022941E-17,1.));
#7617=DIRECTION('',(-8.65334027651381E-15,-8.67361738022941E-17,1.));
#7618=DIRECTION('',(-8.65334027651381E-15,-8.67361738022941E-17,1.));
#7619=DIRECTION('',(-8.65334027651381E-15,-8.67361738022941E-17,1.));
#7620=DIRECTION('center_axis',(1.,-2.8182195820203E-13,8.65334027651378E-15));
#7621=DIRECTION('ref_axis',(2.8182195820203E-13,1.,1.10156248670829E-14));
#7622=DIRECTION('',(2.8182195820203E-13,1.,1.15411658175663E-14));
#7623=DIRECTION('',(-8.65334027651381E-15,-8.67361738022941E-17,1.));
#7624=DIRECTION('',(2.8182195820203E-13,1.,1.10156248670829E-14));
#7625=DIRECTION('',(-8.65334027651381E-15,-8.67361738022941E-17,1.));
#7626=DIRECTION('',(-8.65334027651381E-15,-8.67361738022941E-17,1.));
#7627=DIRECTION('',(-8.65334027651381E-15,-8.67361738022941E-17,1.));
#7628=DIRECTION('center_axis',(-1.,2.8182195820203E-13,-8.65334027651378E-15));
#7629=DIRECTION('ref_axis',(-2.8182195820203E-13,-1.,-1.10156248670829E-14));
#7630=DIRECTION('',(-2.8182195820203E-13,-1.,-1.15411658175663E-14));
#7631=DIRECTION('',(-8.65334027651381E-15,-8.67361738022941E-17,1.));
#7632=DIRECTION('',(-2.8182195820203E-13,-1.,-1.10156248670829E-14));
#7633=DIRECTION('',(-8.65334027651381E-15,-8.67361738022941E-17,1.));
#7634=DIRECTION('',(-8.65334027651381E-15,-8.67361738022941E-17,1.));
#7635=DIRECTION('',(-8.65334027651381E-15,-8.67361738022941E-17,1.));
#7636=DIRECTION('center_axis',(-1.,2.8182195820203E-13,-8.65334027651378E-15));
#7637=DIRECTION('ref_axis',(-2.8182195820203E-13,-1.,-1.10156248670829E-14));
#7638=DIRECTION('',(-2.8182195820203E-13,-1.,-1.15411658175663E-14));
#7639=DIRECTION('',(-8.65334027651381E-15,-8.67361738022941E-17,1.));
#7640=DIRECTION('',(-2.8182195820203E-13,-1.,-1.10156248670829E-14));
#7641=DIRECTION('',(-8.65334027651381E-15,-8.67361738022941E-17,1.));
#7642=DIRECTION('',(-8.65334027651381E-15,-8.67361738022941E-17,1.));
#7643=DIRECTION('',(-8.65334027651381E-15,-8.67361738022941E-17,1.));
#7644=DIRECTION('',(-8.65334027651381E-15,-8.67361738022941E-17,1.));
#7645=DIRECTION('',(-8.65334027651381E-15,-8.67361738022941E-17,1.));
#7646=DIRECTION('center_axis',(-1.,2.8182195820203E-13,-8.65334027651378E-15));
#7647=DIRECTION('ref_axis',(-2.8182195820203E-13,-1.,-1.10156248670829E-14));
#7648=DIRECTION('',(-2.8182195820203E-13,-1.,-1.15411658175663E-14));
#7649=DIRECTION('',(-2.8182195820203E-13,-1.,-1.10156248670829E-14));
#7650=DIRECTION('center_axis',(-5.10809664212175E-16,1.10156248670831E-14,
-1.));
#7651=DIRECTION('ref_axis',(-2.8182195820203E-13,-1.,-1.1015624867083E-14));
#7652=DIRECTION('',(-8.65334027651381E-15,-8.67361738022941E-17,1.));
#7653=DIRECTION('',(-8.65334027651381E-15,-8.67361738022941E-17,1.));
#7654=DIRECTION('',(-8.65334027651381E-15,-8.67361738022941E-17,1.));
#7655=DIRECTION('center_axis',(1.,-2.8182195820203E-13,8.65334027651378E-15));
#7656=DIRECTION('ref_axis',(2.8182195820203E-13,1.,1.10156248670829E-14));
#7657=DIRECTION('',(2.8182195820203E-13,1.,1.15411658175663E-14));
#7658=DIRECTION('',(-8.65334027651381E-15,-8.67361738022941E-17,1.));
#7659=DIRECTION('',(2.8182195820203E-13,1.,1.10156248670829E-14));
#7660=DIRECTION('',(-8.65334027651381E-15,-8.67361738022941E-17,1.));
#7661=DIRECTION('',(-8.65334027651381E-15,-8.67361738022941E-17,1.));
#7662=DIRECTION('center_axis',(-2.8182195820203E-13,-1.,-8.67361738047328E-17));
#7663=DIRECTION('ref_axis',(1.,-2.8182195820203E-13,-5.10809664215278E-16));
#7664=DIRECTION('',(1.,-2.8182195820203E-13,-3.75980549696195E-16));
#7665=DIRECTION('',(-8.65334027651381E-15,-8.67361738022941E-17,1.));
#7666=DIRECTION('',(1.,-2.8182195820203E-13,-5.10809664215278E-16));
#7667=DIRECTION('',(-8.65334027651381E-15,-8.67361738022941E-17,1.));
#7668=DIRECTION('center_axis',(1.,-2.8182195820203E-13,8.65334027651378E-15));
#7669=DIRECTION('ref_axis',(2.8182195820203E-13,1.,1.10156248670829E-14));
#7670=DIRECTION('',(2.8182195820203E-13,1.,1.15411658175663E-14));
#7671=DIRECTION('',(-8.65334027651381E-15,-8.67361738022941E-17,1.));
#7672=DIRECTION('',(2.8182195820203E-13,1.,1.10156248670829E-14));
#7673=DIRECTION('',(-8.65334027651381E-15,-8.67361738022941E-17,1.));
#7674=DIRECTION('',(-8.65334027651381E-15,-8.67361738022941E-17,1.));
#7675=DIRECTION('',(-8.65334027651381E-15,-8.67361738022941E-17,1.));
#7676=DIRECTION('center_axis',(1.,-2.8182195820203E-13,8.65334027651378E-15));
#7677=DIRECTION('ref_axis',(2.8182195820203E-13,1.,1.10156248670829E-14));
#7678=DIRECTION('',(2.8182195820203E-13,1.,1.15411658175663E-14));
#7679=DIRECTION('',(-8.65334027651381E-15,-8.67361738022941E-17,1.));
#7680=DIRECTION('',(2.8182195820203E-13,1.,1.10156248670829E-14));
#7681=DIRECTION('',(-8.65334027651381E-15,-8.67361738022941E-17,1.));
#7682=DIRECTION('',(-8.65334027651381E-15,-8.67361738022941E-17,1.));
#7683=DIRECTION('',(-8.65334027651381E-15,-8.67361738022941E-17,1.));
#7684=DIRECTION('center_axis',(-1.,2.8182195820203E-13,-8.65334027651378E-15));
#7685=DIRECTION('ref_axis',(-2.8182195820203E-13,-1.,-1.10156248670829E-14));
#7686=DIRECTION('',(-2.8182195820203E-13,-1.,-1.15411658175663E-14));
#7687=DIRECTION('',(-8.65334027651381E-15,-8.67361738022941E-17,1.));
#7688=DIRECTION('',(-2.8182195820203E-13,-1.,-1.10156248670829E-14));
#7689=DIRECTION('',(-8.65334027651381E-15,-8.67361738022941E-17,1.));
#7690=DIRECTION('center_axis',(2.8182195820203E-13,1.,8.67361738047328E-17));
#7691=DIRECTION('ref_axis',(-1.,2.8182195820203E-13,5.10809664215278E-16));
#7692=DIRECTION('',(-1.,2.8182195820203E-13,3.75980549696195E-16));
#7693=DIRECTION('',(-8.65334027651381E-15,-8.67361738022941E-17,1.));
#7694=DIRECTION('',(-1.,2.8182195820203E-13,5.10809664215278E-16));
#7695=DIRECTION('',(-8.65334027651381E-15,-8.67361738022941E-17,1.));
#7696=DIRECTION('',(-8.65334027651381E-15,-8.67361738022941E-17,1.));
#7697=DIRECTION('center_axis',(-1.,2.8182195820203E-13,-8.65334027651378E-15));
#7698=DIRECTION('ref_axis',(-2.8182195820203E-13,-1.,-1.1015624867083E-14));
#7699=DIRECTION('',(-2.8182195820203E-13,-1.,-1.15411658175663E-14));
#7700=DIRECTION('',(-8.65334027651381E-15,-8.67361738022941E-17,1.));
#7701=DIRECTION('',(-2.8182195820203E-13,-1.,-1.1015624867083E-14));
#7702=DIRECTION('',(-8.65334027651381E-15,-8.67361738022941E-17,1.));
#7703=DIRECTION('',(-8.65334027651381E-15,-8.67361738022941E-17,1.));
#7704=DIRECTION('center_axis',(-1.,2.8182195820203E-13,-8.65334027651378E-15));
#7705=DIRECTION('ref_axis',(-2.8182195820203E-13,-1.,-1.10156248670829E-14));
#7706=DIRECTION('',(-2.8182195820203E-13,-1.,-1.15411658175663E-14));
#7707=DIRECTION('',(-8.65334027651381E-15,-8.67361738022941E-17,1.));
#7708=DIRECTION('',(-2.8182195820203E-13,-1.,-1.10156248670829E-14));
#7709=DIRECTION('',(-8.65334027651381E-15,-8.67361738022941E-17,1.));
#7710=DIRECTION('center_axis',(-5.10809664212175E-16,1.10156248670831E-14,
-1.));
#7711=DIRECTION('ref_axis',(-2.8182195820203E-13,-1.,-1.1015624867083E-14));
#7712=DIRECTION('center_axis',(2.8182195820203E-13,1.,8.67361738047328E-17));
#7713=DIRECTION('ref_axis',(-1.,2.8182195820203E-13,5.10809664215278E-16));
#7714=DIRECTION('',(-1.,2.8182195820203E-13,3.75980549696195E-16));
#7715=DIRECTION('',(-8.65334027651381E-15,-8.67361738022941E-17,1.));
#7716=DIRECTION('',(-1.,2.8182195820203E-13,5.10809664215278E-16));
#7717=DIRECTION('',(-8.65334027651381E-15,-8.67361738022941E-17,1.));
#7718=DIRECTION('center_axis',(1.,-2.8182195820203E-13,8.65334027651378E-15));
#7719=DIRECTION('ref_axis',(2.8182195820203E-13,1.,1.10156248670829E-14));
#7720=DIRECTION('',(2.8182195820203E-13,1.,1.15411658175663E-14));
#7721=DIRECTION('',(-8.65334027651381E-15,-8.67361738022941E-17,1.));
#7722=DIRECTION('',(2.8182195820203E-13,1.,1.10156248670829E-14));
#7723=DIRECTION('center_axis',(-2.8182195820203E-13,-1.,-8.67361738047328E-17));
#7724=DIRECTION('ref_axis',(1.,-2.8182195820203E-13,-5.10809664215278E-16));
#7725=DIRECTION('',(1.,-2.8182195820203E-13,-3.75980549696195E-16));
#7726=DIRECTION('',(-8.65334027651381E-15,-8.67361738022941E-17,1.));
#7727=DIRECTION('',(1.,-2.8182195820203E-13,-5.10809664215278E-16));
#7728=DIRECTION('center_axis',(1.,-2.8182195820203E-13,8.65334027651378E-15));
#7729=DIRECTION('ref_axis',(2.8182195820203E-13,1.,1.10156248670829E-14));
#7730=DIRECTION('',(2.8182195820203E-13,1.,1.15411658175663E-14));
#7731=DIRECTION('',(-8.65334027651381E-15,-8.67361738022941E-17,1.));
#7732=DIRECTION('',(2.8182195820203E-13,1.,1.10156248670829E-14));
#7733=DIRECTION('center_axis',(-2.8182195820203E-13,-1.,-8.67361738047328E-17));
#7734=DIRECTION('ref_axis',(1.,-2.8182195820203E-13,-5.10809664215278E-16));
#7735=DIRECTION('',(1.,-2.8182195820203E-13,-3.75980549696195E-16));
#7736=DIRECTION('',(-8.65334027651381E-15,-8.67361738022941E-17,1.));
#7737=DIRECTION('',(1.,-2.8182195820203E-13,-5.10809664215278E-16));
#7738=DIRECTION('center_axis',(-1.,2.8182195820203E-13,-8.65334027651378E-15));
#7739=DIRECTION('ref_axis',(-2.8182195820203E-13,-1.,-1.10156248670829E-14));
#7740=DIRECTION('',(-2.8182195820203E-13,-1.,-1.15411658175663E-14));
#7741=DIRECTION('',(-2.8182195820203E-13,-1.,-1.10156248670829E-14));
#7742=DIRECTION('center_axis',(-8.65334027651381E-15,-8.67361738022941E-17,
1.));
#7743=DIRECTION('ref_axis',(-2.8182195820203E-13,-1.,-8.67361738047328E-17));
#7744=DIRECTION('center_axis',(-3.75980549692943E-16,1.15411658175664E-14,
-1.));
#7745=DIRECTION('ref_axis',(-4.75591788173947E-14,1.,1.15411658175664E-14));
#7746=DIRECTION('',(-1.,-4.75591788173947E-14,3.75980549692394E-16));
#7747=DIRECTION('',(4.75591788173947E-14,-1.,-1.15411658175664E-14));
#7748=DIRECTION('',(1.,4.75591788173947E-14,-3.75980549692394E-16));
#7749=DIRECTION('',(-4.75591788173947E-14,1.,1.15411658175664E-14));
#7750=DIRECTION('center_axis',(-3.75980549692943E-16,1.15411658175664E-14,
-1.));
#7751=DIRECTION('ref_axis',(-4.75591788173947E-14,1.,1.15411658175664E-14));
#7752=DIRECTION('center_axis',(-3.75980549692943E-16,1.15411658175664E-14,
-1.));
#7753=DIRECTION('ref_axis',(-4.75591788173947E-14,1.,1.15411658175664E-14));
#7754=DIRECTION('center_axis',(0.707106781186353,4.17608152282356E-14,-0.707106781186742));
#7755=DIRECTION('ref_axis',(-4.75175454539712E-14,1.,1.15411658175664E-14));
#7756=DIRECTION('',(-4.75591788173947E-14,1.,1.1499532454143E-14));
#7757=DIRECTION('',(0.678598344546086,0.281084637714541,0.678598344545724));
#7758=DIRECTION('',(4.75591788173947E-14,-1.,-1.1499532454143E-14));
#7759=DIRECTION('',(-0.678598344546112,0.281084637714479,-0.678598344545724));
#7760=DIRECTION('center_axis',(0.499999999999868,0.500000000000128,-0.70710678118655));
#7761=DIRECTION('ref_axis',(-0.707106781186725,0.70710678118637,8.71525074330748E-15));
#7762=DIRECTION('',(-0.707106781186725,0.70710678118637,8.69164811108268E-15));
#7763=DIRECTION('',(0.281084637714733,0.678598344545864,0.678598344545866));
#7764=DIRECTION('',(0.707106781186725,-0.70710678118637,-8.69164811108268E-15));
#7765=DIRECTION('center_axis',(0.499999999999969,-0.499999999999994,-0.707106781186574));
#7766=DIRECTION('ref_axis',(0.70710678118657,0.707106781186525,7.35522753814166E-15));
#7767=DIRECTION('',(-0.70710678118657,-0.707106781186525,-7.57114664651364E-15));
#7768=DIRECTION('',(-0.281084637710321,0.678598344548828,-0.67859834454473));
#7769=DIRECTION('',(0.70710678118657,0.707106781186525,7.57114664651364E-15));
#7770=DIRECTION('center_axis',(0.70710678118637,0.707106781186725,7.25424195540684E-15));
#7771=DIRECTION('ref_axis',(-0.707106781186725,0.70710678118637,8.42669500867973E-15));
#7772=DIRECTION('',(-1.2821184594973E-15,1.15411658175664E-14,-1.));
#7773=DIRECTION('',(-0.707106781186725,0.70710678118637,8.69164811108268E-15));
#7774=DIRECTION('',(-1.2821184594973E-15,1.15411658175664E-14,-1.));
#7775=DIRECTION('center_axis',(-3.41896685817287E-14,0.707106781186556,
-0.707106781186539));
#7776=DIRECTION('ref_axis',(-1.,-4.79755124516291E-14,3.75980549692373E-16));
#7777=DIRECTION('',(-1.,-4.75591788173947E-14,7.92314183926828E-16));
#7778=DIRECTION('',(-0.862856209461033,0.357406744336548,0.357406744336598));
#7779=DIRECTION('',(-0.952319808691154,0.215739405272219,0.21573940527227));
#7780=DIRECTION('',(1.,4.75591788173947E-14,-7.92314183926828E-16));
#7781=DIRECTION('center_axis',(-7.92314183927375E-16,1.14995324541429E-14,
-1.));
#7782=DIRECTION('ref_axis',(1.,4.7836734573551E-14,-7.92314183926825E-16));
#7783=DIRECTION('',(1.,4.75591788173947E-14,-7.92314183926828E-16));
#7784=DIRECTION('',(4.75591788173947E-14,-1.,-1.15411658175664E-14));
#7785=DIRECTION('center_axis',(7.92314183927375E-16,-1.14995324541429E-14,
1.));
#7786=DIRECTION('ref_axis',(1.,4.75591788173947E-14,-7.92314183926828E-16));
#7787=DIRECTION('center_axis',(0.707106781185977,2.54980204706104E-14,0.707106781187118));
#7788=DIRECTION('ref_axis',(-4.76008121808182E-14,1.,1.15411658175664E-14));
#7789=DIRECTION('',(-4.75591788173947E-14,1.,1.1499532454143E-14));
#7790=DIRECTION('',(-0.678598344546653,-0.281084637713675,0.678598344545515));
#7791=DIRECTION('',(4.75591788173947E-14,-1.,-1.1499532454143E-14));
#7792=DIRECTION('',(0.678598344546682,-0.281084637713576,-0.678598344545527));
#7793=DIRECTION('center_axis',(0.499999999999869,0.500000000000111,0.707106781186562));
#7794=DIRECTION('ref_axis',(-0.707106781186725,0.70710678118637,8.71525074330748E-15));
#7795=DIRECTION('',(-0.281084637714735,-0.678598344545879,0.678598344545851));
#7796=DIRECTION('',(0.707106781186725,-0.70710678118637,-8.69164811108268E-15));
#7797=DIRECTION('center_axis',(0.499999999999973,-0.500000000000012,0.707106781186558));
#7798=DIRECTION('ref_axis',(0.70710678118657,0.707106781186525,7.52176099183543E-15));
#7799=DIRECTION('',(-0.70710678118657,-0.707106781186525,-7.57114664651364E-15));
#7800=DIRECTION('',(0.281084637714622,-0.678598344545983,-0.678598344545794));
#7801=DIRECTION('',(0.70710678118657,0.707106781186525,7.57114664651364E-15));
#7802=DIRECTION('center_axis',(1.,4.75591788173947E-14,-1.28211845949675E-15));
#7803=DIRECTION('ref_axis',(1.2821184594973E-15,-1.14995324541429E-14,1.));
#7804=DIRECTION('',(1.2821184594973E-15,-1.14995324541429E-14,1.));
#7805=DIRECTION('center_axis',(0.707106781186525,-0.70710678118657,-9.03799203579445E-15));
#7806=DIRECTION('ref_axis',(0.70710678118657,0.707106781186525,7.89497821611719E-15));
#7807=DIRECTION('',(-1.2821184594973E-15,1.14995324541429E-14,-1.));
#7808=DIRECTION('center_axis',(3.41896685817234E-14,-0.707106781186442,
0.707106781186653));
#7809=DIRECTION('ref_axis',(1.,4.79755124516292E-14,-3.75980549692414E-16));
#7810=DIRECTION('',(-1.,-4.75591788173947E-14,7.92314183926828E-16));
#7811=DIRECTION('',(0.28108463771452,0.678598344546017,0.678598344545801));
#7812=DIRECTION('',(1.,4.75591788173947E-14,-7.92314183926828E-16));
#7813=DIRECTION('center_axis',(-0.499999999999948,-0.500000000000062,0.70710678118654));
#7814=DIRECTION('ref_axis',(0.707106781186622,-0.707106781186473,-8.21565038222615E-15));
#7815=DIRECTION('',(0.707106781186622,-0.707106781186473,-8.69164811108378E-15));
#7816=DIRECTION('',(-0.707106781186622,0.707106781186473,8.69164811108378E-15));
#7817=DIRECTION('',(-0.678598344546379,-0.281084637714031,-0.678598344545642));
#7818=DIRECTION('center_axis',(-0.707106781186155,-4.17608152282285E-14,
0.70710678118694));
#7819=DIRECTION('ref_axis',(4.75175454539712E-14,-1.,-1.15411658175664E-14));
#7820=DIRECTION('',(-4.75591788173947E-14,1.,1.1499532454143E-14));
#7821=DIRECTION('',(-0.67859834454641,0.281084637713963,-0.678598344545639));
#7822=DIRECTION('',(4.75591788173947E-14,-1.,-1.1499532454143E-14));
#7823=DIRECTION('center_axis',(-0.500000000000021,0.499999999999966,0.707106781186557));
#7824=DIRECTION('ref_axis',(-0.707106781186514,-0.707106781186581,-8.16013923099491E-15));
#7825=DIRECTION('',(0.707106781186514,0.707106781186581,7.57114664651432E-15));
#7826=DIRECTION('',(-0.281084637714861,0.67859834454584,-0.678598344545838));
#7827=DIRECTION('',(-0.707106781186514,-0.707106781186581,-7.57114664651432E-15));
#7828=DIRECTION('center_axis',(-0.707106781186473,-0.707106781186622,-7.86553898251802E-15));
#7829=DIRECTION('ref_axis',(0.707106781186622,-0.707106781186473,-8.42669500868088E-15));
#7830=DIRECTION('',(-3.75980549692941E-16,1.14995324541429E-14,-1.));
#7831=DIRECTION('',(0.577350269189676,-0.577350269189546,-0.577350269189655));
#7832=DIRECTION('',(-0.678598344545867,0.678598344545727,-0.281084637715063));
#7833=DIRECTION('',(3.75980549692941E-16,-1.14995324541429E-14,1.));
#7834=DIRECTION('center_axis',(1.,4.75591788173947E-14,-3.75980549692394E-16));
#7835=DIRECTION('ref_axis',(-4.75591788173947E-14,1.,1.15411658175664E-14));
#7836=DIRECTION('',(3.75980549692943E-16,-1.15411658175664E-14,1.));
#7837=DIRECTION('',(-4.75591788173947E-14,1.,1.15411658175664E-14));
#7838=DIRECTION('center_axis',(-0.707106781186581,0.707106781186514,8.42669500868134E-15));
#7839=DIRECTION('ref_axis',(-0.707106781186514,-0.707106781186581,-7.89497821611786E-15));
#7840=DIRECTION('',(-3.75980549692943E-16,1.15411658175664E-14,-1.));
#7841=DIRECTION('',(0.678598344545815,0.678598344545875,0.28108463771483));
#7842=DIRECTION('',(-0.577350269189598,-0.577350269189659,0.57735026918962));
#7843=DIRECTION('center_axis',(-3.3069167117158E-14,0.70710678118654,0.707106781186556));
#7844=DIRECTION('ref_axis',(-1.,-4.71428451831602E-14,3.7598054969243E-16));
#7845=DIRECTION('',(-1.,-4.75591788173947E-14,7.92314183926828E-16));
#7846=DIRECTION('',(1.,4.75591788173947E-14,-7.92314183926828E-16));
#7847=DIRECTION('center_axis',(4.75591788173947E-14,-1.,-1.1499532454143E-14));
#7848=DIRECTION('ref_axis',(2.37202671614797E-16,-1.1499532454143E-14,1.));
#7849=DIRECTION('',(-0.707106781186547,-4.17608152282426E-14,0.707106781186548));
#7850=DIRECTION('',(-1.,-4.75591788173947E-14,3.75980549692394E-16));
#7851=DIRECTION('',(-0.707106781186546,-4.17608152282426E-14,0.707106781186549));
#7852=DIRECTION('',(3.75980549692941E-16,-1.14995324541429E-14,1.));
#7853=DIRECTION('',(-0.707106781186546,-4.17608152282426E-14,0.707106781186549));
#7854=DIRECTION('',(-1.,-4.75591788173947E-14,3.75980549692394E-16));
#7855=DIRECTION('',(0.707106781186547,4.17608152282426E-14,-0.707106781186547));
#7856=DIRECTION('',(1.,4.75591788173947E-14,-3.75980549692394E-16));
#7857=DIRECTION('',(-3.75980549692941E-16,1.14995324541429E-14,-1.));
#7858=DIRECTION('',(-1.,-4.75591788173947E-14,3.75980549692394E-16));
#7859=DIRECTION('',(-0.707106781186547,-2.54980204706441E-14,-0.707106781186547));
#7860=DIRECTION('',(-1.,-4.75591788173947E-14,3.75980549692394E-16));
#7861=DIRECTION('',(-0.707106781186547,-4.17608152282426E-14,0.707106781186548));
#7862=DIRECTION('',(-1.,-4.75591788173947E-14,3.75980549692394E-16));
#7863=DIRECTION('',(-0.707106781186548,-2.54980204706441E-14,-0.707106781186547));
#7864=DIRECTION('',(-3.75980549692941E-16,1.14995324541429E-14,-1.));
#7865=DIRECTION('',(0.707106781186548,4.17608152282426E-14,-0.707106781186547));
#7866=DIRECTION('',(1.,4.75591788173947E-14,-3.75980549692394E-16));
#7867=DIRECTION('',(0.707106781186547,4.17608152282426E-14,-0.707106781186548));
#7868=DIRECTION('',(-0.38279500299133,-7.58176486076243E-15,-0.923833310551675));
#7869=DIRECTION('',(-0.999999970831052,-4.75619549397075E-14,0.000241532390568831));
#7870=DIRECTION('',(-0.70702138143391,-4.17577356247708E-14,0.707192170626405));
#7871=DIRECTION('',(8.20069759543003E-16,-1.14995324541429E-14,1.));
#7872=DIRECTION('',(1.,4.75591788173947E-14,-3.75980549692394E-16));
#7873=DIRECTION('',(0.707106781186548,2.54980204706441E-14,0.707106781186547));
#7874=DIRECTION('',(8.20069759543003E-16,-1.14995324541429E-14,1.));
#7875=DIRECTION('',(-0.707106781186547,-4.17608152282426E-14,0.707106781186548));
#7876=DIRECTION('',(-1.,-4.75591788173947E-14,3.75980549692394E-16));
#7877=DIRECTION('',(-0.707106781186548,-2.54980204706441E-14,-0.707106781186547));
#7878=DIRECTION('',(-3.75980549692941E-16,1.14995324541429E-14,-1.));
#7879=DIRECTION('',(0.707106781186548,2.54980204706441E-14,0.707106781186547));
#7880=DIRECTION('',(0.707106781186547,4.17608152282426E-14,-0.707106781186548));
#7881=DIRECTION('',(-3.75980549692941E-16,1.14995324541429E-14,-1.));
#7882=DIRECTION('',(-0.707106781186548,-2.54980204706441E-14,-0.707106781186547));
#7883=DIRECTION('',(-1.,-4.75591788173947E-14,3.75980549692394E-16));
#7884=DIRECTION('',(-0.707106781186548,-2.54980204706441E-14,-0.707106781186547));
#7885=DIRECTION('',(-4.22239842385656E-16,1.14995324541429E-14,-1.));
#7886=DIRECTION('',(0.707106781186547,4.17608152282426E-14,-0.707106781186548));
#7887=DIRECTION('',(1.,4.75591788173947E-14,-3.75980549692394E-16));
#7888=DIRECTION('',(0.707106781186547,4.17608152282426E-14,-0.707106781186548));
#7889=DIRECTION('',(-1.,-4.75591788173947E-14,7.92314183926828E-16));
#7890=DIRECTION('',(0.707106781186546,4.17608152282426E-14,-0.707106781186549));
#7891=DIRECTION('',(-3.75980549692941E-16,1.14995324541429E-14,-1.));
#7892=DIRECTION('',(0.707106781186543,4.17608152282425E-14,-0.707106781186552));
#7893=DIRECTION('',(1.,4.75591788173947E-14,-3.15350181724734E-16));
#7894=DIRECTION('',(0.707106781186548,4.17608152282426E-14,-0.707106781186547));
#7895=DIRECTION('',(-7.92314183927375E-16,1.14995324541429E-14,-1.));
#7896=DIRECTION('',(-0.707106781186548,-2.54980204706442E-14,-0.707106781186547));
#7897=DIRECTION('',(-1.,-4.75591788173947E-14,7.92314183926828E-16));
#7898=DIRECTION('',(-0.707106781186548,-4.17608152282427E-14,0.707106781186547));
#7899=DIRECTION('',(7.92314183927375E-16,-1.14995324541429E-14,1.));
#7900=DIRECTION('',(0.707106781186547,2.54980204706441E-14,0.707106781186548));
#7901=DIRECTION('',(1.,4.75591788173947E-14,-3.15350181724734E-16));
#7902=DIRECTION('',(0.707106781186548,2.54980204706441E-14,0.707106781186547));
#7903=DIRECTION('',(1.,4.75591788173947E-14,-3.75980549692394E-16));
#7904=DIRECTION('',(2.53011073083022E-15,-1.14995324541428E-14,1.));
#7905=DIRECTION('',(0.707106781186549,2.54980204706442E-14,0.707106781186546));
#7906=DIRECTION('',(1.,4.75591788173947E-14,-3.75980549692394E-16));
#7907=DIRECTION('',(-3.75980549692941E-16,1.14995324541429E-14,-1.));
#7908=DIRECTION('',(-1.,-4.75591788173947E-14,3.75980549692394E-16));
#7909=DIRECTION('center_axis',(-0.499999999999871,-0.707106781186701,-0.499999999999912));
#7910=DIRECTION('ref_axis',(0.816496580927858,-0.57735026918944,-6.93889390390722E-15));
#7911=DIRECTION('',(0.707106781186547,4.17608152282426E-14,-0.707106781186548));
#7912=DIRECTION('',(-0.281084637715188,0.678598344545769,-0.678598344545773));
#7913=DIRECTION('center_axis',(-0.500000000000033,0.707106781186531,-0.499999999999991));
#7914=DIRECTION('ref_axis',(-0.8164965809277,-0.577350269189663,-6.49480469405717E-15));
#7915=DIRECTION('',(0.707106781186547,4.17902544618429E-14,-0.707106781186548));
#7916=DIRECTION('',(-0.281084637714791,-0.678598344545851,-0.678598344545855));
#7917=DIRECTION('',(-0.707106781186547,-4.17902544618429E-14,0.707106781186548));
#7918=DIRECTION('center_axis',(-4.75591788173947E-14,1.,1.15411658175664E-14));
#7919=DIRECTION('ref_axis',(-1.,-4.75591788173947E-14,3.75980549692394E-16));
#7920=DIRECTION('',(-0.707106781186547,-4.17902544618429E-14,0.707106781186548));
#7921=DIRECTION('',(-1.,-4.75591788173947E-14,3.75980549692394E-16));
#7922=DIRECTION('',(-0.707106781186547,-4.17902544618429E-14,0.707106781186548));
#7923=DIRECTION('',(4.22239842385658E-16,-1.15411658175664E-14,1.));
#7924=DIRECTION('',(0.707106781186548,2.54685812370438E-14,0.707106781186547));
#7925=DIRECTION('',(1.,4.75591788173947E-14,-3.75980549692394E-16));
#7926=DIRECTION('',(0.707106781186548,2.54685812370438E-14,0.707106781186547));
#7927=DIRECTION('',(3.75980549692943E-16,-1.15411658175664E-14,1.));
#7928=DIRECTION('',(-0.707106781186547,-4.17902544618429E-14,0.707106781186548));
#7929=DIRECTION('',(-0.707106781186548,-2.54685812370438E-14,-0.707106781186547));
#7930=DIRECTION('',(3.75980549692943E-16,-1.15411658175664E-14,1.));
#7931=DIRECTION('',(0.707106781186548,2.54685812370438E-14,0.707106781186547));
#7932=DIRECTION('',(1.,4.75591788173947E-14,-3.75980549692394E-16));
#7933=DIRECTION('',(0.707106781186547,4.17902544618429E-14,-0.707106781186548));
#7934=DIRECTION('',(-8.20069759543005E-16,1.15411658175664E-14,-1.));
#7935=DIRECTION('',(-0.707106781186548,-2.54685812370438E-14,-0.707106781186547));
#7936=DIRECTION('',(-1.,-4.75591788173947E-14,3.75980549692394E-16));
#7937=DIRECTION('',(-8.20069759543005E-16,1.15411658175664E-14,-1.));
#7938=DIRECTION('',(0.70702138143391,4.17871784134208E-14,-0.707192170626405));
#7939=DIRECTION('',(0.999999970831052,4.75619649955133E-14,-0.000241532390568831));
#7940=DIRECTION('',(0.38279500299133,7.54330257280154E-15,0.923833310551675));
#7941=DIRECTION('',(-0.707106781186547,-4.17902544618429E-14,0.707106781186548));
#7942=DIRECTION('',(-1.,-4.75591788173947E-14,3.75980549692394E-16));
#7943=DIRECTION('',(-0.707106781186548,-4.1790254461843E-14,0.707106781186547));
#7944=DIRECTION('',(3.75980549692943E-16,-1.15411658175664E-14,1.));
#7945=DIRECTION('',(0.707106781186548,2.54685812370438E-14,0.707106781186547));
#7946=DIRECTION('',(1.,4.75591788173947E-14,-3.75980549692394E-16));
#7947=DIRECTION('',(0.707106781186547,4.17902544618429E-14,-0.707106781186548));
#7948=DIRECTION('',(1.,4.75591788173947E-14,-3.75980549692394E-16));
#7949=DIRECTION('',(0.707106781186547,2.54685812370438E-14,0.707106781186547));
#7950=DIRECTION('',(1.,4.75591788173947E-14,-3.75980549692394E-16));
#7951=DIRECTION('',(3.75980549692943E-16,-1.15411658175664E-14,1.));
#7952=DIRECTION('',(-1.,-4.75591788173947E-14,3.75980549692394E-16));
#7953=DIRECTION('',(-0.707106781186547,-4.1790254461843E-14,0.707106781186547));
#7954=DIRECTION('',(1.,4.75591788173947E-14,-3.75980549692394E-16));
#7955=DIRECTION('',(0.707106781186546,4.17902544618429E-14,-0.707106781186549));
#7956=DIRECTION('',(-3.75980549692943E-16,1.15411658175664E-14,-1.));
#7957=DIRECTION('',(0.707106781186546,4.17902544618429E-14,-0.707106781186549));
#7958=DIRECTION('',(1.,4.75591788173947E-14,-3.75980549692394E-16));
#7959=DIRECTION('',(-1.,-4.75591788173947E-14,3.15350181724734E-16));
#7960=DIRECTION('',(-0.707106781186543,-4.17902544618428E-14,0.707106781186552));
#7961=DIRECTION('',(3.75980549692943E-16,-1.15411658175664E-14,1.));
#7962=DIRECTION('',(-0.707106781186546,-4.17902544618429E-14,0.707106781186549));
#7963=DIRECTION('',(-1.,-4.75591788173947E-14,3.75980549692394E-16));
#7964=DIRECTION('',(-0.707106781186548,-2.54685812370438E-14,-0.707106781186547));
#7965=DIRECTION('',(-1.,-4.75591788173947E-14,3.15350181724734E-16));
#7966=DIRECTION('',(-0.707106781186547,-2.54685812370438E-14,-0.707106781186548));
#7967=DIRECTION('',(-7.92314183927377E-16,1.15411658175664E-14,-1.));
#7968=DIRECTION('',(0.707106781186548,4.1790254461843E-14,-0.707106781186547));
#7969=DIRECTION('',(1.,4.75591788173947E-14,-7.92314183926828E-16));
#7970=DIRECTION('',(0.707106781186548,2.54685812370438E-14,0.707106781186547));
#7971=DIRECTION('',(7.92314183927377E-16,-1.15411658175664E-14,1.));
#7972=DIRECTION('',(-0.707106781186548,-4.1790254461843E-14,0.707106781186547));
#7973=DIRECTION('',(3.75980549692943E-16,-1.15411658175664E-14,1.));
#7974=DIRECTION('',(-1.,-4.75591788173947E-14,3.75980549692394E-16));
#7975=DIRECTION('',(-0.707106781186549,-2.54685812370438E-14,-0.707106781186546));
#7976=DIRECTION('',(-2.53011073083022E-15,1.15411658175663E-14,-1.));
#7977=DIRECTION('',(1.,4.75591788173947E-14,-3.75980549692394E-16));
#7978=DIRECTION('center_axis',(3.30691671170549E-14,-0.707106781184406,
-0.707106781188689));
#7979=DIRECTION('ref_axis',(1.,4.71428451831577E-14,-3.75980549692376E-16));
#7980=DIRECTION('',(0.86285620946095,0.357406744336707,-0.35740674433664));
#7981=DIRECTION('center_axis',(-0.500000000000035,0.707106781186516,0.50000000000001));
#7982=DIRECTION('ref_axis',(-0.816496580927697,-0.577350269189667,-6.24500451351651E-15));
#7983=DIRECTION('',(0.707106781186548,2.54685812370438E-14,0.707106781186547));
#7984=DIRECTION('',(0.281084637714781,0.678598344545869,-0.678598344545841));
#7985=DIRECTION('',(-0.357406744336611,0.357406744336587,-0.862856209461012));
#7986=DIRECTION('',(2.92676061247172E-14,-0.577350269189637,0.816496580927718));
#7987=DIRECTION('center_axis',(0.499999999999967,0.707106781186565,0.500000000000008));
#7988=DIRECTION('ref_axis',(-0.816496580927753,0.577350269189587,7.18869408444789E-15));
#7989=DIRECTION('',(0.678598344545882,-0.678598344545818,0.281084637714806));
#7990=DIRECTION('',(0.707106781186547,4.17902544618429E-14,-0.707106781186548));
#7991=DIRECTION('center_axis',(0.707106781186513,0.707106781186582,7.89497821611787E-15));
#7992=DIRECTION('ref_axis',(-0.707106781186582,0.707106781186513,8.42669500868132E-15));
#7993=DIRECTION('',(0.678598344546084,-0.678598344545638,-0.281084637714752));
#7994=DIRECTION('',(-3.75980549692943E-16,1.15411658175664E-14,-1.));
#7995=DIRECTION('center_axis',(0.499999999999967,0.707106781186576,-0.499999999999993));
#7996=DIRECTION('ref_axis',(-0.816496580927753,0.577350269189588,6.85562717706034E-15));
#7997=DIRECTION('',(0.281084637714895,-0.678598344545697,-0.678598344545966));
#7998=DIRECTION('',(-0.707106781186548,-2.54685812370438E-14,-0.707106781186547));
#7999=DIRECTION('center_axis',(0.707106781186388,0.707106781186707,7.86226795656345E-15));
#8000=DIRECTION('ref_axis',(-0.707106781186707,0.707106781186388,8.42669500867993E-15));
#8001=DIRECTION('',(0.678598344545988,-0.678598344545685,0.28108463771487));
#8002=DIRECTION('',(-4.22239842385658E-16,1.15411658175664E-14,-1.));
#8003=DIRECTION('',(-0.678598344545992,0.678598344545683,0.281084637714865));
#8004=DIRECTION('center_axis',(0.499999999999964,0.707106781186569,0.500000000000005));
#8005=DIRECTION('ref_axis',(-0.816496580927756,0.577350269189583,6.99440505513849E-15));
#8006=DIRECTION('',(0.281084637714859,-0.67859834454584,0.678598344545838));
#8007=DIRECTION('',(0.707106781186547,4.17902544618429E-14,-0.707106781186548));
#8008=DIRECTION('center_axis',(-3.33635594531612E-14,0.707106781186539,
0.707106781186556));
#8009=DIRECTION('ref_axis',(-1.,-4.75591788173947E-14,3.75980549692433E-16));
#8010=DIRECTION('',(0.862856209461034,-0.357406744336557,0.357406744336588));
#8011=DIRECTION('',(0.28108463771485,-0.678598344545842,0.67859834454584));
#8012=DIRECTION('',(1.,4.75591788173947E-14,-3.75980549692394E-16));
#8013=DIRECTION('center_axis',(-0.500000000000035,0.70710678118653,-0.49999999999999));
#8014=DIRECTION('ref_axis',(-0.816496580927698,-0.577350269189665,-6.35602681597902E-15));
#8015=DIRECTION('',(-0.707106781186546,-4.17902544618429E-14,0.707106781186549));
#8016=DIRECTION('',(0.281084637714777,0.678598344545854,0.678598344545858));
#8017=DIRECTION('',(-0.678598344545816,-0.678598344545877,-0.281084637714822));
#8018=DIRECTION('center_axis',(-3.38952762457255E-14,0.707106781186556,
-0.707106781186539));
#8019=DIRECTION('ref_axis',(-1.,-4.75591788173947E-14,3.75980549692367E-16));
#8020=DIRECTION('',(-1.,-4.75591788173947E-14,3.75980549692394E-16));
#8021=DIRECTION('center_axis',(0.270598050073055,0.923879532511296,0.270598050073109));
#8022=DIRECTION('ref_axis',(-0.959682982260681,0.281084637714775,3.60822483003176E-15));
#8023=DIRECTION('',(-0.707106781186547,-4.17902544618429E-14,0.707106781186548));
#8024=DIRECTION('center_axis',(-0.707106781186581,0.707106781186514,8.42669500868134E-15));
#8025=DIRECTION('ref_axis',(-0.707106781186514,-0.707106781186581,-7.89497821611786E-15));
#8026=DIRECTION('',(3.75980549692943E-16,-1.15411658175664E-14,1.));
#8027=DIRECTION('',(-0.67859834454562,-0.678598344546043,-0.281084637714895));
#8028=DIRECTION('center_axis',(-0.500000000000035,0.707106781186529,-0.499999999999991));
#8029=DIRECTION('ref_axis',(-0.816496580927698,-0.577350269189666,-6.02295990859148E-15));
#8030=DIRECTION('',(-0.707106781186546,-4.17902544618429E-14,0.707106781186549));
#8031=DIRECTION('',(-0.281084637714458,-0.67859834454592,-0.678598344545924));
#8032=DIRECTION('center_axis',(-3.38952762457255E-14,0.707106781186555,
-0.70710678118654));
#8033=DIRECTION('ref_axis',(-1.,-4.75591788173947E-14,3.75980549692398E-16));
#8034=DIRECTION('',(0.862856209461034,-0.357406744336547,-0.357406744336597));
#8035=DIRECTION('',(3.33635594531613E-14,-0.70710678118654,-0.707106781186555));
#8036=DIRECTION('',(-1.,-4.75591788173947E-14,3.75980549692394E-16));
#8037=DIRECTION('center_axis',(0.499999999999968,0.707106781186575,-0.499999999999994));
#8038=DIRECTION('ref_axis',(-0.816496580927752,0.57735026918959,7.29971638691041E-15));
#8039=DIRECTION('',(-0.707106781186548,-2.54685812370438E-14,-0.707106781186547));
#8040=DIRECTION('',(-0.281084637714895,0.678598344545697,0.678598344545966));
#8041=DIRECTION('center_axis',(-3.38952762457314E-14,0.70710678118668,-0.707106781186415));
#8042=DIRECTION('ref_axis',(-1.,-4.75591788173947E-14,3.75980549692398E-16));
#8043=DIRECTION('',(-1.,-4.75591788173947E-14,3.75980549692394E-16));
#8044=DIRECTION('center_axis',(0.707106781186547,4.17902544618429E-14,-0.707106781186548));
#8045=DIRECTION('ref_axis',(-4.75591788173946E-14,1.,1.15411658175664E-14));
#8046=DIRECTION('',(4.75591788173947E-14,-1.,-1.15411658175664E-14));
#8047=DIRECTION('center_axis',(-0.707106781186547,-4.17902544618429E-14,
0.707106781186548));
#8048=DIRECTION('ref_axis',(0.707106781186548,2.54980204706441E-14,0.707106781186547));
#8049=DIRECTION('',(4.75591788173947E-14,-1.,-1.1499532454143E-14));
#8050=DIRECTION('center_axis',(-3.75980549692943E-16,1.15411658175664E-14,
-1.));
#8051=DIRECTION('ref_axis',(-4.75591788173947E-14,1.,1.15411658175664E-14));
#8052=DIRECTION('',(-4.75591788173947E-14,1.,1.15411658175664E-14));
#8053=DIRECTION('',(1.,4.75591788173947E-14,-3.75980549692394E-16));
#8054=DIRECTION('',(4.75591788173947E-14,-1.,-1.15411658175664E-14));
#8055=DIRECTION('center_axis',(-3.75980549692943E-16,1.15411658175664E-14,
-1.));
#8056=DIRECTION('ref_axis',(1.,4.75591788173947E-14,-3.75980549692394E-16));
#8057=DIRECTION('center_axis',(0.707106781186547,4.17902544618429E-14,-0.707106781186548));
#8058=DIRECTION('ref_axis',(-4.75591788173946E-14,1.,1.15411658175664E-14));
#8059=DIRECTION('',(4.75591788173947E-14,-1.,-1.15411658175664E-14));
#8060=DIRECTION('',(0.707106781186548,2.54980204706441E-14,0.707106781186547));
#8061=DIRECTION('center_axis',(1.,4.75591788173947E-14,-4.22239842385109E-16));
#8062=DIRECTION('ref_axis',(4.22239842385656E-16,-1.14995324541429E-14,
1.));
#8063=DIRECTION('',(-4.75591788173947E-14,1.,1.15411658175664E-14));
#8064=DIRECTION('',(4.22239842385656E-16,-1.14995324541429E-14,1.));
#8065=DIRECTION('center_axis',(0.707106781186548,2.54685812370438E-14,0.707106781186547));
#8066=DIRECTION('ref_axis',(-4.75591788173947E-14,1.,1.15411658175664E-14));
#8067=DIRECTION('',(4.75591788173947E-14,-1.,-1.15411658175664E-14));
#8068=DIRECTION('',(-0.707106781186547,-4.17608152282426E-14,0.707106781186548));
#8069=DIRECTION('center_axis',(-3.75980549692943E-16,1.15411658175664E-14,
-1.));
#8070=DIRECTION('ref_axis',(4.75591788173947E-14,-1.,-1.15411658175664E-14));
#8071=DIRECTION('',(4.75591788173947E-14,-1.,-1.15411658175664E-14));
#8072=DIRECTION('',(-1.,-4.75591788173947E-14,3.75980549692394E-16));
#8073=DIRECTION('center_axis',(-3.75980549692943E-16,1.15411658175664E-14,
-1.));
#8074=DIRECTION('ref_axis',(1.,4.75591788173947E-14,-3.75980549692394E-16));
#8075=DIRECTION('center_axis',(0.499999999999967,0.707106781186564,0.500000000000009));
#8076=DIRECTION('ref_axis',(-0.816496580927753,0.577350269189588,7.13318293321663E-15));
#8077=DIRECTION('',(0.707106781186547,4.17902544618429E-14,-0.707106781186548));
#8078=DIRECTION('center_axis',(7.92314183927375E-16,-1.14995324541429E-14,
1.));
#8079=DIRECTION('ref_axis',(-1.,-4.75591788173947E-14,7.92314183926828E-16));
#8080=DIRECTION('center_axis',(-7.92314183927375E-16,1.14995324541429E-14,
-1.));
#8081=DIRECTION('ref_axis',(1.,4.75591788173947E-14,-7.92314183926828E-16));
#8082=DIRECTION('center_axis',(-7.92314183927375E-16,1.14995324541429E-14,
-1.));
#8083=DIRECTION('ref_axis',(1.,4.75591788173947E-14,-7.92314183926828E-16));
#8084=DIRECTION('center_axis',(-0.707106781186548,-2.54685812370438E-14,
-0.707106781186547));
#8085=DIRECTION('ref_axis',(4.75591788173947E-14,-1.,-1.15411658175664E-14));
#8086=DIRECTION('',(4.75591788173947E-14,-1.,-1.15411658175664E-14));
#8087=DIRECTION('center_axis',(-0.707106781159574,-2.36861269894328E-11,
-0.707106781213521));
#8088=DIRECTION('ref_axis',(-0.607893056954106,0.510815096381423,0.607893056890626));
#8089=DIRECTION('center_axis',(-0.707106781201725,-1.20584444977797E-11,
-0.70710678117137));
#8090=DIRECTION('ref_axis',(-0.615750205998062,-0.491633367036675,0.615750206032874));
#8091=DIRECTION('',(4.75591788173947E-14,-1.,-1.15411658175664E-14));
#8092=DIRECTION('center_axis',(-3.75980549692943E-16,1.15411658175664E-14,
-1.));
#8093=DIRECTION('ref_axis',(-4.75591788173947E-14,1.,1.15411658175664E-14));
#8094=DIRECTION('',(-4.75591788173947E-14,1.,1.15411658175664E-14));
#8095=DIRECTION('center_axis',(-3.75980549692943E-16,1.15411658175664E-14,
-1.));
#8096=DIRECTION('ref_axis',(-1.,-4.75591788173947E-14,3.75980549692394E-16));
#8097=DIRECTION('center_axis',(-0.707106781186549,-2.54685812370439E-14,
-0.707106781186546));
#8098=DIRECTION('ref_axis',(4.75591788173947E-14,-1.,-1.15411658175664E-14));
#8099=DIRECTION('',(4.75591788173947E-14,-1.,-1.15411658175664E-14));
#8100=DIRECTION('center_axis',(0.707106781186549,2.54685812370439E-14,0.707106781186546));
#8101=DIRECTION('ref_axis',(0.707106781186546,4.17608152282426E-14,-0.707106781186549));
#8102=DIRECTION('center_axis',(-1.,-4.75591788173947E-14,3.75980549692394E-16));
#8103=DIRECTION('ref_axis',(4.75591788173947E-14,-1.,-1.15411658175664E-14));
#8104=DIRECTION('',(4.75591788173947E-14,-1.,-1.1499532454143E-14));
#8105=DIRECTION('',(1.06111586243124E-15,-1.14995324541429E-14,1.));
#8106=DIRECTION('center_axis',(-0.707106781186549,-2.54685812370439E-14,
-0.707106781186546));
#8107=DIRECTION('ref_axis',(4.75591788173947E-14,-1.,-1.15411658175664E-14));
#8108=DIRECTION('',(4.75591788173947E-14,-1.,-1.1499532454143E-14));
#8109=DIRECTION('center_axis',(0.707106781186549,2.54685812370439E-14,0.707106781186546));
#8110=DIRECTION('ref_axis',(0.707106781186546,4.17608152282426E-14,-0.707106781186549));
#8111=DIRECTION('center_axis',(-3.75980549692943E-16,1.15411658175664E-14,
-1.));
#8112=DIRECTION('ref_axis',(1.,4.75591788173947E-14,-3.75980549692394E-16));
#8113=DIRECTION('',(4.75591788173947E-14,-1.,-1.15411658175664E-14));
#8114=DIRECTION('',(1.,4.75591788173947E-14,-3.75980549692394E-16));
#8115=DIRECTION('',(4.75591788173947E-14,-1.,-1.1499532454143E-14));
#8116=DIRECTION('center_axis',(-1.,-4.75591788173947E-14,3.75980549692394E-16));
#8117=DIRECTION('ref_axis',(4.75591788173947E-14,-1.,-1.15411658175664E-14));
#8118=DIRECTION('',(-2.77652915259799E-14,0.577350269189634,-0.81649658092772));
#8119=DIRECTION('',(-4.75591788173947E-14,1.,1.15411658175664E-14));
#8120=DIRECTION('',(3.75980549692941E-16,-1.14995324541429E-14,1.));
#8121=DIRECTION('center_axis',(0.499999999999965,0.707106781186567,0.500000000000007));
#8122=DIRECTION('ref_axis',(-0.816496580927755,0.577350269189585,6.96664947952286E-15));
#8123=DIRECTION('',(0.281084637714863,-0.67859834454584,0.678598344545836));
#8124=DIRECTION('',(0.707106781186547,4.1790254461843E-14,-0.707106781186547));
#8125=DIRECTION('center_axis',(0.499999999999966,0.707106781186578,-0.499999999999991));
#8126=DIRECTION('ref_axis',(-0.816496580927754,0.577350269189586,6.82787160144471E-15));
#8127=DIRECTION('',(-0.707106781186547,-2.54685812370438E-14,-0.707106781186547));
#8128=DIRECTION('',(-0.281084637714855,0.678598344545825,0.678598344545854));
#8129=DIRECTION('',(0.281084637714855,-0.678598344545824,-0.678598344545856));
#8130=DIRECTION('center_axis',(-3.33635594531612E-14,0.707106781186539,
0.707106781186556));
#8131=DIRECTION('ref_axis',(-1.,-4.75591788173947E-14,3.75980549692433E-16));
#8132=DIRECTION('',(1.,4.75591788173947E-14,-3.75980549692394E-16));
#8133=DIRECTION('',(0.577350269189868,-0.5773502691895,0.577350269189509));
#8134=DIRECTION('center_axis',(0.707106781186514,0.707106781186581,7.89497821611786E-15));
#8135=DIRECTION('ref_axis',(-0.707106781186581,0.707106781186514,8.42669500868133E-15));
#8136=DIRECTION('',(-3.75980549692943E-16,1.15411658175664E-14,-1.));
#8137=DIRECTION('',(0.577350269189653,-0.577350269189591,-0.577350269189633));
#8138=DIRECTION('center_axis',(-3.38952762457255E-14,0.707106781186556,
-0.70710678118654));
#8139=DIRECTION('ref_axis',(-1.,-4.75591788173947E-14,3.75980549692363E-16));
#8140=DIRECTION('',(-1.,-4.75591788173947E-14,3.75980549692394E-16));
#8141=DIRECTION('center_axis',(-3.38952762457255E-14,0.707106781186556,
-0.707106781186539));
#8142=DIRECTION('ref_axis',(-1.,-4.75591788173947E-14,3.75980549692367E-16));
#8143=DIRECTION('',(-0.281084637714788,-0.678598344545852,-0.678598344545855));
#8144=DIRECTION('center_axis',(-0.500000000000034,0.70710678118653,-0.499999999999991));
#8145=DIRECTION('ref_axis',(-0.816496580927699,-0.577350269189664,-6.10622663543836E-15));
#8146=DIRECTION('',(-0.707106781186547,-4.17902544618429E-14,0.707106781186548));
#8147=DIRECTION('',(-0.281084637714788,-0.678598344545853,-0.678598344545855));
#8148=DIRECTION('center_axis',(-3.38952762457255E-14,0.707106781186556,
-0.70710678118654));
#8149=DIRECTION('ref_axis',(-1.,-4.75591788173947E-14,3.75980549692363E-16));
#8150=DIRECTION('',(-1.,-4.75591788173947E-14,3.75980549692394E-16));
#8151=DIRECTION('',(0.281084637714852,-0.678598344545827,-0.678598344545854));
#8152=DIRECTION('center_axis',(0.499999999999967,0.707106781186576,-0.499999999999993));
#8153=DIRECTION('ref_axis',(-0.816496580927753,0.577350269189588,6.85562717706034E-15));
#8154=DIRECTION('',(-0.707106781186548,-2.54685812370438E-14,-0.707106781186547));
#8155=DIRECTION('',(0.67859834454588,-0.678598344545812,-0.281084637714825));
#8156=DIRECTION('center_axis',(0.707106781186513,0.707106781186582,7.89497821611787E-15));
#8157=DIRECTION('ref_axis',(-0.707106781186582,0.707106781186513,8.42669500868133E-15));
#8158=DIRECTION('',(-3.75980549692943E-16,1.15411658175664E-14,-1.));
#8159=DIRECTION('',(0.678598344546076,-0.678598344545653,0.281084637714736));
#8160=DIRECTION('center_axis',(0.499999999999967,0.707106781186564,0.50000000000001));
#8161=DIRECTION('ref_axis',(-0.816496580927753,0.577350269189588,7.07767178198537E-15));
#8162=DIRECTION('',(0.707106781186548,4.1790254461843E-14,-0.707106781186547));
#8163=DIRECTION('',(0.281084637715189,-0.678598344545773,0.678598344545768));
#8164=DIRECTION('center_axis',(-3.33635594531612E-14,0.707106781186539,
0.707106781186556));
#8165=DIRECTION('ref_axis',(-1.,-4.75591788173947E-14,3.75980549692433E-16));
#8166=DIRECTION('',(1.,4.75591788173947E-14,-3.75980549692394E-16));
#8167=DIRECTION('',(0.28108463771485,-0.678598344545841,0.678598344545841));
#8168=DIRECTION('center_axis',(0.499999999999966,0.707106781186567,0.500000000000007));
#8169=DIRECTION('ref_axis',(-0.816496580927754,0.577350269189586,6.77236045021345E-15));
#8170=DIRECTION('',(0.707106781186547,4.17902544618429E-14,-0.707106781186548));
#8171=DIRECTION('',(0.754172404068996,-0.639323017343413,0.149966877795417));
#8172=DIRECTION('center_axis',(0.653248798577074,0.707106781186581,-0.270676942419486));
#8173=DIRECTION('ref_axis',(-0.734526477599103,0.678580027488177,8.18789480661053E-15));
#8174=DIRECTION('',(-0.38279500299133,-7.54330257280154E-15,-0.923833310551675));
#8175=DIRECTION('',(0.427083395179632,-0.639323017343419,-0.639426190468255));
#8176=DIRECTION('center_axis',(-0.000170789191281047,0.707106781186556,
-0.707106760560978));
#8177=DIRECTION('ref_axis',(-0.999999970831054,-0.000241532383570768,3.73128177660886E-16));
#8178=DIRECTION('',(-0.999999970831052,-4.75619649955133E-14,0.000241532390568831));
#8179=DIRECTION('',(-0.281204322104027,-0.678607500597785,-0.678539600437913));
#8180=DIRECTION('center_axis',(-0.500060379451999,0.707106781186529,-0.49993961325579));
#8181=DIRECTION('ref_axis',(-0.81646371451708,-0.57739674650709,-6.30051566474776E-15));
#8182=DIRECTION('',(-0.70702138143391,-4.17871784134208E-14,0.707192170626405));
#8183=DIRECTION('',(-0.678607500597673,-0.678607500597737,-0.281040424610182));
#8184=DIRECTION('center_axis',(-0.707106781186582,0.707106781186513,8.74071350041808E-15));
#8185=DIRECTION('ref_axis',(-0.707106781186513,-0.707106781186582,-7.89497821611787E-15));
#8186=DIRECTION('',(8.20069759543005E-16,-1.15411658175664E-14,1.));
#8187=DIRECTION('',(-0.577350269189593,-0.577350269189663,0.577350269189622));
#8188=DIRECTION('center_axis',(-3.33635594531612E-14,0.707106781186539,
0.707106781186556));
#8189=DIRECTION('ref_axis',(-1.,-4.75591788173947E-14,3.75980549692433E-16));
#8190=DIRECTION('',(1.,4.75591788173947E-14,-3.75980549692394E-16));
#8191=DIRECTION('',(-0.281084637714785,-0.678598344545868,0.678598344545841));
#8192=DIRECTION('center_axis',(-0.500000000000034,0.707106781186518,0.500000000000008));
#8193=DIRECTION('ref_axis',(-0.816496580927698,-0.577350269189665,-6.52256026967279E-15));
#8194=DIRECTION('',(0.707106781186548,2.54685812370438E-14,0.707106781186547));
#8195=DIRECTION('',(-0.678598344545617,-0.678598344546049,0.281084637714889));
#8196=DIRECTION('center_axis',(-0.707106781186582,0.707106781186513,8.74071350041808E-15));
#8197=DIRECTION('ref_axis',(-0.707106781186513,-0.707106781186582,-7.89497821611787E-15));
#8198=DIRECTION('',(8.20069759543005E-16,-1.15411658175664E-14,1.));
#8199=DIRECTION('',(-0.678598344545616,-0.678598344546041,-0.281084637714911));
#8200=DIRECTION('center_axis',(-0.500000000000033,0.707106781186531,-0.499999999999991));
#8201=DIRECTION('ref_axis',(-0.8164965809277,-0.577350269189663,-6.49480469405717E-15));
#8202=DIRECTION('',(-0.707106781186547,-4.17902544618429E-14,0.707106781186548));
#8203=DIRECTION('',(-0.281084637714788,-0.678598344545853,-0.678598344545855));
#8204=DIRECTION('center_axis',(-3.38952762457255E-14,0.707106781186556,
-0.707106781186539));
#8205=DIRECTION('ref_axis',(-1.,-4.75591788173947E-14,3.75980549692367E-16));
#8206=DIRECTION('',(-1.,-4.75591788173947E-14,3.75980549692394E-16));
#8207=DIRECTION('',(0.281084637714844,-0.678598344545828,-0.678598344545856));
#8208=DIRECTION('center_axis',(0.499999999999969,0.707106781186573,-0.499999999999995));
#8209=DIRECTION('ref_axis',(-0.81649658092775,0.577350269189591,6.68909372336656E-15));
#8210=DIRECTION('',(-0.707106781186548,-2.54685812370438E-14,-0.707106781186547));
#8211=DIRECTION('',(0.678598344545881,-0.678598344545813,-0.281084637714819));
#8212=DIRECTION('center_axis',(0.707106781186514,0.707106781186581,7.89497821611786E-15));
#8213=DIRECTION('ref_axis',(-0.707106781186581,0.707106781186514,8.42669500868133E-15));
#8214=DIRECTION('',(0.577350269189652,-0.577350269189605,0.57735026918962));
#8215=DIRECTION('',(-3.75980549692943E-16,1.15411658175664E-14,-1.));
#8216=DIRECTION('center_axis',(-3.33635594531613E-14,0.70710678118654,0.707106781186555));
#8217=DIRECTION('ref_axis',(-1.,-4.75591788173947E-14,3.75980549692401E-16));
#8218=DIRECTION('',(1.,4.75591788173947E-14,-3.75980549692394E-16));
#8219=DIRECTION('center_axis',(0.707106781186548,2.54685812370438E-14,0.707106781186548));
#8220=DIRECTION('ref_axis',(-4.75591788173947E-14,1.,1.15411658175664E-14));
#8221=DIRECTION('',(-4.75591788173947E-14,1.,1.15411658175664E-14));
#8222=DIRECTION('',(-0.707106781186547,-4.17608152282426E-14,0.707106781186547));
#8223=DIRECTION('center_axis',(0.707106781186514,0.707106781186581,7.89497821611786E-15));
#8224=DIRECTION('ref_axis',(-0.707106781186581,0.707106781186514,8.42669500868133E-15));
#8225=DIRECTION('',(0.577350269189653,-0.577350269189592,-0.577350269189633));
#8226=DIRECTION('',(-3.75980549692943E-16,1.15411658175664E-14,-1.));
#8227=DIRECTION('',(-0.577350269189868,0.577350269189499,-0.577350269189511));
#8228=DIRECTION('center_axis',(-3.38952762457255E-14,0.707106781186556,
-0.707106781186539));
#8229=DIRECTION('ref_axis',(-1.,-4.75591788173947E-14,3.75980549692367E-16));
#8230=DIRECTION('',(-0.577350269189599,-0.577350269189646,-0.577350269189632));
#8231=DIRECTION('',(-1.,-4.75591788173947E-14,3.75980549692394E-16));
#8232=DIRECTION('center_axis',(-0.707106781186581,0.707106781186514,9.94989506732211E-15));
#8233=DIRECTION('ref_axis',(-0.707106781186514,-0.707106781186581,-7.89497821611786E-15));
#8234=DIRECTION('',(2.53011073083022E-15,-1.15411658175663E-14,1.));
#8235=DIRECTION('',(-0.678598344545624,-0.678598344546044,0.281084637714885));
#8236=DIRECTION('center_axis',(-0.500000000000032,0.707106781186519,0.500000000000008));
#8237=DIRECTION('ref_axis',(-0.8164965809277,-0.577350269189663,-6.10622663543836E-15));
#8238=DIRECTION('',(0.707106781186549,2.54685812370438E-14,0.707106781186546));
#8239=DIRECTION('',(0.281084637714467,0.678598344545936,-0.678598344545905));
#8240=DIRECTION('center_axis',(-3.33635594531612E-14,0.707106781186539,
0.707106781186556));
#8241=DIRECTION('ref_axis',(-1.,-4.75591788173947E-14,3.75980549692433E-16));
#8242=DIRECTION('',(1.,4.75591788173947E-14,-3.75980549692394E-16));
#8243=DIRECTION('center_axis',(0.707106781186546,4.17902544618429E-14,-0.707106781186549));
#8244=DIRECTION('ref_axis',(0.707106781186549,2.54685812370438E-14,0.707106781186546));
#8245=DIRECTION('',(4.75591788173947E-14,-1.,-1.1499532454143E-14));
#8246=DIRECTION('center_axis',(0.707106781186546,4.17902544618429E-14,-0.707106781186549));
#8247=DIRECTION('ref_axis',(0.707106781186549,2.54980204706442E-14,0.707106781186546));
#8248=DIRECTION('',(4.75591788173947E-14,-1.,-1.1499532454143E-14));
#8249=DIRECTION('center_axis',(-3.75980549692943E-16,1.15411658175664E-14,
-1.));
#8250=DIRECTION('ref_axis',(1.,4.75591788173947E-14,-3.75980549692394E-16));
#8251=DIRECTION('',(4.75591788173947E-14,-1.,-1.1499532454143E-14));
#8252=DIRECTION('center_axis',(-3.75980549692943E-16,1.15411658175664E-14,
-1.));
#8253=DIRECTION('ref_axis',(1.,4.75591788173947E-14,-3.75980549692394E-16));
#8254=DIRECTION('center_axis',(-1.,-4.75591788173947E-14,3.75980549692394E-16));
#8255=DIRECTION('ref_axis',(-3.75980549692943E-16,1.15411658175664E-14,
-1.));
#8256=DIRECTION('',(4.75591788173947E-14,-1.,-1.15411658175664E-14));
#8257=DIRECTION('',(-1.06111586243124E-15,1.14995324541429E-14,-1.));
#8258=DIRECTION('center_axis',(-0.500000000000033,0.707106781186518,0.500000000000008));
#8259=DIRECTION('ref_axis',(-0.816496580927699,-0.577350269189664,-6.46704911844154E-15));
#8260=DIRECTION('',(-0.281084637714458,-0.678598344545938,0.678598344545906));
#8261=DIRECTION('',(0.707106781186548,2.54685812370438E-14,0.707106781186547));
#8262=DIRECTION('',(0.281084637714444,0.67859834454594,-0.67859834454591));
#8263=DIRECTION('center_axis',(0.499999999999967,0.707106781186566,0.500000000000007));
#8264=DIRECTION('ref_axis',(-0.816496580927753,0.577350269189587,6.88338275267597E-15));
#8265=DIRECTION('',(0.678598344545879,-0.678598344545818,0.281084637714813));
#8266=DIRECTION('',(0.707106781186546,4.17902544618429E-14,-0.707106781186549));
#8267=DIRECTION('',(-0.281084637714856,0.678598344545841,-0.678598344545838));
#8268=DIRECTION('center_axis',(0.707106781186514,0.707106781186581,7.60058588011465E-15));
#8269=DIRECTION('ref_axis',(-0.707106781186581,0.707106781186514,8.42669500868133E-15));
#8270=DIRECTION('',(-7.92314183927377E-16,1.15411658175664E-14,-1.));
#8271=DIRECTION('',(-0.678598344545879,0.678598344545817,-0.281084637714815));
#8272=DIRECTION('',(0.678598344545877,-0.67859834454581,-0.281084637714837));
#8273=DIRECTION('center_axis',(-3.34064315974971E-14,0.70710678118654,0.707106781186555));
#8274=DIRECTION('ref_axis',(-1.,-4.76198091853624E-14,3.75980549692344E-16));
#8275=DIRECTION('',(0.281084637714841,-0.67859834454584,0.678598344545845));
#8276=DIRECTION('',(1.,4.75591788173947E-14,-3.15350181724734E-16));
#8277=DIRECTION('',(-0.281084637714855,0.678598344545838,-0.678598344545841));
#8278=DIRECTION('center_axis',(0.499999999999966,0.707106781186566,0.500000000000008));
#8279=DIRECTION('ref_axis',(-0.816496580927754,0.577350269189586,7.105427357601E-15));
#8280=DIRECTION('',(0.707106781186548,4.1790254461843E-14,-0.707106781186547));
#8281=DIRECTION('center_axis',(0.499999999999967,0.707106781186569,0.500000000000003));
#8282=DIRECTION('ref_axis',(-0.816496580927754,0.577350269189586,6.60582699651968E-15));
#8283=DIRECTION('',(0.707106781186543,4.17902544618428E-14,-0.707106781186552));
#8284=DIRECTION('',(-0.678598344545879,0.678598344545817,-0.281084637714816));
#8285=DIRECTION('center_axis',(0.707106781186514,0.707106781186581,7.89497821611786E-15));
#8286=DIRECTION('ref_axis',(-0.707106781186581,0.707106781186514,8.42669500868133E-15));
#8287=DIRECTION('',(-3.75980549692943E-16,1.15411658175664E-14,-1.));
#8288=DIRECTION('center_axis',(0.499999999999965,0.707106781186578,-0.499999999999992));
#8289=DIRECTION('ref_axis',(-0.816496580927755,0.577350269189585,6.68909372336657E-15));
#8290=DIRECTION('',(-0.707106781186548,-2.54685812370438E-14,-0.707106781186547));
#8291=DIRECTION('',(0.281084637714855,-0.678598344545825,-0.678598344545854));
#8292=DIRECTION('center_axis',(-3.41896685817287E-14,0.707106781186556,
-0.707106781186539));
#8293=DIRECTION('ref_axis',(-1.,-4.79755124516291E-14,3.75980549692373E-16));
#8294=DIRECTION('',(-1.,-4.75591788173947E-14,7.92314183926828E-16));
#8295=DIRECTION('',(-0.281084637714455,-0.678598344545923,-0.678598344545922));
#8296=DIRECTION('center_axis',(-3.33635594531612E-14,0.707106781186539,
0.707106781186556));
#8297=DIRECTION('ref_axis',(-1.,-4.75591788173947E-14,3.75980549692433E-16));
#8298=DIRECTION('',(1.,4.75591788173947E-14,-3.75980549692394E-16));
#8299=DIRECTION('center_axis',(-0.500000000000032,0.707106781186531,-0.499999999999992));
#8300=DIRECTION('ref_axis',(-0.8164965809277,-0.577350269189662,-6.63358257213531E-15));
#8301=DIRECTION('',(-0.707106781186548,-4.1790254461843E-14,0.707106781186547));
#8302=DIRECTION('',(-0.678598344545817,-0.678598344545874,-0.281084637714827));
#8303=DIRECTION('center_axis',(-0.707106781186581,0.707106781186514,8.72108734468455E-15));
#8304=DIRECTION('ref_axis',(-0.707106781186514,-0.707106781186581,-7.89497821611785E-15));
#8305=DIRECTION('',(7.92314183927377E-16,-1.15411658175664E-14,1.));
#8306=DIRECTION('',(-0.678598344545815,-0.678598344545882,0.281084637714812));
#8307=DIRECTION('center_axis',(-3.3406431597497E-14,0.707106781186539,0.707106781186556));
#8308=DIRECTION('ref_axis',(-1.,-4.76198091853623E-14,3.75980549692379E-16));
#8309=DIRECTION('',(1.,4.75591788173947E-14,-3.15350181724734E-16));
#8310=DIRECTION('',(0.281084637714787,0.678598344545867,-0.678598344545841));
#8311=DIRECTION('center_axis',(-0.500000000000033,0.707106781186519,0.500000000000007));
#8312=DIRECTION('ref_axis',(-0.816496580927699,-0.577350269189664,-6.18949336228525E-15));
#8313=DIRECTION('',(0.707106781186547,2.54685812370438E-14,0.707106781186548));
#8314=DIRECTION('center_axis',(-3.15350181725283E-16,1.15411658175664E-14,
-1.));
#8315=DIRECTION('ref_axis',(1.,4.75591788173947E-14,-3.15350181724734E-16));
#8316=DIRECTION('',(4.75591788173947E-14,-1.,-1.1499532454143E-14));
#8317=DIRECTION('',(-1.,-4.75591788173947E-14,3.15350181724734E-16));
#8318=DIRECTION('',(4.78115022320822E-14,-1.,-1.15411658175664E-14));
#8319=DIRECTION('center_axis',(0.707106781186547,4.17902544618429E-14,-0.707106781186548));
#8320=DIRECTION('ref_axis',(0.707106781186548,2.54685812370438E-14,0.707106781186547));
#8321=DIRECTION('',(4.75591788173947E-14,-1.,-1.1499532454143E-14));
#8322=DIRECTION('',(-0.707106781186548,-2.54980204706441E-14,-0.707106781186547));
#8323=DIRECTION('center_axis',(-3.75980549692943E-16,1.15411658175664E-14,
-1.));
#8324=DIRECTION('ref_axis',(1.,4.75591788173947E-14,-3.75980549692394E-16));
#8325=DIRECTION('',(-4.75591788173947E-14,1.,1.15411658175664E-14));
#8326=DIRECTION('',(-1.,-4.75591788173947E-14,3.75980549692394E-16));
#8327=DIRECTION('center_axis',(0.707106781186549,2.54685812370439E-14,0.707106781186546));
#8328=DIRECTION('ref_axis',(-4.75591788173947E-14,1.,1.15411658175664E-14));
#8329=DIRECTION('',(4.75591788173947E-14,-1.,-1.15411658175664E-14));
#8330=DIRECTION('',(-0.707106781186546,-4.17608152282426E-14,0.707106781186549));
#8331=DIRECTION('center_axis',(-1.,-4.75591788173947E-14,3.75980549692394E-16));
#8332=DIRECTION('ref_axis',(-3.75980549692943E-16,1.15411658175664E-14,
-1.));
#8333=DIRECTION('',(-4.75591788173947E-14,1.,1.15411658175664E-14));
#8334=DIRECTION('',(3.75980549692941E-16,-1.14995324541429E-14,1.));
#8335=DIRECTION('center_axis',(0.707106781186552,2.5468581237044E-14,0.707106781186543));
#8336=DIRECTION('ref_axis',(-4.75591788173946E-14,1.,1.15411658175665E-14));
#8337=DIRECTION('',(4.75591788173947E-14,-1.,-1.15411658175664E-14));
#8338=DIRECTION('',(-0.707106781186543,-4.17608152282425E-14,0.707106781186552));
#8339=DIRECTION('center_axis',(-3.15350181725283E-16,1.15411658175664E-14,
-1.));
#8340=DIRECTION('ref_axis',(1.,4.75591788173947E-14,-3.15350181724734E-16));
#8341=DIRECTION('',(-4.75591788173947E-14,1.,1.15411658175664E-14));
#8342=DIRECTION('center_axis',(-3.15350181725283E-16,1.15411658175664E-14,
-1.));
#8343=DIRECTION('ref_axis',(1.,4.75591788173947E-14,-3.15350181724734E-16));
#8344=DIRECTION('',(-4.75591788173947E-14,1.,1.15411658175664E-14));
#8345=DIRECTION('',(-1.,-4.75591788173947E-14,3.15350181724734E-16));
#8346=DIRECTION('center_axis',(0.70710678118677,-0.707106781186325,-8.39725577507891E-15));
#8347=DIRECTION('ref_axis',(0.707106781186325,0.70710678118677,7.89497821612011E-15));
#8348=DIRECTION('',(3.75980549692941E-16,-1.14995324541429E-14,1.));
#8349=DIRECTION('',(-0.577350269189393,-0.57735026918975,-0.577350269189734));
#8350=DIRECTION('',(-0.357406744336409,-0.357406744336623,-0.862856209461081));
#8351=DIRECTION('',(0.678598344545622,0.678598344546052,-0.281084637714868));
#8352=DIRECTION('center_axis',(0.500000000000132,-0.707106781186379,-0.500000000000107));
#8353=DIRECTION('ref_axis',(0.816496580927591,0.577350269189816,6.27276008913214E-15));
#8354=DIRECTION('',(0.281084637714441,0.678598344545941,-0.67859834454591));
#8355=DIRECTION('',(0.707106781186548,2.54980204706441E-14,0.707106781186547));
#8356=DIRECTION('center_axis',(3.33635594531612E-14,-0.707106781186538,
-0.707106781186557));
#8357=DIRECTION('ref_axis',(1.,4.75591788173947E-14,-3.75980549692398E-16));
#8358=DIRECTION('',(-0.281084637715198,0.678598344545772,-0.678598344545765));
#8359=DIRECTION('',(1.,4.75591788173947E-14,-3.75980549692394E-16));
#8360=DIRECTION('center_axis',(-0.49999999999987,-0.707106781186702,-0.499999999999911));
#8361=DIRECTION('ref_axis',(0.816496580927859,-0.577350269189438,-7.21644966006352E-15));
#8362=DIRECTION('',(-0.678598344545873,0.678598344545816,-0.281084637714832));
#8363=DIRECTION('',(0.707106781186547,4.17608152282426E-14,-0.707106781186548));
#8364=DIRECTION('center_axis',(-0.707106781186326,-0.707106781186769,-7.55152049078309E-15));
#8365=DIRECTION('ref_axis',(0.707106781186769,-0.707106781186326,-8.42669500867924E-15));
#8366=DIRECTION('',(-0.678598344545875,0.678598344545809,0.281084637714844));
#8367=DIRECTION('',(-8.20069759543003E-16,1.14995324541429E-14,-1.));
#8368=DIRECTION('center_axis',(-0.499999999999869,-0.707106781186714,0.499999999999895));
#8369=DIRECTION('ref_axis',(0.816496580927859,-0.577350269189438,-7.105427357601E-15));
#8370=DIRECTION('',(-0.281084637715193,0.678598344545755,0.678598344545785));
#8371=DIRECTION('',(-0.707106781186548,-2.54980204706441E-14,-0.707106781186547));
#8372=DIRECTION('center_axis',(3.38952762457255E-14,-0.707106781186556,
0.707106781186539));
#8373=DIRECTION('ref_axis',(1.,4.75591788173947E-14,-3.75980549692367E-16));
#8374=DIRECTION('',(-0.577350269189847,0.577350269189494,0.577350269189536));
#8375=DIRECTION('',(-1.,-4.75591788173947E-14,3.75980549692394E-16));
#8376=DIRECTION('center_axis',(-0.707106781186332,-0.707106781186763,-7.55152049078302E-15));
#8377=DIRECTION('ref_axis',(0.707106781186763,-0.707106781186332,-8.4266950086793E-15));
#8378=DIRECTION('',(-0.678607500597929,0.678607500597517,-0.281040424610095));
#8379=DIRECTION('',(-8.20069759543003E-16,1.14995324541429E-14,-1.));
#8380=DIRECTION('center_axis',(-0.50006037945184,-0.707106781186695,-0.499939613255715));
#8381=DIRECTION('ref_axis',(0.816463714517235,-0.577396746506871,-7.07767178198537E-15));
#8382=DIRECTION('',(-0.281204322104404,0.678607500597668,-0.678539600437874));
#8383=DIRECTION('',(0.70702138143391,4.17577356247708E-14,-0.707192170626405));
#8384=DIRECTION('center_axis',(-0.000170789191213778,-0.707106781186582,
-0.707106760560952));
#8385=DIRECTION('ref_axis',(0.999999970831054,-0.000241532383475621,-3.78589846104782E-16));
#8386=DIRECTION('',(0.427083395179295,0.639323017343532,-0.639426190468367));
#8387=DIRECTION('',(0.999999970831052,4.75619549397075E-14,-0.000241532390568831));
#8388=DIRECTION('center_axis',(0.653248798577302,-0.707106781186339,-0.270676942419569));
#8389=DIRECTION('ref_axis',(0.734526477598872,0.678580027488427,7.41073868937292E-15));
#8390=DIRECTION('',(0.754172404068785,0.639323017343652,0.14996687779546));
#8391=DIRECTION('',(0.38279500299133,7.58176486076243E-15,0.923833310551675));
#8392=DIRECTION('center_axis',(0.500000000000134,-0.707106781186389,0.500000000000091));
#8393=DIRECTION('ref_axis',(0.81649658092759,0.577350269189818,6.27276008913213E-15));
#8394=DIRECTION('',(0.281084637714434,0.678598344545926,0.678598344545928));
#8395=DIRECTION('',(-0.707106781186547,-4.17608152282426E-14,0.707106781186548));
#8396=DIRECTION('center_axis',(3.38952762457255E-14,-0.707106781186555,
0.70710678118654));
#8397=DIRECTION('ref_axis',(1.,4.75591788173947E-14,-3.75980549692398E-16));
#8398=DIRECTION('',(0.281084637714795,0.678598344545853,0.678598344545851));
#8399=DIRECTION('',(-1.,-4.75591788173947E-14,3.75980549692394E-16));
#8400=DIRECTION('center_axis',(0.500000000000129,-0.707106781186395,0.500000000000087));
#8401=DIRECTION('ref_axis',(0.816496580927595,0.577350269189811,6.32827124036339E-15));
#8402=DIRECTION('',(0.678598344545816,0.678598344545877,0.281084637714823));
#8403=DIRECTION('',(-0.707106781186548,-4.17608152282426E-14,0.707106781186547));
#8404=DIRECTION('center_axis',(0.707106781186769,-0.707106781186326,-8.39725577507892E-15));
#8405=DIRECTION('ref_axis',(0.707106781186326,0.707106781186769,7.8949782161201E-15));
#8406=DIRECTION('',(0.678598344545623,0.678598344546051,-0.281084637714869));
#8407=DIRECTION('',(3.75980549692941E-16,-1.14995324541429E-14,1.));
#8408=DIRECTION('center_axis',(0.500000000000131,-0.70710678118638,-0.500000000000106));
#8409=DIRECTION('ref_axis',(0.816496580927592,0.577350269189815,6.18949336228525E-15));
#8410=DIRECTION('',(0.281084637714444,0.678598344545941,-0.678598344545909));
#8411=DIRECTION('',(0.707106781186548,2.54980204706441E-14,0.707106781186547));
#8412=DIRECTION('center_axis',(3.33635594531612E-14,-0.707106781186538,
-0.707106781186557));
#8413=DIRECTION('ref_axis',(1.,4.75591788173947E-14,-3.75980549692398E-16));
#8414=DIRECTION('',(-0.281084637715191,0.678598344545772,-0.678598344545768));
#8415=DIRECTION('',(1.,4.75591788173947E-14,-3.75980549692394E-16));
#8416=DIRECTION('center_axis',(-0.499999999999871,-0.7071067811867,-0.499999999999913));
#8417=DIRECTION('ref_axis',(0.816496580927857,-0.57735026918944,-7.02216063075412E-15));
#8418=DIRECTION('',(-0.281084637715193,0.678598344545773,-0.678598344545767));
#8419=DIRECTION('',(0.707106781186547,4.17608152282426E-14,-0.707106781186548));
#8420=DIRECTION('center_axis',(3.33635594531611E-14,-0.707106781186537,
-0.707106781186558));
#8421=DIRECTION('ref_axis',(1.,4.75591788173947E-14,-3.75980549692439E-16));
#8422=DIRECTION('',(0.281084637714452,0.678598344545942,-0.678598344545904));
#8423=DIRECTION('center_axis',(0.500000000000131,-0.70710678118638,-0.500000000000106));
#8424=DIRECTION('ref_axis',(0.816496580927592,0.577350269189815,6.18949336228525E-15));
#8425=DIRECTION('',(0.281084637714444,0.67859834454594,-0.67859834454591));
#8426=DIRECTION('',(0.707106781186547,2.54980204706441E-14,0.707106781186547));
#8427=DIRECTION('center_axis',(3.33635594531612E-14,-0.707106781186538,
-0.707106781186557));
#8428=DIRECTION('ref_axis',(1.,4.75591788173947E-14,-3.75980549692398E-16));
#8429=DIRECTION('',(0.577350269189385,0.577350269189767,-0.577350269189725));
#8430=DIRECTION('',(1.,4.75591788173947E-14,-3.75980549692394E-16));
#8431=DIRECTION('center_axis',(0.707106781186777,-0.707106781186318,-8.39725577507883E-15));
#8432=DIRECTION('ref_axis',(0.707106781186318,0.707106781186777,7.8949782161202E-15));
#8433=DIRECTION('',(0.577350269189599,0.577350269189647,0.577350269189632));
#8434=DIRECTION('',(3.75980549692941E-16,-1.14995324541429E-14,1.));
#8435=DIRECTION('center_axis',(3.38952762457255E-14,-0.707106781186556,
0.707106781186539));
#8436=DIRECTION('ref_axis',(1.,4.75591788173947E-14,-3.75980549692367E-16));
#8437=DIRECTION('',(0.281084637714479,0.678598344545917,0.678598344545919));
#8438=DIRECTION('',(-1.,-4.75591788173947E-14,3.75980549692394E-16));
#8439=DIRECTION('center_axis',(0.500000000000122,-0.707106781186404,0.50000000000008));
#8440=DIRECTION('ref_axis',(0.816496580927602,0.577350269189801,6.49480469405716E-15));
#8441=DIRECTION('',(0.862856209460954,0.357406744336694,-0.357406744336644));
#8442=DIRECTION('',(0.678598344545621,0.678598344546036,0.281084637714908));
#8443=DIRECTION('center_axis',(3.38952762457255E-14,-0.707106781186555,
0.70710678118654));
#8444=DIRECTION('ref_axis',(1.,4.75591788173947E-14,-3.75980549692398E-16));
#8445=DIRECTION('',(-1.,-4.75591788173947E-14,3.75980549692394E-16));
#8446=DIRECTION('',(-0.281084637715196,0.678598344545755,0.678598344545783));
#8447=DIRECTION('center_axis',(1.,4.75591788173947E-14,-3.75980549692394E-16));
#8448=DIRECTION('ref_axis',(-4.75591788173947E-14,1.,1.15411658175664E-14));
#8449=DIRECTION('',(4.75591788173947E-14,-1.,-1.15411658175664E-14));
#8450=DIRECTION('',(1.06111586243124E-15,-1.14995324541429E-14,1.));
#8451=DIRECTION('',(4.75591788173947E-14,-1.,-1.15411658175664E-14));
#8452=DIRECTION('center_axis',(0.707106781186547,4.17902544618429E-14,-0.707106781186548));
#8453=DIRECTION('ref_axis',(-4.75591788173946E-14,1.,1.15411658175664E-14));
#8454=DIRECTION('',(-4.75591788173947E-14,1.,1.15411658175664E-14));
#8455=DIRECTION('center_axis',(-0.707106781186547,-4.17902544618429E-14,
0.707106781186548));
#8456=DIRECTION('ref_axis',(0.707106781186548,2.54980204706441E-14,0.707106781186547));
#8457=DIRECTION('center_axis',(-3.75980549692943E-16,1.15411658175664E-14,
-1.));
#8458=DIRECTION('ref_axis',(4.75591788173947E-14,-1.,-1.15411658175664E-14));
#8459=DIRECTION('',(-4.75591788173947E-14,1.,1.15411658175664E-14));
#8460=DIRECTION('center_axis',(3.75980549692943E-16,-1.15411658175664E-14,
1.));
#8461=DIRECTION('ref_axis',(1.,4.75591788173947E-14,-3.75980549692394E-16));
#8462=DIRECTION('center_axis',(3.75980549692943E-16,-1.15411658175664E-14,
1.));
#8463=DIRECTION('ref_axis',(1.,4.75591788173947E-14,-3.75980549692394E-16));
#8464=DIRECTION('',(4.75591788173947E-14,-1.,-1.15411658175664E-14));
#8465=DIRECTION('center_axis',(-0.707106781186548,-2.54685812370438E-14,
-0.707106781186547));
#8466=DIRECTION('ref_axis',(4.75591788173947E-14,-1.,-1.15411658175664E-14));
#8467=DIRECTION('',(4.75591788173947E-14,-1.,-1.1499532454143E-14));
#8468=DIRECTION('center_axis',(1.,4.75591788173947E-14,-8.20069759542456E-16));
#8469=DIRECTION('ref_axis',(8.20069759543003E-16,-1.14995324541429E-14,
1.));
#8470=DIRECTION('',(4.75591788173947E-14,-1.,-1.1499532454143E-14));
#8471=DIRECTION('center_axis',(-0.707106781186547,-4.17902544618429E-14,
0.707106781186548));
#8472=DIRECTION('ref_axis',(4.75591788173946E-14,-1.,-1.15411658175664E-14));
#8473=DIRECTION('',(-4.75591788173947E-14,1.,1.15411658175664E-14));
#8474=DIRECTION('center_axis',(-3.75980549692943E-16,1.15411658175664E-14,
-1.));
#8475=DIRECTION('ref_axis',(-4.75591788173947E-14,1.,1.15411658175664E-14));
#8476=DIRECTION('',(-4.75591788173947E-14,1.,1.15411658175664E-14));
#8477=DIRECTION('center_axis',(1.,4.75591788173947E-14,-8.20069759542456E-16));
#8478=DIRECTION('ref_axis',(8.20069759543003E-16,-1.14995324541429E-14,
1.));
#8479=DIRECTION('',(4.75591788173947E-14,-1.,-1.1499532454143E-14));
#8480=DIRECTION('center_axis',(-0.707192170626405,-2.55030635795104E-14,
-0.70702138143391));
#8481=DIRECTION('ref_axis',(4.76008021262264E-14,-1.,-1.15411658175664E-14));
#8482=DIRECTION('',(4.75591788173947E-14,-1.,-1.1499532454143E-14));
#8483=DIRECTION('center_axis',(-0.000241532390568831,1.14880450365604E-14,
-0.999999970831052));
#8484=DIRECTION('ref_axis',(0.999999970831052,4.75619549397075E-14,-0.000241532390568831));
#8485=DIRECTION('',(4.75175353957358E-14,-1.,-1.14995223959075E-14));
#8486=DIRECTION('center_axis',(0.923833310551675,4.83002417438392E-14,-0.38279500299133));
#8487=DIRECTION('ref_axis',(-4.75002802334284E-14,1.,1.15411658175664E-14));
#8488=DIRECTION('',(-4.75175353957358E-14,1.,1.14995223959075E-14));
#8489=DIRECTION('center_axis',(-0.707106781186548,-2.54685812370438E-14,
-0.707106781186547));
#8490=DIRECTION('ref_axis',(0.707106781186547,4.17902544618429E-14,-0.707106781186548));
#8491=DIRECTION('',(4.75591788173947E-14,-1.,-1.15411658175664E-14));
#8492=DIRECTION('center_axis',(3.75980549692943E-16,-1.15411658175664E-14,
1.));
#8493=DIRECTION('ref_axis',(4.75591788173947E-14,-1.,-1.15411658175664E-14));
#8494=DIRECTION('',(4.75591788173947E-14,-1.,-1.1499532454143E-14));
#8495=DIRECTION('center_axis',(0.707106781186547,2.54685812370438E-14,0.707106781186548));
#8496=DIRECTION('ref_axis',(-4.75591788173947E-14,1.,1.15411658175664E-14));
#8497=DIRECTION('',(4.75591788173947E-14,-1.,-1.1499532454143E-14));
#8498=DIRECTION('center_axis',(1.,4.75591788173947E-14,-3.75980549692394E-16));
#8499=DIRECTION('ref_axis',(-4.75591788173947E-14,1.,1.15411658175664E-14));
#8500=DIRECTION('',(4.75591788173947E-14,-1.,-1.15411658175664E-14));
#8501=DIRECTION('center_axis',(0.707106781186547,4.17902544618429E-14,-0.707106781186548));
#8502=DIRECTION('ref_axis',(-4.75591788173946E-14,1.,1.15411658175664E-14));
#8503=DIRECTION('',(-4.75591788173947E-14,1.,1.15411658175664E-14));
#8504=DIRECTION('center_axis',(-3.75980549692943E-16,1.15411658175664E-14,
-1.));
#8505=DIRECTION('ref_axis',(1.,4.75591788173947E-14,-3.75980549692394E-16));
#8506=DIRECTION('',(4.75591788173947E-14,-1.,-1.15411658175664E-14));
#8507=DIRECTION('center_axis',(-0.707106781186548,-2.54685812370438E-14,
-0.707106781186547));
#8508=DIRECTION('ref_axis',(4.75591788173947E-14,-1.,-1.15411658175664E-14));
#8509=DIRECTION('center_axis',(-3.75980549692943E-16,1.15411658175664E-14,
-1.));
#8510=DIRECTION('ref_axis',(-4.75591788173947E-14,1.,1.15411658175664E-14));
#8511=DIRECTION('center_axis',(0.707106781186548,4.1790254461843E-14,-0.707106781186548));
#8512=DIRECTION('ref_axis',(-4.75591788173947E-14,1.,1.15411658175664E-14));
#8513=DIRECTION('',(-4.75591788173947E-14,1.,1.15411658175664E-14));
#8514=DIRECTION('center_axis',(-3.75980549692943E-16,1.15411658175664E-14,
-1.));
#8515=DIRECTION('ref_axis',(1.,4.75591788173947E-14,-3.75980549692394E-16));
#8516=DIRECTION('',(-4.75591788173947E-14,1.,1.15411658175664E-14));
#8517=DIRECTION('center_axis',(-1.,-4.75591788173947E-14,3.75980549692394E-16));
#8518=DIRECTION('ref_axis',(4.75591788173947E-14,-1.,-1.15411658175664E-14));
#8519=DIRECTION('',(4.75591788173947E-14,-1.,-1.1499532454143E-14));
#8520=DIRECTION('center_axis',(-3.75980549692943E-16,1.15411658175664E-14,
-1.));
#8521=DIRECTION('ref_axis',(-4.75591788173947E-14,1.,1.15411658175664E-14));
#8522=DIRECTION('center_axis',(0.707106781186766,-0.707106781186329,-8.39725577507896E-15));
#8523=DIRECTION('ref_axis',(0.707106781186329,0.707106781186766,7.89497821612006E-15));
#8524=DIRECTION('',(0.577350269189393,0.577350269189763,-0.577350269189721));
#8525=DIRECTION('center_axis',(0.707106781186895,-0.7071067811862,-8.42996603463344E-15));
#8526=DIRECTION('ref_axis',(0.7071067811862,0.707106781186895,7.8949782161216E-15));
#8527=DIRECTION('',(-0.67859834454555,-0.678598344545972,-0.281084637715236));
#8528=DIRECTION('',(0.67859834454555,0.678598344545979,-0.281084637715218));
#8529=DIRECTION('center_axis',(3.33635594531612E-14,-0.707106781186539,
-0.707106781186556));
#8530=DIRECTION('ref_axis',(1.,4.75591788173947E-14,-3.75980549692433E-16));
#8531=DIRECTION('',(-0.281084637714841,0.678598344545842,-0.678598344545844));
#8532=DIRECTION('center_axis',(-0.499999999999873,-0.707106781186699,-0.499999999999913));
#8533=DIRECTION('ref_axis',(0.816496580927856,-0.577350269189443,-6.55031584528843E-15));
#8534=DIRECTION('',(0.707106781186546,4.17608152282426E-14,-0.707106781186549));
#8535=DIRECTION('',(-0.67859834454588,0.678598344545819,-0.281084637714809));
#8536=DIRECTION('center_axis',(-0.707106781186326,-0.70710678118677,-7.86553898251977E-15));
#8537=DIRECTION('ref_axis',(0.70710678118677,-0.707106781186326,-8.42669500867923E-15));
#8538=DIRECTION('',(-3.75980549692941E-16,1.14995324541429E-14,-1.));
#8539=DIRECTION('',(-0.678598344546076,0.678598344545653,-0.281084637714737));
#8540=DIRECTION('center_axis',(-0.499999999999873,-0.707106781186699,-0.499999999999912));
#8541=DIRECTION('ref_axis',(0.816496580927856,-0.577350269189442,-7.10542735760101E-15));
#8542=DIRECTION('',(0.707106781186546,4.17608152282426E-14,-0.707106781186549));
#8543=DIRECTION('',(-0.281084637715189,0.678598344545773,-0.678598344545768));
#8544=DIRECTION('center_axis',(3.33635594531611E-14,-0.707106781186537,
-0.707106781186558));
#8545=DIRECTION('ref_axis',(1.,4.75591788173947E-14,-3.75980549692439E-16));
#8546=DIRECTION('',(1.,4.75591788173947E-14,-3.75980549692394E-16));
#8547=DIRECTION('center_axis',(0.500000000000131,-0.707106781186392,0.500000000000089));
#8548=DIRECTION('ref_axis',(0.816496580927593,0.577350269189814,6.18949336228525E-15));
#8549=DIRECTION('',(-0.707106781186547,-4.17608152282426E-14,0.707106781186548));
#8550=DIRECTION('',(0.281084637714442,0.678598344545922,0.678598344545928));
#8551=DIRECTION('center_axis',(3.38952762457256E-14,-0.707106781186558,
0.707106781186537));
#8552=DIRECTION('ref_axis',(1.,4.75591788173947E-14,-3.7598054969237E-16));
#8553=DIRECTION('',(0.281084637714793,0.678598344545851,0.678598344545855));
#8554=DIRECTION('center_axis',(0.500000000000033,-0.707106781186531,0.499999999999991));
#8555=DIRECTION('ref_axis',(0.8164965809277,0.577350269189663,6.21724893790087E-15));
#8556=DIRECTION('center_axis',(0.500000000000031,-0.707106781186521,-0.500000000000007));
#8557=DIRECTION('ref_axis',(0.816496580927701,0.577350269189661,6.30051566474776E-15));
#8558=DIRECTION('',(0.281084637714791,0.678598344545869,-0.678598344545837));
#8559=DIRECTION('center_axis',(3.33635594531612E-14,-0.707106781186538,
-0.707106781186557));
#8560=DIRECTION('ref_axis',(1.,4.75591788173947E-14,-3.75980549692398E-16));
#8561=DIRECTION('',(0.281084637714461,0.678598344545937,-0.678598344545906));
#8562=DIRECTION('center_axis',(0.500000000000126,-0.707106781186386,-0.500000000000102));
#8563=DIRECTION('ref_axis',(0.816496580927597,0.577350269189808,6.13398221105399E-15));
#8564=DIRECTION('',(0.707106781186548,2.54980204706441E-14,0.707106781186547));
#8565=DIRECTION('',(0.678598344545811,0.678598344545879,-0.281084637714829));
#8566=DIRECTION('center_axis',(0.707106781186777,-0.707106781186318,-8.39725577507884E-15));
#8567=DIRECTION('ref_axis',(0.707106781186318,0.707106781186777,7.89497821612019E-15));
#8568=DIRECTION('',(3.75980549692941E-16,-1.14995324541429E-14,1.));
#8569=DIRECTION('',(0.678598344545612,0.678598344546046,0.281084637714907));
#8570=DIRECTION('center_axis',(0.500000000000128,-0.707106781186396,0.500000000000086));
#8571=DIRECTION('ref_axis',(0.816496580927596,0.57735026918981,6.66133814775094E-15));
#8572=DIRECTION('',(-0.707106781186547,-4.17608152282426E-14,0.707106781186548));
#8573=DIRECTION('',(-3.40534143155911E-13,0.577350269189615,0.816496580927734));
#8574=DIRECTION('center_axis',(-0.499999999999869,-0.707106781186714,0.499999999999895));
#8575=DIRECTION('ref_axis',(0.816496580927859,-0.577350269189438,-6.74460487459783E-15));
#8576=DIRECTION('',(-0.707106781186548,-2.54980204706441E-14,-0.707106781186547));
#8577=DIRECTION('center_axis',(-0.707106781186549,-2.54685812370439E-14,
-0.707106781186546));
#8578=DIRECTION('ref_axis',(4.75591788173947E-14,-1.,-1.15411658175664E-14));
#8579=DIRECTION('',(4.75591788173947E-14,-1.,-1.1499532454143E-14));
#8580=DIRECTION('center_axis',(0.707106781186549,2.54685812370439E-14,0.707106781186546));
#8581=DIRECTION('ref_axis',(0.707106781186546,4.17608152282426E-14,-0.707106781186549));
#8582=DIRECTION('center_axis',(-1.,-4.75591788173947E-14,3.75980549692394E-16));
#8583=DIRECTION('ref_axis',(4.75591788173947E-14,-1.,-1.15411658175664E-14));
#8584=DIRECTION('',(4.75591788173947E-14,-1.,-1.15411658175664E-14));
#8585=DIRECTION('',(-1.06111586243124E-15,1.14995324541429E-14,-1.));
#8586=DIRECTION('center_axis',(-0.707106781186549,-2.54685812370439E-14,
-0.707106781186546));
#8587=DIRECTION('ref_axis',(4.75591788173947E-14,-1.,-1.15411658175664E-14));
#8588=DIRECTION('',(-4.75591788173947E-14,1.,1.15411658175664E-14));
#8589=DIRECTION('center_axis',(0.707106781186549,2.54685812370439E-14,0.707106781186546));
#8590=DIRECTION('ref_axis',(0.707106781186546,4.17608152282426E-14,-0.707106781186549));
#8591=DIRECTION('center_axis',(-3.75980549692943E-16,1.15411658175664E-14,
-1.));
#8592=DIRECTION('ref_axis',(-4.75591788173947E-14,1.,1.15411658175664E-14));
#8593=DIRECTION('center_axis',(-3.75980549692943E-16,1.15411658175664E-14,
-1.));
#8594=DIRECTION('ref_axis',(-1.,-4.75591788173947E-14,3.75980549692394E-16));
#8595=DIRECTION('center_axis',(-0.707106781186331,-0.707106781186764,-6.34233892387932E-15));
#8596=DIRECTION('ref_axis',(0.707106781186764,-0.707106781186331,-8.4266950086793E-15));
#8597=DIRECTION('',(-0.577350269189855,0.577350269189505,-0.577350269189517));
#8598=DIRECTION('',(-2.53011073083022E-15,1.14995324541428E-14,-1.));
#8599=DIRECTION('',(-0.678598344545881,0.678598344545814,0.281084637714819));
#8600=DIRECTION('center_axis',(3.33635594531612E-14,-0.707106781186538,
-0.707106781186557));
#8601=DIRECTION('ref_axis',(1.,4.75591788173947E-14,-3.75980549692398E-16));
#8602=DIRECTION('',(0.577350269189385,0.577350269189767,-0.577350269189725));
#8603=DIRECTION('',(1.,4.75591788173947E-14,-3.75980549692394E-16));
#8604=DIRECTION('center_axis',(0.707106781186777,-0.707106781186318,-8.39725577507883E-15));
#8605=DIRECTION('ref_axis',(0.707106781186318,0.707106781186777,7.8949782161202E-15));
#8606=DIRECTION('',(0.577350269189598,0.577350269189647,0.577350269189632));
#8607=DIRECTION('',(3.75980549692941E-16,-1.14995324541429E-14,1.));
#8608=DIRECTION('center_axis',(3.38952762457255E-14,-0.707106781186557,
0.707106781186538));
#8609=DIRECTION('ref_axis',(1.,4.75591788173946E-14,-3.75980549692335E-16));
#8610=DIRECTION('',(-1.,-4.75591788173947E-14,3.75980549692394E-16));
#8611=DIRECTION('',(-0.281084637714843,0.678598344545827,0.678598344545857));
#8612=DIRECTION('center_axis',(-0.499999999999875,-0.707106781186705,0.499999999999902));
#8613=DIRECTION('ref_axis',(0.816496580927852,-0.577350269189447,-6.80011602582908E-15));
#8614=DIRECTION('',(-0.707106781186549,-2.54980204706442E-14,-0.707106781186546));
#8615=DIRECTION('center_axis',(-3.75980549692943E-16,1.15411658175664E-14,
-1.));
#8616=DIRECTION('ref_axis',(1.,4.75591788173947E-14,-3.75980549692394E-16));
#8617=DIRECTION('',(4.75591788173947E-14,-1.,-1.1499532454143E-14));
#8618=DIRECTION('center_axis',(-3.75980549692943E-16,1.15411658175664E-14,
-1.));
#8619=DIRECTION('ref_axis',(1.,4.75591788173947E-14,-3.75980549692394E-16));
#8620=DIRECTION('',(4.75591788173947E-14,-1.,-1.1499532454143E-14));
#8621=DIRECTION('center_axis',(0.707106781186546,4.17902544618429E-14,-0.707106781186549));
#8622=DIRECTION('ref_axis',(0.707106781186549,2.54685812370438E-14,0.707106781186546));
#8623=DIRECTION('',(4.75591788173947E-14,-1.,-1.1499532454143E-14));
#8624=DIRECTION('center_axis',(0.707106781186546,4.17902544618429E-14,-0.707106781186549));
#8625=DIRECTION('ref_axis',(0.707106781186549,2.54980204706442E-14,0.707106781186546));
#8626=DIRECTION('center_axis',(1.,4.75591788173947E-14,-2.53011073082967E-15));
#8627=DIRECTION('ref_axis',(2.53011073083022E-15,-1.15411658175663E-14,
1.));
#8628=DIRECTION('',(4.75591788173947E-14,-1.,-1.15411658175664E-14));
#8629=DIRECTION('',(-1.06111586243124E-15,1.14995324541429E-14,-1.));
#8630=DIRECTION('center_axis',(0.500000000000125,-0.707106781186402,0.500000000000081));
#8631=DIRECTION('ref_axis',(0.8164965809276,0.577350269189804,6.2450045135165E-15));
#8632=DIRECTION('',(0.281084637714472,0.678598344545918,0.67859834454592));
#8633=DIRECTION('',(0.678598344545629,0.678598344546036,0.281084637714891));
#8634=DIRECTION('center_axis',(3.38952762457255E-14,-0.707106781186556,
0.707106781186539));
#8635=DIRECTION('ref_axis',(1.,4.75591788173947E-14,-3.75980549692367E-16));
#8636=DIRECTION('',(-0.281084637714856,0.678598344545826,0.678598344545853));
#8637=DIRECTION('center_axis',(-0.499999999999872,-0.707106781186711,0.499999999999897));
#8638=DIRECTION('ref_axis',(0.816496580927856,-0.577350269189441,-6.88338275267597E-15));
#8639=DIRECTION('',(-0.281084637714835,0.678598344545829,0.678598344545859));
#8640=DIRECTION('center_axis',(3.38524041013898E-14,-0.707106781186557,
0.707106781186538));
#8641=DIRECTION('ref_axis',(1.,4.7498548449427E-14,-3.75980549692404E-16));
#8642=DIRECTION('',(-0.281084637715188,0.678598344545754,0.678598344545787));
#8643=DIRECTION('center_axis',(-0.49999999999987,-0.707106781186714,0.499999999999895));
#8644=DIRECTION('ref_axis',(0.816496580927858,-0.577350269189439,-7.32747196252603E-15));
#8645=DIRECTION('',(-0.678598344546073,0.678598344545644,0.281084637714766));
#8646=DIRECTION('',(-0.707106781186547,-2.54980204706441E-14,-0.707106781186548));
#8647=DIRECTION('center_axis',(-0.707106781186326,-0.70710678118677,-7.57114664651663E-15));
#8648=DIRECTION('ref_axis',(0.70710678118677,-0.707106781186326,-8.42669500867923E-15));
#8649=DIRECTION('',(-0.678598344546075,0.678598344545652,-0.281084637714743));
#8650=DIRECTION('',(-7.92314183927375E-16,1.14995324541429E-14,-1.));
#8651=DIRECTION('center_axis',(-0.499999999999871,-0.7071067811867,-0.499999999999914));
#8652=DIRECTION('ref_axis',(0.816496580927857,-0.57735026918944,-6.96664947952286E-15));
#8653=DIRECTION('',(-0.28108463771486,0.678598344545842,-0.678598344545836));
#8654=DIRECTION('',(0.707106781186548,4.17608152282427E-14,-0.707106781186547));
#8655=DIRECTION('center_axis',(3.30691671170548E-14,-0.707106781184404,
-0.707106781188691));
#8656=DIRECTION('ref_axis',(1.,4.71428451831577E-14,-3.75980549692379E-16));
#8657=DIRECTION('',(0.281084637714458,0.678598344545937,-0.678598344545908));
#8658=DIRECTION('',(1.,4.75591788173947E-14,-7.92314183926828E-16));
#8659=DIRECTION('center_axis',(0.500000000000126,-0.707106781186386,-0.500000000000102));
#8660=DIRECTION('ref_axis',(0.816496580927597,0.577350269189808,6.13398221105399E-15));
#8661=DIRECTION('',(0.707106781186548,2.54980204706442E-14,0.707106781186547));
#8662=DIRECTION('',(0.678598344545619,0.678598344546049,-0.281084637714883));
#8663=DIRECTION('center_axis',(0.70710678118677,-0.707106781186325,-8.6916481110822E-15));
#8664=DIRECTION('ref_axis',(0.707106781186325,0.70710678118677,7.8949782161201E-15));
#8665=DIRECTION('',(7.92314183927375E-16,-1.14995324541429E-14,1.));
#8666=DIRECTION('',(0.678598344545619,0.678598344546042,0.281084637714902));
#8667=DIRECTION('center_axis',(0.500000000000127,-0.707106781186397,0.500000000000086));
#8668=DIRECTION('ref_axis',(0.816496580927597,0.577350269189808,6.16173778666962E-15));
#8669=DIRECTION('',(-0.707106781186548,-4.17608152282426E-14,0.707106781186547));
#8670=DIRECTION('',(0.281084637714458,0.678598344545919,0.678598344545925));
#8671=DIRECTION('center_axis',(3.38524041013897E-14,-0.707106781186556,
0.707106781186539));
#8672=DIRECTION('ref_axis',(1.,4.7498548449427E-14,-3.75980549692367E-16));
#8673=DIRECTION('',(0.281084637714457,0.678598344545918,0.678598344545926));
#8674=DIRECTION('center_axis',(0.500000000000131,-0.707106781186397,0.500000000000082));
#8675=DIRECTION('ref_axis',(0.816496580927595,0.577350269189811,6.0507154842071E-15));
#8676=DIRECTION('',(0.67859834454563,0.678598344546038,0.281084637714884));
#8677=DIRECTION('center_axis',(0.707106781186762,-0.707106781186333,-8.397255775079E-15));
#8678=DIRECTION('ref_axis',(0.707106781186333,0.707106781186762,7.89497821612001E-15));
#8679=DIRECTION('center_axis',(0.707106781186547,4.17608152282426E-14,-0.707106781186549));
#8680=DIRECTION('ref_axis',(-4.75175454539712E-14,1.,1.15411658175664E-14));
#8681=DIRECTION('',(-4.75591788173947E-14,1.,1.1499532454143E-14));
#8682=DIRECTION('center_axis',(-0.707106781186547,-4.17608152282426E-14,
0.707106781186549));
#8683=DIRECTION('ref_axis',(0.707106781186549,2.54980204706442E-14,0.707106781186547));
#8684=DIRECTION('',(4.75591788173947E-14,-1.,-1.1499532454143E-14));
#8685=DIRECTION('center_axis',(-1.,-4.75591788173947E-14,7.92314183926828E-16));
#8686=DIRECTION('ref_axis',(4.75591788173947E-14,-1.,-1.15411658175664E-14));
#8687=DIRECTION('',(4.75591788173947E-14,-1.,-1.15411658175664E-14));
#8688=DIRECTION('',(1.06111586243124E-15,-1.14995324541429E-14,1.));
#8689=DIRECTION('center_axis',(0.707106781186547,2.54685812370437E-14,0.707106781186548));
#8690=DIRECTION('ref_axis',(-4.75591788173946E-14,1.,1.15411658175665E-14));
#8691=DIRECTION('center_axis',(-0.707106781186547,-2.54685812370437E-14,
-0.707106781186548));
#8692=DIRECTION('ref_axis',(0.707106781186548,4.17608152282426E-14,-0.707106781186547));
#8693=DIRECTION('center_axis',(-3.75980549692943E-16,1.15411658175664E-14,
-1.));
#8694=DIRECTION('ref_axis',(-1.,-4.75591788173947E-14,3.75980549692394E-16));
#8695=DIRECTION('center_axis',(3.75980549692943E-16,-1.15411658175664E-14,
1.));
#8696=DIRECTION('ref_axis',(-1.,-4.75591788173947E-14,3.75980549692394E-16));
#8697=DIRECTION('center_axis',(-3.75980549692943E-16,1.15411658175664E-14,
-1.));
#8698=DIRECTION('ref_axis',(-1.,-4.75591788173946E-14,3.75980549692394E-16));
#8699=DIRECTION('center_axis',(3.75980549692943E-16,-1.15411658175664E-14,
1.));
#8700=DIRECTION('ref_axis',(-1.,-4.75591788173947E-14,3.75980549692394E-16));
#8701=DIRECTION('center_axis',(-3.75980549692943E-16,1.15411658175664E-14,
-1.));
#8702=DIRECTION('ref_axis',(1.,4.75591788173946E-14,-3.75980549692394E-16));
#8703=DIRECTION('center_axis',(3.75980549692943E-16,-1.15411658175664E-14,
1.));
#8704=DIRECTION('ref_axis',(1.,4.75591788173947E-14,-3.75980549692394E-16));
#8705=DIRECTION('center_axis',(-1.06111586243124E-15,1.14995324541429E-14,
-1.));
#8706=DIRECTION('ref_axis',(1.,4.75591788173947E-14,-1.06111586243069E-15));
#8707=DIRECTION('',(-1.06111586243124E-15,1.14995324541429E-14,-1.));
#8708=DIRECTION('center_axis',(-0.707106781186547,-4.17902544618429E-14,
0.707106781186548));
#8709=DIRECTION('ref_axis',(0.707106781186548,2.54980204706441E-14,0.707106781186547));
#8710=DIRECTION('',(-1.06111586243124E-15,1.14995324541429E-14,-1.));
#8711=DIRECTION('center_axis',(-3.75980549692943E-16,1.15411658175664E-14,
-1.));
#8712=DIRECTION('ref_axis',(1.,4.75591788173947E-14,-3.75980549692394E-16));
#8713=DIRECTION('center_axis',(0.707106781186547,4.17902544618429E-14,-0.707106781186548));
#8714=DIRECTION('ref_axis',(0.707106781186548,2.54980204706441E-14,0.707106781186547));
#8715=DIRECTION('center_axis',(-0.707106781186548,-2.54685812370438E-14,
-0.707106781186547));
#8716=DIRECTION('ref_axis',(0.707106781186547,4.17608152282426E-14,-0.707106781186548));
#8717=DIRECTION('',(-1.06111586243124E-15,1.14995324541429E-14,-1.));
#8718=DIRECTION('center_axis',(-0.707106781186547,-4.17902544618429E-14,
0.707106781186548));
#8719=DIRECTION('ref_axis',(0.707106781186548,2.54980204706441E-14,0.707106781186547));
#8720=DIRECTION('',(1.06111586243124E-15,-1.14995324541429E-14,1.));
#8721=DIRECTION('center_axis',(-0.707106781186548,-2.54685812370438E-14,
-0.707106781186547));
#8722=DIRECTION('ref_axis',(0.707106781186547,4.17608152282426E-14,-0.707106781186548));
#8723=DIRECTION('center_axis',(0.707106781186547,4.17902544618429E-14,-0.707106781186548));
#8724=DIRECTION('ref_axis',(0.707106781186548,2.54980204706441E-14,0.707106781186547));
#8725=DIRECTION('center_axis',(-3.75980549692943E-16,1.15411658175664E-14,
-1.));
#8726=DIRECTION('ref_axis',(1.,4.75591788173947E-14,-3.75980549692394E-16));
#8727=DIRECTION('center_axis',(3.75980549692943E-16,-1.15411658175664E-14,
1.));
#8728=DIRECTION('ref_axis',(1.,4.75591788173947E-14,-3.75980549692394E-16));
#8729=DIRECTION('',(1.06111586243124E-15,-1.14995324541429E-14,1.));
#8730=DIRECTION('',(1.06111586243124E-15,-1.14995324541429E-14,1.));
#8731=DIRECTION('center_axis',(3.75980549692943E-16,-1.15411658175664E-14,
1.));
#8732=DIRECTION('ref_axis',(1.,4.75591788173947E-14,-3.75980549692394E-16));
#8733=DIRECTION('center_axis',(-1.06111586243124E-15,1.14995324541429E-14,
-1.));
#8734=DIRECTION('ref_axis',(1.,4.75591788173947E-14,-1.06111586243069E-15));
#8735=DIRECTION('center_axis',(7.92314183927375E-16,-1.14995324541429E-14,
1.));
#8736=DIRECTION('ref_axis',(1.,4.75591788173947E-14,-7.92314183926828E-16));
#8737=DIRECTION('',(-1.06111586243124E-15,1.14995324541429E-14,-1.));
#8738=DIRECTION('center_axis',(7.92314183927375E-16,-1.14995324541429E-14,
1.));
#8739=DIRECTION('ref_axis',(1.,4.75591788173947E-14,-7.92314183926828E-16));
#8740=DIRECTION('center_axis',(-0.707106781186547,-2.54685812370437E-14,
-0.707106781186548));
#8741=DIRECTION('ref_axis',(0.707106781186548,4.17608152282426E-14,-0.707106781186547));
#8742=DIRECTION('',(-1.06111586243124E-15,1.14995324541429E-14,-1.));
#8743=DIRECTION('center_axis',(-0.707106781186547,-4.17608152282426E-14,
0.707106781186549));
#8744=DIRECTION('ref_axis',(0.707106781186549,2.54980204706442E-14,0.707106781186547));
#8745=DIRECTION('center_axis',(1.,4.75591788173947E-14,-2.53011073082967E-15));
#8746=DIRECTION('ref_axis',(2.53011073083022E-15,-1.15411658175663E-14,
1.));
#8747=DIRECTION('',(4.75591788173947E-14,-1.,-1.15411658175664E-14));
#8748=DIRECTION('center_axis',(3.75980549692943E-16,-1.15411658175664E-14,
1.));
#8749=DIRECTION('ref_axis',(-1.,-4.75591788173947E-14,3.75980549692394E-16));
#8750=DIRECTION('center_axis',(0.707106781186547,4.17902544618429E-14,-0.707106781186548));
#8751=DIRECTION('ref_axis',(-4.75591788173946E-14,1.,1.15411658175664E-14));
#8752=DIRECTION('',(4.75591788173947E-14,-1.,-1.1499532454143E-14));
#8753=DIRECTION('center_axis',(1.,4.75591788173947E-14,-3.75980549692394E-16));
#8754=DIRECTION('ref_axis',(-4.75591788173947E-14,1.,1.15411658175664E-14));
#8755=DIRECTION('',(-4.75591788173947E-14,1.,1.15411658175664E-14));
#8756=DIRECTION('center_axis',(1.,4.75591788173947E-14,-3.75980549692394E-16));
#8757=DIRECTION('ref_axis',(-4.75591788173947E-14,1.,1.15411658175664E-14));
#8758=DIRECTION('',(-4.75591788173947E-14,1.,1.15411658175664E-14));
#8759=DIRECTION('center_axis',(0.707106781186548,2.54685812370438E-14,0.707106781186547));
#8760=DIRECTION('ref_axis',(-4.75591788173947E-14,1.,1.15411658175664E-14));
#8761=DIRECTION('',(4.75591788173947E-14,-1.,-1.15411658175664E-14));
#8762=DIRECTION('center_axis',(0.707106781186548,2.54685812370438E-14,0.707106781186547));
#8763=DIRECTION('ref_axis',(-4.75591788173947E-14,1.,1.15411658175664E-14));
#8764=DIRECTION('',(4.75591788173947E-14,-1.,-1.15411658175664E-14));
#8765=DIRECTION('center_axis',(0.707106781186547,4.17902544618429E-14,-0.707106781186548));
#8766=DIRECTION('ref_axis',(0.707106781186548,2.54685812370438E-14,0.707106781186547));
#8767=DIRECTION('',(-4.75591788173947E-14,1.,1.15411658175664E-14));
#8768=DIRECTION('center_axis',(0.707106781186547,4.17902544618429E-14,-0.707106781186548));
#8769=DIRECTION('ref_axis',(0.707106781186548,2.54685812370438E-14,0.707106781186547));
#8770=DIRECTION('',(-4.75591788173947E-14,1.,1.15411658175664E-14));
#8771=DIRECTION('center_axis',(3.75980549692943E-16,-1.15411658175664E-14,
1.));
#8772=DIRECTION('ref_axis',(4.75591788173947E-14,-1.,-1.15411658175664E-14));
#8773=DIRECTION('center_axis',(-1.06111586243124E-15,1.14995324541429E-14,
-1.));
#8774=DIRECTION('ref_axis',(1.,4.75591788173947E-14,-1.06111586243069E-15));
#8775=DIRECTION('',(-1.06111586243124E-15,1.14995324541429E-14,-1.));
#8776=DIRECTION('center_axis',(-1.06111586243124E-15,1.14995324541429E-14,
-1.));
#8777=DIRECTION('ref_axis',(1.,4.75591788173947E-14,-1.06111586243069E-15));
#8778=DIRECTION('',(-1.06111586243124E-15,1.14995324541429E-14,-1.));
#8779=DIRECTION('center_axis',(-7.92314183927375E-16,1.14995324541429E-14,
-1.));
#8780=DIRECTION('ref_axis',(1.,4.75591788173947E-14,-7.92314183926828E-16));
#8781=DIRECTION('center_axis',(-1.,-4.75591788173947E-14,3.75980549692394E-16));
#8782=DIRECTION('ref_axis',(-3.75980549692943E-16,1.15411658175664E-14,
-1.));
#8783=DIRECTION('',(4.75591788173947E-14,-1.,-1.15411658175664E-14));
#8784=DIRECTION('center_axis',(3.75980549692943E-16,-1.15411658175664E-14,
1.));
#8785=DIRECTION('ref_axis',(-1.,-4.75591788173947E-14,3.75980549692394E-16));
#8786=DIRECTION('center_axis',(0.707106781186547,4.17608152282426E-14,-0.707106781186549));
#8787=DIRECTION('ref_axis',(-4.75175454539712E-14,1.,1.15411658175664E-14));
#8788=DIRECTION('',(4.75591788173947E-14,-1.,-1.1499532454143E-14));
#8789=DIRECTION('',(-4.75591788173947E-14,1.,1.1499532454143E-14));
#8790=DIRECTION('center_axis',(-1.,-4.75591788173947E-14,7.92314183926828E-16));
#8791=DIRECTION('ref_axis',(4.75591788173947E-14,-1.,-1.15411658175664E-14));
#8792=DIRECTION('',(4.75591788173947E-14,-1.,-1.15411658175664E-14));
#8793=DIRECTION('center_axis',(0.707106781186547,2.54685812370437E-14,0.707106781186548));
#8794=DIRECTION('ref_axis',(-4.75591788173946E-14,1.,1.15411658175665E-14));
#8795=DIRECTION('center_axis',(-0.707106781186548,-4.19686740594207E-14,
0.707106781186547));
#8796=DIRECTION('ref_axis',(4.78115022320822E-14,-1.,-1.15411658175664E-14));
#8797=DIRECTION('',(-4.78115022320822E-14,1.,1.15411658175664E-14));
#8798=DIRECTION('center_axis',(-7.92314183927375E-16,1.14995324541429E-14,
-1.));
#8799=DIRECTION('ref_axis',(1.,4.7836734573551E-14,-7.92314183926825E-16));
#8800=DIRECTION('',(4.75591788173947E-14,-1.,-1.1499532454143E-14));
#8801=DIRECTION('center_axis',(-0.707106781186547,-2.56764400682218E-14,
-0.707106781186548));
#8802=DIRECTION('ref_axis',(4.78531355955057E-14,-1.,-1.15411658175664E-14));
#8803=DIRECTION('',(4.78115022320822E-14,-1.,-1.1499532454143E-14));
#8804=DIRECTION('center_axis',(1.,4.78115022320822E-14,-7.92314183926826E-16));
#8805=DIRECTION('ref_axis',(-4.78115022320822E-14,1.,1.15411658175664E-14));
#8806=DIRECTION('center_axis',(0.707106781186547,4.17902544618429E-14,-0.707106781186548));
#8807=DIRECTION('ref_axis',(-4.75591788173946E-14,1.,1.15411658175664E-14));
#8808=DIRECTION('',(4.75591788173947E-14,-1.,-1.15411658175664E-14));
#8809=DIRECTION('center_axis',(3.75980549692943E-16,-1.15411658175664E-14,
1.));
#8810=DIRECTION('ref_axis',(4.75591788173947E-14,-1.,-1.15411658175664E-14));
#8811=DIRECTION('',(4.75591788173947E-14,-1.,-1.15411658175664E-14));
#8812=DIRECTION('center_axis',(1.,4.75591788173947E-14,-3.75980549692394E-16));
#8813=DIRECTION('ref_axis',(-4.75591788173947E-14,1.,1.15411658175664E-14));
#8814=DIRECTION('center_axis',(0.707106781186548,2.54685812370438E-14,0.707106781186547));
#8815=DIRECTION('ref_axis',(-4.75591788173947E-14,1.,1.15411658175664E-14));
#8816=CARTESIAN_POINT('',(0.,0.,0.));
#8817=CARTESIAN_POINT('Origin',(81.3595031112379,-293.673973437563,-23.6500000000068));
#8818=CARTESIAN_POINT('',(81.3595031112379,-293.673973437563,-23.6500000000068));
#8819=CARTESIAN_POINT('',(81.3595031112382,-292.564574536101,-23.6500000000068));
#8820=CARTESIAN_POINT('',(81.3595031112385,-291.549936600934,-23.6500000000064));
#8821=CARTESIAN_POINT('',(81.3595031112379,-293.673973437563,-23.2500000000068));
#8822=CARTESIAN_POINT('',(81.3595031112379,-293.673973437563,-23.6500000000068));
#8823=CARTESIAN_POINT('',(81.3595031112382,-292.564574536101,-23.2500000000068));
#8824=CARTESIAN_POINT('',(81.3595031112379,-293.673973437563,-23.2500000000068));
#8825=CARTESIAN_POINT('',(81.3595031112382,-292.564574536101,-23.6500000000068));
#8826=CARTESIAN_POINT('Origin',(82.1853892415708,-293.673973437564,-23.6500000000068));
#8827=CARTESIAN_POINT('',(82.1853892415708,-293.673973437564,-23.6500000000068));
#8828=CARTESIAN_POINT('',(92.4446342872489,-293.673973437567,-23.6500000000065));
#8829=CARTESIAN_POINT('',(82.1853892415708,-293.673973437564,-23.2500000000068));
#8830=CARTESIAN_POINT('',(82.1853892415708,-293.673973437564,-23.6500000000068));
#8831=CARTESIAN_POINT('',(82.1853892415708,-293.673973437564,-23.2500000000068));
#8832=CARTESIAN_POINT('Ctrl Pts',(82.6383934825606,-293.590768631713,-23.6500000000068));
#8833=CARTESIAN_POINT('Ctrl Pts',(82.6383934825606,-293.590768631713,-23.1700000000068));
#8834=CARTESIAN_POINT('Ctrl Pts',(82.5058816283888,-293.673973437564,-23.6500000000068));
#8835=CARTESIAN_POINT('Ctrl Pts',(82.5058816283888,-293.673973437564,-23.1700000000068));
#8836=CARTESIAN_POINT('Ctrl Pts',(82.1853892415708,-293.673973437564,-23.6500000000068));
#8837=CARTESIAN_POINT('Ctrl Pts',(82.1853892415708,-293.673973437564,-23.1700000000068));
#8838=CARTESIAN_POINT('',(82.6383934825606,-293.590768631713,-23.6500000000068));
#8839=CARTESIAN_POINT('Ctrl Pts',(82.6383934825606,-293.590768631713,-23.6500000000068));
#8840=CARTESIAN_POINT('Ctrl Pts',(82.5058816283888,-293.673973437564,-23.6500000000068));
#8841=CARTESIAN_POINT('Ctrl Pts',(82.1853892415708,-293.673973437564,-23.6500000000068));
#8842=CARTESIAN_POINT('',(82.6383934825606,-293.590768631713,-23.2500000000068));
#8843=CARTESIAN_POINT('',(82.6383934825606,-293.590768631713,-23.6500000000068));
#8844=CARTESIAN_POINT('Ctrl Pts',(82.6383934825606,-293.590768631713,-23.2500000000068));
#8845=CARTESIAN_POINT('Ctrl Pts',(82.5058816283888,-293.673973437564,-23.2500000000068));
#8846=CARTESIAN_POINT('Ctrl Pts',(82.1853892415708,-293.673973437564,-23.2500000000068));
#8847=CARTESIAN_POINT('Ctrl Pts',(82.7709053367324,-293.285683747546,-23.6500000000068));
#8848=CARTESIAN_POINT('Ctrl Pts',(82.7709053367324,-293.285683747546,-23.1700000000068));
#8849=CARTESIAN_POINT('Ctrl Pts',(82.7709053367323,-293.507563527839,-23.6500000000068));
#8850=CARTESIAN_POINT('Ctrl Pts',(82.7709053367323,-293.507563527839,-23.1700000000068));
#8851=CARTESIAN_POINT('Ctrl Pts',(82.6383934825606,-293.590768631713,-23.6500000000068));
#8852=CARTESIAN_POINT('Ctrl Pts',(82.6383934825606,-293.590768631713,-23.1700000000068));
#8853=CARTESIAN_POINT('',(82.7709053367324,-293.285683747546,-23.6500000000068));
#8854=CARTESIAN_POINT('Ctrl Pts',(82.7709053367324,-293.285683747546,-23.6500000000068));
#8855=CARTESIAN_POINT('Ctrl Pts',(82.7709053367323,-293.507563527839,-23.6500000000068));
#8856=CARTESIAN_POINT('Ctrl Pts',(82.6383934825606,-293.590768631713,-23.6500000000068));
#8857=CARTESIAN_POINT('',(82.7709053367324,-293.285683747546,-23.2500000000068));
#8858=CARTESIAN_POINT('',(82.7709053367324,-293.285683747546,-23.6500000000068));
#8859=CARTESIAN_POINT('Ctrl Pts',(82.7709053367324,-293.285683747546,-23.2500000000068));
#8860=CARTESIAN_POINT('Ctrl Pts',(82.7709053367323,-293.507563527839,-23.2500000000068));
#8861=CARTESIAN_POINT('Ctrl Pts',(82.6383934825606,-293.590768631713,-23.2500000000068));
#8862=CARTESIAN_POINT('Origin',(82.7709053367325,-293.002170678393,-23.6500000000068));
#8863=CARTESIAN_POINT('',(82.7709053367325,-293.002170678393,-23.6500000000068));
#8864=CARTESIAN_POINT('',(82.770905336733,-291.21403522135,-23.6500000000064));
#8865=CARTESIAN_POINT('',(82.7709053367325,-293.002170678393,-23.2500000000068));
#8866=CARTESIAN_POINT('',(82.7709053367325,-293.002170678393,-23.6500000000068));
#8867=CARTESIAN_POINT('',(82.7709053367325,-293.002170678393,-23.2500000000068));
#8868=CARTESIAN_POINT('Ctrl Pts',(82.6476381629655,-292.653942760245,-23.6500000000068));
#8869=CARTESIAN_POINT('Ctrl Pts',(82.6476381629655,-292.653942760245,-23.1700000000068));
#8870=CARTESIAN_POINT('Ctrl Pts',(82.7709053367326,-292.743310984389,-23.6500000000068));
#8871=CARTESIAN_POINT('Ctrl Pts',(82.7709053367326,-292.743310984389,-23.1700000000068));
#8872=CARTESIAN_POINT('Ctrl Pts',(82.7709053367325,-293.002170678393,-23.6500000000068));
#8873=CARTESIAN_POINT('Ctrl Pts',(82.7709053367325,-293.002170678393,-23.1700000000068));
#8874=CARTESIAN_POINT('',(82.6476381629655,-292.653942760245,-23.6500000000068));
#8875=CARTESIAN_POINT('Ctrl Pts',(82.6476381629655,-292.653942760245,-23.6500000000068));
#8876=CARTESIAN_POINT('Ctrl Pts',(82.7709053367326,-292.743310984389,-23.6500000000068));
#8877=CARTESIAN_POINT('Ctrl Pts',(82.7709053367325,-293.002170678393,-23.6500000000068));
#8878=CARTESIAN_POINT('',(82.6476381629655,-292.653942760245,-23.2500000000068));
#8879=CARTESIAN_POINT('',(82.6476381629655,-292.653942760245,-23.6500000000068));
#8880=CARTESIAN_POINT('Ctrl Pts',(82.6476381629655,-292.653942760245,-23.2500000000068));
#8881=CARTESIAN_POINT('Ctrl Pts',(82.7709053367326,-292.743310984389,-23.2500000000068));
#8882=CARTESIAN_POINT('Ctrl Pts',(82.7709053367325,-293.002170678393,-23.2500000000068));
#8883=CARTESIAN_POINT('Ctrl Pts',(82.1853892415712,-292.564574536101,-23.6500000000068));
#8884=CARTESIAN_POINT('Ctrl Pts',(82.1853892415712,-292.564574536101,-23.1700000000068));
#8885=CARTESIAN_POINT('Ctrl Pts',(82.5243721812913,-292.564574536101,-23.6500000000068));
#8886=CARTESIAN_POINT('Ctrl Pts',(82.5243721812913,-292.564574536101,-23.1700000000068));
#8887=CARTESIAN_POINT('Ctrl Pts',(82.6476381629655,-292.653942760245,-23.6500000000068));
#8888=CARTESIAN_POINT('Ctrl Pts',(82.6476381629655,-292.653942760245,-23.1700000000068));
#8889=CARTESIAN_POINT('',(82.1853892415712,-292.564574536101,-23.6500000000068));
#8890=CARTESIAN_POINT('Ctrl Pts',(82.1853892415712,-292.564574536101,-23.6500000000068));
#8891=CARTESIAN_POINT('Ctrl Pts',(82.5243721812913,-292.564574536101,-23.6500000000068));
#8892=CARTESIAN_POINT('Ctrl Pts',(82.6476381629655,-292.653942760245,-23.6500000000068));
#8893=CARTESIAN_POINT('',(82.1853892415712,-292.564574536101,-23.2500000000068));
#8894=CARTESIAN_POINT('',(82.1853892415712,-292.564574536101,-23.6500000000068));
#8895=CARTESIAN_POINT('Ctrl Pts',(82.1853892415712,-292.564574536101,-23.2500000000068));
#8896=CARTESIAN_POINT('Ctrl Pts',(82.5243721812913,-292.564574536101,-23.2500000000068));
#8897=CARTESIAN_POINT('Ctrl Pts',(82.6476381629655,-292.653942760245,-23.2500000000068));
#8898=CARTESIAN_POINT('Origin',(81.3595031112382,-292.564574536101,-23.6500000000068));
#8899=CARTESIAN_POINT('',(92.0316912220827,-292.564574536104,-23.6500000000064));
#8900=CARTESIAN_POINT('',(81.3595031112382,-292.564574536101,-23.2500000000068));
#8901=CARTESIAN_POINT('Origin',(81.3595031112389,-290.358102973715,-23.6500000000068));
#8902=CARTESIAN_POINT('',(81.3595031112389,-290.358102973715,-23.6500000000068));
#8903=CARTESIAN_POINT('',(80.3980241626457,-290.358102973715,-23.6500000000068));
#8904=CARTESIAN_POINT('',(92.0316912220834,-290.358102973718,-23.6500000000064));
#8905=CARTESIAN_POINT('',(81.3595031112389,-290.358102973715,-23.2500000000068));
#8906=CARTESIAN_POINT('',(81.3595031112389,-290.358102973715,-23.6500000000068));
#8907=CARTESIAN_POINT('',(80.3980241626457,-290.358102973715,-23.2500000000068));
#8908=CARTESIAN_POINT('',(81.3595031112389,-290.358102973715,-23.2500000000068));
#8909=CARTESIAN_POINT('',(80.3980241626457,-290.358102973715,-23.6500000000068));
#8910=CARTESIAN_POINT('Origin',(81.3595031112384,-291.929751690642,-23.6500000000068));
#8911=CARTESIAN_POINT('',(81.3595031112384,-291.929751690642,-23.6500000000068));
#8912=CARTESIAN_POINT('',(81.3595031112388,-290.677825727474,-23.6500000000064));
#8913=CARTESIAN_POINT('',(81.3595031112384,-291.929751690642,-23.2500000000068));
#8914=CARTESIAN_POINT('',(81.3595031112384,-291.929751690642,-23.6500000000068));
#8915=CARTESIAN_POINT('',(81.3595031112384,-291.929751690642,-23.2500000000068));
#8916=CARTESIAN_POINT('Origin',(81.8032626718234,-291.929751690642,-23.6500000000068));
#8917=CARTESIAN_POINT('',(81.8032626718234,-291.929751690642,-23.6500000000068));
#8918=CARTESIAN_POINT('',(92.2535710023754,-291.929751690645,-23.6500000000064));
#8919=CARTESIAN_POINT('',(81.8032626718234,-291.929751690642,-23.2500000000068));
#8920=CARTESIAN_POINT('',(81.8032626718234,-291.929751690642,-23.6500000000068));
#8921=CARTESIAN_POINT('',(81.8032626718234,-291.929751690642,-23.2500000000068));
#8922=CARTESIAN_POINT('Origin',(82.8510282844261,-290.358102973716,-23.6500000000068));
#8923=CARTESIAN_POINT('',(82.8510282844261,-290.358102973716,-23.6500000000068));
#8924=CARTESIAN_POINT('',(86.1204360610625,-285.453990378824,-23.6500000000064));
#8925=CARTESIAN_POINT('',(82.8510282844261,-290.358102973716,-23.2500000000068));
#8926=CARTESIAN_POINT('',(82.8510282844261,-290.358102973716,-23.6500000000068));
#8927=CARTESIAN_POINT('',(82.8510282844261,-290.358102973716,-23.2500000000068));
#8928=CARTESIAN_POINT('Origin',(83.9604280799583,-290.358102973716,-23.6500000000068));
#8929=CARTESIAN_POINT('',(83.9604280799583,-290.358102973716,-23.6500000000068));
#8930=CARTESIAN_POINT('',(93.3321537064431,-290.358102973719,-23.6500000000064));
#8931=CARTESIAN_POINT('',(83.9604280799583,-290.358102973716,-23.2500000000068));
#8932=CARTESIAN_POINT('',(83.9604280799583,-290.358102973716,-23.6500000000068));
#8933=CARTESIAN_POINT('',(83.9604280799583,-290.358102973716,-23.2500000000068));
#8934=CARTESIAN_POINT('Origin',(82.8017209380816,-292.003711518065,-23.6500000000068));
#8935=CARTESIAN_POINT('',(82.8017209380816,-292.003711518065,-23.6500000000068));
#8936=CARTESIAN_POINT('',(86.7067925354064,-286.457686163941,-23.6500000000064));
#8937=CARTESIAN_POINT('',(82.8017209380816,-292.003711518065,-23.2500000000068));
#8938=CARTESIAN_POINT('',(82.8017209380816,-292.003711518065,-23.6500000000068));
#8939=CARTESIAN_POINT('',(82.8017209380816,-292.003711518065,-23.2500000000068));
#8940=CARTESIAN_POINT('Ctrl Pts',(83.4642790168475,-292.259489949958,-23.6500000000068));
#8941=CARTESIAN_POINT('Ctrl Pts',(83.4642790168475,-292.259489949958,-23.1700000000068));
#8942=CARTESIAN_POINT('Ctrl Pts',(83.2146643012713,-292.059181388633,-23.6500000000068));
#8943=CARTESIAN_POINT('Ctrl Pts',(83.2146643012713,-292.059181388633,-23.1700000000068));
#8944=CARTESIAN_POINT('Ctrl Pts',(82.8017209380816,-292.003711518065,-23.6500000000068));
#8945=CARTESIAN_POINT('Ctrl Pts',(82.8017209380816,-292.003711518065,-23.1700000000068));
#8946=CARTESIAN_POINT('',(83.4642790168475,-292.259489949958,-23.6500000000068));
#8947=CARTESIAN_POINT('Ctrl Pts',(83.4642790168475,-292.259489949958,-23.6500000000068));
#8948=CARTESIAN_POINT('Ctrl Pts',(83.2146643012713,-292.059181388633,-23.6500000000068));
#8949=CARTESIAN_POINT('Ctrl Pts',(82.8017209380816,-292.003711518065,-23.6500000000068));
#8950=CARTESIAN_POINT('',(83.4642790168475,-292.259489949958,-23.2500000000068));
#8951=CARTESIAN_POINT('',(83.4642790168475,-292.259489949958,-23.6500000000068));
#8952=CARTESIAN_POINT('Ctrl Pts',(83.4642790168475,-292.259489949958,-23.2500000000068));
#8953=CARTESIAN_POINT('Ctrl Pts',(83.2146643012713,-292.059181388633,-23.2500000000068));
#8954=CARTESIAN_POINT('Ctrl Pts',(82.8017209380816,-292.003711518065,-23.2500000000068));
#8955=CARTESIAN_POINT('Ctrl Pts',(83.7138937324234,-292.811107691543,-23.6500000000068));
#8956=CARTESIAN_POINT('Ctrl Pts',(83.7138937324234,-292.811107691543,-23.1700000000068));
#8957=CARTESIAN_POINT('Ctrl Pts',(83.7138937324235,-292.459797915237,-23.6500000000068));
#8958=CARTESIAN_POINT('Ctrl Pts',(83.7138937324235,-292.459797915237,-23.1700000000068));
#8959=CARTESIAN_POINT('Ctrl Pts',(83.4642790168475,-292.259489949958,-23.6500000000068));
#8960=CARTESIAN_POINT('Ctrl Pts',(83.4642790168475,-292.259489949958,-23.1700000000068));
#8961=CARTESIAN_POINT('',(83.7138937324234,-292.811107691543,-23.6500000000068));
#8962=CARTESIAN_POINT('Ctrl Pts',(83.7138937324234,-292.811107691543,-23.6500000000068));
#8963=CARTESIAN_POINT('Ctrl Pts',(83.7138937324235,-292.459797915237,-23.6500000000068));
#8964=CARTESIAN_POINT('Ctrl Pts',(83.4642790168475,-292.259489949958,-23.6500000000068));
#8965=CARTESIAN_POINT('',(83.7138937324234,-292.811107691543,-23.2500000000068));
#8966=CARTESIAN_POINT('',(83.7138937324234,-292.811107691543,-23.6500000000068));
#8967=CARTESIAN_POINT('Ctrl Pts',(83.7138937324234,-292.811107691543,-23.2500000000068));
#8968=CARTESIAN_POINT('Ctrl Pts',(83.7138937324235,-292.459797915237,-23.2500000000068));
#8969=CARTESIAN_POINT('Ctrl Pts',(83.4642790168475,-292.259489949958,-23.2500000000068));
#8970=CARTESIAN_POINT('Origin',(83.7138937324233,-293.513726946132,-23.6500000000068));
#8971=CARTESIAN_POINT('',(83.7138937324233,-293.513726946132,-23.6500000000068));
#8972=CARTESIAN_POINT('',(83.7138937324238,-291.469813355219,-23.6500000000064));
#8973=CARTESIAN_POINT('',(83.7138937324233,-293.513726946132,-23.2500000000068));
#8974=CARTESIAN_POINT('',(83.7138937324233,-293.513726946132,-23.6500000000068));
#8975=CARTESIAN_POINT('',(83.7138937324233,-293.513726946132,-23.2500000000068));
#8976=CARTESIAN_POINT('Ctrl Pts',(83.3564208358471,-294.163958188312,-23.6500000000068));
#8977=CARTESIAN_POINT('Ctrl Pts',(83.3564208358471,-294.163958188312,-23.1700000000068));
#8978=CARTESIAN_POINT('Ctrl Pts',(83.7138937324231,-293.969813343303,-23.6500000000068));
#8979=CARTESIAN_POINT('Ctrl Pts',(83.7138937324231,-293.969813343303,-23.1700000000068));
#8980=CARTESIAN_POINT('Ctrl Pts',(83.7138937324233,-293.513726946132,-23.6500000000068));
#8981=CARTESIAN_POINT('Ctrl Pts',(83.7138937324233,-293.513726946132,-23.1700000000068));
#8982=CARTESIAN_POINT('',(83.3564208358471,-294.163958188312,-23.6500000000068));
#8983=CARTESIAN_POINT('Ctrl Pts',(83.3564208358471,-294.163958188312,-23.6500000000068));
#8984=CARTESIAN_POINT('Ctrl Pts',(83.7138937324231,-293.969813343303,-23.6500000000068));
#8985=CARTESIAN_POINT('Ctrl Pts',(83.7138937324233,-293.513726946132,-23.6500000000068));
#8986=CARTESIAN_POINT('',(83.3564208358471,-294.163958188312,-23.2500000000068));
#8987=CARTESIAN_POINT('',(83.3564208358471,-294.163958188312,-23.6500000000068));
#8988=CARTESIAN_POINT('Ctrl Pts',(83.3564208358471,-294.163958188312,-23.2500000000068));
#8989=CARTESIAN_POINT('Ctrl Pts',(83.7138937324231,-293.969813343303,-23.2500000000068));
#8990=CARTESIAN_POINT('Ctrl Pts',(83.7138937324233,-293.513726946132,-23.2500000000068));
#8991=CARTESIAN_POINT('Ctrl Pts',(82.1977154821102,-294.35810303332,-23.6500000000068));
#8992=CARTESIAN_POINT('Ctrl Pts',(82.1977154821102,-294.35810303332,-23.1700000000068));
#8993=CARTESIAN_POINT('Ctrl Pts',(82.9989479392712,-294.35810303332,-23.6500000000068));
#8994=CARTESIAN_POINT('Ctrl Pts',(82.9989479392712,-294.35810303332,-23.1700000000068));
#8995=CARTESIAN_POINT('Ctrl Pts',(83.3564208358471,-294.163958188312,-23.6500000000068));
#8996=CARTESIAN_POINT('Ctrl Pts',(83.3564208358471,-294.163958188312,-23.1700000000068));
#8997=CARTESIAN_POINT('',(82.1977154821102,-294.35810303332,-23.6500000000068));
#8998=CARTESIAN_POINT('Ctrl Pts',(82.1977154821102,-294.35810303332,-23.6500000000068));
#8999=CARTESIAN_POINT('Ctrl Pts',(82.9989479392712,-294.35810303332,-23.6500000000068));
#9000=CARTESIAN_POINT('Ctrl Pts',(83.3564208358471,-294.163958188312,-23.6500000000068));
#9001=CARTESIAN_POINT('',(82.1977154821102,-294.35810303332,-23.2500000000068));
#9002=CARTESIAN_POINT('',(82.1977154821102,-294.35810303332,-23.6500000000068));
#9003=CARTESIAN_POINT('Ctrl Pts',(82.1977154821102,-294.35810303332,-23.2500000000068));
#9004=CARTESIAN_POINT('Ctrl Pts',(82.9989479392712,-294.35810303332,-23.2500000000068));
#9005=CARTESIAN_POINT('Ctrl Pts',(83.3564208358471,-294.163958188312,-23.2500000000068));
#9006=CARTESIAN_POINT('Origin',(80.3980241626446,-294.35810303332,-23.6500000000068));
#9007=CARTESIAN_POINT('',(80.3980241626446,-294.35810303332,-23.6500000000068));
#9008=CARTESIAN_POINT('',(91.5509517477857,-294.358103033323,-23.6500000000065));
#9009=CARTESIAN_POINT('',(80.3980241626446,-294.35810303332,-23.2500000000068));
#9010=CARTESIAN_POINT('',(80.3980241626446,-294.35810303332,-23.6500000000068));
#9011=CARTESIAN_POINT('',(80.3980241626446,-294.35810303332,-23.2500000000068));
#9012=CARTESIAN_POINT('Origin',(80.3980241626457,-290.358102973715,-23.6500000000068));
#9013=CARTESIAN_POINT('',(80.3980241626458,-289.89200136901,-23.6500000000064));
#9014=CARTESIAN_POINT('',(80.3980241626457,-290.358102973715,-23.2500000000068));
#9015=CARTESIAN_POINT('Origin',(82.2038790494165,-288.425899651067,-23.2500000000067));
#9016=CARTESIAN_POINT('Ctrl Pts',(85.1561139434552,-283.171662744301,-23.6500000000067));
#9017=CARTESIAN_POINT('Ctrl Pts',(85.1561139434552,-283.171662744301,-23.1700000000067));
#9018=CARTESIAN_POINT('Ctrl Pts',(85.1930926650739,-283.079213556068,-23.6500000000067));
#9019=CARTESIAN_POINT('Ctrl Pts',(85.1930926650739,-283.079213556068,-23.1700000000067));
#9020=CARTESIAN_POINT('Ctrl Pts',(85.3071139663435,-283.045315202491,-23.6500000000067));
#9021=CARTESIAN_POINT('Ctrl Pts',(85.3071139663435,-283.045315202491,-23.1700000000067));
#9022=CARTESIAN_POINT('',(85.1561139434552,-283.171662744301,-23.6500000000067));
#9023=CARTESIAN_POINT('',(85.3071139663435,-283.045315202491,-23.6500000000067));
#9024=CARTESIAN_POINT('Ctrl Pts',(85.1561139434552,-283.171662744301,-23.6500000000067));
#9025=CARTESIAN_POINT('Ctrl Pts',(85.1930926650739,-283.079213556068,-23.6500000000067));
#9026=CARTESIAN_POINT('Ctrl Pts',(85.3071139663435,-283.045315202491,-23.6500000000067));
#9027=CARTESIAN_POINT('',(85.1561139434552,-283.171662744301,-23.2500000000067));
#9028=CARTESIAN_POINT('',(85.1561139434552,-283.171662744301,-23.6500000000067));
#9029=CARTESIAN_POINT('',(85.3071139663435,-283.045315202491,-23.2500000000067));
#9030=CARTESIAN_POINT('Ctrl Pts',(85.1561139434552,-283.171662744301,-23.2500000000067));
#9031=CARTESIAN_POINT('Ctrl Pts',(85.1930926650739,-283.079213556068,-23.2500000000067));
#9032=CARTESIAN_POINT('Ctrl Pts',(85.3071139663435,-283.045315202491,-23.2500000000067));
#9033=CARTESIAN_POINT('',(85.3071139663435,-283.045315202491,-23.6500000000067));
#9034=CARTESIAN_POINT('Ctrl Pts',(85.1191328376507,-283.473666366356,-23.6500000000067));
#9035=CARTESIAN_POINT('Ctrl Pts',(85.1191328376507,-283.473666366356,-23.1700000000067));
#9036=CARTESIAN_POINT('Ctrl Pts',(85.1191328376508,-283.264113124626,-23.6500000000067));
#9037=CARTESIAN_POINT('Ctrl Pts',(85.1191328376508,-283.264113124626,-23.1700000000067));
#9038=CARTESIAN_POINT('Ctrl Pts',(85.1561139434552,-283.171662744301,-23.6500000000067));
#9039=CARTESIAN_POINT('Ctrl Pts',(85.1561139434552,-283.171662744301,-23.1700000000067));
#9040=CARTESIAN_POINT('',(85.1191328376507,-283.473666366356,-23.6500000000067));
#9041=CARTESIAN_POINT('Ctrl Pts',(85.1191328376507,-283.473666366356,-23.6500000000067));
#9042=CARTESIAN_POINT('Ctrl Pts',(85.1191328376508,-283.264113124626,-23.6500000000067));
#9043=CARTESIAN_POINT('Ctrl Pts',(85.1561139434552,-283.171662744301,-23.6500000000067));
#9044=CARTESIAN_POINT('',(85.1191328376507,-283.473666366356,-23.2500000000067));
#9045=CARTESIAN_POINT('',(85.1191328376507,-283.473666366356,-23.6500000000067));
#9046=CARTESIAN_POINT('Ctrl Pts',(85.1191328376507,-283.473666366356,-23.2500000000067));
#9047=CARTESIAN_POINT('Ctrl Pts',(85.1191328376508,-283.264113124626,-23.2500000000067));
#9048=CARTESIAN_POINT('Ctrl Pts',(85.1561139434552,-283.171662744301,-23.2500000000067));
#9049=CARTESIAN_POINT('Origin',(85.1191328376501,-285.513728317039,-23.6500000000067));
#9050=CARTESIAN_POINT('',(85.1191328376501,-285.513728317039,-23.6500000000067));
#9051=CARTESIAN_POINT('',(85.1191328376496,-287.469814040673,-23.6500000000064));
#9052=CARTESIAN_POINT('',(85.1191328376501,-285.513728317039,-23.2500000000067));
#9053=CARTESIAN_POINT('',(85.1191328376501,-285.513728317039,-23.6500000000067));
#9054=CARTESIAN_POINT('',(85.1191328376501,-285.513728317039,-23.2500000000067));
#9055=CARTESIAN_POINT('Ctrl Pts',(85.1561139434545,-285.815730747001,-23.6500000000067));
#9056=CARTESIAN_POINT('Ctrl Pts',(85.1561139434545,-285.815730747001,-23.1700000000067));
#9057=CARTESIAN_POINT('Ctrl Pts',(85.11913283765,-285.723280366676,-23.6500000000067));
#9058=CARTESIAN_POINT('Ctrl Pts',(85.11913283765,-285.723280366676,-23.1700000000067));
#9059=CARTESIAN_POINT('Ctrl Pts',(85.1191328376501,-285.513728317039,-23.6500000000067));
#9060=CARTESIAN_POINT('Ctrl Pts',(85.1191328376501,-285.513728317039,-23.1700000000067));
#9061=CARTESIAN_POINT('',(85.1561139434545,-285.815730747001,-23.6500000000067));
#9062=CARTESIAN_POINT('Ctrl Pts',(85.1561139434545,-285.815730747001,-23.6500000000067));
#9063=CARTESIAN_POINT('Ctrl Pts',(85.11913283765,-285.723280366676,-23.6500000000067));
#9064=CARTESIAN_POINT('Ctrl Pts',(85.1191328376501,-285.513728317039,-23.6500000000067));
#9065=CARTESIAN_POINT('',(85.1561139434545,-285.815730747001,-23.2500000000067));
#9066=CARTESIAN_POINT('',(85.1561139434545,-285.815730747001,-23.6500000000067));
#9067=CARTESIAN_POINT('Ctrl Pts',(85.1561139434545,-285.815730747001,-23.2500000000067));
#9068=CARTESIAN_POINT('Ctrl Pts',(85.11913283765,-285.723280366676,-23.2500000000067));
#9069=CARTESIAN_POINT('Ctrl Pts',(85.1191328376501,-285.513728317039,-23.2500000000067));
#9070=CARTESIAN_POINT('Ctrl Pts',(85.3071139663426,-285.94207828881,-23.6500000000067));
#9071=CARTESIAN_POINT('Ctrl Pts',(85.3071139663426,-285.94207828881,-23.1700000000067));
#9072=CARTESIAN_POINT('Ctrl Pts',(85.1930926650731,-285.908179935234,-23.6500000000067));
#9073=CARTESIAN_POINT('Ctrl Pts',(85.1930926650731,-285.908179935234,-23.1700000000067));
#9074=CARTESIAN_POINT('Ctrl Pts',(85.1561139434545,-285.815730747001,-23.6500000000067));
#9075=CARTESIAN_POINT('Ctrl Pts',(85.1561139434545,-285.815730747001,-23.1700000000067));
#9076=CARTESIAN_POINT('',(85.3071139663426,-285.94207828881,-23.6500000000067));
#9077=CARTESIAN_POINT('Ctrl Pts',(85.3071139663426,-285.94207828881,-23.6500000000067));
#9078=CARTESIAN_POINT('Ctrl Pts',(85.1930926650731,-285.908179935234,-23.6500000000067));
#9079=CARTESIAN_POINT('Ctrl Pts',(85.1561139434545,-285.815730747001,-23.6500000000067));
#9080=CARTESIAN_POINT('',(85.3071139663426,-285.94207828881,-23.2500000000067));
#9081=CARTESIAN_POINT('',(85.3071139663426,-285.94207828881,-23.6500000000067));
#9082=CARTESIAN_POINT('Ctrl Pts',(85.3071139663426,-285.94207828881,-23.2500000000067));
#9083=CARTESIAN_POINT('Ctrl Pts',(85.1930926650731,-285.908179935234,-23.2500000000067));
#9084=CARTESIAN_POINT('Ctrl Pts',(85.1561139434545,-285.815730747001,-23.2500000000067));
#9085=CARTESIAN_POINT('Ctrl Pts',(85.6861589759556,-285.975976642387,-23.6500000000068));
#9086=CARTESIAN_POINT('Ctrl Pts',(85.6861589759556,-285.975976642387,-23.1700000000067));
#9087=CARTESIAN_POINT('Ctrl Pts',(85.421136459705,-285.975976642387,-23.6500000000068));
#9088=CARTESIAN_POINT('Ctrl Pts',(85.421136459705,-285.975976642387,-23.1700000000067));
#9089=CARTESIAN_POINT('Ctrl Pts',(85.3071139663426,-285.94207828881,-23.6500000000067));
#9090=CARTESIAN_POINT('Ctrl Pts',(85.3071139663426,-285.94207828881,-23.1700000000066));
#9091=CARTESIAN_POINT('',(85.6861589759556,-285.975976642387,-23.6500000000068));
#9092=CARTESIAN_POINT('Ctrl Pts',(85.6861589759556,-285.975976642387,-23.6500000000068));
#9093=CARTESIAN_POINT('Ctrl Pts',(85.421136459705,-285.975976642387,-23.6500000000068));
#9094=CARTESIAN_POINT('Ctrl Pts',(85.3071139663426,-285.94207828881,-23.6500000000067));
#9095=CARTESIAN_POINT('',(85.6861589759556,-285.975976642387,-23.2500000000068));
#9096=CARTESIAN_POINT('',(85.6861589759556,-285.975976642387,-23.6500000000068));
#9097=CARTESIAN_POINT('Ctrl Pts',(85.6861589759556,-285.975976642387,-23.2500000000068));
#9098=CARTESIAN_POINT('Ctrl Pts',(85.421136459705,-285.975976642387,-23.2500000000068));
#9099=CARTESIAN_POINT('Ctrl Pts',(85.3071139663426,-285.94207828881,-23.2500000000067));
#9100=CARTESIAN_POINT('Ctrl Pts',(86.0559581130711,-285.942078288811,-23.6500000000068));
#9101=CARTESIAN_POINT('Ctrl Pts',(86.0559581130711,-285.942078288811,-23.1700000000068));
#9102=CARTESIAN_POINT('Ctrl Pts',(85.9450195640294,-285.975976642387,-23.6500000000068));
#9103=CARTESIAN_POINT('Ctrl Pts',(85.9450195640294,-285.975976642387,-23.1700000000068));
#9104=CARTESIAN_POINT('Ctrl Pts',(85.6861589759556,-285.975976642387,-23.6500000000068));
#9105=CARTESIAN_POINT('Ctrl Pts',(85.6861589759556,-285.975976642387,-23.1700000000068));
#9106=CARTESIAN_POINT('',(86.0559581130711,-285.942078288811,-23.6500000000068));
#9107=CARTESIAN_POINT('Ctrl Pts',(86.0559581130711,-285.942078288811,-23.6500000000068));
#9108=CARTESIAN_POINT('Ctrl Pts',(85.9450195640294,-285.975976642387,-23.6500000000068));
#9109=CARTESIAN_POINT('Ctrl Pts',(85.6861589759556,-285.975976642387,-23.6500000000068));
#9110=CARTESIAN_POINT('',(86.0559581130711,-285.942078288811,-23.2500000000068));
#9111=CARTESIAN_POINT('',(86.0559581130711,-285.942078288811,-23.6500000000068));
#9112=CARTESIAN_POINT('Ctrl Pts',(86.0559581130711,-285.942078288811,-23.2500000000068));
#9113=CARTESIAN_POINT('Ctrl Pts',(85.9450195640294,-285.975976642387,-23.2500000000068));
#9114=CARTESIAN_POINT('Ctrl Pts',(85.6861589759556,-285.975976642387,-23.2500000000068));
#9115=CARTESIAN_POINT('Ctrl Pts',(86.2038789600103,-285.815730747002,-23.6500000000068));
#9116=CARTESIAN_POINT('Ctrl Pts',(86.2038789600103,-285.815730747002,-23.1700000000068));
#9117=CARTESIAN_POINT('Ctrl Pts',(86.1668990462987,-285.908179935234,-23.6500000000068));
#9118=CARTESIAN_POINT('Ctrl Pts',(86.1668990462987,-285.908179935234,-23.1700000000068));
#9119=CARTESIAN_POINT('Ctrl Pts',(86.0559581130711,-285.942078288811,-23.6500000000068));
#9120=CARTESIAN_POINT('Ctrl Pts',(86.0559581130711,-285.942078288811,-23.1700000000068));
#9121=CARTESIAN_POINT('',(86.2038789600103,-285.815730747002,-23.6500000000068));
#9122=CARTESIAN_POINT('Ctrl Pts',(86.2038789600103,-285.815730747002,-23.6500000000068));
#9123=CARTESIAN_POINT('Ctrl Pts',(86.1668990462987,-285.908179935234,-23.6500000000068));
#9124=CARTESIAN_POINT('Ctrl Pts',(86.0559581130711,-285.942078288811,-23.6500000000068));
#9125=CARTESIAN_POINT('',(86.2038789600103,-285.815730747002,-23.2500000000068));
#9126=CARTESIAN_POINT('',(86.2038789600103,-285.815730747002,-23.6500000000068));
#9127=CARTESIAN_POINT('Ctrl Pts',(86.2038789600103,-285.815730747002,-23.2500000000068));
#9128=CARTESIAN_POINT('Ctrl Pts',(86.1668990462987,-285.908179935234,-23.2500000000068));
#9129=CARTESIAN_POINT('Ctrl Pts',(86.0559581130711,-285.942078288811,-23.2500000000068));
#9130=CARTESIAN_POINT('Ctrl Pts',(86.2408588737219,-285.513728317039,-23.6500000000068));
#9131=CARTESIAN_POINT('Ctrl Pts',(86.2408588737219,-285.513728317039,-23.1700000000068));
#9132=CARTESIAN_POINT('Ctrl Pts',(86.2408588737218,-285.723280366676,-23.6500000000068));
#9133=CARTESIAN_POINT('Ctrl Pts',(86.2408588737218,-285.723280366676,-23.1700000000068));
#9134=CARTESIAN_POINT('Ctrl Pts',(86.2038789600103,-285.815730747002,-23.6500000000068));
#9135=CARTESIAN_POINT('Ctrl Pts',(86.2038789600103,-285.815730747002,-23.1700000000068));
#9136=CARTESIAN_POINT('',(86.2408588737219,-285.513728317039,-23.6500000000068));
#9137=CARTESIAN_POINT('Ctrl Pts',(86.2408588737219,-285.513728317039,-23.6500000000068));
#9138=CARTESIAN_POINT('Ctrl Pts',(86.2408588737218,-285.723280366676,-23.6500000000068));
#9139=CARTESIAN_POINT('Ctrl Pts',(86.2038789600103,-285.815730747002,-23.6500000000068));
#9140=CARTESIAN_POINT('',(86.2408588737219,-285.513728317039,-23.2500000000068));
#9141=CARTESIAN_POINT('',(86.2408588737219,-285.513728317039,-23.6500000000068));
#9142=CARTESIAN_POINT('Ctrl Pts',(86.2408588737219,-285.513728317039,-23.2500000000068));
#9143=CARTESIAN_POINT('Ctrl Pts',(86.2408588737218,-285.723280366676,-23.2500000000068));
#9144=CARTESIAN_POINT('Ctrl Pts',(86.2038789600103,-285.815730747002,-23.2500000000068));
#9145=CARTESIAN_POINT('Origin',(86.2408588737225,-283.473666366356,-23.6500000000067));
#9146=CARTESIAN_POINT('',(86.2408588737225,-283.473666366356,-23.6500000000067));
#9147=CARTESIAN_POINT('',(86.2408588737216,-286.449783065331,-23.6500000000064));
#9148=CARTESIAN_POINT('',(86.2408588737225,-283.473666366356,-23.2500000000067));
#9149=CARTESIAN_POINT('',(86.2408588737225,-283.473666366356,-23.6500000000067));
#9150=CARTESIAN_POINT('',(86.2408588737225,-283.473666366356,-23.2500000000067));
#9151=CARTESIAN_POINT('Ctrl Pts',(86.203878960011,-283.171662744301,-23.6500000000067));
#9152=CARTESIAN_POINT('Ctrl Pts',(86.203878960011,-283.171662744301,-23.1700000000067));
#9153=CARTESIAN_POINT('Ctrl Pts',(86.2408588737225,-283.264113124626,-23.6500000000067));
#9154=CARTESIAN_POINT('Ctrl Pts',(86.2408588737225,-283.264113124626,-23.1700000000067));
#9155=CARTESIAN_POINT('Ctrl Pts',(86.2408588737225,-283.473666366356,-23.6500000000067));
#9156=CARTESIAN_POINT('Ctrl Pts',(86.2408588737225,-283.473666366356,-23.1700000000067));
#9157=CARTESIAN_POINT('',(86.203878960011,-283.171662744301,-23.6500000000067));
#9158=CARTESIAN_POINT('Ctrl Pts',(86.203878960011,-283.171662744301,-23.6500000000067));
#9159=CARTESIAN_POINT('Ctrl Pts',(86.2408588737225,-283.264113124626,-23.6500000000067));
#9160=CARTESIAN_POINT('Ctrl Pts',(86.2408588737225,-283.473666366356,-23.6500000000067));
#9161=CARTESIAN_POINT('',(86.203878960011,-283.171662744301,-23.2500000000067));
#9162=CARTESIAN_POINT('',(86.203878960011,-283.171662744301,-23.6500000000067));
#9163=CARTESIAN_POINT('Ctrl Pts',(86.203878960011,-283.171662744301,-23.2500000000067));
#9164=CARTESIAN_POINT('Ctrl Pts',(86.2408588737225,-283.264113124626,-23.2500000000067));
#9165=CARTESIAN_POINT('Ctrl Pts',(86.2408588737225,-283.473666366356,-23.2500000000067));
#9166=CARTESIAN_POINT('Ctrl Pts',(86.055958113072,-283.045315202492,-23.6500000000067));
#9167=CARTESIAN_POINT('Ctrl Pts',(86.055958113072,-283.045315202492,-23.1700000000067));
#9168=CARTESIAN_POINT('Ctrl Pts',(86.1668990462995,-283.079213556068,-23.6500000000067));
#9169=CARTESIAN_POINT('Ctrl Pts',(86.1668990462995,-283.079213556068,-23.1700000000067));
#9170=CARTESIAN_POINT('Ctrl Pts',(86.203878960011,-283.171662744301,-23.6500000000067));
#9171=CARTESIAN_POINT('Ctrl Pts',(86.203878960011,-283.171662744301,-23.1700000000067));
#9172=CARTESIAN_POINT('',(86.055958113072,-283.045315202492,-23.6500000000067));
#9173=CARTESIAN_POINT('Ctrl Pts',(86.055958113072,-283.045315202492,-23.6500000000067));
#9174=CARTESIAN_POINT('Ctrl Pts',(86.1668990462995,-283.079213556068,-23.6500000000067));
#9175=CARTESIAN_POINT('Ctrl Pts',(86.203878960011,-283.171662744301,-23.6500000000067));
#9176=CARTESIAN_POINT('',(86.055958113072,-283.045315202492,-23.2500000000067));
#9177=CARTESIAN_POINT('',(86.055958113072,-283.045315202492,-23.6500000000067));
#9178=CARTESIAN_POINT('Ctrl Pts',(86.055958113072,-283.045315202492,-23.2500000000067));
#9179=CARTESIAN_POINT('Ctrl Pts',(86.1668990462995,-283.079213556068,-23.2500000000067));
#9180=CARTESIAN_POINT('Ctrl Pts',(86.203878960011,-283.171662744301,-23.2500000000067));
#9181=CARTESIAN_POINT('Ctrl Pts',(85.6861589759565,-283.011416848915,-23.6500000000067));
#9182=CARTESIAN_POINT('Ctrl Pts',(85.6861589759565,-283.011416848915,-23.1700000000067));
#9183=CARTESIAN_POINT('Ctrl Pts',(85.9450195640302,-283.011416848915,-23.6500000000067));
#9184=CARTESIAN_POINT('Ctrl Pts',(85.9450195640302,-283.011416848915,-23.1700000000067));
#9185=CARTESIAN_POINT('Ctrl Pts',(86.055958113072,-283.045315202492,-23.6500000000067));
#9186=CARTESIAN_POINT('Ctrl Pts',(86.055958113072,-283.045315202492,-23.1700000000067));
#9187=CARTESIAN_POINT('',(85.6861589759565,-283.011416848915,-23.6500000000067));
#9188=CARTESIAN_POINT('Ctrl Pts',(85.6861589759565,-283.011416848915,-23.6500000000067));
#9189=CARTESIAN_POINT('Ctrl Pts',(85.9450195640302,-283.011416848915,-23.6500000000067));
#9190=CARTESIAN_POINT('Ctrl Pts',(86.055958113072,-283.045315202492,-23.6500000000067));
#9191=CARTESIAN_POINT('',(85.6861589759565,-283.011416848915,-23.2500000000067));
#9192=CARTESIAN_POINT('',(85.6861589759565,-283.011416848915,-23.6500000000067));
#9193=CARTESIAN_POINT('Ctrl Pts',(85.6861589759565,-283.011416848915,-23.2500000000067));
#9194=CARTESIAN_POINT('Ctrl Pts',(85.9450195640302,-283.011416848915,-23.2500000000067));
#9195=CARTESIAN_POINT('Ctrl Pts',(86.055958113072,-283.045315202492,-23.2500000000067));
#9196=CARTESIAN_POINT('Ctrl Pts',(85.3071139663435,-283.045315202491,-23.6500000000067));
#9197=CARTESIAN_POINT('Ctrl Pts',(85.3071139663435,-283.045315202491,-23.1700000000067));
#9198=CARTESIAN_POINT('Ctrl Pts',(85.4211364597059,-283.011416848915,-23.6500000000067));
#9199=CARTESIAN_POINT('Ctrl Pts',(85.4211364597059,-283.011416848915,-23.1700000000067));
#9200=CARTESIAN_POINT('Ctrl Pts',(85.6861589759565,-283.011416848915,-23.6500000000067));
#9201=CARTESIAN_POINT('Ctrl Pts',(85.6861589759565,-283.011416848915,-23.1700000000067));
#9202=CARTESIAN_POINT('Ctrl Pts',(85.3071139663435,-283.045315202491,-23.6500000000067));
#9203=CARTESIAN_POINT('Ctrl Pts',(85.4211364597059,-283.011416848915,-23.6500000000067));
#9204=CARTESIAN_POINT('Ctrl Pts',(85.6861589759565,-283.011416848915,-23.6500000000067));
#9205=CARTESIAN_POINT('Ctrl Pts',(85.3071139663435,-283.045315202491,-23.2500000000067));
#9206=CARTESIAN_POINT('Ctrl Pts',(85.4211364597059,-283.011416848915,-23.2500000000067));
#9207=CARTESIAN_POINT('Ctrl Pts',(85.6861589759565,-283.011416848915,-23.2500000000067));
#9208=CARTESIAN_POINT('Ctrl Pts',(86.5027998298385,-282.530676778572,-23.6500000000067));
#9209=CARTESIAN_POINT('Ctrl Pts',(86.5027998298385,-282.530676778572,-23.1700000000067));
#9210=CARTESIAN_POINT('Ctrl Pts',(86.2901662200667,-282.462880071419,-23.6500000000067));
#9211=CARTESIAN_POINT('Ctrl Pts',(86.2901662200667,-282.462880071419,-23.1700000000067));
#9212=CARTESIAN_POINT('Ctrl Pts',(86.0991023391463,-282.450553830879,-23.6500000000067));
#9213=CARTESIAN_POINT('Ctrl Pts',(86.0991023391463,-282.450553830879,-23.1700000000067));
#9214=CARTESIAN_POINT('',(86.5027998298385,-282.530676778572,-23.6500000000067));
#9215=CARTESIAN_POINT('',(86.0991023391463,-282.450553830879,-23.6500000000067));
#9216=CARTESIAN_POINT('Ctrl Pts',(86.5027998298385,-282.530676778572,-23.6500000000067));
#9217=CARTESIAN_POINT('Ctrl Pts',(86.2901662200667,-282.462880071419,-23.6500000000067));
#9218=CARTESIAN_POINT('Ctrl Pts',(86.0991023391463,-282.450553830879,-23.6500000000067));
#9219=CARTESIAN_POINT('',(86.5027998298385,-282.530676778572,-23.2500000000067));
#9220=CARTESIAN_POINT('',(86.5027998298385,-282.530676778572,-23.6500000000067));
#9221=CARTESIAN_POINT('',(86.0991023391463,-282.450553830879,-23.2500000000067));
#9222=CARTESIAN_POINT('Ctrl Pts',(86.5027998298385,-282.530676778572,-23.2500000000067));
#9223=CARTESIAN_POINT('Ctrl Pts',(86.2901662200667,-282.462880071419,-23.2500000000067));
#9224=CARTESIAN_POINT('Ctrl Pts',(86.0991023391463,-282.450553830879,-23.2500000000067));
#9225=CARTESIAN_POINT('',(86.0991023391463,-282.450553830879,-23.6500000000067));
#9226=CARTESIAN_POINT('Ctrl Pts',(86.838702997563,-282.70325010659,-23.6500000000067));
#9227=CARTESIAN_POINT('Ctrl Pts',(86.838702997563,-282.70325010659,-23.1700000000067));
#9228=CARTESIAN_POINT('Ctrl Pts',(86.715435823796,-282.598473485725,-23.6500000000067));
#9229=CARTESIAN_POINT('Ctrl Pts',(86.715435823796,-282.598473485725,-23.1700000000067));
#9230=CARTESIAN_POINT('Ctrl Pts',(86.5027998298385,-282.530676778572,-23.6500000000067));
#9231=CARTESIAN_POINT('Ctrl Pts',(86.5027998298385,-282.530676778572,-23.1700000000067));
#9232=CARTESIAN_POINT('',(86.838702997563,-282.70325010659,-23.6500000000067));
#9233=CARTESIAN_POINT('Ctrl Pts',(86.838702997563,-282.70325010659,-23.6500000000067));
#9234=CARTESIAN_POINT('Ctrl Pts',(86.715435823796,-282.598473485725,-23.6500000000067));
#9235=CARTESIAN_POINT('Ctrl Pts',(86.5027998298385,-282.530676778572,-23.6500000000067));
#9236=CARTESIAN_POINT('',(86.838702997563,-282.70325010659,-23.2500000000067));
#9237=CARTESIAN_POINT('',(86.838702997563,-282.70325010659,-23.6500000000067));
#9238=CARTESIAN_POINT('Ctrl Pts',(86.838702997563,-282.70325010659,-23.2500000000067));
#9239=CARTESIAN_POINT('Ctrl Pts',(86.715435823796,-282.598473485725,-23.2500000000067));
#9240=CARTESIAN_POINT('Ctrl Pts',(86.5027998298385,-282.530676778572,-23.2500000000067));
#9241=CARTESIAN_POINT('Ctrl Pts',(87.0636628478742,-283.036069329994,-23.6500000000067));
#9242=CARTESIAN_POINT('Ctrl Pts',(87.0636628478742,-283.036069329994,-23.1700000000067));
#9243=CARTESIAN_POINT('Ctrl Pts',(86.9742940276838,-282.820352967995,-23.6500000000067));
#9244=CARTESIAN_POINT('Ctrl Pts',(86.9742940276838,-282.820352967995,-23.1700000000067));
#9245=CARTESIAN_POINT('Ctrl Pts',(86.838702997563,-282.70325010659,-23.6500000000067));
#9246=CARTESIAN_POINT('Ctrl Pts',(86.838702997563,-282.70325010659,-23.1700000000067));
#9247=CARTESIAN_POINT('',(87.0636628478742,-283.036069329994,-23.6500000000067));
#9248=CARTESIAN_POINT('Ctrl Pts',(87.0636628478742,-283.036069329994,-23.6500000000067));
#9249=CARTESIAN_POINT('Ctrl Pts',(86.9742940276838,-282.820352967995,-23.6500000000067));
#9250=CARTESIAN_POINT('Ctrl Pts',(86.838702997563,-282.70325010659,-23.6500000000067));
#9251=CARTESIAN_POINT('',(87.0636628478742,-283.036069329994,-23.2500000000067));
#9252=CARTESIAN_POINT('',(87.0636628478742,-283.036069329994,-23.6500000000067));
#9253=CARTESIAN_POINT('Ctrl Pts',(87.0636628478742,-283.036069329994,-23.2500000000067));
#9254=CARTESIAN_POINT('Ctrl Pts',(86.9742940276838,-282.820352967995,-23.2500000000067));
#9255=CARTESIAN_POINT('Ctrl Pts',(86.838702997563,-282.70325010659,-23.2500000000067));
#9256=CARTESIAN_POINT('Ctrl Pts',(87.1530316680645,-283.535298761147,-23.6500000000067));
#9257=CARTESIAN_POINT('Ctrl Pts',(87.1530316680645,-283.535298761147,-23.1700000000067));
#9258=CARTESIAN_POINT('Ctrl Pts',(87.1530316680646,-283.251785691994,-23.6500000000067));
#9259=CARTESIAN_POINT('Ctrl Pts',(87.1530316680646,-283.251785691994,-23.1700000000067));
#9260=CARTESIAN_POINT('Ctrl Pts',(87.0636628478742,-283.036069329994,-23.6500000000067));
#9261=CARTESIAN_POINT('Ctrl Pts',(87.0636628478742,-283.036069329994,-23.1700000000067));
#9262=CARTESIAN_POINT('',(87.1530316680645,-283.535298761147,-23.6500000000067));
#9263=CARTESIAN_POINT('Ctrl Pts',(87.1530316680645,-283.535298761147,-23.6500000000067));
#9264=CARTESIAN_POINT('Ctrl Pts',(87.1530316680646,-283.251785691994,-23.6500000000067));
#9265=CARTESIAN_POINT('Ctrl Pts',(87.0636628478742,-283.036069329994,-23.6500000000067));
#9266=CARTESIAN_POINT('',(87.1530316680645,-283.535298761147,-23.2500000000067));
#9267=CARTESIAN_POINT('',(87.1530316680645,-283.535298761147,-23.6500000000067));
#9268=CARTESIAN_POINT('Ctrl Pts',(87.1530316680645,-283.535298761147,-23.2500000000067));
#9269=CARTESIAN_POINT('Ctrl Pts',(87.1530316680646,-283.251785691994,-23.2500000000067));
#9270=CARTESIAN_POINT('Ctrl Pts',(87.0636628478742,-283.036069329994,-23.2500000000067));
#9271=CARTESIAN_POINT('Origin',(87.153031668064,-285.452094730156,-23.6500000000068));
#9272=CARTESIAN_POINT('',(87.153031668064,-285.452094730156,-23.6500000000068));
#9273=CARTESIAN_POINT('',(87.1530316680634,-287.438997247232,-23.6500000000064));
#9274=CARTESIAN_POINT('',(87.153031668064,-285.452094730156,-23.2500000000068));
#9275=CARTESIAN_POINT('',(87.153031668064,-285.452094730156,-23.6500000000068));
#9276=CARTESIAN_POINT('',(87.153031668064,-285.452094730156,-23.2500000000068));
#9277=CARTESIAN_POINT('Ctrl Pts',(87.0605824798314,-285.963650401848,-23.6500000000068));
#9278=CARTESIAN_POINT('Ctrl Pts',(87.0605824798314,-285.963650401848,-23.1700000000068));
#9279=CARTESIAN_POINT('Ctrl Pts',(87.1530316680639,-285.754097160118,-23.6500000000068));
#9280=CARTESIAN_POINT('Ctrl Pts',(87.1530316680639,-285.754097160118,-23.1700000000068));
#9281=CARTESIAN_POINT('Ctrl Pts',(87.153031668064,-285.452094730156,-23.6500000000068));
#9282=CARTESIAN_POINT('Ctrl Pts',(87.153031668064,-285.452094730156,-23.1700000000068));
#9283=CARTESIAN_POINT('',(87.0605824798314,-285.963650401848,-23.6500000000068));
#9284=CARTESIAN_POINT('Ctrl Pts',(87.0605824798314,-285.963650401848,-23.6500000000068));
#9285=CARTESIAN_POINT('Ctrl Pts',(87.1530316680639,-285.754097160118,-23.6500000000068));
#9286=CARTESIAN_POINT('Ctrl Pts',(87.153031668064,-285.452094730156,-23.6500000000068));
#9287=CARTESIAN_POINT('',(87.0605824798314,-285.963650401848,-23.2500000000068));
#9288=CARTESIAN_POINT('',(87.0605824798314,-285.963650401848,-23.6500000000068));
#9289=CARTESIAN_POINT('Ctrl Pts',(87.0605824798314,-285.963650401848,-23.2500000000068));
#9290=CARTESIAN_POINT('Ctrl Pts',(87.1530316680639,-285.754097160118,-23.2500000000068));
#9291=CARTESIAN_POINT('Ctrl Pts',(87.153031668064,-285.452094730156,-23.2500000000068));
#9292=CARTESIAN_POINT('Ctrl Pts',(86.838702997562,-286.284143384712,-23.6500000000068));
#9293=CARTESIAN_POINT('Ctrl Pts',(86.838702997562,-286.284143384712,-23.1700000000068));
#9294=CARTESIAN_POINT('Ctrl Pts',(86.9681309074131,-286.173203643578,-23.6500000000068));
#9295=CARTESIAN_POINT('Ctrl Pts',(86.9681309074131,-286.173203643578,-23.1700000000068));
#9296=CARTESIAN_POINT('Ctrl Pts',(87.0605824798314,-285.963650401848,-23.6500000000068));
#9297=CARTESIAN_POINT('Ctrl Pts',(87.0605824798314,-285.963650401848,-23.1700000000068));
#9298=CARTESIAN_POINT('',(86.838702997562,-286.284143384712,-23.6500000000068));
#9299=CARTESIAN_POINT('Ctrl Pts',(86.838702997562,-286.284143384712,-23.6500000000068));
#9300=CARTESIAN_POINT('Ctrl Pts',(86.9681309074131,-286.173203643578,-23.6500000000068));
#9301=CARTESIAN_POINT('Ctrl Pts',(87.0605824798314,-285.963650401848,-23.6500000000068));
#9302=CARTESIAN_POINT('',(86.838702997562,-286.284143384712,-23.2500000000068));
#9303=CARTESIAN_POINT('',(86.838702997562,-286.284143384712,-23.6500000000068));
#9304=CARTESIAN_POINT('Ctrl Pts',(86.838702997562,-286.284143384712,-23.2500000000068));
#9305=CARTESIAN_POINT('Ctrl Pts',(86.9681309074131,-286.173203643578,-23.2500000000068));
#9306=CARTESIAN_POINT('Ctrl Pts',(87.0605824798314,-285.963650401848,-23.2500000000068));
#9307=CARTESIAN_POINT('Ctrl Pts',(86.4873920291629,-286.462879833,-23.6500000000068));
#9308=CARTESIAN_POINT('Ctrl Pts',(86.4873920291629,-286.462879833,-23.1700000000068));
#9309=CARTESIAN_POINT('Ctrl Pts',(86.7092727035251,-286.395083125847,-23.6500000000068));
#9310=CARTESIAN_POINT('Ctrl Pts',(86.7092727035251,-286.395083125847,-23.1700000000068));
#9311=CARTESIAN_POINT('Ctrl Pts',(86.838702997562,-286.284143384712,-23.6500000000068));
#9312=CARTESIAN_POINT('Ctrl Pts',(86.838702997562,-286.284143384712,-23.1700000000068));
#9313=CARTESIAN_POINT('',(86.4873920291629,-286.462879833,-23.6500000000068));
#9314=CARTESIAN_POINT('Ctrl Pts',(86.4873920291629,-286.462879833,-23.6500000000068));
#9315=CARTESIAN_POINT('Ctrl Pts',(86.7092727035251,-286.395083125847,-23.6500000000068));
#9316=CARTESIAN_POINT('Ctrl Pts',(86.838702997562,-286.284143384712,-23.6500000000068));
#9317=CARTESIAN_POINT('',(86.4873920291629,-286.462879833,-23.2500000000068));
#9318=CARTESIAN_POINT('',(86.4873920291629,-286.462879833,-23.6500000000068));
#9319=CARTESIAN_POINT('Ctrl Pts',(86.4873920291629,-286.462879833,-23.2500000000068));
#9320=CARTESIAN_POINT('Ctrl Pts',(86.7092727035251,-286.395083125847,-23.2500000000068));
#9321=CARTESIAN_POINT('Ctrl Pts',(86.838702997562,-286.284143384712,-23.2500000000068));
#9322=CARTESIAN_POINT('Ctrl Pts',(86.1175916999545,-286.539922412651,-23.6500000000068));
#9323=CARTESIAN_POINT('Ctrl Pts',(86.1175916999545,-286.539922412651,-23.1700000000068));
#9324=CARTESIAN_POINT('Ctrl Pts',(86.2840030997958,-286.524513419884,-23.6500000000068));
#9325=CARTESIAN_POINT('Ctrl Pts',(86.2840030997958,-286.524513419884,-23.1700000000068));
#9326=CARTESIAN_POINT('Ctrl Pts',(86.4873920291629,-286.462879833,-23.6500000000068));
#9327=CARTESIAN_POINT('Ctrl Pts',(86.4873920291629,-286.462879833,-23.1700000000068));
#9328=CARTESIAN_POINT('',(86.1175916999545,-286.539922412651,-23.6500000000068));
#9329=CARTESIAN_POINT('Ctrl Pts',(86.1175916999545,-286.539922412651,-23.6500000000068));
#9330=CARTESIAN_POINT('Ctrl Pts',(86.2840030997958,-286.524513419884,-23.6500000000068));
#9331=CARTESIAN_POINT('Ctrl Pts',(86.4873920291629,-286.462879833,-23.6500000000068));
#9332=CARTESIAN_POINT('',(86.1175916999545,-286.539922412651,-23.2500000000068));
#9333=CARTESIAN_POINT('',(86.1175916999545,-286.539922412651,-23.6500000000068));
#9334=CARTESIAN_POINT('Ctrl Pts',(86.1175916999545,-286.539922412651,-23.2500000000068));
#9335=CARTESIAN_POINT('Ctrl Pts',(86.2840030997958,-286.524513419884,-23.2500000000068));
#9336=CARTESIAN_POINT('Ctrl Pts',(86.4873920291629,-286.462879833,-23.2500000000068));
#9337=CARTESIAN_POINT('Ctrl Pts',(85.6738327354159,-286.555330213325,-23.6500000000068));
#9338=CARTESIAN_POINT('Ctrl Pts',(85.6738327354159,-286.555330213325,-23.1700000000068));
#9339=CARTESIAN_POINT('Ctrl Pts',(85.951182684299,-286.555330213325,-23.6500000000068));
#9340=CARTESIAN_POINT('Ctrl Pts',(85.951182684299,-286.555330213325,-23.1700000000068));
#9341=CARTESIAN_POINT('Ctrl Pts',(86.1175916999545,-286.539922412651,-23.6500000000068));
#9342=CARTESIAN_POINT('Ctrl Pts',(86.1175916999545,-286.539922412651,-23.1700000000068));
#9343=CARTESIAN_POINT('',(85.6738327354159,-286.555330213325,-23.6500000000068));
#9344=CARTESIAN_POINT('Ctrl Pts',(85.6738327354159,-286.555330213325,-23.6500000000068));
#9345=CARTESIAN_POINT('Ctrl Pts',(85.951182684299,-286.555330213325,-23.6500000000068));
#9346=CARTESIAN_POINT('Ctrl Pts',(86.1175916999545,-286.539922412651,-23.6500000000068));
#9347=CARTESIAN_POINT('',(85.6738327354159,-286.555330213325,-23.2500000000068));
#9348=CARTESIAN_POINT('',(85.6738327354159,-286.555330213325,-23.6500000000068));
#9349=CARTESIAN_POINT('Ctrl Pts',(85.6738327354159,-286.555330213325,-23.2500000000068));
#9350=CARTESIAN_POINT('Ctrl Pts',(85.951182684299,-286.555330213325,-23.2500000000068));
#9351=CARTESIAN_POINT('Ctrl Pts',(86.1175916999545,-286.539922412651,-23.2500000000068));
#9352=CARTESIAN_POINT('Ctrl Pts',(85.2424000114169,-286.543002780693,-23.6500000000068));
#9353=CARTESIAN_POINT('Ctrl Pts',(85.2424000114169,-286.543002780693,-23.1700000000068));
#9354=CARTESIAN_POINT('Ctrl Pts',(85.4766057342258,-286.555330213325,-23.6500000000068));
#9355=CARTESIAN_POINT('Ctrl Pts',(85.4766057342258,-286.555330213325,-23.1700000000068));
#9356=CARTESIAN_POINT('Ctrl Pts',(85.6738327354159,-286.555330213325,-23.6500000000068));
#9357=CARTESIAN_POINT('Ctrl Pts',(85.6738327354159,-286.555330213325,-23.1700000000068));
#9358=CARTESIAN_POINT('',(85.2424000114169,-286.543002780693,-23.6500000000068));
#9359=CARTESIAN_POINT('Ctrl Pts',(85.2424000114169,-286.543002780693,-23.6500000000068));
#9360=CARTESIAN_POINT('Ctrl Pts',(85.4766057342258,-286.555330213325,-23.6500000000068));
#9361=CARTESIAN_POINT('Ctrl Pts',(85.6738327354159,-286.555330213325,-23.6500000000068));
#9362=CARTESIAN_POINT('',(85.2424000114169,-286.543002780693,-23.2500000000068));
#9363=CARTESIAN_POINT('',(85.2424000114169,-286.543002780693,-23.6500000000068));
#9364=CARTESIAN_POINT('Ctrl Pts',(85.2424000114169,-286.543002780693,-23.2500000000068));
#9365=CARTESIAN_POINT('Ctrl Pts',(85.4766057342258,-286.555330213325,-23.2500000000068));
#9366=CARTESIAN_POINT('Ctrl Pts',(85.6738327354159,-286.555330213325,-23.2500000000068));
#9367=CARTESIAN_POINT('Ctrl Pts',(84.835619768497,-286.459798272865,-23.6500000000068));
#9368=CARTESIAN_POINT('Ctrl Pts',(84.835619768497,-286.459798272865,-23.1700000000068));
#9369=CARTESIAN_POINT('Ctrl Pts',(85.039009889957,-286.524513419883,-23.6500000000068));
#9370=CARTESIAN_POINT('Ctrl Pts',(85.039009889957,-286.524513419883,-23.1700000000068));
#9371=CARTESIAN_POINT('Ctrl Pts',(85.2424000114169,-286.543002780693,-23.6500000000068));
#9372=CARTESIAN_POINT('Ctrl Pts',(85.2424000114169,-286.543002780693,-23.1700000000068));
#9373=CARTESIAN_POINT('',(84.835619768497,-286.459798272865,-23.6500000000068));
#9374=CARTESIAN_POINT('Ctrl Pts',(84.835619768497,-286.459798272865,-23.6500000000068));
#9375=CARTESIAN_POINT('Ctrl Pts',(85.039009889957,-286.524513419883,-23.6500000000068));
#9376=CARTESIAN_POINT('Ctrl Pts',(85.2424000114169,-286.543002780693,-23.6500000000068));
#9377=CARTESIAN_POINT('',(84.835619768497,-286.459798272865,-23.2500000000068));
#9378=CARTESIAN_POINT('',(84.835619768497,-286.459798272865,-23.6500000000068));
#9379=CARTESIAN_POINT('Ctrl Pts',(84.835619768497,-286.459798272865,-23.2500000000068));
#9380=CARTESIAN_POINT('Ctrl Pts',(85.039009889957,-286.524513419883,-23.2500000000068));
#9381=CARTESIAN_POINT('Ctrl Pts',(85.2424000114169,-286.543002780693,-23.2500000000068));
#9382=CARTESIAN_POINT('Ctrl Pts',(84.5151267856327,-286.290306504981,-23.6500000000067));
#9383=CARTESIAN_POINT('Ctrl Pts',(84.5151267856327,-286.290306504981,-23.1700000000067));
#9384=CARTESIAN_POINT('Ctrl Pts',(84.6322296470371,-286.395083125846,-23.6500000000067));
#9385=CARTESIAN_POINT('Ctrl Pts',(84.6322296470371,-286.395083125846,-23.1700000000067));
#9386=CARTESIAN_POINT('Ctrl Pts',(84.835619768497,-286.459798272865,-23.6500000000068));
#9387=CARTESIAN_POINT('Ctrl Pts',(84.835619768497,-286.459798272865,-23.1700000000068));
#9388=CARTESIAN_POINT('',(84.5151267856327,-286.290306504981,-23.6500000000067));
#9389=CARTESIAN_POINT('Ctrl Pts',(84.5151267856327,-286.290306504981,-23.6500000000067));
#9390=CARTESIAN_POINT('Ctrl Pts',(84.6322296470371,-286.395083125846,-23.6500000000067));
#9391=CARTESIAN_POINT('Ctrl Pts',(84.835619768497,-286.459798272865,-23.6500000000068));
#9392=CARTESIAN_POINT('',(84.5151267856327,-286.290306504981,-23.2500000000067));
#9393=CARTESIAN_POINT('',(84.5151267856327,-286.290306504981,-23.6500000000067));
#9394=CARTESIAN_POINT('Ctrl Pts',(84.5151267856327,-286.290306504981,-23.2500000000067));
#9395=CARTESIAN_POINT('Ctrl Pts',(84.6322296470371,-286.395083125846,-23.2500000000067));
#9396=CARTESIAN_POINT('Ctrl Pts',(84.835619768497,-286.459798272865,-23.2500000000068));
#9397=CARTESIAN_POINT('Ctrl Pts',(84.2932473033635,-285.951324161308,-23.6500000000067));
#9398=CARTESIAN_POINT('Ctrl Pts',(84.2932473033635,-285.951324161308,-23.1700000000067));
#9399=CARTESIAN_POINT('Ctrl Pts',(84.379534563419,-286.167040523307,-23.6500000000067));
#9400=CARTESIAN_POINT('Ctrl Pts',(84.379534563419,-286.167040523307,-23.1700000000067));
#9401=CARTESIAN_POINT('Ctrl Pts',(84.5151267856327,-286.290306504981,-23.6500000000067));
#9402=CARTESIAN_POINT('Ctrl Pts',(84.5151267856327,-286.290306504981,-23.1700000000067));
#9403=CARTESIAN_POINT('',(84.2932473033635,-285.951324161308,-23.6500000000067));
#9404=CARTESIAN_POINT('Ctrl Pts',(84.2932473033635,-285.951324161308,-23.6500000000067));
#9405=CARTESIAN_POINT('Ctrl Pts',(84.379534563419,-286.167040523307,-23.6500000000067));
#9406=CARTESIAN_POINT('Ctrl Pts',(84.5151267856327,-286.290306504981,-23.6500000000067));
#9407=CARTESIAN_POINT('',(84.2932473033635,-285.951324161308,-23.2500000000067));
#9408=CARTESIAN_POINT('',(84.2932473033635,-285.951324161308,-23.6500000000067));
#9409=CARTESIAN_POINT('Ctrl Pts',(84.2932473033635,-285.951324161308,-23.2500000000067));
#9410=CARTESIAN_POINT('Ctrl Pts',(84.379534563419,-286.167040523307,-23.2500000000067));
#9411=CARTESIAN_POINT('Ctrl Pts',(84.5151267856327,-286.290306504981,-23.2500000000067));
#9412=CARTESIAN_POINT('Ctrl Pts',(84.2069600433081,-285.452094730155,-23.6500000000067));
#9413=CARTESIAN_POINT('Ctrl Pts',(84.2069600433081,-285.452094730155,-23.1700000000067));
#9414=CARTESIAN_POINT('Ctrl Pts',(84.206960043308,-285.735607799308,-23.6500000000067));
#9415=CARTESIAN_POINT('Ctrl Pts',(84.206960043308,-285.735607799308,-23.1700000000067));
#9416=CARTESIAN_POINT('Ctrl Pts',(84.2932473033635,-285.951324161308,-23.6500000000067));
#9417=CARTESIAN_POINT('Ctrl Pts',(84.2932473033635,-285.951324161308,-23.1700000000067));
#9418=CARTESIAN_POINT('',(84.2069600433081,-285.452094730155,-23.6500000000067));
#9419=CARTESIAN_POINT('Ctrl Pts',(84.2069600433081,-285.452094730155,-23.6500000000067));
#9420=CARTESIAN_POINT('Ctrl Pts',(84.206960043308,-285.735607799308,-23.6500000000067));
#9421=CARTESIAN_POINT('Ctrl Pts',(84.2932473033635,-285.951324161308,-23.6500000000067));
#9422=CARTESIAN_POINT('',(84.2069600433081,-285.452094730155,-23.2500000000067));
#9423=CARTESIAN_POINT('',(84.2069600433081,-285.452094730155,-23.6500000000067));
#9424=CARTESIAN_POINT('Ctrl Pts',(84.2069600433081,-285.452094730155,-23.2500000000067));
#9425=CARTESIAN_POINT('Ctrl Pts',(84.206960043308,-285.735607799308,-23.2500000000067));
#9426=CARTESIAN_POINT('Ctrl Pts',(84.2932473033635,-285.951324161308,-23.2500000000067));
#9427=CARTESIAN_POINT('Origin',(84.2069600433086,-283.535298761146,-23.6500000000067));
#9428=CARTESIAN_POINT('',(84.2069600433086,-283.535298761146,-23.6500000000067));
#9429=CARTESIAN_POINT('',(84.2069600433078,-286.480599262726,-23.6500000000064));
#9430=CARTESIAN_POINT('',(84.2069600433086,-283.535298761146,-23.2500000000067));
#9431=CARTESIAN_POINT('',(84.2069600433086,-283.535298761146,-23.6500000000067));
#9432=CARTESIAN_POINT('',(84.2069600433086,-283.535298761146,-23.2500000000067));
#9433=CARTESIAN_POINT('Ctrl Pts',(84.2994104236341,-283.029906209724,-23.6500000000067));
#9434=CARTESIAN_POINT('Ctrl Pts',(84.2994104236341,-283.029906209724,-23.1700000000067));
#9435=CARTESIAN_POINT('Ctrl Pts',(84.2069600433087,-283.239459451454,-23.6500000000067));
#9436=CARTESIAN_POINT('Ctrl Pts',(84.2069600433087,-283.239459451454,-23.1700000000067));
#9437=CARTESIAN_POINT('Ctrl Pts',(84.2069600433086,-283.535298761146,-23.6500000000067));
#9438=CARTESIAN_POINT('Ctrl Pts',(84.2069600433086,-283.535298761146,-23.1700000000067));
#9439=CARTESIAN_POINT('',(84.2994104236341,-283.029906209724,-23.6500000000067));
#9440=CARTESIAN_POINT('Ctrl Pts',(84.2994104236341,-283.029906209724,-23.6500000000067));
#9441=CARTESIAN_POINT('Ctrl Pts',(84.2069600433087,-283.239459451454,-23.6500000000067));
#9442=CARTESIAN_POINT('Ctrl Pts',(84.2069600433086,-283.535298761146,-23.6500000000067));
#9443=CARTESIAN_POINT('',(84.2994104236341,-283.029906209724,-23.2500000000067));
#9444=CARTESIAN_POINT('',(84.2994104236341,-283.029906209724,-23.6500000000067));
#9445=CARTESIAN_POINT('Ctrl Pts',(84.2994104236341,-283.029906209724,-23.2500000000067));
#9446=CARTESIAN_POINT('Ctrl Pts',(84.2069600433087,-283.239459451454,-23.2500000000067));
#9447=CARTESIAN_POINT('Ctrl Pts',(84.2069600433086,-283.535298761146,-23.2500000000067));
#9448=CARTESIAN_POINT('Ctrl Pts',(84.5151267856337,-282.700168546455,-23.6500000000067));
#9449=CARTESIAN_POINT('Ctrl Pts',(84.5151267856337,-282.700168546455,-23.1700000000067));
#9450=CARTESIAN_POINT('Ctrl Pts',(84.3856976836897,-282.814189847724,-23.6500000000067));
#9451=CARTESIAN_POINT('Ctrl Pts',(84.3856976836897,-282.814189847724,-23.1700000000067));
#9452=CARTESIAN_POINT('Ctrl Pts',(84.2994104236341,-283.029906209724,-23.6500000000067));
#9453=CARTESIAN_POINT('Ctrl Pts',(84.2994104236341,-283.029906209724,-23.1700000000067));
#9454=CARTESIAN_POINT('',(84.5151267856337,-282.700168546455,-23.6500000000067));
#9455=CARTESIAN_POINT('Ctrl Pts',(84.5151267856337,-282.700168546455,-23.6500000000067));
#9456=CARTESIAN_POINT('Ctrl Pts',(84.3856976836897,-282.814189847724,-23.6500000000067));
#9457=CARTESIAN_POINT('Ctrl Pts',(84.2994104236341,-283.029906209724,-23.6500000000067));
#9458=CARTESIAN_POINT('',(84.5151267856337,-282.700168546455,-23.2500000000067));
#9459=CARTESIAN_POINT('',(84.5151267856337,-282.700168546455,-23.6500000000067));
#9460=CARTESIAN_POINT('Ctrl Pts',(84.5151267856337,-282.700168546455,-23.2500000000067));
#9461=CARTESIAN_POINT('Ctrl Pts',(84.3856976836897,-282.814189847724,-23.2500000000067));
#9462=CARTESIAN_POINT('Ctrl Pts',(84.2994104236341,-283.029906209724,-23.2500000000067));
#9463=CARTESIAN_POINT('Ctrl Pts',(84.8541103214004,-282.524513658302,-23.6500000000067));
#9464=CARTESIAN_POINT('Ctrl Pts',(84.8541103214004,-282.524513658302,-23.1700000000067));
#9465=CARTESIAN_POINT('Ctrl Pts',(84.6445570796706,-282.586147245185,-23.6500000000067));
#9466=CARTESIAN_POINT('Ctrl Pts',(84.6445570796706,-282.586147245185,-23.1700000000067));
#9467=CARTESIAN_POINT('Ctrl Pts',(84.5151267856337,-282.700168546455,-23.6500000000067));
#9468=CARTESIAN_POINT('Ctrl Pts',(84.5151267856337,-282.700168546455,-23.1700000000067));
#9469=CARTESIAN_POINT('',(84.8541103214004,-282.524513658302,-23.6500000000067));
#9470=CARTESIAN_POINT('Ctrl Pts',(84.8541103214004,-282.524513658302,-23.6500000000067));
#9471=CARTESIAN_POINT('Ctrl Pts',(84.6445570796706,-282.586147245185,-23.6500000000067));
#9472=CARTESIAN_POINT('Ctrl Pts',(84.5151267856337,-282.700168546455,-23.6500000000067));
#9473=CARTESIAN_POINT('',(84.8541103214004,-282.524513658302,-23.2500000000067));
#9474=CARTESIAN_POINT('',(84.8541103214004,-282.524513658302,-23.6500000000067));
#9475=CARTESIAN_POINT('Ctrl Pts',(84.8541103214004,-282.524513658302,-23.2500000000067));
#9476=CARTESIAN_POINT('Ctrl Pts',(84.6445570796706,-282.586147245185,-23.2500000000067));
#9477=CARTESIAN_POINT('Ctrl Pts',(84.5151267856337,-282.700168546455,-23.2500000000067));
#9478=CARTESIAN_POINT('Ctrl Pts',(85.2300737708785,-282.450553830879,-23.6500000000067));
#9479=CARTESIAN_POINT('Ctrl Pts',(85.2300737708785,-282.450553830879,-23.1700000000067));
#9480=CARTESIAN_POINT('Ctrl Pts',(85.0574992507674,-282.469043191688,-23.6500000000067));
#9481=CARTESIAN_POINT('Ctrl Pts',(85.0574992507674,-282.469043191688,-23.1700000000067));
#9482=CARTESIAN_POINT('Ctrl Pts',(84.8541103214004,-282.524513658302,-23.6500000000067));
#9483=CARTESIAN_POINT('Ctrl Pts',(84.8541103214004,-282.524513658302,-23.1700000000067));
#9484=CARTESIAN_POINT('',(85.2300737708785,-282.450553830879,-23.6500000000067));
#9485=CARTESIAN_POINT('Ctrl Pts',(85.2300737708785,-282.450553830879,-23.6500000000067));
#9486=CARTESIAN_POINT('Ctrl Pts',(85.0574992507674,-282.469043191688,-23.6500000000067));
#9487=CARTESIAN_POINT('Ctrl Pts',(84.8541103214004,-282.524513658302,-23.6500000000067));
#9488=CARTESIAN_POINT('',(85.2300737708785,-282.450553830879,-23.2500000000067));
#9489=CARTESIAN_POINT('',(85.2300737708785,-282.450553830879,-23.6500000000067));
#9490=CARTESIAN_POINT('Ctrl Pts',(85.2300737708785,-282.450553830879,-23.2500000000067));
#9491=CARTESIAN_POINT('Ctrl Pts',(85.0574992507674,-282.469043191688,-23.2500000000067));
#9492=CARTESIAN_POINT('Ctrl Pts',(84.8541103214004,-282.524513658302,-23.2500000000067));
#9493=CARTESIAN_POINT('Ctrl Pts',(85.6738327354171,-282.432063277977,-23.6500000000067));
#9494=CARTESIAN_POINT('Ctrl Pts',(85.6738327354171,-282.432063277977,-23.1700000000067));
#9495=CARTESIAN_POINT('Ctrl Pts',(85.4026459068038,-282.432063277977,-23.6500000000067));
#9496=CARTESIAN_POINT('Ctrl Pts',(85.4026459068038,-282.432063277977,-23.1700000000067));
#9497=CARTESIAN_POINT('Ctrl Pts',(85.2300737708785,-282.450553830879,-23.6500000000067));
#9498=CARTESIAN_POINT('Ctrl Pts',(85.2300737708785,-282.450553830879,-23.1700000000067));
#9499=CARTESIAN_POINT('',(85.6738327354171,-282.432063277977,-23.6500000000067));
#9500=CARTESIAN_POINT('Ctrl Pts',(85.6738327354171,-282.432063277977,-23.6500000000067));
#9501=CARTESIAN_POINT('Ctrl Pts',(85.4026459068038,-282.432063277977,-23.6500000000067));
#9502=CARTESIAN_POINT('Ctrl Pts',(85.2300737708785,-282.450553830879,-23.6500000000067));
#9503=CARTESIAN_POINT('',(85.6738327354171,-282.432063277977,-23.2500000000067));
#9504=CARTESIAN_POINT('',(85.6738327354171,-282.432063277977,-23.6500000000067));
#9505=CARTESIAN_POINT('Ctrl Pts',(85.6738327354171,-282.432063277977,-23.2500000000067));
#9506=CARTESIAN_POINT('Ctrl Pts',(85.4026459068038,-282.432063277977,-23.2500000000067));
#9507=CARTESIAN_POINT('Ctrl Pts',(85.2300737708785,-282.450553830879,-23.2500000000067));
#9508=CARTESIAN_POINT('Ctrl Pts',(86.0991023391463,-282.450553830879,-23.6500000000067));
#9509=CARTESIAN_POINT('Ctrl Pts',(86.0991023391463,-282.450553830879,-23.1700000000067));
#9510=CARTESIAN_POINT('Ctrl Pts',(85.9265290111282,-282.432063277977,-23.6500000000067));
#9511=CARTESIAN_POINT('Ctrl Pts',(85.9265290111282,-282.432063277977,-23.1700000000067));
#9512=CARTESIAN_POINT('Ctrl Pts',(85.6738327354171,-282.432063277977,-23.6500000000067));
#9513=CARTESIAN_POINT('Ctrl Pts',(85.6738327354171,-282.432063277977,-23.1700000000067));
#9514=CARTESIAN_POINT('Ctrl Pts',(86.0991023391463,-282.450553830879,-23.6500000000067));
#9515=CARTESIAN_POINT('Ctrl Pts',(85.9265290111282,-282.432063277977,-23.6500000000067));
#9516=CARTESIAN_POINT('Ctrl Pts',(85.6738327354171,-282.432063277977,-23.6500000000067));
#9517=CARTESIAN_POINT('Ctrl Pts',(86.0991023391463,-282.450553830879,-23.2500000000067));
#9518=CARTESIAN_POINT('Ctrl Pts',(85.9265290111282,-282.432063277977,-23.2500000000067));
#9519=CARTESIAN_POINT('Ctrl Pts',(85.6738327354171,-282.432063277977,-23.2500000000067));
#9520=CARTESIAN_POINT('Origin',(82.2038790494165,-288.425899651067,-23.2500000000067));
#9521=CARTESIAN_POINT('Ctrl Pts',(81.5813831895566,-283.171662744299,-23.6500000000067));
#9522=CARTESIAN_POINT('Ctrl Pts',(81.5813831895566,-283.171662744299,-23.1700000000067));
#9523=CARTESIAN_POINT('Ctrl Pts',(81.6183631032682,-283.079213556067,-23.6500000000067));
#9524=CARTESIAN_POINT('Ctrl Pts',(81.6183631032682,-283.079213556067,-23.1700000000067));
#9525=CARTESIAN_POINT('Ctrl Pts',(81.7323844045377,-283.04531520249,-23.6500000000067));
#9526=CARTESIAN_POINT('Ctrl Pts',(81.7323844045377,-283.04531520249,-23.1700000000067));
#9527=CARTESIAN_POINT('',(81.5813831895566,-283.171662744299,-23.6500000000067));
#9528=CARTESIAN_POINT('',(81.7323844045377,-283.04531520249,-23.6500000000067));
#9529=CARTESIAN_POINT('Ctrl Pts',(81.5813831895566,-283.171662744299,-23.6500000000067));
#9530=CARTESIAN_POINT('Ctrl Pts',(81.6183631032682,-283.079213556067,-23.6500000000067));
#9531=CARTESIAN_POINT('Ctrl Pts',(81.7323844045377,-283.04531520249,-23.6500000000067));
#9532=CARTESIAN_POINT('',(81.5813831895566,-283.171662744299,-23.2500000000067));
#9533=CARTESIAN_POINT('',(81.5813831895566,-283.171662744299,-23.6500000000067));
#9534=CARTESIAN_POINT('',(81.7323844045377,-283.04531520249,-23.2500000000067));
#9535=CARTESIAN_POINT('Ctrl Pts',(81.5813831895566,-283.171662744299,-23.2500000000067));
#9536=CARTESIAN_POINT('Ctrl Pts',(81.6183631032682,-283.079213556067,-23.2500000000067));
#9537=CARTESIAN_POINT('Ctrl Pts',(81.7323844045377,-283.04531520249,-23.2500000000067));
#9538=CARTESIAN_POINT('',(81.7323844045377,-283.04531520249,-23.6500000000067));
#9539=CARTESIAN_POINT('Ctrl Pts',(81.5444026797985,-283.473666366355,-23.6500000000067));
#9540=CARTESIAN_POINT('Ctrl Pts',(81.5444026797985,-283.473666366355,-23.1700000000067));
#9541=CARTESIAN_POINT('Ctrl Pts',(81.5444026797986,-283.264113124625,-23.6500000000067));
#9542=CARTESIAN_POINT('Ctrl Pts',(81.5444026797986,-283.264113124625,-23.1700000000067));
#9543=CARTESIAN_POINT('Ctrl Pts',(81.5813831895566,-283.171662744299,-23.6500000000067));
#9544=CARTESIAN_POINT('Ctrl Pts',(81.5813831895566,-283.171662744299,-23.1700000000067));
#9545=CARTESIAN_POINT('',(81.5444026797985,-283.473666366355,-23.6500000000067));
#9546=CARTESIAN_POINT('Ctrl Pts',(81.5444026797985,-283.473666366355,-23.6500000000067));
#9547=CARTESIAN_POINT('Ctrl Pts',(81.5444026797986,-283.264113124625,-23.6500000000067));
#9548=CARTESIAN_POINT('Ctrl Pts',(81.5813831895566,-283.171662744299,-23.6500000000067));
#9549=CARTESIAN_POINT('',(81.5444026797985,-283.473666366355,-23.2500000000067));
#9550=CARTESIAN_POINT('',(81.5444026797985,-283.473666366355,-23.6500000000067));
#9551=CARTESIAN_POINT('Ctrl Pts',(81.5444026797985,-283.473666366355,-23.2500000000067));
#9552=CARTESIAN_POINT('Ctrl Pts',(81.5444026797986,-283.264113124625,-23.2500000000067));
#9553=CARTESIAN_POINT('Ctrl Pts',(81.5813831895566,-283.171662744299,-23.2500000000067));
#9554=CARTESIAN_POINT('Origin',(81.5444026797979,-285.513728317038,-23.6500000000067));
#9555=CARTESIAN_POINT('',(81.5444026797979,-285.513728317038,-23.6500000000067));
#9556=CARTESIAN_POINT('',(81.5444026797974,-287.469814040672,-23.6500000000064));
#9557=CARTESIAN_POINT('',(81.5444026797979,-285.513728317038,-23.2500000000067));
#9558=CARTESIAN_POINT('',(81.5444026797979,-285.513728317038,-23.6500000000067));
#9559=CARTESIAN_POINT('',(81.5444026797979,-285.513728317038,-23.2500000000067));
#9560=CARTESIAN_POINT('Ctrl Pts',(81.5813831895559,-285.815730747,-23.6500000000067));
#9561=CARTESIAN_POINT('Ctrl Pts',(81.5813831895559,-285.815730747,-23.1700000000067));
#9562=CARTESIAN_POINT('Ctrl Pts',(81.5444026797979,-285.723280366675,-23.6500000000067));
#9563=CARTESIAN_POINT('Ctrl Pts',(81.5444026797979,-285.723280366675,-23.1700000000067));
#9564=CARTESIAN_POINT('Ctrl Pts',(81.5444026797979,-285.513728317038,-23.6500000000067));
#9565=CARTESIAN_POINT('Ctrl Pts',(81.5444026797979,-285.513728317038,-23.1700000000067));
#9566=CARTESIAN_POINT('',(81.5813831895559,-285.815730747,-23.6500000000067));
#9567=CARTESIAN_POINT('Ctrl Pts',(81.5813831895559,-285.815730747,-23.6500000000067));
#9568=CARTESIAN_POINT('Ctrl Pts',(81.5444026797979,-285.723280366675,-23.6500000000067));
#9569=CARTESIAN_POINT('Ctrl Pts',(81.5444026797979,-285.513728317038,-23.6500000000067));
#9570=CARTESIAN_POINT('',(81.5813831895559,-285.815730747,-23.2500000000067));
#9571=CARTESIAN_POINT('',(81.5813831895559,-285.815730747,-23.6500000000067));
#9572=CARTESIAN_POINT('Ctrl Pts',(81.5813831895559,-285.815730747,-23.2500000000067));
#9573=CARTESIAN_POINT('Ctrl Pts',(81.5444026797979,-285.723280366675,-23.2500000000067));
#9574=CARTESIAN_POINT('Ctrl Pts',(81.5444026797979,-285.513728317038,-23.2500000000067));
#9575=CARTESIAN_POINT('Ctrl Pts',(81.7323844045369,-285.942078288809,-23.6500000000067));
#9576=CARTESIAN_POINT('Ctrl Pts',(81.7323844045369,-285.942078288809,-23.1700000000067));
#9577=CARTESIAN_POINT('Ctrl Pts',(81.6183631032674,-285.908179935233,-23.6500000000067));
#9578=CARTESIAN_POINT('Ctrl Pts',(81.6183631032674,-285.908179935233,-23.1700000000067));
#9579=CARTESIAN_POINT('Ctrl Pts',(81.5813831895559,-285.815730747,-23.6500000000067));
#9580=CARTESIAN_POINT('Ctrl Pts',(81.5813831895559,-285.815730747,-23.1700000000067));
#9581=CARTESIAN_POINT('',(81.7323844045369,-285.942078288809,-23.6500000000067));
#9582=CARTESIAN_POINT('Ctrl Pts',(81.7323844045369,-285.942078288809,-23.6500000000067));
#9583=CARTESIAN_POINT('Ctrl Pts',(81.6183631032674,-285.908179935233,-23.6500000000067));
#9584=CARTESIAN_POINT('Ctrl Pts',(81.5813831895559,-285.815730747,-23.6500000000067));
#9585=CARTESIAN_POINT('',(81.7323844045369,-285.942078288809,-23.2500000000067));
#9586=CARTESIAN_POINT('',(81.7323844045369,-285.942078288809,-23.6500000000067));
#9587=CARTESIAN_POINT('Ctrl Pts',(81.7323844045369,-285.942078288809,-23.2500000000067));
#9588=CARTESIAN_POINT('Ctrl Pts',(81.6183631032674,-285.908179935233,-23.2500000000067));
#9589=CARTESIAN_POINT('Ctrl Pts',(81.5813831895559,-285.815730747,-23.2500000000067));
#9590=CARTESIAN_POINT('Ctrl Pts',(82.1114294141499,-285.975976642386,-23.6500000000067));
#9591=CARTESIAN_POINT('Ctrl Pts',(82.1114294141499,-285.975976642386,-23.1700000000067));
#9592=CARTESIAN_POINT('Ctrl Pts',(81.8464063018529,-285.975976642386,-23.6500000000067));
#9593=CARTESIAN_POINT('Ctrl Pts',(81.8464063018529,-285.975976642386,-23.1700000000067));
#9594=CARTESIAN_POINT('Ctrl Pts',(81.7323844045369,-285.942078288809,-23.6500000000067));
#9595=CARTESIAN_POINT('Ctrl Pts',(81.7323844045369,-285.942078288809,-23.1700000000067));
#9596=CARTESIAN_POINT('',(82.1114294141499,-285.975976642386,-23.6500000000067));
#9597=CARTESIAN_POINT('Ctrl Pts',(82.1114294141499,-285.975976642386,-23.6500000000067));
#9598=CARTESIAN_POINT('Ctrl Pts',(81.8464063018529,-285.975976642386,-23.6500000000067));
#9599=CARTESIAN_POINT('Ctrl Pts',(81.7323844045369,-285.942078288809,-23.6500000000067));
#9600=CARTESIAN_POINT('',(82.1114294141499,-285.975976642386,-23.2500000000067));
#9601=CARTESIAN_POINT('',(82.1114294141499,-285.975976642386,-23.6500000000067));
#9602=CARTESIAN_POINT('Ctrl Pts',(82.1114294141499,-285.975976642386,-23.2500000000067));
#9603=CARTESIAN_POINT('Ctrl Pts',(81.8464063018529,-285.975976642386,-23.2500000000067));
#9604=CARTESIAN_POINT('Ctrl Pts',(81.7323844045369,-285.942078288809,-23.2500000000067));
#9605=CARTESIAN_POINT('Ctrl Pts',(82.4812291473119,-285.94207828881,-23.6500000000067));
#9606=CARTESIAN_POINT('Ctrl Pts',(82.4812291473119,-285.94207828881,-23.1700000000067));
#9607=CARTESIAN_POINT('Ctrl Pts',(82.3702882140843,-285.975976642386,-23.6500000000067));
#9608=CARTESIAN_POINT('Ctrl Pts',(82.3702882140843,-285.975976642386,-23.1700000000067));
#9609=CARTESIAN_POINT('Ctrl Pts',(82.1114294141499,-285.975976642386,-23.6500000000067));
#9610=CARTESIAN_POINT('Ctrl Pts',(82.1114294141499,-285.975976642386,-23.1700000000067));
#9611=CARTESIAN_POINT('',(82.4812291473119,-285.94207828881,-23.6500000000067));
#9612=CARTESIAN_POINT('Ctrl Pts',(82.4812291473119,-285.94207828881,-23.6500000000067));
#9613=CARTESIAN_POINT('Ctrl Pts',(82.3702882140843,-285.975976642386,-23.6500000000067));
#9614=CARTESIAN_POINT('Ctrl Pts',(82.1114294141499,-285.975976642386,-23.6500000000067));
#9615=CARTESIAN_POINT('',(82.4812291473119,-285.94207828881,-23.2500000000067));
#9616=CARTESIAN_POINT('',(82.4812291473119,-285.94207828881,-23.6500000000067));
#9617=CARTESIAN_POINT('Ctrl Pts',(82.4812291473119,-285.94207828881,-23.2500000000067));
#9618=CARTESIAN_POINT('Ctrl Pts',(82.3702882140843,-285.975976642386,-23.2500000000067));
#9619=CARTESIAN_POINT('Ctrl Pts',(82.1114294141499,-285.975976642386,-23.2500000000067));
#9620=CARTESIAN_POINT('Ctrl Pts',(82.6291488021581,-285.815730747001,-23.6500000000067));
#9621=CARTESIAN_POINT('Ctrl Pts',(82.6291488021581,-285.815730747001,-23.1700000000067));
#9622=CARTESIAN_POINT('Ctrl Pts',(82.5921688884465,-285.908179935233,-23.6500000000067));
#9623=CARTESIAN_POINT('Ctrl Pts',(82.5921688884465,-285.908179935233,-23.1700000000067));
#9624=CARTESIAN_POINT('Ctrl Pts',(82.4812291473119,-285.94207828881,-23.6500000000067));
#9625=CARTESIAN_POINT('Ctrl Pts',(82.4812291473119,-285.94207828881,-23.1700000000067));
#9626=CARTESIAN_POINT('',(82.6291488021581,-285.815730747001,-23.6500000000067));
#9627=CARTESIAN_POINT('Ctrl Pts',(82.6291488021581,-285.815730747001,-23.6500000000067));
#9628=CARTESIAN_POINT('Ctrl Pts',(82.5921688884465,-285.908179935233,-23.6500000000067));
#9629=CARTESIAN_POINT('Ctrl Pts',(82.4812291473119,-285.94207828881,-23.6500000000067));
#9630=CARTESIAN_POINT('',(82.6291488021581,-285.815730747001,-23.2500000000067));
#9631=CARTESIAN_POINT('',(82.6291488021581,-285.815730747001,-23.6500000000067));
#9632=CARTESIAN_POINT('Ctrl Pts',(82.6291488021581,-285.815730747001,-23.2500000000067));
#9633=CARTESIAN_POINT('Ctrl Pts',(82.5921688884465,-285.908179935233,-23.2500000000067));
#9634=CARTESIAN_POINT('Ctrl Pts',(82.4812291473119,-285.94207828881,-23.2500000000067));
#9635=CARTESIAN_POINT('Ctrl Pts',(82.6661287158697,-285.513728317038,-23.6500000000067));
#9636=CARTESIAN_POINT('Ctrl Pts',(82.6661287158697,-285.513728317038,-23.1700000000067));
#9637=CARTESIAN_POINT('Ctrl Pts',(82.6661287158696,-285.723280366675,-23.6500000000067));
#9638=CARTESIAN_POINT('Ctrl Pts',(82.6661287158696,-285.723280366675,-23.1700000000067));
#9639=CARTESIAN_POINT('Ctrl Pts',(82.6291488021581,-285.815730747001,-23.6500000000067));
#9640=CARTESIAN_POINT('Ctrl Pts',(82.6291488021581,-285.815730747001,-23.1700000000067));
#9641=CARTESIAN_POINT('',(82.6661287158697,-285.513728317038,-23.6500000000067));
#9642=CARTESIAN_POINT('Ctrl Pts',(82.6661287158697,-285.513728317038,-23.6500000000067));
#9643=CARTESIAN_POINT('Ctrl Pts',(82.6661287158696,-285.723280366675,-23.6500000000067));
#9644=CARTESIAN_POINT('Ctrl Pts',(82.6291488021581,-285.815730747001,-23.6500000000067));
#9645=CARTESIAN_POINT('',(82.6661287158697,-285.513728317038,-23.2500000000067));
#9646=CARTESIAN_POINT('',(82.6661287158697,-285.513728317038,-23.6500000000067));
#9647=CARTESIAN_POINT('Ctrl Pts',(82.6661287158697,-285.513728317038,-23.2500000000067));
#9648=CARTESIAN_POINT('Ctrl Pts',(82.6661287158696,-285.723280366675,-23.2500000000067));
#9649=CARTESIAN_POINT('Ctrl Pts',(82.6291488021581,-285.815730747001,-23.2500000000067));
#9650=CARTESIAN_POINT('Origin',(82.6661287158703,-283.473666366355,-23.6500000000067));
#9651=CARTESIAN_POINT('',(82.6661287158703,-283.473666366355,-23.6500000000067));
#9652=CARTESIAN_POINT('',(82.6661287158694,-286.44978306533,-23.6500000000064));
#9653=CARTESIAN_POINT('',(82.6661287158703,-283.473666366355,-23.2500000000067));
#9654=CARTESIAN_POINT('',(82.6661287158703,-283.473666366355,-23.6500000000067));
#9655=CARTESIAN_POINT('',(82.6661287158703,-283.473666366355,-23.2500000000067));
#9656=CARTESIAN_POINT('Ctrl Pts',(82.6291488021589,-283.1716627443,-23.6500000000067));
#9657=CARTESIAN_POINT('Ctrl Pts',(82.6291488021589,-283.1716627443,-23.1700000000067));
#9658=CARTESIAN_POINT('Ctrl Pts',(82.6661287158704,-283.264113124625,-23.6500000000067));
#9659=CARTESIAN_POINT('Ctrl Pts',(82.6661287158704,-283.264113124625,-23.1700000000067));
#9660=CARTESIAN_POINT('Ctrl Pts',(82.6661287158703,-283.473666366355,-23.6500000000067));
#9661=CARTESIAN_POINT('Ctrl Pts',(82.6661287158703,-283.473666366355,-23.1700000000067));
#9662=CARTESIAN_POINT('',(82.6291488021589,-283.1716627443,-23.6500000000067));
#9663=CARTESIAN_POINT('Ctrl Pts',(82.6291488021589,-283.1716627443,-23.6500000000067));
#9664=CARTESIAN_POINT('Ctrl Pts',(82.6661287158704,-283.264113124625,-23.6500000000067));
#9665=CARTESIAN_POINT('Ctrl Pts',(82.6661287158703,-283.473666366355,-23.6500000000067));
#9666=CARTESIAN_POINT('',(82.6291488021589,-283.1716627443,-23.2500000000067));
#9667=CARTESIAN_POINT('',(82.6291488021589,-283.1716627443,-23.6500000000067));
#9668=CARTESIAN_POINT('Ctrl Pts',(82.6291488021589,-283.1716627443,-23.2500000000067));
#9669=CARTESIAN_POINT('Ctrl Pts',(82.6661287158704,-283.264113124625,-23.2500000000067));
#9670=CARTESIAN_POINT('Ctrl Pts',(82.6661287158703,-283.473666366355,-23.2500000000067));
#9671=CARTESIAN_POINT('Ctrl Pts',(82.4812291473127,-283.045315202491,-23.6500000000067));
#9672=CARTESIAN_POINT('Ctrl Pts',(82.4812291473127,-283.045315202491,-23.1700000000067));
#9673=CARTESIAN_POINT('Ctrl Pts',(82.5921688884473,-283.079213556067,-23.6500000000067));
#9674=CARTESIAN_POINT('Ctrl Pts',(82.5921688884473,-283.079213556067,-23.1700000000067));
#9675=CARTESIAN_POINT('Ctrl Pts',(82.6291488021589,-283.1716627443,-23.6500000000067));
#9676=CARTESIAN_POINT('Ctrl Pts',(82.6291488021589,-283.1716627443,-23.1700000000067));
#9677=CARTESIAN_POINT('',(82.4812291473127,-283.045315202491,-23.6500000000067));
#9678=CARTESIAN_POINT('Ctrl Pts',(82.4812291473127,-283.045315202491,-23.6500000000067));
#9679=CARTESIAN_POINT('Ctrl Pts',(82.5921688884473,-283.079213556067,-23.6500000000067));
#9680=CARTESIAN_POINT('Ctrl Pts',(82.6291488021589,-283.1716627443,-23.6500000000067));
#9681=CARTESIAN_POINT('',(82.4812291473127,-283.045315202491,-23.2500000000067));
#9682=CARTESIAN_POINT('',(82.4812291473127,-283.045315202491,-23.6500000000067));
#9683=CARTESIAN_POINT('Ctrl Pts',(82.4812291473127,-283.045315202491,-23.2500000000067));
#9684=CARTESIAN_POINT('Ctrl Pts',(82.5921688884473,-283.079213556067,-23.2500000000067));
#9685=CARTESIAN_POINT('Ctrl Pts',(82.6291488021589,-283.1716627443,-23.2500000000067));
#9686=CARTESIAN_POINT('Ctrl Pts',(82.1114294141508,-283.011416848914,-23.6500000000067));
#9687=CARTESIAN_POINT('Ctrl Pts',(82.1114294141508,-283.011416848914,-23.1700000000067));
#9688=CARTESIAN_POINT('Ctrl Pts',(82.3702882140852,-283.011416848914,-23.6500000000067));
#9689=CARTESIAN_POINT('Ctrl Pts',(82.3702882140852,-283.011416848914,-23.1700000000067));
#9690=CARTESIAN_POINT('Ctrl Pts',(82.4812291473127,-283.045315202491,-23.6500000000067));
#9691=CARTESIAN_POINT('Ctrl Pts',(82.4812291473127,-283.045315202491,-23.1700000000067));
#9692=CARTESIAN_POINT('',(82.1114294141508,-283.011416848914,-23.6500000000067));
#9693=CARTESIAN_POINT('Ctrl Pts',(82.1114294141508,-283.011416848914,-23.6500000000067));
#9694=CARTESIAN_POINT('Ctrl Pts',(82.3702882140852,-283.011416848914,-23.6500000000067));
#9695=CARTESIAN_POINT('Ctrl Pts',(82.4812291473127,-283.045315202491,-23.6500000000067));
#9696=CARTESIAN_POINT('',(82.1114294141508,-283.011416848914,-23.2500000000067));
#9697=CARTESIAN_POINT('',(82.1114294141508,-283.011416848914,-23.6500000000067));
#9698=CARTESIAN_POINT('Ctrl Pts',(82.1114294141508,-283.011416848914,-23.2500000000067));
#9699=CARTESIAN_POINT('Ctrl Pts',(82.3702882140852,-283.011416848914,-23.2500000000067));
#9700=CARTESIAN_POINT('Ctrl Pts',(82.4812291473127,-283.045315202491,-23.2500000000067));
#9701=CARTESIAN_POINT('Ctrl Pts',(81.7323844045377,-283.04531520249,-23.6500000000067));
#9702=CARTESIAN_POINT('Ctrl Pts',(81.7323844045377,-283.04531520249,-23.1700000000067));
#9703=CARTESIAN_POINT('Ctrl Pts',(81.8464063018537,-283.011416848914,-23.6500000000067));
#9704=CARTESIAN_POINT('Ctrl Pts',(81.8464063018537,-283.011416848914,-23.1700000000067));
#9705=CARTESIAN_POINT('Ctrl Pts',(82.1114294141508,-283.011416848914,-23.6500000000067));
#9706=CARTESIAN_POINT('Ctrl Pts',(82.1114294141508,-283.011416848914,-23.1700000000067));
#9707=CARTESIAN_POINT('Ctrl Pts',(81.7323844045377,-283.04531520249,-23.6500000000067));
#9708=CARTESIAN_POINT('Ctrl Pts',(81.8464063018537,-283.011416848914,-23.6500000000067));
#9709=CARTESIAN_POINT('Ctrl Pts',(82.1114294141508,-283.011416848914,-23.6500000000067));
#9710=CARTESIAN_POINT('Ctrl Pts',(81.7323844045377,-283.04531520249,-23.2500000000067));
#9711=CARTESIAN_POINT('Ctrl Pts',(81.8464063018537,-283.011416848914,-23.2500000000067));
#9712=CARTESIAN_POINT('Ctrl Pts',(82.1114294141508,-283.011416848914,-23.2500000000067));
#9713=CARTESIAN_POINT('Ctrl Pts',(82.9280708640792,-282.530676778571,-23.6500000000067));
#9714=CARTESIAN_POINT('Ctrl Pts',(82.9280708640792,-282.530676778571,-23.1700000000067));
#9715=CARTESIAN_POINT('Ctrl Pts',(82.7154348701217,-282.462880071418,-23.6500000000067));
#9716=CARTESIAN_POINT('Ctrl Pts',(82.7154348701217,-282.462880071418,-23.1700000000067));
#9717=CARTESIAN_POINT('Ctrl Pts',(82.5243721812942,-282.450553830878,-23.6500000000067));
#9718=CARTESIAN_POINT('Ctrl Pts',(82.5243721812942,-282.450553830878,-23.1700000000067));
#9719=CARTESIAN_POINT('',(82.9280708640792,-282.530676778571,-23.6500000000067));
#9720=CARTESIAN_POINT('',(82.5243721812942,-282.450553830878,-23.6500000000067));
#9721=CARTESIAN_POINT('Ctrl Pts',(82.9280708640792,-282.530676778571,-23.6500000000067));
#9722=CARTESIAN_POINT('Ctrl Pts',(82.7154348701217,-282.462880071418,-23.6500000000067));
#9723=CARTESIAN_POINT('Ctrl Pts',(82.5243721812942,-282.450553830878,-23.6500000000067));
#9724=CARTESIAN_POINT('',(82.9280708640792,-282.530676778571,-23.2500000000067));
#9725=CARTESIAN_POINT('',(82.9280708640792,-282.530676778571,-23.6500000000067));
#9726=CARTESIAN_POINT('',(82.5243721812942,-282.450553830878,-23.2500000000067));
#9727=CARTESIAN_POINT('Ctrl Pts',(82.9280708640792,-282.530676778571,-23.2500000000067));
#9728=CARTESIAN_POINT('Ctrl Pts',(82.7154348701217,-282.462880071418,-23.2500000000067));
#9729=CARTESIAN_POINT('Ctrl Pts',(82.5243721812942,-282.450553830878,-23.2500000000067));
#9730=CARTESIAN_POINT('',(82.5243721812942,-282.450553830878,-23.6500000000067));
#9731=CARTESIAN_POINT('Ctrl Pts',(83.2639716476179,-282.703250106589,-23.6500000000067));
#9732=CARTESIAN_POINT('Ctrl Pts',(83.2639716476179,-282.703250106589,-23.1700000000067));
#9733=CARTESIAN_POINT('Ctrl Pts',(83.1407044738509,-282.598473485725,-23.6500000000067));
#9734=CARTESIAN_POINT('Ctrl Pts',(83.1407044738509,-282.598473485725,-23.1700000000067));
#9735=CARTESIAN_POINT('Ctrl Pts',(82.9280708640792,-282.530676778571,-23.6500000000067));
#9736=CARTESIAN_POINT('Ctrl Pts',(82.9280708640792,-282.530676778571,-23.1700000000067));
#9737=CARTESIAN_POINT('',(83.2639716476179,-282.703250106589,-23.6500000000067));
#9738=CARTESIAN_POINT('Ctrl Pts',(83.2639716476179,-282.703250106589,-23.6500000000067));
#9739=CARTESIAN_POINT('Ctrl Pts',(83.1407044738509,-282.598473485725,-23.6500000000067));
#9740=CARTESIAN_POINT('Ctrl Pts',(82.9280708640792,-282.530676778571,-23.6500000000067));
#9741=CARTESIAN_POINT('',(83.2639716476179,-282.703250106589,-23.2500000000067));
#9742=CARTESIAN_POINT('',(83.2639716476179,-282.703250106589,-23.6500000000067));
#9743=CARTESIAN_POINT('Ctrl Pts',(83.2639716476179,-282.703250106589,-23.2500000000067));
#9744=CARTESIAN_POINT('Ctrl Pts',(83.1407044738509,-282.598473485725,-23.2500000000067));
#9745=CARTESIAN_POINT('Ctrl Pts',(82.9280708640792,-282.530676778571,-23.2500000000067));
#9746=CARTESIAN_POINT('Ctrl Pts',(83.4889338821149,-283.036069329993,-23.6500000000067));
#9747=CARTESIAN_POINT('Ctrl Pts',(83.4889338821149,-283.036069329993,-23.1700000000067));
#9748=CARTESIAN_POINT('Ctrl Pts',(83.3995650619245,-282.820352967994,-23.6500000000067));
#9749=CARTESIAN_POINT('Ctrl Pts',(83.3995650619245,-282.820352967994,-23.1700000000067));
#9750=CARTESIAN_POINT('Ctrl Pts',(83.2639716476179,-282.703250106589,-23.6500000000067));
#9751=CARTESIAN_POINT('Ctrl Pts',(83.2639716476179,-282.703250106589,-23.1700000000067));
#9752=CARTESIAN_POINT('',(83.4889338821149,-283.036069329993,-23.6500000000067));
#9753=CARTESIAN_POINT('Ctrl Pts',(83.4889338821149,-283.036069329993,-23.6500000000067));
#9754=CARTESIAN_POINT('Ctrl Pts',(83.3995650619245,-282.820352967994,-23.6500000000067));
#9755=CARTESIAN_POINT('Ctrl Pts',(83.2639716476179,-282.703250106589,-23.6500000000067));
#9756=CARTESIAN_POINT('',(83.4889338821149,-283.036069329993,-23.2500000000067));
#9757=CARTESIAN_POINT('',(83.4889338821149,-283.036069329993,-23.6500000000067));
#9758=CARTESIAN_POINT('Ctrl Pts',(83.4889338821149,-283.036069329993,-23.2500000000067));
#9759=CARTESIAN_POINT('Ctrl Pts',(83.3995650619245,-282.820352967994,-23.2500000000067));
#9760=CARTESIAN_POINT('Ctrl Pts',(83.2639716476179,-282.703250106589,-23.2500000000067));
#9761=CARTESIAN_POINT('Ctrl Pts',(83.5783003181194,-283.535298761146,-23.6500000000067));
#9762=CARTESIAN_POINT('Ctrl Pts',(83.5783003181194,-283.535298761146,-23.1700000000067));
#9763=CARTESIAN_POINT('Ctrl Pts',(83.5783003181195,-283.251785691993,-23.6500000000067));
#9764=CARTESIAN_POINT('Ctrl Pts',(83.5783003181195,-283.251785691993,-23.1700000000067));
#9765=CARTESIAN_POINT('Ctrl Pts',(83.4889338821149,-283.036069329993,-23.6500000000067));
#9766=CARTESIAN_POINT('Ctrl Pts',(83.4889338821149,-283.036069329993,-23.1700000000067));
#9767=CARTESIAN_POINT('',(83.5783003181194,-283.535298761146,-23.6500000000067));
#9768=CARTESIAN_POINT('Ctrl Pts',(83.5783003181194,-283.535298761146,-23.6500000000067));
#9769=CARTESIAN_POINT('Ctrl Pts',(83.5783003181195,-283.251785691993,-23.6500000000067));
#9770=CARTESIAN_POINT('Ctrl Pts',(83.4889338821149,-283.036069329993,-23.6500000000067));
#9771=CARTESIAN_POINT('',(83.5783003181194,-283.535298761146,-23.2500000000067));
#9772=CARTESIAN_POINT('',(83.5783003181194,-283.535298761146,-23.6500000000067));
#9773=CARTESIAN_POINT('Ctrl Pts',(83.5783003181194,-283.535298761146,-23.2500000000067));
#9774=CARTESIAN_POINT('Ctrl Pts',(83.5783003181195,-283.251785691993,-23.2500000000067));
#9775=CARTESIAN_POINT('Ctrl Pts',(83.4889338821149,-283.036069329993,-23.2500000000067));
#9776=CARTESIAN_POINT('Origin',(83.5783003181189,-285.452094730155,-23.6500000000067));
#9777=CARTESIAN_POINT('',(83.5783003181189,-285.452094730155,-23.6500000000067));
#9778=CARTESIAN_POINT('',(83.5783003181183,-287.438997247231,-23.6500000000064));
#9779=CARTESIAN_POINT('',(83.5783003181189,-285.452094730155,-23.2500000000067));
#9780=CARTESIAN_POINT('',(83.5783003181189,-285.452094730155,-23.6500000000067));
#9781=CARTESIAN_POINT('',(83.5783003181189,-285.452094730155,-23.2500000000067));
#9782=CARTESIAN_POINT('Ctrl Pts',(83.4858511298863,-285.963650401847,-23.6500000000067));
#9783=CARTESIAN_POINT('Ctrl Pts',(83.4858511298863,-285.963650401847,-23.1700000000067));
#9784=CARTESIAN_POINT('Ctrl Pts',(83.5783003181188,-285.754097160117,-23.6500000000067));
#9785=CARTESIAN_POINT('Ctrl Pts',(83.5783003181188,-285.754097160117,-23.1700000000067));
#9786=CARTESIAN_POINT('Ctrl Pts',(83.5783003181189,-285.452094730155,-23.6500000000067));
#9787=CARTESIAN_POINT('Ctrl Pts',(83.5783003181189,-285.452094730155,-23.1700000000067));
#9788=CARTESIAN_POINT('',(83.4858511298863,-285.963650401847,-23.6500000000067));
#9789=CARTESIAN_POINT('Ctrl Pts',(83.4858511298863,-285.963650401847,-23.6500000000067));
#9790=CARTESIAN_POINT('Ctrl Pts',(83.5783003181188,-285.754097160117,-23.6500000000067));
#9791=CARTESIAN_POINT('Ctrl Pts',(83.5783003181189,-285.452094730155,-23.6500000000067));
#9792=CARTESIAN_POINT('',(83.4858511298863,-285.963650401847,-23.2500000000067));
#9793=CARTESIAN_POINT('',(83.4858511298863,-285.963650401847,-23.6500000000067));
#9794=CARTESIAN_POINT('Ctrl Pts',(83.4858511298863,-285.963650401847,-23.2500000000067));
#9795=CARTESIAN_POINT('Ctrl Pts',(83.5783003181188,-285.754097160117,-23.2500000000067));
#9796=CARTESIAN_POINT('Ctrl Pts',(83.5783003181189,-285.452094730155,-23.2500000000067));
#9797=CARTESIAN_POINT('Ctrl Pts',(83.2639716476169,-286.284143384711,-23.6500000000067));
#9798=CARTESIAN_POINT('Ctrl Pts',(83.2639716476169,-286.284143384711,-23.1700000000067));
#9799=CARTESIAN_POINT('Ctrl Pts',(83.3934019416538,-286.173203643577,-23.6500000000067));
#9800=CARTESIAN_POINT('Ctrl Pts',(83.3934019416538,-286.173203643577,-23.1700000000067));
#9801=CARTESIAN_POINT('Ctrl Pts',(83.4858511298863,-285.963650401847,-23.6500000000067));
#9802=CARTESIAN_POINT('Ctrl Pts',(83.4858511298863,-285.963650401847,-23.1700000000067));
#9803=CARTESIAN_POINT('',(83.2639716476169,-286.284143384711,-23.6500000000067));
#9804=CARTESIAN_POINT('Ctrl Pts',(83.2639716476169,-286.284143384711,-23.6500000000067));
#9805=CARTESIAN_POINT('Ctrl Pts',(83.3934019416538,-286.173203643577,-23.6500000000067));
#9806=CARTESIAN_POINT('Ctrl Pts',(83.4858511298863,-285.963650401847,-23.6500000000067));
#9807=CARTESIAN_POINT('',(83.2639716476169,-286.284143384711,-23.2500000000067));
#9808=CARTESIAN_POINT('',(83.2639716476169,-286.284143384711,-23.6500000000067));
#9809=CARTESIAN_POINT('Ctrl Pts',(83.2639716476169,-286.284143384711,-23.2500000000067));
#9810=CARTESIAN_POINT('Ctrl Pts',(83.3934019416538,-286.173203643577,-23.2500000000067));
#9811=CARTESIAN_POINT('Ctrl Pts',(83.4858511298863,-285.963650401847,-23.2500000000067));
#9812=CARTESIAN_POINT('Ctrl Pts',(82.9126618713107,-286.462879832999,-23.6500000000067));
#9813=CARTESIAN_POINT('Ctrl Pts',(82.9126618713107,-286.462879832999,-23.1700000000067));
#9814=CARTESIAN_POINT('Ctrl Pts',(83.13454135358,-286.395083125846,-23.6500000000067));
#9815=CARTESIAN_POINT('Ctrl Pts',(83.13454135358,-286.395083125846,-23.1700000000067));
#9816=CARTESIAN_POINT('Ctrl Pts',(83.2639716476169,-286.284143384711,-23.6500000000067));
#9817=CARTESIAN_POINT('Ctrl Pts',(83.2639716476169,-286.284143384711,-23.1700000000067));
#9818=CARTESIAN_POINT('',(82.9126618713107,-286.462879832999,-23.6500000000067));
#9819=CARTESIAN_POINT('Ctrl Pts',(82.9126618713107,-286.462879832999,-23.6500000000067));
#9820=CARTESIAN_POINT('Ctrl Pts',(83.13454135358,-286.395083125846,-23.6500000000067));
#9821=CARTESIAN_POINT('Ctrl Pts',(83.2639716476169,-286.284143384711,-23.6500000000067));
#9822=CARTESIAN_POINT('',(82.9126618713107,-286.462879832999,-23.2500000000067));
#9823=CARTESIAN_POINT('',(82.9126618713107,-286.462879832999,-23.6500000000067));
#9824=CARTESIAN_POINT('Ctrl Pts',(82.9126618713107,-286.462879832999,-23.2500000000067));
#9825=CARTESIAN_POINT('Ctrl Pts',(83.13454135358,-286.395083125846,-23.2500000000067));
#9826=CARTESIAN_POINT('Ctrl Pts',(83.2639716476169,-286.284143384711,-23.2500000000067));
#9827=CARTESIAN_POINT('Ctrl Pts',(82.5428627341952,-286.53992241265,-23.6500000000067));
#9828=CARTESIAN_POINT('Ctrl Pts',(82.5428627341952,-286.53992241265,-23.1700000000067));
#9829=CARTESIAN_POINT('Ctrl Pts',(82.7092717498508,-286.524513419883,-23.6500000000067));
#9830=CARTESIAN_POINT('Ctrl Pts',(82.7092717498508,-286.524513419883,-23.1700000000067));
#9831=CARTESIAN_POINT('Ctrl Pts',(82.9126618713107,-286.462879832999,-23.6500000000067));
#9832=CARTESIAN_POINT('Ctrl Pts',(82.9126618713107,-286.462879832999,-23.1700000000067));
#9833=CARTESIAN_POINT('',(82.5428627341952,-286.53992241265,-23.6500000000067));
#9834=CARTESIAN_POINT('Ctrl Pts',(82.5428627341952,-286.53992241265,-23.6500000000067));
#9835=CARTESIAN_POINT('Ctrl Pts',(82.7092717498508,-286.524513419883,-23.6500000000067));
#9836=CARTESIAN_POINT('Ctrl Pts',(82.9126618713107,-286.462879832999,-23.6500000000067));
#9837=CARTESIAN_POINT('',(82.5428627341952,-286.53992241265,-23.2500000000067));
#9838=CARTESIAN_POINT('',(82.5428627341952,-286.53992241265,-23.6500000000067));
#9839=CARTESIAN_POINT('Ctrl Pts',(82.5428627341952,-286.53992241265,-23.2500000000067));
#9840=CARTESIAN_POINT('Ctrl Pts',(82.7092717498508,-286.524513419883,-23.2500000000067));
#9841=CARTESIAN_POINT('Ctrl Pts',(82.9126618713107,-286.462879832999,-23.2500000000067));
#9842=CARTESIAN_POINT('Ctrl Pts',(82.0991025775638,-286.555330213324,-23.6500000000067));
#9843=CARTESIAN_POINT('Ctrl Pts',(82.0991025775638,-286.555330213324,-23.1700000000067));
#9844=CARTESIAN_POINT('Ctrl Pts',(82.3764525264468,-286.555330213324,-23.6500000000067));
#9845=CARTESIAN_POINT('Ctrl Pts',(82.3764525264468,-286.555330213324,-23.1700000000067));
#9846=CARTESIAN_POINT('Ctrl Pts',(82.5428627341952,-286.53992241265,-23.6500000000067));
#9847=CARTESIAN_POINT('Ctrl Pts',(82.5428627341952,-286.53992241265,-23.1700000000067));
#9848=CARTESIAN_POINT('',(82.0991025775638,-286.555330213324,-23.6500000000067));
#9849=CARTESIAN_POINT('Ctrl Pts',(82.0991025775638,-286.555330213324,-23.6500000000067));
#9850=CARTESIAN_POINT('Ctrl Pts',(82.3764525264468,-286.555330213324,-23.6500000000067));
#9851=CARTESIAN_POINT('Ctrl Pts',(82.5428627341952,-286.53992241265,-23.6500000000067));
#9852=CARTESIAN_POINT('',(82.0991025775638,-286.555330213324,-23.2500000000067));
#9853=CARTESIAN_POINT('',(82.0991025775638,-286.555330213324,-23.6500000000067));
#9854=CARTESIAN_POINT('Ctrl Pts',(82.0991025775638,-286.555330213324,-23.2500000000067));
#9855=CARTESIAN_POINT('Ctrl Pts',(82.3764525264468,-286.555330213324,-23.2500000000067));
#9856=CARTESIAN_POINT('Ctrl Pts',(82.5428627341952,-286.53992241265,-23.2500000000067));
#9857=CARTESIAN_POINT('Ctrl Pts',(81.6676698535647,-286.543002780692,-23.6500000000067));
#9858=CARTESIAN_POINT('Ctrl Pts',(81.6676698535647,-286.543002780692,-23.1700000000067));
#9859=CARTESIAN_POINT('Ctrl Pts',(81.90187617242,-286.555330213324,-23.6500000000067));
#9860=CARTESIAN_POINT('Ctrl Pts',(81.90187617242,-286.555330213324,-23.1700000000067));
#9861=CARTESIAN_POINT('Ctrl Pts',(82.0991025775638,-286.555330213324,-23.6500000000067));
#9862=CARTESIAN_POINT('Ctrl Pts',(82.0991025775638,-286.555330213324,-23.1700000000067));
#9863=CARTESIAN_POINT('',(81.6676698535647,-286.543002780692,-23.6500000000067));
#9864=CARTESIAN_POINT('Ctrl Pts',(81.6676698535647,-286.543002780692,-23.6500000000067));
#9865=CARTESIAN_POINT('Ctrl Pts',(81.90187617242,-286.555330213324,-23.6500000000067));
#9866=CARTESIAN_POINT('Ctrl Pts',(82.0991025775638,-286.555330213324,-23.6500000000067));
#9867=CARTESIAN_POINT('',(81.6676698535647,-286.543002780692,-23.2500000000067));
#9868=CARTESIAN_POINT('',(81.6676698535647,-286.543002780692,-23.6500000000067));
#9869=CARTESIAN_POINT('Ctrl Pts',(81.6676698535647,-286.543002780692,-23.2500000000067));
#9870=CARTESIAN_POINT('Ctrl Pts',(81.90187617242,-286.555330213324,-23.2500000000067));
#9871=CARTESIAN_POINT('Ctrl Pts',(82.0991025775638,-286.555330213324,-23.2500000000067));
#9872=CARTESIAN_POINT('Ctrl Pts',(81.2608896106449,-286.459798272864,-23.6500000000067));
#9873=CARTESIAN_POINT('Ctrl Pts',(81.2608896106449,-286.459798272864,-23.1700000000067));
#9874=CARTESIAN_POINT('Ctrl Pts',(81.4642797321048,-286.524513419882,-23.6500000000067));
#9875=CARTESIAN_POINT('Ctrl Pts',(81.4642797321048,-286.524513419882,-23.1700000000067));
#9876=CARTESIAN_POINT('Ctrl Pts',(81.6676698535647,-286.543002780692,-23.6500000000067));
#9877=CARTESIAN_POINT('Ctrl Pts',(81.6676698535647,-286.543002780692,-23.1700000000067));
#9878=CARTESIAN_POINT('',(81.2608896106449,-286.459798272864,-23.6500000000067));
#9879=CARTESIAN_POINT('Ctrl Pts',(81.2608896106449,-286.459798272864,-23.6500000000067));
#9880=CARTESIAN_POINT('Ctrl Pts',(81.4642797321048,-286.524513419882,-23.6500000000067));
#9881=CARTESIAN_POINT('Ctrl Pts',(81.6676698535647,-286.543002780692,-23.6500000000067));
#9882=CARTESIAN_POINT('',(81.2608896106449,-286.459798272864,-23.2500000000067));
#9883=CARTESIAN_POINT('',(81.2608896106449,-286.459798272864,-23.6500000000067));
#9884=CARTESIAN_POINT('Ctrl Pts',(81.2608896106449,-286.459798272864,-23.2500000000067));
#9885=CARTESIAN_POINT('Ctrl Pts',(81.4642797321048,-286.524513419882,-23.2500000000067));
#9886=CARTESIAN_POINT('Ctrl Pts',(81.6676698535647,-286.543002780692,-23.2500000000067));
#9887=CARTESIAN_POINT('Ctrl Pts',(80.9403966277805,-286.29030650498,-23.6500000000068));
#9888=CARTESIAN_POINT('Ctrl Pts',(80.9403966277805,-286.29030650498,-23.1700000000067));
#9889=CARTESIAN_POINT('Ctrl Pts',(81.0575000852313,-286.395083125845,-23.6500000000068));
#9890=CARTESIAN_POINT('Ctrl Pts',(81.0575000852313,-286.395083125845,-23.1700000000067));
#9891=CARTESIAN_POINT('Ctrl Pts',(81.2608896106449,-286.459798272864,-23.6500000000067));
#9892=CARTESIAN_POINT('Ctrl Pts',(81.2608896106449,-286.459798272864,-23.1700000000066));
#9893=CARTESIAN_POINT('',(80.9403966277805,-286.29030650498,-23.6500000000068));
#9894=CARTESIAN_POINT('Ctrl Pts',(80.9403966277805,-286.29030650498,-23.6500000000068));
#9895=CARTESIAN_POINT('Ctrl Pts',(81.0575000852313,-286.395083125845,-23.6500000000068));
#9896=CARTESIAN_POINT('Ctrl Pts',(81.2608896106449,-286.459798272864,-23.6500000000067));
#9897=CARTESIAN_POINT('',(80.9403966277805,-286.29030650498,-23.2500000000068));
#9898=CARTESIAN_POINT('',(80.9403966277805,-286.29030650498,-23.6500000000068));
#9899=CARTESIAN_POINT('Ctrl Pts',(80.9403966277805,-286.29030650498,-23.2500000000068));
#9900=CARTESIAN_POINT('Ctrl Pts',(81.0575000852313,-286.395083125845,-23.2500000000068));
#9901=CARTESIAN_POINT('Ctrl Pts',(81.2608896106449,-286.459798272864,-23.2500000000067));
#9902=CARTESIAN_POINT('Ctrl Pts',(80.7185171455113,-285.951324161307,-23.6500000000068));
#9903=CARTESIAN_POINT('Ctrl Pts',(80.7185171455113,-285.951324161307,-23.1700000000068));
#9904=CARTESIAN_POINT('Ctrl Pts',(80.8048038095204,-286.167040523306,-23.6500000000068));
#9905=CARTESIAN_POINT('Ctrl Pts',(80.8048038095204,-286.167040523306,-23.1700000000068));
#9906=CARTESIAN_POINT('Ctrl Pts',(80.9403966277805,-286.29030650498,-23.6500000000068));
#9907=CARTESIAN_POINT('Ctrl Pts',(80.9403966277805,-286.29030650498,-23.1700000000068));
#9908=CARTESIAN_POINT('',(80.7185171455113,-285.951324161307,-23.6500000000068));
#9909=CARTESIAN_POINT('Ctrl Pts',(80.7185171455113,-285.951324161307,-23.6500000000068));
#9910=CARTESIAN_POINT('Ctrl Pts',(80.8048038095204,-286.167040523306,-23.6500000000068));
#9911=CARTESIAN_POINT('Ctrl Pts',(80.9403966277805,-286.29030650498,-23.6500000000068));
#9912=CARTESIAN_POINT('',(80.7185171455113,-285.951324161307,-23.2500000000068));
#9913=CARTESIAN_POINT('',(80.7185171455113,-285.951324161307,-23.6500000000068));
#9914=CARTESIAN_POINT('Ctrl Pts',(80.7185171455113,-285.951324161307,-23.2500000000068));
#9915=CARTESIAN_POINT('Ctrl Pts',(80.8048038095204,-286.167040523306,-23.2500000000068));
#9916=CARTESIAN_POINT('Ctrl Pts',(80.9403966277805,-286.29030650498,-23.2500000000068));
#9917=CARTESIAN_POINT('Ctrl Pts',(80.6322304815024,-285.452094730154,-23.6500000000068));
#9918=CARTESIAN_POINT('Ctrl Pts',(80.6322304815024,-285.452094730154,-23.1700000000068));
#9919=CARTESIAN_POINT('Ctrl Pts',(80.6322304815023,-285.735607799307,-23.6500000000068));
#9920=CARTESIAN_POINT('Ctrl Pts',(80.6322304815023,-285.735607799307,-23.1700000000068));
#9921=CARTESIAN_POINT('Ctrl Pts',(80.7185171455113,-285.951324161307,-23.6500000000068));
#9922=CARTESIAN_POINT('Ctrl Pts',(80.7185171455113,-285.951324161307,-23.1700000000068));
#9923=CARTESIAN_POINT('',(80.6322304815024,-285.452094730154,-23.6500000000068));
#9924=CARTESIAN_POINT('Ctrl Pts',(80.6322304815024,-285.452094730154,-23.6500000000068));
#9925=CARTESIAN_POINT('Ctrl Pts',(80.6322304815023,-285.735607799307,-23.6500000000068));
#9926=CARTESIAN_POINT('Ctrl Pts',(80.7185171455113,-285.951324161307,-23.6500000000068));
#9927=CARTESIAN_POINT('',(80.6322304815024,-285.452094730154,-23.2500000000068));
#9928=CARTESIAN_POINT('',(80.6322304815024,-285.452094730154,-23.6500000000068));
#9929=CARTESIAN_POINT('Ctrl Pts',(80.6322304815024,-285.452094730154,-23.2500000000068));
#9930=CARTESIAN_POINT('Ctrl Pts',(80.6322304815023,-285.735607799307,-23.2500000000068));
#9931=CARTESIAN_POINT('Ctrl Pts',(80.7185171455113,-285.951324161307,-23.2500000000068));
#9932=CARTESIAN_POINT('Origin',(80.6322304815029,-283.535298761145,-23.6500000000068));
#9933=CARTESIAN_POINT('',(80.6322304815029,-283.535298761145,-23.6500000000068));
#9934=CARTESIAN_POINT('',(80.6322304815021,-286.480599262725,-23.6500000000064));
#9935=CARTESIAN_POINT('',(80.6322304815029,-283.535298761145,-23.2500000000068));
#9936=CARTESIAN_POINT('',(80.6322304815029,-283.535298761145,-23.6500000000068));
#9937=CARTESIAN_POINT('',(80.6322304815029,-283.535298761145,-23.2500000000068));
#9938=CARTESIAN_POINT('Ctrl Pts',(80.7246802657819,-283.029906209723,-23.6500000000067));
#9939=CARTESIAN_POINT('Ctrl Pts',(80.7246802657819,-283.029906209723,-23.1700000000067));
#9940=CARTESIAN_POINT('Ctrl Pts',(80.632230481503,-283.239459451453,-23.6500000000067));
#9941=CARTESIAN_POINT('Ctrl Pts',(80.632230481503,-283.239459451453,-23.1700000000067));
#9942=CARTESIAN_POINT('Ctrl Pts',(80.6322304815029,-283.535298761145,-23.6500000000068));
#9943=CARTESIAN_POINT('Ctrl Pts',(80.6322304815029,-283.535298761145,-23.1700000000068));
#9944=CARTESIAN_POINT('',(80.7246802657819,-283.029906209723,-23.6500000000067));
#9945=CARTESIAN_POINT('Ctrl Pts',(80.7246802657819,-283.029906209723,-23.6500000000067));
#9946=CARTESIAN_POINT('Ctrl Pts',(80.632230481503,-283.239459451453,-23.6500000000067));
#9947=CARTESIAN_POINT('Ctrl Pts',(80.6322304815029,-283.535298761145,-23.6500000000068));
#9948=CARTESIAN_POINT('',(80.7246802657819,-283.029906209723,-23.2500000000067));
#9949=CARTESIAN_POINT('',(80.7246802657819,-283.029906209723,-23.6500000000067));
#9950=CARTESIAN_POINT('Ctrl Pts',(80.7246802657819,-283.029906209723,-23.2500000000067));
#9951=CARTESIAN_POINT('Ctrl Pts',(80.632230481503,-283.239459451453,-23.2500000000067));
#9952=CARTESIAN_POINT('Ctrl Pts',(80.6322304815029,-283.535298761145,-23.2500000000068));
#9953=CARTESIAN_POINT('Ctrl Pts',(80.9403966277815,-282.700168546454,-23.6500000000067));
#9954=CARTESIAN_POINT('Ctrl Pts',(80.9403966277815,-282.700168546454,-23.1700000000067));
#9955=CARTESIAN_POINT('Ctrl Pts',(80.8109669297911,-282.814189847723,-23.6500000000067));
#9956=CARTESIAN_POINT('Ctrl Pts',(80.8109669297911,-282.814189847723,-23.1700000000067));
#9957=CARTESIAN_POINT('Ctrl Pts',(80.7246802657819,-283.029906209723,-23.6500000000067));
#9958=CARTESIAN_POINT('Ctrl Pts',(80.7246802657819,-283.029906209723,-23.1700000000067));
#9959=CARTESIAN_POINT('',(80.9403966277815,-282.700168546454,-23.6500000000067));
#9960=CARTESIAN_POINT('Ctrl Pts',(80.9403966277815,-282.700168546454,-23.6500000000067));
#9961=CARTESIAN_POINT('Ctrl Pts',(80.8109669297911,-282.814189847723,-23.6500000000067));
#9962=CARTESIAN_POINT('Ctrl Pts',(80.7246802657819,-283.029906209723,-23.6500000000067));
#9963=CARTESIAN_POINT('',(80.9403966277815,-282.700168546454,-23.2500000000067));
#9964=CARTESIAN_POINT('',(80.9403966277815,-282.700168546454,-23.6500000000067));
#9965=CARTESIAN_POINT('Ctrl Pts',(80.9403966277815,-282.700168546454,-23.2500000000067));
#9966=CARTESIAN_POINT('Ctrl Pts',(80.8109669297911,-282.814189847723,-23.2500000000067));
#9967=CARTESIAN_POINT('Ctrl Pts',(80.7246802657819,-283.029906209723,-23.2500000000067));
#9968=CARTESIAN_POINT('Ctrl Pts',(81.2793801635482,-282.524513658301,-23.6500000000066));
#9969=CARTESIAN_POINT('Ctrl Pts',(81.2793801635482,-282.524513658301,-23.1700000000066));
#9970=CARTESIAN_POINT('Ctrl Pts',(81.0698269218184,-282.586147245184,-23.6500000000067));
#9971=CARTESIAN_POINT('Ctrl Pts',(81.0698269218184,-282.586147245184,-23.1700000000067));
#9972=CARTESIAN_POINT('Ctrl Pts',(80.9403966277815,-282.700168546454,-23.6500000000067));
#9973=CARTESIAN_POINT('Ctrl Pts',(80.9403966277815,-282.700168546454,-23.1700000000067));
#9974=CARTESIAN_POINT('',(81.2793801635482,-282.524513658301,-23.6500000000066));
#9975=CARTESIAN_POINT('Ctrl Pts',(81.2793801635482,-282.524513658301,-23.6500000000066));
#9976=CARTESIAN_POINT('Ctrl Pts',(81.0698269218184,-282.586147245184,-23.6500000000067));
#9977=CARTESIAN_POINT('Ctrl Pts',(80.9403966277815,-282.700168546454,-23.6500000000067));
#9978=CARTESIAN_POINT('',(81.2793801635482,-282.524513658301,-23.2500000000066));
#9979=CARTESIAN_POINT('',(81.2793801635482,-282.524513658301,-23.6500000000066));
#9980=CARTESIAN_POINT('Ctrl Pts',(81.2793801635482,-282.524513658301,-23.2500000000066));
#9981=CARTESIAN_POINT('Ctrl Pts',(81.0698269218184,-282.586147245184,-23.2500000000067));
#9982=CARTESIAN_POINT('Ctrl Pts',(80.9403966277815,-282.700168546454,-23.2500000000067));
#9983=CARTESIAN_POINT('Ctrl Pts',(81.6553430169799,-282.450553830878,-23.6500000000066));
#9984=CARTESIAN_POINT('Ctrl Pts',(81.6553430169799,-282.450553830878,-23.1700000000066));
#9985=CARTESIAN_POINT('Ctrl Pts',(81.4827696889617,-282.469043191687,-23.6500000000066));
#9986=CARTESIAN_POINT('Ctrl Pts',(81.4827696889617,-282.469043191687,-23.1700000000066));
#9987=CARTESIAN_POINT('Ctrl Pts',(81.2793801635482,-282.524513658301,-23.6500000000066));
#9988=CARTESIAN_POINT('Ctrl Pts',(81.2793801635482,-282.524513658301,-23.1700000000066));
#9989=CARTESIAN_POINT('',(81.6553430169799,-282.450553830878,-23.6500000000066));
#9990=CARTESIAN_POINT('Ctrl Pts',(81.6553430169799,-282.450553830878,-23.6500000000066));
#9991=CARTESIAN_POINT('Ctrl Pts',(81.4827696889617,-282.469043191687,-23.6500000000066));
#9992=CARTESIAN_POINT('Ctrl Pts',(81.2793801635482,-282.524513658301,-23.6500000000066));
#9993=CARTESIAN_POINT('',(81.6553430169799,-282.450553830878,-23.2500000000066));
#9994=CARTESIAN_POINT('',(81.6553430169799,-282.450553830878,-23.6500000000066));
#9995=CARTESIAN_POINT('Ctrl Pts',(81.6553430169799,-282.450553830878,-23.2500000000066));
#9996=CARTESIAN_POINT('Ctrl Pts',(81.4827696889617,-282.469043191687,-23.2500000000066));
#9997=CARTESIAN_POINT('Ctrl Pts',(81.2793801635482,-282.524513658301,-23.2500000000066));
#9998=CARTESIAN_POINT('Ctrl Pts',(82.0991025775649,-282.432063277976,-23.6500000000067));
#9999=CARTESIAN_POINT('Ctrl Pts',(82.0991025775649,-282.432063277976,-23.1700000000066));
#10000=CARTESIAN_POINT('Ctrl Pts',(81.8279163449981,-282.432063277976,-23.6500000000066));
#10001=CARTESIAN_POINT('Ctrl Pts',(81.8279163449981,-282.432063277976,-23.1700000000065));
#10002=CARTESIAN_POINT('Ctrl Pts',(81.6553430169799,-282.450553830878,-23.6500000000066));
#10003=CARTESIAN_POINT('Ctrl Pts',(81.6553430169799,-282.450553830878,-23.1700000000065));
#10004=CARTESIAN_POINT('',(82.0991025775649,-282.432063277976,-23.6500000000067));
#10005=CARTESIAN_POINT('Ctrl Pts',(82.0991025775649,-282.432063277976,-23.6500000000067));
#10006=CARTESIAN_POINT('Ctrl Pts',(81.8279163449981,-282.432063277976,-23.6500000000066));
#10007=CARTESIAN_POINT('Ctrl Pts',(81.6553430169799,-282.450553830878,-23.6500000000066));
#10008=CARTESIAN_POINT('',(82.0991025775649,-282.432063277976,-23.2500000000067));
#10009=CARTESIAN_POINT('',(82.0991025775649,-282.432063277976,-23.6500000000067));
#10010=CARTESIAN_POINT('Ctrl Pts',(82.0991025775649,-282.432063277976,-23.2500000000067));
#10011=CARTESIAN_POINT('Ctrl Pts',(81.8279163449981,-282.432063277976,-23.2500000000066));
#10012=CARTESIAN_POINT('Ctrl Pts',(81.6553430169799,-282.450553830878,-23.2500000000066));
#10013=CARTESIAN_POINT('Ctrl Pts',(82.5243721812942,-282.450553830878,-23.6500000000067));
#10014=CARTESIAN_POINT('Ctrl Pts',(82.5243721812942,-282.450553830878,-23.1700000000067));
#10015=CARTESIAN_POINT('Ctrl Pts',(82.351798853276,-282.432063277976,-23.6500000000067));
#10016=CARTESIAN_POINT('Ctrl Pts',(82.351798853276,-282.432063277976,-23.1700000000067));
#10017=CARTESIAN_POINT('Ctrl Pts',(82.0991025775649,-282.432063277976,-23.6500000000067));
#10018=CARTESIAN_POINT('Ctrl Pts',(82.0991025775649,-282.432063277976,-23.1700000000067));
#10019=CARTESIAN_POINT('Ctrl Pts',(82.5243721812942,-282.450553830878,-23.6500000000067));
#10020=CARTESIAN_POINT('Ctrl Pts',(82.351798853276,-282.432063277976,-23.6500000000067));
#10021=CARTESIAN_POINT('Ctrl Pts',(82.0991025775649,-282.432063277976,-23.6500000000067));
#10022=CARTESIAN_POINT('Ctrl Pts',(82.5243721812942,-282.450553830878,-23.2500000000067));
#10023=CARTESIAN_POINT('Ctrl Pts',(82.351798853276,-282.432063277976,-23.2500000000067));
#10024=CARTESIAN_POINT('Ctrl Pts',(82.0991025775649,-282.432063277976,-23.2500000000067));
#10025=CARTESIAN_POINT('Origin',(82.2038790494165,-288.425899651067,-23.2500000000067));
#10026=CARTESIAN_POINT('Origin',(79.9111209720351,-282.493696864859,-23.6500000000067));
#10027=CARTESIAN_POINT('',(79.9111209720351,-282.493696864859,-23.6500000000067));
#10028=CARTESIAN_POINT('',(77.1006433576324,-282.493696864858,-23.6500000000067));
#10029=CARTESIAN_POINT('',(91.3075001524826,-282.493696864862,-23.6500000000063));
#10030=CARTESIAN_POINT('',(79.9111209720351,-282.493696864859,-23.2500000000067));
#10031=CARTESIAN_POINT('',(79.9111209720351,-282.493696864859,-23.6500000000067));
#10032=CARTESIAN_POINT('',(77.1006433576324,-282.493696864858,-23.2500000000067));
#10033=CARTESIAN_POINT('',(79.9111209720351,-282.493696864859,-23.2500000000067));
#10034=CARTESIAN_POINT('',(77.1006433576324,-282.493696864858,-23.6500000000067));
#10035=CARTESIAN_POINT('Origin',(79.911120972035,-283.165499624029,-23.6500000000067));
#10036=CARTESIAN_POINT('',(79.911120972035,-283.165499624029,-23.6500000000067));
#10037=CARTESIAN_POINT('',(79.9111209720341,-286.295699694167,-23.6500000000064));
#10038=CARTESIAN_POINT('',(79.911120972035,-283.165499624029,-23.2500000000067));
#10039=CARTESIAN_POINT('',(79.911120972035,-283.165499624029,-23.6500000000067));
#10040=CARTESIAN_POINT('',(79.911120972035,-283.165499624029,-23.2500000000067));
#10041=CARTESIAN_POINT('Origin',(77.9881630748487,-283.165499624029,-23.6500000000067));
#10042=CARTESIAN_POINT('',(77.9881630748487,-283.165499624029,-23.6500000000067));
#10043=CARTESIAN_POINT('',(90.3460212038893,-283.165499624032,-23.6500000000063));
#10044=CARTESIAN_POINT('',(77.9881630748487,-283.165499624029,-23.2500000000067));
#10045=CARTESIAN_POINT('',(77.9881630748487,-283.165499624029,-23.6500000000067));
#10046=CARTESIAN_POINT('',(77.9881630748487,-283.165499624029,-23.2500000000067));
#10047=CARTESIAN_POINT('Origin',(77.9881630748486,-283.368889745489,-23.6500000000067));
#10048=CARTESIAN_POINT('',(77.9881630748486,-283.368889745489,-23.6500000000067));
#10049=CARTESIAN_POINT('',(77.9881630748477,-286.397394754897,-23.6500000000064));
#10050=CARTESIAN_POINT('',(77.9881630748486,-283.368889745489,-23.2500000000067));
#10051=CARTESIAN_POINT('',(77.9881630748486,-283.368889745489,-23.6500000000067));
#10052=CARTESIAN_POINT('',(77.9881630748486,-283.368889745489,-23.2500000000067));
#10053=CARTESIAN_POINT('Ctrl Pts',(78.1699810832714,-283.689382728353,-23.6500000000067));
#10054=CARTESIAN_POINT('Ctrl Pts',(78.1699810832714,-283.689382728353,-23.1700000000067));
#10055=CARTESIAN_POINT('Ctrl Pts',(77.9881630748486,-283.553789314046,-23.6500000000067));
#10056=CARTESIAN_POINT('Ctrl Pts',(77.9881630748486,-283.553789314046,-23.1700000000067));
#10057=CARTESIAN_POINT('Ctrl Pts',(77.9881630748486,-283.368889745489,-23.6500000000067));
#10058=CARTESIAN_POINT('Ctrl Pts',(77.9881630748486,-283.368889745489,-23.1700000000067));
#10059=CARTESIAN_POINT('',(78.1699810832714,-283.689382728353,-23.6500000000067));
#10060=CARTESIAN_POINT('Ctrl Pts',(78.1699810832714,-283.689382728353,-23.6500000000067));
#10061=CARTESIAN_POINT('Ctrl Pts',(77.9881630748486,-283.553789314046,-23.6500000000067));
#10062=CARTESIAN_POINT('Ctrl Pts',(77.9881630748486,-283.368889745489,-23.6500000000067));
#10063=CARTESIAN_POINT('',(78.1699810832714,-283.689382728353,-23.2500000000067));
#10064=CARTESIAN_POINT('',(78.1699810832714,-283.689382728353,-23.6500000000067));
#10065=CARTESIAN_POINT('Ctrl Pts',(78.1699810832714,-283.689382728353,-23.2500000000067));
#10066=CARTESIAN_POINT('Ctrl Pts',(77.9881630748486,-283.553789314046,-23.2500000000067));
#10067=CARTESIAN_POINT('Ctrl Pts',(77.9881630748486,-283.368889745489,-23.2500000000067));
#10068=CARTESIAN_POINT('Ctrl Pts',(78.6661289542888,-283.935915883795,-23.6500000000067));
#10069=CARTESIAN_POINT('Ctrl Pts',(78.6661289542888,-283.935915883795,-23.1700000000067));
#10070=CARTESIAN_POINT('Ctrl Pts',(78.3517990916942,-283.82497614266,-23.6500000000067));
#10071=CARTESIAN_POINT('Ctrl Pts',(78.3517990916942,-283.82497614266,-23.1700000000067));
#10072=CARTESIAN_POINT('Ctrl Pts',(78.1699810832714,-283.689382728353,-23.6500000000067));
#10073=CARTESIAN_POINT('Ctrl Pts',(78.1699810832714,-283.689382728353,-23.1700000000067));
#10074=CARTESIAN_POINT('',(78.6661289542888,-283.935915883795,-23.6500000000067));
#10075=CARTESIAN_POINT('Ctrl Pts',(78.6661289542888,-283.935915883795,-23.6500000000067));
#10076=CARTESIAN_POINT('Ctrl Pts',(78.3517990916942,-283.82497614266,-23.6500000000067));
#10077=CARTESIAN_POINT('Ctrl Pts',(78.1699810832714,-283.689382728353,-23.6500000000067));
#10078=CARTESIAN_POINT('',(78.6661289542888,-283.935915883795,-23.2500000000067));
#10079=CARTESIAN_POINT('',(78.6661289542888,-283.935915883795,-23.6500000000067));
#10080=CARTESIAN_POINT('Ctrl Pts',(78.6661289542888,-283.935915883795,-23.2500000000067));
#10081=CARTESIAN_POINT('Ctrl Pts',(78.3517990916942,-283.82497614266,-23.2500000000067));
#10082=CARTESIAN_POINT('Ctrl Pts',(78.1699810832714,-283.689382728353,-23.2500000000067));
#10083=CARTESIAN_POINT('Ctrl Pts',(79.2331550925944,-284.145469125524,-23.6500000000067));
#10084=CARTESIAN_POINT('Ctrl Pts',(79.2331550925944,-284.145469125524,-23.1700000000067));
#10085=CARTESIAN_POINT('Ctrl Pts',(78.9558051437113,-284.028365072027,-23.6500000000067));
#10086=CARTESIAN_POINT('Ctrl Pts',(78.9558051437113,-284.028365072027,-23.1700000000067));
#10087=CARTESIAN_POINT('Ctrl Pts',(78.6661289542888,-283.935915883795,-23.6500000000067));
#10088=CARTESIAN_POINT('Ctrl Pts',(78.6661289542888,-283.935915883795,-23.1700000000067));
#10089=CARTESIAN_POINT('',(79.2331550925944,-284.145469125524,-23.6500000000067));
#10090=CARTESIAN_POINT('Ctrl Pts',(79.2331550925944,-284.145469125524,-23.6500000000067));
#10091=CARTESIAN_POINT('Ctrl Pts',(78.9558051437113,-284.028365072027,-23.6500000000067));
#10092=CARTESIAN_POINT('Ctrl Pts',(78.6661289542888,-283.935915883795,-23.6500000000067));
#10093=CARTESIAN_POINT('',(79.2331550925944,-284.145469125524,-23.2500000000067));
#10094=CARTESIAN_POINT('',(79.2331550925944,-284.145469125524,-23.6500000000067));
#10095=CARTESIAN_POINT('Ctrl Pts',(79.2331550925944,-284.145469125524,-23.2500000000067));
#10096=CARTESIAN_POINT('Ctrl Pts',(78.9558051437113,-284.028365072027,-23.2500000000067));
#10097=CARTESIAN_POINT('Ctrl Pts',(78.6661289542888,-283.935915883795,-23.2500000000067));
#10098=CARTESIAN_POINT('Ctrl Pts',(79.7169761270257,-284.493697341696,-23.6500000000068));
#10099=CARTESIAN_POINT('Ctrl Pts',(79.7169761270257,-284.493697341696,-23.1700000000067));
#10100=CARTESIAN_POINT('Ctrl Pts',(79.5289944022867,-284.262571986929,-23.6500000000067));
#10101=CARTESIAN_POINT('Ctrl Pts',(79.5289944022867,-284.262571986929,-23.1700000000066));
#10102=CARTESIAN_POINT('Ctrl Pts',(79.2331550925944,-284.145469125524,-23.6500000000067));
#10103=CARTESIAN_POINT('Ctrl Pts',(79.2331550925944,-284.145469125524,-23.1700000000066));
#10104=CARTESIAN_POINT('',(79.7169761270257,-284.493697341696,-23.6500000000068));
#10105=CARTESIAN_POINT('Ctrl Pts',(79.7169761270257,-284.493697341696,-23.6500000000068));
#10106=CARTESIAN_POINT('Ctrl Pts',(79.5289944022867,-284.262571986929,-23.6500000000067));
#10107=CARTESIAN_POINT('Ctrl Pts',(79.2331550925944,-284.145469125524,-23.6500000000067));
#10108=CARTESIAN_POINT('',(79.7169761270257,-284.493697341696,-23.2500000000068));
#10109=CARTESIAN_POINT('',(79.7169761270257,-284.493697341696,-23.6500000000068));
#10110=CARTESIAN_POINT('Ctrl Pts',(79.7169761270257,-284.493697341696,-23.2500000000068));
#10111=CARTESIAN_POINT('Ctrl Pts',(79.5289944022867,-284.262571986929,-23.2500000000067));
#10112=CARTESIAN_POINT('Ctrl Pts',(79.2331550925944,-284.145469125524,-23.2500000000067));
#10113=CARTESIAN_POINT('Ctrl Pts',(79.9049578517646,-285.039151366964,-23.6500000000068));
#10114=CARTESIAN_POINT('Ctrl Pts',(79.9049578517646,-285.039151366964,-23.1700000000068));
#10115=CARTESIAN_POINT('Ctrl Pts',(79.9049578517647,-284.72482150437,-23.6500000000068));
#10116=CARTESIAN_POINT('Ctrl Pts',(79.9049578517647,-284.72482150437,-23.1700000000068));
#10117=CARTESIAN_POINT('Ctrl Pts',(79.7169761270257,-284.493697341696,-23.6500000000068));
#10118=CARTESIAN_POINT('Ctrl Pts',(79.7169761270257,-284.493697341696,-23.1700000000068));
#10119=CARTESIAN_POINT('',(79.9049578517646,-285.039151366964,-23.6500000000068));
#10120=CARTESIAN_POINT('Ctrl Pts',(79.9049578517646,-285.039151366964,-23.6500000000068));
#10121=CARTESIAN_POINT('Ctrl Pts',(79.9049578517647,-284.72482150437,-23.6500000000068));
#10122=CARTESIAN_POINT('Ctrl Pts',(79.7169761270257,-284.493697341696,-23.6500000000068));
#10123=CARTESIAN_POINT('',(79.9049578517646,-285.039151366964,-23.2500000000068));
#10124=CARTESIAN_POINT('',(79.9049578517646,-285.039151366964,-23.6500000000068));
#10125=CARTESIAN_POINT('Ctrl Pts',(79.9049578517646,-285.039151366964,-23.2500000000068));
#10126=CARTESIAN_POINT('Ctrl Pts',(79.9049578517647,-284.72482150437,-23.2500000000068));
#10127=CARTESIAN_POINT('Ctrl Pts',(79.7169761270257,-284.493697341696,-23.2500000000068));
#10128=CARTESIAN_POINT('Origin',(79.9049578517645,-285.593851264731,-23.6500000000068));
#10129=CARTESIAN_POINT('',(79.9049578517645,-285.593851264731,-23.6500000000068));
#10130=CARTESIAN_POINT('',(79.9049578517639,-287.509875514518,-23.6500000000064));
#10131=CARTESIAN_POINT('',(79.9049578517645,-285.593851264731,-23.2500000000068));
#10132=CARTESIAN_POINT('',(79.9049578517645,-285.593851264731,-23.6500000000068));
#10133=CARTESIAN_POINT('',(79.9049578517645,-285.593851264731,-23.2500000000068));
#10134=CARTESIAN_POINT('Ctrl Pts',(79.5505665153232,-286.333449538961,-23.6500000000068));
#10135=CARTESIAN_POINT('Ctrl Pts',(79.5505665153232,-286.333449538961,-23.1700000000068));
#10136=CARTESIAN_POINT('Ctrl Pts',(79.9049578517643,-286.111570056692,-23.6500000000068));
#10137=CARTESIAN_POINT('Ctrl Pts',(79.9049578517643,-286.111570056692,-23.1700000000068));
#10138=CARTESIAN_POINT('Ctrl Pts',(79.9049578517645,-285.593851264731,-23.6500000000068));
#10139=CARTESIAN_POINT('Ctrl Pts',(79.9049578517645,-285.593851264731,-23.1700000000068));
#10140=CARTESIAN_POINT('',(79.5505665153232,-286.333449538961,-23.6500000000068));
#10141=CARTESIAN_POINT('Ctrl Pts',(79.5505665153232,-286.333449538961,-23.6500000000068));
#10142=CARTESIAN_POINT('Ctrl Pts',(79.9049578517643,-286.111570056692,-23.6500000000068));
#10143=CARTESIAN_POINT('Ctrl Pts',(79.9049578517645,-285.593851264731,-23.6500000000068));
#10144=CARTESIAN_POINT('',(79.5505665153232,-286.333449538961,-23.2500000000068));
#10145=CARTESIAN_POINT('',(79.5505665153232,-286.333449538961,-23.6500000000068));
#10146=CARTESIAN_POINT('Ctrl Pts',(79.5505665153232,-286.333449538961,-23.2500000000068));
#10147=CARTESIAN_POINT('Ctrl Pts',(79.9049578517643,-286.111570056692,-23.2500000000068));
#10148=CARTESIAN_POINT('Ctrl Pts',(79.9049578517645,-285.593851264731,-23.2500000000068));
#10149=CARTESIAN_POINT('Ctrl Pts',(78.4689025491443,-286.555330213323,-23.6500000000068));
#10150=CARTESIAN_POINT('Ctrl Pts',(78.4689025491443,-286.555330213323,-23.1700000000068));
#10151=CARTESIAN_POINT('Ctrl Pts',(79.1961751788821,-286.555330213323,-23.6500000000068));
#10152=CARTESIAN_POINT('Ctrl Pts',(79.1961751788821,-286.555330213323,-23.1700000000068));
#10153=CARTESIAN_POINT('Ctrl Pts',(79.5505665153232,-286.333449538961,-23.6500000000068));
#10154=CARTESIAN_POINT('Ctrl Pts',(79.5505665153232,-286.333449538961,-23.1700000000068));
#10155=CARTESIAN_POINT('',(78.4689025491443,-286.555330213323,-23.6500000000068));
#10156=CARTESIAN_POINT('Ctrl Pts',(78.4689025491443,-286.555330213323,-23.6500000000068));
#10157=CARTESIAN_POINT('Ctrl Pts',(79.1961751788821,-286.555330213323,-23.6500000000068));
#10158=CARTESIAN_POINT('Ctrl Pts',(79.5505665153232,-286.333449538961,-23.6500000000068));
#10159=CARTESIAN_POINT('',(78.4689025491443,-286.555330213323,-23.2500000000068));
#10160=CARTESIAN_POINT('',(78.4689025491443,-286.555330213323,-23.6500000000068));
#10161=CARTESIAN_POINT('Ctrl Pts',(78.4689025491443,-286.555330213323,-23.2500000000068));
#10162=CARTESIAN_POINT('Ctrl Pts',(79.1961751788821,-286.555330213323,-23.2500000000068));
#10163=CARTESIAN_POINT('Ctrl Pts',(79.5505665153232,-286.333449538961,-23.2500000000068));
#10164=CARTESIAN_POINT('Ctrl Pts',(77.1807669013706,-286.425899919286,-23.6500000000068));
#10165=CARTESIAN_POINT('Ctrl Pts',(77.1807669013706,-286.425899919286,-23.1700000000068));
#10166=CARTESIAN_POINT('Ctrl Pts',(77.7970997899737,-286.555330213323,-23.6500000000068));
#10167=CARTESIAN_POINT('Ctrl Pts',(77.7970997899737,-286.555330213323,-23.1700000000068));
#10168=CARTESIAN_POINT('Ctrl Pts',(78.4689025491443,-286.555330213323,-23.6500000000068));
#10169=CARTESIAN_POINT('Ctrl Pts',(78.4689025491443,-286.555330213323,-23.1700000000068));
#10170=CARTESIAN_POINT('',(77.1807669013706,-286.425899919286,-23.6500000000068));
#10171=CARTESIAN_POINT('Ctrl Pts',(77.1807669013706,-286.425899919286,-23.6500000000068));
#10172=CARTESIAN_POINT('Ctrl Pts',(77.7970997899737,-286.555330213323,-23.6500000000068));
#10173=CARTESIAN_POINT('Ctrl Pts',(78.4689025491443,-286.555330213323,-23.6500000000068));
#10174=CARTESIAN_POINT('',(77.1807669013706,-286.425899919286,-23.2500000000068));
#10175=CARTESIAN_POINT('',(77.1807669013706,-286.425899919286,-23.6500000000068));
#10176=CARTESIAN_POINT('Ctrl Pts',(77.1807669013706,-286.425899919286,-23.2500000000068));
#10177=CARTESIAN_POINT('Ctrl Pts',(77.7970997899737,-286.555330213323,-23.2500000000068));
#10178=CARTESIAN_POINT('Ctrl Pts',(78.4689025491443,-286.555330213323,-23.2500000000068));
#10179=CARTESIAN_POINT('Origin',(77.1807669013707,-285.747934039846,-23.6500000000067));
#10180=CARTESIAN_POINT('',(77.1807669013707,-285.747934039846,-23.6500000000067));
#10181=CARTESIAN_POINT('',(77.1807669013702,-287.586916902075,-23.6500000000064));
#10182=CARTESIAN_POINT('',(77.1807669013707,-285.747934039846,-23.2500000000067));
#10183=CARTESIAN_POINT('',(77.1807669013707,-285.747934039846,-23.6500000000067));
#10184=CARTESIAN_POINT('',(77.1807669013707,-285.747934039846,-23.2500000000067));
#10185=CARTESIAN_POINT('Ctrl Pts',(78.302492341396,-285.902016814962,-23.6500000000068));
#10186=CARTESIAN_POINT('Ctrl Pts',(78.302492341396,-285.902016814962,-23.1700000000067));
#10187=CARTESIAN_POINT('Ctrl Pts',(77.8772227376668,-285.902016814962,-23.6500000000068));
#10188=CARTESIAN_POINT('Ctrl Pts',(77.8772227376668,-285.902016814962,-23.1700000000067));
#10189=CARTESIAN_POINT('Ctrl Pts',(77.1807669013707,-285.747934039846,-23.6500000000067));
#10190=CARTESIAN_POINT('Ctrl Pts',(77.1807669013707,-285.747934039846,-23.1700000000066));
#10191=CARTESIAN_POINT('',(78.302492341396,-285.902016814962,-23.6500000000068));
#10192=CARTESIAN_POINT('Ctrl Pts',(78.302492341396,-285.902016814962,-23.6500000000068));
#10193=CARTESIAN_POINT('Ctrl Pts',(77.8772227376668,-285.902016814962,-23.6500000000068));
#10194=CARTESIAN_POINT('Ctrl Pts',(77.1807669013707,-285.747934039846,-23.6500000000067));
#10195=CARTESIAN_POINT('',(78.302492341396,-285.902016814962,-23.2500000000068));
#10196=CARTESIAN_POINT('',(78.302492341396,-285.902016814962,-23.6500000000068));
#10197=CARTESIAN_POINT('Ctrl Pts',(78.302492341396,-285.902016814962,-23.2500000000068));
#10198=CARTESIAN_POINT('Ctrl Pts',(77.8772227376668,-285.902016814962,-23.2500000000068));
#10199=CARTESIAN_POINT('Ctrl Pts',(77.1807669013707,-285.747934039846,-23.2500000000067));
#10200=CARTESIAN_POINT('Ctrl Pts',(78.8202117294042,-285.834220107809,-23.6500000000068));
#10201=CARTESIAN_POINT('Ctrl Pts',(78.8202117294042,-285.834220107809,-23.1700000000068));
#10202=CARTESIAN_POINT('Ctrl Pts',(78.6538021177022,-285.902016814962,-23.6500000000068));
#10203=CARTESIAN_POINT('Ctrl Pts',(78.6538021177022,-285.902016814962,-23.1700000000068));
#10204=CARTESIAN_POINT('Ctrl Pts',(78.302492341396,-285.902016814962,-23.6500000000068));
#10205=CARTESIAN_POINT('Ctrl Pts',(78.302492341396,-285.902016814962,-23.1700000000068));
#10206=CARTESIAN_POINT('',(78.8202117294042,-285.834220107809,-23.6500000000068));
#10207=CARTESIAN_POINT('Ctrl Pts',(78.8202117294042,-285.834220107809,-23.6500000000068));
#10208=CARTESIAN_POINT('Ctrl Pts',(78.6538021177022,-285.902016814962,-23.6500000000068));
#10209=CARTESIAN_POINT('Ctrl Pts',(78.302492341396,-285.902016814962,-23.6500000000068));
#10210=CARTESIAN_POINT('',(78.8202117294042,-285.834220107809,-23.2500000000068));
#10211=CARTESIAN_POINT('',(78.8202117294042,-285.834220107809,-23.6500000000068));
#10212=CARTESIAN_POINT('Ctrl Pts',(78.8202117294042,-285.834220107809,-23.2500000000068));
#10213=CARTESIAN_POINT('Ctrl Pts',(78.6538021177022,-285.902016814962,-23.2500000000068));
#10214=CARTESIAN_POINT('Ctrl Pts',(78.302492341396,-285.902016814962,-23.2500000000068));
#10215=CARTESIAN_POINT('Ctrl Pts',(78.9742951005667,-285.581523832098,-23.6500000000068));
#10216=CARTESIAN_POINT('Ctrl Pts',(78.9742951005667,-285.581523832098,-23.1700000000068));
#10217=CARTESIAN_POINT('Ctrl Pts',(78.9742951005666,-285.772587713018,-23.6500000000068));
#10218=CARTESIAN_POINT('Ctrl Pts',(78.9742951005666,-285.772587713018,-23.1700000000068));
#10219=CARTESIAN_POINT('Ctrl Pts',(78.8202117294042,-285.834220107809,-23.6500000000068));
#10220=CARTESIAN_POINT('Ctrl Pts',(78.8202117294042,-285.834220107809,-23.1700000000068));
#10221=CARTESIAN_POINT('',(78.9742951005667,-285.581523832098,-23.6500000000068));
#10222=CARTESIAN_POINT('Ctrl Pts',(78.9742951005667,-285.581523832098,-23.6500000000068));
#10223=CARTESIAN_POINT('Ctrl Pts',(78.9742951005666,-285.772587713018,-23.6500000000068));
#10224=CARTESIAN_POINT('Ctrl Pts',(78.8202117294042,-285.834220107809,-23.6500000000068));
#10225=CARTESIAN_POINT('',(78.9742951005667,-285.581523832098,-23.2500000000068));
#10226=CARTESIAN_POINT('',(78.9742951005667,-285.581523832098,-23.6500000000068));
#10227=CARTESIAN_POINT('Ctrl Pts',(78.9742951005667,-285.581523832098,-23.2500000000068));
#10228=CARTESIAN_POINT('Ctrl Pts',(78.9742951005666,-285.772587713018,-23.2500000000068));
#10229=CARTESIAN_POINT('Ctrl Pts',(78.8202117294042,-285.834220107809,-23.2500000000068));
#10230=CARTESIAN_POINT('Origin',(78.9742951005668,-285.069968160406,-23.6500000000068));
#10231=CARTESIAN_POINT('',(78.9742951005668,-285.069968160406,-23.6500000000068));
#10232=CARTESIAN_POINT('',(78.9742951005662,-287.247933962355,-23.6500000000064));
#10233=CARTESIAN_POINT('',(78.9742951005668,-285.069968160406,-23.2500000000068));
#10234=CARTESIAN_POINT('',(78.9742951005668,-285.069968160406,-23.6500000000068));
#10235=CARTESIAN_POINT('',(78.9742951005668,-285.069968160406,-23.2500000000068));
#10236=CARTESIAN_POINT('Ctrl Pts',(78.8017223685952,-284.792618211523,-23.6500000000067));
#10237=CARTESIAN_POINT('Ctrl Pts',(78.8017223685952,-284.792618211523,-23.1700000000067));
#10238=CARTESIAN_POINT('Ctrl Pts',(78.9742951005668,-284.909721072927,-23.6500000000068));
#10239=CARTESIAN_POINT('Ctrl Pts',(78.9742951005668,-284.909721072927,-23.1700000000068));
#10240=CARTESIAN_POINT('Ctrl Pts',(78.9742951005668,-285.069968160406,-23.6500000000068));
#10241=CARTESIAN_POINT('Ctrl Pts',(78.9742951005668,-285.069968160406,-23.1700000000068));
#10242=CARTESIAN_POINT('',(78.8017223685952,-284.792618211523,-23.6500000000067));
#10243=CARTESIAN_POINT('Ctrl Pts',(78.8017223685952,-284.792618211523,-23.6500000000067));
#10244=CARTESIAN_POINT('Ctrl Pts',(78.9742951005668,-284.909721072927,-23.6500000000068));
#10245=CARTESIAN_POINT('Ctrl Pts',(78.9742951005668,-285.069968160406,-23.6500000000068));
#10246=CARTESIAN_POINT('',(78.8017223685952,-284.792618211523,-23.2500000000067));
#10247=CARTESIAN_POINT('',(78.8017223685952,-284.792618211523,-23.6500000000067));
#10248=CARTESIAN_POINT('Ctrl Pts',(78.8017223685952,-284.792618211523,-23.2500000000067));
#10249=CARTESIAN_POINT('Ctrl Pts',(78.9742951005668,-284.909721072927,-23.2500000000068));
#10250=CARTESIAN_POINT('Ctrl Pts',(78.9742951005668,-285.069968160406,-23.2500000000068));
#10251=CARTESIAN_POINT('Ctrl Pts',(78.3148191779824,-284.570738729253,-23.6500000000067));
#10252=CARTESIAN_POINT('Ctrl Pts',(78.3148191779824,-284.570738729253,-23.1700000000067));
#10253=CARTESIAN_POINT('Ctrl Pts',(78.629149040577,-284.675515350118,-23.6500000000067));
#10254=CARTESIAN_POINT('Ctrl Pts',(78.629149040577,-284.675515350118,-23.1700000000067));
#10255=CARTESIAN_POINT('Ctrl Pts',(78.8017223685952,-284.792618211523,-23.6500000000067));
#10256=CARTESIAN_POINT('Ctrl Pts',(78.8017223685952,-284.792618211523,-23.1700000000067));
#10257=CARTESIAN_POINT('',(78.3148191779824,-284.570738729253,-23.6500000000067));
#10258=CARTESIAN_POINT('Ctrl Pts',(78.3148191779824,-284.570738729253,-23.6500000000067));
#10259=CARTESIAN_POINT('Ctrl Pts',(78.629149040577,-284.675515350118,-23.6500000000067));
#10260=CARTESIAN_POINT('Ctrl Pts',(78.8017223685952,-284.792618211523,-23.6500000000067));
#10261=CARTESIAN_POINT('',(78.3148191779824,-284.570738729253,-23.2500000000067));
#10262=CARTESIAN_POINT('',(78.3148191779824,-284.570738729253,-23.6500000000067));
#10263=CARTESIAN_POINT('Ctrl Pts',(78.3148191779824,-284.570738729253,-23.2500000000067));
#10264=CARTESIAN_POINT('Ctrl Pts',(78.629149040577,-284.675515350118,-23.2500000000067));
#10265=CARTESIAN_POINT('Ctrl Pts',(78.8017223685952,-284.792618211523,-23.2500000000067));
#10266=CARTESIAN_POINT('Ctrl Pts',(77.7662829965326,-284.361185487524,-23.6500000000067));
#10267=CARTESIAN_POINT('Ctrl Pts',(77.7662829965326,-284.361185487524,-23.1700000000067));
#10268=CARTESIAN_POINT('Ctrl Pts',(78.0004893153878,-284.465962108388,-23.6500000000067));
#10269=CARTESIAN_POINT('Ctrl Pts',(78.0004893153878,-284.465962108388,-23.1700000000067));
#10270=CARTESIAN_POINT('Ctrl Pts',(78.3148191779824,-284.570738729253,-23.6500000000067));
#10271=CARTESIAN_POINT('Ctrl Pts',(78.3148191779824,-284.570738729253,-23.1700000000067));
#10272=CARTESIAN_POINT('',(77.7662829965326,-284.361185487524,-23.6500000000067));
#10273=CARTESIAN_POINT('Ctrl Pts',(77.7662829965326,-284.361185487524,-23.6500000000067));
#10274=CARTESIAN_POINT('Ctrl Pts',(78.0004893153878,-284.465962108388,-23.6500000000067));
#10275=CARTESIAN_POINT('Ctrl Pts',(78.3148191779824,-284.570738729253,-23.6500000000067));
#10276=CARTESIAN_POINT('',(77.7662829965326,-284.361185487524,-23.2500000000067));
#10277=CARTESIAN_POINT('',(77.7662829965326,-284.361185487524,-23.6500000000067));
#10278=CARTESIAN_POINT('Ctrl Pts',(77.7662829965326,-284.361185487524,-23.2500000000067));
#10279=CARTESIAN_POINT('Ctrl Pts',(78.0004893153878,-284.465962108388,-23.2500000000067));
#10280=CARTESIAN_POINT('Ctrl Pts',(78.3148191779824,-284.570738729253,-23.2500000000067));
#10281=CARTESIAN_POINT('Ctrl Pts',(77.2855435222361,-283.985222038045,-23.6500000000067));
#10282=CARTESIAN_POINT('Ctrl Pts',(77.2855435222361,-283.985222038045,-23.1700000000067));
#10283=CARTESIAN_POINT('Ctrl Pts',(77.4704430907938,-284.231755193487,-23.6500000000067));
#10284=CARTESIAN_POINT('Ctrl Pts',(77.4704430907938,-284.231755193487,-23.1700000000067));
#10285=CARTESIAN_POINT('Ctrl Pts',(77.7662829965326,-284.361185487524,-23.6500000000067));
#10286=CARTESIAN_POINT('Ctrl Pts',(77.7662829965326,-284.361185487524,-23.1700000000067));
#10287=CARTESIAN_POINT('',(77.2855435222361,-283.985222038045,-23.6500000000067));
#10288=CARTESIAN_POINT('Ctrl Pts',(77.2855435222361,-283.985222038045,-23.6500000000067));
#10289=CARTESIAN_POINT('Ctrl Pts',(77.4704430907938,-284.231755193487,-23.6500000000067));
#10290=CARTESIAN_POINT('Ctrl Pts',(77.7662829965326,-284.361185487524,-23.6500000000067));
#10291=CARTESIAN_POINT('',(77.2855435222361,-283.985222038045,-23.2500000000067));
#10292=CARTESIAN_POINT('',(77.2855435222361,-283.985222038045,-23.6500000000067));
#10293=CARTESIAN_POINT('Ctrl Pts',(77.2855435222361,-283.985222038045,-23.2500000000067));
#10294=CARTESIAN_POINT('Ctrl Pts',(77.4704430907938,-284.231755193487,-23.2500000000067));
#10295=CARTESIAN_POINT('Ctrl Pts',(77.7662829965326,-284.361185487524,-23.2500000000067));
#10296=CARTESIAN_POINT('Ctrl Pts',(77.1006433576321,-283.4058696592,-23.6500000000067));
#10297=CARTESIAN_POINT('Ctrl Pts',(77.1006433576321,-283.4058696592,-23.1700000000067));
#10298=CARTESIAN_POINT('Ctrl Pts',(77.100643357632,-283.738688882604,-23.6500000000067));
#10299=CARTESIAN_POINT('Ctrl Pts',(77.100643357632,-283.738688882604,-23.1700000000067));
#10300=CARTESIAN_POINT('Ctrl Pts',(77.2855435222361,-283.985222038045,-23.6500000000067));
#10301=CARTESIAN_POINT('Ctrl Pts',(77.2855435222361,-283.985222038045,-23.1700000000067));
#10302=CARTESIAN_POINT('',(77.1006433576321,-283.4058696592,-23.6500000000067));
#10303=CARTESIAN_POINT('Ctrl Pts',(77.1006433576321,-283.4058696592,-23.6500000000067));
#10304=CARTESIAN_POINT('Ctrl Pts',(77.100643357632,-283.738688882604,-23.6500000000067));
#10305=CARTESIAN_POINT('Ctrl Pts',(77.2855435222361,-283.985222038045,-23.6500000000067));
#10306=CARTESIAN_POINT('',(77.1006433576321,-283.4058696592,-23.2500000000067));
#10307=CARTESIAN_POINT('',(77.1006433576321,-283.4058696592,-23.6500000000067));
#10308=CARTESIAN_POINT('Ctrl Pts',(77.1006433576321,-283.4058696592,-23.2500000000067));
#10309=CARTESIAN_POINT('Ctrl Pts',(77.100643357632,-283.738688882604,-23.2500000000067));
#10310=CARTESIAN_POINT('Ctrl Pts',(77.2855435222361,-283.985222038045,-23.2500000000067));
#10311=CARTESIAN_POINT('Origin',(77.1006433576324,-282.493696864858,-23.6500000000067));
#10312=CARTESIAN_POINT('',(77.1006433576314,-285.959798314581,-23.6500000000064));
#10313=CARTESIAN_POINT('',(77.1006433576324,-282.493696864858,-23.2500000000067));
#10314=CARTESIAN_POINT('Origin',(82.2038790494165,-288.425899651067,-23.2500000000067));
#10315=CARTESIAN_POINT('Ctrl Pts',(87.0729087203696,-290.530676301735,-23.6500000000068));
#10316=CARTESIAN_POINT('Ctrl Pts',(87.0729087203696,-290.530676301735,-23.1700000000068));
#10317=CARTESIAN_POINT('Ctrl Pts',(86.8263743728355,-290.401246007698,-23.6500000000068));
#10318=CARTESIAN_POINT('Ctrl Pts',(86.8263743728355,-290.401246007698,-23.1700000000068));
#10319=CARTESIAN_POINT('Ctrl Pts',(86.5274546951012,-290.348857697266,-23.6500000000068));
#10320=CARTESIAN_POINT('Ctrl Pts',(86.5274546951012,-290.348857697266,-23.1700000000068));
#10321=CARTESIAN_POINT('',(87.0729087203696,-290.530676301735,-23.6500000000068));
#10322=CARTESIAN_POINT('',(86.5274546951012,-290.348857697266,-23.6500000000068));
#10323=CARTESIAN_POINT('Ctrl Pts',(87.0729087203696,-290.530676301735,-23.6500000000068));
#10324=CARTESIAN_POINT('Ctrl Pts',(86.8263743728355,-290.401246007698,-23.6500000000068));
#10325=CARTESIAN_POINT('Ctrl Pts',(86.5274546951012,-290.348857697266,-23.6500000000068));
#10326=CARTESIAN_POINT('',(87.0729087203696,-290.530676301735,-23.2500000000068));
#10327=CARTESIAN_POINT('',(87.0729087203696,-290.530676301735,-23.6500000000068));
#10328=CARTESIAN_POINT('',(86.5274546951012,-290.348857697266,-23.2500000000068));
#10329=CARTESIAN_POINT('Ctrl Pts',(87.0729087203696,-290.530676301735,-23.2500000000068));
#10330=CARTESIAN_POINT('Ctrl Pts',(86.8263743728355,-290.401246007698,-23.2500000000068));
#10331=CARTESIAN_POINT('Ctrl Pts',(86.5274546951012,-290.348857697266,-23.2500000000068));
#10332=CARTESIAN_POINT('',(86.5274546951012,-290.348857697266,-23.6500000000068));
#10333=CARTESIAN_POINT('Ctrl Pts',(87.5844643920613,-291.498318370598,-23.6500000000068));
#10334=CARTESIAN_POINT('Ctrl Pts',(87.5844643920613,-291.498318370598,-23.1700000000068));
#10335=CARTESIAN_POINT('Ctrl Pts',(87.5844643920615,-290.783372577446,-23.6500000000068));
#10336=CARTESIAN_POINT('Ctrl Pts',(87.5844643920615,-290.783372577446,-23.1700000000068));
#10337=CARTESIAN_POINT('Ctrl Pts',(87.0729087203696,-290.530676301735,-23.6500000000068));
#10338=CARTESIAN_POINT('Ctrl Pts',(87.0729087203696,-290.530676301735,-23.1700000000068));
#10339=CARTESIAN_POINT('',(87.5844643920613,-291.498318370598,-23.6500000000068));
#10340=CARTESIAN_POINT('Ctrl Pts',(87.5844643920613,-291.498318370598,-23.6500000000068));
#10341=CARTESIAN_POINT('Ctrl Pts',(87.5844643920615,-290.783372577446,-23.6500000000068));
#10342=CARTESIAN_POINT('Ctrl Pts',(87.0729087203696,-290.530676301735,-23.6500000000068));
#10343=CARTESIAN_POINT('',(87.5844643920613,-291.498318370598,-23.2500000000068));
#10344=CARTESIAN_POINT('',(87.5844643920613,-291.498318370598,-23.6500000000068));
#10345=CARTESIAN_POINT('Ctrl Pts',(87.5844643920613,-291.498318370598,-23.2500000000068));
#10346=CARTESIAN_POINT('Ctrl Pts',(87.5844643920615,-290.783372577446,-23.2500000000068));
#10347=CARTESIAN_POINT('Ctrl Pts',(87.0729087203696,-290.530676301735,-23.2500000000068));
#10348=CARTESIAN_POINT('Origin',(87.5844643920612,-291.763342078942,-23.6500000000068));
#10349=CARTESIAN_POINT('',(87.5844643920612,-291.763342078942,-23.6500000000068));
#10350=CARTESIAN_POINT('',(87.5844643920615,-290.594620921624,-23.6500000000064));
#10351=CARTESIAN_POINT('',(87.5844643920612,-291.763342078942,-23.2500000000068));
#10352=CARTESIAN_POINT('',(87.5844643920612,-291.763342078942,-23.6500000000068));
#10353=CARTESIAN_POINT('',(87.5844643920612,-291.763342078942,-23.2500000000068));
#10354=CARTESIAN_POINT('Ctrl Pts',(87.276298841829,-292.533757742661,-23.6500000000068));
#10355=CARTESIAN_POINT('Ctrl Pts',(87.276298841829,-292.533757742661,-23.1700000000068));
#10356=CARTESIAN_POINT('Ctrl Pts',(87.584464392061,-292.28106146695,-23.6500000000068));
#10357=CARTESIAN_POINT('Ctrl Pts',(87.584464392061,-292.28106146695,-23.1700000000068));
#10358=CARTESIAN_POINT('Ctrl Pts',(87.5844643920612,-291.763342078942,-23.6500000000068));
#10359=CARTESIAN_POINT('Ctrl Pts',(87.5844643920612,-291.763342078942,-23.1700000000068));
#10360=CARTESIAN_POINT('',(87.276298841829,-292.533757742661,-23.6500000000068));
#10361=CARTESIAN_POINT('Ctrl Pts',(87.276298841829,-292.533757742661,-23.6500000000068));
#10362=CARTESIAN_POINT('Ctrl Pts',(87.584464392061,-292.28106146695,-23.6500000000068));
#10363=CARTESIAN_POINT('Ctrl Pts',(87.5844643920612,-291.763342078942,-23.6500000000068));
#10364=CARTESIAN_POINT('',(87.276298841829,-292.533757742661,-23.2500000000068));
#10365=CARTESIAN_POINT('',(87.276298841829,-292.533757742661,-23.6500000000068));
#10366=CARTESIAN_POINT('Ctrl Pts',(87.276298841829,-292.533757742661,-23.2500000000068));
#10367=CARTESIAN_POINT('Ctrl Pts',(87.584464392061,-292.28106146695,-23.2500000000068));
#10368=CARTESIAN_POINT('Ctrl Pts',(87.5844643920612,-291.763342078942,-23.2500000000068));
#10369=CARTESIAN_POINT('Ctrl Pts',(86.284003099794,-292.786454018372,-23.6500000000068));
#10370=CARTESIAN_POINT('Ctrl Pts',(86.284003099794,-292.786454018372,-23.1700000000068));
#10371=CARTESIAN_POINT('Ctrl Pts',(86.9681309074112,-292.786454018372,-23.6500000000068));
#10372=CARTESIAN_POINT('Ctrl Pts',(86.9681309074112,-292.786454018372,-23.1700000000068));
#10373=CARTESIAN_POINT('Ctrl Pts',(87.276298841829,-292.533757742661,-23.6500000000068));
#10374=CARTESIAN_POINT('Ctrl Pts',(87.276298841829,-292.533757742661,-23.1700000000068));
#10375=CARTESIAN_POINT('',(86.284003099794,-292.786454018372,-23.6500000000068));
#10376=CARTESIAN_POINT('Ctrl Pts',(86.284003099794,-292.786454018372,-23.6500000000068));
#10377=CARTESIAN_POINT('Ctrl Pts',(86.9681309074112,-292.786454018372,-23.6500000000068));
#10378=CARTESIAN_POINT('Ctrl Pts',(87.276298841829,-292.533757742661,-23.6500000000068));
#10379=CARTESIAN_POINT('',(86.284003099794,-292.786454018372,-23.2500000000068));
#10380=CARTESIAN_POINT('',(86.284003099794,-292.786454018372,-23.6500000000068));
#10381=CARTESIAN_POINT('Ctrl Pts',(86.284003099794,-292.786454018372,-23.2500000000068));
#10382=CARTESIAN_POINT('Ctrl Pts',(86.9681309074112,-292.786454018372,-23.2500000000068));
#10383=CARTESIAN_POINT('Ctrl Pts',(87.276298841829,-292.533757742661,-23.2500000000068));
#10384=CARTESIAN_POINT('Origin',(85.803263029451,-292.786454018371,-23.6500000000068));
#10385=CARTESIAN_POINT('',(85.803263029451,-292.786454018371,-23.6500000000068));
#10386=CARTESIAN_POINT('',(94.2535711811891,-292.786454018374,-23.6500000000064));
#10387=CARTESIAN_POINT('',(85.803263029451,-292.786454018371,-23.2500000000068));
#10388=CARTESIAN_POINT('',(85.803263029451,-292.786454018371,-23.6500000000068));
#10389=CARTESIAN_POINT('',(85.803263029451,-292.786454018371,-23.2500000000068));
#10390=CARTESIAN_POINT('Ctrl Pts',(85.2732156127639,-293.100783880966,-23.6500000000068));
#10391=CARTESIAN_POINT('Ctrl Pts',(85.2732156127639,-293.100783880966,-23.1700000000068));
#10392=CARTESIAN_POINT('Ctrl Pts',(85.273215612764,-292.786454018371,-23.6500000000068));
#10393=CARTESIAN_POINT('Ctrl Pts',(85.273215612764,-292.786454018371,-23.1700000000068));
#10394=CARTESIAN_POINT('Ctrl Pts',(85.803263029451,-292.786454018371,-23.6500000000068));
#10395=CARTESIAN_POINT('Ctrl Pts',(85.803263029451,-292.786454018371,-23.1700000000068));
#10396=CARTESIAN_POINT('',(85.2732156127639,-293.100783880966,-23.6500000000068));
#10397=CARTESIAN_POINT('Ctrl Pts',(85.2732156127639,-293.100783880966,-23.6500000000068));
#10398=CARTESIAN_POINT('Ctrl Pts',(85.273215612764,-292.786454018371,-23.6500000000068));
#10399=CARTESIAN_POINT('Ctrl Pts',(85.803263029451,-292.786454018371,-23.6500000000068));
#10400=CARTESIAN_POINT('',(85.2732156127639,-293.100783880966,-23.2500000000068));
#10401=CARTESIAN_POINT('',(85.2732156127639,-293.100783880966,-23.6500000000068));
#10402=CARTESIAN_POINT('Ctrl Pts',(85.2732156127639,-293.100783880966,-23.2500000000068));
#10403=CARTESIAN_POINT('Ctrl Pts',(85.273215612764,-292.786454018371,-23.2500000000068));
#10404=CARTESIAN_POINT('Ctrl Pts',(85.803263029451,-292.786454018371,-23.2500000000068));
#10405=CARTESIAN_POINT('Origin',(85.2732156127639,-293.384296950119,-23.6500000000068));
#10406=CARTESIAN_POINT('',(85.2732156127639,-293.384296950119,-23.6500000000068));
#10407=CARTESIAN_POINT('',(85.2732156127644,-291.405098357213,-23.6500000000064));
#10408=CARTESIAN_POINT('',(85.2732156127639,-293.384296950119,-23.2500000000068));
#10409=CARTESIAN_POINT('',(85.2732156127639,-293.384296950119,-23.6500000000068));
#10410=CARTESIAN_POINT('',(85.2732156127639,-293.384296950119,-23.2500000000068));
#10411=CARTESIAN_POINT('Ctrl Pts',(85.4519532531447,-293.655483480709,-23.6500000000068));
#10412=CARTESIAN_POINT('Ctrl Pts',(85.4519532531447,-293.655483480709,-23.1700000000068));
#10413=CARTESIAN_POINT('Ctrl Pts',(85.2732156127638,-293.5691968167,-23.6500000000068));
#10414=CARTESIAN_POINT('Ctrl Pts',(85.2732156127638,-293.5691968167,-23.1700000000068));
#10415=CARTESIAN_POINT('Ctrl Pts',(85.2732156127639,-293.384296950119,-23.6500000000068));
#10416=CARTESIAN_POINT('Ctrl Pts',(85.2732156127639,-293.384296950119,-23.1700000000068));
#10417=CARTESIAN_POINT('',(85.4519532531447,-293.655483480709,-23.6500000000068));
#10418=CARTESIAN_POINT('Ctrl Pts',(85.4519532531447,-293.655483480709,-23.6500000000068));
#10419=CARTESIAN_POINT('Ctrl Pts',(85.2732156127638,-293.5691968167,-23.6500000000068));
#10420=CARTESIAN_POINT('Ctrl Pts',(85.2732156127639,-293.384296950119,-23.6500000000068));
#10421=CARTESIAN_POINT('',(85.4519532531447,-293.655483480709,-23.2500000000068));
#10422=CARTESIAN_POINT('',(85.4519532531447,-293.655483480709,-23.6500000000068));
#10423=CARTESIAN_POINT('Ctrl Pts',(85.4519532531447,-293.655483480709,-23.2500000000068));
#10424=CARTESIAN_POINT('Ctrl Pts',(85.2732156127638,-293.5691968167,-23.2500000000068));
#10425=CARTESIAN_POINT('Ctrl Pts',(85.2732156127639,-293.384296950119,-23.2500000000068));
#10426=CARTESIAN_POINT('Ctrl Pts',(86.1052654594129,-293.735606726425,-23.6500000000068));
#10427=CARTESIAN_POINT('Ctrl Pts',(86.1052654594129,-293.735606726425,-23.1700000000068));
#10428=CARTESIAN_POINT('Ctrl Pts',(85.6183622688002,-293.735606726425,-23.6500000000068));
#10429=CARTESIAN_POINT('Ctrl Pts',(85.6183622688002,-293.735606726425,-23.1700000000068));
#10430=CARTESIAN_POINT('Ctrl Pts',(85.4519532531447,-293.655483480709,-23.6500000000068));
#10431=CARTESIAN_POINT('Ctrl Pts',(85.4519532531447,-293.655483480709,-23.1700000000068));
#10432=CARTESIAN_POINT('',(86.1052654594129,-293.735606726425,-23.6500000000068));
#10433=CARTESIAN_POINT('Ctrl Pts',(86.1052654594129,-293.735606726425,-23.6500000000068));
#10434=CARTESIAN_POINT('Ctrl Pts',(85.6183622688002,-293.735606726425,-23.6500000000068));
#10435=CARTESIAN_POINT('Ctrl Pts',(85.4519532531447,-293.655483480709,-23.6500000000068));
#10436=CARTESIAN_POINT('',(86.1052654594129,-293.735606726425,-23.2500000000068));
#10437=CARTESIAN_POINT('',(86.1052654594129,-293.735606726425,-23.6500000000068));
#10438=CARTESIAN_POINT('Ctrl Pts',(86.1052654594129,-293.735606726425,-23.2500000000068));
#10439=CARTESIAN_POINT('Ctrl Pts',(85.6183622688002,-293.735606726425,-23.2500000000068));
#10440=CARTESIAN_POINT('Ctrl Pts',(85.4519532531447,-293.655483480709,-23.2500000000068));
#10441=CARTESIAN_POINT('Ctrl Pts',(87.3872373908705,-293.624666985291,-23.6500000000068));
#10442=CARTESIAN_POINT('Ctrl Pts',(87.3872373908705,-293.624666985291,-23.1700000000068));
#10443=CARTESIAN_POINT('Ctrl Pts',(86.4565752357191,-293.735606726425,-23.6500000000068));
#10444=CARTESIAN_POINT('Ctrl Pts',(86.4565752357191,-293.735606726425,-23.1700000000068));
#10445=CARTESIAN_POINT('Ctrl Pts',(86.1052654594129,-293.735606726425,-23.6500000000068));
#10446=CARTESIAN_POINT('Ctrl Pts',(86.1052654594129,-293.735606726425,-23.1700000000068));
#10447=CARTESIAN_POINT('',(87.3872373908705,-293.624666985291,-23.6500000000068));
#10448=CARTESIAN_POINT('Ctrl Pts',(87.3872373908705,-293.624666985291,-23.6500000000068));
#10449=CARTESIAN_POINT('Ctrl Pts',(86.4565752357191,-293.735606726425,-23.6500000000068));
#10450=CARTESIAN_POINT('Ctrl Pts',(86.1052654594129,-293.735606726425,-23.6500000000068));
#10451=CARTESIAN_POINT('',(87.3872373908705,-293.624666985291,-23.2500000000068));
#10452=CARTESIAN_POINT('',(87.3872373908705,-293.624666985291,-23.6500000000068));
#10453=CARTESIAN_POINT('Ctrl Pts',(87.3872373908705,-293.624666985291,-23.2500000000068));
#10454=CARTESIAN_POINT('Ctrl Pts',(86.4565752357191,-293.735606726425,-23.2500000000068));
#10455=CARTESIAN_POINT('Ctrl Pts',(86.1052654594129,-293.735606726425,-23.2500000000068));
#10456=CARTESIAN_POINT('Origin',(87.3872373908703,-294.339612778443,-23.6500000000068));
#10457=CARTESIAN_POINT('',(87.3872373908703,-294.339612778443,-23.6500000000068));
#10458=CARTESIAN_POINT('',(87.387237390871,-291.882756271375,-23.6500000000064));
#10459=CARTESIAN_POINT('',(87.3872373908703,-294.339612778443,-23.2500000000068));
#10460=CARTESIAN_POINT('',(87.3872373908703,-294.339612778443,-23.6500000000068));
#10461=CARTESIAN_POINT('',(87.3872373908703,-294.339612778443,-23.2500000000068));
#10462=CARTESIAN_POINT('Ctrl Pts',(86.1360822528545,-294.419736024158,-23.6500000000068));
#10463=CARTESIAN_POINT('Ctrl Pts',(86.1360822528545,-294.419736024158,-23.1700000000068));
#10464=CARTESIAN_POINT('Ctrl Pts',(86.62914975583,-294.419736024159,-23.6500000000068));
#10465=CARTESIAN_POINT('Ctrl Pts',(86.62914975583,-294.419736024159,-23.1700000000068));
#10466=CARTESIAN_POINT('Ctrl Pts',(87.3872373908703,-294.339612778443,-23.6500000000068));
#10467=CARTESIAN_POINT('Ctrl Pts',(87.3872373908703,-294.339612778443,-23.1700000000068));
#10468=CARTESIAN_POINT('',(86.1360822528545,-294.419736024158,-23.6500000000068));
#10469=CARTESIAN_POINT('Ctrl Pts',(86.1360822528545,-294.419736024158,-23.6500000000068));
#10470=CARTESIAN_POINT('Ctrl Pts',(86.62914975583,-294.419736024159,-23.6500000000068));
#10471=CARTESIAN_POINT('Ctrl Pts',(87.3872373908703,-294.339612778443,-23.6500000000068));
#10472=CARTESIAN_POINT('',(86.1360822528545,-294.419736024158,-23.2500000000068));
#10473=CARTESIAN_POINT('',(86.1360822528545,-294.419736024158,-23.6500000000068));
#10474=CARTESIAN_POINT('Ctrl Pts',(86.1360822528545,-294.419736024158,-23.2500000000068));
#10475=CARTESIAN_POINT('Ctrl Pts',(86.62914975583,-294.419736024159,-23.2500000000068));
#10476=CARTESIAN_POINT('Ctrl Pts',(87.3872373908703,-294.339612778443,-23.2500000000068));
#10477=CARTESIAN_POINT('Ctrl Pts',(84.7493337005322,-294.17320316674,-23.6500000000068));
#10478=CARTESIAN_POINT('Ctrl Pts',(84.7493337005322,-294.17320316674,-23.1700000000068));
#10479=CARTESIAN_POINT('Ctrl Pts',(85.1869295448009,-294.419736024158,-23.6500000000068));
#10480=CARTESIAN_POINT('Ctrl Pts',(85.1869295448009,-294.419736024158,-23.1700000000068));
#10481=CARTESIAN_POINT('Ctrl Pts',(86.1360822528545,-294.419736024158,-23.6500000000068));
#10482=CARTESIAN_POINT('Ctrl Pts',(86.1360822528545,-294.419736024158,-23.1700000000068));
#10483=CARTESIAN_POINT('',(84.7493337005322,-294.17320316674,-23.6500000000068));
#10484=CARTESIAN_POINT('Ctrl Pts',(84.7493337005322,-294.17320316674,-23.6500000000068));
#10485=CARTESIAN_POINT('Ctrl Pts',(85.1869295448009,-294.419736024158,-23.6500000000068));
#10486=CARTESIAN_POINT('Ctrl Pts',(86.1360822528545,-294.419736024158,-23.6500000000068));
#10487=CARTESIAN_POINT('',(84.7493337005322,-294.17320316674,-23.2500000000068));
#10488=CARTESIAN_POINT('',(84.7493337005322,-294.17320316674,-23.6500000000068));
#10489=CARTESIAN_POINT('Ctrl Pts',(84.7493337005322,-294.17320316674,-23.2500000000068));
#10490=CARTESIAN_POINT('Ctrl Pts',(85.1869295448009,-294.419736024158,-23.2500000000068));
#10491=CARTESIAN_POINT('Ctrl Pts',(86.1360822528545,-294.419736024158,-23.2500000000068));
#10492=CARTESIAN_POINT('Ctrl Pts',(84.3117378562636,-293.402786906974,-23.6500000000068));
#10493=CARTESIAN_POINT('Ctrl Pts',(84.3117378562636,-293.402786906974,-23.1700000000068));
#10494=CARTESIAN_POINT('Ctrl Pts',(84.3117378562634,-293.926670011299,-23.6500000000068));
#10495=CARTESIAN_POINT('Ctrl Pts',(84.3117378562634,-293.926670011299,-23.1700000000068));
#10496=CARTESIAN_POINT('Ctrl Pts',(84.7493337005322,-294.17320316674,-23.6500000000068));
#10497=CARTESIAN_POINT('Ctrl Pts',(84.7493337005322,-294.17320316674,-23.1700000000068));
#10498=CARTESIAN_POINT('',(84.3117378562636,-293.402786906974,-23.6500000000068));
#10499=CARTESIAN_POINT('Ctrl Pts',(84.3117378562636,-293.402786906974,-23.6500000000068));
#10500=CARTESIAN_POINT('Ctrl Pts',(84.3117378562634,-293.926670011299,-23.6500000000068));
#10501=CARTESIAN_POINT('Ctrl Pts',(84.7493337005322,-294.17320316674,-23.6500000000068));
#10502=CARTESIAN_POINT('',(84.3117378562636,-293.402786906974,-23.2500000000068));
#10503=CARTESIAN_POINT('',(84.3117378562636,-293.402786906974,-23.6500000000068));
#10504=CARTESIAN_POINT('Ctrl Pts',(84.3117378562636,-293.402786906974,-23.2500000000068));
#10505=CARTESIAN_POINT('Ctrl Pts',(84.3117378562634,-293.926670011299,-23.2500000000068));
#10506=CARTESIAN_POINT('Ctrl Pts',(84.7493337005322,-294.17320316674,-23.2500000000068));
#10507=CARTESIAN_POINT('Origin',(84.3117378562637,-293.106947299259,-23.6500000000068));
#10508=CARTESIAN_POINT('',(84.3117378562637,-293.106947299259,-23.6500000000068));
#10509=CARTESIAN_POINT('',(84.3117378562642,-291.266423531782,-23.6500000000064));
#10510=CARTESIAN_POINT('',(84.3117378562637,-293.106947299259,-23.2500000000068));
#10511=CARTESIAN_POINT('',(84.3117378562637,-293.106947299259,-23.6500000000068));
#10512=CARTESIAN_POINT('',(84.3117378562637,-293.106947299259,-23.2500000000068));
#10513=CARTESIAN_POINT('Ctrl Pts',(85.6306885093402,-292.059181388634,-23.6500000000068));
#10514=CARTESIAN_POINT('Ctrl Pts',(85.6306885093402,-292.059181388634,-23.1700000000068));
#10515=CARTESIAN_POINT('Ctrl Pts',(84.311737856264,-292.059181388633,-23.6500000000068));
#10516=CARTESIAN_POINT('Ctrl Pts',(84.311737856264,-292.059181388633,-23.1700000000068));
#10517=CARTESIAN_POINT('Ctrl Pts',(84.3117378562637,-293.106947299259,-23.6500000000068));
#10518=CARTESIAN_POINT('Ctrl Pts',(84.3117378562637,-293.106947299259,-23.1700000000068));
#10519=CARTESIAN_POINT('',(85.6306885093402,-292.059181388634,-23.6500000000068));
#10520=CARTESIAN_POINT('Ctrl Pts',(85.6306885093402,-292.059181388634,-23.6500000000068));
#10521=CARTESIAN_POINT('Ctrl Pts',(84.311737856264,-292.059181388633,-23.6500000000068));
#10522=CARTESIAN_POINT('Ctrl Pts',(84.3117378562637,-293.106947299259,-23.6500000000068));
#10523=CARTESIAN_POINT('',(85.6306885093402,-292.059181388634,-23.2500000000068));
#10524=CARTESIAN_POINT('',(85.6306885093402,-292.059181388634,-23.6500000000068));
#10525=CARTESIAN_POINT('Ctrl Pts',(85.6306885093402,-292.059181388634,-23.2500000000068));
#10526=CARTESIAN_POINT('Ctrl Pts',(84.311737856264,-292.059181388633,-23.2500000000068));
#10527=CARTESIAN_POINT('Ctrl Pts',(84.3117378562637,-293.106947299259,-23.2500000000068));
#10528=CARTESIAN_POINT('Origin',(86.0991023391436,-292.059181388634,-23.6500000000068));
#10529=CARTESIAN_POINT('',(86.0991023391436,-292.059181388634,-23.6500000000068));
#10530=CARTESIAN_POINT('',(94.4014908360355,-292.059181388636,-23.6500000000064));
#10531=CARTESIAN_POINT('',(86.0991023391436,-292.059181388634,-23.2500000000068));
#10532=CARTESIAN_POINT('',(86.0991023391436,-292.059181388634,-23.6500000000068));
#10533=CARTESIAN_POINT('',(86.0991023391436,-292.059181388634,-23.2500000000068));
#10534=CARTESIAN_POINT('Ctrl Pts',(86.5089629501056,-291.954404767769,-23.6500000000068));
#10535=CARTESIAN_POINT('Ctrl Pts',(86.5089629501056,-291.954404767769,-23.1700000000068));
#10536=CARTESIAN_POINT('Ctrl Pts',(86.394941648836,-292.059181388634,-23.6500000000068));
#10537=CARTESIAN_POINT('Ctrl Pts',(86.394941648836,-292.059181388634,-23.1700000000068));
#10538=CARTESIAN_POINT('Ctrl Pts',(86.0991023391436,-292.059181388634,-23.6500000000068));
#10539=CARTESIAN_POINT('Ctrl Pts',(86.0991023391436,-292.059181388634,-23.1700000000068));
#10540=CARTESIAN_POINT('',(86.5089629501056,-291.954404767769,-23.6500000000068));
#10541=CARTESIAN_POINT('Ctrl Pts',(86.5089629501056,-291.954404767769,-23.6500000000068));
#10542=CARTESIAN_POINT('Ctrl Pts',(86.394941648836,-292.059181388634,-23.6500000000068));
#10543=CARTESIAN_POINT('Ctrl Pts',(86.0991023391436,-292.059181388634,-23.6500000000068));
#10544=CARTESIAN_POINT('',(86.5089629501056,-291.954404767769,-23.2500000000068));
#10545=CARTESIAN_POINT('',(86.5089629501056,-291.954404767769,-23.6500000000068));
#10546=CARTESIAN_POINT('Ctrl Pts',(86.5089629501056,-291.954404767769,-23.2500000000068));
#10547=CARTESIAN_POINT('Ctrl Pts',(86.394941648836,-292.059181388634,-23.2500000000068));
#10548=CARTESIAN_POINT('Ctrl Pts',(86.0991023391436,-292.059181388634,-23.2500000000068));
#10549=CARTESIAN_POINT('Ctrl Pts',(86.6229842513752,-291.65240174176,-23.6500000000068));
#10550=CARTESIAN_POINT('Ctrl Pts',(86.6229842513752,-291.65240174176,-23.1700000000068));
#10551=CARTESIAN_POINT('Ctrl Pts',(86.6229842513751,-291.849628146904,-23.6500000000068));
#10552=CARTESIAN_POINT('Ctrl Pts',(86.6229842513751,-291.849628146904,-23.1700000000068));
#10553=CARTESIAN_POINT('Ctrl Pts',(86.5089629501056,-291.954404767769,-23.6500000000068));
#10554=CARTESIAN_POINT('Ctrl Pts',(86.5089629501056,-291.954404767769,-23.1700000000068));
#10555=CARTESIAN_POINT('',(86.6229842513752,-291.65240174176,-23.6500000000068));
#10556=CARTESIAN_POINT('Ctrl Pts',(86.6229842513752,-291.65240174176,-23.6500000000068));
#10557=CARTESIAN_POINT('Ctrl Pts',(86.6229842513751,-291.849628146904,-23.6500000000068));
#10558=CARTESIAN_POINT('Ctrl Pts',(86.5089629501056,-291.954404767769,-23.6500000000068));
#10559=CARTESIAN_POINT('',(86.6229842513752,-291.65240174176,-23.2500000000068));
#10560=CARTESIAN_POINT('',(86.6229842513752,-291.65240174176,-23.6500000000068));
#10561=CARTESIAN_POINT('Ctrl Pts',(86.6229842513752,-291.65240174176,-23.2500000000068));
#10562=CARTESIAN_POINT('Ctrl Pts',(86.6229842513751,-291.849628146904,-23.2500000000068));
#10563=CARTESIAN_POINT('Ctrl Pts',(86.5089629501056,-291.954404767769,-23.2500000000068));
#10564=CARTESIAN_POINT('Origin',(86.6229842513752,-291.393541749733,-23.6500000000068));
#10565=CARTESIAN_POINT('',(86.6229842513752,-291.393541749733,-23.6500000000068));
#10566=CARTESIAN_POINT('',(86.6229842513755,-290.40972075702,-23.6500000000064));
#10567=CARTESIAN_POINT('',(86.6229842513752,-291.393541749733,-23.2500000000068));
#10568=CARTESIAN_POINT('',(86.6229842513752,-291.393541749733,-23.6500000000068));
#10569=CARTESIAN_POINT('',(86.6229842513752,-291.393541749733,-23.2500000000068));
#10570=CARTESIAN_POINT('Ctrl Pts',(85.8217523902609,-290.98059898259,-23.6500000000068));
#10571=CARTESIAN_POINT('Ctrl Pts',(85.8217523902609,-290.98059898259,-23.1700000000068));
#10572=CARTESIAN_POINT('Ctrl Pts',(86.6229842513754,-290.98059898259,-23.6500000000068));
#10573=CARTESIAN_POINT('Ctrl Pts',(86.6229842513754,-290.98059898259,-23.1700000000068));
#10574=CARTESIAN_POINT('Ctrl Pts',(86.6229842513752,-291.393541749733,-23.6500000000068));
#10575=CARTESIAN_POINT('Ctrl Pts',(86.6229842513752,-291.393541749733,-23.1700000000068));
#10576=CARTESIAN_POINT('',(85.8217523902609,-290.98059898259,-23.6500000000068));
#10577=CARTESIAN_POINT('Ctrl Pts',(85.8217523902609,-290.98059898259,-23.6500000000068));
#10578=CARTESIAN_POINT('Ctrl Pts',(86.6229842513754,-290.98059898259,-23.6500000000068));
#10579=CARTESIAN_POINT('Ctrl Pts',(86.6229842513752,-291.393541749733,-23.6500000000068));
#10580=CARTESIAN_POINT('',(85.8217523902609,-290.98059898259,-23.2500000000068));
#10581=CARTESIAN_POINT('',(85.8217523902609,-290.98059898259,-23.6500000000068));
#10582=CARTESIAN_POINT('Ctrl Pts',(85.8217523902609,-290.98059898259,-23.2500000000068));
#10583=CARTESIAN_POINT('Ctrl Pts',(86.6229842513754,-290.98059898259,-23.2500000000068));
#10584=CARTESIAN_POINT('Ctrl Pts',(86.6229842513752,-291.393541749733,-23.2500000000068));
#10585=CARTESIAN_POINT('Ctrl Pts',(84.3918608039571,-291.140845474021,-23.6500000000068));
#10586=CARTESIAN_POINT('Ctrl Pts',(84.3918608039571,-291.140845474021,-23.1700000000068));
#10587=CARTESIAN_POINT('Ctrl Pts',(85.4396270126059,-290.980598982589,-23.6500000000068));
#10588=CARTESIAN_POINT('Ctrl Pts',(85.4396270126059,-290.980598982589,-23.1700000000068));
#10589=CARTESIAN_POINT('Ctrl Pts',(85.8217523902609,-290.98059898259,-23.6500000000068));
#10590=CARTESIAN_POINT('Ctrl Pts',(85.8217523902609,-290.98059898259,-23.1700000000068));
#10591=CARTESIAN_POINT('',(84.3918608039571,-291.140845474021,-23.6500000000068));
#10592=CARTESIAN_POINT('Ctrl Pts',(84.3918608039571,-291.140845474021,-23.6500000000068));
#10593=CARTESIAN_POINT('Ctrl Pts',(85.4396270126059,-290.980598982589,-23.6500000000068));
#10594=CARTESIAN_POINT('Ctrl Pts',(85.8217523902609,-290.98059898259,-23.6500000000068));
#10595=CARTESIAN_POINT('',(84.3918608039571,-291.140845474021,-23.2500000000068));
#10596=CARTESIAN_POINT('',(84.3918608039571,-291.140845474021,-23.6500000000068));
#10597=CARTESIAN_POINT('Ctrl Pts',(84.3918608039571,-291.140845474021,-23.2500000000068));
#10598=CARTESIAN_POINT('Ctrl Pts',(85.4396270126059,-290.980598982589,-23.2500000000068));
#10599=CARTESIAN_POINT('Ctrl Pts',(85.8217523902609,-290.98059898259,-23.2500000000068));
#10600=CARTESIAN_POINT('Origin',(84.3918608039573,-290.407409724014,-23.6500000000068));
#10601=CARTESIAN_POINT('',(84.3918608039573,-290.407409724014,-23.6500000000068));
#10602=CARTESIAN_POINT('',(84.3918608039575,-289.91665474416,-23.6500000000064));
#10603=CARTESIAN_POINT('',(84.3918608039573,-290.407409724014,-23.2500000000068));
#10604=CARTESIAN_POINT('',(84.3918608039573,-290.407409724014,-23.6500000000068));
#10605=CARTESIAN_POINT('',(84.3918608039573,-290.407409724014,-23.2500000000068));
#10606=CARTESIAN_POINT('Ctrl Pts',(85.8094261497215,-290.29646998288,-23.6500000000068));
#10607=CARTESIAN_POINT('Ctrl Pts',(85.8094261497215,-290.29646998288,-23.1700000000068));
#10608=CARTESIAN_POINT('Ctrl Pts',(85.2362368911461,-290.296469982879,-23.6500000000068));
#10609=CARTESIAN_POINT('Ctrl Pts',(85.2362368911461,-290.296469982879,-23.1700000000068));
#10610=CARTESIAN_POINT('Ctrl Pts',(84.3918608039573,-290.407409724014,-23.6500000000068));
#10611=CARTESIAN_POINT('Ctrl Pts',(84.3918608039573,-290.407409724014,-23.1700000000068));
#10612=CARTESIAN_POINT('',(85.8094261497215,-290.29646998288,-23.6500000000068));
#10613=CARTESIAN_POINT('Ctrl Pts',(85.8094261497215,-290.29646998288,-23.6500000000068));
#10614=CARTESIAN_POINT('Ctrl Pts',(85.2362368911461,-290.296469982879,-23.6500000000068));
#10615=CARTESIAN_POINT('Ctrl Pts',(84.3918608039573,-290.407409724014,-23.6500000000068));
#10616=CARTESIAN_POINT('',(85.8094261497215,-290.29646998288,-23.2500000000068));
#10617=CARTESIAN_POINT('',(85.8094261497215,-290.29646998288,-23.6500000000068));
#10618=CARTESIAN_POINT('Ctrl Pts',(85.8094261497215,-290.29646998288,-23.2500000000068));
#10619=CARTESIAN_POINT('Ctrl Pts',(85.2362368911461,-290.296469982879,-23.2500000000068));
#10620=CARTESIAN_POINT('Ctrl Pts',(84.3918608039573,-290.407409724014,-23.2500000000068));
#10621=CARTESIAN_POINT('Ctrl Pts',(86.5274546951012,-290.348857697266,-23.6500000000068));
#10622=CARTESIAN_POINT('Ctrl Pts',(86.5274546951012,-290.348857697266,-23.1700000000068));
#10623=CARTESIAN_POINT('Ctrl Pts',(86.228532633181,-290.29646998288,-23.6500000000068));
#10624=CARTESIAN_POINT('Ctrl Pts',(86.228532633181,-290.29646998288,-23.1700000000068));
#10625=CARTESIAN_POINT('Ctrl Pts',(85.8094261497215,-290.29646998288,-23.6500000000068));
#10626=CARTESIAN_POINT('Ctrl Pts',(85.8094261497215,-290.29646998288,-23.1700000000068));
#10627=CARTESIAN_POINT('Ctrl Pts',(86.5274546951012,-290.348857697266,-23.6500000000068));
#10628=CARTESIAN_POINT('Ctrl Pts',(86.228532633181,-290.29646998288,-23.6500000000068));
#10629=CARTESIAN_POINT('Ctrl Pts',(85.8094261497215,-290.29646998288,-23.6500000000068));
#10630=CARTESIAN_POINT('Ctrl Pts',(86.5274546951012,-290.348857697266,-23.2500000000068));
#10631=CARTESIAN_POINT('Ctrl Pts',(86.228532633181,-290.29646998288,-23.2500000000068));
#10632=CARTESIAN_POINT('Ctrl Pts',(85.8094261497215,-290.29646998288,-23.2500000000068));
#10633=CARTESIAN_POINT('Origin',(82.2038790494165,-288.425899651067,-23.2500000000067));
#10634=CARTESIAN_POINT('Origin',(79.7508744806007,-290.358102973715,-23.6500000000068));
#10635=CARTESIAN_POINT('',(79.7508744806007,-290.358102973715,-23.6500000000068));
#10636=CARTESIAN_POINT('',(76.8232937067703,-290.358102973714,-23.6500000000068));
#10637=CARTESIAN_POINT('',(91.2273769067643,-290.358102973718,-23.6500000000064));
#10638=CARTESIAN_POINT('',(79.7508744806007,-290.358102973715,-23.2500000000068));
#10639=CARTESIAN_POINT('',(79.7508744806007,-290.358102973715,-23.6500000000068));
#10640=CARTESIAN_POINT('',(76.8232937067703,-290.358102973714,-23.2500000000068));
#10641=CARTESIAN_POINT('',(79.7508744806007,-290.358102973715,-23.2500000000068));
#10642=CARTESIAN_POINT('',(76.8232937067703,-290.358102973714,-23.6500000000068));
#10643=CARTESIAN_POINT('Origin',(79.7508744806005,-291.042232569471,-23.6500000000068));
#10644=CARTESIAN_POINT('',(79.7508744806005,-291.042232569471,-23.6500000000068));
#10645=CARTESIAN_POINT('',(79.7508744806007,-290.234066166888,-23.6500000000064));
#10646=CARTESIAN_POINT('',(79.7508744806005,-291.042232569471,-23.2500000000068));
#10647=CARTESIAN_POINT('',(79.7508744806005,-291.042232569471,-23.6500000000068));
#10648=CARTESIAN_POINT('',(79.7508744806005,-291.042232569471,-23.2500000000068));
#10649=CARTESIAN_POINT('Origin',(77.7847729533865,-291.042232569471,-23.6500000000068));
#10650=CARTESIAN_POINT('',(77.7847729533865,-291.042232569471,-23.6500000000068));
#10651=CARTESIAN_POINT('',(90.2443261431571,-291.042232569474,-23.6500000000064));
#10652=CARTESIAN_POINT('',(77.7847729533865,-291.042232569471,-23.2500000000068));
#10653=CARTESIAN_POINT('',(77.7847729533865,-291.042232569471,-23.6500000000068));
#10654=CARTESIAN_POINT('',(77.7847729533865,-291.042232569471,-23.2500000000068));
#10655=CARTESIAN_POINT('Origin',(77.7847729533855,-294.358103033319,-23.6500000000068));
#10656=CARTESIAN_POINT('',(77.7847729533855,-294.358103033319,-23.6500000000068));
#10657=CARTESIAN_POINT('',(77.7847729533862,-291.892001398812,-23.6500000000064));
#10658=CARTESIAN_POINT('',(77.7847729533855,-294.358103033319,-23.2500000000068));
#10659=CARTESIAN_POINT('',(77.7847729533855,-294.358103033319,-23.6500000000068));
#10660=CARTESIAN_POINT('',(77.7847729533855,-294.358103033319,-23.2500000000068));
#10661=CARTESIAN_POINT('Origin',(76.8232937067692,-294.358103033319,-23.6500000000068));
#10662=CARTESIAN_POINT('',(76.8232937067692,-294.358103033319,-23.6500000000068));
#10663=CARTESIAN_POINT('',(89.763586519848,-294.358103033322,-23.6500000000065));
#10664=CARTESIAN_POINT('',(76.8232937067692,-294.358103033319,-23.2500000000068));
#10665=CARTESIAN_POINT('',(76.8232937067692,-294.358103033319,-23.6500000000068));
#10666=CARTESIAN_POINT('',(76.8232937067692,-294.358103033319,-23.2500000000068));
#10667=CARTESIAN_POINT('Origin',(76.8232937067703,-290.358102973714,-23.6500000000068));
#10668=CARTESIAN_POINT('',(76.8232937067704,-289.892001369009,-23.6500000000064));
#10669=CARTESIAN_POINT('',(76.8232937067703,-290.358102973714,-23.2500000000068));
#10670=CARTESIAN_POINT('Origin',(82.2038790494165,-288.425899651067,-23.2500000000067));
#10671=CARTESIAN_POINT('Origin',(102.703879332928,-289.425899764311,-23.6500000000064));
#10672=CARTESIAN_POINT('',(91.7038793329278,-281.825899764312,-23.6500000000063));
#10673=CARTESIAN_POINT('',(72.7038789451055,-281.825899764313,-23.6500000000063));
#10674=CARTESIAN_POINT('',(92.4538791727403,-281.825899764312,-23.6500000000063));
#10675=CARTESIAN_POINT('',(91.7038793329284,-295.025899764312,-23.6500000000065));
#10676=CARTESIAN_POINT('',(91.7038793329277,-281.425899764312,-23.6500000000063));
#10677=CARTESIAN_POINT('',(72.7038789451061,-295.025899764313,-23.6500000000065));
#10678=CARTESIAN_POINT('',(92.453879172741,-295.025899764312,-23.6500000000065));
#10679=CARTESIAN_POINT('',(72.7038789451052,-276.425899764313,-23.6500000000063));
#10680=CARTESIAN_POINT('Origin',(102.703879332928,-289.425899764311,-23.6500000000064));
#10681=CARTESIAN_POINT('Origin',(102.703879332928,-289.425899764311,-23.6500000000064));
#10682=CARTESIAN_POINT('Origin',(113.503879332929,-289.425899764311,-14.4500000000065));
#10683=CARTESIAN_POINT('',(113.303879332929,-293.260214339362,-14.6500000000065));
#10684=CARTESIAN_POINT('',(113.303879332928,-283.59158518926,-14.6500000000064));
#10685=CARTESIAN_POINT('',(113.303879332929,-289.425899764311,-14.6500000000064));
#10686=CARTESIAN_POINT('',(113.703879332928,-283.425899764311,-14.2500000000064));
#10687=CARTESIAN_POINT('',(113.303879332928,-283.59158518926,-14.6500000000064));
#10688=CARTESIAN_POINT('',(113.703879332929,-293.425899764311,-14.2500000000065));
#10689=CARTESIAN_POINT('',(113.703879332929,-289.425899764311,-14.2500000000064));
#10690=CARTESIAN_POINT('',(113.703879332929,-293.425899764311,-14.2500000000065));
#10691=CARTESIAN_POINT('Origin',(98.812457976684,-268.817321120548,-14.4500000000062));
#10692=CARTESIAN_POINT('',(111.538193907979,-281.825899764311,-14.6500000000064));
#10693=CARTESIAN_POINT('',(98.6710366204467,-268.958742476786,-14.6500000000062));
#10694=CARTESIAN_POINT('',(111.703879332928,-281.425899764311,-14.2500000000064));
#10695=CARTESIAN_POINT('',(110.552323523119,-284.206001418182,-17.0301016538772));
#10696=CARTESIAN_POINT('',(98.9538793329213,-268.675899764311,-14.2500000000062));
#10697=CARTESIAN_POINT('Origin',(98.3124579766897,-308.534478408075,-14.4500000000067));
#10698=CARTESIAN_POINT('',(111.703879332929,-295.425899764311,-14.2500000000065));
#10699=CARTESIAN_POINT('',(98.453879332927,-308.675899764312,-14.2500000000066));
#10700=CARTESIAN_POINT('',(111.538193907982,-295.025899764309,-14.6500000000065));
#10701=CARTESIAN_POINT('',(110.580257272248,-292.713236146378,-16.9626636179232));
#10702=CARTESIAN_POINT('',(98.1710366204524,-308.393057051837,-14.6500000000066));
#10703=CARTESIAN_POINT('Origin',(112.703879332928,-282.425899764311,-17.4000000186328));
#10704=CARTESIAN_POINT('',(111.703879332928,-281.425899764311,-12.0500000000064));
#10705=CARTESIAN_POINT('',(111.703879332928,-281.425899764311,-19.5250000279461));
#10706=CARTESIAN_POINT('',(113.703879332928,-283.425899764311,-12.0500000000064));
#10707=CARTESIAN_POINT('',(99.4538793329221,-269.175899764312,-12.0500000000062));
#10708=CARTESIAN_POINT('',(113.703879332928,-283.425899764311,-17.4000000186329));
#10709=CARTESIAN_POINT('Origin',(66.4538791727406,-281.625899764313,-14.4500000000063));
#10710=CARTESIAN_POINT('',(93.2038793329278,-281.825899764312,-14.6500000000063));
#10711=CARTESIAN_POINT('',(66.4538791727406,-281.825899764313,-14.6500000000063));
#10712=CARTESIAN_POINT('',(92.9210366204531,-281.708742476787,-14.532842712481));
#10713=CARTESIAN_POINT('',(82.7277149735018,-277.486530404989,-10.3106306406825));
#10714=CARTESIAN_POINT('',(91.6725084830293,-281.425899764312,-14.2500000000064));
#10715=CARTESIAN_POINT('',(92.9210366204531,-281.708742476787,-14.532842712481));
#10716=CARTESIAN_POINT('',(66.4538791727405,-281.425899764313,-14.2500000000063));
#10717=CARTESIAN_POINT('Origin',(50.7038793329287,-289.425899764314,-14.6500000000064));
#10718=CARTESIAN_POINT('',(93.2038793329284,-295.025899764309,-14.6500000000065));
#10719=CARTESIAN_POINT('',(66.4538791727413,-295.025899764311,-14.6500000000065));
#10720=CARTESIAN_POINT('',(93.2038793329279,-285.425899764312,-14.6500000000063));
#10721=CARTESIAN_POINT('',(104.953879332928,-288.425899764311,-14.6500000000064));
#10722=CARTESIAN_POINT('Origin',(107.203879332928,-288.425899764311,-14.6500000000064));
#10723=CARTESIAN_POINT('Origin',(113.503879332928,-285.425899764311,-11.8500000000064));
#10724=CARTESIAN_POINT('',(113.703879332929,-293.425899764311,-12.0500000000065));
#10725=CARTESIAN_POINT('',(113.703879332929,-285.425899764311,-12.0500000000064));
#10726=CARTESIAN_POINT('',(113.303879332928,-283.59158518926,-11.6500000000064));
#10727=CARTESIAN_POINT('',(113.703879332928,-283.425899764311,-12.0500000000064));
#10728=CARTESIAN_POINT('',(113.303879332928,-293.260214339362,-11.6500000000065));
#10729=CARTESIAN_POINT('',(113.303879332928,-285.425899764311,-11.6500000000064));
#10730=CARTESIAN_POINT('',(113.303879332928,-293.260214339362,-11.6500000000065));
#10731=CARTESIAN_POINT('Origin',(99.3124579766848,-269.317321120549,-11.8500000000062));
#10732=CARTESIAN_POINT('',(111.538193907979,-281.825899764311,-11.6500000000064));
#10733=CARTESIAN_POINT('',(110.721911207949,-283.796580529453,-9.67931923486425));
#10734=CARTESIAN_POINT('',(99.1710366204477,-269.458742476787,-11.6500000000062));
#10735=CARTESIAN_POINT('Origin',(102.81245797669,-304.034478408075,-11.8500000000066));
#10736=CARTESIAN_POINT('',(111.53819390798,-295.025899764311,-11.6500000000065));
#10737=CARTESIAN_POINT('',(102.671036620452,-303.893057051837,-11.6500000000066));
#10738=CARTESIAN_POINT('',(111.703879332929,-295.425899764311,-12.0500000000065));
#10739=CARTESIAN_POINT('',(110.526374964477,-292.58315274824,-9.2072529839362));
#10740=CARTESIAN_POINT('',(102.953879332927,-304.175899764312,-12.0500000000067));
#10741=CARTESIAN_POINT('Origin',(113.703879332929,-289.425899764311,-13.1500000000064));
#10742=CARTESIAN_POINT('',(113.703879332929,-293.425899764311,-17.4000000186329));
#10743=CARTESIAN_POINT('Origin',(112.703879332929,-294.425899764311,-17.4000000186329));
#10744=CARTESIAN_POINT('',(111.703879332929,-295.425899764311,-19.5250000279462));
#10745=CARTESIAN_POINT('Origin',(71.4538791727412,-295.225899764313,-11.8500000000065));
#10746=CARTESIAN_POINT('',(52.8695647578777,-295.025899764314,-11.6500000000065));
#10747=CARTESIAN_POINT('',(71.4538791727412,-295.025899764313,-11.6500000000065));
#10748=CARTESIAN_POINT('',(52.7038793329287,-295.425899764314,-12.0500000000065));
#10749=CARTESIAN_POINT('',(53.6326171279206,-293.183728383753,-9.80782861944616));
#10750=CARTESIAN_POINT('',(71.4538791727412,-295.425899764313,-12.0500000000065));
#10751=CARTESIAN_POINT('Origin',(50.845300689166,-293.284478408077,-11.8500000000065));
#10752=CARTESIAN_POINT('',(50.7038793329283,-293.425899764314,-12.0500000000064));
#10753=CARTESIAN_POINT('',(50.7038793329288,-293.425899764314,-12.0500000000064));
#10754=CARTESIAN_POINT('',(51.1038793329288,-293.260214339365,-11.6500000000064));
#10755=CARTESIAN_POINT('',(50.9867220454033,-293.14305705184,-11.6500000000064));
#10756=CARTESIAN_POINT('',(51.1038793329288,-293.260214339365,-11.6500000000064));
#10757=CARTESIAN_POINT('Origin',(50.903879332928,-281.425899764314,-11.8500000000063));
#10758=CARTESIAN_POINT('',(51.1038793329283,-283.591585189263,-11.6500000000064));
#10759=CARTESIAN_POINT('',(51.1038793329282,-281.425899764314,-11.6500000000063));
#10760=CARTESIAN_POINT('',(50.7038793329279,-283.425899764314,-12.0500000000064));
#10761=CARTESIAN_POINT('',(51.1038793329283,-283.591585189263,-11.6500000000064));
#10762=CARTESIAN_POINT('',(50.7038793329278,-281.425899764314,-12.0500000000064));
#10763=CARTESIAN_POINT('Origin',(54.3453006891651,-280.067321120551,-11.8500000000063));
#10764=CARTESIAN_POINT('',(52.869564757877,-281.825899764314,-11.6500000000063));
#10765=CARTESIAN_POINT('',(54.4867220454024,-280.208742476789,-11.6500000000063));
#10766=CARTESIAN_POINT('',(52.7038793329277,-281.425899764314,-12.0500000000064));
#10767=CARTESIAN_POINT('',(53.4370808844467,-283.196004893944,-10.2798948703765));
#10768=CARTESIAN_POINT('',(54.2038793329278,-279.925899764314,-12.0500000000063));
#10769=CARTESIAN_POINT('Origin',(51.7038793329285,-294.425899764314,-26.4000000558858));
#10770=CARTESIAN_POINT('',(50.7038793329283,-293.425899764314,-20.6500000000065));
#10771=CARTESIAN_POINT('',(50.7038793329283,-293.425899764314,-26.4000000558858));
#10772=CARTESIAN_POINT('',(52.3038793329286,-295.025899764314,-22.2500000000067));
#10773=CARTESIAN_POINT('',(49.6622126755751,-292.384233106961,-19.6083333426533));
#10774=CARTESIAN_POINT('',(52.7038793329287,-295.425899764314,-22.0843145750572));
#10775=CARTESIAN_POINT('',(52.7051115469457,-295.427131978331,-22.0838041752996));
#10776=CARTESIAN_POINT('',(52.7038793329287,-295.425899764314,-24.0250000465726));
#10777=CARTESIAN_POINT('Origin',(50.7038793329277,-281.425899764314,-31.1500000745121));
#10778=CARTESIAN_POINT('',(50.7038793329279,-283.425899764314,-20.6500000000064));
#10779=CARTESIAN_POINT('',(50.7038793329279,-283.425899764314,-26.4000000558857));
#10780=CARTESIAN_POINT('',(50.7038793329275,-276.425899764314,-20.6500000000063));
#10781=CARTESIAN_POINT('Origin',(51.7038793329278,-282.425899764314,-26.4000000558857));
#10782=CARTESIAN_POINT('',(52.7038793329277,-281.425899764314,-22.0843145750571));
#10783=CARTESIAN_POINT('',(52.7038793329277,-281.425899764314,-24.0250000465725));
#10784=CARTESIAN_POINT('',(52.3038793329277,-281.825899764314,-22.2500000000063));
#10785=CARTESIAN_POINT('',(52.7051115469457,-281.424667550296,-22.0838041752991));
#10786=CARTESIAN_POINT('',(53.6622126755743,-280.467566421667,-23.6083333426528));
#10787=CARTESIAN_POINT('Origin',(71.4538791727404,-281.625899764313,-11.8500000000063));
#10788=CARTESIAN_POINT('',(71.4538791727404,-281.425899764313,-12.0500000000064));
#10789=CARTESIAN_POINT('',(71.4538791727404,-281.825899764313,-11.6500000000064));
#10790=CARTESIAN_POINT('Origin',(82.2038790125536,-295.425899764312,-21.6500000372594));
#10791=CARTESIAN_POINT('',(53.8695647578779,-295.425899764314,-23.2500000000065));
#10792=CARTESIAN_POINT('',(59.8617219746227,-295.425899764313,-29.2421572167513));
#10793=CARTESIAN_POINT('',(60.3695641171279,-295.425899764313,-23.2500000000065));
#10794=CARTESIAN_POINT('',(92.453879172741,-295.425899764312,-23.2500000000065));
#10795=CARTESIAN_POINT('',(61.1038786921787,-295.425899764313,-23.9843145750573));
#10796=CARTESIAN_POINT('',(65.6117214940602,-295.425899764313,-28.4921573769388));
#10797=CARTESIAN_POINT('',(61.1038786921787,-295.425899764313,-28.0843145750572));
#10798=CARTESIAN_POINT('',(61.1038786921787,-295.425899764313,-25.4500000186329));
#10799=CARTESIAN_POINT('',(61.8695641171279,-295.425899764313,-28.8500000000065));
#10800=CARTESIAN_POINT('',(64.9617214940602,-295.425899764313,-31.9421573769388));
#10801=CARTESIAN_POINT('',(65.7381939079794,-295.425899764313,-28.8500000000065));
#10802=CARTESIAN_POINT('',(73.703879172741,-295.425899764313,-28.8500000000065));
#10803=CARTESIAN_POINT('',(65.0381939079794,-295.425899764313,-28.1500000000065));
#10804=CARTESIAN_POINT('',(67.8960365496734,-295.425899764313,-31.0078426417006));
#10805=CARTESIAN_POINT('',(64.3038793329286,-295.425899764313,-28.1500000000065));
#10806=CARTESIAN_POINT('',(90.703879172741,-295.425899764312,-28.1500000000065));
#10807=CARTESIAN_POINT('',(64.3038793329286,-295.425899764313,-26.2500000000065));
#10808=CARTESIAN_POINT('',(64.3038793329286,-295.425899764313,-22.6500000186329));
#10809=CARTESIAN_POINT('',(69.5381935201571,-295.425899764313,-26.2500000000065));
#10810=CARTESIAN_POINT('',(86.953879172741,-295.425899764312,-26.2500000000065));
#10811=CARTESIAN_POINT('',(72.5381935201571,-295.425899764313,-23.2500000000065));
#10812=CARTESIAN_POINT('',(74.5460362401803,-295.425899764313,-21.2421572799833));
#10813=CARTESIAN_POINT('',(91.8695647578779,-295.425899764312,-23.2500000000065));
#10814=CARTESIAN_POINT('',(92.453879172741,-295.425899764312,-23.2500000000065));
#10815=CARTESIAN_POINT('',(94.8695647578779,-295.425899764312,-26.2500000000065));
#10816=CARTESIAN_POINT('',(89.8617219746227,-295.425899764312,-21.2421572167513));
#10817=CARTESIAN_POINT('',(98.0381939079794,-295.425899764312,-26.2500000000065));
#10818=CARTESIAN_POINT('',(86.953879172741,-295.425899764312,-26.2500000000065));
#10819=CARTESIAN_POINT('',(98.8038793329287,-295.425899764312,-25.4843145750573));
#10820=CARTESIAN_POINT('',(95.421036531047,-295.425899764312,-28.8671573769389));
#10821=CARTESIAN_POINT('',(98.8038793329287,-295.425899764312,-24.0406854249557));
#10822=CARTESIAN_POINT('',(98.8038793329287,-295.425899764312,-21.650000018633));
#10823=CARTESIAN_POINT('',(98.0381939079794,-295.425899764312,-23.2750000000065));
#10824=CARTESIAN_POINT('',(93.8647865496735,-295.425899764312,-19.1015926417005));
#10825=CARTESIAN_POINT('',(97.0381939079793,-295.425899764312,-23.2750000000065));
#10826=CARTESIAN_POINT('',(89.703879172741,-295.425899764312,-23.2750000000065));
#10827=CARTESIAN_POINT('',(92.9641235416619,-295.425899764312,-19.200929633689));
#10828=CARTESIAN_POINT('',(90.7523139038663,-295.425899764312,-16.9891199958934));
#10829=CARTESIAN_POINT('',(93.4616638345804,-295.425899764312,-18.0001712843168));
#10830=CARTESIAN_POINT('',(91.8671053336527,-295.425899764312,-21.8484614847345));
#10831=CARTESIAN_POINT('',(99.3696330840142,-295.425899764312,-18.0015982502947));
#10832=CARTESIAN_POINT('',(90.1546279157199,-295.425899764312,-17.9993725280023));
#10833=CARTESIAN_POINT('',(100.103879332929,-295.425899764312,-18.7360218648833));
#10834=CARTESIAN_POINT('',(96.174893069918,-295.425899764312,-14.8060865097959));
#10835=CARTESIAN_POINT('',(100.103879332929,-295.425899764311,-28.1500000000065));
#10836=CARTESIAN_POINT('',(100.103879332929,-295.425899764312,-25.150000018633));
#10837=CARTESIAN_POINT('',(99.1695647578779,-295.425899764312,-28.1500000000065));
#10838=CARTESIAN_POINT('',(90.703879172741,-295.425899764312,-28.1500000000065));
#10839=CARTESIAN_POINT('',(99.0538793329286,-295.425899764312,-28.2656854249557));
#10840=CARTESIAN_POINT('',(96.4617219559962,-295.425899764312,-30.8578428018882));
#10841=CARTESIAN_POINT('',(99.0538793329286,-295.425899764312,-29.5343145750573));
#10842=CARTESIAN_POINT('',(99.0538793329286,-295.425899764312,-24.700000018633));
#10843=CARTESIAN_POINT('',(100.369564757878,-295.425899764311,-30.8500000000065));
#10844=CARTESIAN_POINT('',(93.2117219746227,-295.425899764312,-23.6921572167513));
#10845=CARTESIAN_POINT('',(103.138193907979,-295.425899764311,-30.8500000000065));
#10846=CARTESIAN_POINT('',(89.953879172741,-295.425899764312,-30.8500000000065));
#10847=CARTESIAN_POINT('',(104.103879332929,-295.425899764311,-29.8843145750573));
#10848=CARTESIAN_POINT('',(100.346036531047,-295.425899764311,-33.6421573769389));
#10849=CARTESIAN_POINT('',(104.103879332929,-295.425899764311,-29.3156853579005));
#10850=CARTESIAN_POINT('',(104.103879332929,-295.425899764311,-25.950000018633));
#10851=CARTESIAN_POINT('',(103.193828860117,-295.425899764311,-30.2257358307117));
#10852=CARTESIAN_POINT('',(99.7367219559962,-295.425899764311,-33.6828427348329));
#10853=CARTESIAN_POINT('',(102.553879332929,-295.425899764311,-29.585786303523));
#10854=CARTESIAN_POINT('',(95.4109860992139,-295.425899764312,-22.4428930698083));
#10855=CARTESIAN_POINT('',(102.553879332929,-295.425899764311,-23.9843145750572));
#10856=CARTESIAN_POINT('',(102.553879332929,-295.425899764311,-17.900000018633));
#10857=CARTESIAN_POINT('',(103.288193907979,-295.425899764311,-23.2500000000065));
#10858=CARTESIAN_POINT('',(98.2335365310469,-295.425899764312,-28.3046573769389));
#10859=CARTESIAN_POINT('',(112.538193907979,-295.425899764311,-23.2500000000065));
#10860=CARTESIAN_POINT('',(92.453879172741,-295.425899764312,-23.2500000000065));
#10861=CARTESIAN_POINT('',(115.303879332929,-295.425899764311,-20.4843145750571));
#10862=CARTESIAN_POINT('',(106.046036531047,-295.425899764311,-29.7421573769388));
#10863=CARTESIAN_POINT('',(115.303879332929,-295.425899764311,-18.8156854249559));
#10864=CARTESIAN_POINT('',(115.303879332929,-295.425899764311,-20.400000018633));
#10865=CARTESIAN_POINT('',(113.538193907979,-295.425899764311,-17.0500000000065));
#10866=CARTESIAN_POINT('',(107.296036549674,-295.425899764311,-10.8078426417006));
#10867=CARTESIAN_POINT('',(95.0381939079794,-295.425899764312,-17.0500000000065));
#10868=CARTESIAN_POINT('',(92.703879172741,-295.425899764312,-17.0500000000065));
#10869=CARTESIAN_POINT('',(92.2381939079794,-295.425899764312,-14.2500000000065));
#10870=CARTESIAN_POINT('',(92.1710365496734,-295.425899764312,-14.1828426417005));
#10871=CARTESIAN_POINT('',(66.4538791727413,-295.425899764313,-14.2500000000065));
#10872=CARTESIAN_POINT('',(63.8176439972842,-295.425899764313,-22.8019201198502));
#10873=CARTESIAN_POINT('',(64.551958572335,-295.425899764313,-23.5362346949009));
#10874=CARTESIAN_POINT('',(68.3098013742165,-295.425899764313,-27.2940774967825));
#10875=CARTESIAN_POINT('',(63.8176439972842,-295.425899764313,-21.3019201198501));
#10876=CARTESIAN_POINT('',(63.8176439972842,-295.425899764313,-20.8931173660802));
#10877=CARTESIAN_POINT('',(63.051958572335,-295.425899764313,-20.536234694901));
#10878=CARTESIAN_POINT('',(68.3098013742165,-295.425899764313,-25.7940774967825));
#10879=CARTESIAN_POINT('',(60.9117199628915,-295.425899764313,-20.536234694901));
#10880=CARTESIAN_POINT('',(76.7261543566445,-295.425899764313,-20.536234694901));
#10881=CARTESIAN_POINT('',(59.1774053878407,-295.425899764314,-18.8019201198502));
#10882=CARTESIAN_POINT('',(66.0796224171339,-295.425899764313,-25.7041371491434));
#10883=CARTESIAN_POINT('',(59.1774053878407,-295.425899764314,-15.9843145750572));
#10884=CARTESIAN_POINT('',(59.1774053878407,-295.425899764313,-19.9068826711857));
#10885=CARTESIAN_POINT('',(60.9117199628915,-295.425899764313,-14.2500000000065));
#10886=CARTESIAN_POINT('',(63.9511810722311,-295.425899764313,-11.2105388906669));
#10887=CARTESIAN_POINT('',(85.8622134034046,-295.425899764312,-14.2500000000065));
#10888=CARTESIAN_POINT('',(66.4538791727413,-295.425899764313,-14.2500000000065));
#10889=CARTESIAN_POINT('',(87.5965279784553,-295.425899764312,-15.9843145750572));
#10890=CARTESIAN_POINT('',(87.2312084587677,-295.425899764312,-15.6189950553696));
#10891=CARTESIAN_POINT('',(87.5965279784553,-295.425899764312,-18.8019201198502));
#10892=CARTESIAN_POINT('',(87.5965279784553,-295.425899764312,-19.9068826711857));
#10893=CARTESIAN_POINT('',(85.8622134034046,-295.425899764312,-20.536234694901));
#10894=CARTESIAN_POINT('',(85.1027671138649,-295.425899764312,-21.2956809844407));
#10895=CARTESIAN_POINT('',(71.4141151256848,-295.425899764313,-20.536234694901));
#10896=CARTESIAN_POINT('',(76.7261543566445,-295.425899764313,-20.536234694901));
#10897=CARTESIAN_POINT('',(68.4141151256848,-295.425899764313,-23.5362346949009));
#10898=CARTESIAN_POINT('',(72.391693405575,-295.425899764313,-19.5586564150107));
#10899=CARTESIAN_POINT('',(73.2107615049188,-295.425899764313,-23.5362346949009));
#10900=CARTESIAN_POINT('',(111.590114027823,-295.425899764311,-20.360236180585));
#10901=CARTESIAN_POINT('',(111.590114027823,-295.425899764311,-18.763765305112));
#10902=CARTESIAN_POINT('',(111.590114027823,-295.425899764311,-20.9222753964476));
#10903=CARTESIAN_POINT('',(110.414115513507,-295.425899764311,-21.536234694901));
#10904=CARTESIAN_POINT('',(103.391693696442,-295.425899764311,-28.5586565119663));
#10905=CARTESIAN_POINT('',(102.317644638034,-295.425899764311,-21.536234694901));
#10906=CARTESIAN_POINT('',(92.4607618252938,-295.425899764312,-21.536234694901));
#10907=CARTESIAN_POINT('',(102.317644638034,-295.425899764311,-18.763765305112));
#10908=CARTESIAN_POINT('',(102.317644638034,-295.425899764311,-21.125000018633));
#10909=CARTESIAN_POINT('',(95.6969965201883,-295.425899764312,-18.763765305112));
#10910=CARTESIAN_POINT('Origin',(59.7203006183853,-295.225899764313,-29.3835785729887));
#10911=CARTESIAN_POINT('',(53.7038793329284,-295.025899764314,-23.6500000000065));
#10912=CARTESIAN_POINT('',(59.578879262148,-295.025899764313,-29.524999929226));
#10913=CARTESIAN_POINT('',(53.8695647578779,-295.425899764314,-23.2500000000065));
#10914=CARTESIAN_POINT('Origin',(59.7203006183846,-281.625899764314,-29.3835785729885));
#10915=CARTESIAN_POINT('',(53.869564757877,-281.425899764314,-23.2500000000063));
#10916=CARTESIAN_POINT('',(59.8617219746219,-281.425899764313,-29.2421572167512));
#10917=CARTESIAN_POINT('',(53.7038793329278,-281.825899764314,-23.6500000000063));
#10918=CARTESIAN_POINT('',(53.869564757877,-281.425899764314,-23.2500000000063));
#10919=CARTESIAN_POINT('',(59.5788792621472,-281.825899764314,-29.5249999292258));
#10920=CARTESIAN_POINT('Origin',(82.2038790125528,-281.425899764313,-21.6500000372592));
#10921=CARTESIAN_POINT('',(94.4725084830293,-281.425899764312,-17.0500000000063));
#10922=CARTESIAN_POINT('',(91.2631938018077,-281.425899764312,-13.8406853187848));
#10923=CARTESIAN_POINT('',(113.538193907979,-281.425899764311,-17.0500000000063));
#10924=CARTESIAN_POINT('',(92.7038791727402,-281.425899764312,-17.0500000000063));
#10925=CARTESIAN_POINT('',(115.303879332928,-281.425899764311,-18.8156854249556));
#10926=CARTESIAN_POINT('',(107.296036549673,-281.425899764311,-10.8078426417004));
#10927=CARTESIAN_POINT('',(115.303879332928,-281.425899764311,-20.4843145750571));
#10928=CARTESIAN_POINT('',(115.303879332928,-281.425899764311,-20.4000000186328));
#10929=CARTESIAN_POINT('',(112.538193907979,-281.425899764311,-23.2500000000063));
#10930=CARTESIAN_POINT('',(106.046036531046,-281.425899764311,-29.7421573769387));
#10931=CARTESIAN_POINT('',(103.288193907978,-281.425899764312,-23.2500000000063));
#10932=CARTESIAN_POINT('',(92.4538791727403,-281.425899764312,-23.2500000000063));
#10933=CARTESIAN_POINT('',(102.553879332928,-281.425899764312,-23.9843145750571));
#10934=CARTESIAN_POINT('',(98.2335365310461,-281.425899764312,-28.3046573769387));
#10935=CARTESIAN_POINT('',(102.553879332928,-281.425899764311,-29.5857863035228));
#10936=CARTESIAN_POINT('',(102.553879332928,-281.425899764312,-17.9000000186328));
#10937=CARTESIAN_POINT('',(103.193828860117,-281.425899764311,-30.2257358307116));
#10938=CARTESIAN_POINT('',(95.4109860992131,-281.425899764312,-22.4428930698082));
#10939=CARTESIAN_POINT('',(104.103879332928,-281.425899764311,-29.3156853579003));
#10940=CARTESIAN_POINT('',(99.7367219559954,-281.425899764312,-33.6828427348327));
#10941=CARTESIAN_POINT('',(104.103879332928,-281.425899764311,-29.8843145750571));
#10942=CARTESIAN_POINT('',(104.103879332928,-281.425899764311,-25.9500000186328));
#10943=CARTESIAN_POINT('',(103.138193907978,-281.425899764311,-30.8500000000063));
#10944=CARTESIAN_POINT('',(100.346036531046,-281.425899764312,-33.6421573769387));
#10945=CARTESIAN_POINT('',(100.369564757877,-281.425899764312,-30.8500000000063));
#10946=CARTESIAN_POINT('',(89.9538791727403,-281.425899764312,-30.8500000000063));
#10947=CARTESIAN_POINT('',(99.0538793329277,-281.425899764312,-29.5343145750571));
#10948=CARTESIAN_POINT('',(93.2117219746218,-281.425899764312,-23.6921572167512));
#10949=CARTESIAN_POINT('',(99.0538793329277,-281.425899764312,-28.2656854249556));
#10950=CARTESIAN_POINT('',(99.0538793329277,-281.425899764312,-24.7000000186328));
#10951=CARTESIAN_POINT('',(99.169564757877,-281.425899764312,-28.1500000000064));
#10952=CARTESIAN_POINT('',(96.4617219559954,-281.425899764312,-30.857842801888));
#10953=CARTESIAN_POINT('',(100.103879332928,-281.425899764312,-28.1500000000064));
#10954=CARTESIAN_POINT('',(90.7038791727403,-281.425899764312,-28.1500000000064));
#10955=CARTESIAN_POINT('',(100.103879332928,-281.425899764312,-18.736021864883));
#10956=CARTESIAN_POINT('',(100.103879332928,-281.425899764312,-25.1500000186328));
#10957=CARTESIAN_POINT('',(99.3696330840133,-281.425899764312,-18.0015982502945));
#10958=CARTESIAN_POINT('',(96.1748930699172,-281.425899764312,-14.8060865097958));
#10959=CARTESIAN_POINT('',(93.4616638345796,-281.425899764312,-18.0001712843167));
#10960=CARTESIAN_POINT('',(90.1546279157191,-281.425899764312,-17.9993725280022));
#10961=CARTESIAN_POINT('',(92.964123541661,-281.425899764312,-19.2009296336889));
#10962=CARTESIAN_POINT('',(91.8671053336519,-281.425899764312,-21.8484614847343));
#10963=CARTESIAN_POINT('',(97.0381939079785,-281.425899764312,-23.2750000000063));
#10964=CARTESIAN_POINT('',(90.7523139038655,-281.425899764312,-16.9891199958933));
#10965=CARTESIAN_POINT('',(98.0381939079784,-281.425899764312,-23.2750000000063));
#10966=CARTESIAN_POINT('',(89.7038791727402,-281.425899764312,-23.2750000000063));
#10967=CARTESIAN_POINT('',(98.8038793329277,-281.425899764312,-24.0406854249556));
#10968=CARTESIAN_POINT('',(93.8647865496726,-281.425899764312,-19.1015926417005));
#10969=CARTESIAN_POINT('',(98.8038793329277,-281.425899764312,-25.4843145750571));
#10970=CARTESIAN_POINT('',(98.8038793329277,-281.425899764312,-21.6500000186328));
#10971=CARTESIAN_POINT('',(98.0381939079784,-281.425899764312,-26.2500000000063));
#10972=CARTESIAN_POINT('',(95.4210365310462,-281.425899764312,-28.8671573769387));
#10973=CARTESIAN_POINT('',(94.869564757877,-281.425899764312,-26.2500000000063));
#10974=CARTESIAN_POINT('',(86.9538791727403,-281.425899764312,-26.2500000000063));
#10975=CARTESIAN_POINT('',(91.869564757877,-281.425899764312,-23.2500000000063));
#10976=CARTESIAN_POINT('',(89.8617219746218,-281.425899764312,-21.2421572167512));
#10977=CARTESIAN_POINT('',(72.5381935201562,-281.425899764313,-23.2500000000063));
#10978=CARTESIAN_POINT('',(92.4538791727403,-281.425899764312,-23.2500000000063));
#10979=CARTESIAN_POINT('',(69.5381935201562,-281.425899764313,-26.2500000000063));
#10980=CARTESIAN_POINT('',(74.5460362401794,-281.425899764313,-21.2421572799831));
#10981=CARTESIAN_POINT('',(64.3038793329277,-281.425899764313,-26.2500000000063));
#10982=CARTESIAN_POINT('',(86.9538791727403,-281.425899764312,-26.2500000000063));
#10983=CARTESIAN_POINT('',(64.3038793329277,-281.425899764313,-28.1500000000064));
#10984=CARTESIAN_POINT('',(64.3038793329277,-281.425899764313,-22.6500000186328));
#10985=CARTESIAN_POINT('',(65.0381939079785,-281.425899764313,-28.1500000000064));
#10986=CARTESIAN_POINT('',(90.7038791727403,-281.425899764312,-28.1500000000064));
#10987=CARTESIAN_POINT('',(65.7381939079785,-281.425899764313,-28.8500000000064));
#10988=CARTESIAN_POINT('',(67.8960365496726,-281.425899764313,-31.0078426417004));
#10989=CARTESIAN_POINT('',(61.869564117127,-281.425899764313,-28.8500000000064));
#10990=CARTESIAN_POINT('',(73.7038791727403,-281.425899764313,-28.8500000000064));
#10991=CARTESIAN_POINT('',(61.1038786921778,-281.425899764313,-28.0843145750571));
#10992=CARTESIAN_POINT('',(64.9617214940593,-281.425899764313,-31.9421573769386));
#10993=CARTESIAN_POINT('',(61.1038786921778,-281.425899764313,-23.9843145750571));
#10994=CARTESIAN_POINT('',(61.1038786921778,-281.425899764313,-25.4500000186328));
#10995=CARTESIAN_POINT('',(60.369564117127,-281.425899764314,-23.2500000000063));
#10996=CARTESIAN_POINT('',(65.6117214940594,-281.425899764313,-28.4921573769387));
#10997=CARTESIAN_POINT('',(92.4538791727403,-281.425899764312,-23.2500000000063));
#10998=CARTESIAN_POINT('',(63.0519585723341,-281.425899764313,-20.5362346949008));
#10999=CARTESIAN_POINT('',(60.9117199628906,-281.425899764314,-20.5362346949008));
#11000=CARTESIAN_POINT('',(76.7261543566437,-281.425899764313,-20.5362346949008));
#11001=CARTESIAN_POINT('',(63.8176439972833,-281.425899764313,-21.30192011985));
#11002=CARTESIAN_POINT('',(68.3098013742156,-281.425899764313,-25.7940774967824));
#11003=CARTESIAN_POINT('',(63.8176439972833,-281.425899764313,-22.80192011985));
#11004=CARTESIAN_POINT('',(63.8176439972833,-281.425899764313,-20.89311736608));
#11005=CARTESIAN_POINT('',(64.5519585723341,-281.425899764313,-23.5362346949008));
#11006=CARTESIAN_POINT('',(68.3098013742157,-281.425899764313,-27.2940774967824));
#11007=CARTESIAN_POINT('',(68.4141151256839,-281.425899764313,-23.5362346949008));
#11008=CARTESIAN_POINT('',(73.2107615049181,-281.425899764313,-23.5362346949008));
#11009=CARTESIAN_POINT('',(71.4141151256839,-281.425899764313,-20.5362346949008));
#11010=CARTESIAN_POINT('',(72.3916934055742,-281.425899764313,-19.5586564150105));
#11011=CARTESIAN_POINT('',(85.8622134034037,-281.425899764312,-20.5362346949008));
#11012=CARTESIAN_POINT('',(76.7261543566437,-281.425899764313,-20.5362346949008));
#11013=CARTESIAN_POINT('',(87.5965279784544,-281.425899764312,-18.80192011985));
#11014=CARTESIAN_POINT('',(85.102767113864,-281.425899764312,-21.2956809844405));
#11015=CARTESIAN_POINT('',(87.5965279784544,-281.425899764312,-15.9843145750571));
#11016=CARTESIAN_POINT('',(87.5965279784544,-281.425899764312,-19.9068826711856));
#11017=CARTESIAN_POINT('',(85.8622134034037,-281.425899764312,-14.2500000000064));
#11018=CARTESIAN_POINT('',(87.2312084587669,-281.425899764312,-15.6189950553696));
#11019=CARTESIAN_POINT('',(60.9117199628906,-281.425899764314,-14.2500000000063));
#11020=CARTESIAN_POINT('',(66.4538791727405,-281.425899764313,-14.2500000000063));
#11021=CARTESIAN_POINT('',(59.1774053878399,-281.425899764314,-15.9843145750571));
#11022=CARTESIAN_POINT('',(63.9511810722302,-281.425899764313,-11.2105388906667));
#11023=CARTESIAN_POINT('',(59.1774053878398,-281.425899764314,-18.80192011985));
#11024=CARTESIAN_POINT('',(59.1774053878398,-281.425899764314,-19.9068826711855));
#11025=CARTESIAN_POINT('',(66.0796224171331,-281.425899764313,-25.7041371491432));
#11026=CARTESIAN_POINT('',(102.317644638033,-281.425899764312,-21.5362346949008));
#11027=CARTESIAN_POINT('',(102.317644638033,-281.425899764312,-18.7637653051119));
#11028=CARTESIAN_POINT('',(102.317644638033,-281.425899764312,-21.1250000186328));
#11029=CARTESIAN_POINT('',(110.414115513506,-281.425899764311,-21.5362346949008));
#11030=CARTESIAN_POINT('',(92.460761825293,-281.425899764312,-21.5362346949008));
#11031=CARTESIAN_POINT('',(111.590114027822,-281.425899764311,-20.3602361805849));
#11032=CARTESIAN_POINT('',(103.391693696441,-281.425899764311,-28.5586565119661));
#11033=CARTESIAN_POINT('',(111.590114027822,-281.425899764311,-18.7637653051119));
#11034=CARTESIAN_POINT('',(111.590114027822,-281.425899764311,-20.9222753964475));
#11035=CARTESIAN_POINT('',(95.6969965201875,-281.425899764312,-18.7637653051119));
#11036=CARTESIAN_POINT('Origin',(66.4538791727413,-295.225899764312,-14.4500000000065));
#11037=CARTESIAN_POINT('',(92.2381939079794,-295.425899764312,-14.2500000000065));
#11038=CARTESIAN_POINT('Origin',(99.5953005997581,-281.625899764312,-33.5414213785954));
#11039=CARTESIAN_POINT('',(103.193828860117,-281.825899764311,-29.6600504057623));
#11040=CARTESIAN_POINT('',(104.103879332928,-281.825899764311,-28.7499999329511));
#11041=CARTESIAN_POINT('',(99.4538792435208,-281.825899764312,-33.4000000223581));
#11042=CARTESIAN_POINT('',(104.221036620453,-281.543057051837,-29.0328426454258));
#11043=CARTESIAN_POINT('',(104.007388685621,-282.058848793683,-28.5170509035799));
#11044=CARTESIAN_POINT('',(103.721623443128,-281.043643874512,-30.2385327113512));
#11045=CARTESIAN_POINT('',(103.193828860117,-281.425899764311,-30.2257358307116));
#11046=CARTESIAN_POINT('Origin',(95.5524074554505,-281.625899764312,-22.3014717135709));
#11047=CARTESIAN_POINT('',(102.953879332928,-281.825899764311,-29.4201008785735));
#11048=CARTESIAN_POINT('',(102.553879332928,-281.425899764311,-29.5857863035228));
#11049=CARTESIAN_POINT('',(95.6938288116878,-281.825899764312,-22.1600503573336));
#11050=CARTESIAN_POINT('Origin',(102.753879332928,-281.625899764312,-17.9000000186328));
#11051=CARTESIAN_POINT('',(102.953879332928,-281.825899764312,-24.1500000000063));
#11052=CARTESIAN_POINT('',(102.553879332928,-281.425899764312,-23.9843145750571));
#11053=CARTESIAN_POINT('',(102.953879332928,-281.825899764312,-17.9000000186328));
#11054=CARTESIAN_POINT('Origin',(98.3749578872835,-281.625899764312,-28.446078733176));
#11055=CARTESIAN_POINT('',(103.453879332928,-281.825899764312,-23.6500000000063));
#11056=CARTESIAN_POINT('',(103.288193907978,-281.425899764312,-23.2500000000063));
#11057=CARTESIAN_POINT('',(98.5163792435208,-281.825899764312,-28.5875000894133));
#11058=CARTESIAN_POINT('Origin',(115.503879332928,-281.625899764311,-20.4000000186328));
#11059=CARTESIAN_POINT('',(115.703879332928,-281.825899764311,-18.6500000000063));
#11060=CARTESIAN_POINT('',(115.303879332928,-281.425899764311,-18.8156854249556));
#11061=CARTESIAN_POINT('',(115.703879332928,-281.825899764311,-20.6500000000064));
#11062=CARTESIAN_POINT('',(115.703879332928,-281.825899764311,-20.4000000186328));
#11063=CARTESIAN_POINT('',(115.703879332928,-281.825899764311,-20.6500000000064));
#11064=CARTESIAN_POINT('Origin',(107.43745790591,-281.625899764311,-10.6664212854631));
#11065=CARTESIAN_POINT('',(113.703879332928,-281.825899764311,-16.6500000000063));
#11066=CARTESIAN_POINT('',(113.538193907979,-281.425899764311,-17.0500000000063));
#11067=CARTESIAN_POINT('',(107.578879262147,-281.825899764311,-10.5249999292258));
#11068=CARTESIAN_POINT('Origin',(92.7038791727402,-281.625899764312,-16.8500000000063));
#11069=CARTESIAN_POINT('',(95.1553511955039,-281.708742476787,-16.7671572875317));
#11070=CARTESIAN_POINT('',(94.4725084830293,-281.425899764312,-17.0500000000063));
#11071=CARTESIAN_POINT('',(95.2038793329277,-281.825899764312,-16.6500000000063));
#11072=CARTESIAN_POINT('',(95.1824568055457,-281.774181208166,-16.7017185561524));
#11073=CARTESIAN_POINT('',(92.7038791727403,-281.825899764312,-16.6500000000063));
#11074=CARTESIAN_POINT('Origin',(65.4703001378221,-281.625899764313,-28.6335787331759));
#11075=CARTESIAN_POINT('',(60.7038786921778,-281.825899764314,-24.1500000000063));
#11076=CARTESIAN_POINT('',(60.2038786921778,-281.825899764314,-23.6500000000063));
#11077=CARTESIAN_POINT('',(65.3288787815848,-281.825899764313,-28.7750000894133));
#11078=CARTESIAN_POINT('',(60.2038786921778,-281.825899764314,-23.6500000000063));
#11079=CARTESIAN_POINT('',(61.1038786921778,-281.425899764313,-23.9843145750571));
#11080=CARTESIAN_POINT('Origin',(92.4538791727403,-281.625899764312,-23.4500000000063));
#11081=CARTESIAN_POINT('',(92.4538791727403,-281.825899764312,-23.6500000000063));
#11082=CARTESIAN_POINT('Origin',(91.5046151580451,-281.56732112055,-13.5992639625475));
#11083=CARTESIAN_POINT('',(91.7460365142824,-281.708742476787,-13.3578426063101));
#11084=CARTESIAN_POINT('Origin',(60.9038786921778,-281.625899764314,-25.4500000186328));
#11085=CARTESIAN_POINT('',(60.703878692178,-281.825899764314,-28.2500000000063));
#11086=CARTESIAN_POINT('',(60.7038786921778,-281.825899764314,-25.4500000186328));
#11087=CARTESIAN_POINT('',(61.1038786921778,-281.425899764313,-28.0843145750571));
#11088=CARTESIAN_POINT('Origin',(64.8203001378221,-281.625899764313,-32.083578733176));
#11089=CARTESIAN_POINT('',(61.7038786921781,-281.825899764313,-29.2500000000063));
#11090=CARTESIAN_POINT('',(64.6788787815848,-281.825899764313,-32.2250000894133));
#11091=CARTESIAN_POINT('',(61.869564117127,-281.425899764313,-28.8500000000064));
#11092=CARTESIAN_POINT('Origin',(73.7038791727403,-281.625899764313,-29.0500000000063));
#11093=CARTESIAN_POINT('',(66.2038793329278,-281.618792983127,-29.0428932188198));
#11094=CARTESIAN_POINT('',(69.9628681250998,-283.175817121653,-30.5999173573459));
#11095=CARTESIAN_POINT('',(66.2038793329278,-281.825899764313,-29.2500000000063));
#11096=CARTESIAN_POINT('',(66.2038793329276,-279.125899764313,-26.5500000000063));
#11097=CARTESIAN_POINT('',(73.7038791727403,-281.825899764313,-29.2500000000064));
#11098=CARTESIAN_POINT('Origin',(106.187457887284,-281.625899764311,-29.883578733176));
#11099=CARTESIAN_POINT('',(112.703879332928,-281.825899764311,-23.6500000000063));
#11100=CARTESIAN_POINT('',(106.328879243521,-281.825899764311,-30.0250000894134));
#11101=CARTESIAN_POINT('',(112.703879332928,-281.825899764311,-23.6500000000063));
#11102=CARTESIAN_POINT('Origin',(92.4538791727403,-281.625899764312,-23.4500000000063));
#11103=CARTESIAN_POINT('',(92.4538791727403,-281.825899764312,-23.6500000000063));
#11104=CARTESIAN_POINT('Origin',(103.203879332928,-280.425899764312,-23.9000000000063));
#11105=CARTESIAN_POINT('',(103.453879332928,-285.118710625481,-23.6500000000064));
#11106=CARTESIAN_POINT('',(103.453879332928,-280.425899764312,-23.6500000000063));
#11107=CARTESIAN_POINT('',(103.953879332928,-285.313424864814,-23.1500000000064));
#11108=CARTESIAN_POINT('Ctrl Pts',(103.453879332928,-285.118710625481,-23.6500000000064));
#11109=CARTESIAN_POINT('Ctrl Pts',(103.711462059928,-285.216067745148,-23.3924172730065));
#11110=CARTESIAN_POINT('Ctrl Pts',(103.953879332928,-285.313424864814,-23.1500000000064));
#11111=CARTESIAN_POINT('',(102.953879332928,-286.946879818536,-24.1500000000064));
#11112=CARTESIAN_POINT('Origin',(107.203879332928,-288.425899764311,-19.9000000000061));
#11113=CARTESIAN_POINT('',(102.953879332928,-289.425899764311,-24.1500000000065));
#11114=CARTESIAN_POINT('Origin',(102.703879332928,-289.425899764311,-23.6500000000064));
#11115=CARTESIAN_POINT('',(112.703879332929,-295.025899764311,-23.6500000000065));
#11116=CARTESIAN_POINT('',(112.703879332928,-284.925899764311,-23.6500000000064));
#11117=CARTESIAN_POINT('',(103.453879332928,-295.025899764311,-23.6500000000065));
#11118=CARTESIAN_POINT('',(92.453879172741,-295.025899764312,-23.6500000000065));
#11119=CARTESIAN_POINT('',(103.453879332928,-291.733088903142,-23.6500000000065));
#11120=CARTESIAN_POINT('',(103.453879332928,-280.425899764312,-23.6500000000063));
#11121=CARTESIAN_POINT('Origin',(107.203879332928,-288.425899764311,-23.6500000000064));
#11122=CARTESIAN_POINT('Origin',(114.203879332928,-284.925899764311,-22.1500000000064));
#11123=CARTESIAN_POINT('',(115.703879332929,-295.025899764311,-20.6500000000065));
#11124=CARTESIAN_POINT('',(115.703879332928,-284.925899764311,-20.6500000000064));
#11125=CARTESIAN_POINT('',(106.328879243522,-295.025899764311,-30.0250000894135));
#11126=CARTESIAN_POINT('Origin',(115.703879332928,-280.425899764311,-19.1500000000063));
#11127=CARTESIAN_POINT('',(115.703879332929,-295.025899764311,-18.6500000000065));
#11128=CARTESIAN_POINT('',(115.703879332928,-282.925899764311,-18.6500000000063));
#11129=CARTESIAN_POINT('',(115.703879332929,-295.025899764311,-20.400000018633));
#11130=CARTESIAN_POINT('Origin',(114.703879332928,-282.925899764311,-17.6500000000063));
#11131=CARTESIAN_POINT('',(113.703879332929,-295.025899764311,-16.6500000000065));
#11132=CARTESIAN_POINT('',(113.703879332928,-282.925899764311,-16.6500000000064));
#11133=CARTESIAN_POINT('',(107.578879262148,-295.025899764311,-10.524999929226));
#11134=CARTESIAN_POINT('Origin',(103.203879332928,-285.425899764312,-16.6500000000064));
#11135=CARTESIAN_POINT('',(95.2038793329284,-295.025899764312,-16.6500000000065));
#11136=CARTESIAN_POINT('',(95.2038793329279,-285.425899764312,-16.6500000000064));
#11137=CARTESIAN_POINT('',(92.703879172741,-295.025899764312,-16.6500000000065));
#11138=CARTESIAN_POINT('',(102.703879332928,-288.425899764311,-16.6500000000064));
#11139=CARTESIAN_POINT('Origin',(107.203879332928,-288.425899764311,-16.6500000000065));
#11140=CARTESIAN_POINT('Origin',(92.3124579059099,-281.625899764312,-14.0414212854631));
#11141=CARTESIAN_POINT('',(92.4538792621473,-281.825899764312,-13.8999999292258));
#11142=CARTESIAN_POINT('Origin',(60.703879332928,-281.425899764314,-11.6500000000063));
#11143=CARTESIAN_POINT('',(104.953879332928,-288.425899764311,-11.6500000000065));
#11144=CARTESIAN_POINT('Origin',(107.203879332928,-288.425899764311,-11.6500000000065));
#11145=CARTESIAN_POINT('',(54.9538793329284,-288.425899764315,-11.6500000000064));
#11146=CARTESIAN_POINT('Origin',(57.2038793329285,-288.425899764315,-11.6500000000064));
#11147=CARTESIAN_POINT('Origin',(52.2038793329275,-276.425899764314,-22.1500000000063));
#11148=CARTESIAN_POINT('',(53.7038793329279,-284.855185550044,-23.6500000000064));
#11149=CARTESIAN_POINT('',(53.7038793329275,-276.425899764314,-23.6500000000063));
#11150=CARTESIAN_POINT('',(53.6309876004718,-285.033136797613,-23.5771082675499));
#11151=CARTESIAN_POINT('Origin',(59.3433775194323,-289.594079631375,-29.2894981859219));
#11152=CARTESIAN_POINT('',(53.6309876004728,-291.818662731016,-23.5771082675509));
#11153=CARTESIAN_POINT('Ctrl Pts',(53.6309876004728,-291.818662731016,-23.577108267551));
#11154=CARTESIAN_POINT('Ctrl Pts',(53.1760981651172,-291.310229367678,-23.1222188321954));
#11155=CARTESIAN_POINT('Ctrl Pts',(52.4608872319967,-290.085751669965,-22.4070078990749));
#11156=CARTESIAN_POINT('Ctrl Pts',(52.1850298897629,-287.489749140233,-22.1311505568412));
#11157=CARTESIAN_POINT('Ctrl Pts',(52.9486534474389,-285.795786842622,-22.8947741145173));
#11158=CARTESIAN_POINT('Ctrl Pts',(53.6309876004722,-285.033136797614,-23.5771082675506));
#11159=CARTESIAN_POINT('',(53.7038793329283,-291.996613978586,-23.6500000000065));
#11160=CARTESIAN_POINT('Origin',(59.3433775246228,-287.257719892704,-29.2894981920239));
#11161=CARTESIAN_POINT('',(53.7038793329275,-276.425899764314,-23.6500000000063));
#11162=CARTESIAN_POINT('Origin',(102.703879332928,-289.425899764311,-23.6500000000064));
#11163=CARTESIAN_POINT('',(60.203878692178,-284.425899283752,-23.6500000000063));
#11164=CARTESIAN_POINT('',(60.2038786921773,-271.425899764314,-23.6500000000062));
#11165=CARTESIAN_POINT('Origin',(57.2038793329284,-288.425899764315,-23.6500000000064));
#11166=CARTESIAN_POINT('Origin',(60.4538786921773,-271.425899764314,-23.9000000000062));
#11167=CARTESIAN_POINT('',(60.7038786921782,-285.597471846681,-24.1500000000064));
#11168=CARTESIAN_POINT('',(60.7038786921773,-271.425899764313,-24.1500000000062));
#11169=CARTESIAN_POINT('',(59.7038786921779,-284.684241949422,-23.1500000000063));
#11170=CARTESIAN_POINT('Origin',(57.2038793329284,-288.425899764315,-20.6500006407567));
#11171=CARTESIAN_POINT('Ctrl Pts',(59.7038786921779,-284.684241949422,-23.1500000000063));
#11172=CARTESIAN_POINT('Ctrl Pts',(59.9455360782375,-284.555070616587,-23.3916573860659));
#11173=CARTESIAN_POINT('Ctrl Pts',(60.2038786921779,-284.425899283752,-23.6500000000063));
#11174=CARTESIAN_POINT('Origin',(60.7038786921773,-271.425899764313,-29.2500000000062));
#11175=CARTESIAN_POINT('',(60.7038786921784,-285.597471846681,-28.2500000000064));
#11176=CARTESIAN_POINT('',(60.7038786921784,-289.425899764313,-28.2500000000064));
#11177=CARTESIAN_POINT('',(60.703878692178,-285.597471846681,-14.6500000000064));
#11178=CARTESIAN_POINT('Origin',(61.2038786921773,-271.425899764313,-28.7500000000062));
#11179=CARTESIAN_POINT('',(61.7038790125534,-288.425899764315,-29.2500003203816));
#11180=CARTESIAN_POINT('',(61.7038786921784,-289.425899764313,-29.2500000000064));
#11181=CARTESIAN_POINT('Origin',(57.2038793329284,-288.425899764315,-24.7500006407567));
#11182=CARTESIAN_POINT('Origin',(65.2038793329272,-271.425899764313,-29.2500000000062));
#11183=CARTESIAN_POINT('',(66.2038793329284,-295.025899764313,-29.2500000000065));
#11184=CARTESIAN_POINT('',(66.2038793329273,-271.425899764313,-29.2500000000062));
#11185=CARTESIAN_POINT('',(61.7038786921787,-295.025899764313,-29.2500000000065));
#11186=CARTESIAN_POINT('',(73.703879172741,-295.025899764313,-29.2500000000065));
#11187=CARTESIAN_POINT('',(61.7038786921784,-289.425899764313,-29.2500000000064));
#11188=CARTESIAN_POINT('Origin',(66.2038793329273,-271.425899764313,-29.2500000000062));
#11189=CARTESIAN_POINT('',(66.2038793329278,-281.825899764313,-28.7500000000063));
#11190=CARTESIAN_POINT('',(66.2038793329276,-279.442536686517,-32.1205843886844));
#11191=CARTESIAN_POINT('',(66.2038793329284,-295.025899764313,-28.7500000000064));
#11192=CARTESIAN_POINT('',(66.2038793329273,-271.425899764313,-28.7500000000062));
#11193=CARTESIAN_POINT('',(66.2038793329284,-295.025899764313,-25.4500000186329));
#11194=CARTESIAN_POINT('Origin',(68.0374579059099,-281.625899764313,-30.8664212854631));
#11195=CARTESIAN_POINT('',(65.2038793329277,-281.825899764313,-27.7500000000064));
#11196=CARTESIAN_POINT('',(65.0381939079785,-281.425899764313,-28.1500000000064));
#11197=CARTESIAN_POINT('',(68.1788792621472,-281.825899764313,-30.7249999292258));
#11198=CARTESIAN_POINT('Origin',(74.6874575964167,-281.625899764313,-21.3835786362204));
#11199=CARTESIAN_POINT('',(69.7038789451054,-281.825899764313,-26.6500000000063));
#11200=CARTESIAN_POINT('',(74.8288789526541,-281.825899764313,-21.5249999924578));
#11201=CARTESIAN_POINT('',(69.7038789451054,-281.825899764313,-26.6500000000063));
#11202=CARTESIAN_POINT('',(72.5381935201562,-281.425899764313,-23.2500000000063));
#11203=CARTESIAN_POINT('Origin',(90.7038791727403,-281.625899764312,-27.9500000000063));
#11204=CARTESIAN_POINT('',(64.703879332928,-281.825899764313,-27.7500000000064));
#11205=CARTESIAN_POINT('',(90.7038791727403,-281.825899764312,-27.7500000000064));
#11206=CARTESIAN_POINT('',(64.3038793329277,-281.425899764313,-28.1500000000064));
#11207=CARTESIAN_POINT('Origin',(64.5038793329277,-281.625899764313,-22.6500000186328));
#11208=CARTESIAN_POINT('',(64.7038793329278,-281.825899764313,-26.6500000000063));
#11209=CARTESIAN_POINT('',(64.7038793329278,-281.825899764313,-22.6500000186328));
#11210=CARTESIAN_POINT('',(64.3038793329277,-281.425899764313,-26.2500000000063));
#11211=CARTESIAN_POINT('Origin',(86.9538791727403,-281.625899764312,-26.4500000000063));
#11212=CARTESIAN_POINT('',(86.9538791727403,-281.825899764312,-26.6500000000063));
#11213=CARTESIAN_POINT('Origin',(92.4538791727403,-281.625899764312,-23.4500000000063));
#11214=CARTESIAN_POINT('',(91.869564757877,-281.425899764312,-23.2500000000063));
#11215=CARTESIAN_POINT('Origin',(89.7203006183845,-281.625899764312,-21.3835785729885));
#11216=CARTESIAN_POINT('',(94.7038793329278,-281.825899764312,-26.6500000000063));
#11217=CARTESIAN_POINT('',(89.5788792621472,-281.825899764312,-21.5249999292258));
#11218=CARTESIAN_POINT('',(94.869564757877,-281.425899764312,-26.2500000000063));
#11219=CARTESIAN_POINT('Origin',(86.9538791727403,-281.625899764312,-26.4500000000063));
#11220=CARTESIAN_POINT('',(98.2038793329278,-281.825899764312,-26.6500000000063));
#11221=CARTESIAN_POINT('',(86.9538791727403,-281.825899764312,-26.6500000000063));
#11222=CARTESIAN_POINT('',(98.0381939079784,-281.425899764312,-26.2500000000063));
#11223=CARTESIAN_POINT('Origin',(95.5624578872835,-281.625899764312,-29.008578733176));
#11224=CARTESIAN_POINT('',(99.2038793329278,-281.825899764312,-25.6500000000064));
#11225=CARTESIAN_POINT('',(95.7038792435208,-281.825899764312,-29.1500000894133));
#11226=CARTESIAN_POINT('',(98.8038793329277,-281.425899764312,-25.4843145750571));
#11227=CARTESIAN_POINT('Origin',(99.0038793329278,-281.625899764312,-21.6500000186328));
#11228=CARTESIAN_POINT('',(99.2038793329279,-281.825899764312,-23.8750000000063));
#11229=CARTESIAN_POINT('',(99.2038793329278,-281.825899764312,-21.6500000186328));
#11230=CARTESIAN_POINT('',(98.8038793329277,-281.425899764312,-24.0406854249556));
#11231=CARTESIAN_POINT('Origin',(94.0062079059099,-281.625899764312,-18.9601712854631));
#11232=CARTESIAN_POINT('',(98.203879332928,-281.825899764312,-22.8750000000063));
#11233=CARTESIAN_POINT('',(94.1476292621472,-281.825899764312,-18.8187499292258));
#11234=CARTESIAN_POINT('',(98.0381939079784,-281.425899764312,-23.2750000000063));
#11235=CARTESIAN_POINT('Origin',(89.7038791727402,-281.625899764312,-23.0750000000064));
#11236=CARTESIAN_POINT('',(97.2038793329277,-281.825899764312,-22.8750000000063));
#11237=CARTESIAN_POINT('',(89.7038791727403,-281.825899764312,-22.8750000000063));
#11238=CARTESIAN_POINT('',(97.0381939079785,-281.425899764312,-23.2750000000063));
#11239=CARTESIAN_POINT('Origin',(90.8937352601028,-281.625899764312,-16.8476986396561));
#11240=CARTESIAN_POINT('',(93.4359804175187,-281.825899764312,-19.1071010845973));
#11241=CARTESIAN_POINT('',(91.0351566163401,-281.825899764312,-16.7062772834187));
#11242=CARTESIAN_POINT('',(92.964123541661,-281.425899764312,-19.2009296336889));
#11243=CARTESIAN_POINT('Origin',(92.0518719957622,-281.625899764312,-21.9250204853326));
#11244=CARTESIAN_POINT('',(93.7288736071632,-281.825899764312,-18.4002358358013));
#11245=CARTESIAN_POINT('',(92.2366386578725,-281.825899764312,-22.0015794859308));
#11246=CARTESIAN_POINT('',(93.4616638345796,-281.425899764312,-18.0001712843167));
#11247=CARTESIAN_POINT('Origin',(90.154579609241,-281.625899764312,-18.1993725221685));
#11248=CARTESIAN_POINT('',(99.2038793475125,-281.825899764312,-18.4015582270647));
#11249=CARTESIAN_POINT('',(90.1545313027629,-281.825899764312,-18.3993725163346));
#11250=CARTESIAN_POINT('',(99.3696330840133,-281.425899764312,-18.0015982502945));
#11251=CARTESIAN_POINT('Origin',(96.0334546357919,-281.625899764312,-14.9474907860826));
#11252=CARTESIAN_POINT('',(99.7038793329277,-281.825899764312,-18.90167899326));
#11253=CARTESIAN_POINT('',(95.8920162016666,-281.825899764312,-15.0888950623693));
#11254=CARTESIAN_POINT('',(100.103879332928,-281.425899764312,-18.736021864883));
#11255=CARTESIAN_POINT('Origin',(99.9038793329277,-281.625899764312,-25.1500000186328));
#11256=CARTESIAN_POINT('',(99.7038793329277,-281.825899764312,-27.7500000000064));
#11257=CARTESIAN_POINT('',(99.7038793329277,-281.825899764312,-25.1500000186328));
#11258=CARTESIAN_POINT('',(100.103879332928,-281.425899764312,-28.1500000000064));
#11259=CARTESIAN_POINT('Origin',(90.7038791727403,-281.625899764312,-27.9500000000063));
#11260=CARTESIAN_POINT('',(99.0038793329278,-281.825899764312,-27.7500000000064));
#11261=CARTESIAN_POINT('',(90.7038791727403,-281.825899764312,-27.7500000000064));
#11262=CARTESIAN_POINT('',(99.169564757877,-281.425899764312,-28.1500000000064));
#11263=CARTESIAN_POINT('Origin',(96.3203005997581,-281.625899764312,-30.7164214456506));
#11264=CARTESIAN_POINT('',(98.653879332928,-281.825899764312,-28.1000000000063));
#11265=CARTESIAN_POINT('',(96.1788792435208,-281.825899764312,-30.5750000894133));
#11266=CARTESIAN_POINT('',(99.0538793329277,-281.425899764312,-28.2656854249556));
#11267=CARTESIAN_POINT('Origin',(98.8538793329278,-281.625899764312,-24.7000000186328));
#11268=CARTESIAN_POINT('',(98.653879332928,-281.825899764312,-29.7000000000064));
#11269=CARTESIAN_POINT('',(98.6538793329278,-281.825899764312,-24.7000000186328));
#11270=CARTESIAN_POINT('',(99.0538793329277,-281.425899764312,-29.5343145750571));
#11271=CARTESIAN_POINT('Origin',(93.0703006183845,-281.625899764312,-23.8335785729885));
#11272=CARTESIAN_POINT('',(100.203879332928,-281.825899764312,-31.2500000000063));
#11273=CARTESIAN_POINT('',(92.9288792621472,-281.825899764312,-23.9749999292258));
#11274=CARTESIAN_POINT('',(100.369564757877,-281.425899764312,-30.8500000000063));
#11275=CARTESIAN_POINT('Origin',(89.9538791727403,-281.625899764312,-31.0500000000064));
#11276=CARTESIAN_POINT('',(103.303879332928,-281.825899764311,-31.2500000000063));
#11277=CARTESIAN_POINT('',(89.9538791727403,-281.825899764312,-31.2500000000063));
#11278=CARTESIAN_POINT('',(103.138193907978,-281.425899764311,-30.8500000000063));
#11279=CARTESIAN_POINT('Origin',(100.487457887283,-281.625899764312,-33.783578733176));
#11280=CARTESIAN_POINT('',(104.503879332928,-281.825899764311,-30.0500000000063));
#11281=CARTESIAN_POINT('',(100.628879243521,-281.825899764312,-33.9250000894133));
#11282=CARTESIAN_POINT('',(104.103879332928,-281.425899764311,-29.8843145750571));
#11283=CARTESIAN_POINT('Origin',(104.303879332928,-281.625899764311,-25.9500000186328));
#11284=CARTESIAN_POINT('',(104.503879332928,-281.825899764311,-28.7499999329511));
#11285=CARTESIAN_POINT('',(104.103879332928,-281.425899764311,-29.1499999329511));
#11286=CARTESIAN_POINT('',(104.503879332928,-281.825899764311,-25.9500000186328));
#11287=CARTESIAN_POINT('Origin',(93.1538791727403,-281.625899764312,-28.9499999329511));
#11288=CARTESIAN_POINT('',(93.1538791727403,-281.825899764312,-28.7499999329511));
#11289=CARTESIAN_POINT('Origin',(65.7038793329272,-271.425899764313,-28.2500000000062));
#11290=CARTESIAN_POINT('',(65.2038793329284,-295.025899764313,-27.7500000000065));
#11291=CARTESIAN_POINT('',(65.2038793329275,-276.425899764313,-27.7500000000063));
#11292=CARTESIAN_POINT('',(68.1788792621479,-295.025899764313,-30.724999929226));
#11293=CARTESIAN_POINT('Origin',(102.517644638033,-281.625899764312,-21.1250000186328));
#11294=CARTESIAN_POINT('',(102.717644638033,-281.825899764312,-19.1637653051119));
#11295=CARTESIAN_POINT('',(102.317644638033,-281.425899764312,-18.7637653051119));
#11296=CARTESIAN_POINT('',(102.717644638034,-281.825899764312,-21.1362346949008));
#11297=CARTESIAN_POINT('',(102.717644638033,-281.825899764312,-21.1250000186328));
#11298=CARTESIAN_POINT('',(102.717644638034,-281.825899764312,-21.1362346949008));
#11299=CARTESIAN_POINT('Origin',(95.6969965201875,-281.625899764312,-18.9637653051119));
#11300=CARTESIAN_POINT('',(111.190114027822,-281.825899764311,-19.1637653051119));
#11301=CARTESIAN_POINT('',(111.590114027822,-281.425899764311,-18.7637653051119));
#11302=CARTESIAN_POINT('',(95.6969965201875,-281.825899764312,-19.1637653051119));
#11303=CARTESIAN_POINT('Origin',(111.390114027822,-281.625899764311,-20.9222753964475));
#11304=CARTESIAN_POINT('',(111.190114027822,-281.825899764311,-20.1945507556356));
#11305=CARTESIAN_POINT('',(111.190114027822,-281.825899764311,-20.9222753964475));
#11306=CARTESIAN_POINT('',(111.590114027822,-281.425899764311,-20.3602361805849));
#11307=CARTESIAN_POINT('Origin',(103.250272340204,-281.625899764311,-28.4172351557288));
#11308=CARTESIAN_POINT('',(110.248430088557,-281.825899764311,-21.1362346949008));
#11309=CARTESIAN_POINT('',(103.108850983966,-281.825899764311,-28.2758137994914));
#11310=CARTESIAN_POINT('',(110.248430088557,-281.825899764311,-21.1362346949008));
#11311=CARTESIAN_POINT('Origin',(92.460761825293,-281.625899764312,-21.3362346949008));
#11312=CARTESIAN_POINT('',(92.4607618252931,-281.825899764312,-21.1362346949008));
#11313=CARTESIAN_POINT('Origin',(110.248430088557,-276.425899764311,-21.1362346949007));
#11314=CARTESIAN_POINT('',(110.248430088557,-285.112184221842,-21.1362346949009));
#11315=CARTESIAN_POINT('',(110.248430088558,-289.425899764311,-21.1362346949009));
#11316=CARTESIAN_POINT('',(111.190114027823,-286.337854516424,-20.1945507556356));
#11317=CARTESIAN_POINT('Origin',(107.203879332928,-288.425899764311,-24.1807854505298));
#11318=CARTESIAN_POINT('',(111.190114027823,-289.425899764311,-20.1945507556357));
#11319=CARTESIAN_POINT('Origin',(102.717644638033,-276.425899764312,-21.1362346949007));
#11320=CARTESIAN_POINT('',(102.717644638034,-288.074192126743,-21.1362346949009));
#11321=CARTESIAN_POINT('',(102.717644638034,-289.425899764311,-21.1362346949009));
#11322=CARTESIAN_POINT('Origin',(107.203879332928,-288.425899764311,-21.1362346949009));
#11323=CARTESIAN_POINT('Origin',(102.717644638033,-276.425899764312,-20.6000000000063));
#11324=CARTESIAN_POINT('',(102.717644638034,-288.074192126745,-19.1637653051119));
#11325=CARTESIAN_POINT('',(102.717644638033,-276.425899764312,-19.1637653051118));
#11326=CARTESIAN_POINT('',(102.717644638034,-288.074192126745,-14.6500000000064));
#11327=CARTESIAN_POINT('Origin',(72.2502720493369,-281.625899764313,-19.4172350587732));
#11328=CARTESIAN_POINT('',(68.2484297007349,-281.825899764313,-23.1362346949008));
#11329=CARTESIAN_POINT('',(68.4141151256839,-281.425899764313,-23.5362346949008));
#11330=CARTESIAN_POINT('',(71.2484297007349,-281.825899764313,-20.1362346949008));
#11331=CARTESIAN_POINT('',(72.1088506930996,-281.825899764313,-19.2758137025359));
#11332=CARTESIAN_POINT('',(71.2484297007349,-281.825899764313,-20.1362346949008));
#11333=CARTESIAN_POINT('Origin',(68.451222730453,-281.625899764313,-27.1526561405451));
#11334=CARTESIAN_POINT('',(64.2176439972833,-281.825899764313,-22.6362346949008));
#11335=CARTESIAN_POINT('',(63.8176439972833,-281.425899764313,-22.80192011985));
#11336=CARTESIAN_POINT('',(64.7176439972834,-281.825899764313,-23.1362346949008));
#11337=CARTESIAN_POINT('',(68.5926440866903,-281.825899764313,-27.0112347843078));
#11338=CARTESIAN_POINT('',(64.7176439972834,-281.825899764313,-23.1362346949008));
#11339=CARTESIAN_POINT('Origin',(59.3774053878398,-281.625899764314,-19.9068826711855));
#11340=CARTESIAN_POINT('',(59.5774053878399,-281.825899764314,-16.1500000000063));
#11341=CARTESIAN_POINT('',(59.5774053878399,-281.825899764314,-18.6362346949008));
#11342=CARTESIAN_POINT('',(59.5774053878399,-281.825899764314,-19.9068826711855));
#11343=CARTESIAN_POINT('',(59.5774053878399,-281.825899764314,-18.6362346949008));
#11344=CARTESIAN_POINT('',(59.1774053878399,-281.425899764314,-15.9843145750571));
#11345=CARTESIAN_POINT('Origin',(76.7261543566437,-281.625899764313,-20.3362346949008));
#11346=CARTESIAN_POINT('',(61.0774053878399,-281.825899764314,-20.1362346949008));
#11347=CARTESIAN_POINT('',(60.9117199628906,-281.425899764314,-20.5362346949008));
#11348=CARTESIAN_POINT('',(63.2176439972834,-281.825899764313,-20.1362346949008));
#11349=CARTESIAN_POINT('',(76.7261543566438,-281.825899764313,-20.1362346949008));
#11350=CARTESIAN_POINT('',(63.2176439972834,-281.825899764313,-20.1362346949008));
#11351=CARTESIAN_POINT('Origin',(66.2210437733704,-281.625899764313,-25.5627157929059));
#11352=CARTESIAN_POINT('',(66.3624651296077,-281.825899764313,-25.4212944366686));
#11353=CARTESIAN_POINT('Origin',(68.4512227304529,-281.625899764313,-25.6526561405451));
#11354=CARTESIAN_POINT('',(64.2176439972833,-281.825899764313,-21.1362346949008));
#11355=CARTESIAN_POINT('',(68.5926440866903,-281.825899764313,-25.5112347843077));
#11356=CARTESIAN_POINT('',(64.2176439972833,-281.825899764313,-21.1362346949008));
#11357=CARTESIAN_POINT('Origin',(64.0176439972834,-281.625899764313,-20.89311736608));
#11358=CARTESIAN_POINT('',(64.2176439972833,-281.825899764313,-20.89311736608));
#11359=CARTESIAN_POINT('Origin',(64.0926024284676,-281.625899764314,-11.351960246904));
#11360=CARTESIAN_POINT('',(61.0774053878399,-281.825899764314,-14.6500000000063));
#11361=CARTESIAN_POINT('',(64.2340237847049,-281.825899764314,-11.4933816031414));
#11362=CARTESIAN_POINT('',(60.9117199628906,-281.425899764314,-14.2500000000063));
#11363=CARTESIAN_POINT('Origin',(66.4538791727406,-281.625899764313,-14.4500000000063));
#11364=CARTESIAN_POINT('',(85.6965279784547,-281.825899764312,-14.6500000000063));
#11365=CARTESIAN_POINT('',(66.4538791727406,-281.825899764313,-14.6500000000063));
#11366=CARTESIAN_POINT('',(85.8622134034037,-281.425899764312,-14.2500000000064));
#11367=CARTESIAN_POINT('Origin',(73.2107615049181,-281.625899764313,-23.3362346949008));
#11368=CARTESIAN_POINT('',(73.2107615049181,-281.825899764313,-23.1362346949008));
#11369=CARTESIAN_POINT('Origin',(87.0897871025296,-281.625899764312,-15.7604164116068));
#11370=CARTESIAN_POINT('',(87.1965279784545,-281.825899764312,-16.1500000000063));
#11371=CARTESIAN_POINT('',(86.9483657462923,-281.825899764312,-15.9018377678441));
#11372=CARTESIAN_POINT('',(87.5965279784544,-281.425899764312,-15.9843145750571));
#11373=CARTESIAN_POINT('Origin',(87.3965279784544,-281.625899764312,-19.9068826711856));
#11374=CARTESIAN_POINT('',(87.1965279784545,-281.825899764312,-18.6362346949008));
#11375=CARTESIAN_POINT('',(87.1965279784545,-281.825899764312,-19.9068826711856));
#11376=CARTESIAN_POINT('',(87.5965279784544,-281.425899764312,-18.80192011985));
#11377=CARTESIAN_POINT('Origin',(76.7261543566437,-281.625899764313,-20.3362346949008));
#11378=CARTESIAN_POINT('',(85.6965279784545,-281.825899764312,-20.1362346949008));
#11379=CARTESIAN_POINT('',(76.7261543566438,-281.825899764313,-20.1362346949008));
#11380=CARTESIAN_POINT('',(85.6965279784545,-281.825899764312,-20.1362346949008));
#11381=CARTESIAN_POINT('Origin',(84.9613457576267,-281.625899764312,-21.1542596282032));
#11382=CARTESIAN_POINT('',(84.8199244013895,-281.825899764312,-21.0128382719658));
#11383=CARTESIAN_POINT('Origin',(71.2484297007344,-276.425899764313,-20.1362346949008));
#11384=CARTESIAN_POINT('',(71.2484297007356,-295.025899764313,-20.136234694901));
#11385=CARTESIAN_POINT('',(71.2484297007353,-289.425899764313,-20.1362346949009));
#11386=CARTESIAN_POINT('',(85.6965279784551,-295.025899764312,-20.136234694901));
#11387=CARTESIAN_POINT('',(76.7261543566445,-295.025899764313,-20.136234694901));
#11388=CARTESIAN_POINT('',(85.6965279784545,-282.925899764312,-20.1362346949008));
#11389=CARTESIAN_POINT('Origin',(68.2484297007344,-276.425899764313,-23.1362346949007));
#11390=CARTESIAN_POINT('',(68.2484297007355,-295.025899764313,-23.1362346949009));
#11391=CARTESIAN_POINT('',(68.2484297007353,-289.425899764313,-23.1362346949009));
#11392=CARTESIAN_POINT('',(72.1088506931003,-295.025899764313,-19.275813702536));
#11393=CARTESIAN_POINT('Origin',(64.2176439972831,-276.425899764313,-23.1362346949007));
#11394=CARTESIAN_POINT('',(64.717643997284,-295.025899764313,-23.1362346949009));
#11395=CARTESIAN_POINT('',(64.7176439972831,-276.425899764313,-23.1362346949007));
#11396=CARTESIAN_POINT('',(73.2107615049188,-295.025899764313,-23.1362346949009));
#11397=CARTESIAN_POINT('Origin',(64.4676439972831,-276.425899764313,-22.8862346949007));
#11398=CARTESIAN_POINT('',(64.217643997284,-295.025899764313,-22.636234694901));
#11399=CARTESIAN_POINT('',(64.2176439972831,-276.425899764313,-22.6362346949008));
#11400=CARTESIAN_POINT('',(68.592644086691,-295.025899764313,-27.0112347843079));
#11401=CARTESIAN_POINT('Origin',(64.2176439972831,-276.425899764313,-20.1362346949008));
#11402=CARTESIAN_POINT('',(64.217643997284,-295.025899764313,-21.1362346949009));
#11403=CARTESIAN_POINT('',(64.2176439972831,-276.425899764313,-21.1362346949007));
#11404=CARTESIAN_POINT('',(64.217643997284,-295.025899764313,-20.8931173660802));
#11405=CARTESIAN_POINT('Origin',(63.7176439972831,-276.425899764313,-20.6362346949007));
#11406=CARTESIAN_POINT('',(63.217643997284,-295.025899764313,-20.136234694901));
#11407=CARTESIAN_POINT('',(63.2176439972831,-276.425899764313,-20.1362346949008));
#11408=CARTESIAN_POINT('',(68.592644086691,-295.025899764313,-25.5112347843079));
#11409=CARTESIAN_POINT('Origin',(71.2484297007344,-276.425899764313,-20.1362346949008));
#11410=CARTESIAN_POINT('',(61.0774053878401,-286.135529509985,-20.1362346949008));
#11411=CARTESIAN_POINT('',(61.0774053878397,-278.925899764313,-20.1362346949008));
#11412=CARTESIAN_POINT('',(61.0774053878403,-290.716270018645,-20.1362346949009));
#11413=CARTESIAN_POINT('Origin',(57.2038793329284,-288.425899764315,-20.1362346949008));
#11414=CARTESIAN_POINT('',(61.0774053878405,-295.025899764313,-20.136234694901));
#11415=CARTESIAN_POINT('',(61.0774053878397,-278.925899764313,-20.1362346949008));
#11416=CARTESIAN_POINT('',(76.7261543566445,-295.025899764313,-20.136234694901));
#11417=CARTESIAN_POINT('Origin',(104.303879332929,-295.225899764311,-25.950000018633));
#11418=CARTESIAN_POINT('',(104.503879332928,-295.025899764311,-30.0500000000065));
#11419=CARTESIAN_POINT('',(104.503879332928,-295.025899764311,-28.7499999329513));
#11420=CARTESIAN_POINT('',(104.503879332928,-295.025899764311,-25.950000018633));
#11421=CARTESIAN_POINT('',(104.221036620454,-295.308742476786,-29.0328426454259));
#11422=CARTESIAN_POINT('',(102.945545958618,-296.584233138622,-30.3083333072623));
#11423=CARTESIAN_POINT('',(103.721623443129,-295.808155654111,-30.2385327113512));
#11424=CARTESIAN_POINT('',(104.103879332929,-295.425899764311,-29.8843145750573));
#11425=CARTESIAN_POINT('Origin',(100.487457887284,-295.225899764311,-33.7835787331762));
#11426=CARTESIAN_POINT('',(103.303879332928,-295.025899764311,-31.2500000000065));
#11427=CARTESIAN_POINT('',(103.138193907979,-295.425899764311,-30.8500000000065));
#11428=CARTESIAN_POINT('',(100.628879243521,-295.025899764311,-33.9250000894134));
#11429=CARTESIAN_POINT('Origin',(89.953879172741,-295.225899764312,-31.0500000000065));
#11430=CARTESIAN_POINT('',(100.203879332928,-295.025899764311,-31.2500000000065));
#11431=CARTESIAN_POINT('',(100.369564757878,-295.425899764311,-30.8500000000065));
#11432=CARTESIAN_POINT('',(89.953879172741,-295.025899764312,-31.2500000000065));
#11433=CARTESIAN_POINT('Origin',(93.0703006183853,-295.225899764312,-23.8335785729887));
#11434=CARTESIAN_POINT('',(98.6538793329287,-295.025899764311,-29.7000000000065));
#11435=CARTESIAN_POINT('',(99.0538793329286,-295.425899764312,-29.5343145750573));
#11436=CARTESIAN_POINT('',(92.9288792621479,-295.025899764312,-23.974999929226));
#11437=CARTESIAN_POINT('Origin',(98.8538793329285,-295.225899764312,-24.700000018633));
#11438=CARTESIAN_POINT('',(98.6538793329287,-295.025899764311,-28.1000000000065));
#11439=CARTESIAN_POINT('',(99.0538793329286,-295.425899764312,-28.2656854249557));
#11440=CARTESIAN_POINT('',(98.6538793329284,-295.025899764312,-24.700000018633));
#11441=CARTESIAN_POINT('Origin',(96.3203005997589,-295.225899764312,-30.7164214456508));
#11442=CARTESIAN_POINT('',(99.0038793329284,-295.025899764311,-27.7500000000065));
#11443=CARTESIAN_POINT('',(99.1695647578779,-295.425899764312,-28.1500000000065));
#11444=CARTESIAN_POINT('',(96.1788792435215,-295.025899764312,-30.5750000894134));
#11445=CARTESIAN_POINT('Origin',(90.703879172741,-295.225899764312,-27.9500000000065));
#11446=CARTESIAN_POINT('',(99.7038793329284,-295.025899764311,-27.7500000000065));
#11447=CARTESIAN_POINT('',(100.103879332929,-295.425899764311,-28.1500000000065));
#11448=CARTESIAN_POINT('',(90.703879172741,-295.025899764312,-27.7500000000065));
#11449=CARTESIAN_POINT('Origin',(99.9038793329285,-295.225899764312,-25.1500000186329));
#11450=CARTESIAN_POINT('',(99.7038793329284,-295.025899764312,-18.9016789932602));
#11451=CARTESIAN_POINT('',(100.103879332929,-295.425899764312,-18.7360218648833));
#11452=CARTESIAN_POINT('',(99.7038793329284,-295.025899764311,-25.1500000186329));
#11453=CARTESIAN_POINT('Origin',(96.0334546357927,-295.225899764312,-14.9474907860827));
#11454=CARTESIAN_POINT('',(99.2038793475131,-295.025899764312,-18.4015582270649));
#11455=CARTESIAN_POINT('',(99.3696330840142,-295.425899764312,-18.0015982502947));
#11456=CARTESIAN_POINT('',(95.8920162016673,-295.025899764312,-15.0888950623695));
#11457=CARTESIAN_POINT('Origin',(90.1545796092417,-295.225899764312,-18.1993725221686));
#11458=CARTESIAN_POINT('',(93.7288736071639,-295.025899764312,-18.4002358358015));
#11459=CARTESIAN_POINT('',(93.4616638345804,-295.425899764312,-18.0001712843168));
#11460=CARTESIAN_POINT('',(90.1545313027636,-295.025899764312,-18.3993725163348));
#11461=CARTESIAN_POINT('Origin',(92.0518719957629,-295.225899764312,-21.9250204853327));
#11462=CARTESIAN_POINT('',(93.4359804175193,-295.025899764312,-19.1071010845975));
#11463=CARTESIAN_POINT('',(92.9641235416619,-295.425899764312,-19.200929633689));
#11464=CARTESIAN_POINT('',(92.2366386578732,-295.025899764312,-22.0015794859309));
#11465=CARTESIAN_POINT('Origin',(90.8937352601036,-295.225899764312,-16.8476986396562));
#11466=CARTESIAN_POINT('',(97.2038793329284,-295.025899764312,-22.8750000000065));
#11467=CARTESIAN_POINT('',(97.0381939079793,-295.425899764312,-23.2750000000065));
#11468=CARTESIAN_POINT('',(91.0351566163408,-295.025899764312,-16.7062772834189));
#11469=CARTESIAN_POINT('Origin',(89.703879172741,-295.225899764312,-23.0750000000065));
#11470=CARTESIAN_POINT('',(98.2038793329287,-295.025899764312,-22.8750000000065));
#11471=CARTESIAN_POINT('',(98.0381939079794,-295.425899764312,-23.2750000000065));
#11472=CARTESIAN_POINT('',(89.703879172741,-295.025899764312,-22.8750000000065));
#11473=CARTESIAN_POINT('Origin',(94.0062079059107,-295.225899764312,-18.9601712854633));
#11474=CARTESIAN_POINT('',(99.2038793329286,-295.025899764312,-23.8750000000065));
#11475=CARTESIAN_POINT('',(98.8038793329287,-295.425899764312,-24.0406854249557));
#11476=CARTESIAN_POINT('',(94.1476292621479,-295.025899764312,-18.818749929226));
#11477=CARTESIAN_POINT('Origin',(99.0038793329285,-295.225899764312,-21.650000018633));
#11478=CARTESIAN_POINT('',(99.2038793329283,-295.025899764311,-25.6500000000065));
#11479=CARTESIAN_POINT('',(98.8038793329287,-295.425899764312,-25.4843145750573));
#11480=CARTESIAN_POINT('',(99.2038793329283,-295.025899764312,-21.650000018633));
#11481=CARTESIAN_POINT('Origin',(95.5624578872842,-295.225899764312,-29.0085787331762));
#11482=CARTESIAN_POINT('',(98.2038793329284,-295.025899764312,-26.6500000000065));
#11483=CARTESIAN_POINT('',(98.0381939079794,-295.425899764312,-26.2500000000065));
#11484=CARTESIAN_POINT('',(95.7038792435215,-295.025899764312,-29.1500000894134));
#11485=CARTESIAN_POINT('Origin',(86.953879172741,-295.225899764312,-26.4500000000065));
#11486=CARTESIAN_POINT('',(94.7038793329284,-295.025899764312,-26.6500000000065));
#11487=CARTESIAN_POINT('',(94.8695647578779,-295.425899764312,-26.2500000000065));
#11488=CARTESIAN_POINT('',(86.953879172741,-295.025899764312,-26.6500000000065));
#11489=CARTESIAN_POINT('Origin',(89.7203006183853,-295.225899764312,-21.3835785729887));
#11490=CARTESIAN_POINT('',(91.8695647578779,-295.425899764312,-23.2500000000065));
#11491=CARTESIAN_POINT('',(89.578879262148,-295.025899764312,-21.5249999292261));
#11492=CARTESIAN_POINT('Origin',(92.453879172741,-295.225899764312,-23.4500000000065));
#11493=CARTESIAN_POINT('',(72.5381935201571,-295.425899764313,-23.2500000000065));
#11494=CARTESIAN_POINT('Origin',(74.6874575964175,-295.225899764313,-21.3835786362205));
#11495=CARTESIAN_POINT('',(69.7038789451061,-295.025899764313,-26.6500000000065));
#11496=CARTESIAN_POINT('',(69.5381935201571,-295.425899764313,-26.2500000000065));
#11497=CARTESIAN_POINT('',(74.8288789526547,-295.025899764313,-21.5249999924578));
#11498=CARTESIAN_POINT('Origin',(86.953879172741,-295.225899764312,-26.4500000000065));
#11499=CARTESIAN_POINT('',(64.7038793329284,-295.025899764313,-26.6500000000065));
#11500=CARTESIAN_POINT('',(64.3038793329286,-295.425899764313,-26.2500000000065));
#11501=CARTESIAN_POINT('',(86.953879172741,-295.025899764312,-26.6500000000065));
#11502=CARTESIAN_POINT('Origin',(64.5038793329285,-295.225899764313,-22.6500000186329));
#11503=CARTESIAN_POINT('',(64.7038793329286,-295.025899764313,-27.7500000000065));
#11504=CARTESIAN_POINT('',(64.3038793329286,-295.425899764313,-28.1500000000065));
#11505=CARTESIAN_POINT('',(64.7038793329284,-295.025899764313,-22.6500000186329));
#11506=CARTESIAN_POINT('Origin',(90.703879172741,-295.225899764312,-27.9500000000065));
#11507=CARTESIAN_POINT('',(65.0381939079794,-295.425899764313,-28.1500000000065));
#11508=CARTESIAN_POINT('',(90.703879172741,-295.025899764312,-27.7500000000065));
#11509=CARTESIAN_POINT('Origin',(68.0374579059106,-295.225899764313,-30.8664212854633));
#11510=CARTESIAN_POINT('',(65.8503259423353,-295.379453154906,-28.8964466094132));
#11511=CARTESIAN_POINT('',(69.9628681251001,-293.675982406973,-30.5999173573462));
#11512=CARTESIAN_POINT('',(66.6007881681349,-294.628990929106,-28.5855949774382));
#11513=CARTESIAN_POINT('Origin',(93.153879172741,-295.225899764312,-28.9499999329513));
#11514=CARTESIAN_POINT('',(104.103879332928,-295.025899764311,-28.7499999329513));
#11515=CARTESIAN_POINT('',(93.153879172741,-295.025899764312,-28.7499999329513));
#11516=CARTESIAN_POINT('',(104.269564757878,-295.425899764311,-29.1499999329513));
#11517=CARTESIAN_POINT('Origin',(104.503879332928,-280.425899764311,-30.2500000000063));
#11518=CARTESIAN_POINT('',(104.503879332928,-292.025899764311,-30.0500000000065));
#11519=CARTESIAN_POINT('',(104.503879332928,-278.175899764311,-30.0500000000063));
#11520=CARTESIAN_POINT('',(104.503879332928,-292.025899764311,-28.7499999329513));
#11521=CARTESIAN_POINT('',(104.503879332928,-292.025899764311,-14.6500000000065));
#11522=CARTESIAN_POINT('',(104.503879332927,-275.925899764311,-28.7499999329511));
#11523=CARTESIAN_POINT('Origin',(103.703879332927,-275.925899764311,-30.8500000000063));
#11524=CARTESIAN_POINT('',(103.303879332928,-290.670894196375,-31.2500000000065));
#11525=CARTESIAN_POINT('',(103.303879332927,-275.925899764311,-31.2500000000062));
#11526=CARTESIAN_POINT('Origin',(107.203879332928,-288.425899764311,-27.350000000006));
#11527=CARTESIAN_POINT('Origin',(97.7038793329273,-271.425899764312,-31.2500000000062));
#11528=CARTESIAN_POINT('',(103.303879332928,-286.180905332247,-31.2500000000064));
#11529=CARTESIAN_POINT('',(103.303879332927,-275.925899764311,-31.2500000000062));
#11530=CARTESIAN_POINT('',(102.703879332928,-288.425899764311,-31.2500000000064));
#11531=CARTESIAN_POINT('Origin',(107.203879332928,-288.425899764311,-31.2500000000064));
#11532=CARTESIAN_POINT('Origin',(107.203879332928,-288.425899764311,-31.2500000000064));
#11533=CARTESIAN_POINT('',(100.203879332927,-271.425899764312,-31.2500000000062));
#11534=CARTESIAN_POINT('Origin',(99.4538793329272,-271.425899764312,-30.5000000000062));
#11535=CARTESIAN_POINT('',(98.6538793329284,-289.425899764312,-29.7000000000064));
#11536=CARTESIAN_POINT('Origin',(98.6538793329273,-271.425899764312,-27.7500000000062));
#11537=CARTESIAN_POINT('',(98.6538793329284,-289.425899764312,-28.1000000000064));
#11538=CARTESIAN_POINT('Origin',(98.7038793329278,-280.425899764312,-28.0500000000063));
#11539=CARTESIAN_POINT('',(99.0038793329277,-280.425899764312,-27.7500000000063));
#11540=CARTESIAN_POINT('Origin',(99.2038793329282,-289.425899764312,-27.7500000000064));
#11541=CARTESIAN_POINT('',(99.703879332928,-285.425899764312,-27.7500000000064));
#11542=CARTESIAN_POINT('Origin',(99.7038793329277,-281.425899764312,-28.6500000000063));
#11543=CARTESIAN_POINT('',(99.7038793329274,-276.425899764312,-18.9016789932599));
#11544=CARTESIAN_POINT('Origin',(99.4538793402197,-276.425899764312,-18.6516186101623));
#11545=CARTESIAN_POINT('',(99.2038793475128,-289.425899764312,-18.4015582270648));
#11546=CARTESIAN_POINT('Origin',(98.104397997335,-271.425899764312,-18.401292666698));
#11547=CARTESIAN_POINT('',(93.7288736071627,-271.425899764312,-18.4002358358012));
#11548=CARTESIAN_POINT('Origin',(93.5824270123405,-271.425899764312,-18.7536684601992));
#11549=CARTESIAN_POINT('',(93.4359804175182,-271.425899764312,-19.1071010845972));
#11550=CARTESIAN_POINT('Origin',(92.978934041313,-271.425899764312,-18.650054708392));
#11551=CARTESIAN_POINT('',(97.2038793329273,-271.425899764312,-22.8750000000062));
#11552=CARTESIAN_POINT('Origin',(97.2038793329277,-281.425899764312,-22.8750000000063));
#11553=CARTESIAN_POINT('',(98.2038793329284,-289.425899764312,-22.8750000000064));
#11554=CARTESIAN_POINT('Origin',(98.7038793329275,-276.425899764312,-23.3750000000063));
#11555=CARTESIAN_POINT('',(99.2038793329283,-289.425899764312,-23.8750000000064));
#11556=CARTESIAN_POINT('Origin',(99.2038793329272,-271.425899764312,-21.6500000000062));
#11557=CARTESIAN_POINT('',(99.2038793329272,-271.425899764312,-25.6500000000062));
#11558=CARTESIAN_POINT('Origin',(98.7038793329272,-271.425899764312,-26.1500000000062));
#11559=CARTESIAN_POINT('',(98.2038793329272,-271.425899764312,-26.6500000000062));
#11560=CARTESIAN_POINT('Origin',(91.7038793329273,-271.425899764312,-26.6500000000062));
#11561=CARTESIAN_POINT('',(94.7038793329273,-271.425899764312,-26.6500000000062));
#11562=CARTESIAN_POINT('Origin',(93.2038793329272,-271.425899764312,-25.1500000000063));
#11563=CARTESIAN_POINT('Origin',(102.703879332928,-289.425899764311,-23.6500000000064));
#11564=CARTESIAN_POINT('Origin',(71.2038789451049,-271.425899764313,-25.1500000000062));
#11565=CARTESIAN_POINT('',(69.7038789451049,-271.425899764313,-26.6500000000062));
#11566=CARTESIAN_POINT('Origin',(91.7038793329273,-271.425899764312,-26.6500000000062));
#11567=CARTESIAN_POINT('',(64.7038793329277,-281.425899764313,-26.6500000000063));
#11568=CARTESIAN_POINT('Origin',(64.7038793329277,-281.425899764313,-23.6500000000063));
#11569=CARTESIAN_POINT('',(64.7038793329283,-289.425899764313,-27.7500000000064));
#11570=CARTESIAN_POINT('Origin',(99.2038793329282,-289.425899764312,-27.7500000000064));
#11571=CARTESIAN_POINT('Origin',(66.0038793329285,-295.225899764313,-25.4500000186329));
#11572=CARTESIAN_POINT('',(65.8038793329286,-295.425899764313,-28.8500000000065));
#11573=CARTESIAN_POINT('Origin',(115.503879332929,-295.225899764311,-20.400000018633));
#11574=CARTESIAN_POINT('',(115.703879332929,-295.025899764311,-18.6500000000065));
#11575=CARTESIAN_POINT('',(115.303879332929,-295.425899764311,-20.4843145750571));
#11576=CARTESIAN_POINT('Origin',(73.703879172741,-295.225899764313,-29.0500000000065));
#11577=CARTESIAN_POINT('',(61.8695641171279,-295.425899764313,-28.8500000000065));
#11578=CARTESIAN_POINT('Origin',(64.8203001378228,-295.225899764313,-32.0835787331762));
#11579=CARTESIAN_POINT('',(60.7038786921787,-295.025899764313,-28.2500000000065));
#11580=CARTESIAN_POINT('',(64.6788787815855,-295.025899764313,-32.2250000894135));
#11581=CARTESIAN_POINT('',(61.1038786921787,-295.425899764313,-28.0843145750572));
#11582=CARTESIAN_POINT('Origin',(60.9038786921786,-295.225899764313,-25.4500000186329));
#11583=CARTESIAN_POINT('',(60.7038786921785,-295.025899764313,-24.1500000000065));
#11584=CARTESIAN_POINT('',(60.7038786921785,-295.025899764313,-25.4500000186329));
#11585=CARTESIAN_POINT('',(61.1038786921787,-295.425899764313,-23.9843145750573));
#11586=CARTESIAN_POINT('Origin',(65.4703001378228,-295.225899764313,-28.6335787331762));
#11587=CARTESIAN_POINT('',(60.2038786921785,-295.025899764313,-23.6500000000065));
#11588=CARTESIAN_POINT('',(65.3288787815855,-295.025899764313,-28.7750000894135));
#11589=CARTESIAN_POINT('',(60.3695641171279,-295.425899764313,-23.2500000000065));
#11590=CARTESIAN_POINT('Origin',(92.453879172741,-295.225899764312,-23.4500000000065));
#11591=CARTESIAN_POINT('',(92.453879172741,-295.025899764312,-23.6500000000065));
#11592=CARTESIAN_POINT('Origin',(92.3124579059107,-295.225899764312,-14.0414212854633));
#11593=CARTESIAN_POINT('',(92.4538792621479,-295.025899764312,-13.899999929226));
#11594=CARTESIAN_POINT('',(95.0381939079794,-295.425899764312,-17.0500000000065));
#11595=CARTESIAN_POINT('Origin',(92.703879172741,-295.225899764312,-16.8500000000065));
#11596=CARTESIAN_POINT('',(113.538193907979,-295.425899764311,-17.0500000000065));
#11597=CARTESIAN_POINT('Origin',(107.437457905911,-295.225899764311,-10.6664212854633));
#11598=CARTESIAN_POINT('Origin',(106.187457887284,-295.225899764311,-29.8835787331762));
#11599=CARTESIAN_POINT('',(112.538193907979,-295.425899764311,-23.2500000000065));
#11600=CARTESIAN_POINT('Origin',(92.453879172741,-295.225899764312,-23.4500000000065));
#11601=CARTESIAN_POINT('',(103.288193907979,-295.425899764311,-23.2500000000065));
#11602=CARTESIAN_POINT('Origin',(98.3749578872842,-295.225899764312,-28.4460787331761));
#11603=CARTESIAN_POINT('',(102.953879332929,-295.025899764311,-24.1500000000065));
#11604=CARTESIAN_POINT('',(98.5163792435215,-295.025899764311,-28.5875000894134));
#11605=CARTESIAN_POINT('',(102.553879332929,-295.425899764311,-23.9843145750572));
#11606=CARTESIAN_POINT('Origin',(102.753879332929,-295.225899764312,-17.900000018633));
#11607=CARTESIAN_POINT('',(102.953879332928,-295.025899764311,-29.4201008785737));
#11608=CARTESIAN_POINT('',(102.953879332928,-295.025899764311,-17.900000018633));
#11609=CARTESIAN_POINT('',(102.553879332929,-295.425899764311,-29.585786303523));
#11610=CARTESIAN_POINT('Origin',(95.5524074554512,-295.225899764312,-22.301471713571));
#11611=CARTESIAN_POINT('',(103.193828860117,-295.025899764311,-29.6600504057625));
#11612=CARTESIAN_POINT('',(95.6938288116885,-295.025899764312,-22.1600503573337));
#11613=CARTESIAN_POINT('',(103.193828860117,-295.425899764311,-30.2257358307117));
#11614=CARTESIAN_POINT('Origin',(99.5953005997588,-295.225899764311,-33.5414213785955));
#11615=CARTESIAN_POINT('',(99.4538792435215,-295.025899764311,-33.4000000223582));
#11616=CARTESIAN_POINT('Origin',(61.2038786921773,-271.425899764313,-28.7500000000062));
#11617=CARTESIAN_POINT('',(60.7038786921787,-291.254327681948,-28.2500000000064));
#11618=CARTESIAN_POINT('',(60.7038786921784,-289.425899764313,-28.2500000000064));
#11619=CARTESIAN_POINT('Origin',(57.2038793329284,-288.425899764315,-24.7500006407567));
#11620=CARTESIAN_POINT('Origin',(60.7038786921773,-271.425899764313,-29.2500000000062));
#11621=CARTESIAN_POINT('',(60.7038786921785,-291.254327681948,-24.1500000000064));
#11622=CARTESIAN_POINT('',(60.7038786921773,-271.425899764313,-24.1500000000062));
#11623=CARTESIAN_POINT('',(60.7038786921783,-291.254327681949,-14.6500000000065));
#11624=CARTESIAN_POINT('Origin',(60.4538786921773,-271.425899764314,-23.9000000000062));
#11625=CARTESIAN_POINT('',(60.2038786921783,-292.425900244877,-23.6500000000065));
#11626=CARTESIAN_POINT('',(60.2038786921773,-271.425899764314,-23.6500000000062));
#11627=CARTESIAN_POINT('',(59.7038786921782,-292.167557579208,-23.1500000000064));
#11628=CARTESIAN_POINT('Ctrl Pts',(60.2038786921783,-292.425900244877,-23.6500000000065));
#11629=CARTESIAN_POINT('Ctrl Pts',(59.9455360782377,-292.296728912043,-23.3916573860658));
#11630=CARTESIAN_POINT('Ctrl Pts',(59.7038786921782,-292.167557579208,-23.1500000000064));
#11631=CARTESIAN_POINT('Origin',(57.2038793329284,-288.425899764315,-20.6500006407567));
#11632=CARTESIAN_POINT('Origin',(102.703879332928,-289.425899764311,-23.6500000000064));
#11633=CARTESIAN_POINT('Origin',(57.2038793329284,-288.425899764315,-23.6500000000064));
#11634=CARTESIAN_POINT('Origin',(111.390114027823,-295.225899764311,-20.9222753964476));
#11635=CARTESIAN_POINT('',(111.190114027823,-295.025899764311,-19.163765305112));
#11636=CARTESIAN_POINT('',(111.590114027823,-295.425899764311,-18.763765305112));
#11637=CARTESIAN_POINT('',(111.190114027823,-295.025899764311,-20.1945507556358));
#11638=CARTESIAN_POINT('',(111.190114027823,-295.025899764311,-20.9222753964476));
#11639=CARTESIAN_POINT('',(111.590114027823,-295.425899764311,-20.360236180585));
#11640=CARTESIAN_POINT('Origin',(95.6969965201883,-295.225899764312,-18.963765305112));
#11641=CARTESIAN_POINT('',(102.717644638034,-295.025899764311,-19.163765305112));
#11642=CARTESIAN_POINT('',(102.317644638034,-295.425899764311,-18.763765305112));
#11643=CARTESIAN_POINT('',(95.6969965201883,-295.025899764312,-19.163765305112));
#11644=CARTESIAN_POINT('Origin',(102.517644638034,-295.225899764311,-21.125000018633));
#11645=CARTESIAN_POINT('',(102.717644638034,-295.025899764311,-21.1362346949009));
#11646=CARTESIAN_POINT('',(102.317644638034,-295.425899764311,-21.536234694901));
#11647=CARTESIAN_POINT('',(102.717644638034,-295.025899764311,-21.125000018633));
#11648=CARTESIAN_POINT('Origin',(92.4607618252938,-295.225899764312,-21.336234694901));
#11649=CARTESIAN_POINT('',(110.248430088558,-295.025899764311,-21.1362346949009));
#11650=CARTESIAN_POINT('',(92.4607618252938,-295.025899764312,-21.1362346949009));
#11651=CARTESIAN_POINT('',(110.414115513507,-295.425899764311,-21.536234694901));
#11652=CARTESIAN_POINT('Origin',(103.250272340204,-295.225899764311,-28.4172351557289));
#11653=CARTESIAN_POINT('',(103.108850983967,-295.025899764311,-28.2758137994916));
#11654=CARTESIAN_POINT('Origin',(102.717644638033,-276.425899764312,-21.1362346949007));
#11655=CARTESIAN_POINT('',(110.248430088558,-291.73961530678,-21.1362346949009));
#11656=CARTESIAN_POINT('',(110.248430088558,-289.425899764311,-21.1362346949009));
#11657=CARTESIAN_POINT('',(102.717644638034,-288.77760740188,-21.1362346949009));
#11658=CARTESIAN_POINT('Origin',(107.203879332928,-288.425899764311,-21.1362346949009));
#11659=CARTESIAN_POINT('',(102.717644638034,-289.425899764311,-21.1362346949009));
#11660=CARTESIAN_POINT('Origin',(110.248430088557,-276.425899764311,-21.1362346949007));
#11661=CARTESIAN_POINT('',(111.190114027823,-290.513945012197,-20.1945507556357));
#11662=CARTESIAN_POINT('',(111.190114027823,-289.425899764311,-20.1945507556357));
#11663=CARTESIAN_POINT('Origin',(107.203879332928,-288.425899764311,-24.1807854505298));
#11664=CARTESIAN_POINT('Origin',(111.190114027822,-276.425899764311,-20.1945507556356));
#11665=CARTESIAN_POINT('',(111.190114027823,-290.513945012198,-19.163765305112));
#11666=CARTESIAN_POINT('',(111.190114027822,-276.425899764311,-19.1637653051118));
#11667=CARTESIAN_POINT('',(111.190114027823,-290.513945012198,-14.6500000000064));
#11668=CARTESIAN_POINT('Origin',(68.4512227304538,-295.225899764313,-27.1526561405452));
#11669=CARTESIAN_POINT('',(64.551958572335,-295.425899764313,-23.5362346949009));
#11670=CARTESIAN_POINT('',(63.8176439972842,-295.425899764313,-22.8019201198502));
#11671=CARTESIAN_POINT('Origin',(73.2107615049188,-295.225899764313,-23.336234694901));
#11672=CARTESIAN_POINT('',(68.4141151256848,-295.425899764313,-23.5362346949009));
#11673=CARTESIAN_POINT('Origin',(72.2502720493377,-295.225899764313,-19.4172350587733));
#11674=CARTESIAN_POINT('',(71.4141151256848,-295.425899764313,-20.536234694901));
#11675=CARTESIAN_POINT('Origin',(76.7261543566445,-295.225899764313,-20.3362346949009));
#11676=CARTESIAN_POINT('',(85.8622134034046,-295.425899764312,-20.536234694901));
#11677=CARTESIAN_POINT('Origin',(84.9613457576275,-295.225899764312,-21.1542596282033));
#11678=CARTESIAN_POINT('',(87.1965279784551,-295.025899764312,-18.6362346949009));
#11679=CARTESIAN_POINT('',(87.5965279784553,-295.425899764312,-18.8019201198502));
#11680=CARTESIAN_POINT('',(84.8199244013901,-295.025899764312,-21.012838271966));
#11681=CARTESIAN_POINT('Origin',(87.3965279784552,-295.225899764312,-19.9068826711857));
#11682=CARTESIAN_POINT('',(87.1965279784551,-295.025899764312,-16.1500000000065));
#11683=CARTESIAN_POINT('',(87.5965279784553,-295.425899764312,-15.9843145750572));
#11684=CARTESIAN_POINT('',(87.1965279784551,-295.025899764312,-19.9068826711857));
#11685=CARTESIAN_POINT('Origin',(87.0897871025303,-295.225899764312,-15.760416411607));
#11686=CARTESIAN_POINT('',(85.6965279784553,-295.025899764312,-14.6500000000065));
#11687=CARTESIAN_POINT('',(85.8622134034046,-295.425899764312,-14.2500000000065));
#11688=CARTESIAN_POINT('',(86.948365746293,-295.025899764312,-15.9018377678443));
#11689=CARTESIAN_POINT('Origin',(66.4538791727413,-295.225899764312,-14.4500000000065));
#11690=CARTESIAN_POINT('',(61.0774053878405,-295.025899764311,-14.6500000000065));
#11691=CARTESIAN_POINT('',(60.9117199628915,-295.425899764313,-14.2500000000065));
#11692=CARTESIAN_POINT('',(66.4538791727413,-295.025899764311,-14.6500000000065));
#11693=CARTESIAN_POINT('Origin',(64.0926024284684,-295.225899764313,-11.3519602469041));
#11694=CARTESIAN_POINT('',(59.5774053878405,-295.025899764314,-16.1500000000065));
#11695=CARTESIAN_POINT('',(64.2340237847056,-295.025899764313,-11.4933816031414));
#11696=CARTESIAN_POINT('',(59.1774053878407,-295.425899764314,-15.9843145750572));
#11697=CARTESIAN_POINT('Origin',(59.3774053878406,-295.225899764314,-19.9068826711857));
#11698=CARTESIAN_POINT('',(59.5774053878405,-295.025899764313,-18.6362346949009));
#11699=CARTESIAN_POINT('',(59.5774053878405,-295.025899764313,-19.9068826711857));
#11700=CARTESIAN_POINT('',(59.1774053878407,-295.425899764314,-18.8019201198502));
#11701=CARTESIAN_POINT('Origin',(66.2210437733712,-295.225899764313,-25.5627157929061));
#11702=CARTESIAN_POINT('',(66.3624651296084,-295.025899764313,-25.4212944366689));
#11703=CARTESIAN_POINT('',(60.9117199628915,-295.425899764313,-20.536234694901));
#11704=CARTESIAN_POINT('Origin',(76.7261543566445,-295.225899764313,-20.3362346949009));
#11705=CARTESIAN_POINT('',(63.051958572335,-295.425899764313,-20.536234694901));
#11706=CARTESIAN_POINT('Origin',(68.4512227304537,-295.225899764313,-25.6526561405452));
#11707=CARTESIAN_POINT('',(63.8176439972842,-295.425899764313,-21.3019201198501));
#11708=CARTESIAN_POINT('Origin',(64.0176439972841,-295.225899764313,-20.8931173660802));
#11709=CARTESIAN_POINT('Origin',(60.3274053878401,-285.425899764314,-15.4000000000064));
#11710=CARTESIAN_POINT('',(59.5774053878404,-292.249036443359,-16.1500000000065));
#11711=CARTESIAN_POINT('',(59.57740538784,-285.425899764314,-16.1500000000064));
#11712=CARTESIAN_POINT('',(61.0774053878403,-290.716270018645,-14.6500000000065));
#11713=CARTESIAN_POINT('Origin',(57.2038793329284,-288.425899764315,-18.5235260549181));
#11714=CARTESIAN_POINT('',(61.07740538784,-285.425899764314,-14.6500000000064));
#11715=CARTESIAN_POINT('Origin',(59.5774053878398,-281.425899764314,-18.1637653051118));
#11716=CARTESIAN_POINT('',(59.5774053878404,-292.249036443359,-18.6362346949009));
#11717=CARTESIAN_POINT('',(59.5774053878397,-278.925899764314,-18.6362346949008));
#11718=CARTESIAN_POINT('',(59.5774053878404,-292.249036443359,-14.6500000000065));
#11719=CARTESIAN_POINT('Origin',(60.3274053878397,-278.925899764314,-19.3862346949007));
#11720=CARTESIAN_POINT('Origin',(57.2038793329285,-288.425899764315,-16.2627086399892));
#11721=CARTESIAN_POINT('Origin',(57.2038793329284,-288.425899764315,-23.4000000000063));
#11722=CARTESIAN_POINT('',(53.7941004139594,-285.48933583282,-23.149762818729));
#11723=CARTESIAN_POINT('Origin',(57.2038793329284,-288.425899764315,-23.1500000000064));
#11724=CARTESIAN_POINT('Ctrl Pts',(53.7938672302448,-285.489543171475,-23.1500413976786));
#11725=CARTESIAN_POINT('Ctrl Pts',(53.766918976277,-285.412823264719,-23.2205231662121));
#11726=CARTESIAN_POINT('Ctrl Pts',(53.739703270369,-285.336207765936,-23.2916877883203));
#11727=CARTESIAN_POINT('Ctrl Pts',(53.685429146639,-285.184368066503,-23.4338871464826));
#11728=CARTESIAN_POINT('Ctrl Pts',(53.6581342090491,-285.108480350538,-23.5055420079198));
#11729=CARTESIAN_POINT('Ctrl Pts',(53.6309876004679,-285.033136797615,-23.5771082675495));
#11730=CARTESIAN_POINT('Ctrl Pts',(53.6309876004722,-285.033136797614,-23.5771082675506));
#11731=CARTESIAN_POINT('Ctrl Pts',(52.9486534474389,-285.795786842622,-22.8947741145173));
#11732=CARTESIAN_POINT('Ctrl Pts',(52.1850298897629,-287.489749140233,-22.1311505568412));
#11733=CARTESIAN_POINT('Ctrl Pts',(52.4608872319967,-290.085751669965,-22.4070078990749));
#11734=CARTESIAN_POINT('Ctrl Pts',(53.1760981651172,-291.310229367678,-23.1222188321954));
#11735=CARTESIAN_POINT('Ctrl Pts',(53.6309876004728,-291.818662731016,-23.577108267551));
#11736=CARTESIAN_POINT('Ctrl Pts',(53.7681290721322,-285.097039817018,-23.5113916841322));
#11737=CARTESIAN_POINT('Ctrl Pts',(53.0800613907576,-285.835738367016,-22.8379941138492));
#11738=CARTESIAN_POINT('Ctrl Pts',(52.2990091255353,-287.500466603273,-22.0844330554792));
#11739=CARTESIAN_POINT('Ctrl Pts',(52.5819891751376,-290.065399624084,-22.3566235256809));
#11740=CARTESIAN_POINT('Ctrl Pts',(53.3094172845496,-291.262294011614,-23.0624599706105));
#11741=CARTESIAN_POINT('Ctrl Pts',(53.7681290721328,-291.754759711614,-23.5113916841325));
#11742=CARTESIAN_POINT('Ctrl Pts',(53.9052705437921,-285.16094283642,-23.4456751007139));
#11743=CARTESIAN_POINT('Ctrl Pts',(53.2114693340763,-285.875689891411,-22.7812141131813));
#11744=CARTESIAN_POINT('Ctrl Pts',(52.4129883613078,-287.511184066312,-22.0377155541172));
#11745=CARTESIAN_POINT('Ctrl Pts',(52.7030911182785,-290.045047578203,-22.3062391522869));
#11746=CARTESIAN_POINT('Ctrl Pts',(53.442736403982,-291.21435865555,-23.0027011090257));
#11747=CARTESIAN_POINT('Ctrl Pts',(53.9052705437928,-291.69085669221,-23.4456751007142));
#11748=CARTESIAN_POINT('Ctrl Pts',(54.0424120154521,-285.224845855824,-23.3799585172954));
#11749=CARTESIAN_POINT('Ctrl Pts',(53.3428772773949,-285.915641415805,-22.7244341125132));
#11750=CARTESIAN_POINT('Ctrl Pts',(52.5269675970804,-287.521901529352,-21.990998052755));
#11751=CARTESIAN_POINT('Ctrl Pts',(52.8241930614195,-290.024695532323,-22.2558547788929));
#11752=CARTESIAN_POINT('Ctrl Pts',(53.5760555234145,-291.166423299486,-22.9429422474409));
#11753=CARTESIAN_POINT('Ctrl Pts',(54.0424120154527,-291.626953672808,-23.3799585172958));
#11754=CARTESIAN_POINT('',(52.7038793329285,-288.425899187465,-22.1502790189946));
#11755=CARTESIAN_POINT('Ctrl Pts',(53.7941004139594,-285.48933583282,-23.149762818729));
#11756=CARTESIAN_POINT('Ctrl Pts',(53.7148828318353,-285.581318996763,-23.0762976604751));
#11757=CARTESIAN_POINT('Ctrl Pts',(53.6390368352721,-285.676920747669,-23.0062639277015));
#11758=CARTESIAN_POINT('Ctrl Pts',(53.5669416796207,-285.7758649521,-22.9398746118038));
#11759=CARTESIAN_POINT('Ctrl Pts',(53.4950461245474,-285.874535222447,-22.8736690994601));
#11760=CARTESIAN_POINT('Ctrl Pts',(53.4268810350732,-285.976529260863,-22.8110878522708));
#11761=CARTESIAN_POINT('Ctrl Pts',(53.3627952123091,-286.081529320395,-22.7523420974791));
#11762=CARTESIAN_POINT('Ctrl Pts',(53.298869880973,-286.186266426144,-22.6937434608747));
#11763=CARTESIAN_POINT('Ctrl Pts',(53.2390037475184,-286.293994267359,-22.6389611301195));
#11764=CARTESIAN_POINT('Ctrl Pts',(53.1835105287284,-286.404357116183,-22.5882047494855));
#11765=CARTESIAN_POINT('Ctrl Pts',(53.1281418122267,-286.514472359489,-22.537562243766));
#11766=CARTESIAN_POINT('Ctrl Pts',(53.0771267144166,-286.627210510546,-22.4909276435225));
#11767=CARTESIAN_POINT('Ctrl Pts',(53.0307396789383,-286.742182024225,-22.4485091851429));
#11768=CARTESIAN_POINT('Ctrl Pts',(52.9844733654078,-286.856854325312,-22.4062011205159));
#11769=CARTESIAN_POINT('Ctrl Pts',(52.9428113170505,-286.973748050939,-22.3680872813468));
#11770=CARTESIAN_POINT('Ctrl Pts',(52.9059846052635,-287.092445261938,-22.3343742824496));
#11771=CARTESIAN_POINT('Ctrl Pts',(52.8692134236231,-287.210963492159,-22.3007121186034));
#11772=CARTESIAN_POINT('Ctrl Pts',(52.837263230924,-287.331279417452,-22.2714375331848));
#11773=CARTESIAN_POINT('Ctrl Pts',(52.8103192530928,-287.452950729229,-22.2467562077672));
#11774=CARTESIAN_POINT('Ctrl Pts',(52.7834185952729,-287.574426420203,-22.2221145645116));
#11775=CARTESIAN_POINT('Ctrl Pts',(52.7615082417813,-287.697252760461,-22.2020514232196));
#11776=CARTESIAN_POINT('Ctrl Pts',(52.7447248546413,-287.820968909777,-22.186771474986));
#11777=CARTESIAN_POINT('Ctrl Pts',(52.7407734636706,-287.850095978781,-22.1831740456363));
#11778=CARTESIAN_POINT('Ctrl Pts',(52.7371060433018,-287.879272293612,-22.1798417461766));
#11779=CARTESIAN_POINT('Ctrl Pts',(52.7337239771214,-287.90849170973,-22.1767772478295));
#11780=CARTESIAN_POINT('Ctrl Pts',(52.7208255915315,-288.019927523137,-22.1650899894457));
#11781=CARTESIAN_POINT('Ctrl Pts',(52.7120676156596,-288.132112430232,-22.1572978335152));
#11782=CARTESIAN_POINT('Ctrl Pts',(52.7075312977812,-288.244642083575,-22.1533421311566));
#11783=CARTESIAN_POINT('Ctrl Pts',(52.7050988091141,-288.304983336945,-22.151220983253));
#11784=CARTESIAN_POINT('Ctrl Pts',(52.7038793406808,-288.365423505175,-22.1502029601243));
#11785=CARTESIAN_POINT('Ctrl Pts',(52.7038793329285,-288.425899187465,-22.1502790189946));
#11786=CARTESIAN_POINT('',(53.7948189059934,-291.363518673086,-23.1499925745245));
#11787=CARTESIAN_POINT('Ctrl Pts',(52.704020464852,-288.425899187483,-22.1502790189946));
#11788=CARTESIAN_POINT('Ctrl Pts',(52.7050151906769,-288.946955120004,-22.1509343595723));
#11789=CARTESIAN_POINT('Ctrl Pts',(52.8950030637956,-290.039666478008,-22.321943253944));
#11790=CARTESIAN_POINT('Ctrl Pts',(53.4424223178331,-290.955263443659,-22.8220223790373));
#11791=CARTESIAN_POINT('Ctrl Pts',(53.7948189059934,-291.363518673086,-23.1499925745245));
#11792=CARTESIAN_POINT('Ctrl Pts',(53.7948406220734,-291.3634456287,-23.1500800701241));
#11793=CARTESIAN_POINT('Ctrl Pts',(53.7747568634483,-291.419634959732,-23.2019736019437));
#11794=CARTESIAN_POINT('Ctrl Pts',(53.7545521110986,-291.475881197439,-23.2542855687115));
#11795=CARTESIAN_POINT('Ctrl Pts',(53.7343924457573,-291.53187749776,-23.3066551236874));
#11796=CARTESIAN_POINT('Ctrl Pts',(53.7275222964296,-291.550960301888,-23.324501980608));
#11797=CARTESIAN_POINT('Ctrl Pts',(53.7206574309737,-291.570013748111,-23.3423552305067));
#11798=CARTESIAN_POINT('Ctrl Pts',(53.7138045478412,-291.589024665856,-23.3601996930397));
#11799=CARTESIAN_POINT('Ctrl Pts',(53.6907523816292,-291.652974805851,-23.4202260364515));
#11800=CARTESIAN_POINT('Ctrl Pts',(53.6676379060149,-291.716996649027,-23.4806710287965));
#11801=CARTESIAN_POINT('Ctrl Pts',(53.6446332743109,-291.780803054852,-23.5411766063704));
#11802=CARTESIAN_POINT('Ctrl Pts',(53.6400799459534,-291.79343231668,-23.5531525321623));
#11803=CARTESIAN_POINT('Ctrl Pts',(53.6355309365767,-291.806053012816,-23.5651307282426));
#11804=CARTESIAN_POINT('Ctrl Pts',(53.6309876004713,-291.818662731017,-23.577108267549));
#11805=CARTESIAN_POINT('Origin',(57.2038793329284,-288.425899764315,-23.4000000000063));
#11806=CARTESIAN_POINT('Origin',(57.2038793329284,-288.425899764315,-23.1500000000064));
#11807=CARTESIAN_POINT('Origin',(107.203879332928,-288.425899764311,-23.4000000000064));
#11808=CARTESIAN_POINT('',(103.953879332928,-291.538374663808,-23.1500000000064));
#11809=CARTESIAN_POINT('Ctrl Pts',(103.953879332928,-291.538374663808,-23.1500000000064));
#11810=CARTESIAN_POINT('Ctrl Pts',(103.711462059928,-291.635731783475,-23.3924172730065));
#11811=CARTESIAN_POINT('Ctrl Pts',(103.453879332928,-291.733088903142,-23.6500000000065));
#11812=CARTESIAN_POINT('Origin',(107.203879332928,-288.425899764311,-23.1500000000064));
#11813=CARTESIAN_POINT('Origin',(107.203879332928,-288.425899764311,-14.6500000000064));
#11814=CARTESIAN_POINT('',(102.703879332928,-288.425899764311,-14.6500000000064));
#11815=CARTESIAN_POINT('',(104.503879332928,-284.825899764311,-30.0500000000063));
#11816=CARTESIAN_POINT('Origin',(107.203879332928,-288.425899764311,-27.350000000006));
#11817=CARTESIAN_POINT('',(104.503879332928,-284.825899764311,-28.7499999329511));
#11818=CARTESIAN_POINT('',(104.503879332928,-284.825899764312,-14.6500000000064));
#11819=CARTESIAN_POINT('',(104.103879332928,-285.163998478251,-28.7499999329512));
#11820=CARTESIAN_POINT('Origin',(107.203879332928,-288.425899764311,-28.7499999329512));
#11821=CARTESIAN_POINT('',(103.193828860117,-286.38396558185,-29.6600504057624));
#11822=CARTESIAN_POINT('Origin',(107.203879332928,-288.425899764311,-25.6499999329508));
#11823=CARTESIAN_POINT('',(102.953879332928,-286.946879818537,-29.4201008785736));
#11824=CARTESIAN_POINT('Origin',(107.203879332928,-288.425899764311,-33.670100878574));
#11825=CARTESIAN_POINT('',(102.953879332928,-286.946879818538,-14.6500000000064));
#11826=CARTESIAN_POINT('',(102.953879332929,-289.904919710086,-24.1500000000065));
#11827=CARTESIAN_POINT('Origin',(107.203879332928,-288.425899764311,-19.9000000000061));
#11828=CARTESIAN_POINT('',(102.953879332928,-289.904919710086,-29.4201008785737));
#11829=CARTESIAN_POINT('',(102.953879332928,-289.904919710085,-14.6500000000064));
#11830=CARTESIAN_POINT('',(103.193828860117,-290.467833946773,-29.6600504057624));
#11831=CARTESIAN_POINT('Origin',(107.203879332928,-288.425899764311,-33.670100878574));
#11832=CARTESIAN_POINT('',(104.103879332928,-291.687801050371,-28.7499999329513));
#11833=CARTESIAN_POINT('Origin',(107.203879332928,-288.425899764311,-25.6499999329508));
#11834=CARTESIAN_POINT('Origin',(107.203879332928,-288.425899764311,-28.7499999329512));
#11835=CARTESIAN_POINT('',(111.190114027822,-286.337854516424,-19.1637653051119));
#11836=CARTESIAN_POINT('Origin',(107.203879332928,-288.425899764311,-19.1637653051119));
#11837=CARTESIAN_POINT('',(111.190114027823,-286.337854516424,-14.6500000000064));
#11838=CARTESIAN_POINT('',(102.717644638034,-288.777607401877,-19.1637653051119));
#11839=CARTESIAN_POINT('',(102.717644638034,-288.777607401877,-14.6500000000064));
#11840=CARTESIAN_POINT('Origin',(107.203879332928,-288.425899764311,-19.1637653051119));
#11841=CARTESIAN_POINT('Origin',(57.2038793329285,-288.425899764315,-14.6500000000064));
#11842=CARTESIAN_POINT('',(61.07740538784,-286.135529509985,-14.6500000000064));
#11843=CARTESIAN_POINT('',(52.7038793329285,-288.425899764315,-14.6500000000063));
#11844=CARTESIAN_POINT('Origin',(57.2038793329285,-288.425899764315,-14.6500000000064));
#11845=CARTESIAN_POINT('',(52.7038793329285,-288.425899764315,-14.6500000000064));
#11846=CARTESIAN_POINT('Origin',(57.2038793329285,-288.425899764315,-14.6500000000064));
#11847=CARTESIAN_POINT('',(59.57740538784,-284.60276308527,-18.6362346949008));
#11848=CARTESIAN_POINT('Origin',(57.2038793329285,-288.425899764315,-16.2627086399892));
#11849=CARTESIAN_POINT('',(59.57740538784,-284.60276308527,-16.1500000000064));
#11850=CARTESIAN_POINT('',(59.57740538784,-284.60276308527,-14.6500000000064));
#11851=CARTESIAN_POINT('Origin',(57.2038793329284,-288.425899764315,-18.5235260549181));
#11852=CARTESIAN_POINT('Origin',(111.190114027822,-276.425899764311,-20.1945507556356));
#11853=CARTESIAN_POINT('',(111.190114027822,-276.425899764311,-19.1637653051118));
#11854=CARTESIAN_POINT('Origin',(109.190114027822,-276.425899764311,-19.1637653051118));
#11855=CARTESIAN_POINT('Origin',(103.203879332928,-280.425899764312,-23.9000000000063));
#11856=CARTESIAN_POINT('',(102.953879332928,-289.425899764311,-24.1500000000065));
#11857=CARTESIAN_POINT('Origin',(102.953879332927,-271.425899764312,-14.1500000000062));
#11858=CARTESIAN_POINT('',(102.953879332927,-271.425899764311,-29.4201008785735));
#11859=CARTESIAN_POINT('Origin',(102.953879332927,-271.425899764312,-14.1500000000062));
#11860=CARTESIAN_POINT('',(102.953879332927,-271.425899764311,-29.4201008785735));
#11861=CARTESIAN_POINT('Origin',(102.693828871292,-271.425899764311,-29.1600504169381));
#11862=CARTESIAN_POINT('',(103.193828860116,-271.425899764311,-29.6600504057622));
#11863=CARTESIAN_POINT('Origin',(102.693828871292,-271.425899764311,-29.1600504169381));
#11864=CARTESIAN_POINT('',(103.193828860116,-271.425899764311,-29.6600504057622));
#11865=CARTESIAN_POINT('Origin',(102.203879366455,-271.425899764311,-30.6499998994234));
#11866=CARTESIAN_POINT('',(104.103879332927,-275.925899764311,-28.7499999329511));
#11867=CARTESIAN_POINT('Origin',(102.203879366455,-271.425899764311,-30.6499998994234));
#11868=CARTESIAN_POINT('',(104.103879332927,-275.925899764311,-28.7499999329511));
#11869=CARTESIAN_POINT('Origin',(104.103879332928,-281.425899764311,-28.7499999329511));
#11870=CARTESIAN_POINT('Origin',(107.203879332928,-288.425899764311,-11.6500000000065));
#11871=CARTESIAN_POINT('',(104.953879332928,-288.425899764311,-11.6500000000065));
#11872=CARTESIAN_POINT('Origin',(57.2038793329285,-288.425899764315,-11.6500000000064));
#11873=CARTESIAN_POINT('',(54.9538793329284,-288.425899764315,-14.6500000000064));
#11874=CARTESIAN_POINT('',(54.9538793329285,-288.425899764315,-11.6500000000064));
#11875=CARTESIAN_POINT('Origin',(57.2038793329285,-288.425899764315,-14.6500000000064));
#11876=CARTESIAN_POINT('Origin',(102.717644638033,-276.425899764312,-20.6000000000063));
#11877=CARTESIAN_POINT('',(102.717644638033,-276.425899764312,-19.1637653051118));
#11878=CARTESIAN_POINT('Origin',(109.190114027822,-276.425899764311,-19.1637653051118));
#11879=CARTESIAN_POINT('Origin',(60.3274053878401,-285.425899764314,-15.4000000000064));
#11880=CARTESIAN_POINT('',(61.07740538784,-285.425899764314,-14.6500000000064));
#11881=CARTESIAN_POINT('',(59.57740538784,-285.425899764314,-16.1500000000064));
#11882=CARTESIAN_POINT('Origin',(59.5774053878398,-281.425899764314,-18.1637653051118));
#11883=CARTESIAN_POINT('',(59.5774053878397,-278.925899764314,-18.6362346949008));
#11884=CARTESIAN_POINT('Origin',(60.3274053878397,-278.925899764314,-19.3862346949007));
#11885=CARTESIAN_POINT('Origin',(86.4465279784545,-282.925899764312,-19.3862346949008));
#11886=CARTESIAN_POINT('',(87.1965279784545,-282.925899764312,-18.6362346949008));
#11887=CARTESIAN_POINT('Origin',(50.7038793329287,-289.425899764314,-14.6500000000064));
#11888=CARTESIAN_POINT('',(85.696527978455,-289.42589976431,-14.6500000000064));
#11889=CARTESIAN_POINT('Origin',(86.4465279784548,-289.425899764312,-15.4000000000064));
#11890=CARTESIAN_POINT('',(87.1965279784548,-289.425899764312,-16.1500000000065));
#11891=CARTESIAN_POINT('Origin',(87.1965279784548,-289.425899764312,-18.163765305112));
#11892=CARTESIAN_POINT('Origin',(103.703879332927,-275.925899764311,-30.8500000000063));
#11893=CARTESIAN_POINT('',(104.503879332928,-278.175899764311,-30.0500000000063));
#11894=CARTESIAN_POINT('Origin',(104.103879332928,-281.425899764311,-28.7499999329511));
#11895=CARTESIAN_POINT('',(104.503879332927,-275.925899764311,-28.7499999329511));
#11896=CARTESIAN_POINT('Origin',(104.503879332928,-280.425899764311,-30.2500000000063));
#11897=CARTESIAN_POINT('Origin',(93.7038793329279,-285.425899764312,-15.1500000000064));
#11898=UNCERTAINTY_MEASURE_WITH_UNIT(LENGTH_MEASURE(0.01),#11902,
'DISTANCE_ACCURACY_VALUE',
'Maximum model space distance between geometric entities at asserted c
onnectivities');
#11899=UNCERTAINTY_MEASURE_WITH_UNIT(LENGTH_MEASURE(0.01),#11902,
'DISTANCE_ACCURACY_VALUE',
'Maximum model space distance between geometric entities at asserted c
onnectivities');
#11900=(
GEOMETRIC_REPRESENTATION_CONTEXT(3)
GLOBAL_UNCERTAINTY_ASSIGNED_CONTEXT((#11898))
GLOBAL_UNIT_ASSIGNED_CONTEXT((#11902,#11904,#11905))
REPRESENTATION_CONTEXT('','3D')
);
#11901=(
GEOMETRIC_REPRESENTATION_CONTEXT(3)
GLOBAL_UNCERTAINTY_ASSIGNED_CONTEXT((#11899))
GLOBAL_UNIT_ASSIGNED_CONTEXT((#11902,#11904,#11905))
REPRESENTATION_CONTEXT('','3D')
);
#11902=(
LENGTH_UNIT()
NAMED_UNIT(*)
SI_UNIT(.MILLI.,.METRE.)
);
#11903=(
LENGTH_UNIT()
NAMED_UNIT(*)
SI_UNIT($,.METRE.)
);
#11904=(
NAMED_UNIT(*)
PLANE_ANGLE_UNIT()
SI_UNIT($,.RADIAN.)
);
#11905=(
NAMED_UNIT(*)
SI_UNIT($,.STERADIAN.)
SOLID_ANGLE_UNIT()
);
#11906=SHAPE_DEFINITION_REPRESENTATION(#11907,#11908);
#11907=PRODUCT_DEFINITION_SHAPE('',$,#11910);
#11908=SHAPE_REPRESENTATION('',(#7082),#11900);
#11909=PRODUCT_DEFINITION_CONTEXT('part definition',#11914,'design');
#11910=PRODUCT_DEFINITION('LRS PSU Bracket (1)','LRS PSU Bracket (1)',#11911,
#11909);
#11911=PRODUCT_DEFINITION_FORMATION('',$,#11916);
#11912=PRODUCT_RELATED_PRODUCT_CATEGORY('LRS PSU Bracket (1)',
'LRS PSU Bracket (1)',(#11916));
#11913=APPLICATION_PROTOCOL_DEFINITION('international standard',
'ap242_managed_model_based_3d_engineering',2011,#11914);
#11914=APPLICATION_CONTEXT('Managed model based 3d engineering');
#11915=PRODUCT_CONTEXT('part definition',#11914,'mechanical');
#11916=PRODUCT('LRS PSU Bracket (1)','LRS PSU Bracket (1)',$,(#11915));
#11917=PRESENTATION_STYLE_ASSIGNMENT((#11919));
#11918=PRESENTATION_STYLE_ASSIGNMENT((#11920));
#11919=SURFACE_STYLE_USAGE(.BOTH.,#11921);
#11920=SURFACE_STYLE_USAGE(.BOTH.,#11922);
#11921=SURFACE_SIDE_STYLE('',(#11923));
#11922=SURFACE_SIDE_STYLE('',(#11924));
#11923=SURFACE_STYLE_FILL_AREA(#11925);
#11924=SURFACE_STYLE_FILL_AREA(#11926);
#11925=FILL_AREA_STYLE('Steel - Satin',(#11927));
#11926=FILL_AREA_STYLE('Opaque(49,49,49)',(#11928));
#11927=FILL_AREA_STYLE_COLOUR('Steel - Satin',#11929);
#11928=FILL_AREA_STYLE_COLOUR('Opaque(49,49,49)',#11930);
#11929=COLOUR_RGB('Steel - Satin',0.627450980392157,0.627450980392157,0.627450980392157);
#11930=COLOUR_RGB('Opaque(49,49,49)',0.192156862745098,0.192156862745098,
0.192156862745098);
ENDSEC;
END-ISO-10303-21;
