ISO-10303-21;
HEADER;
/* Generated by software containing ST-Developer
 * from STEP Tools, Inc. (www.steptools.com) 
 */

FILE_DESCRIPTION(
/* description */ ('',
'CAx-IF Rec.Pracs.---Representation and Presentation of Product Manufa
cturing Information (PMI)---4.0---2014-10-13'),
/* implementation_level */ '2;1');

FILE_NAME(
/* name */ 'DIN Clip.step',
/* time_stamp */ '2025-03-14T14:17:32-07:00',
/* author */ (''),
/* organization */ (''),
/* preprocessor_version */ 'ST-DEVELOPER v20',
/* originating_system */ 'Autodesk Translation Framework v13.20.0.188',

/* authorisation */ '');

FILE_SCHEMA (('AP242_MANAGED_MODEL_BASED_3D_ENGINEERING_MIM_LF { 1 0 10303 442 1 1 4 }'));
ENDSEC;

DATA;
#10=MECHANICAL_DESIGN_GEOMETRIC_PRESENTATION_REPRESENTATION('',(#13),#5065);
#11=SHAPE_REPRESENTATION_RELATIONSHIP('SRR','None',#5072,#12);
#12=ADVANCED_BREP_SHAPE_REPRESENTATION('',(#14),#5064);
#13=STYLED_ITEM('',(#5082),#14);
#14=MANIFOLD_SOLID_BREP('Body1',#3177);
#15=CYLINDRICAL_SURFACE('',#3201,0.950000000000006);
#16=CYLINDRICAL_SURFACE('',#3205,0.949999999999989);
#17=CONICAL_SURFACE('',#3199,1.15000000000001,0.785398163397449);
#18=CONICAL_SURFACE('',#3203,1.14999999999999,0.785398163397432);
#19=FACE_BOUND('',#223,.T.);
#20=FACE_BOUND('',#224,.T.);
#21=FACE_BOUND('',#257,.T.);
#22=FACE_BOUND('',#258,.T.);
#23=FACE_BOUND('',#293,.T.);
#24=FACE_BOUND('',#334,.T.);
#25=FACE_BOUND('',#335,.T.);
#26=FACE_BOUND('',#385,.T.);
#27=CIRCLE('',#3195,1.35000000000001);
#28=CIRCLE('',#3196,1.34999999999999);
#29=CIRCLE('',#3200,0.950000000000006);
#30=CIRCLE('',#3202,0.950000000000006);
#31=CIRCLE('',#3204,0.949999999999989);
#32=CIRCLE('',#3206,0.949999999999989);
#33=FACE_OUTER_BOUND('',#219,.T.);
#34=FACE_OUTER_BOUND('',#220,.T.);
#35=FACE_OUTER_BOUND('',#221,.T.);
#36=FACE_OUTER_BOUND('',#222,.T.);
#37=FACE_OUTER_BOUND('',#225,.T.);
#38=FACE_OUTER_BOUND('',#226,.T.);
#39=FACE_OUTER_BOUND('',#227,.T.);
#40=FACE_OUTER_BOUND('',#228,.T.);
#41=FACE_OUTER_BOUND('',#229,.T.);
#42=FACE_OUTER_BOUND('',#230,.T.);
#43=FACE_OUTER_BOUND('',#231,.T.);
#44=FACE_OUTER_BOUND('',#232,.T.);
#45=FACE_OUTER_BOUND('',#233,.T.);
#46=FACE_OUTER_BOUND('',#234,.T.);
#47=FACE_OUTER_BOUND('',#235,.T.);
#48=FACE_OUTER_BOUND('',#236,.T.);
#49=FACE_OUTER_BOUND('',#237,.T.);
#50=FACE_OUTER_BOUND('',#238,.T.);
#51=FACE_OUTER_BOUND('',#239,.T.);
#52=FACE_OUTER_BOUND('',#240,.T.);
#53=FACE_OUTER_BOUND('',#241,.T.);
#54=FACE_OUTER_BOUND('',#242,.T.);
#55=FACE_OUTER_BOUND('',#243,.T.);
#56=FACE_OUTER_BOUND('',#244,.T.);
#57=FACE_OUTER_BOUND('',#245,.T.);
#58=FACE_OUTER_BOUND('',#246,.T.);
#59=FACE_OUTER_BOUND('',#247,.T.);
#60=FACE_OUTER_BOUND('',#248,.T.);
#61=FACE_OUTER_BOUND('',#249,.T.);
#62=FACE_OUTER_BOUND('',#250,.T.);
#63=FACE_OUTER_BOUND('',#251,.T.);
#64=FACE_OUTER_BOUND('',#252,.T.);
#65=FACE_OUTER_BOUND('',#253,.T.);
#66=FACE_OUTER_BOUND('',#254,.T.);
#67=FACE_OUTER_BOUND('',#255,.T.);
#68=FACE_OUTER_BOUND('',#256,.T.);
#69=FACE_OUTER_BOUND('',#259,.T.);
#70=FACE_OUTER_BOUND('',#260,.T.);
#71=FACE_OUTER_BOUND('',#261,.T.);
#72=FACE_OUTER_BOUND('',#262,.T.);
#73=FACE_OUTER_BOUND('',#263,.T.);
#74=FACE_OUTER_BOUND('',#264,.T.);
#75=FACE_OUTER_BOUND('',#265,.T.);
#76=FACE_OUTER_BOUND('',#266,.T.);
#77=FACE_OUTER_BOUND('',#267,.T.);
#78=FACE_OUTER_BOUND('',#268,.T.);
#79=FACE_OUTER_BOUND('',#269,.T.);
#80=FACE_OUTER_BOUND('',#270,.T.);
#81=FACE_OUTER_BOUND('',#271,.T.);
#82=FACE_OUTER_BOUND('',#272,.T.);
#83=FACE_OUTER_BOUND('',#273,.T.);
#84=FACE_OUTER_BOUND('',#274,.T.);
#85=FACE_OUTER_BOUND('',#275,.T.);
#86=FACE_OUTER_BOUND('',#276,.T.);
#87=FACE_OUTER_BOUND('',#277,.T.);
#88=FACE_OUTER_BOUND('',#278,.T.);
#89=FACE_OUTER_BOUND('',#279,.T.);
#90=FACE_OUTER_BOUND('',#280,.T.);
#91=FACE_OUTER_BOUND('',#281,.T.);
#92=FACE_OUTER_BOUND('',#282,.T.);
#93=FACE_OUTER_BOUND('',#283,.T.);
#94=FACE_OUTER_BOUND('',#284,.T.);
#95=FACE_OUTER_BOUND('',#285,.T.);
#96=FACE_OUTER_BOUND('',#286,.T.);
#97=FACE_OUTER_BOUND('',#287,.T.);
#98=FACE_OUTER_BOUND('',#288,.T.);
#99=FACE_OUTER_BOUND('',#289,.T.);
#100=FACE_OUTER_BOUND('',#290,.T.);
#101=FACE_OUTER_BOUND('',#291,.T.);
#102=FACE_OUTER_BOUND('',#292,.T.);
#103=FACE_OUTER_BOUND('',#294,.T.);
#104=FACE_OUTER_BOUND('',#295,.T.);
#105=FACE_OUTER_BOUND('',#296,.T.);
#106=FACE_OUTER_BOUND('',#297,.T.);
#107=FACE_OUTER_BOUND('',#298,.T.);
#108=FACE_OUTER_BOUND('',#299,.T.);
#109=FACE_OUTER_BOUND('',#300,.T.);
#110=FACE_OUTER_BOUND('',#301,.T.);
#111=FACE_OUTER_BOUND('',#302,.T.);
#112=FACE_OUTER_BOUND('',#303,.T.);
#113=FACE_OUTER_BOUND('',#304,.T.);
#114=FACE_OUTER_BOUND('',#305,.T.);
#115=FACE_OUTER_BOUND('',#306,.T.);
#116=FACE_OUTER_BOUND('',#307,.T.);
#117=FACE_OUTER_BOUND('',#308,.T.);
#118=FACE_OUTER_BOUND('',#309,.T.);
#119=FACE_OUTER_BOUND('',#310,.T.);
#120=FACE_OUTER_BOUND('',#311,.T.);
#121=FACE_OUTER_BOUND('',#312,.T.);
#122=FACE_OUTER_BOUND('',#313,.T.);
#123=FACE_OUTER_BOUND('',#314,.T.);
#124=FACE_OUTER_BOUND('',#315,.T.);
#125=FACE_OUTER_BOUND('',#316,.T.);
#126=FACE_OUTER_BOUND('',#317,.T.);
#127=FACE_OUTER_BOUND('',#318,.T.);
#128=FACE_OUTER_BOUND('',#319,.T.);
#129=FACE_OUTER_BOUND('',#320,.T.);
#130=FACE_OUTER_BOUND('',#321,.T.);
#131=FACE_OUTER_BOUND('',#322,.T.);
#132=FACE_OUTER_BOUND('',#323,.T.);
#133=FACE_OUTER_BOUND('',#324,.T.);
#134=FACE_OUTER_BOUND('',#325,.T.);
#135=FACE_OUTER_BOUND('',#326,.T.);
#136=FACE_OUTER_BOUND('',#327,.T.);
#137=FACE_OUTER_BOUND('',#328,.T.);
#138=FACE_OUTER_BOUND('',#329,.T.);
#139=FACE_OUTER_BOUND('',#330,.T.);
#140=FACE_OUTER_BOUND('',#331,.T.);
#141=FACE_OUTER_BOUND('',#332,.T.);
#142=FACE_OUTER_BOUND('',#333,.T.);
#143=FACE_OUTER_BOUND('',#336,.T.);
#144=FACE_OUTER_BOUND('',#337,.T.);
#145=FACE_OUTER_BOUND('',#338,.T.);
#146=FACE_OUTER_BOUND('',#339,.T.);
#147=FACE_OUTER_BOUND('',#340,.T.);
#148=FACE_OUTER_BOUND('',#341,.T.);
#149=FACE_OUTER_BOUND('',#342,.T.);
#150=FACE_OUTER_BOUND('',#343,.T.);
#151=FACE_OUTER_BOUND('',#344,.T.);
#152=FACE_OUTER_BOUND('',#345,.T.);
#153=FACE_OUTER_BOUND('',#346,.T.);
#154=FACE_OUTER_BOUND('',#347,.T.);
#155=FACE_OUTER_BOUND('',#348,.T.);
#156=FACE_OUTER_BOUND('',#349,.T.);
#157=FACE_OUTER_BOUND('',#350,.T.);
#158=FACE_OUTER_BOUND('',#351,.T.);
#159=FACE_OUTER_BOUND('',#352,.T.);
#160=FACE_OUTER_BOUND('',#353,.T.);
#161=FACE_OUTER_BOUND('',#354,.T.);
#162=FACE_OUTER_BOUND('',#355,.T.);
#163=FACE_OUTER_BOUND('',#356,.T.);
#164=FACE_OUTER_BOUND('',#357,.T.);
#165=FACE_OUTER_BOUND('',#358,.T.);
#166=FACE_OUTER_BOUND('',#359,.T.);
#167=FACE_OUTER_BOUND('',#360,.T.);
#168=FACE_OUTER_BOUND('',#361,.T.);
#169=FACE_OUTER_BOUND('',#362,.T.);
#170=FACE_OUTER_BOUND('',#363,.T.);
#171=FACE_OUTER_BOUND('',#364,.T.);
#172=FACE_OUTER_BOUND('',#365,.T.);
#173=FACE_OUTER_BOUND('',#366,.T.);
#174=FACE_OUTER_BOUND('',#367,.T.);
#175=FACE_OUTER_BOUND('',#368,.T.);
#176=FACE_OUTER_BOUND('',#369,.T.);
#177=FACE_OUTER_BOUND('',#370,.T.);
#178=FACE_OUTER_BOUND('',#371,.T.);
#179=FACE_OUTER_BOUND('',#372,.T.);
#180=FACE_OUTER_BOUND('',#373,.T.);
#181=FACE_OUTER_BOUND('',#374,.T.);
#182=FACE_OUTER_BOUND('',#375,.T.);
#183=FACE_OUTER_BOUND('',#376,.T.);
#184=FACE_OUTER_BOUND('',#377,.T.);
#185=FACE_OUTER_BOUND('',#378,.T.);
#186=FACE_OUTER_BOUND('',#379,.T.);
#187=FACE_OUTER_BOUND('',#380,.T.);
#188=FACE_OUTER_BOUND('',#381,.T.);
#189=FACE_OUTER_BOUND('',#382,.T.);
#190=FACE_OUTER_BOUND('',#383,.T.);
#191=FACE_OUTER_BOUND('',#384,.T.);
#192=FACE_OUTER_BOUND('',#386,.T.);
#193=FACE_OUTER_BOUND('',#387,.T.);
#194=FACE_OUTER_BOUND('',#388,.T.);
#195=FACE_OUTER_BOUND('',#389,.T.);
#196=FACE_OUTER_BOUND('',#390,.T.);
#197=FACE_OUTER_BOUND('',#391,.T.);
#198=FACE_OUTER_BOUND('',#392,.T.);
#199=FACE_OUTER_BOUND('',#393,.T.);
#200=FACE_OUTER_BOUND('',#394,.T.);
#201=FACE_OUTER_BOUND('',#395,.T.);
#202=FACE_OUTER_BOUND('',#396,.T.);
#203=FACE_OUTER_BOUND('',#397,.T.);
#204=FACE_OUTER_BOUND('',#398,.T.);
#205=FACE_OUTER_BOUND('',#399,.T.);
#206=FACE_OUTER_BOUND('',#400,.T.);
#207=FACE_OUTER_BOUND('',#401,.T.);
#208=FACE_OUTER_BOUND('',#402,.T.);
#209=FACE_OUTER_BOUND('',#403,.T.);
#210=FACE_OUTER_BOUND('',#404,.T.);
#211=FACE_OUTER_BOUND('',#405,.T.);
#212=FACE_OUTER_BOUND('',#406,.T.);
#213=FACE_OUTER_BOUND('',#407,.T.);
#214=FACE_OUTER_BOUND('',#408,.T.);
#215=FACE_OUTER_BOUND('',#409,.T.);
#216=FACE_OUTER_BOUND('',#410,.T.);
#217=FACE_OUTER_BOUND('',#411,.T.);
#218=FACE_OUTER_BOUND('',#412,.T.);
#219=EDGE_LOOP('',(#1945,#1946,#1947,#1948));
#220=EDGE_LOOP('',(#1949,#1950,#1951,#1952));
#221=EDGE_LOOP('',(#1953,#1954,#1955,#1956));
#222=EDGE_LOOP('',(#1957,#1958,#1959,#1960,#1961,#1962));
#223=EDGE_LOOP('',(#1963));
#224=EDGE_LOOP('',(#1964));
#225=EDGE_LOOP('',(#1965,#1966,#1967,#1968));
#226=EDGE_LOOP('',(#1969,#1970,#1971,#1972,#1973));
#227=EDGE_LOOP('',(#1974,#1975,#1976,#1977));
#228=EDGE_LOOP('',(#1978,#1979,#1980,#1981));
#229=EDGE_LOOP('',(#1982,#1983,#1984,#1985));
#230=EDGE_LOOP('',(#1986,#1987,#1988,#1989));
#231=EDGE_LOOP('',(#1990,#1991,#1992,#1993));
#232=EDGE_LOOP('',(#1994,#1995,#1996,#1997));
#233=EDGE_LOOP('',(#1998,#1999,#2000,#2001));
#234=EDGE_LOOP('',(#2002,#2003,#2004,#2005));
#235=EDGE_LOOP('',(#2006,#2007,#2008,#2009));
#236=EDGE_LOOP('',(#2010,#2011,#2012,#2013));
#237=EDGE_LOOP('',(#2014,#2015,#2016,#2017));
#238=EDGE_LOOP('',(#2018,#2019,#2020,#2021));
#239=EDGE_LOOP('',(#2022,#2023,#2024,#2025));
#240=EDGE_LOOP('',(#2026,#2027,#2028,#2029));
#241=EDGE_LOOP('',(#2030,#2031,#2032,#2033));
#242=EDGE_LOOP('',(#2034,#2035,#2036,#2037));
#243=EDGE_LOOP('',(#2038,#2039,#2040,#2041));
#244=EDGE_LOOP('',(#2042,#2043,#2044,#2045,#2046));
#245=EDGE_LOOP('',(#2047,#2048,#2049,#2050));
#246=EDGE_LOOP('',(#2051,#2052,#2053,#2054));
#247=EDGE_LOOP('',(#2055,#2056,#2057,#2058));
#248=EDGE_LOOP('',(#2059,#2060,#2061,#2062));
#249=EDGE_LOOP('',(#2063,#2064,#2065,#2066));
#250=EDGE_LOOP('',(#2067,#2068,#2069,#2070));
#251=EDGE_LOOP('',(#2071,#2072,#2073,#2074));
#252=EDGE_LOOP('',(#2075,#2076,#2077,#2078));
#253=EDGE_LOOP('',(#2079,#2080,#2081,#2082));
#254=EDGE_LOOP('',(#2083,#2084,#2085,#2086,#2087));
#255=EDGE_LOOP('',(#2088,#2089,#2090,#2091,#2092));
#256=EDGE_LOOP('',(#2093,#2094,#2095,#2096,#2097,#2098,#2099,#2100,#2101,
#2102,#2103,#2104,#2105,#2106,#2107,#2108,#2109,#2110,#2111,#2112,#2113,
#2114,#2115,#2116,#2117,#2118,#2119,#2120,#2121,#2122,#2123,#2124,#2125,
#2126,#2127,#2128,#2129,#2130,#2131,#2132,#2133,#2134));
#257=EDGE_LOOP('',(#2135,#2136,#2137,#2138,#2139,#2140,#2141,#2142,#2143,
#2144));
#258=EDGE_LOOP('',(#2145,#2146,#2147,#2148,#2149));
#259=EDGE_LOOP('',(#2150,#2151,#2152,#2153,#2154));
#260=EDGE_LOOP('',(#2155,#2156,#2157));
#261=EDGE_LOOP('',(#2158,#2159,#2160,#2161));
#262=EDGE_LOOP('',(#2162,#2163,#2164,#2165));
#263=EDGE_LOOP('',(#2166,#2167,#2168,#2169));
#264=EDGE_LOOP('',(#2170,#2171,#2172,#2173));
#265=EDGE_LOOP('',(#2174,#2175,#2176,#2177));
#266=EDGE_LOOP('',(#2178,#2179,#2180,#2181));
#267=EDGE_LOOP('',(#2182,#2183,#2184,#2185));
#268=EDGE_LOOP('',(#2186,#2187,#2188,#2189,#2190));
#269=EDGE_LOOP('',(#2191,#2192,#2193,#2194));
#270=EDGE_LOOP('',(#2195,#2196,#2197,#2198));
#271=EDGE_LOOP('',(#2199,#2200,#2201,#2202));
#272=EDGE_LOOP('',(#2203,#2204,#2205));
#273=EDGE_LOOP('',(#2206,#2207,#2208,#2209));
#274=EDGE_LOOP('',(#2210,#2211,#2212,#2213));
#275=EDGE_LOOP('',(#2214,#2215,#2216,#2217));
#276=EDGE_LOOP('',(#2218,#2219,#2220,#2221));
#277=EDGE_LOOP('',(#2222,#2223,#2224,#2225));
#278=EDGE_LOOP('',(#2226,#2227,#2228,#2229));
#279=EDGE_LOOP('',(#2230,#2231,#2232,#2233));
#280=EDGE_LOOP('',(#2234,#2235,#2236,#2237));
#281=EDGE_LOOP('',(#2238,#2239,#2240,#2241));
#282=EDGE_LOOP('',(#2242,#2243,#2244,#2245));
#283=EDGE_LOOP('',(#2246,#2247,#2248,#2249));
#284=EDGE_LOOP('',(#2250,#2251,#2252,#2253));
#285=EDGE_LOOP('',(#2254,#2255,#2256,#2257));
#286=EDGE_LOOP('',(#2258,#2259,#2260,#2261));
#287=EDGE_LOOP('',(#2262,#2263,#2264,#2265));
#288=EDGE_LOOP('',(#2266,#2267,#2268,#2269));
#289=EDGE_LOOP('',(#2270,#2271,#2272,#2273));
#290=EDGE_LOOP('',(#2274,#2275,#2276,#2277));
#291=EDGE_LOOP('',(#2278,#2279,#2280,#2281,#2282,#2283));
#292=EDGE_LOOP('',(#2284,#2285,#2286,#2287));
#293=EDGE_LOOP('',(#2288));
#294=EDGE_LOOP('',(#2289,#2290,#2291,#2292));
#295=EDGE_LOOP('',(#2293,#2294,#2295,#2296));
#296=EDGE_LOOP('',(#2297,#2298,#2299,#2300));
#297=EDGE_LOOP('',(#2301,#2302,#2303,#2304));
#298=EDGE_LOOP('',(#2305,#2306,#2307,#2308));
#299=EDGE_LOOP('',(#2309,#2310,#2311,#2312));
#300=EDGE_LOOP('',(#2313,#2314,#2315,#2316));
#301=EDGE_LOOP('',(#2317,#2318,#2319,#2320));
#302=EDGE_LOOP('',(#2321,#2322,#2323,#2324));
#303=EDGE_LOOP('',(#2325,#2326,#2327,#2328));
#304=EDGE_LOOP('',(#2329,#2330,#2331,#2332));
#305=EDGE_LOOP('',(#2333,#2334,#2335,#2336));
#306=EDGE_LOOP('',(#2337,#2338,#2339,#2340));
#307=EDGE_LOOP('',(#2341,#2342,#2343,#2344));
#308=EDGE_LOOP('',(#2345,#2346,#2347,#2348));
#309=EDGE_LOOP('',(#2349,#2350,#2351,#2352));
#310=EDGE_LOOP('',(#2353,#2354,#2355,#2356));
#311=EDGE_LOOP('',(#2357,#2358,#2359,#2360));
#312=EDGE_LOOP('',(#2361,#2362,#2363,#2364));
#313=EDGE_LOOP('',(#2365,#2366,#2367,#2368));
#314=EDGE_LOOP('',(#2369,#2370,#2371,#2372));
#315=EDGE_LOOP('',(#2373,#2374,#2375,#2376));
#316=EDGE_LOOP('',(#2377,#2378,#2379,#2380));
#317=EDGE_LOOP('',(#2381,#2382,#2383,#2384));
#318=EDGE_LOOP('',(#2385,#2386,#2387,#2388));
#319=EDGE_LOOP('',(#2389,#2390,#2391,#2392));
#320=EDGE_LOOP('',(#2393,#2394,#2395,#2396));
#321=EDGE_LOOP('',(#2397,#2398,#2399,#2400));
#322=EDGE_LOOP('',(#2401,#2402,#2403,#2404));
#323=EDGE_LOOP('',(#2405,#2406,#2407,#2408));
#324=EDGE_LOOP('',(#2409,#2410,#2411,#2412));
#325=EDGE_LOOP('',(#2413,#2414,#2415,#2416));
#326=EDGE_LOOP('',(#2417,#2418,#2419,#2420));
#327=EDGE_LOOP('',(#2421,#2422,#2423,#2424));
#328=EDGE_LOOP('',(#2425,#2426,#2427,#2428));
#329=EDGE_LOOP('',(#2429,#2430,#2431,#2432));
#330=EDGE_LOOP('',(#2433,#2434,#2435,#2436));
#331=EDGE_LOOP('',(#2437,#2438,#2439,#2440));
#332=EDGE_LOOP('',(#2441,#2442,#2443,#2444));
#333=EDGE_LOOP('',(#2445,#2446,#2447,#2448,#2449,#2450,#2451,#2452,#2453,
#2454,#2455,#2456,#2457,#2458,#2459,#2460,#2461,#2462,#2463,#2464,#2465,
#2466,#2467,#2468,#2469,#2470,#2471,#2472,#2473,#2474,#2475,#2476,#2477,
#2478,#2479,#2480,#2481,#2482,#2483,#2484,#2485,#2486));
#334=EDGE_LOOP('',(#2487,#2488,#2489,#2490,#2491));
#335=EDGE_LOOP('',(#2492,#2493,#2494,#2495,#2496,#2497,#2498,#2499,#2500,
#2501));
#336=EDGE_LOOP('',(#2502,#2503,#2504,#2505));
#337=EDGE_LOOP('',(#2506,#2507,#2508,#2509));
#338=EDGE_LOOP('',(#2510,#2511,#2512,#2513));
#339=EDGE_LOOP('',(#2514,#2515,#2516,#2517));
#340=EDGE_LOOP('',(#2518,#2519,#2520,#2521));
#341=EDGE_LOOP('',(#2522,#2523,#2524,#2525));
#342=EDGE_LOOP('',(#2526,#2527,#2528,#2529,#2530));
#343=EDGE_LOOP('',(#2531,#2532,#2533,#2534));
#344=EDGE_LOOP('',(#2535,#2536,#2537,#2538));
#345=EDGE_LOOP('',(#2539,#2540,#2541,#2542));
#346=EDGE_LOOP('',(#2543,#2544,#2545,#2546));
#347=EDGE_LOOP('',(#2547,#2548,#2549,#2550));
#348=EDGE_LOOP('',(#2551,#2552,#2553,#2554));
#349=EDGE_LOOP('',(#2555,#2556,#2557,#2558));
#350=EDGE_LOOP('',(#2559,#2560,#2561,#2562));
#351=EDGE_LOOP('',(#2563,#2564,#2565,#2566));
#352=EDGE_LOOP('',(#2567,#2568,#2569,#2570));
#353=EDGE_LOOP('',(#2571,#2572,#2573,#2574));
#354=EDGE_LOOP('',(#2575,#2576,#2577,#2578));
#355=EDGE_LOOP('',(#2579,#2580,#2581,#2582));
#356=EDGE_LOOP('',(#2583,#2584,#2585,#2586));
#357=EDGE_LOOP('',(#2587,#2588,#2589,#2590));
#358=EDGE_LOOP('',(#2591,#2592,#2593,#2594));
#359=EDGE_LOOP('',(#2595,#2596,#2597,#2598,#2599));
#360=EDGE_LOOP('',(#2600,#2601,#2602,#2603));
#361=EDGE_LOOP('',(#2604,#2605,#2606,#2607));
#362=EDGE_LOOP('',(#2608,#2609,#2610,#2611));
#363=EDGE_LOOP('',(#2612,#2613,#2614,#2615));
#364=EDGE_LOOP('',(#2616,#2617,#2618,#2619));
#365=EDGE_LOOP('',(#2620,#2621,#2622,#2623));
#366=EDGE_LOOP('',(#2624,#2625,#2626));
#367=EDGE_LOOP('',(#2627,#2628,#2629,#2630));
#368=EDGE_LOOP('',(#2631,#2632,#2633,#2634));
#369=EDGE_LOOP('',(#2635,#2636,#2637,#2638));
#370=EDGE_LOOP('',(#2639,#2640,#2641,#2642));
#371=EDGE_LOOP('',(#2643,#2644,#2645,#2646));
#372=EDGE_LOOP('',(#2647,#2648,#2649,#2650));
#373=EDGE_LOOP('',(#2651,#2652,#2653,#2654));
#374=EDGE_LOOP('',(#2655,#2656,#2657,#2658));
#375=EDGE_LOOP('',(#2659,#2660,#2661,#2662));
#376=EDGE_LOOP('',(#2663,#2664,#2665,#2666));
#377=EDGE_LOOP('',(#2667,#2668,#2669,#2670));
#378=EDGE_LOOP('',(#2671,#2672,#2673,#2674));
#379=EDGE_LOOP('',(#2675,#2676,#2677,#2678));
#380=EDGE_LOOP('',(#2679,#2680,#2681,#2682));
#381=EDGE_LOOP('',(#2683,#2684,#2685,#2686));
#382=EDGE_LOOP('',(#2687,#2688,#2689,#2690));
#383=EDGE_LOOP('',(#2691,#2692,#2693,#2694));
#384=EDGE_LOOP('',(#2695,#2696,#2697,#2698));
#385=EDGE_LOOP('',(#2699));
#386=EDGE_LOOP('',(#2700,#2701,#2702,#2703));
#387=EDGE_LOOP('',(#2704,#2705,#2706,#2707));
#388=EDGE_LOOP('',(#2708,#2709,#2710,#2711));
#389=EDGE_LOOP('',(#2712,#2713,#2714,#2715));
#390=EDGE_LOOP('',(#2716,#2717,#2718,#2719));
#391=EDGE_LOOP('',(#2720,#2721,#2722));
#392=EDGE_LOOP('',(#2723,#2724,#2725,#2726));
#393=EDGE_LOOP('',(#2727,#2728,#2729,#2730));
#394=EDGE_LOOP('',(#2731,#2732,#2733,#2734));
#395=EDGE_LOOP('',(#2735,#2736,#2737,#2738));
#396=EDGE_LOOP('',(#2739,#2740,#2741,#2742));
#397=EDGE_LOOP('',(#2743,#2744,#2745,#2746,#2747));
#398=EDGE_LOOP('',(#2748,#2749,#2750,#2751));
#399=EDGE_LOOP('',(#2752,#2753,#2754,#2755));
#400=EDGE_LOOP('',(#2756,#2757,#2758,#2759));
#401=EDGE_LOOP('',(#2760,#2761,#2762,#2763));
#402=EDGE_LOOP('',(#2764,#2765,#2766,#2767));
#403=EDGE_LOOP('',(#2768,#2769,#2770,#2771));
#404=EDGE_LOOP('',(#2772,#2773,#2774,#2775));
#405=EDGE_LOOP('',(#2776,#2777,#2778,#2779));
#406=EDGE_LOOP('',(#2780,#2781,#2782,#2783));
#407=EDGE_LOOP('',(#2784,#2785,#2786,#2787,#2788));
#408=EDGE_LOOP('',(#2789,#2790,#2791,#2792));
#409=EDGE_LOOP('',(#2793,#2794,#2795,#2796));
#410=EDGE_LOOP('',(#2797,#2798,#2799,#2800));
#411=EDGE_LOOP('',(#2801,#2802,#2803,#2804));
#412=EDGE_LOOP('',(#2805,#2806,#2807,#2808));
#413=LINE('',#4199,#839);
#414=LINE('',#4201,#840);
#415=LINE('',#4203,#841);
#416=LINE('',#4204,#842);
#417=LINE('',#4207,#843);
#418=LINE('',#4209,#844);
#419=LINE('',#4210,#845);
#420=LINE('',#4213,#846);
#421=LINE('',#4215,#847);
#422=LINE('',#4216,#848);
#423=LINE('',#4219,#849);
#424=LINE('',#4221,#850);
#425=LINE('',#4222,#851);
#426=LINE('',#4229,#852);
#427=LINE('',#4230,#853);
#428=LINE('',#4233,#854);
#429=LINE('',#4235,#855);
#430=LINE('',#4237,#856);
#431=LINE('',#4238,#857);
#432=LINE('',#4242,#858);
#433=LINE('',#4245,#859);
#434=LINE('',#4250,#860);
#435=LINE('',#4253,#861);
#436=LINE('',#4258,#862);
#437=LINE('',#4260,#863);
#438=LINE('',#4262,#864);
#439=LINE('',#4263,#865);
#440=LINE('',#4267,#866);
#441=LINE('',#4269,#867);
#442=LINE('',#4271,#868);
#443=LINE('',#4272,#869);
#444=LINE('',#4275,#870);
#445=LINE('',#4277,#871);
#446=LINE('',#4278,#872);
#447=LINE('',#4281,#873);
#448=LINE('',#4283,#874);
#449=LINE('',#4284,#875);
#450=LINE('',#4288,#876);
#451=LINE('',#4290,#877);
#452=LINE('',#4292,#878);
#453=LINE('',#4293,#879);
#454=LINE('',#4296,#880);
#455=LINE('',#4298,#881);
#456=LINE('',#4299,#882);
#457=LINE('',#4302,#883);
#458=LINE('',#4304,#884);
#459=LINE('',#4305,#885);
#460=LINE('',#4308,#886);
#461=LINE('',#4310,#887);
#462=LINE('',#4311,#888);
#463=LINE('',#4315,#889);
#464=LINE('',#4317,#890);
#465=LINE('',#4319,#891);
#466=LINE('',#4320,#892);
#467=LINE('',#4323,#893);
#468=LINE('',#4325,#894);
#469=LINE('',#4326,#895);
#470=LINE('',#4330,#896);
#471=LINE('',#4332,#897);
#472=LINE('',#4334,#898);
#473=LINE('',#4335,#899);
#474=LINE('',#4339,#900);
#475=LINE('',#4341,#901);
#476=LINE('',#4343,#902);
#477=LINE('',#4344,#903);
#478=LINE('',#4347,#904);
#479=LINE('',#4349,#905);
#480=LINE('',#4350,#906);
#481=LINE('',#4354,#907);
#482=LINE('',#4356,#908);
#483=LINE('',#4358,#909);
#484=LINE('',#4360,#910);
#485=LINE('',#4361,#911);
#486=LINE('',#4363,#912);
#487=LINE('',#4364,#913);
#488=LINE('',#4367,#914);
#489=LINE('',#4369,#915);
#490=LINE('',#4370,#916);
#491=LINE('',#4372,#917);
#492=LINE('',#4373,#918);
#493=LINE('',#4375,#919);
#494=LINE('',#4376,#920);
#495=LINE('',#4378,#921);
#496=LINE('',#4379,#922);
#497=LINE('',#4381,#923);
#498=LINE('',#4382,#924);
#499=LINE('',#4385,#925);
#500=LINE('',#4387,#926);
#501=LINE('',#4388,#927);
#502=LINE('',#4391,#928);
#503=LINE('',#4393,#929);
#504=LINE('',#4394,#930);
#505=LINE('',#4396,#931);
#506=LINE('',#4397,#932);
#507=LINE('',#4400,#933);
#508=LINE('',#4402,#934);
#509=LINE('',#4404,#935);
#510=LINE('',#4405,#936);
#511=LINE('',#4408,#937);
#512=LINE('',#4410,#938);
#513=LINE('',#4412,#939);
#514=LINE('',#4413,#940);
#515=LINE('',#4416,#941);
#516=LINE('',#4418,#942);
#517=LINE('',#4420,#943);
#518=LINE('',#4422,#944);
#519=LINE('',#4424,#945);
#520=LINE('',#4426,#946);
#521=LINE('',#4427,#947);
#522=LINE('',#4429,#948);
#523=LINE('',#4431,#949);
#524=LINE('',#4433,#950);
#525=LINE('',#4435,#951);
#526=LINE('',#4437,#952);
#527=LINE('',#4439,#953);
#528=LINE('',#4441,#954);
#529=LINE('',#4443,#955);
#530=LINE('',#4445,#956);
#531=LINE('',#4446,#957);
#532=LINE('',#4449,#958);
#533=LINE('',#4451,#959);
#534=LINE('',#4453,#960);
#535=LINE('',#4455,#961);
#536=LINE('',#4457,#962);
#537=LINE('',#4459,#963);
#538=LINE('',#4461,#964);
#539=LINE('',#4463,#965);
#540=LINE('',#4465,#966);
#541=LINE('',#4466,#967);
#542=LINE('',#4469,#968);
#543=LINE('',#4471,#969);
#544=LINE('',#4473,#970);
#545=LINE('',#4475,#971);
#546=LINE('',#4476,#972);
#547=LINE('',#4479,#973);
#548=LINE('',#4481,#974);
#549=LINE('',#4482,#975);
#550=LINE('',#4484,#976);
#551=LINE('',#4487,#977);
#552=LINE('',#4488,#978);
#553=LINE('',#4491,#979);
#554=LINE('',#4492,#980);
#555=LINE('',#4495,#981);
#556=LINE('',#4497,#982);
#557=LINE('',#4498,#983);
#558=LINE('',#4501,#984);
#559=LINE('',#4502,#985);
#560=LINE('',#4505,#986);
#561=LINE('',#4507,#987);
#562=LINE('',#4508,#988);
#563=LINE('',#4511,#989);
#564=LINE('',#4512,#990);
#565=LINE('',#4514,#991);
#566=LINE('',#4517,#992);
#567=LINE('',#4519,#993);
#568=LINE('',#4520,#994);
#569=LINE('',#4523,#995);
#570=LINE('',#4524,#996);
#571=LINE('',#4527,#997);
#572=LINE('',#4528,#998);
#573=LINE('',#4531,#999);
#574=LINE('',#4533,#1000);
#575=LINE('',#4534,#1001);
#576=LINE('',#4536,#1002);
#577=LINE('',#4538,#1003);
#578=LINE('',#4540,#1004);
#579=LINE('',#4542,#1005);
#580=LINE('',#4544,#1006);
#581=LINE('',#4546,#1007);
#582=LINE('',#4549,#1008);
#583=LINE('',#4551,#1009);
#584=LINE('',#4552,#1010);
#585=LINE('',#4555,#1011);
#586=LINE('',#4556,#1012);
#587=LINE('',#4559,#1013);
#588=LINE('',#4560,#1014);
#589=LINE('',#4563,#1015);
#590=LINE('',#4564,#1016);
#591=LINE('',#4567,#1017);
#592=LINE('',#4568,#1018);
#593=LINE('',#4571,#1019);
#594=LINE('',#4572,#1020);
#595=LINE('',#4575,#1021);
#596=LINE('',#4576,#1022);
#597=LINE('',#4579,#1023);
#598=LINE('',#4580,#1024);
#599=LINE('',#4583,#1025);
#600=LINE('',#4584,#1026);
#601=LINE('',#4587,#1027);
#602=LINE('',#4588,#1028);
#603=LINE('',#4591,#1029);
#604=LINE('',#4592,#1030);
#605=LINE('',#4594,#1031);
#606=LINE('',#4596,#1032);
#607=LINE('',#4599,#1033);
#608=LINE('',#4600,#1034);
#609=LINE('',#4603,#1035);
#610=LINE('',#4604,#1036);
#611=LINE('',#4607,#1037);
#612=LINE('',#4608,#1038);
#613=LINE('',#4611,#1039);
#614=LINE('',#4612,#1040);
#615=LINE('',#4615,#1041);
#616=LINE('',#4616,#1042);
#617=LINE('',#4619,#1043);
#618=LINE('',#4620,#1044);
#619=LINE('',#4624,#1045);
#620=LINE('',#4625,#1046);
#621=LINE('',#4626,#1047);
#622=LINE('',#4629,#1048);
#623=LINE('',#4630,#1049);
#624=LINE('',#4634,#1050);
#625=LINE('',#4635,#1051);
#626=LINE('',#4636,#1052);
#627=LINE('',#4639,#1053);
#628=LINE('',#4640,#1054);
#629=LINE('',#4644,#1055);
#630=LINE('',#4645,#1056);
#631=LINE('',#4646,#1057);
#632=LINE('',#4649,#1058);
#633=LINE('',#4650,#1059);
#634=LINE('',#4653,#1060);
#635=LINE('',#4654,#1061);
#636=LINE('',#4656,#1062);
#637=LINE('',#4658,#1063);
#638=LINE('',#4660,#1064);
#639=LINE('',#4663,#1065);
#640=LINE('',#4665,#1066);
#641=LINE('',#4666,#1067);
#642=LINE('',#4669,#1068);
#643=LINE('',#4670,#1069);
#644=LINE('',#4673,#1070);
#645=LINE('',#4674,#1071);
#646=LINE('',#4677,#1072);
#647=LINE('',#4678,#1073);
#648=LINE('',#4681,#1074);
#649=LINE('',#4682,#1075);
#650=LINE('',#4685,#1076);
#651=LINE('',#4687,#1077);
#652=LINE('',#4688,#1078);
#653=LINE('',#4691,#1079);
#654=LINE('',#4692,#1080);
#655=LINE('',#4695,#1081);
#656=LINE('',#4696,#1082);
#657=LINE('',#4699,#1083);
#658=LINE('',#4700,#1084);
#659=LINE('',#4702,#1085);
#660=LINE('',#4705,#1086);
#661=LINE('',#4707,#1087);
#662=LINE('',#4708,#1088);
#663=LINE('',#4711,#1089);
#664=LINE('',#4712,#1090);
#665=LINE('',#4715,#1091);
#666=LINE('',#4716,#1092);
#667=LINE('',#4720,#1093);
#668=LINE('',#4722,#1094);
#669=LINE('',#4724,#1095);
#670=LINE('',#4725,#1096);
#671=LINE('',#4727,#1097);
#672=LINE('',#4729,#1098);
#673=LINE('',#4730,#1099);
#674=LINE('',#4733,#1100);
#675=LINE('',#4735,#1101);
#676=LINE('',#4736,#1102);
#677=LINE('',#4739,#1103);
#678=LINE('',#4741,#1104);
#679=LINE('',#4742,#1105);
#680=LINE('',#4745,#1106);
#681=LINE('',#4746,#1107);
#682=LINE('',#4747,#1108);
#683=LINE('',#4750,#1109);
#684=LINE('',#4751,#1110);
#685=LINE('',#4754,#1111);
#686=LINE('',#4755,#1112);
#687=LINE('',#4758,#1113);
#688=LINE('',#4759,#1114);
#689=LINE('',#4762,#1115);
#690=LINE('',#4763,#1116);
#691=LINE('',#4765,#1117);
#692=LINE('',#4767,#1118);
#693=LINE('',#4769,#1119);
#694=LINE('',#4773,#1120);
#695=LINE('',#4775,#1121);
#696=LINE('',#4777,#1122);
#697=LINE('',#4779,#1123);
#698=LINE('',#4781,#1124);
#699=LINE('',#4783,#1125);
#700=LINE('',#4785,#1126);
#701=LINE('',#4787,#1127);
#702=LINE('',#4789,#1128);
#703=LINE('',#4791,#1129);
#704=LINE('',#4792,#1130);
#705=LINE('',#4794,#1131);
#706=LINE('',#4796,#1132);
#707=LINE('',#4798,#1133);
#708=LINE('',#4800,#1134);
#709=LINE('',#4802,#1135);
#710=LINE('',#4804,#1136);
#711=LINE('',#4806,#1137);
#712=LINE('',#4808,#1138);
#713=LINE('',#4810,#1139);
#714=LINE('',#4812,#1140);
#715=LINE('',#4814,#1141);
#716=LINE('',#4816,#1142);
#717=LINE('',#4818,#1143);
#718=LINE('',#4820,#1144);
#719=LINE('',#4822,#1145);
#720=LINE('',#4824,#1146);
#721=LINE('',#4826,#1147);
#722=LINE('',#4828,#1148);
#723=LINE('',#4830,#1149);
#724=LINE('',#4832,#1150);
#725=LINE('',#4834,#1151);
#726=LINE('',#4836,#1152);
#727=LINE('',#4838,#1153);
#728=LINE('',#4840,#1154);
#729=LINE('',#4842,#1155);
#730=LINE('',#4844,#1156);
#731=LINE('',#4846,#1157);
#732=LINE('',#4848,#1158);
#733=LINE('',#4849,#1159);
#734=LINE('',#4852,#1160);
#735=LINE('',#4854,#1161);
#736=LINE('',#4856,#1162);
#737=LINE('',#4858,#1163);
#738=LINE('',#4859,#1164);
#739=LINE('',#4861,#1165);
#740=LINE('',#4862,#1166);
#741=LINE('',#4864,#1167);
#742=LINE('',#4866,#1168);
#743=LINE('',#4869,#1169);
#744=LINE('',#4870,#1170);
#745=LINE('',#4872,#1171);
#746=LINE('',#4874,#1172);
#747=LINE('',#4877,#1173);
#748=LINE('',#4878,#1174);
#749=LINE('',#4879,#1175);
#750=LINE('',#4882,#1176);
#751=LINE('',#4883,#1177);
#752=LINE('',#4886,#1178);
#753=LINE('',#4887,#1179);
#754=LINE('',#4890,#1180);
#755=LINE('',#4892,#1181);
#756=LINE('',#4893,#1182);
#757=LINE('',#4896,#1183);
#758=LINE('',#4897,#1184);
#759=LINE('',#4900,#1185);
#760=LINE('',#4901,#1186);
#761=LINE('',#4904,#1187);
#762=LINE('',#4906,#1188);
#763=LINE('',#4907,#1189);
#764=LINE('',#4910,#1190);
#765=LINE('',#4911,#1191);
#766=LINE('',#4914,#1192);
#767=LINE('',#4915,#1193);
#768=LINE('',#4918,#1194);
#769=LINE('',#4920,#1195);
#770=LINE('',#4921,#1196);
#771=LINE('',#4924,#1197);
#772=LINE('',#4925,#1198);
#773=LINE('',#4928,#1199);
#774=LINE('',#4929,#1200);
#775=LINE('',#4932,#1201);
#776=LINE('',#4933,#1202);
#777=LINE('',#4936,#1203);
#778=LINE('',#4937,#1204);
#779=LINE('',#4940,#1205);
#780=LINE('',#4941,#1206);
#781=LINE('',#4944,#1207);
#782=LINE('',#4945,#1208);
#783=LINE('',#4948,#1209);
#784=LINE('',#4950,#1210);
#785=LINE('',#4951,#1211);
#786=LINE('',#4954,#1212);
#787=LINE('',#4956,#1213);
#788=LINE('',#4957,#1214);
#789=LINE('',#4959,#1215);
#790=LINE('',#4962,#1216);
#791=LINE('',#4963,#1217);
#792=LINE('',#4965,#1218);
#793=LINE('',#4967,#1219);
#794=LINE('',#4970,#1220);
#795=LINE('',#4971,#1221);
#796=LINE('',#4973,#1222);
#797=LINE('',#4975,#1223);
#798=LINE('',#4977,#1224);
#799=LINE('',#4979,#1225);
#800=LINE('',#4981,#1226);
#801=LINE('',#4983,#1227);
#802=LINE('',#4985,#1228);
#803=LINE('',#4987,#1229);
#804=LINE('',#4989,#1230);
#805=LINE('',#4991,#1231);
#806=LINE('',#4993,#1232);
#807=LINE('',#4995,#1233);
#808=LINE('',#4997,#1234);
#809=LINE('',#4999,#1235);
#810=LINE('',#5001,#1236);
#811=LINE('',#5003,#1237);
#812=LINE('',#5005,#1238);
#813=LINE('',#5007,#1239);
#814=LINE('',#5009,#1240);
#815=LINE('',#5011,#1241);
#816=LINE('',#5013,#1242);
#817=LINE('',#5015,#1243);
#818=LINE('',#5017,#1244);
#819=LINE('',#5019,#1245);
#820=LINE('',#5021,#1246);
#821=LINE('',#5023,#1247);
#822=LINE('',#5024,#1248);
#823=LINE('',#5026,#1249);
#824=LINE('',#5027,#1250);
#825=LINE('',#5029,#1251);
#826=LINE('',#5030,#1252);
#827=LINE('',#5032,#1253);
#828=LINE('',#5034,#1254);
#829=LINE('',#5035,#1255);
#830=LINE('',#5037,#1256);
#831=LINE('',#5040,#1257);
#832=LINE('',#5042,#1258);
#833=LINE('',#5045,#1259);
#834=LINE('',#5047,#1260);
#835=LINE('',#5050,#1261);
#836=LINE('',#5053,#1262);
#837=LINE('',#5057,#1263);
#838=LINE('',#5059,#1264);
#839=VECTOR('',#3387,10.);
#840=VECTOR('',#3388,10.);
#841=VECTOR('',#3389,10.);
#842=VECTOR('',#3390,10.);
#843=VECTOR('',#3393,10.);
#844=VECTOR('',#3394,10.);
#845=VECTOR('',#3395,10.);
#846=VECTOR('',#3398,10.);
#847=VECTOR('',#3399,10.);
#848=VECTOR('',#3400,10.);
#849=VECTOR('',#3403,10.);
#850=VECTOR('',#3404,10.);
#851=VECTOR('',#3405,10.);
#852=VECTOR('',#3412,10.);
#853=VECTOR('',#3413,10.);
#854=VECTOR('',#3416,10.);
#855=VECTOR('',#3417,10.);
#856=VECTOR('',#3418,10.);
#857=VECTOR('',#3419,10.);
#858=VECTOR('',#3424,1.15000000000001);
#859=VECTOR('',#3427,0.950000000000006);
#860=VECTOR('',#3434,1.14999999999999);
#861=VECTOR('',#3437,0.949999999999989);
#862=VECTOR('',#3442,10.);
#863=VECTOR('',#3443,10.);
#864=VECTOR('',#3444,10.);
#865=VECTOR('',#3445,10.);
#866=VECTOR('',#3448,10.);
#867=VECTOR('',#3449,10.);
#868=VECTOR('',#3450,10.);
#869=VECTOR('',#3451,10.);
#870=VECTOR('',#3454,10.);
#871=VECTOR('',#3455,9.99999999999999);
#872=VECTOR('',#3456,10.);
#873=VECTOR('',#3459,10.);
#874=VECTOR('',#3460,10.);
#875=VECTOR('',#3461,10.);
#876=VECTOR('',#3464,10.);
#877=VECTOR('',#3465,10.);
#878=VECTOR('',#3466,10.);
#879=VECTOR('',#3467,10.);
#880=VECTOR('',#3470,10.);
#881=VECTOR('',#3471,10.);
#882=VECTOR('',#3472,10.);
#883=VECTOR('',#3475,10.);
#884=VECTOR('',#3476,10.);
#885=VECTOR('',#3477,10.);
#886=VECTOR('',#3480,10.);
#887=VECTOR('',#3481,10.);
#888=VECTOR('',#3482,10.);
#889=VECTOR('',#3485,10.);
#890=VECTOR('',#3486,10.);
#891=VECTOR('',#3487,10.);
#892=VECTOR('',#3488,10.);
#893=VECTOR('',#3491,10.);
#894=VECTOR('',#3492,10.);
#895=VECTOR('',#3493,10.);
#896=VECTOR('',#3496,10.);
#897=VECTOR('',#3497,10.);
#898=VECTOR('',#3498,10.);
#899=VECTOR('',#3499,10.);
#900=VECTOR('',#3502,10.);
#901=VECTOR('',#3503,10.);
#902=VECTOR('',#3504,10.);
#903=VECTOR('',#3505,10.);
#904=VECTOR('',#3508,10.);
#905=VECTOR('',#3509,10.);
#906=VECTOR('',#3510,10.);
#907=VECTOR('',#3513,10.);
#908=VECTOR('',#3514,10.);
#909=VECTOR('',#3515,10.);
#910=VECTOR('',#3516,10.);
#911=VECTOR('',#3517,10.);
#912=VECTOR('',#3520,10.);
#913=VECTOR('',#3521,10.);
#914=VECTOR('',#3524,10.);
#915=VECTOR('',#3525,10.);
#916=VECTOR('',#3526,10.);
#917=VECTOR('',#3529,10.);
#918=VECTOR('',#3530,10.);
#919=VECTOR('',#3533,10.);
#920=VECTOR('',#3534,10.);
#921=VECTOR('',#3537,10.);
#922=VECTOR('',#3538,10.);
#923=VECTOR('',#3541,10.);
#924=VECTOR('',#3542,10.);
#925=VECTOR('',#3545,10.);
#926=VECTOR('',#3546,10.);
#927=VECTOR('',#3547,10.);
#928=VECTOR('',#3550,10.);
#929=VECTOR('',#3551,10.);
#930=VECTOR('',#3552,10.);
#931=VECTOR('',#3555,10.);
#932=VECTOR('',#3556,10.);
#933=VECTOR('',#3559,10.);
#934=VECTOR('',#3560,10.);
#935=VECTOR('',#3561,10.);
#936=VECTOR('',#3562,10.);
#937=VECTOR('',#3565,10.);
#938=VECTOR('',#3566,10.);
#939=VECTOR('',#3567,10.);
#940=VECTOR('',#3568,10.);
#941=VECTOR('',#3571,10.);
#942=VECTOR('',#3572,10.);
#943=VECTOR('',#3573,10.);
#944=VECTOR('',#3574,10.);
#945=VECTOR('',#3575,10.);
#946=VECTOR('',#3576,10.);
#947=VECTOR('',#3577,10.);
#948=VECTOR('',#3578,10.);
#949=VECTOR('',#3579,10.);
#950=VECTOR('',#3580,10.);
#951=VECTOR('',#3581,10.);
#952=VECTOR('',#3582,10.);
#953=VECTOR('',#3583,10.);
#954=VECTOR('',#3584,10.);
#955=VECTOR('',#3585,10.);
#956=VECTOR('',#3586,10.);
#957=VECTOR('',#3587,10.);
#958=VECTOR('',#3588,10.);
#959=VECTOR('',#3589,10.);
#960=VECTOR('',#3590,10.);
#961=VECTOR('',#3591,10.);
#962=VECTOR('',#3592,10.);
#963=VECTOR('',#3593,10.);
#964=VECTOR('',#3594,10.);
#965=VECTOR('',#3595,10.);
#966=VECTOR('',#3596,10.);
#967=VECTOR('',#3597,10.);
#968=VECTOR('',#3598,10.);
#969=VECTOR('',#3599,10.);
#970=VECTOR('',#3600,10.);
#971=VECTOR('',#3601,10.);
#972=VECTOR('',#3602,10.);
#973=VECTOR('',#3605,10.);
#974=VECTOR('',#3606,10.);
#975=VECTOR('',#3607,10.);
#976=VECTOR('',#3610,10.);
#977=VECTOR('',#3613,10.);
#978=VECTOR('',#3614,10.);
#979=VECTOR('',#3617,10.);
#980=VECTOR('',#3618,10.);
#981=VECTOR('',#3621,10.);
#982=VECTOR('',#3622,10.);
#983=VECTOR('',#3623,10.);
#984=VECTOR('',#3626,10.);
#985=VECTOR('',#3627,10.);
#986=VECTOR('',#3630,10.);
#987=VECTOR('',#3631,10.);
#988=VECTOR('',#3632,10.);
#989=VECTOR('',#3635,10.);
#990=VECTOR('',#3636,10.);
#991=VECTOR('',#3639,9.99999999999999);
#992=VECTOR('',#3642,10.);
#993=VECTOR('',#3643,10.);
#994=VECTOR('',#3644,10.);
#995=VECTOR('',#3647,10.);
#996=VECTOR('',#3648,10.);
#997=VECTOR('',#3651,10.);
#998=VECTOR('',#3652,10.);
#999=VECTOR('',#3655,10.);
#1000=VECTOR('',#3656,10.);
#1001=VECTOR('',#3657,10.);
#1002=VECTOR('',#3660,10.);
#1003=VECTOR('',#3663,10.);
#1004=VECTOR('',#3666,10.);
#1005=VECTOR('',#3669,10.);
#1006=VECTOR('',#3672,10.);
#1007=VECTOR('',#3675,10.);
#1008=VECTOR('',#3678,10.);
#1009=VECTOR('',#3679,10.);
#1010=VECTOR('',#3680,10.);
#1011=VECTOR('',#3683,10.);
#1012=VECTOR('',#3684,10.);
#1013=VECTOR('',#3687,10.);
#1014=VECTOR('',#3688,10.);
#1015=VECTOR('',#3691,10.);
#1016=VECTOR('',#3692,10.);
#1017=VECTOR('',#3695,10.);
#1018=VECTOR('',#3696,10.);
#1019=VECTOR('',#3699,10.);
#1020=VECTOR('',#3700,10.);
#1021=VECTOR('',#3703,10.);
#1022=VECTOR('',#3704,10.);
#1023=VECTOR('',#3707,10.);
#1024=VECTOR('',#3708,10.);
#1025=VECTOR('',#3711,10.);
#1026=VECTOR('',#3712,10.);
#1027=VECTOR('',#3715,10.);
#1028=VECTOR('',#3716,10.);
#1029=VECTOR('',#3719,10.);
#1030=VECTOR('',#3720,10.);
#1031=VECTOR('',#3723,10.);
#1032=VECTOR('',#3726,10.);
#1033=VECTOR('',#3729,10.);
#1034=VECTOR('',#3730,10.);
#1035=VECTOR('',#3733,10.);
#1036=VECTOR('',#3734,10.);
#1037=VECTOR('',#3737,10.);
#1038=VECTOR('',#3738,10.);
#1039=VECTOR('',#3741,10.);
#1040=VECTOR('',#3742,10.);
#1041=VECTOR('',#3745,10.);
#1042=VECTOR('',#3746,10.);
#1043=VECTOR('',#3749,10.);
#1044=VECTOR('',#3750,10.);
#1045=VECTOR('',#3753,10.);
#1046=VECTOR('',#3754,10.);
#1047=VECTOR('',#3755,10.);
#1048=VECTOR('',#3758,10.);
#1049=VECTOR('',#3759,10.);
#1050=VECTOR('',#3762,10.);
#1051=VECTOR('',#3763,10.);
#1052=VECTOR('',#3764,10.);
#1053=VECTOR('',#3767,10.);
#1054=VECTOR('',#3768,10.);
#1055=VECTOR('',#3771,10.);
#1056=VECTOR('',#3772,10.);
#1057=VECTOR('',#3773,10.);
#1058=VECTOR('',#3776,10.);
#1059=VECTOR('',#3777,10.);
#1060=VECTOR('',#3780,10.);
#1061=VECTOR('',#3781,10.);
#1062=VECTOR('',#3784,10.);
#1063=VECTOR('',#3787,10.);
#1064=VECTOR('',#3790,10.);
#1065=VECTOR('',#3793,10.);
#1066=VECTOR('',#3794,10.);
#1067=VECTOR('',#3795,10.);
#1068=VECTOR('',#3798,10.);
#1069=VECTOR('',#3799,10.);
#1070=VECTOR('',#3802,10.);
#1071=VECTOR('',#3803,10.);
#1072=VECTOR('',#3806,10.);
#1073=VECTOR('',#3807,10.);
#1074=VECTOR('',#3810,10.);
#1075=VECTOR('',#3811,10.);
#1076=VECTOR('',#3814,9.99999999999999);
#1077=VECTOR('',#3815,10.);
#1078=VECTOR('',#3816,9.99999999999999);
#1079=VECTOR('',#3819,10.);
#1080=VECTOR('',#3820,10.);
#1081=VECTOR('',#3823,10.);
#1082=VECTOR('',#3824,10.);
#1083=VECTOR('',#3827,10.);
#1084=VECTOR('',#3828,10.);
#1085=VECTOR('',#3831,10.);
#1086=VECTOR('',#3834,10.);
#1087=VECTOR('',#3835,10.);
#1088=VECTOR('',#3836,10.);
#1089=VECTOR('',#3839,10.);
#1090=VECTOR('',#3840,10.);
#1091=VECTOR('',#3843,10.);
#1092=VECTOR('',#3844,10.);
#1093=VECTOR('',#3847,10.);
#1094=VECTOR('',#3848,10.);
#1095=VECTOR('',#3849,10.);
#1096=VECTOR('',#3850,10.);
#1097=VECTOR('',#3853,10.);
#1098=VECTOR('',#3854,10.);
#1099=VECTOR('',#3855,10.);
#1100=VECTOR('',#3858,10.);
#1101=VECTOR('',#3859,10.);
#1102=VECTOR('',#3860,10.);
#1103=VECTOR('',#3863,10.);
#1104=VECTOR('',#3864,10.);
#1105=VECTOR('',#3865,10.);
#1106=VECTOR('',#3868,10.);
#1107=VECTOR('',#3869,10.);
#1108=VECTOR('',#3870,10.);
#1109=VECTOR('',#3873,10.);
#1110=VECTOR('',#3874,10.);
#1111=VECTOR('',#3877,10.);
#1112=VECTOR('',#3878,10.);
#1113=VECTOR('',#3881,10.);
#1114=VECTOR('',#3882,10.);
#1115=VECTOR('',#3885,10.);
#1116=VECTOR('',#3886,10.);
#1117=VECTOR('',#3889,10.);
#1118=VECTOR('',#3892,10.);
#1119=VECTOR('',#3895,10.);
#1120=VECTOR('',#3898,10.);
#1121=VECTOR('',#3899,10.);
#1122=VECTOR('',#3900,10.);
#1123=VECTOR('',#3901,10.);
#1124=VECTOR('',#3902,10.);
#1125=VECTOR('',#3903,10.);
#1126=VECTOR('',#3904,10.);
#1127=VECTOR('',#3905,10.);
#1128=VECTOR('',#3906,10.);
#1129=VECTOR('',#3907,10.);
#1130=VECTOR('',#3908,10.);
#1131=VECTOR('',#3909,10.);
#1132=VECTOR('',#3910,10.);
#1133=VECTOR('',#3911,10.);
#1134=VECTOR('',#3912,10.);
#1135=VECTOR('',#3913,10.);
#1136=VECTOR('',#3914,10.);
#1137=VECTOR('',#3915,10.);
#1138=VECTOR('',#3916,10.);
#1139=VECTOR('',#3917,10.);
#1140=VECTOR('',#3918,10.);
#1141=VECTOR('',#3919,10.);
#1142=VECTOR('',#3920,10.);
#1143=VECTOR('',#3921,10.);
#1144=VECTOR('',#3922,10.);
#1145=VECTOR('',#3923,10.);
#1146=VECTOR('',#3924,10.);
#1147=VECTOR('',#3925,10.);
#1148=VECTOR('',#3926,10.);
#1149=VECTOR('',#3927,10.);
#1150=VECTOR('',#3928,10.);
#1151=VECTOR('',#3929,10.);
#1152=VECTOR('',#3930,10.);
#1153=VECTOR('',#3931,10.);
#1154=VECTOR('',#3932,10.);
#1155=VECTOR('',#3933,10.);
#1156=VECTOR('',#3934,10.);
#1157=VECTOR('',#3935,10.);
#1158=VECTOR('',#3936,10.);
#1159=VECTOR('',#3937,10.);
#1160=VECTOR('',#3938,10.);
#1161=VECTOR('',#3939,10.);
#1162=VECTOR('',#3940,10.);
#1163=VECTOR('',#3941,10.);
#1164=VECTOR('',#3942,10.);
#1165=VECTOR('',#3945,9.99999999999999);
#1166=VECTOR('',#3946,10.);
#1167=VECTOR('',#3949,10.);
#1168=VECTOR('',#3952,10.);
#1169=VECTOR('',#3955,10.);
#1170=VECTOR('',#3956,10.);
#1171=VECTOR('',#3959,10.);
#1172=VECTOR('',#3962,10.);
#1173=VECTOR('',#3965,10.);
#1174=VECTOR('',#3966,10.);
#1175=VECTOR('',#3967,10.);
#1176=VECTOR('',#3970,10.);
#1177=VECTOR('',#3971,10.);
#1178=VECTOR('',#3974,10.);
#1179=VECTOR('',#3975,10.);
#1180=VECTOR('',#3978,9.99999999999999);
#1181=VECTOR('',#3979,10.);
#1182=VECTOR('',#3980,10.);
#1183=VECTOR('',#3983,10.);
#1184=VECTOR('',#3984,10.);
#1185=VECTOR('',#3987,10.);
#1186=VECTOR('',#3988,10.);
#1187=VECTOR('',#3991,10.);
#1188=VECTOR('',#3992,10.);
#1189=VECTOR('',#3993,10.);
#1190=VECTOR('',#3996,10.);
#1191=VECTOR('',#3997,10.);
#1192=VECTOR('',#4000,10.);
#1193=VECTOR('',#4001,10.);
#1194=VECTOR('',#4004,10.);
#1195=VECTOR('',#4005,10.);
#1196=VECTOR('',#4006,10.);
#1197=VECTOR('',#4009,10.);
#1198=VECTOR('',#4010,10.);
#1199=VECTOR('',#4013,10.);
#1200=VECTOR('',#4014,10.);
#1201=VECTOR('',#4017,10.);
#1202=VECTOR('',#4018,10.);
#1203=VECTOR('',#4021,10.);
#1204=VECTOR('',#4022,10.);
#1205=VECTOR('',#4025,10.);
#1206=VECTOR('',#4026,10.);
#1207=VECTOR('',#4029,10.);
#1208=VECTOR('',#4030,10.);
#1209=VECTOR('',#4033,10.);
#1210=VECTOR('',#4034,10.);
#1211=VECTOR('',#4035,10.);
#1212=VECTOR('',#4038,10.);
#1213=VECTOR('',#4039,10.);
#1214=VECTOR('',#4040,10.);
#1215=VECTOR('',#4043,10.);
#1216=VECTOR('',#4046,10.);
#1217=VECTOR('',#4047,10.);
#1218=VECTOR('',#4050,10.);
#1219=VECTOR('',#4053,10.);
#1220=VECTOR('',#4056,10.);
#1221=VECTOR('',#4057,10.);
#1222=VECTOR('',#4060,10.);
#1223=VECTOR('',#4063,10.);
#1224=VECTOR('',#4066,10.);
#1225=VECTOR('',#4069,10.);
#1226=VECTOR('',#4072,10.);
#1227=VECTOR('',#4075,10.);
#1228=VECTOR('',#4078,10.);
#1229=VECTOR('',#4081,10.);
#1230=VECTOR('',#4084,10.);
#1231=VECTOR('',#4087,10.);
#1232=VECTOR('',#4090,10.);
#1233=VECTOR('',#4093,10.);
#1234=VECTOR('',#4096,10.);
#1235=VECTOR('',#4099,10.);
#1236=VECTOR('',#4102,10.);
#1237=VECTOR('',#4105,10.);
#1238=VECTOR('',#4108,10.);
#1239=VECTOR('',#4111,10.);
#1240=VECTOR('',#4114,10.);
#1241=VECTOR('',#4117,10.);
#1242=VECTOR('',#4120,10.);
#1243=VECTOR('',#4123,10.);
#1244=VECTOR('',#4126,10.);
#1245=VECTOR('',#4129,10.);
#1246=VECTOR('',#4132,10.);
#1247=VECTOR('',#4135,10.);
#1248=VECTOR('',#4136,10.);
#1249=VECTOR('',#4139,10.);
#1250=VECTOR('',#4140,10.);
#1251=VECTOR('',#4143,10.);
#1252=VECTOR('',#4144,10.);
#1253=VECTOR('',#4147,10.);
#1254=VECTOR('',#4150,10.);
#1255=VECTOR('',#4151,10.);
#1256=VECTOR('',#4154,10.);
#1257=VECTOR('',#4159,10.);
#1258=VECTOR('',#4162,10.);
#1259=VECTOR('',#4167,10.);
#1260=VECTOR('',#4170,10.);
#1261=VECTOR('',#4175,10.);
#1262=VECTOR('',#4180,10.);
#1263=VECTOR('',#4187,10.);
#1264=VECTOR('',#4190,10.);
#1265=VERTEX_POINT('',#4197);
#1266=VERTEX_POINT('',#4198);
#1267=VERTEX_POINT('',#4200);
#1268=VERTEX_POINT('',#4202);
#1269=VERTEX_POINT('',#4206);
#1270=VERTEX_POINT('',#4208);
#1271=VERTEX_POINT('',#4212);
#1272=VERTEX_POINT('',#4214);
#1273=VERTEX_POINT('',#4218);
#1274=VERTEX_POINT('',#4220);
#1275=VERTEX_POINT('',#4223);
#1276=VERTEX_POINT('',#4225);
#1277=VERTEX_POINT('',#4228);
#1278=VERTEX_POINT('',#4232);
#1279=VERTEX_POINT('',#4234);
#1280=VERTEX_POINT('',#4236);
#1281=VERTEX_POINT('',#4240);
#1282=VERTEX_POINT('',#4244);
#1283=VERTEX_POINT('',#4248);
#1284=VERTEX_POINT('',#4252);
#1285=VERTEX_POINT('',#4256);
#1286=VERTEX_POINT('',#4257);
#1287=VERTEX_POINT('',#4259);
#1288=VERTEX_POINT('',#4261);
#1289=VERTEX_POINT('',#4265);
#1290=VERTEX_POINT('',#4266);
#1291=VERTEX_POINT('',#4268);
#1292=VERTEX_POINT('',#4270);
#1293=VERTEX_POINT('',#4274);
#1294=VERTEX_POINT('',#4276);
#1295=VERTEX_POINT('',#4280);
#1296=VERTEX_POINT('',#4282);
#1297=VERTEX_POINT('',#4286);
#1298=VERTEX_POINT('',#4287);
#1299=VERTEX_POINT('',#4289);
#1300=VERTEX_POINT('',#4291);
#1301=VERTEX_POINT('',#4295);
#1302=VERTEX_POINT('',#4297);
#1303=VERTEX_POINT('',#4301);
#1304=VERTEX_POINT('',#4303);
#1305=VERTEX_POINT('',#4307);
#1306=VERTEX_POINT('',#4309);
#1307=VERTEX_POINT('',#4313);
#1308=VERTEX_POINT('',#4314);
#1309=VERTEX_POINT('',#4316);
#1310=VERTEX_POINT('',#4318);
#1311=VERTEX_POINT('',#4322);
#1312=VERTEX_POINT('',#4324);
#1313=VERTEX_POINT('',#4328);
#1314=VERTEX_POINT('',#4329);
#1315=VERTEX_POINT('',#4331);
#1316=VERTEX_POINT('',#4333);
#1317=VERTEX_POINT('',#4337);
#1318=VERTEX_POINT('',#4338);
#1319=VERTEX_POINT('',#4340);
#1320=VERTEX_POINT('',#4342);
#1321=VERTEX_POINT('',#4346);
#1322=VERTEX_POINT('',#4348);
#1323=VERTEX_POINT('',#4352);
#1324=VERTEX_POINT('',#4353);
#1325=VERTEX_POINT('',#4355);
#1326=VERTEX_POINT('',#4357);
#1327=VERTEX_POINT('',#4359);
#1328=VERTEX_POINT('',#4366);
#1329=VERTEX_POINT('',#4368);
#1330=VERTEX_POINT('',#4384);
#1331=VERTEX_POINT('',#4386);
#1332=VERTEX_POINT('',#4390);
#1333=VERTEX_POINT('',#4392);
#1334=VERTEX_POINT('',#4399);
#1335=VERTEX_POINT('',#4401);
#1336=VERTEX_POINT('',#4403);
#1337=VERTEX_POINT('',#4407);
#1338=VERTEX_POINT('',#4409);
#1339=VERTEX_POINT('',#4411);
#1340=VERTEX_POINT('',#4415);
#1341=VERTEX_POINT('',#4417);
#1342=VERTEX_POINT('',#4419);
#1343=VERTEX_POINT('',#4421);
#1344=VERTEX_POINT('',#4423);
#1345=VERTEX_POINT('',#4425);
#1346=VERTEX_POINT('',#4428);
#1347=VERTEX_POINT('',#4430);
#1348=VERTEX_POINT('',#4432);
#1349=VERTEX_POINT('',#4434);
#1350=VERTEX_POINT('',#4436);
#1351=VERTEX_POINT('',#4438);
#1352=VERTEX_POINT('',#4440);
#1353=VERTEX_POINT('',#4442);
#1354=VERTEX_POINT('',#4444);
#1355=VERTEX_POINT('',#4447);
#1356=VERTEX_POINT('',#4448);
#1357=VERTEX_POINT('',#4450);
#1358=VERTEX_POINT('',#4452);
#1359=VERTEX_POINT('',#4454);
#1360=VERTEX_POINT('',#4456);
#1361=VERTEX_POINT('',#4458);
#1362=VERTEX_POINT('',#4460);
#1363=VERTEX_POINT('',#4462);
#1364=VERTEX_POINT('',#4464);
#1365=VERTEX_POINT('',#4467);
#1366=VERTEX_POINT('',#4468);
#1367=VERTEX_POINT('',#4470);
#1368=VERTEX_POINT('',#4472);
#1369=VERTEX_POINT('',#4474);
#1370=VERTEX_POINT('',#4478);
#1371=VERTEX_POINT('',#4480);
#1372=VERTEX_POINT('',#4486);
#1373=VERTEX_POINT('',#4490);
#1374=VERTEX_POINT('',#4494);
#1375=VERTEX_POINT('',#4496);
#1376=VERTEX_POINT('',#4500);
#1377=VERTEX_POINT('',#4504);
#1378=VERTEX_POINT('',#4506);
#1379=VERTEX_POINT('',#4510);
#1380=VERTEX_POINT('',#4516);
#1381=VERTEX_POINT('',#4518);
#1382=VERTEX_POINT('',#4522);
#1383=VERTEX_POINT('',#4526);
#1384=VERTEX_POINT('',#4530);
#1385=VERTEX_POINT('',#4532);
#1386=VERTEX_POINT('',#4548);
#1387=VERTEX_POINT('',#4550);
#1388=VERTEX_POINT('',#4554);
#1389=VERTEX_POINT('',#4558);
#1390=VERTEX_POINT('',#4562);
#1391=VERTEX_POINT('',#4566);
#1392=VERTEX_POINT('',#4570);
#1393=VERTEX_POINT('',#4574);
#1394=VERTEX_POINT('',#4578);
#1395=VERTEX_POINT('',#4582);
#1396=VERTEX_POINT('',#4586);
#1397=VERTEX_POINT('',#4590);
#1398=VERTEX_POINT('',#4598);
#1399=VERTEX_POINT('',#4602);
#1400=VERTEX_POINT('',#4606);
#1401=VERTEX_POINT('',#4610);
#1402=VERTEX_POINT('',#4614);
#1403=VERTEX_POINT('',#4618);
#1404=VERTEX_POINT('',#4622);
#1405=VERTEX_POINT('',#4623);
#1406=VERTEX_POINT('',#4628);
#1407=VERTEX_POINT('',#4632);
#1408=VERTEX_POINT('',#4633);
#1409=VERTEX_POINT('',#4638);
#1410=VERTEX_POINT('',#4642);
#1411=VERTEX_POINT('',#4643);
#1412=VERTEX_POINT('',#4648);
#1413=VERTEX_POINT('',#4652);
#1414=VERTEX_POINT('',#4662);
#1415=VERTEX_POINT('',#4664);
#1416=VERTEX_POINT('',#4668);
#1417=VERTEX_POINT('',#4672);
#1418=VERTEX_POINT('',#4676);
#1419=VERTEX_POINT('',#4680);
#1420=VERTEX_POINT('',#4684);
#1421=VERTEX_POINT('',#4686);
#1422=VERTEX_POINT('',#4690);
#1423=VERTEX_POINT('',#4694);
#1424=VERTEX_POINT('',#4698);
#1425=VERTEX_POINT('',#4704);
#1426=VERTEX_POINT('',#4706);
#1427=VERTEX_POINT('',#4710);
#1428=VERTEX_POINT('',#4714);
#1429=VERTEX_POINT('',#4718);
#1430=VERTEX_POINT('',#4719);
#1431=VERTEX_POINT('',#4721);
#1432=VERTEX_POINT('',#4723);
#1433=VERTEX_POINT('',#4728);
#1434=VERTEX_POINT('',#4732);
#1435=VERTEX_POINT('',#4734);
#1436=VERTEX_POINT('',#4738);
#1437=VERTEX_POINT('',#4740);
#1438=VERTEX_POINT('',#4744);
#1439=VERTEX_POINT('',#4749);
#1440=VERTEX_POINT('',#4753);
#1441=VERTEX_POINT('',#4757);
#1442=VERTEX_POINT('',#4761);
#1443=VERTEX_POINT('',#4771);
#1444=VERTEX_POINT('',#4772);
#1445=VERTEX_POINT('',#4774);
#1446=VERTEX_POINT('',#4776);
#1447=VERTEX_POINT('',#4778);
#1448=VERTEX_POINT('',#4780);
#1449=VERTEX_POINT('',#4782);
#1450=VERTEX_POINT('',#4784);
#1451=VERTEX_POINT('',#4786);
#1452=VERTEX_POINT('',#4788);
#1453=VERTEX_POINT('',#4790);
#1454=VERTEX_POINT('',#4793);
#1455=VERTEX_POINT('',#4795);
#1456=VERTEX_POINT('',#4797);
#1457=VERTEX_POINT('',#4799);
#1458=VERTEX_POINT('',#4801);
#1459=VERTEX_POINT('',#4803);
#1460=VERTEX_POINT('',#4805);
#1461=VERTEX_POINT('',#4807);
#1462=VERTEX_POINT('',#4809);
#1463=VERTEX_POINT('',#4811);
#1464=VERTEX_POINT('',#4813);
#1465=VERTEX_POINT('',#4815);
#1466=VERTEX_POINT('',#4817);
#1467=VERTEX_POINT('',#4819);
#1468=VERTEX_POINT('',#4821);
#1469=VERTEX_POINT('',#4823);
#1470=VERTEX_POINT('',#4825);
#1471=VERTEX_POINT('',#4827);
#1472=VERTEX_POINT('',#4829);
#1473=VERTEX_POINT('',#4831);
#1474=VERTEX_POINT('',#4833);
#1475=VERTEX_POINT('',#4835);
#1476=VERTEX_POINT('',#4837);
#1477=VERTEX_POINT('',#4839);
#1478=VERTEX_POINT('',#4841);
#1479=VERTEX_POINT('',#4843);
#1480=VERTEX_POINT('',#4845);
#1481=VERTEX_POINT('',#4847);
#1482=VERTEX_POINT('',#4850);
#1483=VERTEX_POINT('',#4851);
#1484=VERTEX_POINT('',#4853);
#1485=VERTEX_POINT('',#4855);
#1486=VERTEX_POINT('',#4857);
#1487=VERTEX_POINT('',#4868);
#1488=VERTEX_POINT('',#4876);
#1489=VERTEX_POINT('',#4881);
#1490=VERTEX_POINT('',#4885);
#1491=VERTEX_POINT('',#4889);
#1492=VERTEX_POINT('',#4891);
#1493=VERTEX_POINT('',#4895);
#1494=VERTEX_POINT('',#4899);
#1495=VERTEX_POINT('',#4903);
#1496=VERTEX_POINT('',#4905);
#1497=VERTEX_POINT('',#4909);
#1498=VERTEX_POINT('',#4913);
#1499=VERTEX_POINT('',#4917);
#1500=VERTEX_POINT('',#4919);
#1501=VERTEX_POINT('',#4923);
#1502=VERTEX_POINT('',#4927);
#1503=VERTEX_POINT('',#4931);
#1504=VERTEX_POINT('',#4935);
#1505=VERTEX_POINT('',#4939);
#1506=VERTEX_POINT('',#4943);
#1507=VERTEX_POINT('',#4947);
#1508=VERTEX_POINT('',#4949);
#1509=VERTEX_POINT('',#4953);
#1510=VERTEX_POINT('',#4955);
#1511=VERTEX_POINT('',#4961);
#1512=VERTEX_POINT('',#4969);
#1513=EDGE_CURVE('',#1265,#1266,#413,.T.);
#1514=EDGE_CURVE('',#1266,#1267,#414,.T.);
#1515=EDGE_CURVE('',#1267,#1268,#415,.T.);
#1516=EDGE_CURVE('',#1268,#1265,#416,.T.);
#1517=EDGE_CURVE('',#1268,#1269,#417,.T.);
#1518=EDGE_CURVE('',#1269,#1270,#418,.T.);
#1519=EDGE_CURVE('',#1270,#1265,#419,.T.);
#1520=EDGE_CURVE('',#1269,#1271,#420,.T.);
#1521=EDGE_CURVE('',#1271,#1272,#421,.T.);
#1522=EDGE_CURVE('',#1272,#1270,#422,.T.);
#1523=EDGE_CURVE('',#1273,#1267,#423,.T.);
#1524=EDGE_CURVE('',#1274,#1273,#424,.T.);
#1525=EDGE_CURVE('',#1271,#1274,#425,.T.);
#1526=EDGE_CURVE('',#1275,#1275,#27,.T.);
#1527=EDGE_CURVE('',#1276,#1276,#28,.T.);
#1528=EDGE_CURVE('',#1266,#1277,#426,.T.);
#1529=EDGE_CURVE('',#1277,#1273,#427,.T.);
#1530=EDGE_CURVE('',#1265,#1278,#428,.F.);
#1531=EDGE_CURVE('',#1278,#1279,#429,.T.);
#1532=EDGE_CURVE('',#1280,#1279,#430,.F.);
#1533=EDGE_CURVE('',#1280,#1266,#431,.T.);
#1534=EDGE_CURVE('',#1281,#1281,#29,.T.);
#1535=EDGE_CURVE('',#1281,#1275,#432,.T.);
#1536=EDGE_CURVE('',#1281,#1282,#433,.T.);
#1537=EDGE_CURVE('',#1282,#1282,#30,.T.);
#1538=EDGE_CURVE('',#1283,#1283,#31,.T.);
#1539=EDGE_CURVE('',#1283,#1276,#434,.T.);
#1540=EDGE_CURVE('',#1283,#1284,#435,.T.);
#1541=EDGE_CURVE('',#1284,#1284,#32,.T.);
#1542=EDGE_CURVE('',#1285,#1286,#436,.T.);
#1543=EDGE_CURVE('',#1286,#1287,#437,.T.);
#1544=EDGE_CURVE('',#1287,#1288,#438,.T.);
#1545=EDGE_CURVE('',#1288,#1285,#439,.T.);
#1546=EDGE_CURVE('',#1289,#1290,#440,.T.);
#1547=EDGE_CURVE('',#1290,#1291,#441,.T.);
#1548=EDGE_CURVE('',#1291,#1292,#442,.T.);
#1549=EDGE_CURVE('',#1292,#1289,#443,.T.);
#1550=EDGE_CURVE('',#1290,#1293,#444,.T.);
#1551=EDGE_CURVE('',#1293,#1294,#445,.T.);
#1552=EDGE_CURVE('',#1294,#1291,#446,.T.);
#1553=EDGE_CURVE('',#1293,#1295,#447,.T.);
#1554=EDGE_CURVE('',#1295,#1296,#448,.T.);
#1555=EDGE_CURVE('',#1296,#1294,#449,.T.);
#1556=EDGE_CURVE('',#1297,#1298,#450,.T.);
#1557=EDGE_CURVE('',#1298,#1299,#451,.T.);
#1558=EDGE_CURVE('',#1299,#1300,#452,.T.);
#1559=EDGE_CURVE('',#1300,#1297,#453,.T.);
#1560=EDGE_CURVE('',#1298,#1301,#454,.T.);
#1561=EDGE_CURVE('',#1301,#1302,#455,.T.);
#1562=EDGE_CURVE('',#1302,#1299,#456,.T.);
#1563=EDGE_CURVE('',#1301,#1303,#457,.T.);
#1564=EDGE_CURVE('',#1303,#1304,#458,.T.);
#1565=EDGE_CURVE('',#1304,#1302,#459,.T.);
#1566=EDGE_CURVE('',#1303,#1305,#460,.T.);
#1567=EDGE_CURVE('',#1305,#1306,#461,.T.);
#1568=EDGE_CURVE('',#1306,#1304,#462,.T.);
#1569=EDGE_CURVE('',#1307,#1308,#463,.T.);
#1570=EDGE_CURVE('',#1308,#1309,#464,.T.);
#1571=EDGE_CURVE('',#1309,#1310,#465,.T.);
#1572=EDGE_CURVE('',#1310,#1307,#466,.T.);
#1573=EDGE_CURVE('',#1308,#1311,#467,.T.);
#1574=EDGE_CURVE('',#1311,#1312,#468,.T.);
#1575=EDGE_CURVE('',#1312,#1309,#469,.T.);
#1576=EDGE_CURVE('',#1313,#1314,#470,.T.);
#1577=EDGE_CURVE('',#1314,#1315,#471,.T.);
#1578=EDGE_CURVE('',#1315,#1316,#472,.T.);
#1579=EDGE_CURVE('',#1316,#1313,#473,.T.);
#1580=EDGE_CURVE('',#1317,#1318,#474,.T.);
#1581=EDGE_CURVE('',#1318,#1319,#475,.T.);
#1582=EDGE_CURVE('',#1319,#1320,#476,.T.);
#1583=EDGE_CURVE('',#1320,#1317,#477,.T.);
#1584=EDGE_CURVE('',#1318,#1321,#478,.T.);
#1585=EDGE_CURVE('',#1321,#1322,#479,.T.);
#1586=EDGE_CURVE('',#1322,#1319,#480,.T.);
#1587=EDGE_CURVE('',#1323,#1324,#481,.T.);
#1588=EDGE_CURVE('',#1324,#1325,#482,.T.);
#1589=EDGE_CURVE('',#1325,#1326,#483,.T.);
#1590=EDGE_CURVE('',#1326,#1327,#484,.T.);
#1591=EDGE_CURVE('',#1327,#1323,#485,.T.);
#1592=EDGE_CURVE('',#1321,#1323,#486,.T.);
#1593=EDGE_CURVE('',#1327,#1322,#487,.T.);
#1594=EDGE_CURVE('',#1328,#1317,#488,.T.);
#1595=EDGE_CURVE('',#1320,#1329,#489,.T.);
#1596=EDGE_CURVE('',#1329,#1328,#490,.T.);
#1597=EDGE_CURVE('',#1314,#1328,#491,.T.);
#1598=EDGE_CURVE('',#1329,#1315,#492,.T.);
#1599=EDGE_CURVE('',#1311,#1313,#493,.T.);
#1600=EDGE_CURVE('',#1316,#1312,#494,.T.);
#1601=EDGE_CURVE('',#1305,#1307,#495,.T.);
#1602=EDGE_CURVE('',#1310,#1306,#496,.T.);
#1603=EDGE_CURVE('',#1295,#1297,#497,.T.);
#1604=EDGE_CURVE('',#1300,#1296,#498,.T.);
#1605=EDGE_CURVE('',#1330,#1289,#499,.T.);
#1606=EDGE_CURVE('',#1292,#1331,#500,.T.);
#1607=EDGE_CURVE('',#1331,#1330,#501,.T.);
#1608=EDGE_CURVE('',#1332,#1330,#502,.T.);
#1609=EDGE_CURVE('',#1331,#1333,#503,.T.);
#1610=EDGE_CURVE('',#1333,#1332,#504,.T.);
#1611=EDGE_CURVE('',#1286,#1332,#505,.T.);
#1612=EDGE_CURVE('',#1333,#1287,#506,.T.);
#1613=EDGE_CURVE('',#1288,#1334,#507,.T.);
#1614=EDGE_CURVE('',#1334,#1335,#508,.T.);
#1615=EDGE_CURVE('',#1335,#1336,#509,.T.);
#1616=EDGE_CURVE('',#1336,#1285,#510,.T.);
#1617=EDGE_CURVE('',#1324,#1337,#511,.T.);
#1618=EDGE_CURVE('',#1337,#1338,#512,.T.);
#1619=EDGE_CURVE('',#1338,#1339,#513,.T.);
#1620=EDGE_CURVE('',#1325,#1339,#514,.T.);
#1621=EDGE_CURVE('',#1340,#1336,#515,.T.);
#1622=EDGE_CURVE('',#1341,#1340,#516,.T.);
#1623=EDGE_CURVE('',#1342,#1341,#517,.T.);
#1624=EDGE_CURVE('',#1343,#1342,#518,.T.);
#1625=EDGE_CURVE('',#1344,#1343,#519,.T.);
#1626=EDGE_CURVE('',#1345,#1344,#520,.T.);
#1627=EDGE_CURVE('',#1272,#1345,#521,.T.);
#1628=EDGE_CURVE('',#1346,#1272,#522,.T.);
#1629=EDGE_CURVE('',#1347,#1346,#523,.T.);
#1630=EDGE_CURVE('',#1348,#1347,#524,.T.);
#1631=EDGE_CURVE('',#1349,#1348,#525,.T.);
#1632=EDGE_CURVE('',#1350,#1349,#526,.T.);
#1633=EDGE_CURVE('',#1351,#1350,#527,.T.);
#1634=EDGE_CURVE('',#1352,#1351,#528,.T.);
#1635=EDGE_CURVE('',#1353,#1352,#529,.T.);
#1636=EDGE_CURVE('',#1354,#1353,#530,.T.);
#1637=EDGE_CURVE('',#1337,#1354,#531,.T.);
#1638=EDGE_CURVE('',#1355,#1356,#532,.T.);
#1639=EDGE_CURVE('',#1357,#1355,#533,.T.);
#1640=EDGE_CURVE('',#1358,#1357,#534,.T.);
#1641=EDGE_CURVE('',#1359,#1358,#535,.T.);
#1642=EDGE_CURVE('',#1360,#1359,#536,.T.);
#1643=EDGE_CURVE('',#1361,#1360,#537,.T.);
#1644=EDGE_CURVE('',#1362,#1361,#538,.T.);
#1645=EDGE_CURVE('',#1363,#1362,#539,.T.);
#1646=EDGE_CURVE('',#1364,#1363,#540,.T.);
#1647=EDGE_CURVE('',#1356,#1364,#541,.T.);
#1648=EDGE_CURVE('',#1365,#1366,#542,.T.);
#1649=EDGE_CURVE('',#1367,#1365,#543,.T.);
#1650=EDGE_CURVE('',#1368,#1367,#544,.T.);
#1651=EDGE_CURVE('',#1369,#1368,#545,.T.);
#1652=EDGE_CURVE('',#1366,#1369,#546,.T.);
#1653=EDGE_CURVE('',#1335,#1370,#547,.T.);
#1654=EDGE_CURVE('',#1370,#1371,#548,.T.);
#1655=EDGE_CURVE('',#1371,#1340,#549,.T.);
#1656=EDGE_CURVE('',#1339,#1326,#550,.T.);
#1657=EDGE_CURVE('',#1354,#1372,#551,.T.);
#1658=EDGE_CURVE('',#1372,#1338,#552,.T.);
#1659=EDGE_CURVE('',#1353,#1373,#553,.T.);
#1660=EDGE_CURVE('',#1373,#1372,#554,.T.);
#1661=EDGE_CURVE('',#1351,#1374,#555,.T.);
#1662=EDGE_CURVE('',#1374,#1375,#556,.T.);
#1663=EDGE_CURVE('',#1375,#1352,#557,.T.);
#1664=EDGE_CURVE('',#1350,#1376,#558,.T.);
#1665=EDGE_CURVE('',#1376,#1374,#559,.T.);
#1666=EDGE_CURVE('',#1348,#1377,#560,.T.);
#1667=EDGE_CURVE('',#1377,#1378,#561,.T.);
#1668=EDGE_CURVE('',#1378,#1349,#562,.T.);
#1669=EDGE_CURVE('',#1347,#1379,#563,.T.);
#1670=EDGE_CURVE('',#1379,#1377,#564,.T.);
#1671=EDGE_CURVE('',#1274,#1346,#565,.T.);
#1672=EDGE_CURVE('',#1345,#1380,#566,.T.);
#1673=EDGE_CURVE('',#1381,#1380,#567,.T.);
#1674=EDGE_CURVE('',#1381,#1270,#568,.F.);
#1675=EDGE_CURVE('',#1344,#1382,#569,.T.);
#1676=EDGE_CURVE('',#1382,#1380,#570,.T.);
#1677=EDGE_CURVE('',#1343,#1383,#571,.T.);
#1678=EDGE_CURVE('',#1383,#1382,#572,.T.);
#1679=EDGE_CURVE('',#1341,#1384,#573,.T.);
#1680=EDGE_CURVE('',#1384,#1385,#574,.T.);
#1681=EDGE_CURVE('',#1385,#1342,#575,.T.);
#1682=EDGE_CURVE('',#1334,#1370,#576,.T.);
#1683=EDGE_CURVE('',#1371,#1384,#577,.T.);
#1684=EDGE_CURVE('',#1385,#1383,#578,.T.);
#1685=EDGE_CURVE('',#1274,#1379,#579,.T.);
#1686=EDGE_CURVE('',#1378,#1376,#580,.T.);
#1687=EDGE_CURVE('',#1375,#1373,#581,.T.);
#1688=EDGE_CURVE('',#1326,#1386,#582,.T.);
#1689=EDGE_CURVE('',#1387,#1386,#583,.T.);
#1690=EDGE_CURVE('',#1327,#1387,#584,.T.);
#1691=EDGE_CURVE('',#1388,#1339,#585,.T.);
#1692=EDGE_CURVE('',#1386,#1388,#586,.T.);
#1693=EDGE_CURVE('',#1338,#1389,#587,.T.);
#1694=EDGE_CURVE('',#1388,#1389,#588,.T.);
#1695=EDGE_CURVE('',#1390,#1372,#589,.T.);
#1696=EDGE_CURVE('',#1389,#1390,#590,.T.);
#1697=EDGE_CURVE('',#1391,#1373,#591,.T.);
#1698=EDGE_CURVE('',#1390,#1391,#592,.T.);
#1699=EDGE_CURVE('',#1375,#1392,#593,.T.);
#1700=EDGE_CURVE('',#1391,#1392,#594,.T.);
#1701=EDGE_CURVE('',#1393,#1374,#595,.T.);
#1702=EDGE_CURVE('',#1392,#1393,#596,.T.);
#1703=EDGE_CURVE('',#1376,#1394,#597,.T.);
#1704=EDGE_CURVE('',#1393,#1394,#598,.T.);
#1705=EDGE_CURVE('',#1395,#1378,#599,.T.);
#1706=EDGE_CURVE('',#1394,#1395,#600,.T.);
#1707=EDGE_CURVE('',#1377,#1396,#601,.T.);
#1708=EDGE_CURVE('',#1395,#1396,#602,.T.);
#1709=EDGE_CURVE('',#1379,#1397,#603,.T.);
#1710=EDGE_CURVE('',#1396,#1397,#604,.T.);
#1711=EDGE_CURVE('',#1397,#1273,#605,.T.);
#1712=EDGE_CURVE('',#1278,#1381,#606,.T.);
#1713=EDGE_CURVE('',#1382,#1398,#607,.T.);
#1714=EDGE_CURVE('',#1279,#1398,#608,.T.);
#1715=EDGE_CURVE('',#1399,#1383,#609,.T.);
#1716=EDGE_CURVE('',#1398,#1399,#610,.T.);
#1717=EDGE_CURVE('',#1385,#1400,#611,.T.);
#1718=EDGE_CURVE('',#1399,#1400,#612,.T.);
#1719=EDGE_CURVE('',#1401,#1384,#613,.T.);
#1720=EDGE_CURVE('',#1400,#1401,#614,.T.);
#1721=EDGE_CURVE('',#1371,#1402,#615,.T.);
#1722=EDGE_CURVE('',#1401,#1402,#616,.T.);
#1723=EDGE_CURVE('',#1370,#1403,#617,.T.);
#1724=EDGE_CURVE('',#1402,#1403,#618,.T.);
#1725=EDGE_CURVE('',#1404,#1405,#619,.T.);
#1726=EDGE_CURVE('',#1405,#1362,#620,.T.);
#1727=EDGE_CURVE('',#1361,#1404,#621,.T.);
#1728=EDGE_CURVE('',#1360,#1406,#622,.T.);
#1729=EDGE_CURVE('',#1406,#1404,#623,.T.);
#1730=EDGE_CURVE('',#1407,#1408,#624,.T.);
#1731=EDGE_CURVE('',#1408,#1364,#625,.T.);
#1732=EDGE_CURVE('',#1363,#1407,#626,.T.);
#1733=EDGE_CURVE('',#1359,#1409,#627,.T.);
#1734=EDGE_CURVE('',#1409,#1406,#628,.T.);
#1735=EDGE_CURVE('',#1410,#1411,#629,.T.);
#1736=EDGE_CURVE('',#1411,#1355,#630,.T.);
#1737=EDGE_CURVE('',#1356,#1410,#631,.T.);
#1738=EDGE_CURVE('',#1411,#1412,#632,.T.);
#1739=EDGE_CURVE('',#1412,#1357,#633,.T.);
#1740=EDGE_CURVE('',#1412,#1413,#634,.T.);
#1741=EDGE_CURVE('',#1413,#1358,#635,.T.);
#1742=EDGE_CURVE('',#1413,#1409,#636,.T.);
#1743=EDGE_CURVE('',#1408,#1410,#637,.T.);
#1744=EDGE_CURVE('',#1405,#1407,#638,.T.);
#1745=EDGE_CURVE('',#1414,#1409,#639,.T.);
#1746=EDGE_CURVE('',#1415,#1414,#640,.T.);
#1747=EDGE_CURVE('',#1406,#1415,#641,.T.);
#1748=EDGE_CURVE('',#1413,#1416,#642,.T.);
#1749=EDGE_CURVE('',#1414,#1416,#643,.T.);
#1750=EDGE_CURVE('',#1417,#1412,#644,.T.);
#1751=EDGE_CURVE('',#1416,#1417,#645,.T.);
#1752=EDGE_CURVE('',#1411,#1418,#646,.T.);
#1753=EDGE_CURVE('',#1417,#1418,#647,.T.);
#1754=EDGE_CURVE('',#1410,#1419,#648,.T.);
#1755=EDGE_CURVE('',#1418,#1419,#649,.T.);
#1756=EDGE_CURVE('',#1366,#1420,#650,.T.);
#1757=EDGE_CURVE('',#1420,#1421,#651,.T.);
#1758=EDGE_CURVE('',#1365,#1421,#652,.T.);
#1759=EDGE_CURVE('',#1369,#1422,#653,.T.);
#1760=EDGE_CURVE('',#1422,#1420,#654,.T.);
#1761=EDGE_CURVE('',#1423,#1422,#655,.T.);
#1762=EDGE_CURVE('',#1368,#1423,#656,.T.);
#1763=EDGE_CURVE('',#1424,#1423,#657,.T.);
#1764=EDGE_CURVE('',#1367,#1424,#658,.T.);
#1765=EDGE_CURVE('',#1421,#1424,#659,.T.);
#1766=EDGE_CURVE('',#1424,#1425,#660,.T.);
#1767=EDGE_CURVE('',#1426,#1425,#661,.T.);
#1768=EDGE_CURVE('',#1423,#1426,#662,.T.);
#1769=EDGE_CURVE('',#1421,#1427,#663,.T.);
#1770=EDGE_CURVE('',#1425,#1427,#664,.T.);
#1771=EDGE_CURVE('',#1420,#1428,#665,.T.);
#1772=EDGE_CURVE('',#1427,#1428,#666,.T.);
#1773=EDGE_CURVE('',#1429,#1430,#667,.T.);
#1774=EDGE_CURVE('',#1430,#1431,#668,.T.);
#1775=EDGE_CURVE('',#1431,#1432,#669,.T.);
#1776=EDGE_CURVE('',#1432,#1429,#670,.T.);
#1777=EDGE_CURVE('',#1432,#1415,#671,.T.);
#1778=EDGE_CURVE('',#1415,#1433,#672,.T.);
#1779=EDGE_CURVE('',#1433,#1429,#673,.T.);
#1780=EDGE_CURVE('',#1430,#1434,#674,.T.);
#1781=EDGE_CURVE('',#1434,#1435,#675,.T.);
#1782=EDGE_CURVE('',#1435,#1431,#676,.T.);
#1783=EDGE_CURVE('',#1434,#1436,#677,.T.);
#1784=EDGE_CURVE('',#1436,#1437,#678,.T.);
#1785=EDGE_CURVE('',#1437,#1435,#679,.T.);
#1786=EDGE_CURVE('',#1436,#1438,#680,.T.);
#1787=EDGE_CURVE('',#1438,#1419,#681,.T.);
#1788=EDGE_CURVE('',#1419,#1437,#682,.T.);
#1789=EDGE_CURVE('',#1438,#1439,#683,.T.);
#1790=EDGE_CURVE('',#1439,#1418,#684,.T.);
#1791=EDGE_CURVE('',#1439,#1440,#685,.T.);
#1792=EDGE_CURVE('',#1440,#1417,#686,.T.);
#1793=EDGE_CURVE('',#1440,#1441,#687,.T.);
#1794=EDGE_CURVE('',#1441,#1416,#688,.T.);
#1795=EDGE_CURVE('',#1441,#1442,#689,.T.);
#1796=EDGE_CURVE('',#1442,#1414,#690,.T.);
#1797=EDGE_CURVE('',#1442,#1433,#691,.T.);
#1798=EDGE_CURVE('',#1404,#1432,#692,.T.);
#1799=EDGE_CURVE('',#1431,#1405,#693,.T.);
#1800=EDGE_CURVE('',#1443,#1444,#694,.T.);
#1801=EDGE_CURVE('',#1445,#1443,#695,.T.);
#1802=EDGE_CURVE('',#1446,#1445,#696,.T.);
#1803=EDGE_CURVE('',#1447,#1446,#697,.T.);
#1804=EDGE_CURVE('',#1448,#1447,#698,.T.);
#1805=EDGE_CURVE('',#1449,#1448,#699,.T.);
#1806=EDGE_CURVE('',#1450,#1449,#700,.T.);
#1807=EDGE_CURVE('',#1451,#1450,#701,.T.);
#1808=EDGE_CURVE('',#1452,#1451,#702,.T.);
#1809=EDGE_CURVE('',#1453,#1452,#703,.T.);
#1810=EDGE_CURVE('',#1277,#1453,#704,.T.);
#1811=EDGE_CURVE('',#1454,#1280,#705,.T.);
#1812=EDGE_CURVE('',#1455,#1454,#706,.T.);
#1813=EDGE_CURVE('',#1456,#1455,#707,.T.);
#1814=EDGE_CURVE('',#1457,#1456,#708,.T.);
#1815=EDGE_CURVE('',#1458,#1457,#709,.T.);
#1816=EDGE_CURVE('',#1459,#1458,#710,.T.);
#1817=EDGE_CURVE('',#1460,#1459,#711,.T.);
#1818=EDGE_CURVE('',#1461,#1460,#712,.T.);
#1819=EDGE_CURVE('',#1462,#1461,#713,.T.);
#1820=EDGE_CURVE('',#1463,#1462,#714,.T.);
#1821=EDGE_CURVE('',#1464,#1463,#715,.T.);
#1822=EDGE_CURVE('',#1465,#1464,#716,.T.);
#1823=EDGE_CURVE('',#1466,#1465,#717,.T.);
#1824=EDGE_CURVE('',#1467,#1466,#718,.T.);
#1825=EDGE_CURVE('',#1468,#1467,#719,.T.);
#1826=EDGE_CURVE('',#1469,#1468,#720,.T.);
#1827=EDGE_CURVE('',#1470,#1469,#721,.T.);
#1828=EDGE_CURVE('',#1471,#1470,#722,.T.);
#1829=EDGE_CURVE('',#1472,#1471,#723,.T.);
#1830=EDGE_CURVE('',#1473,#1472,#724,.T.);
#1831=EDGE_CURVE('',#1474,#1473,#725,.T.);
#1832=EDGE_CURVE('',#1475,#1474,#726,.T.);
#1833=EDGE_CURVE('',#1476,#1475,#727,.T.);
#1834=EDGE_CURVE('',#1477,#1476,#728,.T.);
#1835=EDGE_CURVE('',#1478,#1477,#729,.T.);
#1836=EDGE_CURVE('',#1479,#1478,#730,.T.);
#1837=EDGE_CURVE('',#1480,#1479,#731,.T.);
#1838=EDGE_CURVE('',#1481,#1480,#732,.T.);
#1839=EDGE_CURVE('',#1444,#1481,#733,.T.);
#1840=EDGE_CURVE('',#1482,#1483,#734,.T.);
#1841=EDGE_CURVE('',#1484,#1482,#735,.T.);
#1842=EDGE_CURVE('',#1485,#1484,#736,.T.);
#1843=EDGE_CURVE('',#1486,#1485,#737,.T.);
#1844=EDGE_CURVE('',#1483,#1486,#738,.T.);
#1845=EDGE_CURVE('',#1483,#1425,#739,.T.);
#1846=EDGE_CURVE('',#1427,#1482,#740,.T.);
#1847=EDGE_CURVE('',#1428,#1484,#741,.T.);
#1848=EDGE_CURVE('',#1486,#1426,#742,.T.);
#1849=EDGE_CURVE('',#1428,#1487,#743,.T.);
#1850=EDGE_CURVE('',#1487,#1485,#744,.T.);
#1851=EDGE_CURVE('',#1487,#1426,#745,.T.);
#1852=EDGE_CURVE('',#1422,#1487,#746,.T.);
#1853=EDGE_CURVE('',#1386,#1488,#747,.T.);
#1854=EDGE_CURVE('',#1488,#1443,#748,.T.);
#1855=EDGE_CURVE('',#1444,#1387,#749,.T.);
#1856=EDGE_CURVE('',#1481,#1489,#750,.T.);
#1857=EDGE_CURVE('',#1489,#1387,#751,.T.);
#1858=EDGE_CURVE('',#1480,#1490,#752,.T.);
#1859=EDGE_CURVE('',#1490,#1489,#753,.T.);
#1860=EDGE_CURVE('',#1477,#1491,#754,.T.);
#1861=EDGE_CURVE('',#1491,#1492,#755,.T.);
#1862=EDGE_CURVE('',#1492,#1478,#756,.T.);
#1863=EDGE_CURVE('',#1476,#1493,#757,.T.);
#1864=EDGE_CURVE('',#1493,#1491,#758,.T.);
#1865=EDGE_CURVE('',#1475,#1494,#759,.T.);
#1866=EDGE_CURVE('',#1494,#1493,#760,.T.);
#1867=EDGE_CURVE('',#1473,#1495,#761,.T.);
#1868=EDGE_CURVE('',#1495,#1496,#762,.T.);
#1869=EDGE_CURVE('',#1496,#1474,#763,.T.);
#1870=EDGE_CURVE('',#1472,#1497,#764,.T.);
#1871=EDGE_CURVE('',#1497,#1495,#765,.T.);
#1872=EDGE_CURVE('',#1471,#1498,#766,.T.);
#1873=EDGE_CURVE('',#1498,#1497,#767,.T.);
#1874=EDGE_CURVE('',#1468,#1499,#768,.T.);
#1875=EDGE_CURVE('',#1499,#1500,#769,.T.);
#1876=EDGE_CURVE('',#1500,#1469,#770,.T.);
#1877=EDGE_CURVE('',#1467,#1501,#771,.T.);
#1878=EDGE_CURVE('',#1501,#1499,#772,.T.);
#1879=EDGE_CURVE('',#1466,#1502,#773,.T.);
#1880=EDGE_CURVE('',#1502,#1501,#774,.T.);
#1881=EDGE_CURVE('',#1465,#1503,#775,.T.);
#1882=EDGE_CURVE('',#1503,#1502,#776,.T.);
#1883=EDGE_CURVE('',#1464,#1504,#777,.T.);
#1884=EDGE_CURVE('',#1504,#1503,#778,.T.);
#1885=EDGE_CURVE('',#1463,#1505,#779,.T.);
#1886=EDGE_CURVE('',#1505,#1504,#780,.T.);
#1887=EDGE_CURVE('',#1462,#1506,#781,.T.);
#1888=EDGE_CURVE('',#1506,#1505,#782,.T.);
#1889=EDGE_CURVE('',#1460,#1507,#783,.T.);
#1890=EDGE_CURVE('',#1507,#1508,#784,.T.);
#1891=EDGE_CURVE('',#1508,#1461,#785,.T.);
#1892=EDGE_CURVE('',#1459,#1509,#786,.T.);
#1893=EDGE_CURVE('',#1509,#1510,#787,.T.);
#1894=EDGE_CURVE('',#1510,#1507,#788,.T.);
#1895=EDGE_CURVE('',#1508,#1506,#789,.T.);
#1896=EDGE_CURVE('',#1500,#1511,#790,.T.);
#1897=EDGE_CURVE('',#1511,#1470,#791,.T.);
#1898=EDGE_CURVE('',#1511,#1498,#792,.T.);
#1899=EDGE_CURVE('',#1496,#1494,#793,.T.);
#1900=EDGE_CURVE('',#1492,#1512,#794,.T.);
#1901=EDGE_CURVE('',#1512,#1479,#795,.T.);
#1902=EDGE_CURVE('',#1512,#1490,#796,.T.);
#1903=EDGE_CURVE('',#1488,#1388,#797,.T.);
#1904=EDGE_CURVE('',#1489,#1322,#798,.T.);
#1905=EDGE_CURVE('',#1319,#1490,#799,.T.);
#1906=EDGE_CURVE('',#1512,#1320,#800,.T.);
#1907=EDGE_CURVE('',#1329,#1492,#801,.T.);
#1908=EDGE_CURVE('',#1491,#1315,#802,.T.);
#1909=EDGE_CURVE('',#1493,#1316,#803,.T.);
#1910=EDGE_CURVE('',#1312,#1494,#804,.T.);
#1911=EDGE_CURVE('',#1496,#1309,#805,.T.);
#1912=EDGE_CURVE('',#1310,#1495,#806,.T.);
#1913=EDGE_CURVE('',#1497,#1306,#807,.T.);
#1914=EDGE_CURVE('',#1304,#1498,#808,.T.);
#1915=EDGE_CURVE('',#1302,#1511,#809,.T.);
#1916=EDGE_CURVE('',#1500,#1299,#810,.T.);
#1917=EDGE_CURVE('',#1300,#1499,#811,.T.);
#1918=EDGE_CURVE('',#1501,#1296,#812,.T.);
#1919=EDGE_CURVE('',#1294,#1502,#813,.T.);
#1920=EDGE_CURVE('',#1291,#1503,#814,.T.);
#1921=EDGE_CURVE('',#1504,#1292,#815,.T.);
#1922=EDGE_CURVE('',#1505,#1331,#816,.T.);
#1923=EDGE_CURVE('',#1506,#1333,#817,.T.);
#1924=EDGE_CURVE('',#1287,#1508,#818,.T.);
#1925=EDGE_CURVE('',#1507,#1288,#819,.T.);
#1926=EDGE_CURVE('',#1510,#1334,#820,.T.);
#1927=EDGE_CURVE('',#1509,#1403,#821,.T.);
#1928=EDGE_CURVE('',#1403,#1510,#822,.T.);
#1929=EDGE_CURVE('',#1391,#1447,#823,.T.);
#1930=EDGE_CURVE('',#1446,#1390,#824,.T.);
#1931=EDGE_CURVE('',#1394,#1450,#825,.T.);
#1932=EDGE_CURVE('',#1449,#1393,#826,.T.);
#1933=EDGE_CURVE('',#1395,#1451,#827,.T.);
#1934=EDGE_CURVE('',#1401,#1457,#828,.T.);
#1935=EDGE_CURVE('',#1456,#1400,#829,.T.);
#1936=EDGE_CURVE('',#1402,#1458,#830,.T.);
#1937=EDGE_CURVE('',#1455,#1399,#831,.T.);
#1938=EDGE_CURVE('',#1454,#1398,#832,.T.);
#1939=EDGE_CURVE('',#1453,#1397,#833,.T.);
#1940=EDGE_CURVE('',#1452,#1396,#834,.T.);
#1941=EDGE_CURVE('',#1448,#1392,#835,.T.);
#1942=EDGE_CURVE('',#1445,#1389,#836,.T.);
#1943=EDGE_CURVE('',#1437,#1408,#837,.T.);
#1944=EDGE_CURVE('',#1407,#1435,#838,.T.);
#1945=ORIENTED_EDGE('',*,*,#1513,.T.);
#1946=ORIENTED_EDGE('',*,*,#1514,.T.);
#1947=ORIENTED_EDGE('',*,*,#1515,.T.);
#1948=ORIENTED_EDGE('',*,*,#1516,.T.);
#1949=ORIENTED_EDGE('',*,*,#1517,.T.);
#1950=ORIENTED_EDGE('',*,*,#1518,.T.);
#1951=ORIENTED_EDGE('',*,*,#1519,.T.);
#1952=ORIENTED_EDGE('',*,*,#1516,.F.);
#1953=ORIENTED_EDGE('',*,*,#1520,.T.);
#1954=ORIENTED_EDGE('',*,*,#1521,.T.);
#1955=ORIENTED_EDGE('',*,*,#1522,.T.);
#1956=ORIENTED_EDGE('',*,*,#1518,.F.);
#1957=ORIENTED_EDGE('',*,*,#1520,.F.);
#1958=ORIENTED_EDGE('',*,*,#1517,.F.);
#1959=ORIENTED_EDGE('',*,*,#1515,.F.);
#1960=ORIENTED_EDGE('',*,*,#1523,.F.);
#1961=ORIENTED_EDGE('',*,*,#1524,.F.);
#1962=ORIENTED_EDGE('',*,*,#1525,.F.);
#1963=ORIENTED_EDGE('',*,*,#1526,.F.);
#1964=ORIENTED_EDGE('',*,*,#1527,.F.);
#1965=ORIENTED_EDGE('',*,*,#1514,.F.);
#1966=ORIENTED_EDGE('',*,*,#1528,.T.);
#1967=ORIENTED_EDGE('',*,*,#1529,.T.);
#1968=ORIENTED_EDGE('',*,*,#1523,.T.);
#1969=ORIENTED_EDGE('',*,*,#1513,.F.);
#1970=ORIENTED_EDGE('',*,*,#1530,.T.);
#1971=ORIENTED_EDGE('',*,*,#1531,.T.);
#1972=ORIENTED_EDGE('',*,*,#1532,.F.);
#1973=ORIENTED_EDGE('',*,*,#1533,.T.);
#1974=ORIENTED_EDGE('',*,*,#1534,.T.);
#1975=ORIENTED_EDGE('',*,*,#1535,.T.);
#1976=ORIENTED_EDGE('',*,*,#1526,.T.);
#1977=ORIENTED_EDGE('',*,*,#1535,.F.);
#1978=ORIENTED_EDGE('',*,*,#1534,.F.);
#1979=ORIENTED_EDGE('',*,*,#1536,.T.);
#1980=ORIENTED_EDGE('',*,*,#1537,.F.);
#1981=ORIENTED_EDGE('',*,*,#1536,.F.);
#1982=ORIENTED_EDGE('',*,*,#1538,.T.);
#1983=ORIENTED_EDGE('',*,*,#1539,.T.);
#1984=ORIENTED_EDGE('',*,*,#1527,.T.);
#1985=ORIENTED_EDGE('',*,*,#1539,.F.);
#1986=ORIENTED_EDGE('',*,*,#1538,.F.);
#1987=ORIENTED_EDGE('',*,*,#1540,.T.);
#1988=ORIENTED_EDGE('',*,*,#1541,.F.);
#1989=ORIENTED_EDGE('',*,*,#1540,.F.);
#1990=ORIENTED_EDGE('',*,*,#1542,.T.);
#1991=ORIENTED_EDGE('',*,*,#1543,.T.);
#1992=ORIENTED_EDGE('',*,*,#1544,.T.);
#1993=ORIENTED_EDGE('',*,*,#1545,.T.);
#1994=ORIENTED_EDGE('',*,*,#1546,.T.);
#1995=ORIENTED_EDGE('',*,*,#1547,.T.);
#1996=ORIENTED_EDGE('',*,*,#1548,.T.);
#1997=ORIENTED_EDGE('',*,*,#1549,.T.);
#1998=ORIENTED_EDGE('',*,*,#1550,.T.);
#1999=ORIENTED_EDGE('',*,*,#1551,.T.);
#2000=ORIENTED_EDGE('',*,*,#1552,.T.);
#2001=ORIENTED_EDGE('',*,*,#1547,.F.);
#2002=ORIENTED_EDGE('',*,*,#1553,.T.);
#2003=ORIENTED_EDGE('',*,*,#1554,.T.);
#2004=ORIENTED_EDGE('',*,*,#1555,.T.);
#2005=ORIENTED_EDGE('',*,*,#1551,.F.);
#2006=ORIENTED_EDGE('',*,*,#1556,.T.);
#2007=ORIENTED_EDGE('',*,*,#1557,.T.);
#2008=ORIENTED_EDGE('',*,*,#1558,.T.);
#2009=ORIENTED_EDGE('',*,*,#1559,.T.);
#2010=ORIENTED_EDGE('',*,*,#1560,.T.);
#2011=ORIENTED_EDGE('',*,*,#1561,.T.);
#2012=ORIENTED_EDGE('',*,*,#1562,.T.);
#2013=ORIENTED_EDGE('',*,*,#1557,.F.);
#2014=ORIENTED_EDGE('',*,*,#1563,.T.);
#2015=ORIENTED_EDGE('',*,*,#1564,.T.);
#2016=ORIENTED_EDGE('',*,*,#1565,.T.);
#2017=ORIENTED_EDGE('',*,*,#1561,.F.);
#2018=ORIENTED_EDGE('',*,*,#1566,.T.);
#2019=ORIENTED_EDGE('',*,*,#1567,.T.);
#2020=ORIENTED_EDGE('',*,*,#1568,.T.);
#2021=ORIENTED_EDGE('',*,*,#1564,.F.);
#2022=ORIENTED_EDGE('',*,*,#1569,.T.);
#2023=ORIENTED_EDGE('',*,*,#1570,.T.);
#2024=ORIENTED_EDGE('',*,*,#1571,.T.);
#2025=ORIENTED_EDGE('',*,*,#1572,.T.);
#2026=ORIENTED_EDGE('',*,*,#1573,.T.);
#2027=ORIENTED_EDGE('',*,*,#1574,.T.);
#2028=ORIENTED_EDGE('',*,*,#1575,.T.);
#2029=ORIENTED_EDGE('',*,*,#1570,.F.);
#2030=ORIENTED_EDGE('',*,*,#1576,.T.);
#2031=ORIENTED_EDGE('',*,*,#1577,.T.);
#2032=ORIENTED_EDGE('',*,*,#1578,.T.);
#2033=ORIENTED_EDGE('',*,*,#1579,.T.);
#2034=ORIENTED_EDGE('',*,*,#1580,.T.);
#2035=ORIENTED_EDGE('',*,*,#1581,.T.);
#2036=ORIENTED_EDGE('',*,*,#1582,.T.);
#2037=ORIENTED_EDGE('',*,*,#1583,.T.);
#2038=ORIENTED_EDGE('',*,*,#1584,.T.);
#2039=ORIENTED_EDGE('',*,*,#1585,.T.);
#2040=ORIENTED_EDGE('',*,*,#1586,.T.);
#2041=ORIENTED_EDGE('',*,*,#1581,.F.);
#2042=ORIENTED_EDGE('',*,*,#1587,.T.);
#2043=ORIENTED_EDGE('',*,*,#1588,.T.);
#2044=ORIENTED_EDGE('',*,*,#1589,.T.);
#2045=ORIENTED_EDGE('',*,*,#1590,.T.);
#2046=ORIENTED_EDGE('',*,*,#1591,.T.);
#2047=ORIENTED_EDGE('',*,*,#1592,.T.);
#2048=ORIENTED_EDGE('',*,*,#1591,.F.);
#2049=ORIENTED_EDGE('',*,*,#1593,.T.);
#2050=ORIENTED_EDGE('',*,*,#1585,.F.);
#2051=ORIENTED_EDGE('',*,*,#1594,.T.);
#2052=ORIENTED_EDGE('',*,*,#1583,.F.);
#2053=ORIENTED_EDGE('',*,*,#1595,.T.);
#2054=ORIENTED_EDGE('',*,*,#1596,.T.);
#2055=ORIENTED_EDGE('',*,*,#1597,.T.);
#2056=ORIENTED_EDGE('',*,*,#1596,.F.);
#2057=ORIENTED_EDGE('',*,*,#1598,.T.);
#2058=ORIENTED_EDGE('',*,*,#1577,.F.);
#2059=ORIENTED_EDGE('',*,*,#1599,.T.);
#2060=ORIENTED_EDGE('',*,*,#1579,.F.);
#2061=ORIENTED_EDGE('',*,*,#1600,.T.);
#2062=ORIENTED_EDGE('',*,*,#1574,.F.);
#2063=ORIENTED_EDGE('',*,*,#1601,.T.);
#2064=ORIENTED_EDGE('',*,*,#1572,.F.);
#2065=ORIENTED_EDGE('',*,*,#1602,.T.);
#2066=ORIENTED_EDGE('',*,*,#1567,.F.);
#2067=ORIENTED_EDGE('',*,*,#1603,.T.);
#2068=ORIENTED_EDGE('',*,*,#1559,.F.);
#2069=ORIENTED_EDGE('',*,*,#1604,.T.);
#2070=ORIENTED_EDGE('',*,*,#1554,.F.);
#2071=ORIENTED_EDGE('',*,*,#1605,.T.);
#2072=ORIENTED_EDGE('',*,*,#1549,.F.);
#2073=ORIENTED_EDGE('',*,*,#1606,.T.);
#2074=ORIENTED_EDGE('',*,*,#1607,.T.);
#2075=ORIENTED_EDGE('',*,*,#1608,.T.);
#2076=ORIENTED_EDGE('',*,*,#1607,.F.);
#2077=ORIENTED_EDGE('',*,*,#1609,.T.);
#2078=ORIENTED_EDGE('',*,*,#1610,.T.);
#2079=ORIENTED_EDGE('',*,*,#1611,.T.);
#2080=ORIENTED_EDGE('',*,*,#1610,.F.);
#2081=ORIENTED_EDGE('',*,*,#1612,.T.);
#2082=ORIENTED_EDGE('',*,*,#1543,.F.);
#2083=ORIENTED_EDGE('',*,*,#1613,.T.);
#2084=ORIENTED_EDGE('',*,*,#1614,.T.);
#2085=ORIENTED_EDGE('',*,*,#1615,.T.);
#2086=ORIENTED_EDGE('',*,*,#1616,.T.);
#2087=ORIENTED_EDGE('',*,*,#1545,.F.);
#2088=ORIENTED_EDGE('',*,*,#1588,.F.);
#2089=ORIENTED_EDGE('',*,*,#1617,.T.);
#2090=ORIENTED_EDGE('',*,*,#1618,.T.);
#2091=ORIENTED_EDGE('',*,*,#1619,.T.);
#2092=ORIENTED_EDGE('',*,*,#1620,.F.);
#2093=ORIENTED_EDGE('',*,*,#1587,.F.);
#2094=ORIENTED_EDGE('',*,*,#1592,.F.);
#2095=ORIENTED_EDGE('',*,*,#1584,.F.);
#2096=ORIENTED_EDGE('',*,*,#1580,.F.);
#2097=ORIENTED_EDGE('',*,*,#1594,.F.);
#2098=ORIENTED_EDGE('',*,*,#1597,.F.);
#2099=ORIENTED_EDGE('',*,*,#1576,.F.);
#2100=ORIENTED_EDGE('',*,*,#1599,.F.);
#2101=ORIENTED_EDGE('',*,*,#1573,.F.);
#2102=ORIENTED_EDGE('',*,*,#1569,.F.);
#2103=ORIENTED_EDGE('',*,*,#1601,.F.);
#2104=ORIENTED_EDGE('',*,*,#1566,.F.);
#2105=ORIENTED_EDGE('',*,*,#1563,.F.);
#2106=ORIENTED_EDGE('',*,*,#1560,.F.);
#2107=ORIENTED_EDGE('',*,*,#1556,.F.);
#2108=ORIENTED_EDGE('',*,*,#1603,.F.);
#2109=ORIENTED_EDGE('',*,*,#1553,.F.);
#2110=ORIENTED_EDGE('',*,*,#1550,.F.);
#2111=ORIENTED_EDGE('',*,*,#1546,.F.);
#2112=ORIENTED_EDGE('',*,*,#1605,.F.);
#2113=ORIENTED_EDGE('',*,*,#1608,.F.);
#2114=ORIENTED_EDGE('',*,*,#1611,.F.);
#2115=ORIENTED_EDGE('',*,*,#1542,.F.);
#2116=ORIENTED_EDGE('',*,*,#1616,.F.);
#2117=ORIENTED_EDGE('',*,*,#1621,.F.);
#2118=ORIENTED_EDGE('',*,*,#1622,.F.);
#2119=ORIENTED_EDGE('',*,*,#1623,.F.);
#2120=ORIENTED_EDGE('',*,*,#1624,.F.);
#2121=ORIENTED_EDGE('',*,*,#1625,.F.);
#2122=ORIENTED_EDGE('',*,*,#1626,.F.);
#2123=ORIENTED_EDGE('',*,*,#1627,.F.);
#2124=ORIENTED_EDGE('',*,*,#1628,.F.);
#2125=ORIENTED_EDGE('',*,*,#1629,.F.);
#2126=ORIENTED_EDGE('',*,*,#1630,.F.);
#2127=ORIENTED_EDGE('',*,*,#1631,.F.);
#2128=ORIENTED_EDGE('',*,*,#1632,.F.);
#2129=ORIENTED_EDGE('',*,*,#1633,.F.);
#2130=ORIENTED_EDGE('',*,*,#1634,.F.);
#2131=ORIENTED_EDGE('',*,*,#1635,.F.);
#2132=ORIENTED_EDGE('',*,*,#1636,.F.);
#2133=ORIENTED_EDGE('',*,*,#1637,.F.);
#2134=ORIENTED_EDGE('',*,*,#1617,.F.);
#2135=ORIENTED_EDGE('',*,*,#1638,.F.);
#2136=ORIENTED_EDGE('',*,*,#1639,.F.);
#2137=ORIENTED_EDGE('',*,*,#1640,.F.);
#2138=ORIENTED_EDGE('',*,*,#1641,.F.);
#2139=ORIENTED_EDGE('',*,*,#1642,.F.);
#2140=ORIENTED_EDGE('',*,*,#1643,.F.);
#2141=ORIENTED_EDGE('',*,*,#1644,.F.);
#2142=ORIENTED_EDGE('',*,*,#1645,.F.);
#2143=ORIENTED_EDGE('',*,*,#1646,.F.);
#2144=ORIENTED_EDGE('',*,*,#1647,.F.);
#2145=ORIENTED_EDGE('',*,*,#1648,.F.);
#2146=ORIENTED_EDGE('',*,*,#1649,.F.);
#2147=ORIENTED_EDGE('',*,*,#1650,.F.);
#2148=ORIENTED_EDGE('',*,*,#1651,.F.);
#2149=ORIENTED_EDGE('',*,*,#1652,.F.);
#2150=ORIENTED_EDGE('',*,*,#1615,.F.);
#2151=ORIENTED_EDGE('',*,*,#1653,.T.);
#2152=ORIENTED_EDGE('',*,*,#1654,.T.);
#2153=ORIENTED_EDGE('',*,*,#1655,.T.);
#2154=ORIENTED_EDGE('',*,*,#1621,.T.);
#2155=ORIENTED_EDGE('',*,*,#1589,.F.);
#2156=ORIENTED_EDGE('',*,*,#1620,.T.);
#2157=ORIENTED_EDGE('',*,*,#1656,.T.);
#2158=ORIENTED_EDGE('',*,*,#1637,.T.);
#2159=ORIENTED_EDGE('',*,*,#1657,.T.);
#2160=ORIENTED_EDGE('',*,*,#1658,.T.);
#2161=ORIENTED_EDGE('',*,*,#1618,.F.);
#2162=ORIENTED_EDGE('',*,*,#1636,.T.);
#2163=ORIENTED_EDGE('',*,*,#1659,.T.);
#2164=ORIENTED_EDGE('',*,*,#1660,.T.);
#2165=ORIENTED_EDGE('',*,*,#1657,.F.);
#2166=ORIENTED_EDGE('',*,*,#1634,.T.);
#2167=ORIENTED_EDGE('',*,*,#1661,.T.);
#2168=ORIENTED_EDGE('',*,*,#1662,.T.);
#2169=ORIENTED_EDGE('',*,*,#1663,.T.);
#2170=ORIENTED_EDGE('',*,*,#1633,.T.);
#2171=ORIENTED_EDGE('',*,*,#1664,.T.);
#2172=ORIENTED_EDGE('',*,*,#1665,.T.);
#2173=ORIENTED_EDGE('',*,*,#1661,.F.);
#2174=ORIENTED_EDGE('',*,*,#1631,.T.);
#2175=ORIENTED_EDGE('',*,*,#1666,.T.);
#2176=ORIENTED_EDGE('',*,*,#1667,.T.);
#2177=ORIENTED_EDGE('',*,*,#1668,.T.);
#2178=ORIENTED_EDGE('',*,*,#1630,.T.);
#2179=ORIENTED_EDGE('',*,*,#1669,.T.);
#2180=ORIENTED_EDGE('',*,*,#1670,.T.);
#2181=ORIENTED_EDGE('',*,*,#1666,.F.);
#2182=ORIENTED_EDGE('',*,*,#1521,.F.);
#2183=ORIENTED_EDGE('',*,*,#1525,.T.);
#2184=ORIENTED_EDGE('',*,*,#1671,.T.);
#2185=ORIENTED_EDGE('',*,*,#1628,.T.);
#2186=ORIENTED_EDGE('',*,*,#1522,.F.);
#2187=ORIENTED_EDGE('',*,*,#1627,.T.);
#2188=ORIENTED_EDGE('',*,*,#1672,.T.);
#2189=ORIENTED_EDGE('',*,*,#1673,.F.);
#2190=ORIENTED_EDGE('',*,*,#1674,.T.);
#2191=ORIENTED_EDGE('',*,*,#1626,.T.);
#2192=ORIENTED_EDGE('',*,*,#1675,.T.);
#2193=ORIENTED_EDGE('',*,*,#1676,.T.);
#2194=ORIENTED_EDGE('',*,*,#1672,.F.);
#2195=ORIENTED_EDGE('',*,*,#1625,.T.);
#2196=ORIENTED_EDGE('',*,*,#1677,.T.);
#2197=ORIENTED_EDGE('',*,*,#1678,.T.);
#2198=ORIENTED_EDGE('',*,*,#1675,.F.);
#2199=ORIENTED_EDGE('',*,*,#1623,.T.);
#2200=ORIENTED_EDGE('',*,*,#1679,.T.);
#2201=ORIENTED_EDGE('',*,*,#1680,.T.);
#2202=ORIENTED_EDGE('',*,*,#1681,.T.);
#2203=ORIENTED_EDGE('',*,*,#1614,.F.);
#2204=ORIENTED_EDGE('',*,*,#1682,.T.);
#2205=ORIENTED_EDGE('',*,*,#1653,.F.);
#2206=ORIENTED_EDGE('',*,*,#1622,.T.);
#2207=ORIENTED_EDGE('',*,*,#1655,.F.);
#2208=ORIENTED_EDGE('',*,*,#1683,.T.);
#2209=ORIENTED_EDGE('',*,*,#1679,.F.);
#2210=ORIENTED_EDGE('',*,*,#1624,.T.);
#2211=ORIENTED_EDGE('',*,*,#1681,.F.);
#2212=ORIENTED_EDGE('',*,*,#1684,.T.);
#2213=ORIENTED_EDGE('',*,*,#1677,.F.);
#2214=ORIENTED_EDGE('',*,*,#1629,.T.);
#2215=ORIENTED_EDGE('',*,*,#1671,.F.);
#2216=ORIENTED_EDGE('',*,*,#1685,.T.);
#2217=ORIENTED_EDGE('',*,*,#1669,.F.);
#2218=ORIENTED_EDGE('',*,*,#1632,.T.);
#2219=ORIENTED_EDGE('',*,*,#1668,.F.);
#2220=ORIENTED_EDGE('',*,*,#1686,.T.);
#2221=ORIENTED_EDGE('',*,*,#1664,.F.);
#2222=ORIENTED_EDGE('',*,*,#1635,.T.);
#2223=ORIENTED_EDGE('',*,*,#1663,.F.);
#2224=ORIENTED_EDGE('',*,*,#1687,.T.);
#2225=ORIENTED_EDGE('',*,*,#1659,.F.);
#2226=ORIENTED_EDGE('',*,*,#1590,.F.);
#2227=ORIENTED_EDGE('',*,*,#1688,.T.);
#2228=ORIENTED_EDGE('',*,*,#1689,.F.);
#2229=ORIENTED_EDGE('',*,*,#1690,.F.);
#2230=ORIENTED_EDGE('',*,*,#1656,.F.);
#2231=ORIENTED_EDGE('',*,*,#1691,.F.);
#2232=ORIENTED_EDGE('',*,*,#1692,.F.);
#2233=ORIENTED_EDGE('',*,*,#1688,.F.);
#2234=ORIENTED_EDGE('',*,*,#1619,.F.);
#2235=ORIENTED_EDGE('',*,*,#1693,.T.);
#2236=ORIENTED_EDGE('',*,*,#1694,.F.);
#2237=ORIENTED_EDGE('',*,*,#1691,.T.);
#2238=ORIENTED_EDGE('',*,*,#1658,.F.);
#2239=ORIENTED_EDGE('',*,*,#1695,.F.);
#2240=ORIENTED_EDGE('',*,*,#1696,.F.);
#2241=ORIENTED_EDGE('',*,*,#1693,.F.);
#2242=ORIENTED_EDGE('',*,*,#1660,.F.);
#2243=ORIENTED_EDGE('',*,*,#1697,.F.);
#2244=ORIENTED_EDGE('',*,*,#1698,.F.);
#2245=ORIENTED_EDGE('',*,*,#1695,.T.);
#2246=ORIENTED_EDGE('',*,*,#1687,.F.);
#2247=ORIENTED_EDGE('',*,*,#1699,.T.);
#2248=ORIENTED_EDGE('',*,*,#1700,.F.);
#2249=ORIENTED_EDGE('',*,*,#1697,.T.);
#2250=ORIENTED_EDGE('',*,*,#1662,.F.);
#2251=ORIENTED_EDGE('',*,*,#1701,.F.);
#2252=ORIENTED_EDGE('',*,*,#1702,.F.);
#2253=ORIENTED_EDGE('',*,*,#1699,.F.);
#2254=ORIENTED_EDGE('',*,*,#1665,.F.);
#2255=ORIENTED_EDGE('',*,*,#1703,.T.);
#2256=ORIENTED_EDGE('',*,*,#1704,.F.);
#2257=ORIENTED_EDGE('',*,*,#1701,.T.);
#2258=ORIENTED_EDGE('',*,*,#1686,.F.);
#2259=ORIENTED_EDGE('',*,*,#1705,.F.);
#2260=ORIENTED_EDGE('',*,*,#1706,.F.);
#2261=ORIENTED_EDGE('',*,*,#1703,.F.);
#2262=ORIENTED_EDGE('',*,*,#1667,.F.);
#2263=ORIENTED_EDGE('',*,*,#1707,.T.);
#2264=ORIENTED_EDGE('',*,*,#1708,.F.);
#2265=ORIENTED_EDGE('',*,*,#1705,.T.);
#2266=ORIENTED_EDGE('',*,*,#1670,.F.);
#2267=ORIENTED_EDGE('',*,*,#1709,.T.);
#2268=ORIENTED_EDGE('',*,*,#1710,.F.);
#2269=ORIENTED_EDGE('',*,*,#1707,.F.);
#2270=ORIENTED_EDGE('',*,*,#1685,.F.);
#2271=ORIENTED_EDGE('',*,*,#1524,.T.);
#2272=ORIENTED_EDGE('',*,*,#1711,.F.);
#2273=ORIENTED_EDGE('',*,*,#1709,.F.);
#2274=ORIENTED_EDGE('',*,*,#1519,.F.);
#2275=ORIENTED_EDGE('',*,*,#1674,.F.);
#2276=ORIENTED_EDGE('',*,*,#1712,.F.);
#2277=ORIENTED_EDGE('',*,*,#1530,.F.);
#2278=ORIENTED_EDGE('',*,*,#1676,.F.);
#2279=ORIENTED_EDGE('',*,*,#1713,.T.);
#2280=ORIENTED_EDGE('',*,*,#1714,.F.);
#2281=ORIENTED_EDGE('',*,*,#1531,.F.);
#2282=ORIENTED_EDGE('',*,*,#1712,.T.);
#2283=ORIENTED_EDGE('',*,*,#1673,.T.);
#2284=ORIENTED_EDGE('',*,*,#1678,.F.);
#2285=ORIENTED_EDGE('',*,*,#1715,.F.);
#2286=ORIENTED_EDGE('',*,*,#1716,.F.);
#2287=ORIENTED_EDGE('',*,*,#1713,.F.);
#2288=ORIENTED_EDGE('',*,*,#1537,.T.);
#2289=ORIENTED_EDGE('',*,*,#1684,.F.);
#2290=ORIENTED_EDGE('',*,*,#1717,.T.);
#2291=ORIENTED_EDGE('',*,*,#1718,.F.);
#2292=ORIENTED_EDGE('',*,*,#1715,.T.);
#2293=ORIENTED_EDGE('',*,*,#1680,.F.);
#2294=ORIENTED_EDGE('',*,*,#1719,.F.);
#2295=ORIENTED_EDGE('',*,*,#1720,.F.);
#2296=ORIENTED_EDGE('',*,*,#1717,.F.);
#2297=ORIENTED_EDGE('',*,*,#1683,.F.);
#2298=ORIENTED_EDGE('',*,*,#1721,.T.);
#2299=ORIENTED_EDGE('',*,*,#1722,.F.);
#2300=ORIENTED_EDGE('',*,*,#1719,.T.);
#2301=ORIENTED_EDGE('',*,*,#1654,.F.);
#2302=ORIENTED_EDGE('',*,*,#1723,.T.);
#2303=ORIENTED_EDGE('',*,*,#1724,.F.);
#2304=ORIENTED_EDGE('',*,*,#1721,.F.);
#2305=ORIENTED_EDGE('',*,*,#1725,.T.);
#2306=ORIENTED_EDGE('',*,*,#1726,.T.);
#2307=ORIENTED_EDGE('',*,*,#1644,.T.);
#2308=ORIENTED_EDGE('',*,*,#1727,.T.);
#2309=ORIENTED_EDGE('',*,*,#1643,.T.);
#2310=ORIENTED_EDGE('',*,*,#1728,.T.);
#2311=ORIENTED_EDGE('',*,*,#1729,.T.);
#2312=ORIENTED_EDGE('',*,*,#1727,.F.);
#2313=ORIENTED_EDGE('',*,*,#1730,.T.);
#2314=ORIENTED_EDGE('',*,*,#1731,.T.);
#2315=ORIENTED_EDGE('',*,*,#1646,.T.);
#2316=ORIENTED_EDGE('',*,*,#1732,.T.);
#2317=ORIENTED_EDGE('',*,*,#1642,.T.);
#2318=ORIENTED_EDGE('',*,*,#1733,.T.);
#2319=ORIENTED_EDGE('',*,*,#1734,.T.);
#2320=ORIENTED_EDGE('',*,*,#1728,.F.);
#2321=ORIENTED_EDGE('',*,*,#1735,.T.);
#2322=ORIENTED_EDGE('',*,*,#1736,.T.);
#2323=ORIENTED_EDGE('',*,*,#1638,.T.);
#2324=ORIENTED_EDGE('',*,*,#1737,.T.);
#2325=ORIENTED_EDGE('',*,*,#1738,.T.);
#2326=ORIENTED_EDGE('',*,*,#1739,.T.);
#2327=ORIENTED_EDGE('',*,*,#1639,.T.);
#2328=ORIENTED_EDGE('',*,*,#1736,.F.);
#2329=ORIENTED_EDGE('',*,*,#1640,.T.);
#2330=ORIENTED_EDGE('',*,*,#1739,.F.);
#2331=ORIENTED_EDGE('',*,*,#1740,.T.);
#2332=ORIENTED_EDGE('',*,*,#1741,.T.);
#2333=ORIENTED_EDGE('',*,*,#1641,.T.);
#2334=ORIENTED_EDGE('',*,*,#1741,.F.);
#2335=ORIENTED_EDGE('',*,*,#1742,.T.);
#2336=ORIENTED_EDGE('',*,*,#1733,.F.);
#2337=ORIENTED_EDGE('',*,*,#1743,.T.);
#2338=ORIENTED_EDGE('',*,*,#1737,.F.);
#2339=ORIENTED_EDGE('',*,*,#1647,.T.);
#2340=ORIENTED_EDGE('',*,*,#1731,.F.);
#2341=ORIENTED_EDGE('',*,*,#1744,.T.);
#2342=ORIENTED_EDGE('',*,*,#1732,.F.);
#2343=ORIENTED_EDGE('',*,*,#1645,.T.);
#2344=ORIENTED_EDGE('',*,*,#1726,.F.);
#2345=ORIENTED_EDGE('',*,*,#1734,.F.);
#2346=ORIENTED_EDGE('',*,*,#1745,.F.);
#2347=ORIENTED_EDGE('',*,*,#1746,.F.);
#2348=ORIENTED_EDGE('',*,*,#1747,.F.);
#2349=ORIENTED_EDGE('',*,*,#1742,.F.);
#2350=ORIENTED_EDGE('',*,*,#1748,.T.);
#2351=ORIENTED_EDGE('',*,*,#1749,.F.);
#2352=ORIENTED_EDGE('',*,*,#1745,.T.);
#2353=ORIENTED_EDGE('',*,*,#1740,.F.);
#2354=ORIENTED_EDGE('',*,*,#1750,.F.);
#2355=ORIENTED_EDGE('',*,*,#1751,.F.);
#2356=ORIENTED_EDGE('',*,*,#1748,.F.);
#2357=ORIENTED_EDGE('',*,*,#1738,.F.);
#2358=ORIENTED_EDGE('',*,*,#1752,.T.);
#2359=ORIENTED_EDGE('',*,*,#1753,.F.);
#2360=ORIENTED_EDGE('',*,*,#1750,.T.);
#2361=ORIENTED_EDGE('',*,*,#1735,.F.);
#2362=ORIENTED_EDGE('',*,*,#1754,.T.);
#2363=ORIENTED_EDGE('',*,*,#1755,.F.);
#2364=ORIENTED_EDGE('',*,*,#1752,.F.);
#2365=ORIENTED_EDGE('',*,*,#1648,.T.);
#2366=ORIENTED_EDGE('',*,*,#1756,.T.);
#2367=ORIENTED_EDGE('',*,*,#1757,.T.);
#2368=ORIENTED_EDGE('',*,*,#1758,.F.);
#2369=ORIENTED_EDGE('',*,*,#1652,.T.);
#2370=ORIENTED_EDGE('',*,*,#1759,.T.);
#2371=ORIENTED_EDGE('',*,*,#1760,.T.);
#2372=ORIENTED_EDGE('',*,*,#1756,.F.);
#2373=ORIENTED_EDGE('',*,*,#1761,.T.);
#2374=ORIENTED_EDGE('',*,*,#1759,.F.);
#2375=ORIENTED_EDGE('',*,*,#1651,.T.);
#2376=ORIENTED_EDGE('',*,*,#1762,.T.);
#2377=ORIENTED_EDGE('',*,*,#1763,.T.);
#2378=ORIENTED_EDGE('',*,*,#1762,.F.);
#2379=ORIENTED_EDGE('',*,*,#1650,.T.);
#2380=ORIENTED_EDGE('',*,*,#1764,.T.);
#2381=ORIENTED_EDGE('',*,*,#1765,.T.);
#2382=ORIENTED_EDGE('',*,*,#1764,.F.);
#2383=ORIENTED_EDGE('',*,*,#1649,.T.);
#2384=ORIENTED_EDGE('',*,*,#1758,.T.);
#2385=ORIENTED_EDGE('',*,*,#1763,.F.);
#2386=ORIENTED_EDGE('',*,*,#1766,.T.);
#2387=ORIENTED_EDGE('',*,*,#1767,.F.);
#2388=ORIENTED_EDGE('',*,*,#1768,.F.);
#2389=ORIENTED_EDGE('',*,*,#1765,.F.);
#2390=ORIENTED_EDGE('',*,*,#1769,.T.);
#2391=ORIENTED_EDGE('',*,*,#1770,.F.);
#2392=ORIENTED_EDGE('',*,*,#1766,.F.);
#2393=ORIENTED_EDGE('',*,*,#1757,.F.);
#2394=ORIENTED_EDGE('',*,*,#1771,.T.);
#2395=ORIENTED_EDGE('',*,*,#1772,.F.);
#2396=ORIENTED_EDGE('',*,*,#1769,.F.);
#2397=ORIENTED_EDGE('',*,*,#1773,.T.);
#2398=ORIENTED_EDGE('',*,*,#1774,.T.);
#2399=ORIENTED_EDGE('',*,*,#1775,.T.);
#2400=ORIENTED_EDGE('',*,*,#1776,.T.);
#2401=ORIENTED_EDGE('',*,*,#1777,.T.);
#2402=ORIENTED_EDGE('',*,*,#1778,.T.);
#2403=ORIENTED_EDGE('',*,*,#1779,.T.);
#2404=ORIENTED_EDGE('',*,*,#1776,.F.);
#2405=ORIENTED_EDGE('',*,*,#1780,.T.);
#2406=ORIENTED_EDGE('',*,*,#1781,.T.);
#2407=ORIENTED_EDGE('',*,*,#1782,.T.);
#2408=ORIENTED_EDGE('',*,*,#1774,.F.);
#2409=ORIENTED_EDGE('',*,*,#1783,.T.);
#2410=ORIENTED_EDGE('',*,*,#1784,.T.);
#2411=ORIENTED_EDGE('',*,*,#1785,.T.);
#2412=ORIENTED_EDGE('',*,*,#1781,.F.);
#2413=ORIENTED_EDGE('',*,*,#1786,.T.);
#2414=ORIENTED_EDGE('',*,*,#1787,.T.);
#2415=ORIENTED_EDGE('',*,*,#1788,.T.);
#2416=ORIENTED_EDGE('',*,*,#1784,.F.);
#2417=ORIENTED_EDGE('',*,*,#1789,.T.);
#2418=ORIENTED_EDGE('',*,*,#1790,.T.);
#2419=ORIENTED_EDGE('',*,*,#1755,.T.);
#2420=ORIENTED_EDGE('',*,*,#1787,.F.);
#2421=ORIENTED_EDGE('',*,*,#1753,.T.);
#2422=ORIENTED_EDGE('',*,*,#1790,.F.);
#2423=ORIENTED_EDGE('',*,*,#1791,.T.);
#2424=ORIENTED_EDGE('',*,*,#1792,.T.);
#2425=ORIENTED_EDGE('',*,*,#1751,.T.);
#2426=ORIENTED_EDGE('',*,*,#1792,.F.);
#2427=ORIENTED_EDGE('',*,*,#1793,.T.);
#2428=ORIENTED_EDGE('',*,*,#1794,.T.);
#2429=ORIENTED_EDGE('',*,*,#1749,.T.);
#2430=ORIENTED_EDGE('',*,*,#1794,.F.);
#2431=ORIENTED_EDGE('',*,*,#1795,.T.);
#2432=ORIENTED_EDGE('',*,*,#1796,.T.);
#2433=ORIENTED_EDGE('',*,*,#1746,.T.);
#2434=ORIENTED_EDGE('',*,*,#1796,.F.);
#2435=ORIENTED_EDGE('',*,*,#1797,.T.);
#2436=ORIENTED_EDGE('',*,*,#1778,.F.);
#2437=ORIENTED_EDGE('',*,*,#1729,.F.);
#2438=ORIENTED_EDGE('',*,*,#1747,.T.);
#2439=ORIENTED_EDGE('',*,*,#1777,.F.);
#2440=ORIENTED_EDGE('',*,*,#1798,.F.);
#2441=ORIENTED_EDGE('',*,*,#1725,.F.);
#2442=ORIENTED_EDGE('',*,*,#1798,.T.);
#2443=ORIENTED_EDGE('',*,*,#1775,.F.);
#2444=ORIENTED_EDGE('',*,*,#1799,.T.);
#2445=ORIENTED_EDGE('',*,*,#1800,.F.);
#2446=ORIENTED_EDGE('',*,*,#1801,.F.);
#2447=ORIENTED_EDGE('',*,*,#1802,.F.);
#2448=ORIENTED_EDGE('',*,*,#1803,.F.);
#2449=ORIENTED_EDGE('',*,*,#1804,.F.);
#2450=ORIENTED_EDGE('',*,*,#1805,.F.);
#2451=ORIENTED_EDGE('',*,*,#1806,.F.);
#2452=ORIENTED_EDGE('',*,*,#1807,.F.);
#2453=ORIENTED_EDGE('',*,*,#1808,.F.);
#2454=ORIENTED_EDGE('',*,*,#1809,.F.);
#2455=ORIENTED_EDGE('',*,*,#1810,.F.);
#2456=ORIENTED_EDGE('',*,*,#1528,.F.);
#2457=ORIENTED_EDGE('',*,*,#1533,.F.);
#2458=ORIENTED_EDGE('',*,*,#1811,.F.);
#2459=ORIENTED_EDGE('',*,*,#1812,.F.);
#2460=ORIENTED_EDGE('',*,*,#1813,.F.);
#2461=ORIENTED_EDGE('',*,*,#1814,.F.);
#2462=ORIENTED_EDGE('',*,*,#1815,.F.);
#2463=ORIENTED_EDGE('',*,*,#1816,.F.);
#2464=ORIENTED_EDGE('',*,*,#1817,.F.);
#2465=ORIENTED_EDGE('',*,*,#1818,.F.);
#2466=ORIENTED_EDGE('',*,*,#1819,.F.);
#2467=ORIENTED_EDGE('',*,*,#1820,.F.);
#2468=ORIENTED_EDGE('',*,*,#1821,.F.);
#2469=ORIENTED_EDGE('',*,*,#1822,.F.);
#2470=ORIENTED_EDGE('',*,*,#1823,.F.);
#2471=ORIENTED_EDGE('',*,*,#1824,.F.);
#2472=ORIENTED_EDGE('',*,*,#1825,.F.);
#2473=ORIENTED_EDGE('',*,*,#1826,.F.);
#2474=ORIENTED_EDGE('',*,*,#1827,.F.);
#2475=ORIENTED_EDGE('',*,*,#1828,.F.);
#2476=ORIENTED_EDGE('',*,*,#1829,.F.);
#2477=ORIENTED_EDGE('',*,*,#1830,.F.);
#2478=ORIENTED_EDGE('',*,*,#1831,.F.);
#2479=ORIENTED_EDGE('',*,*,#1832,.F.);
#2480=ORIENTED_EDGE('',*,*,#1833,.F.);
#2481=ORIENTED_EDGE('',*,*,#1834,.F.);
#2482=ORIENTED_EDGE('',*,*,#1835,.F.);
#2483=ORIENTED_EDGE('',*,*,#1836,.F.);
#2484=ORIENTED_EDGE('',*,*,#1837,.F.);
#2485=ORIENTED_EDGE('',*,*,#1838,.F.);
#2486=ORIENTED_EDGE('',*,*,#1839,.F.);
#2487=ORIENTED_EDGE('',*,*,#1840,.F.);
#2488=ORIENTED_EDGE('',*,*,#1841,.F.);
#2489=ORIENTED_EDGE('',*,*,#1842,.F.);
#2490=ORIENTED_EDGE('',*,*,#1843,.F.);
#2491=ORIENTED_EDGE('',*,*,#1844,.F.);
#2492=ORIENTED_EDGE('',*,*,#1773,.F.);
#2493=ORIENTED_EDGE('',*,*,#1779,.F.);
#2494=ORIENTED_EDGE('',*,*,#1797,.F.);
#2495=ORIENTED_EDGE('',*,*,#1795,.F.);
#2496=ORIENTED_EDGE('',*,*,#1793,.F.);
#2497=ORIENTED_EDGE('',*,*,#1791,.F.);
#2498=ORIENTED_EDGE('',*,*,#1789,.F.);
#2499=ORIENTED_EDGE('',*,*,#1786,.F.);
#2500=ORIENTED_EDGE('',*,*,#1783,.F.);
#2501=ORIENTED_EDGE('',*,*,#1780,.F.);
#2502=ORIENTED_EDGE('',*,*,#1840,.T.);
#2503=ORIENTED_EDGE('',*,*,#1845,.T.);
#2504=ORIENTED_EDGE('',*,*,#1770,.T.);
#2505=ORIENTED_EDGE('',*,*,#1846,.T.);
#2506=ORIENTED_EDGE('',*,*,#1772,.T.);
#2507=ORIENTED_EDGE('',*,*,#1847,.T.);
#2508=ORIENTED_EDGE('',*,*,#1841,.T.);
#2509=ORIENTED_EDGE('',*,*,#1846,.F.);
#2510=ORIENTED_EDGE('',*,*,#1844,.T.);
#2511=ORIENTED_EDGE('',*,*,#1848,.T.);
#2512=ORIENTED_EDGE('',*,*,#1767,.T.);
#2513=ORIENTED_EDGE('',*,*,#1845,.F.);
#2514=ORIENTED_EDGE('',*,*,#1849,.T.);
#2515=ORIENTED_EDGE('',*,*,#1850,.T.);
#2516=ORIENTED_EDGE('',*,*,#1842,.T.);
#2517=ORIENTED_EDGE('',*,*,#1847,.F.);
#2518=ORIENTED_EDGE('',*,*,#1843,.T.);
#2519=ORIENTED_EDGE('',*,*,#1850,.F.);
#2520=ORIENTED_EDGE('',*,*,#1851,.T.);
#2521=ORIENTED_EDGE('',*,*,#1848,.F.);
#2522=ORIENTED_EDGE('',*,*,#1760,.F.);
#2523=ORIENTED_EDGE('',*,*,#1852,.T.);
#2524=ORIENTED_EDGE('',*,*,#1849,.F.);
#2525=ORIENTED_EDGE('',*,*,#1771,.F.);
#2526=ORIENTED_EDGE('',*,*,#1689,.T.);
#2527=ORIENTED_EDGE('',*,*,#1853,.T.);
#2528=ORIENTED_EDGE('',*,*,#1854,.T.);
#2529=ORIENTED_EDGE('',*,*,#1800,.T.);
#2530=ORIENTED_EDGE('',*,*,#1855,.T.);
#2531=ORIENTED_EDGE('',*,*,#1839,.T.);
#2532=ORIENTED_EDGE('',*,*,#1856,.T.);
#2533=ORIENTED_EDGE('',*,*,#1857,.T.);
#2534=ORIENTED_EDGE('',*,*,#1855,.F.);
#2535=ORIENTED_EDGE('',*,*,#1838,.T.);
#2536=ORIENTED_EDGE('',*,*,#1858,.T.);
#2537=ORIENTED_EDGE('',*,*,#1859,.T.);
#2538=ORIENTED_EDGE('',*,*,#1856,.F.);
#2539=ORIENTED_EDGE('',*,*,#1835,.T.);
#2540=ORIENTED_EDGE('',*,*,#1860,.T.);
#2541=ORIENTED_EDGE('',*,*,#1861,.T.);
#2542=ORIENTED_EDGE('',*,*,#1862,.T.);
#2543=ORIENTED_EDGE('',*,*,#1834,.T.);
#2544=ORIENTED_EDGE('',*,*,#1863,.T.);
#2545=ORIENTED_EDGE('',*,*,#1864,.T.);
#2546=ORIENTED_EDGE('',*,*,#1860,.F.);
#2547=ORIENTED_EDGE('',*,*,#1833,.T.);
#2548=ORIENTED_EDGE('',*,*,#1865,.T.);
#2549=ORIENTED_EDGE('',*,*,#1866,.T.);
#2550=ORIENTED_EDGE('',*,*,#1863,.F.);
#2551=ORIENTED_EDGE('',*,*,#1831,.T.);
#2552=ORIENTED_EDGE('',*,*,#1867,.T.);
#2553=ORIENTED_EDGE('',*,*,#1868,.T.);
#2554=ORIENTED_EDGE('',*,*,#1869,.T.);
#2555=ORIENTED_EDGE('',*,*,#1830,.T.);
#2556=ORIENTED_EDGE('',*,*,#1870,.T.);
#2557=ORIENTED_EDGE('',*,*,#1871,.T.);
#2558=ORIENTED_EDGE('',*,*,#1867,.F.);
#2559=ORIENTED_EDGE('',*,*,#1829,.T.);
#2560=ORIENTED_EDGE('',*,*,#1872,.T.);
#2561=ORIENTED_EDGE('',*,*,#1873,.T.);
#2562=ORIENTED_EDGE('',*,*,#1870,.F.);
#2563=ORIENTED_EDGE('',*,*,#1826,.T.);
#2564=ORIENTED_EDGE('',*,*,#1874,.T.);
#2565=ORIENTED_EDGE('',*,*,#1875,.T.);
#2566=ORIENTED_EDGE('',*,*,#1876,.T.);
#2567=ORIENTED_EDGE('',*,*,#1825,.T.);
#2568=ORIENTED_EDGE('',*,*,#1877,.T.);
#2569=ORIENTED_EDGE('',*,*,#1878,.T.);
#2570=ORIENTED_EDGE('',*,*,#1874,.F.);
#2571=ORIENTED_EDGE('',*,*,#1824,.T.);
#2572=ORIENTED_EDGE('',*,*,#1879,.T.);
#2573=ORIENTED_EDGE('',*,*,#1880,.T.);
#2574=ORIENTED_EDGE('',*,*,#1877,.F.);
#2575=ORIENTED_EDGE('',*,*,#1823,.T.);
#2576=ORIENTED_EDGE('',*,*,#1881,.T.);
#2577=ORIENTED_EDGE('',*,*,#1882,.T.);
#2578=ORIENTED_EDGE('',*,*,#1879,.F.);
#2579=ORIENTED_EDGE('',*,*,#1822,.T.);
#2580=ORIENTED_EDGE('',*,*,#1883,.T.);
#2581=ORIENTED_EDGE('',*,*,#1884,.T.);
#2582=ORIENTED_EDGE('',*,*,#1881,.F.);
#2583=ORIENTED_EDGE('',*,*,#1821,.T.);
#2584=ORIENTED_EDGE('',*,*,#1885,.T.);
#2585=ORIENTED_EDGE('',*,*,#1886,.T.);
#2586=ORIENTED_EDGE('',*,*,#1883,.F.);
#2587=ORIENTED_EDGE('',*,*,#1820,.T.);
#2588=ORIENTED_EDGE('',*,*,#1887,.T.);
#2589=ORIENTED_EDGE('',*,*,#1888,.T.);
#2590=ORIENTED_EDGE('',*,*,#1885,.F.);
#2591=ORIENTED_EDGE('',*,*,#1818,.T.);
#2592=ORIENTED_EDGE('',*,*,#1889,.T.);
#2593=ORIENTED_EDGE('',*,*,#1890,.T.);
#2594=ORIENTED_EDGE('',*,*,#1891,.T.);
#2595=ORIENTED_EDGE('',*,*,#1817,.T.);
#2596=ORIENTED_EDGE('',*,*,#1892,.T.);
#2597=ORIENTED_EDGE('',*,*,#1893,.T.);
#2598=ORIENTED_EDGE('',*,*,#1894,.T.);
#2599=ORIENTED_EDGE('',*,*,#1889,.F.);
#2600=ORIENTED_EDGE('',*,*,#1819,.T.);
#2601=ORIENTED_EDGE('',*,*,#1891,.F.);
#2602=ORIENTED_EDGE('',*,*,#1895,.T.);
#2603=ORIENTED_EDGE('',*,*,#1887,.F.);
#2604=ORIENTED_EDGE('',*,*,#1827,.T.);
#2605=ORIENTED_EDGE('',*,*,#1876,.F.);
#2606=ORIENTED_EDGE('',*,*,#1896,.T.);
#2607=ORIENTED_EDGE('',*,*,#1897,.T.);
#2608=ORIENTED_EDGE('',*,*,#1828,.T.);
#2609=ORIENTED_EDGE('',*,*,#1897,.F.);
#2610=ORIENTED_EDGE('',*,*,#1898,.T.);
#2611=ORIENTED_EDGE('',*,*,#1872,.F.);
#2612=ORIENTED_EDGE('',*,*,#1832,.T.);
#2613=ORIENTED_EDGE('',*,*,#1869,.F.);
#2614=ORIENTED_EDGE('',*,*,#1899,.T.);
#2615=ORIENTED_EDGE('',*,*,#1865,.F.);
#2616=ORIENTED_EDGE('',*,*,#1836,.T.);
#2617=ORIENTED_EDGE('',*,*,#1862,.F.);
#2618=ORIENTED_EDGE('',*,*,#1900,.T.);
#2619=ORIENTED_EDGE('',*,*,#1901,.T.);
#2620=ORIENTED_EDGE('',*,*,#1837,.T.);
#2621=ORIENTED_EDGE('',*,*,#1901,.F.);
#2622=ORIENTED_EDGE('',*,*,#1902,.T.);
#2623=ORIENTED_EDGE('',*,*,#1858,.F.);
#2624=ORIENTED_EDGE('',*,*,#1853,.F.);
#2625=ORIENTED_EDGE('',*,*,#1692,.T.);
#2626=ORIENTED_EDGE('',*,*,#1903,.F.);
#2627=ORIENTED_EDGE('',*,*,#1593,.F.);
#2628=ORIENTED_EDGE('',*,*,#1690,.T.);
#2629=ORIENTED_EDGE('',*,*,#1857,.F.);
#2630=ORIENTED_EDGE('',*,*,#1904,.T.);
#2631=ORIENTED_EDGE('',*,*,#1586,.F.);
#2632=ORIENTED_EDGE('',*,*,#1904,.F.);
#2633=ORIENTED_EDGE('',*,*,#1859,.F.);
#2634=ORIENTED_EDGE('',*,*,#1905,.F.);
#2635=ORIENTED_EDGE('',*,*,#1582,.F.);
#2636=ORIENTED_EDGE('',*,*,#1905,.T.);
#2637=ORIENTED_EDGE('',*,*,#1902,.F.);
#2638=ORIENTED_EDGE('',*,*,#1906,.T.);
#2639=ORIENTED_EDGE('',*,*,#1595,.F.);
#2640=ORIENTED_EDGE('',*,*,#1906,.F.);
#2641=ORIENTED_EDGE('',*,*,#1900,.F.);
#2642=ORIENTED_EDGE('',*,*,#1907,.F.);
#2643=ORIENTED_EDGE('',*,*,#1598,.F.);
#2644=ORIENTED_EDGE('',*,*,#1907,.T.);
#2645=ORIENTED_EDGE('',*,*,#1861,.F.);
#2646=ORIENTED_EDGE('',*,*,#1908,.T.);
#2647=ORIENTED_EDGE('',*,*,#1578,.F.);
#2648=ORIENTED_EDGE('',*,*,#1908,.F.);
#2649=ORIENTED_EDGE('',*,*,#1864,.F.);
#2650=ORIENTED_EDGE('',*,*,#1909,.T.);
#2651=ORIENTED_EDGE('',*,*,#1600,.F.);
#2652=ORIENTED_EDGE('',*,*,#1909,.F.);
#2653=ORIENTED_EDGE('',*,*,#1866,.F.);
#2654=ORIENTED_EDGE('',*,*,#1910,.F.);
#2655=ORIENTED_EDGE('',*,*,#1575,.F.);
#2656=ORIENTED_EDGE('',*,*,#1910,.T.);
#2657=ORIENTED_EDGE('',*,*,#1899,.F.);
#2658=ORIENTED_EDGE('',*,*,#1911,.T.);
#2659=ORIENTED_EDGE('',*,*,#1571,.F.);
#2660=ORIENTED_EDGE('',*,*,#1911,.F.);
#2661=ORIENTED_EDGE('',*,*,#1868,.F.);
#2662=ORIENTED_EDGE('',*,*,#1912,.F.);
#2663=ORIENTED_EDGE('',*,*,#1602,.F.);
#2664=ORIENTED_EDGE('',*,*,#1912,.T.);
#2665=ORIENTED_EDGE('',*,*,#1871,.F.);
#2666=ORIENTED_EDGE('',*,*,#1913,.T.);
#2667=ORIENTED_EDGE('',*,*,#1568,.F.);
#2668=ORIENTED_EDGE('',*,*,#1913,.F.);
#2669=ORIENTED_EDGE('',*,*,#1873,.F.);
#2670=ORIENTED_EDGE('',*,*,#1914,.F.);
#2671=ORIENTED_EDGE('',*,*,#1565,.F.);
#2672=ORIENTED_EDGE('',*,*,#1914,.T.);
#2673=ORIENTED_EDGE('',*,*,#1898,.F.);
#2674=ORIENTED_EDGE('',*,*,#1915,.F.);
#2675=ORIENTED_EDGE('',*,*,#1562,.F.);
#2676=ORIENTED_EDGE('',*,*,#1915,.T.);
#2677=ORIENTED_EDGE('',*,*,#1896,.F.);
#2678=ORIENTED_EDGE('',*,*,#1916,.T.);
#2679=ORIENTED_EDGE('',*,*,#1558,.F.);
#2680=ORIENTED_EDGE('',*,*,#1916,.F.);
#2681=ORIENTED_EDGE('',*,*,#1875,.F.);
#2682=ORIENTED_EDGE('',*,*,#1917,.F.);
#2683=ORIENTED_EDGE('',*,*,#1604,.F.);
#2684=ORIENTED_EDGE('',*,*,#1917,.T.);
#2685=ORIENTED_EDGE('',*,*,#1878,.F.);
#2686=ORIENTED_EDGE('',*,*,#1918,.T.);
#2687=ORIENTED_EDGE('',*,*,#1555,.F.);
#2688=ORIENTED_EDGE('',*,*,#1918,.F.);
#2689=ORIENTED_EDGE('',*,*,#1880,.F.);
#2690=ORIENTED_EDGE('',*,*,#1919,.F.);
#2691=ORIENTED_EDGE('',*,*,#1552,.F.);
#2692=ORIENTED_EDGE('',*,*,#1919,.T.);
#2693=ORIENTED_EDGE('',*,*,#1882,.F.);
#2694=ORIENTED_EDGE('',*,*,#1920,.F.);
#2695=ORIENTED_EDGE('',*,*,#1548,.F.);
#2696=ORIENTED_EDGE('',*,*,#1920,.T.);
#2697=ORIENTED_EDGE('',*,*,#1884,.F.);
#2698=ORIENTED_EDGE('',*,*,#1921,.T.);
#2699=ORIENTED_EDGE('',*,*,#1541,.T.);
#2700=ORIENTED_EDGE('',*,*,#1606,.F.);
#2701=ORIENTED_EDGE('',*,*,#1921,.F.);
#2702=ORIENTED_EDGE('',*,*,#1886,.F.);
#2703=ORIENTED_EDGE('',*,*,#1922,.T.);
#2704=ORIENTED_EDGE('',*,*,#1609,.F.);
#2705=ORIENTED_EDGE('',*,*,#1922,.F.);
#2706=ORIENTED_EDGE('',*,*,#1888,.F.);
#2707=ORIENTED_EDGE('',*,*,#1923,.T.);
#2708=ORIENTED_EDGE('',*,*,#1612,.F.);
#2709=ORIENTED_EDGE('',*,*,#1923,.F.);
#2710=ORIENTED_EDGE('',*,*,#1895,.F.);
#2711=ORIENTED_EDGE('',*,*,#1924,.F.);
#2712=ORIENTED_EDGE('',*,*,#1544,.F.);
#2713=ORIENTED_EDGE('',*,*,#1924,.T.);
#2714=ORIENTED_EDGE('',*,*,#1890,.F.);
#2715=ORIENTED_EDGE('',*,*,#1925,.T.);
#2716=ORIENTED_EDGE('',*,*,#1613,.F.);
#2717=ORIENTED_EDGE('',*,*,#1925,.F.);
#2718=ORIENTED_EDGE('',*,*,#1894,.F.);
#2719=ORIENTED_EDGE('',*,*,#1926,.T.);
#2720=ORIENTED_EDGE('',*,*,#1893,.F.);
#2721=ORIENTED_EDGE('',*,*,#1927,.T.);
#2722=ORIENTED_EDGE('',*,*,#1928,.T.);
#2723=ORIENTED_EDGE('',*,*,#1698,.T.);
#2724=ORIENTED_EDGE('',*,*,#1929,.T.);
#2725=ORIENTED_EDGE('',*,*,#1803,.T.);
#2726=ORIENTED_EDGE('',*,*,#1930,.T.);
#2727=ORIENTED_EDGE('',*,*,#1704,.T.);
#2728=ORIENTED_EDGE('',*,*,#1931,.T.);
#2729=ORIENTED_EDGE('',*,*,#1806,.T.);
#2730=ORIENTED_EDGE('',*,*,#1932,.T.);
#2731=ORIENTED_EDGE('',*,*,#1706,.T.);
#2732=ORIENTED_EDGE('',*,*,#1933,.T.);
#2733=ORIENTED_EDGE('',*,*,#1807,.T.);
#2734=ORIENTED_EDGE('',*,*,#1931,.F.);
#2735=ORIENTED_EDGE('',*,*,#1720,.T.);
#2736=ORIENTED_EDGE('',*,*,#1934,.T.);
#2737=ORIENTED_EDGE('',*,*,#1814,.T.);
#2738=ORIENTED_EDGE('',*,*,#1935,.T.);
#2739=ORIENTED_EDGE('',*,*,#1722,.T.);
#2740=ORIENTED_EDGE('',*,*,#1936,.T.);
#2741=ORIENTED_EDGE('',*,*,#1815,.T.);
#2742=ORIENTED_EDGE('',*,*,#1934,.F.);
#2743=ORIENTED_EDGE('',*,*,#1892,.F.);
#2744=ORIENTED_EDGE('',*,*,#1816,.T.);
#2745=ORIENTED_EDGE('',*,*,#1936,.F.);
#2746=ORIENTED_EDGE('',*,*,#1724,.T.);
#2747=ORIENTED_EDGE('',*,*,#1927,.F.);
#2748=ORIENTED_EDGE('',*,*,#1718,.T.);
#2749=ORIENTED_EDGE('',*,*,#1935,.F.);
#2750=ORIENTED_EDGE('',*,*,#1813,.T.);
#2751=ORIENTED_EDGE('',*,*,#1937,.T.);
#2752=ORIENTED_EDGE('',*,*,#1716,.T.);
#2753=ORIENTED_EDGE('',*,*,#1937,.F.);
#2754=ORIENTED_EDGE('',*,*,#1812,.T.);
#2755=ORIENTED_EDGE('',*,*,#1938,.T.);
#2756=ORIENTED_EDGE('',*,*,#1938,.F.);
#2757=ORIENTED_EDGE('',*,*,#1811,.T.);
#2758=ORIENTED_EDGE('',*,*,#1532,.T.);
#2759=ORIENTED_EDGE('',*,*,#1714,.T.);
#2760=ORIENTED_EDGE('',*,*,#1711,.T.);
#2761=ORIENTED_EDGE('',*,*,#1529,.F.);
#2762=ORIENTED_EDGE('',*,*,#1810,.T.);
#2763=ORIENTED_EDGE('',*,*,#1939,.T.);
#2764=ORIENTED_EDGE('',*,*,#1710,.T.);
#2765=ORIENTED_EDGE('',*,*,#1939,.F.);
#2766=ORIENTED_EDGE('',*,*,#1809,.T.);
#2767=ORIENTED_EDGE('',*,*,#1940,.T.);
#2768=ORIENTED_EDGE('',*,*,#1708,.T.);
#2769=ORIENTED_EDGE('',*,*,#1940,.F.);
#2770=ORIENTED_EDGE('',*,*,#1808,.T.);
#2771=ORIENTED_EDGE('',*,*,#1933,.F.);
#2772=ORIENTED_EDGE('',*,*,#1702,.T.);
#2773=ORIENTED_EDGE('',*,*,#1932,.F.);
#2774=ORIENTED_EDGE('',*,*,#1805,.T.);
#2775=ORIENTED_EDGE('',*,*,#1941,.T.);
#2776=ORIENTED_EDGE('',*,*,#1700,.T.);
#2777=ORIENTED_EDGE('',*,*,#1941,.F.);
#2778=ORIENTED_EDGE('',*,*,#1804,.T.);
#2779=ORIENTED_EDGE('',*,*,#1929,.F.);
#2780=ORIENTED_EDGE('',*,*,#1696,.T.);
#2781=ORIENTED_EDGE('',*,*,#1930,.F.);
#2782=ORIENTED_EDGE('',*,*,#1802,.T.);
#2783=ORIENTED_EDGE('',*,*,#1942,.T.);
#2784=ORIENTED_EDGE('',*,*,#1854,.F.);
#2785=ORIENTED_EDGE('',*,*,#1903,.T.);
#2786=ORIENTED_EDGE('',*,*,#1694,.T.);
#2787=ORIENTED_EDGE('',*,*,#1942,.F.);
#2788=ORIENTED_EDGE('',*,*,#1801,.T.);
#2789=ORIENTED_EDGE('',*,*,#1682,.F.);
#2790=ORIENTED_EDGE('',*,*,#1926,.F.);
#2791=ORIENTED_EDGE('',*,*,#1928,.F.);
#2792=ORIENTED_EDGE('',*,*,#1723,.F.);
#2793=ORIENTED_EDGE('',*,*,#1743,.F.);
#2794=ORIENTED_EDGE('',*,*,#1943,.F.);
#2795=ORIENTED_EDGE('',*,*,#1788,.F.);
#2796=ORIENTED_EDGE('',*,*,#1754,.F.);
#2797=ORIENTED_EDGE('',*,*,#1730,.F.);
#2798=ORIENTED_EDGE('',*,*,#1944,.T.);
#2799=ORIENTED_EDGE('',*,*,#1785,.F.);
#2800=ORIENTED_EDGE('',*,*,#1943,.T.);
#2801=ORIENTED_EDGE('',*,*,#1744,.F.);
#2802=ORIENTED_EDGE('',*,*,#1799,.F.);
#2803=ORIENTED_EDGE('',*,*,#1782,.F.);
#2804=ORIENTED_EDGE('',*,*,#1944,.F.);
#2805=ORIENTED_EDGE('',*,*,#1761,.F.);
#2806=ORIENTED_EDGE('',*,*,#1768,.T.);
#2807=ORIENTED_EDGE('',*,*,#1851,.F.);
#2808=ORIENTED_EDGE('',*,*,#1852,.F.);
#2809=PLANE('',#3191);
#2810=PLANE('',#3192);
#2811=PLANE('',#3193);
#2812=PLANE('',#3194);
#2813=PLANE('',#3197);
#2814=PLANE('',#3198);
#2815=PLANE('',#3207);
#2816=PLANE('',#3208);
#2817=PLANE('',#3209);
#2818=PLANE('',#3210);
#2819=PLANE('',#3211);
#2820=PLANE('',#3212);
#2821=PLANE('',#3213);
#2822=PLANE('',#3214);
#2823=PLANE('',#3215);
#2824=PLANE('',#3216);
#2825=PLANE('',#3217);
#2826=PLANE('',#3218);
#2827=PLANE('',#3219);
#2828=PLANE('',#3220);
#2829=PLANE('',#3221);
#2830=PLANE('',#3222);
#2831=PLANE('',#3223);
#2832=PLANE('',#3224);
#2833=PLANE('',#3225);
#2834=PLANE('',#3226);
#2835=PLANE('',#3227);
#2836=PLANE('',#3228);
#2837=PLANE('',#3229);
#2838=PLANE('',#3230);
#2839=PLANE('',#3231);
#2840=PLANE('',#3232);
#2841=PLANE('',#3233);
#2842=PLANE('',#3234);
#2843=PLANE('',#3235);
#2844=PLANE('',#3236);
#2845=PLANE('',#3237);
#2846=PLANE('',#3238);
#2847=PLANE('',#3239);
#2848=PLANE('',#3240);
#2849=PLANE('',#3241);
#2850=PLANE('',#3242);
#2851=PLANE('',#3243);
#2852=PLANE('',#3244);
#2853=PLANE('',#3245);
#2854=PLANE('',#3246);
#2855=PLANE('',#3247);
#2856=PLANE('',#3248);
#2857=PLANE('',#3249);
#2858=PLANE('',#3250);
#2859=PLANE('',#3251);
#2860=PLANE('',#3252);
#2861=PLANE('',#3253);
#2862=PLANE('',#3254);
#2863=PLANE('',#3255);
#2864=PLANE('',#3256);
#2865=PLANE('',#3257);
#2866=PLANE('',#3258);
#2867=PLANE('',#3259);
#2868=PLANE('',#3260);
#2869=PLANE('',#3261);
#2870=PLANE('',#3262);
#2871=PLANE('',#3263);
#2872=PLANE('',#3264);
#2873=PLANE('',#3265);
#2874=PLANE('',#3266);
#2875=PLANE('',#3267);
#2876=PLANE('',#3268);
#2877=PLANE('',#3269);
#2878=PLANE('',#3270);
#2879=PLANE('',#3271);
#2880=PLANE('',#3272);
#2881=PLANE('',#3273);
#2882=PLANE('',#3274);
#2883=PLANE('',#3275);
#2884=PLANE('',#3276);
#2885=PLANE('',#3277);
#2886=PLANE('',#3278);
#2887=PLANE('',#3279);
#2888=PLANE('',#3280);
#2889=PLANE('',#3281);
#2890=PLANE('',#3282);
#2891=PLANE('',#3283);
#2892=PLANE('',#3284);
#2893=PLANE('',#3285);
#2894=PLANE('',#3286);
#2895=PLANE('',#3287);
#2896=PLANE('',#3288);
#2897=PLANE('',#3289);
#2898=PLANE('',#3290);
#2899=PLANE('',#3291);
#2900=PLANE('',#3292);
#2901=PLANE('',#3293);
#2902=PLANE('',#3294);
#2903=PLANE('',#3295);
#2904=PLANE('',#3296);
#2905=PLANE('',#3297);
#2906=PLANE('',#3298);
#2907=PLANE('',#3299);
#2908=PLANE('',#3300);
#2909=PLANE('',#3301);
#2910=PLANE('',#3302);
#2911=PLANE('',#3303);
#2912=PLANE('',#3304);
#2913=PLANE('',#3305);
#2914=PLANE('',#3306);
#2915=PLANE('',#3307);
#2916=PLANE('',#3308);
#2917=PLANE('',#3309);
#2918=PLANE('',#3310);
#2919=PLANE('',#3311);
#2920=PLANE('',#3312);
#2921=PLANE('',#3313);
#2922=PLANE('',#3314);
#2923=PLANE('',#3315);
#2924=PLANE('',#3316);
#2925=PLANE('',#3317);
#2926=PLANE('',#3318);
#2927=PLANE('',#3319);
#2928=PLANE('',#3320);
#2929=PLANE('',#3321);
#2930=PLANE('',#3322);
#2931=PLANE('',#3323);
#2932=PLANE('',#3324);
#2933=PLANE('',#3325);
#2934=PLANE('',#3326);
#2935=PLANE('',#3327);
#2936=PLANE('',#3328);
#2937=PLANE('',#3329);
#2938=PLANE('',#3330);
#2939=PLANE('',#3331);
#2940=PLANE('',#3332);
#2941=PLANE('',#3333);
#2942=PLANE('',#3334);
#2943=PLANE('',#3335);
#2944=PLANE('',#3336);
#2945=PLANE('',#3337);
#2946=PLANE('',#3338);
#2947=PLANE('',#3339);
#2948=PLANE('',#3340);
#2949=PLANE('',#3341);
#2950=PLANE('',#3342);
#2951=PLANE('',#3343);
#2952=PLANE('',#3344);
#2953=PLANE('',#3345);
#2954=PLANE('',#3346);
#2955=PLANE('',#3347);
#2956=PLANE('',#3348);
#2957=PLANE('',#3349);
#2958=PLANE('',#3350);
#2959=PLANE('',#3351);
#2960=PLANE('',#3352);
#2961=PLANE('',#3353);
#2962=PLANE('',#3354);
#2963=PLANE('',#3355);
#2964=PLANE('',#3356);
#2965=PLANE('',#3357);
#2966=PLANE('',#3358);
#2967=PLANE('',#3359);
#2968=PLANE('',#3360);
#2969=PLANE('',#3361);
#2970=PLANE('',#3362);
#2971=PLANE('',#3363);
#2972=PLANE('',#3364);
#2973=PLANE('',#3365);
#2974=PLANE('',#3366);
#2975=PLANE('',#3367);
#2976=PLANE('',#3368);
#2977=PLANE('',#3369);
#2978=PLANE('',#3370);
#2979=PLANE('',#3371);
#2980=PLANE('',#3372);
#2981=PLANE('',#3373);
#2982=PLANE('',#3374);
#2983=PLANE('',#3375);
#2984=PLANE('',#3376);
#2985=PLANE('',#3377);
#2986=PLANE('',#3378);
#2987=PLANE('',#3379);
#2988=PLANE('',#3380);
#2989=PLANE('',#3381);
#2990=PLANE('',#3382);
#2991=ADVANCED_FACE('',(#33),#2809,.T.);
#2992=ADVANCED_FACE('',(#34),#2810,.T.);
#2993=ADVANCED_FACE('',(#35),#2811,.T.);
#2994=ADVANCED_FACE('',(#36,#19,#20),#2812,.F.);
#2995=ADVANCED_FACE('',(#37),#2813,.T.);
#2996=ADVANCED_FACE('',(#38),#2814,.T.);
#2997=ADVANCED_FACE('',(#39),#17,.F.);
#2998=ADVANCED_FACE('',(#40),#15,.F.);
#2999=ADVANCED_FACE('',(#41),#18,.F.);
#3000=ADVANCED_FACE('',(#42),#16,.F.);
#3001=ADVANCED_FACE('',(#43),#2815,.T.);
#3002=ADVANCED_FACE('',(#44),#2816,.T.);
#3003=ADVANCED_FACE('',(#45),#2817,.T.);
#3004=ADVANCED_FACE('',(#46),#2818,.T.);
#3005=ADVANCED_FACE('',(#47),#2819,.T.);
#3006=ADVANCED_FACE('',(#48),#2820,.T.);
#3007=ADVANCED_FACE('',(#49),#2821,.T.);
#3008=ADVANCED_FACE('',(#50),#2822,.T.);
#3009=ADVANCED_FACE('',(#51),#2823,.T.);
#3010=ADVANCED_FACE('',(#52),#2824,.T.);
#3011=ADVANCED_FACE('',(#53),#2825,.T.);
#3012=ADVANCED_FACE('',(#54),#2826,.T.);
#3013=ADVANCED_FACE('',(#55),#2827,.T.);
#3014=ADVANCED_FACE('',(#56),#2828,.T.);
#3015=ADVANCED_FACE('',(#57),#2829,.T.);
#3016=ADVANCED_FACE('',(#58),#2830,.T.);
#3017=ADVANCED_FACE('',(#59),#2831,.T.);
#3018=ADVANCED_FACE('',(#60),#2832,.T.);
#3019=ADVANCED_FACE('',(#61),#2833,.T.);
#3020=ADVANCED_FACE('',(#62),#2834,.T.);
#3021=ADVANCED_FACE('',(#63),#2835,.T.);
#3022=ADVANCED_FACE('',(#64),#2836,.T.);
#3023=ADVANCED_FACE('',(#65),#2837,.T.);
#3024=ADVANCED_FACE('',(#66),#2838,.T.);
#3025=ADVANCED_FACE('',(#67),#2839,.T.);
#3026=ADVANCED_FACE('',(#68,#21,#22),#2840,.T.);
#3027=ADVANCED_FACE('',(#69),#2841,.T.);
#3028=ADVANCED_FACE('',(#70),#2842,.T.);
#3029=ADVANCED_FACE('',(#71),#2843,.T.);
#3030=ADVANCED_FACE('',(#72),#2844,.T.);
#3031=ADVANCED_FACE('',(#73),#2845,.T.);
#3032=ADVANCED_FACE('',(#74),#2846,.T.);
#3033=ADVANCED_FACE('',(#75),#2847,.T.);
#3034=ADVANCED_FACE('',(#76),#2848,.T.);
#3035=ADVANCED_FACE('',(#77),#2849,.T.);
#3036=ADVANCED_FACE('',(#78),#2850,.T.);
#3037=ADVANCED_FACE('',(#79),#2851,.T.);
#3038=ADVANCED_FACE('',(#80),#2852,.T.);
#3039=ADVANCED_FACE('',(#81),#2853,.T.);
#3040=ADVANCED_FACE('',(#82),#2854,.T.);
#3041=ADVANCED_FACE('',(#83),#2855,.T.);
#3042=ADVANCED_FACE('',(#84),#2856,.T.);
#3043=ADVANCED_FACE('',(#85),#2857,.T.);
#3044=ADVANCED_FACE('',(#86),#2858,.T.);
#3045=ADVANCED_FACE('',(#87),#2859,.T.);
#3046=ADVANCED_FACE('',(#88),#2860,.T.);
#3047=ADVANCED_FACE('',(#89),#2861,.T.);
#3048=ADVANCED_FACE('',(#90),#2862,.F.);
#3049=ADVANCED_FACE('',(#91),#2863,.T.);
#3050=ADVANCED_FACE('',(#92),#2864,.T.);
#3051=ADVANCED_FACE('',(#93),#2865,.T.);
#3052=ADVANCED_FACE('',(#94),#2866,.T.);
#3053=ADVANCED_FACE('',(#95),#2867,.T.);
#3054=ADVANCED_FACE('',(#96),#2868,.T.);
#3055=ADVANCED_FACE('',(#97),#2869,.T.);
#3056=ADVANCED_FACE('',(#98),#2870,.F.);
#3057=ADVANCED_FACE('',(#99),#2871,.T.);
#3058=ADVANCED_FACE('',(#100),#2872,.F.);
#3059=ADVANCED_FACE('',(#101),#2873,.T.);
#3060=ADVANCED_FACE('',(#102,#23),#2874,.F.);
#3061=ADVANCED_FACE('',(#103),#2875,.T.);
#3062=ADVANCED_FACE('',(#104),#2876,.T.);
#3063=ADVANCED_FACE('',(#105),#2877,.T.);
#3064=ADVANCED_FACE('',(#106),#2878,.T.);
#3065=ADVANCED_FACE('',(#107),#2879,.T.);
#3066=ADVANCED_FACE('',(#108),#2880,.T.);
#3067=ADVANCED_FACE('',(#109),#2881,.T.);
#3068=ADVANCED_FACE('',(#110),#2882,.T.);
#3069=ADVANCED_FACE('',(#111),#2883,.T.);
#3070=ADVANCED_FACE('',(#112),#2884,.T.);
#3071=ADVANCED_FACE('',(#113),#2885,.T.);
#3072=ADVANCED_FACE('',(#114),#2886,.T.);
#3073=ADVANCED_FACE('',(#115),#2887,.T.);
#3074=ADVANCED_FACE('',(#116),#2888,.T.);
#3075=ADVANCED_FACE('',(#117),#2889,.F.);
#3076=ADVANCED_FACE('',(#118),#2890,.T.);
#3077=ADVANCED_FACE('',(#119),#2891,.F.);
#3078=ADVANCED_FACE('',(#120),#2892,.T.);
#3079=ADVANCED_FACE('',(#121),#2893,.F.);
#3080=ADVANCED_FACE('',(#122),#2894,.T.);
#3081=ADVANCED_FACE('',(#123),#2895,.T.);
#3082=ADVANCED_FACE('',(#124),#2896,.T.);
#3083=ADVANCED_FACE('',(#125),#2897,.T.);
#3084=ADVANCED_FACE('',(#126),#2898,.T.);
#3085=ADVANCED_FACE('',(#127),#2899,.F.);
#3086=ADVANCED_FACE('',(#128),#2900,.F.);
#3087=ADVANCED_FACE('',(#129),#2901,.F.);
#3088=ADVANCED_FACE('',(#130),#2902,.T.);
#3089=ADVANCED_FACE('',(#131),#2903,.T.);
#3090=ADVANCED_FACE('',(#132),#2904,.T.);
#3091=ADVANCED_FACE('',(#133),#2905,.T.);
#3092=ADVANCED_FACE('',(#134),#2906,.T.);
#3093=ADVANCED_FACE('',(#135),#2907,.T.);
#3094=ADVANCED_FACE('',(#136),#2908,.T.);
#3095=ADVANCED_FACE('',(#137),#2909,.T.);
#3096=ADVANCED_FACE('',(#138),#2910,.T.);
#3097=ADVANCED_FACE('',(#139),#2911,.T.);
#3098=ADVANCED_FACE('',(#140),#2912,.F.);
#3099=ADVANCED_FACE('',(#141),#2913,.F.);
#3100=ADVANCED_FACE('',(#142,#24,#25),#2914,.T.);
#3101=ADVANCED_FACE('',(#143),#2915,.T.);
#3102=ADVANCED_FACE('',(#144),#2916,.T.);
#3103=ADVANCED_FACE('',(#145),#2917,.T.);
#3104=ADVANCED_FACE('',(#146),#2918,.T.);
#3105=ADVANCED_FACE('',(#147),#2919,.T.);
#3106=ADVANCED_FACE('',(#148),#2920,.F.);
#3107=ADVANCED_FACE('',(#149),#2921,.T.);
#3108=ADVANCED_FACE('',(#150),#2922,.T.);
#3109=ADVANCED_FACE('',(#151),#2923,.T.);
#3110=ADVANCED_FACE('',(#152),#2924,.T.);
#3111=ADVANCED_FACE('',(#153),#2925,.T.);
#3112=ADVANCED_FACE('',(#154),#2926,.T.);
#3113=ADVANCED_FACE('',(#155),#2927,.T.);
#3114=ADVANCED_FACE('',(#156),#2928,.T.);
#3115=ADVANCED_FACE('',(#157),#2929,.T.);
#3116=ADVANCED_FACE('',(#158),#2930,.T.);
#3117=ADVANCED_FACE('',(#159),#2931,.T.);
#3118=ADVANCED_FACE('',(#160),#2932,.T.);
#3119=ADVANCED_FACE('',(#161),#2933,.T.);
#3120=ADVANCED_FACE('',(#162),#2934,.T.);
#3121=ADVANCED_FACE('',(#163),#2935,.T.);
#3122=ADVANCED_FACE('',(#164),#2936,.T.);
#3123=ADVANCED_FACE('',(#165),#2937,.T.);
#3124=ADVANCED_FACE('',(#166),#2938,.T.);
#3125=ADVANCED_FACE('',(#167),#2939,.T.);
#3126=ADVANCED_FACE('',(#168),#2940,.T.);
#3127=ADVANCED_FACE('',(#169),#2941,.T.);
#3128=ADVANCED_FACE('',(#170),#2942,.T.);
#3129=ADVANCED_FACE('',(#171),#2943,.T.);
#3130=ADVANCED_FACE('',(#172),#2944,.T.);
#3131=ADVANCED_FACE('',(#173),#2945,.T.);
#3132=ADVANCED_FACE('',(#174),#2946,.T.);
#3133=ADVANCED_FACE('',(#175),#2947,.T.);
#3134=ADVANCED_FACE('',(#176),#2948,.T.);
#3135=ADVANCED_FACE('',(#177),#2949,.F.);
#3136=ADVANCED_FACE('',(#178),#2950,.T.);
#3137=ADVANCED_FACE('',(#179),#2951,.F.);
#3138=ADVANCED_FACE('',(#180),#2952,.F.);
#3139=ADVANCED_FACE('',(#181),#2953,.T.);
#3140=ADVANCED_FACE('',(#182),#2954,.T.);
#3141=ADVANCED_FACE('',(#183),#2955,.T.);
#3142=ADVANCED_FACE('',(#184),#2956,.F.);
#3143=ADVANCED_FACE('',(#185),#2957,.T.);
#3144=ADVANCED_FACE('',(#186),#2958,.T.);
#3145=ADVANCED_FACE('',(#187),#2959,.T.);
#3146=ADVANCED_FACE('',(#188),#2960,.T.);
#3147=ADVANCED_FACE('',(#189),#2961,.T.);
#3148=ADVANCED_FACE('',(#190),#2962,.T.);
#3149=ADVANCED_FACE('',(#191,#26),#2963,.T.);
#3150=ADVANCED_FACE('',(#192),#2964,.T.);
#3151=ADVANCED_FACE('',(#193),#2965,.T.);
#3152=ADVANCED_FACE('',(#194),#2966,.F.);
#3153=ADVANCED_FACE('',(#195),#2967,.F.);
#3154=ADVANCED_FACE('',(#196),#2968,.T.);
#3155=ADVANCED_FACE('',(#197),#2969,.T.);
#3156=ADVANCED_FACE('',(#198),#2970,.T.);
#3157=ADVANCED_FACE('',(#199),#2971,.T.);
#3158=ADVANCED_FACE('',(#200),#2972,.T.);
#3159=ADVANCED_FACE('',(#201),#2973,.T.);
#3160=ADVANCED_FACE('',(#202),#2974,.T.);
#3161=ADVANCED_FACE('',(#203),#2975,.T.);
#3162=ADVANCED_FACE('',(#204),#2976,.T.);
#3163=ADVANCED_FACE('',(#205),#2977,.T.);
#3164=ADVANCED_FACE('',(#206),#2978,.T.);
#3165=ADVANCED_FACE('',(#207),#2979,.T.);
#3166=ADVANCED_FACE('',(#208),#2980,.T.);
#3167=ADVANCED_FACE('',(#209),#2981,.T.);
#3168=ADVANCED_FACE('',(#210),#2982,.T.);
#3169=ADVANCED_FACE('',(#211),#2983,.T.);
#3170=ADVANCED_FACE('',(#212),#2984,.T.);
#3171=ADVANCED_FACE('',(#213),#2985,.T.);
#3172=ADVANCED_FACE('',(#214),#2986,.F.);
#3173=ADVANCED_FACE('',(#215),#2987,.T.);
#3174=ADVANCED_FACE('',(#216),#2988,.F.);
#3175=ADVANCED_FACE('',(#217),#2989,.T.);
#3176=ADVANCED_FACE('',(#218),#2990,.F.);
#3177=CLOSED_SHELL('',(#2991,#2992,#2993,#2994,#2995,#2996,#2997,#2998,
#2999,#3000,#3001,#3002,#3003,#3004,#3005,#3006,#3007,#3008,#3009,#3010,
#3011,#3012,#3013,#3014,#3015,#3016,#3017,#3018,#3019,#3020,#3021,#3022,
#3023,#3024,#3025,#3026,#3027,#3028,#3029,#3030,#3031,#3032,#3033,#3034,
#3035,#3036,#3037,#3038,#3039,#3040,#3041,#3042,#3043,#3044,#3045,#3046,
#3047,#3048,#3049,#3050,#3051,#3052,#3053,#3054,#3055,#3056,#3057,#3058,
#3059,#3060,#3061,#3062,#3063,#3064,#3065,#3066,#3067,#3068,#3069,#3070,
#3071,#3072,#3073,#3074,#3075,#3076,#3077,#3078,#3079,#3080,#3081,#3082,
#3083,#3084,#3085,#3086,#3087,#3088,#3089,#3090,#3091,#3092,#3093,#3094,
#3095,#3096,#3097,#3098,#3099,#3100,#3101,#3102,#3103,#3104,#3105,#3106,
#3107,#3108,#3109,#3110,#3111,#3112,#3113,#3114,#3115,#3116,#3117,#3118,
#3119,#3120,#3121,#3122,#3123,#3124,#3125,#3126,#3127,#3128,#3129,#3130,
#3131,#3132,#3133,#3134,#3135,#3136,#3137,#3138,#3139,#3140,#3141,#3142,
#3143,#3144,#3145,#3146,#3147,#3148,#3149,#3150,#3151,#3152,#3153,#3154,
#3155,#3156,#3157,#3158,#3159,#3160,#3161,#3162,#3163,#3164,#3165,#3166,
#3167,#3168,#3169,#3170,#3171,#3172,#3173,#3174,#3175,#3176));
#3178=DERIVED_UNIT_ELEMENT(#3180,1.);
#3179=DERIVED_UNIT_ELEMENT(#5067,-3.);
#3180=(
MASS_UNIT()
NAMED_UNIT(*)
SI_UNIT(.KILO.,.GRAM.)
);
#3181=DERIVED_UNIT((#3178,#3179));
#3182=MEASURE_REPRESENTATION_ITEM('density measure',
POSITIVE_RATIO_MEASURE(7850.),#3181);
#3183=PROPERTY_DEFINITION_REPRESENTATION(#3188,#3185);
#3184=PROPERTY_DEFINITION_REPRESENTATION(#3189,#3186);
#3185=REPRESENTATION('material name',(#3187),#5064);
#3186=REPRESENTATION('density',(#3182),#5064);
#3187=DESCRIPTIVE_REPRESENTATION_ITEM('Steel','Steel');
#3188=PROPERTY_DEFINITION('material property','material name',#5074);
#3189=PROPERTY_DEFINITION('material property','density of part',#5074);
#3190=AXIS2_PLACEMENT_3D('',#4195,#3383,#3384);
#3191=AXIS2_PLACEMENT_3D('',#4196,#3385,#3386);
#3192=AXIS2_PLACEMENT_3D('',#4205,#3391,#3392);
#3193=AXIS2_PLACEMENT_3D('',#4211,#3396,#3397);
#3194=AXIS2_PLACEMENT_3D('',#4217,#3401,#3402);
#3195=AXIS2_PLACEMENT_3D('',#4224,#3406,#3407);
#3196=AXIS2_PLACEMENT_3D('',#4226,#3408,#3409);
#3197=AXIS2_PLACEMENT_3D('',#4227,#3410,#3411);
#3198=AXIS2_PLACEMENT_3D('',#4231,#3414,#3415);
#3199=AXIS2_PLACEMENT_3D('',#4239,#3420,#3421);
#3200=AXIS2_PLACEMENT_3D('',#4241,#3422,#3423);
#3201=AXIS2_PLACEMENT_3D('',#4243,#3425,#3426);
#3202=AXIS2_PLACEMENT_3D('',#4246,#3428,#3429);
#3203=AXIS2_PLACEMENT_3D('',#4247,#3430,#3431);
#3204=AXIS2_PLACEMENT_3D('',#4249,#3432,#3433);
#3205=AXIS2_PLACEMENT_3D('',#4251,#3435,#3436);
#3206=AXIS2_PLACEMENT_3D('',#4254,#3438,#3439);
#3207=AXIS2_PLACEMENT_3D('',#4255,#3440,#3441);
#3208=AXIS2_PLACEMENT_3D('',#4264,#3446,#3447);
#3209=AXIS2_PLACEMENT_3D('',#4273,#3452,#3453);
#3210=AXIS2_PLACEMENT_3D('',#4279,#3457,#3458);
#3211=AXIS2_PLACEMENT_3D('',#4285,#3462,#3463);
#3212=AXIS2_PLACEMENT_3D('',#4294,#3468,#3469);
#3213=AXIS2_PLACEMENT_3D('',#4300,#3473,#3474);
#3214=AXIS2_PLACEMENT_3D('',#4306,#3478,#3479);
#3215=AXIS2_PLACEMENT_3D('',#4312,#3483,#3484);
#3216=AXIS2_PLACEMENT_3D('',#4321,#3489,#3490);
#3217=AXIS2_PLACEMENT_3D('',#4327,#3494,#3495);
#3218=AXIS2_PLACEMENT_3D('',#4336,#3500,#3501);
#3219=AXIS2_PLACEMENT_3D('',#4345,#3506,#3507);
#3220=AXIS2_PLACEMENT_3D('',#4351,#3511,#3512);
#3221=AXIS2_PLACEMENT_3D('',#4362,#3518,#3519);
#3222=AXIS2_PLACEMENT_3D('',#4365,#3522,#3523);
#3223=AXIS2_PLACEMENT_3D('',#4371,#3527,#3528);
#3224=AXIS2_PLACEMENT_3D('',#4374,#3531,#3532);
#3225=AXIS2_PLACEMENT_3D('',#4377,#3535,#3536);
#3226=AXIS2_PLACEMENT_3D('',#4380,#3539,#3540);
#3227=AXIS2_PLACEMENT_3D('',#4383,#3543,#3544);
#3228=AXIS2_PLACEMENT_3D('',#4389,#3548,#3549);
#3229=AXIS2_PLACEMENT_3D('',#4395,#3553,#3554);
#3230=AXIS2_PLACEMENT_3D('',#4398,#3557,#3558);
#3231=AXIS2_PLACEMENT_3D('',#4406,#3563,#3564);
#3232=AXIS2_PLACEMENT_3D('',#4414,#3569,#3570);
#3233=AXIS2_PLACEMENT_3D('',#4477,#3603,#3604);
#3234=AXIS2_PLACEMENT_3D('',#4483,#3608,#3609);
#3235=AXIS2_PLACEMENT_3D('',#4485,#3611,#3612);
#3236=AXIS2_PLACEMENT_3D('',#4489,#3615,#3616);
#3237=AXIS2_PLACEMENT_3D('',#4493,#3619,#3620);
#3238=AXIS2_PLACEMENT_3D('',#4499,#3624,#3625);
#3239=AXIS2_PLACEMENT_3D('',#4503,#3628,#3629);
#3240=AXIS2_PLACEMENT_3D('',#4509,#3633,#3634);
#3241=AXIS2_PLACEMENT_3D('',#4513,#3637,#3638);
#3242=AXIS2_PLACEMENT_3D('',#4515,#3640,#3641);
#3243=AXIS2_PLACEMENT_3D('',#4521,#3645,#3646);
#3244=AXIS2_PLACEMENT_3D('',#4525,#3649,#3650);
#3245=AXIS2_PLACEMENT_3D('',#4529,#3653,#3654);
#3246=AXIS2_PLACEMENT_3D('',#4535,#3658,#3659);
#3247=AXIS2_PLACEMENT_3D('',#4537,#3661,#3662);
#3248=AXIS2_PLACEMENT_3D('',#4539,#3664,#3665);
#3249=AXIS2_PLACEMENT_3D('',#4541,#3667,#3668);
#3250=AXIS2_PLACEMENT_3D('',#4543,#3670,#3671);
#3251=AXIS2_PLACEMENT_3D('',#4545,#3673,#3674);
#3252=AXIS2_PLACEMENT_3D('',#4547,#3676,#3677);
#3253=AXIS2_PLACEMENT_3D('',#4553,#3681,#3682);
#3254=AXIS2_PLACEMENT_3D('',#4557,#3685,#3686);
#3255=AXIS2_PLACEMENT_3D('',#4561,#3689,#3690);
#3256=AXIS2_PLACEMENT_3D('',#4565,#3693,#3694);
#3257=AXIS2_PLACEMENT_3D('',#4569,#3697,#3698);
#3258=AXIS2_PLACEMENT_3D('',#4573,#3701,#3702);
#3259=AXIS2_PLACEMENT_3D('',#4577,#3705,#3706);
#3260=AXIS2_PLACEMENT_3D('',#4581,#3709,#3710);
#3261=AXIS2_PLACEMENT_3D('',#4585,#3713,#3714);
#3262=AXIS2_PLACEMENT_3D('',#4589,#3717,#3718);
#3263=AXIS2_PLACEMENT_3D('',#4593,#3721,#3722);
#3264=AXIS2_PLACEMENT_3D('',#4595,#3724,#3725);
#3265=AXIS2_PLACEMENT_3D('',#4597,#3727,#3728);
#3266=AXIS2_PLACEMENT_3D('',#4601,#3731,#3732);
#3267=AXIS2_PLACEMENT_3D('',#4605,#3735,#3736);
#3268=AXIS2_PLACEMENT_3D('',#4609,#3739,#3740);
#3269=AXIS2_PLACEMENT_3D('',#4613,#3743,#3744);
#3270=AXIS2_PLACEMENT_3D('',#4617,#3747,#3748);
#3271=AXIS2_PLACEMENT_3D('',#4621,#3751,#3752);
#3272=AXIS2_PLACEMENT_3D('',#4627,#3756,#3757);
#3273=AXIS2_PLACEMENT_3D('',#4631,#3760,#3761);
#3274=AXIS2_PLACEMENT_3D('',#4637,#3765,#3766);
#3275=AXIS2_PLACEMENT_3D('',#4641,#3769,#3770);
#3276=AXIS2_PLACEMENT_3D('',#4647,#3774,#3775);
#3277=AXIS2_PLACEMENT_3D('',#4651,#3778,#3779);
#3278=AXIS2_PLACEMENT_3D('',#4655,#3782,#3783);
#3279=AXIS2_PLACEMENT_3D('',#4657,#3785,#3786);
#3280=AXIS2_PLACEMENT_3D('',#4659,#3788,#3789);
#3281=AXIS2_PLACEMENT_3D('',#4661,#3791,#3792);
#3282=AXIS2_PLACEMENT_3D('',#4667,#3796,#3797);
#3283=AXIS2_PLACEMENT_3D('',#4671,#3800,#3801);
#3284=AXIS2_PLACEMENT_3D('',#4675,#3804,#3805);
#3285=AXIS2_PLACEMENT_3D('',#4679,#3808,#3809);
#3286=AXIS2_PLACEMENT_3D('',#4683,#3812,#3813);
#3287=AXIS2_PLACEMENT_3D('',#4689,#3817,#3818);
#3288=AXIS2_PLACEMENT_3D('',#4693,#3821,#3822);
#3289=AXIS2_PLACEMENT_3D('',#4697,#3825,#3826);
#3290=AXIS2_PLACEMENT_3D('',#4701,#3829,#3830);
#3291=AXIS2_PLACEMENT_3D('',#4703,#3832,#3833);
#3292=AXIS2_PLACEMENT_3D('',#4709,#3837,#3838);
#3293=AXIS2_PLACEMENT_3D('',#4713,#3841,#3842);
#3294=AXIS2_PLACEMENT_3D('',#4717,#3845,#3846);
#3295=AXIS2_PLACEMENT_3D('',#4726,#3851,#3852);
#3296=AXIS2_PLACEMENT_3D('',#4731,#3856,#3857);
#3297=AXIS2_PLACEMENT_3D('',#4737,#3861,#3862);
#3298=AXIS2_PLACEMENT_3D('',#4743,#3866,#3867);
#3299=AXIS2_PLACEMENT_3D('',#4748,#3871,#3872);
#3300=AXIS2_PLACEMENT_3D('',#4752,#3875,#3876);
#3301=AXIS2_PLACEMENT_3D('',#4756,#3879,#3880);
#3302=AXIS2_PLACEMENT_3D('',#4760,#3883,#3884);
#3303=AXIS2_PLACEMENT_3D('',#4764,#3887,#3888);
#3304=AXIS2_PLACEMENT_3D('',#4766,#3890,#3891);
#3305=AXIS2_PLACEMENT_3D('',#4768,#3893,#3894);
#3306=AXIS2_PLACEMENT_3D('',#4770,#3896,#3897);
#3307=AXIS2_PLACEMENT_3D('',#4860,#3943,#3944);
#3308=AXIS2_PLACEMENT_3D('',#4863,#3947,#3948);
#3309=AXIS2_PLACEMENT_3D('',#4865,#3950,#3951);
#3310=AXIS2_PLACEMENT_3D('',#4867,#3953,#3954);
#3311=AXIS2_PLACEMENT_3D('',#4871,#3957,#3958);
#3312=AXIS2_PLACEMENT_3D('',#4873,#3960,#3961);
#3313=AXIS2_PLACEMENT_3D('',#4875,#3963,#3964);
#3314=AXIS2_PLACEMENT_3D('',#4880,#3968,#3969);
#3315=AXIS2_PLACEMENT_3D('',#4884,#3972,#3973);
#3316=AXIS2_PLACEMENT_3D('',#4888,#3976,#3977);
#3317=AXIS2_PLACEMENT_3D('',#4894,#3981,#3982);
#3318=AXIS2_PLACEMENT_3D('',#4898,#3985,#3986);
#3319=AXIS2_PLACEMENT_3D('',#4902,#3989,#3990);
#3320=AXIS2_PLACEMENT_3D('',#4908,#3994,#3995);
#3321=AXIS2_PLACEMENT_3D('',#4912,#3998,#3999);
#3322=AXIS2_PLACEMENT_3D('',#4916,#4002,#4003);
#3323=AXIS2_PLACEMENT_3D('',#4922,#4007,#4008);
#3324=AXIS2_PLACEMENT_3D('',#4926,#4011,#4012);
#3325=AXIS2_PLACEMENT_3D('',#4930,#4015,#4016);
#3326=AXIS2_PLACEMENT_3D('',#4934,#4019,#4020);
#3327=AXIS2_PLACEMENT_3D('',#4938,#4023,#4024);
#3328=AXIS2_PLACEMENT_3D('',#4942,#4027,#4028);
#3329=AXIS2_PLACEMENT_3D('',#4946,#4031,#4032);
#3330=AXIS2_PLACEMENT_3D('',#4952,#4036,#4037);
#3331=AXIS2_PLACEMENT_3D('',#4958,#4041,#4042);
#3332=AXIS2_PLACEMENT_3D('',#4960,#4044,#4045);
#3333=AXIS2_PLACEMENT_3D('',#4964,#4048,#4049);
#3334=AXIS2_PLACEMENT_3D('',#4966,#4051,#4052);
#3335=AXIS2_PLACEMENT_3D('',#4968,#4054,#4055);
#3336=AXIS2_PLACEMENT_3D('',#4972,#4058,#4059);
#3337=AXIS2_PLACEMENT_3D('',#4974,#4061,#4062);
#3338=AXIS2_PLACEMENT_3D('',#4976,#4064,#4065);
#3339=AXIS2_PLACEMENT_3D('',#4978,#4067,#4068);
#3340=AXIS2_PLACEMENT_3D('',#4980,#4070,#4071);
#3341=AXIS2_PLACEMENT_3D('',#4982,#4073,#4074);
#3342=AXIS2_PLACEMENT_3D('',#4984,#4076,#4077);
#3343=AXIS2_PLACEMENT_3D('',#4986,#4079,#4080);
#3344=AXIS2_PLACEMENT_3D('',#4988,#4082,#4083);
#3345=AXIS2_PLACEMENT_3D('',#4990,#4085,#4086);
#3346=AXIS2_PLACEMENT_3D('',#4992,#4088,#4089);
#3347=AXIS2_PLACEMENT_3D('',#4994,#4091,#4092);
#3348=AXIS2_PLACEMENT_3D('',#4996,#4094,#4095);
#3349=AXIS2_PLACEMENT_3D('',#4998,#4097,#4098);
#3350=AXIS2_PLACEMENT_3D('',#5000,#4100,#4101);
#3351=AXIS2_PLACEMENT_3D('',#5002,#4103,#4104);
#3352=AXIS2_PLACEMENT_3D('',#5004,#4106,#4107);
#3353=AXIS2_PLACEMENT_3D('',#5006,#4109,#4110);
#3354=AXIS2_PLACEMENT_3D('',#5008,#4112,#4113);
#3355=AXIS2_PLACEMENT_3D('',#5010,#4115,#4116);
#3356=AXIS2_PLACEMENT_3D('',#5012,#4118,#4119);
#3357=AXIS2_PLACEMENT_3D('',#5014,#4121,#4122);
#3358=AXIS2_PLACEMENT_3D('',#5016,#4124,#4125);
#3359=AXIS2_PLACEMENT_3D('',#5018,#4127,#4128);
#3360=AXIS2_PLACEMENT_3D('',#5020,#4130,#4131);
#3361=AXIS2_PLACEMENT_3D('',#5022,#4133,#4134);
#3362=AXIS2_PLACEMENT_3D('',#5025,#4137,#4138);
#3363=AXIS2_PLACEMENT_3D('',#5028,#4141,#4142);
#3364=AXIS2_PLACEMENT_3D('',#5031,#4145,#4146);
#3365=AXIS2_PLACEMENT_3D('',#5033,#4148,#4149);
#3366=AXIS2_PLACEMENT_3D('',#5036,#4152,#4153);
#3367=AXIS2_PLACEMENT_3D('',#5038,#4155,#4156);
#3368=AXIS2_PLACEMENT_3D('',#5039,#4157,#4158);
#3369=AXIS2_PLACEMENT_3D('',#5041,#4160,#4161);
#3370=AXIS2_PLACEMENT_3D('',#5043,#4163,#4164);
#3371=AXIS2_PLACEMENT_3D('',#5044,#4165,#4166);
#3372=AXIS2_PLACEMENT_3D('',#5046,#4168,#4169);
#3373=AXIS2_PLACEMENT_3D('',#5048,#4171,#4172);
#3374=AXIS2_PLACEMENT_3D('',#5049,#4173,#4174);
#3375=AXIS2_PLACEMENT_3D('',#5051,#4176,#4177);
#3376=AXIS2_PLACEMENT_3D('',#5052,#4178,#4179);
#3377=AXIS2_PLACEMENT_3D('',#5054,#4181,#4182);
#3378=AXIS2_PLACEMENT_3D('',#5055,#4183,#4184);
#3379=AXIS2_PLACEMENT_3D('',#5056,#4185,#4186);
#3380=AXIS2_PLACEMENT_3D('',#5058,#4188,#4189);
#3381=AXIS2_PLACEMENT_3D('',#5060,#4191,#4192);
#3382=AXIS2_PLACEMENT_3D('',#5061,#4193,#4194);
#3383=DIRECTION('axis',(0.,0.,1.));
#3384=DIRECTION('refdir',(1.,0.,0.));
#3385=DIRECTION('center_axis',(-0.500000000000051,0.499999999999947,0.707106781186549));
#3386=DIRECTION('ref_axis',(-0.707106781186507,-0.707106781186588,-4.69346783660285E-14));
#3387=DIRECTION('',(-0.707106781186507,-0.707106781186588,-4.71349185223658E-14));
#3388=DIRECTION('',(0.67859834454584,-0.281084637714807,0.678598344545859));
#3389=DIRECTION('',(0.707106781186507,0.707106781186588,4.71349185223658E-14));
#3390=DIRECTION('',(-0.281084637714845,0.678598344545852,-0.678598344545832));
#3391=DIRECTION('center_axis',(-6.37248478852067E-14,0.707106781186524,
0.707106781186571));
#3392=DIRECTION('ref_axis',(-1.,-5.71764857681961E-14,-3.29440583712264E-14));
#3393=DIRECTION('',(1.,5.71764857681961E-14,3.29440583712264E-14));
#3394=DIRECTION('',(0.281084637714808,0.678598344545885,-0.678598344545814));
#3395=DIRECTION('',(-1.,-5.71764857681961E-14,-3.29440583712264E-14));
#3396=DIRECTION('center_axis',(0.499999999999948,0.500000000000004,0.707106781186582));
#3397=DIRECTION('ref_axis',(-0.707106781186588,0.707106781186507,8.04911692853238E-16));
#3398=DIRECTION('',(0.707106781186588,-0.707106781186507,-5.44984374166582E-16));
#3399=DIRECTION('',(0.678598344545853,0.281084637714884,-0.678598344545815));
#3400=DIRECTION('',(-0.707106781186588,0.707106781186507,5.44984374166582E-16));
#3401=DIRECTION('center_axis',(3.29440583712245E-14,3.37147826644561E-14,
-1.));
#3402=DIRECTION('ref_axis',(-1.,-5.71764857681961E-14,-3.29440583712264E-14));
#3403=DIRECTION('',(-5.71764857681972E-14,1.,3.37147826644542E-14));
#3404=DIRECTION('',(-1.,-5.71764857681961E-14,-3.29440583712264E-14));
#3405=DIRECTION('',(5.71764857681972E-14,-1.,-3.37147826644542E-14));
#3406=DIRECTION('center_axis',(-3.29440583712245E-14,-3.37147826644561E-14,
1.));
#3407=DIRECTION('ref_axis',(5.71764857681972E-14,-1.,-3.37147826644542E-14));
#3408=DIRECTION('center_axis',(-3.29440583712245E-14,-3.37147826644561E-14,
1.));
#3409=DIRECTION('ref_axis',(5.71764857681972E-14,-1.,-3.37147826644542E-14));
#3410=DIRECTION('center_axis',(-0.707106781186571,-6.42698322593751E-14,
0.707106781186524));
#3411=DIRECTION('ref_axis',(5.71764857681972E-14,-1.,-3.37147826644542E-14));
#3412=DIRECTION('',(5.71764857681972E-14,-1.,-3.37147826644542E-14));
#3413=DIRECTION('',(0.678598344545843,-0.281084637714801,0.678598344545859));
#3414=DIRECTION('center_axis',(-0.707106781186588,0.707106781186507,5.4498437416657E-16));
#3415=DIRECTION('ref_axis',(-0.707106781186507,-0.707106781186588,-4.71349185223658E-14));
#3416=DIRECTION('',(-3.29440583712245E-14,-3.37147826644561E-14,1.));
#3417=DIRECTION('',(-0.577350269189574,-0.577350269189639,-0.577350269189664));
#3418=DIRECTION('',(-0.678598344545816,-0.678598344545894,0.281084637714782));
#3419=DIRECTION('',(-3.29440583712245E-14,-3.37147826644561E-14,1.));
#3420=DIRECTION('center_axis',(-3.29440583712245E-14,-3.37147826644561E-14,
1.));
#3421=DIRECTION('ref_axis',(5.71764857681972E-14,-1.,-3.37147826644542E-14));
#3422=DIRECTION('center_axis',(3.29440583712245E-14,3.37147826644561E-14,
-1.));
#3423=DIRECTION('ref_axis',(5.71764857681972E-14,-1.,-3.37147826644542E-14));
#3424=DIRECTION('',(-6.38114434908302E-14,0.707106781186524,0.707106781186571));
#3425=DIRECTION('center_axis',(3.2902425007801E-14,3.39368272693811E-14,
-1.));
#3426=DIRECTION('ref_axis',(5.71764857681972E-14,-1.,-3.39368272693792E-14));
#3427=DIRECTION('',(3.2902425007801E-14,3.39368272693811E-14,-1.));
#3428=DIRECTION('center_axis',(-3.29440583712245E-14,-3.37147826644561E-14,
1.));
#3429=DIRECTION('ref_axis',(5.71764857681972E-14,-1.,-3.37147826644542E-14));
#3430=DIRECTION('center_axis',(-3.29440583712245E-14,-3.37147826644561E-14,
1.));
#3431=DIRECTION('ref_axis',(5.71764857681972E-14,-1.,-3.37147826644542E-14));
#3432=DIRECTION('center_axis',(3.29440583712245E-14,3.37147826644561E-14,
-1.));
#3433=DIRECTION('ref_axis',(5.71764857681972E-14,-1.,-3.37147826644542E-14));
#3434=DIRECTION('',(-6.38114434908299E-14,0.707106781186512,0.707106781186583));
#3435=DIRECTION('center_axis',(3.2902425007801E-14,3.39368272693811E-14,
-1.));
#3436=DIRECTION('ref_axis',(5.71764857681972E-14,-1.,-3.39368272693792E-14));
#3437=DIRECTION('',(3.2902425007801E-14,3.39368272693811E-14,-1.));
#3438=DIRECTION('center_axis',(-3.29440583712245E-14,-3.37147826644561E-14,
1.));
#3439=DIRECTION('ref_axis',(5.71764857681972E-14,-1.,-3.37147826644542E-14));
#3440=DIRECTION('center_axis',(0.707106781186524,1.658992936284E-14,0.707106781186571));
#3441=DIRECTION('ref_axis',(-5.71764857681972E-14,1.,3.37147826644542E-14));
#3442=DIRECTION('',(-5.71764857681972E-14,1.,3.37147826644542E-14));
#3443=DIRECTION('',(-0.577350269189612,-0.577350269189679,0.577350269189586));
#3444=DIRECTION('',(5.71764857681972E-14,-1.,-3.37147826644542E-14));
#3445=DIRECTION('',(0.678598344545852,0.281084637714885,-0.678598344545815));
#3446=DIRECTION('center_axis',(0.70710678118657,6.42698322593751E-14,-0.707106781186525));
#3447=DIRECTION('ref_axis',(-5.71764857681972E-14,1.,3.37147826644542E-14));
#3448=DIRECTION('',(5.71764857681972E-14,-1.,-3.37147826644542E-14));
#3449=DIRECTION('',(-0.67859834454584,0.281084637714811,-0.678598344545858));
#3450=DIRECTION('',(-5.71764857681972E-14,1.,3.37147826644542E-14));
#3451=DIRECTION('',(0.678598344545808,0.281084637714847,0.678598344545875));
#3452=DIRECTION('center_axis',(0.707106781186537,0.500000000000057,-0.499999999999959));
#3453=DIRECTION('ref_axis',(-0.577350269189671,0.816496580927694,8.63198401646059E-15));
#3454=DIRECTION('',(6.37248478852067E-14,-0.707106781186523,-0.707106781186572));
#3455=DIRECTION('',(-0.67859834454584,0.281084637714807,-0.678598344545859));
#3456=DIRECTION('',(-6.37248478852067E-14,0.707106781186523,0.707106781186572));
#3457=DIRECTION('center_axis',(0.707106781186571,6.42698322593751E-14,-0.707106781186524));
#3458=DIRECTION('ref_axis',(-5.71764857681972E-14,1.,3.37147826644542E-14));
#3459=DIRECTION('',(5.71764857681972E-14,-1.,-3.37147826644542E-14));
#3460=DIRECTION('',(-0.678598344545809,-0.281084637714832,-0.67859834454588));
#3461=DIRECTION('',(-5.71764857681972E-14,1.,3.37147826644542E-14));
#3462=DIRECTION('center_axis',(0.707106781186588,-0.707106781186507,-5.44984374166537E-16));
#3463=DIRECTION('ref_axis',(0.707106781186507,0.707106781186588,4.71349185223658E-14));
#3464=DIRECTION('',(-3.29440583712245E-14,-3.37147826644561E-14,1.));
#3465=DIRECTION('',(-0.678598344545818,-0.678598344545897,0.28108463771477));
#3466=DIRECTION('',(3.29440583712245E-14,3.37147826644561E-14,-1.));
#3467=DIRECTION('',(0.678598344545799,0.678598344545878,0.281084637714861));
#3468=DIRECTION('center_axis',(0.707106781186558,-0.499999999999977,0.500000000000008));
#3469=DIRECTION('ref_axis',(0.577350269189581,0.816496580927758,4.63240557024846E-14));
#3470=DIRECTION('',(-6.37248478852067E-14,0.707106781186524,0.707106781186571));
#3471=DIRECTION('',(-0.678598344545855,-0.281084637714878,0.678598344545815));
#3472=DIRECTION('',(6.37248478852067E-14,-0.707106781186524,-0.707106781186571));
#3473=DIRECTION('center_axis',(0.707106781186524,1.658992936284E-14,0.707106781186571));
#3474=DIRECTION('ref_axis',(-5.71764857681972E-14,1.,3.37147826644542E-14));
#3475=DIRECTION('',(-5.71764857681972E-14,1.,3.37147826644542E-14));
#3476=DIRECTION('',(-0.678598344545853,-0.281084637714879,0.678598344545817));
#3477=DIRECTION('',(5.71764857681972E-14,-1.,-3.37147826644542E-14));
#3478=DIRECTION('center_axis',(0.707106781186561,-0.499999999999976,0.500000000000005));
#3479=DIRECTION('ref_axis',(0.577350269189578,0.81649658092776,4.65738558830253E-14));
#3480=DIRECTION('',(-6.37248478852067E-14,0.707106781186523,0.707106781186572));
#3481=DIRECTION('',(-0.63932301734341,-0.754172404069005,0.149966877795385));
#3482=DIRECTION('',(6.37248478852067E-14,-0.707106781186523,-0.707106781186572));
#3483=DIRECTION('center_axis',(0.70710678118654,0.000170789191311429,-0.707106760560994));
#3484=DIRECTION('ref_axis',(-0.000241532383580407,0.999999970831054,3.37064631848044E-14));
#3485=DIRECTION('',(5.71844411575927E-14,-0.999999970831052,-0.00024153239060217));
#3486=DIRECTION('',(-0.678607500597694,0.281204322104357,-0.678539600437867));
#3487=DIRECTION('',(-5.71844411575927E-14,0.999999970831052,0.00024153239060217));
#3488=DIRECTION('',(0.639323017343396,0.427083395179599,0.639426190468299));
#3489=DIRECTION('center_axis',(0.707106781186537,0.500060379452021,-0.499939613255757));
#3490=DIRECTION('ref_axis',(-0.577396746507095,0.816463714517076,8.3544282603043E-15));
#3491=DIRECTION('',(6.37227781021563E-14,-0.707021381433886,-0.707192170626428));
#3492=DIRECTION('',(-0.678607500597737,0.678607500597675,-0.281040424610178));
#3493=DIRECTION('',(-6.37227781021563E-14,0.707021381433886,0.707192170626428));
#3494=DIRECTION('center_axis',(0.707106781186524,1.658992936284E-14,0.707106781186571));
#3495=DIRECTION('ref_axis',(-5.71764857681972E-14,1.,3.37147826644542E-14));
#3496=DIRECTION('',(-5.71764857681972E-14,1.,3.37147826644542E-14));
#3497=DIRECTION('',(-0.678598344545884,0.281084637714761,0.678598344545834));
#3498=DIRECTION('',(5.71764857681972E-14,-1.,-3.37147826644542E-14));
#3499=DIRECTION('',(0.57735026918968,-0.577350269189568,-0.577350269189629));
#3500=DIRECTION('center_axis',(0.707106781186537,0.500000000000056,-0.499999999999959));
#3501=DIRECTION('ref_axis',(-0.577350269189671,0.816496580927694,8.24340595784179E-15));
#3502=DIRECTION('',(6.37248478852066E-14,-0.707106781186524,-0.707106781186571));
#3503=DIRECTION('',(-0.678598344545841,0.281084637714804,-0.67859834454586));
#3504=DIRECTION('',(-6.37248478852066E-14,0.707106781186524,0.707106781186571));
#3505=DIRECTION('',(0.678598344545876,-0.678598344545817,0.281084637714823));
#3506=DIRECTION('center_axis',(0.707106781186571,6.42698322593751E-14,-0.707106781186524));
#3507=DIRECTION('ref_axis',(-5.71764857681972E-14,1.,3.37147826644542E-14));
#3508=DIRECTION('',(5.71764857681972E-14,-1.,-3.37147826644542E-14));
#3509=DIRECTION('',(-0.678598344545811,-0.281084637714822,-0.678598344545882));
#3510=DIRECTION('',(-5.71764857681972E-14,1.,3.37147826644542E-14));
#3511=DIRECTION('center_axis',(0.707106781186588,-0.707106781186507,-5.4498437416657E-16));
#3512=DIRECTION('ref_axis',(0.707106781186507,0.707106781186588,4.71349185223658E-14));
#3513=DIRECTION('',(-3.29440583712245E-14,-3.37147826644561E-14,1.));
#3514=DIRECTION('',(-0.357406744336602,-0.357406744336644,0.862856209460992));
#3515=DIRECTION('',(-0.577350269189615,-0.577350269189681,0.577350269189582));
#3516=DIRECTION('',(3.29440583712245E-14,3.37147826644561E-14,-1.));
#3517=DIRECTION('',(0.678598344545801,0.678598344545879,0.281084637714854));
#3518=DIRECTION('center_axis',(0.707106781186587,-0.499999999999946,-0.499999999999997));
#3519=DIRECTION('ref_axis',(0.577350269189585,0.816496580927755,4.66848781854878E-14));
#3520=DIRECTION('',(1.71349137370101E-14,-0.707106781186571,0.707106781186523));
#3521=DIRECTION('',(-1.71349137370101E-14,0.707106781186571,-0.707106781186523));
#3522=DIRECTION('center_axis',(0.707106781186512,0.707106781186583,4.74489370141026E-14));
#3523=DIRECTION('ref_axis',(-0.707106781186583,0.707106781186512,5.44984374166899E-16));
#3524=DIRECTION('',(3.29440583712244E-14,3.41588718743061E-14,-1.));
#3525=DIRECTION('',(-3.29440583712244E-14,-3.41588718743061E-14,1.));
#3526=DIRECTION('',(0.678598344545894,-0.6785983445458,-0.281084637714822));
#3527=DIRECTION('center_axis',(0.707106781186504,0.500000000000022,0.500000000000039));
#3528=DIRECTION('ref_axis',(-0.577350269189671,0.816496580927694,8.85402862138562E-15));
#3529=DIRECTION('',(-1.71349137370101E-14,0.707106781186571,-0.707106781186524));
#3530=DIRECTION('',(1.71349137370101E-14,-0.707106781186571,0.707106781186524));
#3531=DIRECTION('center_axis',(0.707106781186506,0.707106781186589,4.74489370141026E-14));
#3532=DIRECTION('ref_axis',(-0.707106781186589,0.707106781186506,5.44984374166486E-16));
#3533=DIRECTION('',(3.29440583712244E-14,3.41588718743061E-14,-1.));
#3534=DIRECTION('',(-3.29440583712244E-14,-3.41588718743061E-14,1.));
#3535=DIRECTION('center_axis',(0.707106781186589,-0.653248798577062,-0.270676942419494));
#3536=DIRECTION('ref_axis',(0.678580027488174,0.734526477599105,4.72399896978004E-14));
#3537=DIRECTION('',(-8.5479454674252E-15,-0.38279500299136,0.923833310551663));
#3538=DIRECTION('',(8.5479454674252E-15,0.38279500299136,-0.923833310551663));
#3539=DIRECTION('center_axis',(0.707106781186591,-0.499999999999943,-0.499999999999995));
#3540=DIRECTION('ref_axis',(0.57735026918958,0.816496580927758,4.65461003074097E-14));
#3541=DIRECTION('',(1.71349137370101E-14,-0.707106781186572,0.707106781186523));
#3542=DIRECTION('',(-1.71349137370101E-14,0.707106781186572,-0.707106781186523));
#3543=DIRECTION('center_axis',(0.707106781186594,-0.499999999999942,-0.499999999999992));
#3544=DIRECTION('ref_axis',(0.577350269189578,0.81649658092776,4.66016114586409E-14));
#3545=DIRECTION('',(1.71349137370101E-14,-0.707106781186571,0.707106781186524));
#3546=DIRECTION('',(-1.71349137370101E-14,0.707106781186571,-0.707106781186524));
#3547=DIRECTION('',(0.678598344545808,0.281084637714839,0.678598344545878));
#3548=DIRECTION('center_axis',(0.707106781186571,6.42698322593751E-14,-0.707106781186524));
#3549=DIRECTION('ref_axis',(-5.71764857681972E-14,1.,3.37147826644542E-14));
#3550=DIRECTION('',(5.71764857681972E-14,-1.,-3.37147826644542E-14));
#3551=DIRECTION('',(-5.71764857681972E-14,1.,3.37147826644542E-14));
#3552=DIRECTION('',(0.577350269189574,0.57735026918964,0.577350269189664));
#3553=DIRECTION('center_axis',(0.707106781186588,-0.707106781186507,-5.44984374166552E-16));
#3554=DIRECTION('ref_axis',(0.707106781186507,0.707106781186588,4.71349185223658E-14));
#3555=DIRECTION('',(-3.29440583712245E-14,-3.37147826644561E-14,1.));
#3556=DIRECTION('',(3.29440583712245E-14,3.37147826644561E-14,-1.));
#3557=DIRECTION('center_axis',(0.707106781186561,-0.499999999999975,0.500000000000005));
#3558=DIRECTION('ref_axis',(0.577350269189577,0.81649658092776,4.65738558830253E-14));
#3559=DIRECTION('',(6.37248478852067E-14,-0.707106781186524,-0.707106781186571));
#3560=DIRECTION('',(0.678598344545819,0.678598344545889,-0.281084637714787));
#3561=DIRECTION('',(0.357406744336532,0.862856209461026,0.357406744336633));
#3562=DIRECTION('',(-6.37248478852067E-14,0.707106781186524,0.707106781186571));
#3563=DIRECTION('center_axis',(0.707106781186501,0.500000000000025,0.500000000000042));
#3564=DIRECTION('ref_axis',(-0.577350269189674,0.816496580927692,8.35442826030431E-15));
#3565=DIRECTION('',(-1.71349137370101E-14,0.707106781186571,-0.707106781186524));
#3566=DIRECTION('',(-0.577350269189653,-6.36436477258914E-14,0.816496580927707));
#3567=DIRECTION('',(1.71349137370101E-14,-0.707106781186571,0.707106781186524));
#3568=DIRECTION('',(-0.67859834454589,0.281084637714764,0.678598344545828));
#3569=DIRECTION('center_axis',(1.,5.71764857681961E-14,3.29440583712264E-14));
#3570=DIRECTION('ref_axis',(-5.71764857681972E-14,1.,3.37147826644542E-14));
#3571=DIRECTION('',(5.71764857681972E-14,-1.,-3.37147826644542E-14));
#3572=DIRECTION('',(6.37248478852066E-14,-0.707106781186522,-0.707106781186573));
#3573=DIRECTION('',(3.29440583712245E-14,3.37147826644561E-14,-1.));
#3574=DIRECTION('',(6.37248478852066E-14,-0.707106781186522,-0.707106781186573));
#3575=DIRECTION('',(5.71764857681972E-14,-1.,-3.37147826644542E-14));
#3576=DIRECTION('',(6.37248478852067E-14,-0.707106781186523,-0.707106781186572));
#3577=DIRECTION('',(3.29440583712245E-14,3.37147826644561E-14,-1.));
#3578=DIRECTION('',(-5.71764857681972E-14,1.,3.37147826644542E-14));
#3579=DIRECTION('',(-6.37248478852066E-14,0.707106781186524,0.707106781186571));
#3580=DIRECTION('',(-5.71764857681972E-14,1.,3.37147826644542E-14));
#3581=DIRECTION('',(-6.37248478852067E-14,0.707106781186523,0.707106781186572));
#3582=DIRECTION('',(-3.29440583712245E-14,-3.37147826644561E-14,1.));
#3583=DIRECTION('',(1.71349137370101E-14,-0.707106781186571,0.707106781186524));
#3584=DIRECTION('',(5.71764857681972E-14,-1.,-3.37147826644542E-14));
#3585=DIRECTION('',(1.71349137370101E-14,-0.707106781186572,0.707106781186523));
#3586=DIRECTION('',(-3.29440583712245E-14,-3.37147826644561E-14,1.));
#3587=DIRECTION('',(-6.37248478852067E-14,0.707106781186524,0.707106781186571));
#3588=DIRECTION('',(-5.71764857681972E-14,1.,3.37147826644542E-14));
#3589=DIRECTION('',(-6.37248478852065E-14,0.707106781186519,0.707106781186576));
#3590=DIRECTION('',(-3.29440583712245E-14,-3.37147826644561E-14,1.));
#3591=DIRECTION('',(-6.37248478852066E-14,0.707106781186522,0.707106781186573));
#3592=DIRECTION('',(-5.71764857681972E-14,1.,3.37147826644542E-14));
#3593=DIRECTION('',(-1.71349137370101E-14,0.707106781186571,-0.707106781186524));
#3594=DIRECTION('',(-5.71764857681972E-14,1.,3.36541522964865E-14));
#3595=DIRECTION('',(8.54794546742567E-15,0.382795002991354,-0.923833310551665));
#3596=DIRECTION('',(5.71764857681972E-14,-1.,-3.37147826644542E-14));
#3597=DIRECTION('',(-6.37248478852066E-14,0.707106781186522,0.707106781186573));
#3598=DIRECTION('',(-1.71349137370102E-14,0.707106781186572,-0.707106781186523));
#3599=DIRECTION('',(3.29440583712243E-14,3.58689128455933E-14,-1.));
#3600=DIRECTION('',(5.71764857681972E-14,-1.,-3.37147826644542E-14));
#3601=DIRECTION('',(-3.29440583712245E-14,-3.37147826644561E-14,1.));
#3602=DIRECTION('',(-5.71764857681972E-14,1.,3.37147826644542E-14));
#3603=DIRECTION('center_axis',(0.70710678118657,6.42698322593751E-14,-0.707106781186525));
#3604=DIRECTION('ref_axis',(-5.71764857681972E-14,1.,3.37147826644542E-14));
#3605=DIRECTION('',(-0.577350269189578,-0.577350269189631,-0.577350269189668));
#3606=DIRECTION('',(-5.71764857681972E-14,1.,3.37147826644542E-14));
#3607=DIRECTION('',(0.678598344545842,-0.281084637714808,0.678598344545857));
#3608=DIRECTION('center_axis',(0.707106781186519,1.65899293628396E-14,0.707106781186576));
#3609=DIRECTION('ref_axis',(-5.71764857681972E-14,1.,3.37147826644542E-14));
#3610=DIRECTION('',(5.71764857681972E-14,-1.,-3.37147826644542E-14));
#3611=DIRECTION('center_axis',(0.707106781186561,-0.499999999999976,0.500000000000005));
#3612=DIRECTION('ref_axis',(0.577350269189578,0.81649658092776,4.65738558830253E-14));
#3613=DIRECTION('',(-0.678598344545817,-0.678598344545896,0.281084637714776));
#3614=DIRECTION('',(6.37248478852067E-14,-0.707106781186524,-0.707106781186571));
#3615=DIRECTION('center_axis',(0.707106781186589,-0.707106781186506,-5.44984374166484E-16));
#3616=DIRECTION('ref_axis',(0.707106781186506,0.707106781186589,4.71349185223658E-14));
#3617=DIRECTION('',(-0.678598344545798,-0.678598344545879,-0.281084637714862));
#3618=DIRECTION('',(3.29440583712245E-14,3.37147826644561E-14,-1.));
#3619=DIRECTION('center_axis',(0.707106781186571,6.42698322593751E-14,-0.707106781186524));
#3620=DIRECTION('ref_axis',(-5.71764857681972E-14,1.,3.37147826644542E-14));
#3621=DIRECTION('',(-0.67859834454581,-0.281084637714838,-0.678598344545877));
#3622=DIRECTION('',(-5.71764857681972E-14,1.,3.37147826644542E-14));
#3623=DIRECTION('',(0.678598344545809,0.281084637714835,0.678598344545879));
#3624=DIRECTION('center_axis',(0.707106781186592,-0.499999999999943,-0.499999999999994));
#3625=DIRECTION('ref_axis',(0.57735026918958,0.816496580927759,4.65738558830253E-14));
#3626=DIRECTION('',(-0.678598344545799,-0.678598344545877,-0.281084637714863));
#3627=DIRECTION('',(-1.71349137370101E-14,0.707106781186571,-0.707106781186524));
#3628=DIRECTION('center_axis',(0.707106781186561,-0.499999999999975,0.500000000000005));
#3629=DIRECTION('ref_axis',(0.577350269189577,0.81649658092776,4.65738558830253E-14));
#3630=DIRECTION('',(-0.678598344545852,-0.281084637714885,0.678598344545815));
#3631=DIRECTION('',(6.37248478852067E-14,-0.707106781186523,-0.707106781186572));
#3632=DIRECTION('',(0.678598344545817,0.678598344545895,-0.281084637714778));
#3633=DIRECTION('center_axis',(0.707106781186524,1.65899293628401E-14,0.707106781186571));
#3634=DIRECTION('ref_axis',(-5.71764857681973E-14,1.,3.37147826644541E-14));
#3635=DIRECTION('',(-0.678598344545855,-0.281084637714877,0.678598344545816));
#3636=DIRECTION('',(5.71764857681972E-14,-1.,-3.37147826644542E-14));
#3637=DIRECTION('center_axis',(0.707106781186524,1.65899293628401E-14,0.707106781186571));
#3638=DIRECTION('ref_axis',(-5.71764857681973E-14,1.,3.37147826644541E-14));
#3639=DIRECTION('',(0.678598344545855,0.281084637714879,-0.678598344545814));
#3640=DIRECTION('center_axis',(0.707106781186507,0.707106781186588,4.71349185223658E-14));
#3641=DIRECTION('ref_axis',(-0.707106781186588,0.707106781186507,5.44984374166584E-16));
#3642=DIRECTION('',(-0.678598344545875,0.678598344545817,-0.281084637714824));
#3643=DIRECTION('',(0.577350269189677,-0.577350269189573,-0.577350269189627));
#3644=DIRECTION('',(3.29440583712245E-14,3.37147826644561E-14,-1.));
#3645=DIRECTION('center_axis',(0.707106781186537,0.500000000000056,-0.499999999999958));
#3646=DIRECTION('ref_axis',(-0.57735026918967,0.816496580927695,8.82627304576999E-15));
#3647=DIRECTION('',(-0.678598344545837,0.281084637714821,-0.678598344545856));
#3648=DIRECTION('',(-6.37248478852067E-14,0.707106781186523,0.707106781186572));
#3649=DIRECTION('center_axis',(0.707106781186571,6.42698322593751E-14,-0.707106781186524));
#3650=DIRECTION('ref_axis',(-5.71764857681972E-14,1.,3.37147826644542E-14));
#3651=DIRECTION('',(-0.678598344545842,0.281084637714808,-0.678598344545857));
#3652=DIRECTION('',(-5.71764857681972E-14,1.,3.37147826644542E-14));
#3653=DIRECTION('center_axis',(0.707106781186507,0.707106781186588,4.71349185223658E-14));
#3654=DIRECTION('ref_axis',(-0.707106781186588,0.707106781186507,5.44984374166565E-16));
#3655=DIRECTION('',(-0.678598344545877,0.678598344545819,-0.281084637714815));
#3656=DIRECTION('',(-3.29440583712245E-14,-3.37147826644561E-14,1.));
#3657=DIRECTION('',(0.678598344545878,-0.678598344545819,0.281084637714814));
#3658=DIRECTION('center_axis',(0.707106781186584,-0.707106781186511,-5.4498437416683E-16));
#3659=DIRECTION('ref_axis',(0.707106781186511,0.707106781186584,4.71349185223658E-14));
#3660=DIRECTION('',(3.29440583712245E-14,3.37147826644561E-14,-1.));
#3661=DIRECTION('center_axis',(0.707106781186535,0.500000000000058,-0.499999999999959));
#3662=DIRECTION('ref_axis',(-0.577350269189673,0.816496580927693,8.68749516769185E-15));
#3663=DIRECTION('',(-6.37248478852066E-14,0.707106781186522,0.707106781186573));
#3664=DIRECTION('center_axis',(0.707106781186536,0.500000000000058,-0.499999999999958));
#3665=DIRECTION('ref_axis',(-0.577350269189673,0.816496580927693,8.38218383591993E-15));
#3666=DIRECTION('',(-6.37248478852066E-14,0.707106781186522,0.707106781186573));
#3667=DIRECTION('center_axis',(0.707106781186559,-0.499999999999977,0.500000000000007));
#3668=DIRECTION('ref_axis',(0.57735026918958,0.816496580927759,4.63795668537159E-14));
#3669=DIRECTION('',(6.37248478852066E-14,-0.707106781186524,-0.707106781186571));
#3670=DIRECTION('center_axis',(0.707106781186588,-0.707106781186507,-5.44984374166552E-16));
#3671=DIRECTION('ref_axis',(0.707106781186507,0.707106781186588,4.71349185223658E-14));
#3672=DIRECTION('',(3.29440583712245E-14,3.37147826644561E-14,-1.));
#3673=DIRECTION('center_axis',(0.707106781186593,-0.499999999999942,-0.499999999999994));
#3674=DIRECTION('ref_axis',(0.577350269189579,0.81649658092776,4.69346783660285E-14));
#3675=DIRECTION('',(-1.71349137370101E-14,0.707106781186572,-0.707106781186523));
#3676=DIRECTION('center_axis',(5.71764857681972E-14,-1.,-3.37147826644542E-14));
#3677=DIRECTION('ref_axis',(1.,5.71764857681961E-14,3.29440583712264E-14));
#3678=DIRECTION('',(-1.,-5.71764857681961E-14,-3.29440583712264E-14));
#3679=DIRECTION('',(-3.29440583712245E-14,-3.37147826644561E-14,1.));
#3680=DIRECTION('',(-1.,-5.71764857681961E-14,-3.29440583712264E-14));
#3681=DIRECTION('center_axis',(-3.29440583712245E-14,-3.37147826644561E-14,
1.));
#3682=DIRECTION('ref_axis',(-1.,-5.71764857681961E-14,-3.29440583712264E-14));
#3683=DIRECTION('',(1.,5.71764857681961E-14,3.29440583712264E-14));
#3684=DIRECTION('',(-5.71764857681972E-14,1.,3.37147826644542E-14));
#3685=DIRECTION('center_axis',(6.37248478852067E-14,-0.707106781186524,
-0.707106781186571));
#3686=DIRECTION('ref_axis',(1.71349137370101E-14,-0.707106781186571,0.707106781186524));
#3687=DIRECTION('',(-1.,-5.71764857681961E-14,-3.29440583712264E-14));
#3688=DIRECTION('',(-1.71349137370101E-14,0.707106781186571,-0.707106781186524));
#3689=DIRECTION('center_axis',(1.71349137370101E-14,-0.707106781186571,
0.707106781186524));
#3690=DIRECTION('ref_axis',(1.,5.71764857681961E-14,3.29440583712264E-14));
#3691=DIRECTION('',(1.,5.71764857681961E-14,3.29440583712264E-14));
#3692=DIRECTION('',(-6.37248478852067E-14,0.707106781186524,0.707106781186571));
#3693=DIRECTION('center_axis',(5.71764857681972E-14,-1.,-3.37147826644542E-14));
#3694=DIRECTION('ref_axis',(1.,5.71764857681961E-14,3.29440583712264E-14));
#3695=DIRECTION('',(1.,5.71764857681961E-14,3.29440583712264E-14));
#3696=DIRECTION('',(-3.29440583712245E-14,-3.37147826644561E-14,1.));
#3697=DIRECTION('center_axis',(6.37248478852066E-14,-0.707106781186523,
-0.707106781186572));
#3698=DIRECTION('ref_axis',(1.,5.71764857681961E-14,3.29440583712264E-14));
#3699=DIRECTION('',(-1.,-5.71764857681961E-14,-3.29440583712264E-14));
#3700=DIRECTION('',(1.71349137370101E-14,-0.707106781186572,0.707106781186523));
#3701=DIRECTION('center_axis',(3.29440583712245E-14,3.37147826644561E-14,
-1.));
#3702=DIRECTION('ref_axis',(1.,5.71764857681961E-14,3.29440583712264E-14));
#3703=DIRECTION('',(1.,5.71764857681961E-14,3.29440583712264E-14));
#3704=DIRECTION('',(5.71764857681972E-14,-1.,-3.37147826644542E-14));
#3705=DIRECTION('center_axis',(6.37248478852067E-14,-0.707106781186524,
-0.707106781186571));
#3706=DIRECTION('ref_axis',(1.,5.71764857681961E-14,3.29440583712264E-14));
#3707=DIRECTION('',(-1.,-5.71764857681961E-14,-3.29440583712264E-14));
#3708=DIRECTION('',(1.71349137370101E-14,-0.707106781186571,0.707106781186524));
#3709=DIRECTION('center_axis',(5.71764857681972E-14,-1.,-3.37147826644542E-14));
#3710=DIRECTION('ref_axis',(1.,5.71764857681961E-14,3.29440583712264E-14));
#3711=DIRECTION('',(1.,5.71764857681961E-14,3.29440583712264E-14));
#3712=DIRECTION('',(-3.29440583712245E-14,-3.37147826644561E-14,1.));
#3713=DIRECTION('center_axis',(1.71349137370101E-14,-0.707106781186572,
0.707106781186523));
#3714=DIRECTION('ref_axis',(1.,5.71764857681961E-14,3.29440583712264E-14));
#3715=DIRECTION('',(-1.,-5.71764857681961E-14,-3.29440583712264E-14));
#3716=DIRECTION('',(-6.37248478852067E-14,0.707106781186523,0.707106781186572));
#3717=DIRECTION('center_axis',(3.29440583712245E-14,3.37147826644561E-14,
-1.));
#3718=DIRECTION('ref_axis',(-1.,-5.71764857681961E-14,-3.29440583712264E-14));
#3719=DIRECTION('',(-1.,-5.71764857681961E-14,-3.29440583712264E-14));
#3720=DIRECTION('',(-5.71764857681972E-14,1.,3.37147826644542E-14));
#3721=DIRECTION('center_axis',(1.71349137370101E-14,-0.707106781186571,
0.707106781186524));
#3722=DIRECTION('ref_axis',(1.,5.71764857681961E-14,3.29440583712264E-14));
#3723=DIRECTION('',(-6.37248478852066E-14,0.707106781186524,0.707106781186571));
#3724=DIRECTION('center_axis',(5.71764857681972E-14,-1.,-3.37147826644542E-14));
#3725=DIRECTION('ref_axis',(1.,5.71764857681961E-14,3.29440583712264E-14));
#3726=DIRECTION('',(1.,5.71764857681961E-14,3.29440583712264E-14));
#3727=DIRECTION('center_axis',(-1.71349137370101E-14,0.707106781186572,
-0.707106781186523));
#3728=DIRECTION('ref_axis',(-1.,-5.71764857681961E-14,-3.29440583712264E-14));
#3729=DIRECTION('',(-1.,-5.71764857681961E-14,-3.29440583712264E-14));
#3730=DIRECTION('',(6.37248478852067E-14,-0.707106781186523,-0.707106781186572));
#3731=DIRECTION('center_axis',(-3.29440583712245E-14,-3.37147826644561E-14,
1.));
#3732=DIRECTION('ref_axis',(-5.71764857681972E-14,1.,3.37147826644542E-14));
#3733=DIRECTION('',(1.,5.71764857681961E-14,3.29440583712264E-14));
#3734=DIRECTION('',(5.71764857681972E-14,-1.,-3.37147826644542E-14));
#3735=DIRECTION('center_axis',(-1.71349137370102E-14,0.707106781186573,
-0.707106781186522));
#3736=DIRECTION('ref_axis',(-1.,-5.71764857681961E-14,-3.29440583712264E-14));
#3737=DIRECTION('',(-1.,-5.71764857681961E-14,-3.29440583712264E-14));
#3738=DIRECTION('',(6.37248478852066E-14,-0.707106781186522,-0.707106781186573));
#3739=DIRECTION('center_axis',(-5.71764857681972E-14,1.,3.37147826644542E-14));
#3740=DIRECTION('ref_axis',(-1.,-5.71764857681961E-14,-3.29440583712264E-14));
#3741=DIRECTION('',(1.,5.71764857681961E-14,3.29440583712264E-14));
#3742=DIRECTION('',(3.29440583712245E-14,3.37147826644561E-14,-1.));
#3743=DIRECTION('center_axis',(-1.71349137370102E-14,0.707106781186573,
-0.707106781186522));
#3744=DIRECTION('ref_axis',(-1.,-5.71764857681961E-14,-3.29440583712264E-14));
#3745=DIRECTION('',(-1.,-5.71764857681961E-14,-3.29440583712264E-14));
#3746=DIRECTION('',(6.37248478852066E-14,-0.707106781186522,-0.707106781186573));
#3747=DIRECTION('center_axis',(3.29440583712245E-14,3.37147826644561E-14,
-1.));
#3748=DIRECTION('ref_axis',(5.71764857681972E-14,-1.,-3.37147826644542E-14));
#3749=DIRECTION('',(-1.,-5.71764857681961E-14,-3.29440583712264E-14));
#3750=DIRECTION('',(5.71764857681972E-14,-1.,-3.37147826644542E-14));
#3751=DIRECTION('center_axis',(0.707106781186524,1.66328015071758E-14,0.707106781186571));
#3752=DIRECTION('ref_axis',(-5.72371161361649E-14,1.,3.37147826644542E-14));
#3753=DIRECTION('',(5.71764857681972E-14,-1.,-3.36541522964865E-14));
#3754=DIRECTION('',(0.639353519975601,-0.427146524028564,-0.639353519975548));
#3755=DIRECTION('',(-0.678598344545886,0.281084637714762,0.678598344545833));
#3756=DIRECTION('center_axis',(0.707106781186503,0.500000000000023,0.50000000000004));
#3757=DIRECTION('ref_axis',(-0.577350269189672,0.816496580927694,8.79851747015437E-15));
#3758=DIRECTION('',(-0.678598344545885,0.281084637714762,0.678598344545834));
#3759=DIRECTION('',(1.71349137370101E-14,-0.707106781186571,0.707106781186524));
#3760=DIRECTION('center_axis',(0.707106781186571,6.42698322593751E-14,-0.707106781186524));
#3761=DIRECTION('ref_axis',(-5.71764857681972E-14,1.,3.37147826644542E-14));
#3762=DIRECTION('',(-5.71764857681972E-14,1.,3.37147826644542E-14));
#3763=DIRECTION('',(0.357406744336531,0.862856209461026,0.357406744336634));
#3764=DIRECTION('',(-0.485619196850521,0.726875499174751,-0.485619196850486));
#3765=DIRECTION('center_axis',(0.707106781186524,1.65899293628401E-14,0.707106781186571));
#3766=DIRECTION('ref_axis',(-5.71764857681973E-14,1.,3.37147826644541E-14));
#3767=DIRECTION('',(-0.678598344545851,-0.281084637714899,0.678598344545811));
#3768=DIRECTION('',(5.71764857681972E-14,-1.,-3.37147826644542E-14));
#3769=DIRECTION('center_axis',(0.707106781186524,1.65899293628401E-14,0.707106781186571));
#3770=DIRECTION('ref_axis',(-5.71764857681973E-14,1.,3.37147826644541E-14));
#3771=DIRECTION('',(5.71764857681972E-14,-1.,-3.37147826644542E-14));
#3772=DIRECTION('',(0.67859834454585,0.281084637714899,-0.678598344545812));
#3773=DIRECTION('',(-0.678598344545852,-0.281084637714885,0.678598344545815));
#3774=DIRECTION('center_axis',(0.707106781186565,-0.499999999999975,0.499999999999999));
#3775=DIRECTION('ref_axis',(0.577350269189575,0.816496580927762,4.66016114586409E-14));
#3776=DIRECTION('',(6.37248478852065E-14,-0.707106781186519,-0.707106781186576));
#3777=DIRECTION('',(0.678598344545815,0.678598344545892,-0.281084637714788));
#3778=DIRECTION('center_axis',(0.707106781186588,-0.707106781186507,-5.4498437416657E-16));
#3779=DIRECTION('ref_axis',(0.707106781186507,0.707106781186588,4.71349185223658E-14));
#3780=DIRECTION('',(3.29440583712245E-14,3.37147826644561E-14,-1.));
#3781=DIRECTION('',(0.678598344545815,0.678598344545893,-0.281084637714786));
#3782=DIRECTION('center_axis',(0.707106781186565,-0.499999999999974,0.500000000000001));
#3783=DIRECTION('ref_axis',(0.577350269189574,0.816496580927762,4.67681449123347E-14));
#3784=DIRECTION('',(6.37248478852066E-14,-0.707106781186522,-0.707106781186573));
#3785=DIRECTION('center_axis',(0.707106781186509,-0.500000000000014,0.500000000000041));
#3786=DIRECTION('ref_axis',(0.577350269189635,0.816496580927719,4.67126337611035E-14));
#3787=DIRECTION('',(6.37248478852066E-14,-0.707106781186522,-0.707106781186573));
#3788=DIRECTION('center_axis',(0.707106781186459,0.65324879857718,0.270676942419551));
#3789=DIRECTION('ref_axis',(-0.678580027488298,0.734526477598991,2.35922392732846E-15));
#3790=DIRECTION('',(-8.54794546742567E-15,-0.382795002991354,0.923833310551665));
#3791=DIRECTION('center_axis',(3.29440583712245E-14,3.37147826644561E-14,
-1.));
#3792=DIRECTION('ref_axis',(5.71764857681972E-14,-1.,-3.37147826644542E-14));
#3793=DIRECTION('',(1.,5.71764857681961E-14,3.29440583712264E-14));
#3794=DIRECTION('',(-5.71764857681972E-14,1.,3.37147826644542E-14));
#3795=DIRECTION('',(-1.,-5.71764857681961E-14,-3.29440583712264E-14));
#3796=DIRECTION('center_axis',(1.71349137370102E-14,-0.707106781186573,
0.707106781186522));
#3797=DIRECTION('ref_axis',(1.,5.71764857681961E-14,3.29440583712264E-14));
#3798=DIRECTION('',(-1.,-5.71764857681961E-14,-3.29440583712264E-14));
#3799=DIRECTION('',(-6.37248478852066E-14,0.707106781186522,0.707106781186573));
#3800=DIRECTION('center_axis',(-5.71764857681972E-14,1.,3.37147826644542E-14));
#3801=DIRECTION('ref_axis',(3.29440583712245E-14,3.37147826644561E-14,-1.));
#3802=DIRECTION('',(1.,5.71764857681961E-14,3.29440583712264E-14));
#3803=DIRECTION('',(-3.29440583712245E-14,-3.37147826644561E-14,1.));
#3804=DIRECTION('center_axis',(1.71349137370105E-14,-0.707106781186576,
0.707106781186519));
#3805=DIRECTION('ref_axis',(1.,5.71764857681961E-14,3.29440583712264E-14));
#3806=DIRECTION('',(-1.,-5.71764857681961E-14,-3.29440583712264E-14));
#3807=DIRECTION('',(-6.37248478852065E-14,0.707106781186519,0.707106781186576));
#3808=DIRECTION('center_axis',(3.29440583712245E-14,3.37147826644561E-14,
-1.));
#3809=DIRECTION('ref_axis',(5.71764857681972E-14,-1.,-3.37147826644542E-14));
#3810=DIRECTION('',(-1.,-5.71764857681961E-14,-3.29440583712264E-14));
#3811=DIRECTION('',(-5.71764857681972E-14,1.,3.37147826644542E-14));
#3812=DIRECTION('center_axis',(0.707106781186499,0.500000000000025,0.500000000000043));
#3813=DIRECTION('ref_axis',(-0.577350269189675,0.816496580927691,8.32667268468867E-15));
#3814=DIRECTION('',(-0.678598344545889,0.281084637714758,0.67859834454583));
#3815=DIRECTION('',(1.71349137370102E-14,-0.707106781186572,0.707106781186523));
#3816=DIRECTION('',(-0.678598344545899,0.678598344545796,0.281084637714818));
#3817=DIRECTION('center_axis',(0.70710678118652,1.65899293628397E-14,0.707106781186575));
#3818=DIRECTION('ref_axis',(-5.71764857681972E-14,1.,3.37147826644542E-14));
#3819=DIRECTION('',(-0.577350269189616,-0.577350269189676,0.577350269189585));
#3820=DIRECTION('',(5.71764857681972E-14,-1.,-3.37147826644542E-14));
#3821=DIRECTION('center_axis',(0.707106781186584,-0.707106781186511,-5.44984374166825E-16));
#3822=DIRECTION('ref_axis',(0.707106781186511,0.707106781186584,4.71349185223658E-14));
#3823=DIRECTION('',(3.29440583712245E-14,3.37147826644561E-14,-1.));
#3824=DIRECTION('',(-0.577350269189578,-0.577350269189637,-0.577350269189662));
#3825=DIRECTION('center_axis',(0.707106781186567,6.4269832259375E-14,-0.707106781186528));
#3826=DIRECTION('ref_axis',(-5.71764857681972E-14,1.,3.37147826644542E-14));
#3827=DIRECTION('',(-5.71764857681972E-14,1.,3.37147826644542E-14));
#3828=DIRECTION('',(-0.577350269189643,0.577350269189612,-0.577350269189622));
#3829=DIRECTION('center_axis',(0.707106781186504,0.707106781186591,4.86581185810066E-14));
#3830=DIRECTION('ref_axis',(-0.707106781186591,0.707106781186504,5.44984374166369E-16));
#3831=DIRECTION('',(-3.29440583712243E-14,-3.58689128455933E-14,1.));
#3832=DIRECTION('center_axis',(-3.29440583712245E-14,-3.37147826644561E-14,
1.));
#3833=DIRECTION('ref_axis',(-5.71764857681972E-14,1.,3.37147826644542E-14));
#3834=DIRECTION('',(-1.,-5.71764857681961E-14,-3.29440583712264E-14));
#3835=DIRECTION('',(5.71764857681972E-14,-1.,-3.37147826644542E-14));
#3836=DIRECTION('',(-1.,-5.71764857681961E-14,-3.29440583712264E-14));
#3837=DIRECTION('center_axis',(5.71764857681973E-14,-1.,-3.58689128455914E-14));
#3838=DIRECTION('ref_axis',(-3.29440583712243E-14,-3.58689128455933E-14,
1.));
#3839=DIRECTION('',(-1.,-5.71764857681961E-14,-3.29440583712264E-14));
#3840=DIRECTION('',(3.29440583712243E-14,3.58689128455933E-14,-1.));
#3841=DIRECTION('center_axis',(6.37248478852066E-14,-0.707106781186523,
-0.707106781186572));
#3842=DIRECTION('ref_axis',(1.71349137370102E-14,-0.707106781186572,0.707106781186523));
#3843=DIRECTION('',(-1.,-5.71764857681961E-14,-3.29440583712264E-14));
#3844=DIRECTION('',(-1.71349137370102E-14,0.707106781186572,-0.707106781186523));
#3845=DIRECTION('center_axis',(-0.707106781186571,-6.42269601150393E-14,
0.707106781186524));
#3846=DIRECTION('ref_axis',(5.71158554002295E-14,-1.,-3.37147826644542E-14));
#3847=DIRECTION('',(5.71764857681972E-14,-1.,-3.36541522964865E-14));
#3848=DIRECTION('',(0.639353519975511,0.427146524028635,0.639353519975592));
#3849=DIRECTION('',(-5.71764857681972E-14,1.,3.36541522964865E-14));
#3850=DIRECTION('',(-0.678598344545809,-0.28108463771484,-0.678598344545877));
#3851=DIRECTION('center_axis',(-0.707106781186591,0.499999999999944,0.499999999999994));
#3852=DIRECTION('ref_axis',(-0.577350269189581,-0.816496580927758,-4.64905891561784E-14));
#3853=DIRECTION('',(-1.71349137370101E-14,0.707106781186571,-0.707106781186524));
#3854=DIRECTION('',(-0.678598344545808,-0.281084637714839,-0.678598344545878));
#3855=DIRECTION('',(1.71349137370101E-14,-0.707106781186571,0.707106781186524));
#3856=DIRECTION('center_axis',(-0.707106781186595,0.653248798577059,0.270676942419487));
#3857=DIRECTION('ref_axis',(-0.678580027488169,-0.73452647759911,-4.74342787271098E-14));
#3858=DIRECTION('',(-8.54794546742567E-15,-0.382795002991354,0.923833310551665));
#3859=DIRECTION('',(0.485619196850471,0.726875499174805,-0.485619196850455));
#3860=DIRECTION('',(8.54794546742567E-15,0.382795002991354,-0.923833310551665));
#3861=DIRECTION('center_axis',(-0.707106781186524,-1.65899293628401E-14,
-0.707106781186571));
#3862=DIRECTION('ref_axis',(5.71764857681973E-14,-1.,-3.37147826644541E-14));
#3863=DIRECTION('',(-5.71764857681972E-14,1.,3.37147826644542E-14));
#3864=DIRECTION('',(0.357406744336647,-0.862856209460987,-0.357406744336611));
#3865=DIRECTION('',(5.71764857681972E-14,-1.,-3.37147826644542E-14));
#3866=DIRECTION('center_axis',(-0.707106781186542,-0.500000000000054,0.499999999999954));
#3867=DIRECTION('ref_axis',(0.577350269189666,-0.816496580927698,-8.7430063189231E-15));
#3868=DIRECTION('',(6.37248478852066E-14,-0.707106781186522,-0.707106781186573));
#3869=DIRECTION('',(0.678598344545832,-0.28108463771481,0.678598344545866));
#3870=DIRECTION('',(-6.37248478852066E-14,0.707106781186522,0.707106781186573));
#3871=DIRECTION('center_axis',(-0.707106781186571,-6.42698322593751E-14,
0.707106781186524));
#3872=DIRECTION('ref_axis',(5.71764857681972E-14,-1.,-3.37147826644542E-14));
#3873=DIRECTION('',(5.71764857681972E-14,-1.,-3.37147826644542E-14));
#3874=DIRECTION('',(0.678598344545837,-0.281084637714821,0.678598344545856));
#3875=DIRECTION('center_axis',(-0.707106781186541,-0.500000000000057,0.499999999999953));
#3876=DIRECTION('ref_axis',(0.577350269189669,-0.816496580927695,-8.65973959207621E-15));
#3877=DIRECTION('',(6.37248478852065E-14,-0.707106781186519,-0.707106781186576));
#3878=DIRECTION('',(0.678598344545874,-0.678598344545815,0.281084637714833));
#3879=DIRECTION('center_axis',(-0.707106781186507,-0.707106781186588,-4.71349185223658E-14));
#3880=DIRECTION('ref_axis',(0.707106781186588,-0.707106781186507,-5.44984374166565E-16));
#3881=DIRECTION('',(3.29440583712245E-14,3.37147826644561E-14,-1.));
#3882=DIRECTION('',(0.678598344545872,-0.678598344545817,0.281084637714831));
#3883=DIRECTION('center_axis',(-0.707106781186543,-0.500000000000053,0.499999999999953));
#3884=DIRECTION('ref_axis',(0.577350269189665,-0.816496580927698,-8.40993941153556E-15));
#3885=DIRECTION('',(6.37248478852066E-14,-0.707106781186522,-0.707106781186573));
#3886=DIRECTION('',(0.678598344545835,-0.281084637714822,0.678598344545858));
#3887=DIRECTION('center_axis',(-0.707106781186571,-6.42698322593751E-14,
0.707106781186524));
#3888=DIRECTION('ref_axis',(5.71764857681972E-14,-1.,-3.37147826644542E-14));
#3889=DIRECTION('',(5.71764857681972E-14,-1.,-3.37147826644542E-14));
#3890=DIRECTION('center_axis',(6.37248478852067E-14,-0.707106781186524,
-0.707106781186571));
#3891=DIRECTION('ref_axis',(1.71349137370101E-14,-0.707106781186571,0.707106781186524));
#3892=DIRECTION('',(-1.,-5.71764857681961E-14,-3.29440583712264E-14));
#3893=DIRECTION('center_axis',(3.29440583712245E-14,3.36541522964884E-14,
-1.));
#3894=DIRECTION('ref_axis',(5.71764857681972E-14,-1.,-3.36541522964865E-14));
#3895=DIRECTION('',(1.,5.74288091828836E-14,3.29440583712264E-14));
#3896=DIRECTION('center_axis',(-1.,-5.71764857681961E-14,-3.29440583712264E-14));
#3897=DIRECTION('ref_axis',(5.71764857681972E-14,-1.,-3.37147826644542E-14));
#3898=DIRECTION('',(3.29440583712245E-14,3.37147826644561E-14,-1.));
#3899=DIRECTION('',(1.71349137370101E-14,-0.707106781186571,0.707106781186524));
#3900=DIRECTION('',(6.37248478852067E-14,-0.707106781186524,-0.707106781186571));
#3901=DIRECTION('',(3.29440583712245E-14,3.37147826644561E-14,-1.));
#3902=DIRECTION('',(-1.71349137370101E-14,0.707106781186572,-0.707106781186523));
#3903=DIRECTION('',(-5.71764857681972E-14,1.,3.37147826644542E-14));
#3904=DIRECTION('',(-1.71349137370101E-14,0.707106781186571,-0.707106781186524));
#3905=DIRECTION('',(3.29440583712245E-14,3.37147826644561E-14,-1.));
#3906=DIRECTION('',(6.37248478852067E-14,-0.707106781186523,-0.707106781186572));
#3907=DIRECTION('',(5.71764857681972E-14,-1.,-3.37147826644542E-14));
#3908=DIRECTION('',(6.37248478852066E-14,-0.707106781186524,-0.707106781186571));
#3909=DIRECTION('',(-6.37248478852067E-14,0.707106781186523,0.707106781186572));
#3910=DIRECTION('',(-5.71764857681972E-14,1.,3.37147826644542E-14));
#3911=DIRECTION('',(-6.37248478852066E-14,0.707106781186522,0.707106781186573));
#3912=DIRECTION('',(-3.29440583712245E-14,-3.37147826644561E-14,1.));
#3913=DIRECTION('',(-6.37248478852066E-14,0.707106781186522,0.707106781186573));
#3914=DIRECTION('',(-5.71764857681972E-14,1.,3.37147826644542E-14));
#3915=DIRECTION('',(6.37248478852067E-14,-0.707106781186524,-0.707106781186571));
#3916=DIRECTION('',(5.71764857681972E-14,-1.,-3.37147826644542E-14));
#3917=DIRECTION('',(3.29440583712245E-14,3.37147826644561E-14,-1.));
#3918=DIRECTION('',(-5.71764857681972E-14,1.,3.37147826644542E-14));
#3919=DIRECTION('',(-1.71349137370101E-14,0.707106781186571,-0.707106781186524));
#3920=DIRECTION('',(-5.71764857681972E-14,1.,3.37147826644542E-14));
#3921=DIRECTION('',(-6.37248478852067E-14,0.707106781186523,0.707106781186572));
#3922=DIRECTION('',(-5.71764857681972E-14,1.,3.37147826644542E-14));
#3923=DIRECTION('',(-1.71349137370101E-14,0.707106781186572,-0.707106781186523));
#3924=DIRECTION('',(3.29440583712245E-14,3.37147826644561E-14,-1.));
#3925=DIRECTION('',(6.37248478852067E-14,-0.707106781186524,-0.707106781186571));
#3926=DIRECTION('',(5.71764857681972E-14,-1.,-3.37147826644542E-14));
#3927=DIRECTION('',(6.37248478852067E-14,-0.707106781186523,-0.707106781186572));
#3928=DIRECTION('',(8.5479454674252E-15,0.38279500299136,-0.923833310551663));
#3929=DIRECTION('',(-5.71844411575927E-14,0.999999970831052,0.00024153239060217));
#3930=DIRECTION('',(-6.37227781021563E-14,0.707021381433886,0.707192170626428));
#3931=DIRECTION('',(-3.29440583712244E-14,-3.41588718743061E-14,1.));
#3932=DIRECTION('',(5.71764857681972E-14,-1.,-3.37147826644542E-14));
#3933=DIRECTION('',(1.71349137370101E-14,-0.707106781186571,0.707106781186524));
#3934=DIRECTION('',(-3.29440583712244E-14,-3.41588718743061E-14,1.));
#3935=DIRECTION('',(-6.37248478852066E-14,0.707106781186524,0.707106781186571));
#3936=DIRECTION('',(-5.71764857681972E-14,1.,3.37147826644542E-14));
#3937=DIRECTION('',(-1.71349137370101E-14,0.707106781186571,-0.707106781186523));
#3938=DIRECTION('',(-3.29440583712243E-14,-3.58689128455933E-14,1.));
#3939=DIRECTION('',(1.71349137370102E-14,-0.707106781186572,0.707106781186523));
#3940=DIRECTION('',(5.71764857681972E-14,-1.,-3.37147826644542E-14));
#3941=DIRECTION('',(3.29440583712245E-14,3.37147826644561E-14,-1.));
#3942=DIRECTION('',(-5.71764857681972E-14,1.,3.37147826644542E-14));
#3943=DIRECTION('center_axis',(-0.707106781186593,0.707106781186502,2.068184432807E-15));
#3944=DIRECTION('ref_axis',(-0.707106781186502,-0.707106781186593,-4.71349185223658E-14));
#3945=DIRECTION('',(0.577350269189606,0.577350269189682,-0.577350269189588));
#3946=DIRECTION('',(-0.678598344545795,-0.67859834454588,-0.281084637714865));
#3947=DIRECTION('center_axis',(-0.707106781186594,0.499999999999941,0.499999999999993));
#3948=DIRECTION('ref_axis',(-0.577350269189577,-0.81649658092776,-4.69901895172597E-14));
#3949=DIRECTION('',(-0.678598344545805,-0.281084637714835,-0.678598344545883));
#3950=DIRECTION('center_axis',(-0.707106781186528,-1.65899293628404E-14,
-0.707106781186567));
#3951=DIRECTION('ref_axis',(5.71764857681972E-14,-1.,-3.37147826644542E-14));
#3952=DIRECTION('',(0.577350269189674,-0.577350269189576,-0.577350269189628));
#3953=DIRECTION('center_axis',(-0.707106781186575,-6.42698322593752E-14,
0.70710678118652));
#3954=DIRECTION('ref_axis',(5.71764857681972E-14,-1.,-3.37147826644542E-14));
#3955=DIRECTION('',(-5.71764857681972E-14,1.,3.37147826644542E-14));
#3956=DIRECTION('',(-0.577350269189636,0.577350269189614,-0.577350269189628));
#3957=DIRECTION('center_axis',(-0.707106781186511,-0.707106781186584,-4.71349185223658E-14));
#3958=DIRECTION('ref_axis',(0.707106781186584,-0.707106781186511,-5.4498437416683E-16));
#3959=DIRECTION('',(-3.29440583712245E-14,-3.37147826644561E-14,1.));
#3960=DIRECTION('center_axis',(3.29440583712245E-14,3.37147826644561E-14,
-1.));
#3961=DIRECTION('ref_axis',(5.71764857681972E-14,-1.,-3.37147826644542E-14));
#3962=DIRECTION('',(-1.,-5.71764857681961E-14,-3.29440583712264E-14));
#3963=DIRECTION('center_axis',(-0.707106781186507,-0.707106781186588,-4.71349185223658E-14));
#3964=DIRECTION('ref_axis',(0.707106781186588,-0.707106781186507,-5.44984374166546E-16));
#3965=DIRECTION('',(-0.577350269189641,0.577350269189613,-0.577350269189623));
#3966=DIRECTION('',(-0.357406744336587,0.357406744336603,-0.862856209461015));
#3967=DIRECTION('',(0.678598344545898,-0.678598344545801,-0.281084637714809));
#3968=DIRECTION('center_axis',(-0.707106781186497,-0.500000000000027,-0.500000000000044));
#3969=DIRECTION('ref_axis',(0.577350269189678,-0.816496580927689,-8.49320613838245E-15));
#3970=DIRECTION('',(0.678598344545888,-0.281084637714745,-0.678598344545837));
#3971=DIRECTION('',(1.71349137370101E-14,-0.707106781186571,0.707106781186523));
#3972=DIRECTION('center_axis',(-0.707106781186524,-1.65899293628401E-14,
-0.707106781186571));
#3973=DIRECTION('ref_axis',(5.71764857681973E-14,-1.,-3.37147826644541E-14));
#3974=DIRECTION('',(0.678598344545852,0.281084637714886,-0.678598344545815));
#3975=DIRECTION('',(5.71764857681972E-14,-1.,-3.37147826644542E-14));
#3976=DIRECTION('center_axis',(-0.707106781186594,0.499999999999942,0.499999999999993));
#3977=DIRECTION('ref_axis',(-0.577350269189578,-0.81649658092776,-4.66293670342566E-14));
#3978=DIRECTION('',(0.678598344545808,0.281084637714838,0.678598344545878));
#3979=DIRECTION('',(-1.71349137370101E-14,0.707106781186571,-0.707106781186524));
#3980=DIRECTION('',(-0.678598344545798,-0.678598344545876,-0.281084637714867));
#3981=DIRECTION('center_axis',(-0.707106781186571,-6.42698322593751E-14,
0.707106781186524));
#3982=DIRECTION('ref_axis',(5.71764857681972E-14,-1.,-3.37147826644542E-14));
#3983=DIRECTION('',(0.577350269189576,0.577350269189634,0.577350269189667));
#3984=DIRECTION('',(-5.71764857681972E-14,1.,3.37147826644542E-14));
#3985=DIRECTION('center_axis',(-0.707106781186586,0.707106781186509,8.59002865903422E-16));
#3986=DIRECTION('ref_axis',(-0.707106781186509,-0.707106781186586,-4.71349185223658E-14));
#3987=DIRECTION('',(0.678607500597676,0.678607500597754,-0.281040424610133));
#3988=DIRECTION('',(3.29440583712244E-14,3.41588718743061E-14,-1.));
#3989=DIRECTION('center_axis',(-0.70710678118658,0.000170789191230549,-0.707106760560954));
#3990=DIRECTION('ref_axis',(-0.000241532383465995,-0.999999970831054,-3.37228210850818E-14));
#3991=DIRECTION('',(0.639323017343439,-0.427083395179554,-0.639426190468287));
#3992=DIRECTION('',(5.71844411575927E-14,-0.999999970831052,-0.00024153239060217));
#3993=DIRECTION('',(-0.67860750059766,-0.281204322104453,0.678539600437861));
#3994=DIRECTION('center_axis',(-0.707106781186502,-0.653248798577138,-0.270676942419539));
#3995=DIRECTION('ref_axis',(0.678580027488252,-0.734526477599033,-2.41473507855972E-15));
#3996=DIRECTION('',(0.639323017343483,-0.754172404068935,0.149966877795424));
#3997=DIRECTION('',(-8.5479454674252E-15,-0.38279500299136,0.923833310551663));
#3998=DIRECTION('center_axis',(-0.707106781186539,-0.500000000000055,0.499999999999957));
#3999=DIRECTION('ref_axis',(0.577350269189669,-0.816496580927696,-8.46545056276681E-15));
#4000=DIRECTION('',(0.678598344545839,-0.281084637714805,0.678598344545861));
#4001=DIRECTION('',(-6.37248478852067E-14,0.707106781186523,0.707106781186572));
#4002=DIRECTION('center_axis',(-0.707106781186508,-0.707106781186587,-4.71349185223658E-14));
#4003=DIRECTION('ref_axis',(0.707106781186587,-0.707106781186508,-5.44984374166603E-16));
#4004=DIRECTION('',(0.678598344545895,-0.678598344545801,-0.281084637714816));
#4005=DIRECTION('',(-3.29440583712245E-14,-3.37147826644561E-14,1.));
#4006=DIRECTION('',(-0.678598344545877,0.678598344545819,-0.281084637714814));
#4007=DIRECTION('center_axis',(-0.707106781186499,-0.500000000000025,-0.500000000000043));
#4008=DIRECTION('ref_axis',(0.577350269189676,-0.816496580927691,-8.68749516769185E-15));
#4009=DIRECTION('',(0.678598344545887,-0.281084637714755,-0.678598344545835));
#4010=DIRECTION('',(1.71349137370101E-14,-0.707106781186572,0.707106781186523));
#4011=DIRECTION('center_axis',(-0.707106781186524,-1.658992936284E-14,-0.707106781186571));
#4012=DIRECTION('ref_axis',(5.71764857681972E-14,-1.,-3.37147826644542E-14));
#4013=DIRECTION('',(0.678598344545853,0.281084637714882,-0.678598344545815));
#4014=DIRECTION('',(5.71764857681972E-14,-1.,-3.37147826644542E-14));
#4015=DIRECTION('center_axis',(-0.70710678118656,0.499999999999976,-0.500000000000006));
#4016=DIRECTION('ref_axis',(-0.577350269189579,-0.816496580927759,-4.6296300126869E-14));
#4017=DIRECTION('',(0.678598344545854,0.281084637714882,-0.678598344545815));
#4018=DIRECTION('',(6.37248478852067E-14,-0.707106781186523,-0.707106781186572));
#4019=DIRECTION('center_axis',(-0.707106781186524,-1.658992936284E-14,-0.707106781186571));
#4020=DIRECTION('ref_axis',(5.71764857681972E-14,-1.,-3.37147826644542E-14));
#4021=DIRECTION('',(0.678598344545885,-0.281084637714762,-0.678598344545833));
#4022=DIRECTION('',(5.71764857681972E-14,-1.,-3.37147826644542E-14));
#4023=DIRECTION('center_axis',(-0.707106781186503,-0.500000000000023,-0.50000000000004));
#4024=DIRECTION('ref_axis',(0.577350269189672,-0.816496580927694,-8.79851747015437E-15));
#4025=DIRECTION('',(0.678598344545885,-0.281084637714762,-0.678598344545834));
#4026=DIRECTION('',(1.71349137370101E-14,-0.707106781186571,0.707106781186524));
#4027=DIRECTION('center_axis',(-0.707106781186524,-1.65899293628401E-14,
-0.707106781186571));
#4028=DIRECTION('ref_axis',(5.71764857681973E-14,-1.,-3.37147826644541E-14));
#4029=DIRECTION('',(0.577350269189678,-0.577350269189574,-0.577350269189626));
#4030=DIRECTION('',(5.71764857681972E-14,-1.,-3.37147826644542E-14));
#4031=DIRECTION('center_axis',(-0.70710678118657,-6.42698322593751E-14,
0.707106781186525));
#4032=DIRECTION('ref_axis',(5.71764857681972E-14,-1.,-3.37147826644542E-14));
#4033=DIRECTION('',(0.67859834454584,-0.281084637714807,0.67859834454586));
#4034=DIRECTION('',(-5.71764857681972E-14,1.,3.37147826644542E-14));
#4035=DIRECTION('',(-0.57735026918964,0.577350269189613,-0.577350269189624));
#4036=DIRECTION('center_axis',(-0.707106781186537,-0.500000000000056,0.499999999999959));
#4037=DIRECTION('ref_axis',(0.577350269189671,-0.816496580927694,-8.24340595784179E-15));
#4038=DIRECTION('',(0.357406744336653,-0.862856209460985,-0.35740674433661));
#4039=DIRECTION('',(0.678598344545874,-0.678598344545822,0.281084637714816));
#4040=DIRECTION('',(-6.37248478852067E-14,0.707106781186524,0.707106781186571));
#4041=DIRECTION('center_axis',(-0.707106781186507,-0.707106781186588,-4.71349185223658E-14));
#4042=DIRECTION('ref_axis',(0.707106781186588,-0.707106781186507,-5.44984374166565E-16));
#4043=DIRECTION('',(-3.29440583712245E-14,-3.37147826644561E-14,1.));
#4044=DIRECTION('center_axis',(-0.707106781186534,-0.500000000000058,0.499999999999961));
#4045=DIRECTION('ref_axis',(0.577350269189674,-0.816496580927692,-8.3544282603043E-15));
#4046=DIRECTION('',(-6.37248478852067E-14,0.707106781186524,0.707106781186571));
#4047=DIRECTION('',(-0.678598344545842,0.281084637714801,-0.67859834454586));
#4048=DIRECTION('center_axis',(-0.70710678118657,-6.42698322593751E-14,
0.707106781186525));
#4049=DIRECTION('ref_axis',(5.71764857681972E-14,-1.,-3.37147826644542E-14));
#4050=DIRECTION('',(-5.71764857681972E-14,1.,3.37147826644542E-14));
#4051=DIRECTION('center_axis',(-0.707106781186562,0.50006037945194,-0.499939613255803));
#4052=DIRECTION('ref_axis',(-0.577396746507002,-0.816463714517142,-4.63795668537159E-14));
#4053=DIRECTION('',(6.37227781021563E-14,-0.707021381433886,-0.707192170626428));
#4054=DIRECTION('center_axis',(-0.707106781186593,0.707106781186502,8.59002865902991E-16));
#4055=DIRECTION('ref_axis',(-0.707106781186502,-0.707106781186593,-4.71349185223658E-14));
#4056=DIRECTION('',(3.29440583712244E-14,3.41588718743061E-14,-1.));
#4057=DIRECTION('',(-0.678598344545815,-0.678598344545898,0.281084637714777));
#4058=DIRECTION('center_axis',(-0.707106781186563,0.499999999999974,-0.500000000000004));
#4059=DIRECTION('ref_axis',(-0.577350269189576,-0.816496580927762,-4.64073224293315E-14));
#4060=DIRECTION('',(6.37248478852066E-14,-0.707106781186524,-0.707106781186571));
#4061=DIRECTION('center_axis',(-0.707106781186568,-6.42698322593751E-14,
0.707106781186527));
#4062=DIRECTION('ref_axis',(5.71764857681972E-14,-1.,-3.37147826644542E-14));
#4063=DIRECTION('',(0.678598344545811,0.281084637714833,0.678598344545878));
#4064=DIRECTION('center_axis',(6.37248478852067E-14,-0.707106781186524,
-0.707106781186572));
#4065=DIRECTION('ref_axis',(1.,5.71764857681961E-14,3.29440583712264E-14));
#4066=DIRECTION('',(1.,5.71764857681961E-14,3.29440583712264E-14));
#4067=DIRECTION('center_axis',(3.29440583712245E-14,3.37147826644561E-14,
-1.));
#4068=DIRECTION('ref_axis',(-1.,-5.71764857681961E-14,-3.29440583712264E-14));
#4069=DIRECTION('',(-1.,-5.71764857681961E-14,-3.29440583712264E-14));
#4070=DIRECTION('center_axis',(-1.71349137370101E-14,0.707106781186571,
-0.707106781186524));
#4071=DIRECTION('ref_axis',(-1.,-5.71764857681961E-14,-3.29440583712264E-14));
#4072=DIRECTION('',(1.,5.71764857681961E-14,3.29440583712264E-14));
#4073=DIRECTION('center_axis',(5.71764857681972E-14,-1.,-3.41588718743042E-14));
#4074=DIRECTION('ref_axis',(-3.2902425007801E-14,-3.41588718743061E-14,
1.));
#4075=DIRECTION('',(-1.,-5.71764857681961E-14,-3.29440583712264E-14));
#4076=DIRECTION('center_axis',(-6.37248478852067E-14,0.707106781186524,
0.707106781186571));
#4077=DIRECTION('ref_axis',(-1.,-5.71764857681961E-14,-3.29440583712264E-14));
#4078=DIRECTION('',(1.,5.71764857681961E-14,3.29440583712264E-14));
#4079=DIRECTION('center_axis',(3.29440583712245E-14,3.37147826644561E-14,
-1.));
#4080=DIRECTION('ref_axis',(1.,5.71764857681961E-14,3.29440583712264E-14));
#4081=DIRECTION('',(1.,5.71764857681961E-14,3.29440583712264E-14));
#4082=DIRECTION('center_axis',(5.71764857681972E-14,-1.,-3.41588718743042E-14));
#4083=DIRECTION('ref_axis',(-3.2902425007801E-14,-3.41588718743061E-14,
1.));
#4084=DIRECTION('',(-1.,-5.71764857681961E-14,-3.2902425007803E-14));
#4085=DIRECTION('center_axis',(-1.717204509766E-14,0.707192170626428,-0.707021381433886));
#4086=DIRECTION('ref_axis',(-1.,-5.72181090770279E-14,-3.29440583712264E-14));
#4087=DIRECTION('',(1.,5.71764857681961E-14,3.2902425007803E-14));
#4088=DIRECTION('center_axis',(3.288861407478E-14,0.00024153239060217,-0.999999970831052));
#4089=DIRECTION('ref_axis',(5.71844311017869E-14,-0.999999970831052,-0.00024153239060217));
#4090=DIRECTION('',(-1.,-5.71348423465372E-14,-3.29024149495675E-14));
#4091=DIRECTION('center_axis',(6.53779505818914E-14,-0.923833310551663,
-0.38279500299136));
#4092=DIRECTION('ref_axis',(1.,5.71175871842298E-14,3.29440583712264E-14));
#4093=DIRECTION('',(1.,5.71348423465372E-14,3.29024149495675E-14));
#4094=DIRECTION('center_axis',(-1.71349137370101E-14,0.707106781186572,
-0.707106781186523));
#4095=DIRECTION('ref_axis',(6.37248478852067E-14,-0.707106781186523,-0.707106781186572));
#4096=DIRECTION('',(-1.,-5.71764857681961E-14,-3.29440583712264E-14));
#4097=DIRECTION('center_axis',(-3.29440583712245E-14,-3.37147826644561E-14,
1.));
#4098=DIRECTION('ref_axis',(-1.,-5.71764857681961E-14,-3.29440583712264E-14));
#4099=DIRECTION('',(-1.,-5.71764857681961E-14,-3.29440583712264E-14));
#4100=DIRECTION('center_axis',(1.71349137370101E-14,-0.707106781186571,
0.707106781186524));
#4101=DIRECTION('ref_axis',(1.,5.71764857681961E-14,3.29440583712264E-14));
#4102=DIRECTION('',(1.,5.71764857681961E-14,3.29440583712264E-14));
#4103=DIRECTION('center_axis',(5.71764857681972E-14,-1.,-3.37147826644542E-14));
#4104=DIRECTION('ref_axis',(1.,5.71764857681961E-14,3.29440583712264E-14));
#4105=DIRECTION('',(-1.,-5.71764857681961E-14,-3.29440583712264E-14));
#4106=DIRECTION('center_axis',(6.37248478852066E-14,-0.707106781186523,
-0.707106781186572));
#4107=DIRECTION('ref_axis',(1.,5.71764857681961E-14,3.29440583712264E-14));
#4108=DIRECTION('',(1.,5.71764857681961E-14,3.29440583712264E-14));
#4109=DIRECTION('center_axis',(3.29440583712245E-14,3.37147826644561E-14,
-1.));
#4110=DIRECTION('ref_axis',(5.71764857681972E-14,-1.,-3.37147826644542E-14));
#4111=DIRECTION('',(-1.,-5.71764857681961E-14,-3.29440583712264E-14));
#4112=DIRECTION('center_axis',(-1.71349137370101E-14,0.707106781186572,
-0.707106781186523));
#4113=DIRECTION('ref_axis',(-1.,-5.71764857681961E-14,-3.29440583712264E-14));
#4114=DIRECTION('',(-1.,-5.71764857681961E-14,-3.29440583712264E-14));
#4115=DIRECTION('center_axis',(3.29440583712245E-14,3.37147826644561E-14,
-1.));
#4116=DIRECTION('ref_axis',(-5.71764857681972E-14,1.,3.37147826644542E-14));
#4117=DIRECTION('',(1.,5.71764857681961E-14,3.29440583712264E-14));
#4118=DIRECTION('center_axis',(6.37248478852067E-14,-0.707106781186524,
-0.707106781186571));
#4119=DIRECTION('ref_axis',(1.,5.71764857681961E-14,3.29440583712264E-14));
#4120=DIRECTION('',(1.,5.71764857681961E-14,3.29440583712264E-14));
#4121=DIRECTION('center_axis',(3.29440583712245E-14,3.37147826644561E-14,
-1.));
#4122=DIRECTION('ref_axis',(5.71764857681972E-14,-1.,-3.37147826644542E-14));
#4123=DIRECTION('',(1.,5.71764857681961E-14,3.29440583712264E-14));
#4124=DIRECTION('center_axis',(-5.71764857681972E-14,1.,3.37147826644542E-14));
#4125=DIRECTION('ref_axis',(-1.,-5.71764857681961E-14,-3.29440583712264E-14));
#4126=DIRECTION('',(-1.,-5.71764857681961E-14,-3.29440583712264E-14));
#4127=DIRECTION('center_axis',(3.29440583712245E-14,3.37147826644561E-14,
-1.));
#4128=DIRECTION('ref_axis',(-1.,-5.71764857681961E-14,-3.29440583712264E-14));
#4129=DIRECTION('',(1.,5.71764857681961E-14,3.29440583712264E-14));
#4130=DIRECTION('center_axis',(1.71349137370101E-14,-0.707106781186571,
0.707106781186524));
#4131=DIRECTION('ref_axis',(1.,5.71764857681961E-14,3.29440583712264E-14));
#4132=DIRECTION('',(1.,5.71764857681961E-14,3.29440583712264E-14));
#4133=DIRECTION('center_axis',(-0.707106781186511,-0.707106781186584,-4.71349185223658E-14));
#4134=DIRECTION('ref_axis',(0.707106781186584,-0.707106781186511,-5.44984374166827E-16));
#4135=DIRECTION('',(0.577350269189677,-0.577350269189573,-0.577350269189627));
#4136=DIRECTION('',(-3.29440583712245E-14,-3.37147826644561E-14,1.));
#4137=DIRECTION('center_axis',(-0.707106781186508,-0.707106781186587,-4.71349185223658E-14));
#4138=DIRECTION('ref_axis',(0.707106781186587,-0.707106781186508,-5.44984374166615E-16));
#4139=DIRECTION('',(-0.678598344545895,0.678598344545801,0.281084637714817));
#4140=DIRECTION('',(0.678598344545876,-0.678598344545819,0.28108463771482));
#4141=DIRECTION('center_axis',(-0.707106781186502,-0.500000000000024,-0.500000000000041));
#4142=DIRECTION('ref_axis',(0.577350269189673,-0.816496580927693,-8.71525074330748E-15));
#4143=DIRECTION('',(-0.678598344545895,0.678598344545799,0.281084637714819));
#4144=DIRECTION('',(0.678598344545886,-0.281084637714758,-0.678598344545834));
#4145=DIRECTION('center_axis',(-0.707106781186507,-0.707106781186588,-4.71349185223658E-14));
#4146=DIRECTION('ref_axis',(0.707106781186588,-0.707106781186507,-5.44984374166565E-16));
#4147=DIRECTION('',(-0.678598344545876,0.678598344545815,-0.281084637714827));
#4148=DIRECTION('center_axis',(-0.707106781186588,0.707106781186507,5.4498437416657E-16));
#4149=DIRECTION('ref_axis',(-0.707106781186507,-0.707106781186588,-4.71349185223658E-14));
#4150=DIRECTION('',(-0.678598344545817,-0.678598344545898,0.281084637714771));
#4151=DIRECTION('',(0.678598344545819,0.678598344545896,-0.281084637714769));
#4152=DIRECTION('center_axis',(-0.70710678118656,0.499999999999977,-0.500000000000005));
#4153=DIRECTION('ref_axis',(-0.577350269189579,-0.816496580927759,-4.67403893367191E-14));
#4154=DIRECTION('',(-0.678598344545853,-0.281084637714872,0.67859834454582));
#4155=DIRECTION('center_axis',(-0.707106781186525,-1.65899293628401E-14,
-0.70710678118657));
#4156=DIRECTION('ref_axis',(5.71764857681972E-14,-1.,-3.37147826644542E-14));
#4157=DIRECTION('center_axis',(-0.70710678118656,0.499999999999977,-0.500000000000005));
#4158=DIRECTION('ref_axis',(-0.577350269189579,-0.816496580927759,-4.67403893367191E-14));
#4159=DIRECTION('',(0.678598344545853,0.281084637714885,-0.678598344545814));
#4160=DIRECTION('center_axis',(-0.707106781186524,-1.65899293628401E-14,
-0.707106781186571));
#4161=DIRECTION('ref_axis',(5.71764857681973E-14,-1.,-3.37147826644541E-14));
#4162=DIRECTION('',(0.678598344545847,0.281084637714884,-0.67859834454582));
#4163=DIRECTION('center_axis',(-0.707106781186563,0.499999999999975,-0.500000000000004));
#4164=DIRECTION('ref_axis',(-0.577350269189576,-0.816496580927761,-4.6601611458641E-14));
#4165=DIRECTION('center_axis',(-0.707106781186534,-0.500000000000058,0.499999999999961));
#4166=DIRECTION('ref_axis',(0.577350269189674,-0.816496580927692,-8.3544282603043E-15));
#4167=DIRECTION('',(0.678598344545842,-0.281084637714799,0.678598344545861));
#4168=DIRECTION('center_axis',(-0.707106781186571,-6.42698322593751E-14,
0.707106781186524));
#4169=DIRECTION('ref_axis',(5.71764857681972E-14,-1.,-3.37147826644542E-14));
#4170=DIRECTION('',(0.678598344545839,-0.281084637714805,0.678598344545862));
#4171=DIRECTION('center_axis',(-0.707106781186537,-0.500000000000057,0.499999999999959));
#4172=DIRECTION('ref_axis',(0.577350269189671,-0.816496580927694,-8.63198401646059E-15));
#4173=DIRECTION('center_axis',(-0.707106781186524,-1.65899293628401E-14,
-0.707106781186571));
#4174=DIRECTION('ref_axis',(5.71764857681973E-14,-1.,-3.37147826644541E-14));
#4175=DIRECTION('',(0.678598344545886,-0.281084637714757,-0.678598344545834));
#4176=DIRECTION('center_axis',(-0.707106781186502,-0.500000000000023,-0.500000000000041));
#4177=DIRECTION('ref_axis',(0.577350269189672,-0.816496580927693,-8.46545056276682E-15));
#4178=DIRECTION('center_axis',(-0.707106781186535,-0.500000000000058,0.49999999999996));
#4179=DIRECTION('ref_axis',(0.577350269189673,-0.816496580927693,-8.63198401646059E-15));
#4180=DIRECTION('',(0.577350269189601,2.37807117327849E-15,0.816496580927743));
#4181=DIRECTION('center_axis',(-0.707106781186589,0.499999999999945,0.499999999999996));
#4182=DIRECTION('ref_axis',(-0.577350269189583,-0.816496580927756,-4.67403893367191E-14));
#4183=DIRECTION('center_axis',(-5.71764857681972E-14,1.,3.37147826644542E-14));
#4184=DIRECTION('ref_axis',(-1.,-5.71764857681961E-14,-3.29440583712264E-14));
#4185=DIRECTION('center_axis',(1.71349137370103E-14,-0.707106781186573,
0.707106781186522));
#4186=DIRECTION('ref_axis',(-6.39211094425421E-14,0.707106781186522,0.707106781186573));
#4187=DIRECTION('',(1.,5.71764857681961E-14,3.29440583712264E-14));
#4188=DIRECTION('center_axis',(-3.29440583712245E-14,-3.37147826644561E-14,
1.));
#4189=DIRECTION('ref_axis',(-5.71764857681972E-14,1.,3.37147826644542E-14));
#4190=DIRECTION('',(-1.,-5.74288091828836E-14,-3.29440583712264E-14));
#4191=DIRECTION('center_axis',(-6.56654678312242E-14,0.923833310551665,
0.382795002991354));
#4192=DIRECTION('ref_axis',(8.44169851091757E-15,0.382795002991354,-0.923833310551665));
#4193=DIRECTION('center_axis',(-5.71764857681972E-14,1.,3.37147826644542E-14));
#4194=DIRECTION('ref_axis',(3.29440583712245E-14,3.37147826644561E-14,-1.));
#4195=CARTESIAN_POINT('',(0.,0.,0.));
#4196=CARTESIAN_POINT('Origin',(-309.100284907051,194.474118900676,-255.555672155696));
#4197=CARTESIAN_POINT('',(-307.834599482102,196.0226470381,-255.755672155696));
#4198=CARTESIAN_POINT('',(-309.648813044475,194.208433475727,-255.755672155696));
#4199=CARTESIAN_POINT('',(-309.241706263289,194.615540256913,-255.755672155696));
#4200=CARTESIAN_POINT('',(-309.248813044475,194.042748050777,-255.355672155696));
#4201=CARTESIAN_POINT('',(-307.603766059727,193.361347278954,-253.710625170947));
#4202=CARTESIAN_POINT('',(-307.668914057153,195.6226470381,-255.355672155696));
#4203=CARTESIAN_POINT('',(-308.958863550814,194.332697544439,-255.355672155696));
#4204=CARTESIAN_POINT('',(-307.668914057153,195.6226470381,-255.355672155696));
#4205=CARTESIAN_POINT('Origin',(-301.648813044475,195.8226470381,-255.555672155695));
#4206=CARTESIAN_POINT('',(-303.628712031798,195.6226470381,-255.355672155695));
#4207=CARTESIAN_POINT('',(-301.648813044475,195.6226470381,-255.355672155695));
#4208=CARTESIAN_POINT('',(-303.463026606848,196.0226470381,-255.755672155695));
#4209=CARTESIAN_POINT('',(-303.628712031798,195.6226470381,-255.355672155695));
#4210=CARTESIAN_POINT('',(-301.648813044475,196.0226470381,-255.755672155695));
#4211=CARTESIAN_POINT('Origin',(-300.197341181899,192.474118900676,-255.555672155695));
#4212=CARTESIAN_POINT('',(-302.048813044475,194.042748050778,-255.355672155695));
#4213=CARTESIAN_POINT('',(-300.338762538136,192.332697544439,-255.355672155695));
#4214=CARTESIAN_POINT('',(-301.648813044475,194.208433475727,-255.755672155695));
#4215=CARTESIAN_POINT('',(-303.424107885834,193.473082275225,-253.980377314337));
#4216=CARTESIAN_POINT('',(-300.055919825662,192.615540256914,-255.755672155695));
#4217=CARTESIAN_POINT('Origin',(-301.648813044475,186.0226470381,-255.355672155696));
#4218=CARTESIAN_POINT('',(-309.248813044473,153.5226470381,-255.355672155697));
#4219=CARTESIAN_POINT('',(-309.248813044474,175.272647198287,-255.355672155696));
#4220=CARTESIAN_POINT('',(-302.048813044473,153.5226470381,-255.355672155697));
#4221=CARTESIAN_POINT('',(-305.648813044473,153.5226470381,-255.355672155697));
#4222=CARTESIAN_POINT('',(-302.048813044474,175.272647198288,-255.355672155696));
#4223=CARTESIAN_POINT('',(-305.648813044475,190.5476470381,-255.355672155696));
#4224=CARTESIAN_POINT('Origin',(-305.648813044475,189.1976470381,-255.355672155696));
#4225=CARTESIAN_POINT('',(-305.648813044473,159.0476470381,-255.355672155697));
#4226=CARTESIAN_POINT('Origin',(-305.648813044473,157.6976470381,-255.355672155697));
#4227=CARTESIAN_POINT('Origin',(-309.448813044474,175.272647198287,-255.555672155696));
#4228=CARTESIAN_POINT('',(-309.648813044473,153.688332463049,-255.755672155697));
#4229=CARTESIAN_POINT('',(-309.648813044474,175.272647198287,-255.755672155696));
#4230=CARTESIAN_POINT('',(-309.648813044473,153.688332463049,-255.755672155697));
#4231=CARTESIAN_POINT('Origin',(-308.741706263288,195.115540256914,-267.105672211575));
#4232=CARTESIAN_POINT('',(-307.834599482102,196.0226470381,-261.355672155696));
#4233=CARTESIAN_POINT('',(-307.834599482102,196.0226470381,-269.480672220888));
#4234=CARTESIAN_POINT('',(-309.248813044475,194.608433475727,-262.769885718069));
#4235=CARTESIAN_POINT('',(-307.731004012206,196.126242507996,-261.2520766858));
#4236=CARTESIAN_POINT('',(-309.648813044475,194.208433475727,-262.60420029312));
#4237=CARTESIAN_POINT('',(-309.700161548256,194.157084971946,-262.582931046446));
#4238=CARTESIAN_POINT('',(-309.648813044475,194.208433475727,-264.730672202262));
#4239=CARTESIAN_POINT('Origin',(-305.648813044475,189.1976470381,-255.555672155696));
#4240=CARTESIAN_POINT('',(-305.648813044475,190.1476470381,-255.755672155696));
#4241=CARTESIAN_POINT('Origin',(-305.648813044475,189.1976470381,-255.755672155696));
#4242=CARTESIAN_POINT('',(-305.648813044475,190.3476470381,-255.555672155696));
#4243=CARTESIAN_POINT('Origin',(-305.648813044475,189.1976470381,-255.355672155696));
#4244=CARTESIAN_POINT('',(-305.648813044475,190.1476470381,-264.355672155696));
#4245=CARTESIAN_POINT('',(-305.648813044475,190.1476470381,-255.355672155696));
#4246=CARTESIAN_POINT('Origin',(-305.648813044475,189.1976470381,-264.355672155696));
#4247=CARTESIAN_POINT('Origin',(-305.648813044473,157.6976470381,-255.555672155697));
#4248=CARTESIAN_POINT('',(-305.648813044473,158.6476470381,-255.755672155697));
#4249=CARTESIAN_POINT('Origin',(-305.648813044473,157.6976470381,-255.755672155697));
#4250=CARTESIAN_POINT('',(-305.648813044473,158.8476470381,-255.555672155697));
#4251=CARTESIAN_POINT('Origin',(-305.648813044473,157.6976470381,-255.355672155697));
#4252=CARTESIAN_POINT('',(-305.648813044473,158.6476470381,-264.355672155697));
#4253=CARTESIAN_POINT('',(-305.648813044473,158.6476470381,-255.355672155697));
#4254=CARTESIAN_POINT('Origin',(-305.648813044473,157.6976470381,-264.355672155697));
#4255=CARTESIAN_POINT('Origin',(-301.848813044474,173.022647198288,-268.655672155696));
#4256=CARTESIAN_POINT('',(-301.648813044474,181.68833246305,-268.855672155696));
#4257=CARTESIAN_POINT('',(-301.648813044474,182.422647038101,-268.855672155696));
#4258=CARTESIAN_POINT('',(-301.648813044474,173.022647198288,-268.855672155696));
#4259=CARTESIAN_POINT('',(-302.048813044474,182.022647038101,-268.455672155696));
#4260=CARTESIAN_POINT('',(-301.648813044474,182.422647038101,-268.855672155696));
#4261=CARTESIAN_POINT('',(-302.048813044474,181.522647038101,-268.455672155696));
#4262=CARTESIAN_POINT('',(-302.048813044474,173.022647198288,-268.455672155696));
#4263=CARTESIAN_POINT('',(-302.048813044474,181.522647038101,-268.455672155696));
#4264=CARTESIAN_POINT('Origin',(-301.848813044473,156.022647198288,-264.155672155697));
#4265=CARTESIAN_POINT('',(-301.648813044474,174.188332850872,-263.955672155696));
#4266=CARTESIAN_POINT('',(-301.648813044473,154.856961613151,-263.955672155697));
#4267=CARTESIAN_POINT('',(-301.648813044473,156.022647198288,-263.955672155697));
#4268=CARTESIAN_POINT('',(-302.048813044473,155.022647038101,-264.355672155697));
#4269=CARTESIAN_POINT('',(-301.648813044473,154.856961613151,-263.955672155697));
#4270=CARTESIAN_POINT('',(-302.048813044474,174.022647425923,-264.355672155696));
#4271=CARTESIAN_POINT('',(-302.048813044473,156.022647198288,-264.355672155697));
#4272=CARTESIAN_POINT('',(-302.048813044474,174.022647425923,-264.355672155696));
#4273=CARTESIAN_POINT('Origin',(-301.848813044473,157.006225752644,-262.089250728679));
#4274=CARTESIAN_POINT('',(-301.648813044472,151.856961613151,-266.955672155697));
#4275=CARTESIAN_POINT('',(-301.648813044473,156.864804396406,-261.947829372442));
#4276=CARTESIAN_POINT('',(-302.048813044472,152.022647038101,-267.355672155697));
#4277=CARTESIAN_POINT('',(-301.648813044472,151.856961613151,-266.955672155697));
#4278=CARTESIAN_POINT('',(-302.048813044473,157.147647108881,-262.230672084916));
#4279=CARTESIAN_POINT('Origin',(-301.848813044473,159.772647198288,-267.155672155697));
#4280=CARTESIAN_POINT('',(-301.648813044472,148.68833246305,-266.955672155697));
#4281=CARTESIAN_POINT('',(-301.648813044473,159.772647198288,-266.955672155697));
#4282=CARTESIAN_POINT('',(-302.048813044472,148.522647038101,-267.355672155697));
#4283=CARTESIAN_POINT('',(-301.648813044472,148.68833246305,-266.955672155697));
#4284=CARTESIAN_POINT('',(-302.048813044473,159.772647198288,-267.355672155697));
#4285=CARTESIAN_POINT('Origin',(-301.848813044472,147.7226470381,-262.355672174323));
#4286=CARTESIAN_POINT('',(-301.648813044472,147.922647038101,-266.189986730748));
#4287=CARTESIAN_POINT('',(-301.648813044472,147.922647038101,-264.746357580646));
#4288=CARTESIAN_POINT('',(-301.648813044472,147.9226470381,-262.355672174323));
#4289=CARTESIAN_POINT('',(-302.048813044472,147.522647038101,-264.580672155697));
#4290=CARTESIAN_POINT('',(-301.648813044472,147.922647038101,-264.746357580646));
#4291=CARTESIAN_POINT('',(-302.048813044472,147.522647038101,-266.355672155697));
#4292=CARTESIAN_POINT('',(-302.048813044472,147.5226470381,-262.355672174323));
#4293=CARTESIAN_POINT('',(-302.048813044472,147.522647038101,-266.355672155697));
#4294=CARTESIAN_POINT('Origin',(-301.848813044473,152.720318465118,-259.665843441154));
#4295=CARTESIAN_POINT('',(-301.648813044472,148.68833246305,-263.980672155697));
#4296=CARTESIAN_POINT('',(-301.648813044473,152.861739821355,-259.807264797391));
#4297=CARTESIAN_POINT('',(-302.048813044472,148.5226470381,-263.580672155697));
#4298=CARTESIAN_POINT('',(-301.648813044472,148.68833246305,-263.980672155697));
#4299=CARTESIAN_POINT('',(-302.048813044473,152.578897108881,-259.524422084916));
#4300=CARTESIAN_POINT('Origin',(-301.848813044473,157.022647198288,-263.780672155697));
#4301=CARTESIAN_POINT('',(-301.648813044472,149.68833246305,-263.980672155697));
#4302=CARTESIAN_POINT('',(-301.648813044473,157.022647198288,-263.980672155697));
#4303=CARTESIAN_POINT('',(-302.048813044472,149.5226470381,-263.580672155697));
#4304=CARTESIAN_POINT('',(-301.648813044472,149.68833246305,-263.980672155697));
#4305=CARTESIAN_POINT('',(-302.048813044473,157.022647198288,-263.580672155697));
#4306=CARTESIAN_POINT('Origin',(-301.848813044473,155.832791110925,-257.553370795346));
#4307=CARTESIAN_POINT('',(-301.648813044473,153.762402829367,-259.906601789379));
#4308=CARTESIAN_POINT('',(-301.648813044473,155.974212467162,-257.694792151584));
#4309=CARTESIAN_POINT('',(-302.048813044473,153.290545953509,-259.812773240288));
#4310=CARTESIAN_POINT('',(-301.648813044473,153.762402829367,-259.906601789379));
#4311=CARTESIAN_POINT('',(-302.048813044473,155.691369754688,-257.411949439109));
#4312=CARTESIAN_POINT('Origin',(-301.848813044473,156.571946761787,-258.905044677859));
#4313=CARTESIAN_POINT('',(-301.648813044473,153.264862536448,-258.705843440007));
#4314=CARTESIAN_POINT('',(-301.648813044472,147.356893287015,-258.707270405985));
#4315=CARTESIAN_POINT('',(-301.648813044473,156.571898455309,-258.705044683693));
#4316=CARTESIAN_POINT('',(-302.048813044473,147.522647023516,-259.107230382755));
#4317=CARTESIAN_POINT('',(-301.648813044472,147.356893287015,-258.707270405985));
#4318=CARTESIAN_POINT('',(-302.048813044473,152.997652763865,-259.105907991492));
#4319=CARTESIAN_POINT('',(-302.048813044473,156.571995068265,-259.105044672025));
#4320=CARTESIAN_POINT('',(-302.048813044473,152.997652763865,-259.105907991492));
#4321=CARTESIAN_POINT('Origin',(-301.848813044473,150.693071735236,-255.653162941773));
#4322=CARTESIAN_POINT('',(-301.648813044472,146.6226470381,-259.441694020574));
#4323=CARTESIAN_POINT('',(-301.648813044473,150.551633301111,-255.511758665486));
#4324=CARTESIAN_POINT('',(-302.048813044472,147.0226470381,-259.607351148951));
#4325=CARTESIAN_POINT('',(-301.648813044472,146.6226470381,-259.441694020574));
#4326=CARTESIAN_POINT('',(-302.048813044473,150.834510169361,-255.79456721806));
#4327=CARTESIAN_POINT('Origin',(-301.848813044473,156.022647198288,-268.655672155697));
#4328=CARTESIAN_POINT('',(-301.648813044472,146.622647038101,-268.855672155697));
#4329=CARTESIAN_POINT('',(-301.648813044472,147.556961613151,-268.855672155697));
#4330=CARTESIAN_POINT('',(-301.648813044473,156.022647198288,-268.855672155697));
#4331=CARTESIAN_POINT('',(-302.048813044472,147.722647038101,-268.455672155697));
#4332=CARTESIAN_POINT('',(-301.648813044472,147.556961613151,-268.855672155697));
#4333=CARTESIAN_POINT('',(-302.048813044472,147.022647038101,-268.455672155697));
#4334=CARTESIAN_POINT('',(-302.048813044473,156.022647198288,-268.455672155697));
#4335=CARTESIAN_POINT('',(-302.048813044472,147.022647038101,-268.455672155697));
#4336=CARTESIAN_POINT('Origin',(-301.848813044473,153.656225752644,-264.539250728679));
#4337=CARTESIAN_POINT('',(-301.648813044472,147.672647038101,-270.239986730748));
#4338=CARTESIAN_POINT('',(-301.648813044472,146.356961613151,-271.555672155697));
#4339=CARTESIAN_POINT('',(-301.648813044473,153.514804396406,-264.397829372442));
#4340=CARTESIAN_POINT('',(-302.048813044472,146.522647038101,-271.955672155697));
#4341=CARTESIAN_POINT('',(-301.648813044472,146.356961613151,-271.555672155697));
#4342=CARTESIAN_POINT('',(-302.048813044472,148.072647038101,-270.405672155697));
#4343=CARTESIAN_POINT('',(-302.048813044473,153.797647108881,-264.680672084916));
#4344=CARTESIAN_POINT('',(-302.048813044472,148.072647038101,-270.405672155697));
#4345=CARTESIAN_POINT('Origin',(-301.848813044473,156.772647198288,-271.755672155697));
#4346=CARTESIAN_POINT('',(-301.648813044472,143.58833246305,-271.555672155697));
#4347=CARTESIAN_POINT('',(-301.648813044473,156.772647198288,-271.555672155697));
#4348=CARTESIAN_POINT('',(-302.048813044472,143.422647038101,-271.955672155697));
#4349=CARTESIAN_POINT('',(-301.648813044472,143.58833246305,-271.555672155697));
#4350=CARTESIAN_POINT('',(-302.048813044473,156.772647198288,-271.955672155697));
#4351=CARTESIAN_POINT('Origin',(-301.848813044472,142.422647038101,-266.655672174324));
#4352=CARTESIAN_POINT('',(-301.648813044472,142.622647038101,-270.589986730748));
#4353=CARTESIAN_POINT('',(-301.648813044472,142.622647038101,-270.021357513591));
#4354=CARTESIAN_POINT('',(-301.648813044472,142.622647038101,-266.655672174324));
#4355=CARTESIAN_POINT('',(-301.765970331997,142.505489750575,-269.738514801117));
#4356=CARTESIAN_POINT('',(-301.266557154672,143.0049029279,-270.944204867042));
#4357=CARTESIAN_POINT('',(-302.048813044472,142.222647038101,-269.455672088642));
#4358=CARTESIAN_POINT('',(-300.49047967016,143.780980412412,-271.014005462953));
#4359=CARTESIAN_POINT('',(-302.048813044472,142.222647038101,-270.755672155697));
#4360=CARTESIAN_POINT('',(-302.048813044472,142.222647038101,-266.655672174324));
#4361=CARTESIAN_POINT('',(-302.048813044472,142.222647038101,-270.755672155697));
#4362=CARTESIAN_POINT('Origin',(-301.848813044472,146.239068483745,-274.489250888867));
#4363=CARTESIAN_POINT('',(-301.648813044472,146.380489839982,-274.347829532629));
#4364=CARTESIAN_POINT('',(-302.048813044472,146.097647127508,-274.630672245104));
#4365=CARTESIAN_POINT('Origin',(-301.848813044472,147.8726470381,-265.405672174323));
#4366=CARTESIAN_POINT('',(-301.648813044472,147.672647038101,-268.971357580646));
#4367=CARTESIAN_POINT('',(-301.648813044472,147.6726470381,-265.405672174323));
#4368=CARTESIAN_POINT('',(-302.048813044472,148.072647038101,-268.805672155697));
#4369=CARTESIAN_POINT('',(-302.048813044472,148.0726470381,-265.405672174323));
#4370=CARTESIAN_POINT('',(-302.048813044472,148.072647038101,-268.805672155697));
#4371=CARTESIAN_POINT('Origin',(-301.848813044472,150.40622577127,-271.422093601341));
#4372=CARTESIAN_POINT('',(-301.648813044472,150.264804415033,-271.563514957579));
#4373=CARTESIAN_POINT('',(-302.048813044472,150.547647127508,-271.280672245104));
#4374=CARTESIAN_POINT('Origin',(-301.848813044472,146.822647038101,-265.855672174323));
#4375=CARTESIAN_POINT('',(-301.648813044472,146.622647038101,-265.855672174323));
#4376=CARTESIAN_POINT('',(-302.048813044472,147.0226470381,-265.855672174323));
#4377=CARTESIAN_POINT('Origin',(-301.848813044473,154.674654375266,-262.630692641023));
#4378=CARTESIAN_POINT('',(-301.648813044473,154.859421037376,-262.554133640425));
#4379=CARTESIAN_POINT('',(-302.048813044473,154.489887713156,-262.707251641621));
#4380=CARTESIAN_POINT('Origin',(-301.848813044472,151.164068483745,-269.714250888867));
#4381=CARTESIAN_POINT('',(-301.648813044472,151.305489839982,-269.572829532629));
#4382=CARTESIAN_POINT('',(-302.048813044472,151.022647127508,-269.855672245104));
#4383=CARTESIAN_POINT('Origin',(-301.848813044474,172.039068774611,-262.08925079191));
#4384=CARTESIAN_POINT('',(-301.648813044474,177.188332850872,-266.955672155696));
#4385=CARTESIAN_POINT('',(-301.648813044474,172.180490130849,-261.947829435673));
#4386=CARTESIAN_POINT('',(-302.048813044474,177.022647425923,-267.355672155696));
#4387=CARTESIAN_POINT('',(-302.048813044474,171.897647418374,-262.230672148148));
#4388=CARTESIAN_POINT('',(-302.048813044474,177.022647425923,-267.355672155696));
#4389=CARTESIAN_POINT('Origin',(-301.848813044474,173.022647198288,-267.155672155696));
#4390=CARTESIAN_POINT('',(-301.648813044474,182.422647038101,-266.955672155696));
#4391=CARTESIAN_POINT('',(-301.648813044474,173.022647198288,-266.955672155696));
#4392=CARTESIAN_POINT('',(-302.048813044474,182.022647038101,-267.355672155696));
#4393=CARTESIAN_POINT('',(-302.048813044474,173.022647198288,-267.355672155696));
#4394=CARTESIAN_POINT('',(-302.048813044474,182.022647038101,-267.355672155696));
#4395=CARTESIAN_POINT('Origin',(-301.848813044474,182.2226470381,-263.355672174322));
#4396=CARTESIAN_POINT('',(-301.648813044474,182.4226470381,-263.355672174322));
#4397=CARTESIAN_POINT('',(-302.048813044474,182.0226470381,-263.355672174322));
#4398=CARTESIAN_POINT('Origin',(-301.848813044474,178.689068465119,-271.572093441153));
#4399=CARTESIAN_POINT('',(-302.048813044474,180.522647038101,-269.455672155696));
#4400=CARTESIAN_POINT('',(-302.048813044474,178.547647108881,-271.430672084915));
#4401=CARTESIAN_POINT('',(-301.695259653881,180.876200428694,-269.602118765103));
#4402=CARTESIAN_POINT('',(-302.445721879681,180.125738202894,-269.291267133128));
#4403=CARTESIAN_POINT('',(-301.648813044474,180.98833246305,-269.555672155696));
#4404=CARTESIAN_POINT('',(-303.398730401813,176.763658245929,-271.305589513036));
#4405=CARTESIAN_POINT('',(-301.648813044474,178.830489821356,-271.71351479739));
#4406=CARTESIAN_POINT('Origin',(-301.848813044472,147.13122577127,-274.247093534286));
#4407=CARTESIAN_POINT('',(-301.648813044472,143.532697510912,-270.931407986402));
#4408=CARTESIAN_POINT('',(-301.648813044472,146.989804415033,-274.388514890523));
#4409=CARTESIAN_POINT('',(-302.048813044472,143.532697510912,-270.365722561453));
#4410=CARTESIAN_POINT('',(-301.648813044472,143.532697510912,-270.931407986402));
#4411=CARTESIAN_POINT('',(-302.048813044472,142.622647038101,-269.455672088642));
#4412=CARTESIAN_POINT('',(-302.048813044472,147.272647127508,-274.105672178049));
#4413=CARTESIAN_POINT('',(-301.648813044472,142.456961613151,-269.855672088642));
#4414=CARTESIAN_POINT('Origin',(-301.648813044473,164.522647358475,-262.355672192949));
#4415=CARTESIAN_POINT('',(-301.648813044474,184.856962253901,-269.555672155696));
#4416=CARTESIAN_POINT('',(-301.648813044474,173.022647198288,-269.555672155696));
#4417=CARTESIAN_POINT('',(-301.648813044474,185.622647678851,-268.789986730746));
#4418=CARTESIAN_POINT('',(-301.648813044474,181.764804876969,-272.647829532628));
#4419=CARTESIAN_POINT('',(-301.648813044474,185.62264767885,-264.689986730747));
#4420=CARTESIAN_POINT('',(-301.648813044474,185.622647678851,-266.155672174322));
#4421=CARTESIAN_POINT('',(-301.648813044475,186.356962253901,-263.955672155696));
#4422=CARTESIAN_POINT('',(-301.648813044474,181.114804876969,-269.197829532628));
#4423=CARTESIAN_POINT('',(-301.648813044475,192.856961613151,-263.955672155695));
#4424=CARTESIAN_POINT('',(-301.648813044474,174.772647518663,-263.955672155696));
#4425=CARTESIAN_POINT('',(-301.648813044475,194.208433475727,-262.604200293119));
#4426=CARTESIAN_POINT('',(-301.648813044474,186.864804396407,-269.94782937244));
#4427=CARTESIAN_POINT('',(-301.648813044475,194.208433475727,-264.730672202262));
#4428=CARTESIAN_POINT('',(-301.648813044473,153.688332463049,-255.755672155697));
#4429=CARTESIAN_POINT('',(-301.648813044474,175.272647198288,-255.755672155696));
#4430=CARTESIAN_POINT('',(-301.648813044473,151.688332463049,-257.755672155697));
#4431=CARTESIAN_POINT('',(-301.648813044473,154.555489821355,-254.888514797391));
#4432=CARTESIAN_POINT('',(-301.648813044472,136.18833246305,-257.755672155697));
#4433=CARTESIAN_POINT('',(-301.648813044473,154.022647198288,-257.755672155697));
#4434=CARTESIAN_POINT('',(-301.648813044472,134.4226470381,-259.521357580647));
#4435=CARTESIAN_POINT('',(-301.648813044472,141.680489821355,-252.263514797391));
#4436=CARTESIAN_POINT('',(-301.648813044472,134.4226470381,-261.189986730748));
#4437=CARTESIAN_POINT('',(-301.648813044472,134.4226470381,-261.105672174324));
#4438=CARTESIAN_POINT('',(-301.648813044472,137.18833246305,-263.955672155697));
#4439=CARTESIAN_POINT('',(-301.648813044472,142.930489839982,-269.69782953263));
#4440=CARTESIAN_POINT('',(-301.648813044472,143.43833246305,-263.955672155697));
#4441=CARTESIAN_POINT('',(-301.648813044473,154.272647198288,-263.955672155697));
#4442=CARTESIAN_POINT('',(-301.648813044472,144.172647038101,-264.689986730748));
#4443=CARTESIAN_POINT('',(-301.648813044472,148.492989839982,-269.010329532629));
#4444=CARTESIAN_POINT('',(-301.648813044472,144.172647038101,-270.291458459214));
#4445=CARTESIAN_POINT('',(-301.648813044472,144.1726470381,-258.605672174324));
#4446=CARTESIAN_POINT('',(-301.648813044473,151.315540271815,-263.148565225499));
#4447=CARTESIAN_POINT('',(-301.648813044474,183.674567798694,-261.24190685059));
#4448=CARTESIAN_POINT('',(-301.648813044475,185.342337018349,-261.24190685059));
#4449=CARTESIAN_POINT('',(-301.648813044474,178.044922576102,-261.24190685059));
#4450=CARTESIAN_POINT('',(-301.648813044474,182.908882373745,-262.007592275539));
#4451=CARTESIAN_POINT('',(-301.648813044474,178.416724996813,-266.499749652472));
#4452=CARTESIAN_POINT('',(-301.648813044474,182.908882373745,-263.50759227554));
#4453=CARTESIAN_POINT('',(-301.648813044474,182.908882373745,-261.59878952177));
#4454=CARTESIAN_POINT('',(-301.648813044474,182.174567798694,-264.24190685059));
#4455=CARTESIAN_POINT('',(-301.648813044474,178.416724996813,-267.999749652472));
#4456=CARTESIAN_POINT('',(-301.648813044474,178.312411245344,-264.24190685059));
#4457=CARTESIAN_POINT('',(-301.648813044474,173.51576486611,-264.241906850591));
#4458=CARTESIAN_POINT('',(-301.648813044474,175.312411245344,-261.241906850591));
#4459=CARTESIAN_POINT('',(-301.648813044474,174.334832965454,-260.2643285707));
#4460=CARTESIAN_POINT('',(-301.648813044473,160.080064536928,-261.241906850591));
#4461=CARTESIAN_POINT('',(-301.648813044474,170.000372014384,-261.241906850591));
#4462=CARTESIAN_POINT('',(-301.648813044473,158.931277828075,-258.469437460802));
#4463=CARTESIAN_POINT('',(-301.648813044473,160.142690413028,-261.393047461078));
#4464=CARTESIAN_POINT('',(-301.648813044475,188.114806408138,-258.469437460801));
#4465=CARTESIAN_POINT('',(-301.648813044473,160.436052806282,-258.469437460802));
#4466=CARTESIAN_POINT('',(-301.648813044474,179.917551911554,-266.666691957386));
#4467=CARTESIAN_POINT('',(-301.648813044472,137.136412343206,-261.065908336276));
#4468=CARTESIAN_POINT('',(-301.648813044472,138.312410857522,-262.241906850592));
#4469=CARTESIAN_POINT('',(-301.648813044472,144.834832674587,-268.764328667657));
#4470=CARTESIAN_POINT('',(-301.648813044472,137.136412343206,-259.469437460803));
#4471=CARTESIAN_POINT('',(-301.648813044472,137.136412343206,-261.627947552138));
#4472=CARTESIAN_POINT('',(-301.648813044472,144.408881732995,-259.469437460803));
#4473=CARTESIAN_POINT('',(-301.648813044473,151.029529850841,-259.469437460802));
#4474=CARTESIAN_POINT('',(-301.648813044472,144.408881732995,-262.241906850592));
#4475=CARTESIAN_POINT('',(-301.648813044472,144.408881732995,-261.830672174324));
#4476=CARTESIAN_POINT('',(-301.648813044473,154.265764545735,-262.241906850591));
#4477=CARTESIAN_POINT('Origin',(-301.848813044474,173.022647198288,-269.755672155696));
#4478=CARTESIAN_POINT('',(-302.048813044474,180.522647038101,-269.955672155696));
#4479=CARTESIAN_POINT('',(-301.648813044474,180.922647038101,-269.555672155696));
#4480=CARTESIAN_POINT('',(-302.048813044474,185.022647678851,-269.955672155696));
#4481=CARTESIAN_POINT('',(-302.048813044474,173.022647198288,-269.955672155696));
#4482=CARTESIAN_POINT('',(-302.048813044474,185.022647678851,-269.955672155696));
#4483=CARTESIAN_POINT('Origin',(-301.848813044472,153.572647198288,-269.655672088642));
#4484=CARTESIAN_POINT('',(-302.048813044472,153.572647198288,-269.455672088642));
#4485=CARTESIAN_POINT('Origin',(-301.848813044473,151.174118915578,-263.007143869261));
#4486=CARTESIAN_POINT('',(-302.048813044472,143.772647038101,-270.125773034264));
#4487=CARTESIAN_POINT('',(-301.648813044472,144.172647038101,-270.291458459214));
#4488=CARTESIAN_POINT('',(-302.048813044473,151.03269755934,-262.865722513024));
#4489=CARTESIAN_POINT('Origin',(-301.848813044472,143.9726470381,-258.605672174324));
#4490=CARTESIAN_POINT('',(-302.048813044472,143.772647038101,-264.855672155697));
#4491=CARTESIAN_POINT('',(-301.648813044472,144.172647038101,-264.689986730748));
#4492=CARTESIAN_POINT('',(-302.048813044472,143.7726470381,-258.605672174324));
#4493=CARTESIAN_POINT('Origin',(-301.848813044473,154.272647198288,-264.155672155697));
#4494=CARTESIAN_POINT('',(-302.048813044472,137.0226470381,-264.355672155697));
#4495=CARTESIAN_POINT('',(-301.648813044472,137.18833246305,-263.955672155697));
#4496=CARTESIAN_POINT('',(-302.048813044472,143.2726470381,-264.355672155697));
#4497=CARTESIAN_POINT('',(-302.048813044473,154.272647198288,-264.355672155697));
#4498=CARTESIAN_POINT('',(-302.048813044472,143.2726470381,-264.355672155697));
#4499=CARTESIAN_POINT('Origin',(-301.848813044472,142.789068483745,-269.839250888867));
#4500=CARTESIAN_POINT('',(-302.048813044472,134.0226470381,-261.355672155697));
#4501=CARTESIAN_POINT('',(-301.648813044472,134.4226470381,-261.189986730748));
#4502=CARTESIAN_POINT('',(-302.048813044472,142.647647127508,-269.980672245104));
#4503=CARTESIAN_POINT('Origin',(-301.848813044472,141.539068465118,-252.122093441154));
#4504=CARTESIAN_POINT('',(-302.048813044472,136.0226470381,-257.355672155697));
#4505=CARTESIAN_POINT('',(-301.648813044472,136.18833246305,-257.755672155697));
#4506=CARTESIAN_POINT('',(-302.048813044472,134.0226470381,-259.355672155697));
#4507=CARTESIAN_POINT('',(-302.048813044472,141.397647108881,-251.980672084917));
#4508=CARTESIAN_POINT('',(-302.048813044472,134.0226470381,-259.355672155697));
#4509=CARTESIAN_POINT('Origin',(-301.848813044473,154.022647198288,-257.555672155697));
#4510=CARTESIAN_POINT('',(-302.048813044473,151.5226470381,-257.355672155697));
#4511=CARTESIAN_POINT('',(-301.648813044473,151.688332463049,-257.755672155697));
#4512=CARTESIAN_POINT('',(-302.048813044473,154.022647198288,-257.355672155697));
#4513=CARTESIAN_POINT('Origin',(-301.848813044474,175.272647198288,-255.555672155696));
#4514=CARTESIAN_POINT('',(-302.048813044473,153.5226470381,-255.355672155697));
#4515=CARTESIAN_POINT('Origin',(-302.555919825661,195.115540256914,-267.105672211575));
#4516=CARTESIAN_POINT('',(-302.048813044475,194.608433475727,-262.769885718068));
#4517=CARTESIAN_POINT('',(-301.597464540694,194.157084971947,-262.582931046446));
#4518=CARTESIAN_POINT('',(-303.463026606848,196.0226470381,-261.355672155695));
#4519=CARTESIAN_POINT('',(-300.566622076744,193.126242507996,-264.2520766858));
#4520=CARTESIAN_POINT('',(-303.463026606848,196.022647038101,-269.480672220888));
#4521=CARTESIAN_POINT('Origin',(-301.848813044474,187.006225752644,-270.089250728678));
#4522=CARTESIAN_POINT('',(-302.048813044475,193.0226470381,-264.355672155695));
#4523=CARTESIAN_POINT('',(-301.648813044475,192.856961613151,-263.955672155695));
#4524=CARTESIAN_POINT('',(-302.048813044474,187.147647108881,-270.230672084915));
#4525=CARTESIAN_POINT('Origin',(-301.848813044474,174.772647518663,-264.155672155696));
#4526=CARTESIAN_POINT('',(-302.048813044475,186.52264767885,-264.355672155696));
#4527=CARTESIAN_POINT('',(-301.648813044475,186.356962253901,-263.955672155696));
#4528=CARTESIAN_POINT('',(-302.048813044474,174.772647518663,-264.355672155696));
#4529=CARTESIAN_POINT('Origin',(-301.848813044474,185.82264767885,-266.155672174322));
#4530=CARTESIAN_POINT('',(-302.048813044474,186.022647678851,-268.955672155696));
#4531=CARTESIAN_POINT('',(-301.648813044474,185.622647678851,-268.789986730746));
#4532=CARTESIAN_POINT('',(-302.048813044474,186.02264767885,-264.855672155696));
#4533=CARTESIAN_POINT('',(-302.048813044474,186.02264767885,-266.155672174322));
#4534=CARTESIAN_POINT('',(-302.048813044474,186.02264767885,-264.855672155696));
#4535=CARTESIAN_POINT('Origin',(-301.848813044474,180.722647038101,-266.155672174322));
#4536=CARTESIAN_POINT('',(-302.048813044474,180.522647038101,-266.155672174322));
#4537=CARTESIAN_POINT('Origin',(-301.848813044474,181.906226233206,-272.789250888865));
#4538=CARTESIAN_POINT('',(-302.048813044474,182.047647589444,-272.930672245103));
#4539=CARTESIAN_POINT('Origin',(-301.848813044474,181.256226233206,-269.339250888866));
#4540=CARTESIAN_POINT('',(-302.048813044474,181.397647589444,-269.480672245103));
#4541=CARTESIAN_POINT('Origin',(-301.848813044473,154.414068465118,-254.747093441154));
#4542=CARTESIAN_POINT('',(-302.048813044473,154.272647108881,-254.605672084916));
#4543=CARTESIAN_POINT('Origin',(-301.848813044472,134.2226470381,-261.105672174324));
#4544=CARTESIAN_POINT('',(-302.048813044472,134.0226470381,-261.105672174324));
#4545=CARTESIAN_POINT('Origin',(-301.848813044472,148.351568483745,-269.151750888867));
#4546=CARTESIAN_POINT('',(-302.048813044472,148.210147127508,-269.293172245104));
#4547=CARTESIAN_POINT('Origin',(-300.648813044472,142.222647038101,-270.955672155697));
#4548=CARTESIAN_POINT('',(-309.248813044472,142.2226470381,-269.455672088642));
#4549=CARTESIAN_POINT('',(-296.148813044472,142.222647038101,-269.455672088642));
#4550=CARTESIAN_POINT('',(-309.248813044472,142.2226470381,-270.755672155697));
#4551=CARTESIAN_POINT('',(-309.248813044472,142.2226470381,-266.655672174324));
#4552=CARTESIAN_POINT('',(-298.398813044472,142.222647038101,-270.755672155697));
#4553=CARTESIAN_POINT('Origin',(-301.648813044472,142.622647038101,-269.455672088642));
#4554=CARTESIAN_POINT('',(-309.248813044472,142.6226470381,-269.455672088642));
#4555=CARTESIAN_POINT('',(-296.148813044472,142.622647038101,-269.455672088642));
#4556=CARTESIAN_POINT('',(-309.248813044472,153.572647198288,-269.455672088642));
#4557=CARTESIAN_POINT('Origin',(-291.648813044472,144.522647004574,-271.355672055114));
#4558=CARTESIAN_POINT('',(-309.248813044472,143.532697510912,-270.365722561453));
#4559=CARTESIAN_POINT('',(-291.648813044472,143.532697510912,-270.365722561453));
#4560=CARTESIAN_POINT('',(-309.248813044472,147.272647127507,-274.105672178049));
#4561=CARTESIAN_POINT('Origin',(-291.648813044472,144.032697499737,-269.865722572629));
#4562=CARTESIAN_POINT('',(-309.248813044472,143.7726470381,-270.125773034265));
#4563=CARTESIAN_POINT('',(-291.648813044472,143.772647038101,-270.125773034264));
#4564=CARTESIAN_POINT('',(-309.248813044473,151.03269755934,-262.865722513024));
#4565=CARTESIAN_POINT('Origin',(-291.648813044472,143.772647038101,-254.855672155697));
#4566=CARTESIAN_POINT('',(-309.248813044472,143.7726470381,-264.855672155697));
#4567=CARTESIAN_POINT('',(-300.648813044472,143.772647038101,-264.855672155697));
#4568=CARTESIAN_POINT('',(-309.248813044472,143.7726470381,-258.605672174324));
#4569=CARTESIAN_POINT('Origin',(-300.648813044472,143.522647038101,-264.605672155697));
#4570=CARTESIAN_POINT('',(-309.248813044472,143.2726470381,-264.355672155697));
#4571=CARTESIAN_POINT('',(-300.648813044472,143.272647038101,-264.355672155697));
#4572=CARTESIAN_POINT('',(-309.248813044472,148.210147127507,-269.293172245104));
#4573=CARTESIAN_POINT('Origin',(-309.648813044472,144.0226470381,-264.355672155697));
#4574=CARTESIAN_POINT('',(-309.248813044472,137.0226470381,-264.355672155698));
#4575=CARTESIAN_POINT('',(-305.148813044472,137.0226470381,-264.355672155697));
#4576=CARTESIAN_POINT('',(-309.248813044473,154.272647198288,-264.355672155697));
#4577=CARTESIAN_POINT('Origin',(-305.148813044472,135.5226470381,-262.855672155698));
#4578=CARTESIAN_POINT('',(-309.248813044472,134.0226470381,-261.355672155698));
#4579=CARTESIAN_POINT('',(-305.148813044472,134.0226470381,-261.355672155698));
#4580=CARTESIAN_POINT('',(-309.248813044472,142.647647127507,-269.980672245104));
#4581=CARTESIAN_POINT('Origin',(-300.648813044472,134.0226470381,-259.855672155697));
#4582=CARTESIAN_POINT('',(-309.248813044472,134.0226470381,-259.355672155698));
#4583=CARTESIAN_POINT('',(-303.148813044472,134.0226470381,-259.355672155698));
#4584=CARTESIAN_POINT('',(-309.248813044472,134.0226470381,-261.105672174324));
#4585=CARTESIAN_POINT('Origin',(-303.148813044472,135.0226470381,-258.355672155698));
#4586=CARTESIAN_POINT('',(-309.248813044472,136.0226470381,-257.355672155698));
#4587=CARTESIAN_POINT('',(-303.148813044472,136.0226470381,-257.355672155697));
#4588=CARTESIAN_POINT('',(-309.248813044472,141.39764710888,-251.980672084917));
#4589=CARTESIAN_POINT('Origin',(-305.648813044472,143.5226470381,-257.355672155697));
#4590=CARTESIAN_POINT('',(-309.248813044473,151.5226470381,-257.355672155697));
#4591=CARTESIAN_POINT('',(-305.648813044473,151.5226470381,-257.355672155697));
#4592=CARTESIAN_POINT('',(-309.248813044473,154.022647198287,-257.355672155697));
#4593=CARTESIAN_POINT('Origin',(-305.648813044473,153.0226470381,-255.855672155697));
#4594=CARTESIAN_POINT('',(-309.248813044473,154.27264710888,-254.605672084917));
#4595=CARTESIAN_POINT('Origin',(-301.648813044475,196.022647038101,-271.855672230201));
#4596=CARTESIAN_POINT('',(-296.648813044475,196.022647038101,-261.355672155695));
#4597=CARTESIAN_POINT('Origin',(-296.648813044475,194.522647038101,-262.855672155695));
#4598=CARTESIAN_POINT('',(-309.248813044475,193.0226470381,-264.355672155696));
#4599=CARTESIAN_POINT('',(-296.648813044475,193.022647038101,-264.355672155695));
#4600=CARTESIAN_POINT('',(-309.248813044474,187.147647108881,-270.230672084915));
#4601=CARTESIAN_POINT('Origin',(-291.648813044474,185.022647678851,-264.355672155695));
#4602=CARTESIAN_POINT('',(-309.248813044475,186.52264767885,-264.355672155696));
#4603=CARTESIAN_POINT('',(-291.648813044475,186.522647678851,-264.355672155695));
#4604=CARTESIAN_POINT('',(-309.248813044474,174.772647518662,-264.355672155696));
#4605=CARTESIAN_POINT('Origin',(-291.648813044475,186.272647678851,-264.605672155695));
#4606=CARTESIAN_POINT('',(-309.248813044475,186.02264767885,-264.855672155696));
#4607=CARTESIAN_POINT('',(-291.648813044474,186.022647678851,-264.855672155695));
#4608=CARTESIAN_POINT('',(-309.248813044474,181.397647589443,-269.480672245103));
#4609=CARTESIAN_POINT('Origin',(-291.648813044474,186.022647678851,-269.955672155695));
#4610=CARTESIAN_POINT('',(-309.248813044474,186.02264767885,-268.955672155696));
#4611=CARTESIAN_POINT('',(-291.648813044474,186.022647678851,-268.955672155695));
#4612=CARTESIAN_POINT('',(-309.248813044474,186.02264767885,-266.155672174322));
#4613=CARTESIAN_POINT('Origin',(-291.648813044474,185.522647678851,-269.455672155695));
#4614=CARTESIAN_POINT('',(-309.248813044474,185.02264767885,-269.955672155696));
#4615=CARTESIAN_POINT('',(-291.648813044474,185.022647678851,-269.955672155695));
#4616=CARTESIAN_POINT('',(-309.248813044474,182.047647589443,-272.930672245103));
#4617=CARTESIAN_POINT('Origin',(-291.648813044474,181.522647038101,-269.955672155696));
#4618=CARTESIAN_POINT('',(-309.248813044474,180.5226470381,-269.955672155696));
#4619=CARTESIAN_POINT('',(-291.648813044474,180.522647038101,-269.955672155696));
#4620=CARTESIAN_POINT('',(-309.248813044474,173.022647198288,-269.955672155696));
#4621=CARTESIAN_POINT('Origin',(-301.848813044474,170.000372014384,-261.041906850591));
#4622=CARTESIAN_POINT('',(-302.048813044474,175.478096670293,-260.841906850591));
#4623=CARTESIAN_POINT('',(-302.048813044473,160.347301056746,-260.841906850591));
#4624=CARTESIAN_POINT('',(-302.048813044474,170.000372014384,-260.841906850591));
#4625=CARTESIAN_POINT('',(-302.048813044473,160.347301056746,-260.841906850591));
#4626=CARTESIAN_POINT('',(-301.648813044474,175.312411245344,-261.241906850591));
#4627=CARTESIAN_POINT('Origin',(-301.848813044474,174.476254321691,-260.122907214463));
#4628=CARTESIAN_POINT('',(-302.048813044474,178.478096670294,-263.84190685059));
#4629=CARTESIAN_POINT('',(-301.648813044474,178.312411245344,-264.24190685059));
#4630=CARTESIAN_POINT('',(-302.048813044474,174.617675677928,-259.981485858226));
#4631=CARTESIAN_POINT('Origin',(-301.848813044473,160.436052806282,-258.669437460802));
#4632=CARTESIAN_POINT('',(-302.048813044473,159.529998392574,-258.869437460802));
#4633=CARTESIAN_POINT('',(-302.048813044475,187.149120983188,-258.869437460801));
#4634=CARTESIAN_POINT('',(-302.048813044473,160.436052806282,-258.869437460802));
#4635=CARTESIAN_POINT('',(-302.048813044475,187.149120983188,-258.869437460801));
#4636=CARTESIAN_POINT('',(-301.648813044473,158.931277828075,-258.469437460802));
#4637=CARTESIAN_POINT('Origin',(-301.848813044474,173.51576486611,-264.041906850591));
#4638=CARTESIAN_POINT('',(-302.048813044474,182.008882373745,-263.84190685059));
#4639=CARTESIAN_POINT('',(-301.648813044474,182.174567798694,-264.24190685059));
#4640=CARTESIAN_POINT('',(-302.048813044474,173.51576486611,-263.841906850591));
#4641=CARTESIAN_POINT('Origin',(-301.848813044474,178.044922576102,-261.04190685059));
#4642=CARTESIAN_POINT('',(-302.048813044475,185.1766515934,-260.84190685059));
#4643=CARTESIAN_POINT('',(-302.048813044474,183.508882373745,-260.84190685059));
#4644=CARTESIAN_POINT('',(-302.048813044474,178.044922576102,-260.84190685059));
#4645=CARTESIAN_POINT('',(-302.048813044474,183.508882373745,-260.84190685059));
#4646=CARTESIAN_POINT('',(-301.648813044475,185.342337018349,-261.24190685059));
#4647=CARTESIAN_POINT('Origin',(-301.848813044474,178.275303640575,-266.358328296235));
#4648=CARTESIAN_POINT('',(-302.048813044474,182.508882373745,-261.84190685059));
#4649=CARTESIAN_POINT('',(-302.048813044474,178.133882284338,-266.216906939997));
#4650=CARTESIAN_POINT('',(-302.048813044474,182.508882373745,-261.84190685059));
#4651=CARTESIAN_POINT('Origin',(-301.848813044474,182.708882373745,-261.59878952177));
#4652=CARTESIAN_POINT('',(-302.048813044474,182.508882373745,-263.34190685059));
#4653=CARTESIAN_POINT('',(-302.048813044474,182.508882373745,-261.59878952177));
#4654=CARTESIAN_POINT('',(-302.048813044474,182.508882373745,-263.34190685059));
#4655=CARTESIAN_POINT('Origin',(-301.848813044474,178.275303640575,-267.858328296235));
#4656=CARTESIAN_POINT('',(-302.048813044474,178.133882284338,-267.716906939997));
#4657=CARTESIAN_POINT('Origin',(-301.848813044474,179.776130555316,-266.525270601148));
#4658=CARTESIAN_POINT('',(-302.048813044474,179.634709199079,-266.383849244911));
#4659=CARTESIAN_POINT('Origin',(-301.848813044473,160.327457075138,-261.316488460479));
#4660=CARTESIAN_POINT('',(-302.048813044473,160.512223737248,-261.239929459881));
#4661=CARTESIAN_POINT('Origin',(-296.648813044474,182.508882373745,-263.84190685059));
#4662=CARTESIAN_POINT('',(-309.248813044474,182.008882373744,-263.84190685059));
#4663=CARTESIAN_POINT('',(-296.648813044474,182.008882373745,-263.84190685059));
#4664=CARTESIAN_POINT('',(-309.248813044474,178.478096670293,-263.841906850591));
#4665=CARTESIAN_POINT('',(-309.248813044474,173.51576486611,-263.841906850591));
#4666=CARTESIAN_POINT('',(-296.648813044474,178.478096670294,-263.84190685059));
#4667=CARTESIAN_POINT('Origin',(-296.648813044474,182.258882373745,-263.59190685059));
#4668=CARTESIAN_POINT('',(-309.248813044474,182.508882373744,-263.341906850591));
#4669=CARTESIAN_POINT('',(-296.648813044474,182.508882373745,-263.34190685059));
#4670=CARTESIAN_POINT('',(-309.248813044474,178.133882284338,-267.716906939998));
#4671=CARTESIAN_POINT('Origin',(-296.648813044474,182.508882373745,-260.84190685059));
#4672=CARTESIAN_POINT('',(-309.248813044474,182.508882373744,-261.841906850591));
#4673=CARTESIAN_POINT('',(-296.648813044474,182.508882373745,-261.84190685059));
#4674=CARTESIAN_POINT('',(-309.248813044474,182.508882373744,-261.59878952177));
#4675=CARTESIAN_POINT('Origin',(-296.648813044474,183.008882373745,-261.34190685059));
#4676=CARTESIAN_POINT('',(-309.248813044474,183.508882373744,-260.84190685059));
#4677=CARTESIAN_POINT('',(-296.648813044474,183.508882373745,-260.84190685059));
#4678=CARTESIAN_POINT('',(-309.248813044474,178.133882284338,-266.216906939998));
#4679=CARTESIAN_POINT('Origin',(-296.648813044475,191.56719779373,-260.84190685059));
#4680=CARTESIAN_POINT('',(-309.248813044475,185.176651593399,-260.84190685059));
#4681=CARTESIAN_POINT('',(-299.148813044475,185.1766515934,-260.84190685059));
#4682=CARTESIAN_POINT('',(-309.248813044474,178.044922576102,-260.841906850591));
#4683=CARTESIAN_POINT('Origin',(-301.848813044472,144.976254030825,-268.62290731142));
#4684=CARTESIAN_POINT('',(-302.048813044472,138.478096282471,-261.841906850592));
#4685=CARTESIAN_POINT('',(-301.648813044472,138.312410857522,-262.241906850592));
#4686=CARTESIAN_POINT('',(-302.048813044472,137.536412343206,-260.900222911327));
#4687=CARTESIAN_POINT('',(-302.048813044472,145.117675387062,-268.481485955182));
#4688=CARTESIAN_POINT('',(-301.648813044472,137.136412343206,-261.065908336276));
#4689=CARTESIAN_POINT('Origin',(-301.848813044473,154.265764545735,-262.041906850591));
#4690=CARTESIAN_POINT('',(-302.048813044472,144.008881732995,-261.841906850592));
#4691=CARTESIAN_POINT('',(-301.648813044472,144.408881732995,-262.241906850592));
#4692=CARTESIAN_POINT('',(-302.048813044473,154.265764545735,-261.841906850591));
#4693=CARTESIAN_POINT('Origin',(-301.848813044472,144.208881732995,-261.830672174324));
#4694=CARTESIAN_POINT('',(-302.048813044472,144.008881732995,-259.869437460803));
#4695=CARTESIAN_POINT('',(-302.048813044472,144.008881732995,-261.830672174324));
#4696=CARTESIAN_POINT('',(-301.648813044472,144.408881732995,-259.469437460803));
#4697=CARTESIAN_POINT('Origin',(-301.848813044473,151.029529850841,-259.669437460802));
#4698=CARTESIAN_POINT('',(-302.048813044472,137.536412343206,-259.869437460803));
#4699=CARTESIAN_POINT('',(-302.048813044473,151.029529850841,-259.869437460802));
#4700=CARTESIAN_POINT('',(-301.648813044472,137.136412343206,-259.469437460803));
#4701=CARTESIAN_POINT('Origin',(-301.848813044472,137.336412343206,-261.627947552138));
#4702=CARTESIAN_POINT('',(-302.048813044472,137.536412343206,-261.627947552138));
#4703=CARTESIAN_POINT('Origin',(-296.648813044472,137.536412343206,-259.869437460803));
#4704=CARTESIAN_POINT('',(-309.248813044472,137.536412343205,-259.869437460803));
#4705=CARTESIAN_POINT('',(-296.648813044472,137.536412343206,-259.869437460803));
#4706=CARTESIAN_POINT('',(-309.248813044472,144.008881732994,-259.869437460803));
#4707=CARTESIAN_POINT('',(-309.248813044473,151.02952985084,-259.869437460803));
#4708=CARTESIAN_POINT('',(-296.648813044472,144.008881732995,-259.869437460802));
#4709=CARTESIAN_POINT('Origin',(-296.648813044472,137.536412343206,-260.900222911326));
#4710=CARTESIAN_POINT('',(-309.248813044472,137.536412343205,-260.900222911327));
#4711=CARTESIAN_POINT('',(-296.648813044472,137.536412343206,-260.900222911326));
#4712=CARTESIAN_POINT('',(-309.248813044472,137.536412343205,-261.627947552139));
#4713=CARTESIAN_POINT('Origin',(-296.648813044472,138.478096282471,-261.841906850592));
#4714=CARTESIAN_POINT('',(-309.248813044472,138.478096282471,-261.841906850592));
#4715=CARTESIAN_POINT('',(-296.648813044472,138.478096282471,-261.841906850592));
#4716=CARTESIAN_POINT('',(-309.248813044472,145.117675387062,-268.481485955182));
#4717=CARTESIAN_POINT('Origin',(-309.448813044474,170.000372014384,-261.041906850591));
#4718=CARTESIAN_POINT('',(-309.648813044474,175.312411245344,-261.241906850591));
#4719=CARTESIAN_POINT('',(-309.648813044473,160.080064536928,-261.241906850591));
#4720=CARTESIAN_POINT('',(-309.648813044474,170.000372014384,-261.241906850591));
#4721=CARTESIAN_POINT('',(-309.248813044473,160.347301056745,-260.841906850591));
#4722=CARTESIAN_POINT('',(-309.648813044473,160.080064536928,-261.241906850591));
#4723=CARTESIAN_POINT('',(-309.248813044474,175.478096670293,-260.841906850591));
#4724=CARTESIAN_POINT('',(-309.248813044474,170.000372014384,-260.841906850591));
#4725=CARTESIAN_POINT('',(-309.248813044474,175.478096670293,-260.841906850591));
#4726=CARTESIAN_POINT('Origin',(-309.448813044474,174.476254321691,-260.122907214463));
#4727=CARTESIAN_POINT('',(-309.248813044474,174.617675677928,-259.981485858226));
#4728=CARTESIAN_POINT('',(-309.648813044474,178.312411245344,-264.241906850591));
#4729=CARTESIAN_POINT('',(-309.248813044474,178.478096670293,-263.841906850591));
#4730=CARTESIAN_POINT('',(-309.648813044474,174.334832965453,-260.264328570701));
#4731=CARTESIAN_POINT('Origin',(-309.448813044473,160.327457075138,-261.31648846048));
#4732=CARTESIAN_POINT('',(-309.648813044473,158.931277828074,-258.469437460802));
#4733=CARTESIAN_POINT('',(-309.648813044473,160.142690413027,-261.393047461078));
#4734=CARTESIAN_POINT('',(-309.248813044473,159.529998392573,-258.869437460802));
#4735=CARTESIAN_POINT('',(-309.648813044473,158.931277828074,-258.469437460802));
#4736=CARTESIAN_POINT('',(-309.248813044473,160.512223737248,-261.239929459882));
#4737=CARTESIAN_POINT('Origin',(-309.448813044473,160.436052806281,-258.669437460802));
#4738=CARTESIAN_POINT('',(-309.648813044475,188.114806408137,-258.469437460801));
#4739=CARTESIAN_POINT('',(-309.648813044473,160.436052806281,-258.469437460802));
#4740=CARTESIAN_POINT('',(-309.248813044475,187.149120983188,-258.869437460801));
#4741=CARTESIAN_POINT('',(-309.648813044475,188.114806408137,-258.469437460801));
#4742=CARTESIAN_POINT('',(-309.248813044473,160.436052806281,-258.869437460802));
#4743=CARTESIAN_POINT('Origin',(-309.448813044474,179.776130555316,-266.525270601149));
#4744=CARTESIAN_POINT('',(-309.648813044475,185.342337018348,-261.24190685059));
#4745=CARTESIAN_POINT('',(-309.648813044474,179.917551911553,-266.666691957386));
#4746=CARTESIAN_POINT('',(-309.648813044475,185.342337018348,-261.24190685059));
#4747=CARTESIAN_POINT('',(-309.248813044474,179.634709199079,-266.383849244911));
#4748=CARTESIAN_POINT('Origin',(-309.448813044474,178.044922576102,-261.041906850591));
#4749=CARTESIAN_POINT('',(-309.648813044474,183.674567798694,-261.241906850591));
#4750=CARTESIAN_POINT('',(-309.648813044474,178.044922576102,-261.241906850591));
#4751=CARTESIAN_POINT('',(-309.648813044474,183.674567798694,-261.241906850591));
#4752=CARTESIAN_POINT('Origin',(-309.448813044474,178.275303640575,-266.358328296235));
#4753=CARTESIAN_POINT('',(-309.648813044474,182.908882373744,-262.00759227554));
#4754=CARTESIAN_POINT('',(-309.648813044474,178.416724996812,-266.499749652472));
#4755=CARTESIAN_POINT('',(-309.648813044474,182.908882373744,-262.00759227554));
#4756=CARTESIAN_POINT('Origin',(-309.448813044474,182.708882373744,-261.59878952177));
#4757=CARTESIAN_POINT('',(-309.648813044474,182.908882373744,-263.50759227554));
#4758=CARTESIAN_POINT('',(-309.648813044474,182.908882373744,-261.59878952177));
#4759=CARTESIAN_POINT('',(-309.648813044474,182.908882373744,-263.50759227554));
#4760=CARTESIAN_POINT('Origin',(-309.448813044474,178.275303640575,-267.858328296235));
#4761=CARTESIAN_POINT('',(-309.648813044474,182.174567798694,-264.241906850591));
#4762=CARTESIAN_POINT('',(-309.648813044474,178.416724996812,-267.999749652472));
#4763=CARTESIAN_POINT('',(-309.648813044474,182.174567798694,-264.241906850591));
#4764=CARTESIAN_POINT('Origin',(-309.448813044474,173.51576486611,-264.041906850591));
#4765=CARTESIAN_POINT('',(-309.648813044474,173.51576486611,-264.241906850591));
#4766=CARTESIAN_POINT('Origin',(-296.648813044474,178.478096670294,-263.84190685059));
#4767=CARTESIAN_POINT('',(-296.648813044474,175.478096670294,-260.84190685059));
#4768=CARTESIAN_POINT('Origin',(-296.648813044474,175.478096670294,-260.84190685059));
#4769=CARTESIAN_POINT('',(-299.148813044473,160.347301056746,-260.841906850591));
#4770=CARTESIAN_POINT('Origin',(-309.648813044473,164.522647358475,-262.35567219295));
#4771=CARTESIAN_POINT('',(-309.648813044472,142.6226470381,-270.021357513591));
#4772=CARTESIAN_POINT('',(-309.648813044472,142.6226470381,-270.589986730748));
#4773=CARTESIAN_POINT('',(-309.648813044472,142.6226470381,-266.655672174324));
#4774=CARTESIAN_POINT('',(-309.648813044472,143.532697510912,-270.931407986403));
#4775=CARTESIAN_POINT('',(-309.648813044472,146.989804415033,-274.388514890524));
#4776=CARTESIAN_POINT('',(-309.648813044472,144.1726470381,-270.291458459214));
#4777=CARTESIAN_POINT('',(-309.648813044473,151.315540271815,-263.148565225499));
#4778=CARTESIAN_POINT('',(-309.648813044472,144.1726470381,-264.689986730748));
#4779=CARTESIAN_POINT('',(-309.648813044472,144.1726470381,-258.605672174324));
#4780=CARTESIAN_POINT('',(-309.648813044472,143.438332463049,-263.955672155697));
#4781=CARTESIAN_POINT('',(-309.648813044472,148.492989839982,-269.01032953263));
#4782=CARTESIAN_POINT('',(-309.648813044472,137.188332463049,-263.955672155698));
#4783=CARTESIAN_POINT('',(-309.648813044473,154.272647198287,-263.955672155697));
#4784=CARTESIAN_POINT('',(-309.648813044472,134.4226470381,-261.189986730748));
#4785=CARTESIAN_POINT('',(-309.648813044472,142.930489839982,-269.69782953263));
#4786=CARTESIAN_POINT('',(-309.648813044472,134.4226470381,-259.521357580647));
#4787=CARTESIAN_POINT('',(-309.648813044472,134.4226470381,-261.105672174324));
#4788=CARTESIAN_POINT('',(-309.648813044472,136.188332463049,-257.755672155698));
#4789=CARTESIAN_POINT('',(-309.648813044472,141.680489821355,-252.263514797392));
#4790=CARTESIAN_POINT('',(-309.648813044473,151.688332463049,-257.755672155697));
#4791=CARTESIAN_POINT('',(-309.648813044473,154.022647198287,-257.755672155697));
#4792=CARTESIAN_POINT('',(-309.648813044473,154.555489821355,-254.888514797391));
#4793=CARTESIAN_POINT('',(-309.648813044475,192.856961613151,-263.955672155696));
#4794=CARTESIAN_POINT('',(-309.648813044474,186.864804396406,-269.947829372441));
#4795=CARTESIAN_POINT('',(-309.648813044475,186.356962253901,-263.955672155696));
#4796=CARTESIAN_POINT('',(-309.648813044474,174.772647518662,-263.955672155696));
#4797=CARTESIAN_POINT('',(-309.648813044474,185.62264767885,-264.689986730747));
#4798=CARTESIAN_POINT('',(-309.648813044474,181.114804876969,-269.197829532628));
#4799=CARTESIAN_POINT('',(-309.648813044474,185.62264767885,-268.789986730747));
#4800=CARTESIAN_POINT('',(-309.648813044474,185.62264767885,-266.155672174322));
#4801=CARTESIAN_POINT('',(-309.648813044474,184.856962253901,-269.555672155696));
#4802=CARTESIAN_POINT('',(-309.648813044474,181.764804876969,-272.647829532628));
#4803=CARTESIAN_POINT('',(-309.648813044474,180.988332463049,-269.555672155696));
#4804=CARTESIAN_POINT('',(-309.648813044474,173.022647198288,-269.555672155696));
#4805=CARTESIAN_POINT('',(-309.648813044474,181.688332463049,-268.855672155696));
#4806=CARTESIAN_POINT('',(-309.648813044474,178.830489821355,-271.71351479739));
#4807=CARTESIAN_POINT('',(-309.648813044474,182.4226470381,-268.855672155696));
#4808=CARTESIAN_POINT('',(-309.648813044474,173.022647198288,-268.855672155696));
#4809=CARTESIAN_POINT('',(-309.648813044474,182.4226470381,-266.955672155696));
#4810=CARTESIAN_POINT('',(-309.648813044474,182.4226470381,-263.355672174323));
#4811=CARTESIAN_POINT('',(-309.648813044474,177.188332850872,-266.955672155696));
#4812=CARTESIAN_POINT('',(-309.648813044474,173.022647198288,-266.955672155696));
#4813=CARTESIAN_POINT('',(-309.648813044474,174.188332850872,-263.955672155696));
#4814=CARTESIAN_POINT('',(-309.648813044474,172.180490130848,-261.947829435673));
#4815=CARTESIAN_POINT('',(-309.648813044473,154.856961613151,-263.955672155697));
#4816=CARTESIAN_POINT('',(-309.648813044473,156.022647198288,-263.955672155697));
#4817=CARTESIAN_POINT('',(-309.648813044472,151.856961613151,-266.955672155697));
#4818=CARTESIAN_POINT('',(-309.648813044473,156.864804396406,-261.947829372442));
#4819=CARTESIAN_POINT('',(-309.648813044472,148.688332463049,-266.955672155697));
#4820=CARTESIAN_POINT('',(-309.648813044473,159.772647198288,-266.955672155697));
#4821=CARTESIAN_POINT('',(-309.648813044472,147.9226470381,-266.189986730748));
#4822=CARTESIAN_POINT('',(-309.648813044472,151.305489839982,-269.572829532629));
#4823=CARTESIAN_POINT('',(-309.648813044472,147.9226470381,-264.746357580646));
#4824=CARTESIAN_POINT('',(-309.648813044472,147.9226470381,-262.355672174324));
#4825=CARTESIAN_POINT('',(-309.648813044472,148.688332463049,-263.980672155697));
#4826=CARTESIAN_POINT('',(-309.648813044473,152.861739821355,-259.807264797391));
#4827=CARTESIAN_POINT('',(-309.648813044472,149.688332463049,-263.980672155697));
#4828=CARTESIAN_POINT('',(-309.648813044473,157.022647198288,-263.980672155697));
#4829=CARTESIAN_POINT('',(-309.648813044473,153.762402829367,-259.90660178938));
#4830=CARTESIAN_POINT('',(-309.648813044473,155.974212467162,-257.694792151584));
#4831=CARTESIAN_POINT('',(-309.648813044473,153.264862536448,-258.705843440007));
#4832=CARTESIAN_POINT('',(-309.648813044473,154.859421037376,-262.554133640425));
#4833=CARTESIAN_POINT('',(-309.648813044472,147.356893287014,-258.707270405985));
#4834=CARTESIAN_POINT('',(-309.648813044473,156.571898455308,-258.705044683693));
#4835=CARTESIAN_POINT('',(-309.648813044472,146.6226470381,-259.441694020574));
#4836=CARTESIAN_POINT('',(-309.648813044473,150.55163330111,-255.511758665487));
#4837=CARTESIAN_POINT('',(-309.648813044472,146.6226470381,-268.855672155697));
#4838=CARTESIAN_POINT('',(-309.648813044472,146.6226470381,-265.855672174324));
#4839=CARTESIAN_POINT('',(-309.648813044472,147.556961613151,-268.855672155697));
#4840=CARTESIAN_POINT('',(-309.648813044473,156.022647198288,-268.855672155697));
#4841=CARTESIAN_POINT('',(-309.648813044472,147.6726470381,-268.971357580646));
#4842=CARTESIAN_POINT('',(-309.648813044472,150.264804415033,-271.563514957579));
#4843=CARTESIAN_POINT('',(-309.648813044472,147.6726470381,-270.239986730748));
#4844=CARTESIAN_POINT('',(-309.648813044472,147.6726470381,-265.405672174324));
#4845=CARTESIAN_POINT('',(-309.648813044472,146.356961613151,-271.555672155697));
#4846=CARTESIAN_POINT('',(-309.648813044473,153.514804396406,-264.397829372442));
#4847=CARTESIAN_POINT('',(-309.648813044472,143.58833246305,-271.555672155697));
#4848=CARTESIAN_POINT('',(-309.648813044473,156.772647198288,-271.555672155697));
#4849=CARTESIAN_POINT('',(-309.648813044472,146.380489839982,-274.34782953263));
#4850=CARTESIAN_POINT('',(-309.648813044472,137.136412343205,-261.065908336276));
#4851=CARTESIAN_POINT('',(-309.648813044472,137.136412343205,-259.469437460803));
#4852=CARTESIAN_POINT('',(-309.648813044472,137.136412343205,-261.627947552139));
#4853=CARTESIAN_POINT('',(-309.648813044472,138.312410857521,-262.241906850592));
#4854=CARTESIAN_POINT('',(-309.648813044472,144.834832674587,-268.764328667657));
#4855=CARTESIAN_POINT('',(-309.648813044472,144.408881732994,-262.241906850592));
#4856=CARTESIAN_POINT('',(-309.648813044473,154.265764545735,-262.241906850592));
#4857=CARTESIAN_POINT('',(-309.648813044472,144.408881732994,-259.469437460803));
#4858=CARTESIAN_POINT('',(-309.648813044472,144.408881732994,-261.830672174324));
#4859=CARTESIAN_POINT('',(-309.648813044473,151.02952985084,-259.469437460803));
#4860=CARTESIAN_POINT('Origin',(-309.448813044472,137.336412343205,-261.627947552139));
#4861=CARTESIAN_POINT('',(-309.648813044472,137.136412343205,-259.469437460803));
#4862=CARTESIAN_POINT('',(-309.248813044472,137.536412343205,-260.900222911327));
#4863=CARTESIAN_POINT('Origin',(-309.448813044472,144.976254030824,-268.62290731142));
#4864=CARTESIAN_POINT('',(-309.248813044472,138.478096282471,-261.841906850592));
#4865=CARTESIAN_POINT('Origin',(-309.448813044473,151.02952985084,-259.669437460803));
#4866=CARTESIAN_POINT('',(-309.648813044472,144.408881732994,-259.469437460803));
#4867=CARTESIAN_POINT('Origin',(-309.448813044473,154.265764545735,-262.041906850591));
#4868=CARTESIAN_POINT('',(-309.248813044472,144.008881732994,-261.841906850592));
#4869=CARTESIAN_POINT('',(-309.248813044473,154.265764545735,-261.841906850591));
#4870=CARTESIAN_POINT('',(-309.248813044472,144.008881732994,-261.841906850592));
#4871=CARTESIAN_POINT('Origin',(-309.448813044472,144.208881732994,-261.830672174324));
#4872=CARTESIAN_POINT('',(-309.248813044472,144.008881732994,-261.830672174324));
#4873=CARTESIAN_POINT('Origin',(-296.648813044472,144.008881732995,-261.841906850591));
#4874=CARTESIAN_POINT('',(-296.648813044472,144.008881732995,-261.841906850591));
#4875=CARTESIAN_POINT('Origin',(-309.448813044472,142.4226470381,-266.655672174324));
#4876=CARTESIAN_POINT('',(-309.531655756946,142.505489750575,-269.738514801117));
#4877=CARTESIAN_POINT('',(-310.807146418783,143.780980412412,-271.014005462954));
#4878=CARTESIAN_POINT('',(-310.031068934271,143.0049029279,-270.944204867042));
#4879=CARTESIAN_POINT('',(-309.648813044472,142.6226470381,-270.589986730748));
#4880=CARTESIAN_POINT('Origin',(-309.448813044472,146.239068483745,-274.489250888867));
#4881=CARTESIAN_POINT('',(-309.248813044472,143.4226470381,-271.955672155697));
#4882=CARTESIAN_POINT('',(-309.648813044472,143.58833246305,-271.555672155697));
#4883=CARTESIAN_POINT('',(-309.248813044472,146.097647127507,-274.630672245104));
#4884=CARTESIAN_POINT('Origin',(-309.448813044473,156.772647198288,-271.755672155697));
#4885=CARTESIAN_POINT('',(-309.248813044472,146.5226470381,-271.955672155697));
#4886=CARTESIAN_POINT('',(-309.648813044472,146.356961613151,-271.555672155697));
#4887=CARTESIAN_POINT('',(-309.248813044473,156.772647198288,-271.955672155697));
#4888=CARTESIAN_POINT('Origin',(-309.448813044472,150.40622577127,-271.422093601341));
#4889=CARTESIAN_POINT('',(-309.248813044472,147.7226470381,-268.455672155697));
#4890=CARTESIAN_POINT('',(-309.648813044472,147.556961613151,-268.855672155697));
#4891=CARTESIAN_POINT('',(-309.248813044472,148.0726470381,-268.805672155697));
#4892=CARTESIAN_POINT('',(-309.248813044472,150.547647127507,-271.280672245104));
#4893=CARTESIAN_POINT('',(-309.248813044472,148.0726470381,-268.805672155697));
#4894=CARTESIAN_POINT('Origin',(-309.448813044473,156.022647198288,-268.655672155697));
#4895=CARTESIAN_POINT('',(-309.248813044472,147.0226470381,-268.455672155697));
#4896=CARTESIAN_POINT('',(-309.648813044472,146.6226470381,-268.855672155697));
#4897=CARTESIAN_POINT('',(-309.248813044473,156.022647198288,-268.455672155697));
#4898=CARTESIAN_POINT('Origin',(-309.448813044472,146.8226470381,-265.855672174324));
#4899=CARTESIAN_POINT('',(-309.248813044472,147.0226470381,-259.607351148951));
#4900=CARTESIAN_POINT('',(-309.648813044472,146.6226470381,-259.441694020574));
#4901=CARTESIAN_POINT('',(-309.248813044472,147.0226470381,-265.855672174324));
#4902=CARTESIAN_POINT('Origin',(-309.448813044473,156.571946761787,-258.905044677859));
#4903=CARTESIAN_POINT('',(-309.248813044473,152.997652763864,-259.105907991492));
#4904=CARTESIAN_POINT('',(-309.648813044473,153.264862536448,-258.705843440007));
#4905=CARTESIAN_POINT('',(-309.248813044472,147.522647023515,-259.107230382756));
#4906=CARTESIAN_POINT('',(-309.248813044473,156.571995068265,-259.105044672025));
#4907=CARTESIAN_POINT('',(-309.248813044473,147.522647023515,-259.107230382756));
#4908=CARTESIAN_POINT('Origin',(-309.448813044473,154.674654375266,-262.630692641023));
#4909=CARTESIAN_POINT('',(-309.248813044473,153.290545953509,-259.812773240288));
#4910=CARTESIAN_POINT('',(-309.648813044473,153.762402829367,-259.90660178938));
#4911=CARTESIAN_POINT('',(-309.248813044473,154.489887713155,-262.707251641621));
#4912=CARTESIAN_POINT('Origin',(-309.448813044473,155.832791110925,-257.553370795347));
#4913=CARTESIAN_POINT('',(-309.248813044472,149.5226470381,-263.580672155697));
#4914=CARTESIAN_POINT('',(-309.648813044472,149.688332463049,-263.980672155697));
#4915=CARTESIAN_POINT('',(-309.248813044473,155.691369754687,-257.411949439109));
#4916=CARTESIAN_POINT('Origin',(-309.448813044472,147.7226470381,-262.355672174324));
#4917=CARTESIAN_POINT('',(-309.248813044472,147.5226470381,-266.355672155697));
#4918=CARTESIAN_POINT('',(-309.648813044472,147.9226470381,-266.189986730748));
#4919=CARTESIAN_POINT('',(-309.248813044472,147.5226470381,-264.580672155697));
#4920=CARTESIAN_POINT('',(-309.248813044472,147.5226470381,-262.355672174324));
#4921=CARTESIAN_POINT('',(-309.248813044472,147.5226470381,-264.580672155697));
#4922=CARTESIAN_POINT('Origin',(-309.448813044472,151.164068483745,-269.714250888867));
#4923=CARTESIAN_POINT('',(-309.248813044472,148.5226470381,-267.355672155697));
#4924=CARTESIAN_POINT('',(-309.648813044472,148.688332463049,-266.955672155697));
#4925=CARTESIAN_POINT('',(-309.248813044472,151.022647127507,-269.855672245104));
#4926=CARTESIAN_POINT('Origin',(-309.448813044473,159.772647198288,-267.155672155697));
#4927=CARTESIAN_POINT('',(-309.248813044472,152.0226470381,-267.355672155697));
#4928=CARTESIAN_POINT('',(-309.648813044472,151.856961613151,-266.955672155697));
#4929=CARTESIAN_POINT('',(-309.248813044473,159.772647198288,-267.355672155697));
#4930=CARTESIAN_POINT('Origin',(-309.448813044473,157.006225752643,-262.089250728679));
#4931=CARTESIAN_POINT('',(-309.248813044473,155.0226470381,-264.355672155697));
#4932=CARTESIAN_POINT('',(-309.648813044473,154.856961613151,-263.955672155697));
#4933=CARTESIAN_POINT('',(-309.248813044473,157.147647108881,-262.230672084916));
#4934=CARTESIAN_POINT('Origin',(-309.448813044473,156.022647198288,-264.155672155697));
#4935=CARTESIAN_POINT('',(-309.248813044474,174.022647425922,-264.355672155696));
#4936=CARTESIAN_POINT('',(-309.648813044474,174.188332850872,-263.955672155696));
#4937=CARTESIAN_POINT('',(-309.248813044473,156.022647198288,-264.355672155697));
#4938=CARTESIAN_POINT('Origin',(-309.448813044474,172.039068774611,-262.089250791911));
#4939=CARTESIAN_POINT('',(-309.248813044474,177.022647425922,-267.355672155696));
#4940=CARTESIAN_POINT('',(-309.648813044474,177.188332850872,-266.955672155696));
#4941=CARTESIAN_POINT('',(-309.248813044474,171.897647418374,-262.230672148148));
#4942=CARTESIAN_POINT('Origin',(-309.448813044474,173.022647198288,-267.155672155696));
#4943=CARTESIAN_POINT('',(-309.248813044474,182.0226470381,-267.355672155696));
#4944=CARTESIAN_POINT('',(-309.648813044474,182.4226470381,-266.955672155696));
#4945=CARTESIAN_POINT('',(-309.248813044474,173.022647198288,-267.355672155696));
#4946=CARTESIAN_POINT('Origin',(-309.448813044474,173.022647198288,-268.655672155696));
#4947=CARTESIAN_POINT('',(-309.248813044474,181.5226470381,-268.455672155696));
#4948=CARTESIAN_POINT('',(-309.648813044474,181.688332463049,-268.855672155696));
#4949=CARTESIAN_POINT('',(-309.248813044474,182.0226470381,-268.455672155696));
#4950=CARTESIAN_POINT('',(-309.248813044474,173.022647198288,-268.455672155696));
#4951=CARTESIAN_POINT('',(-309.248813044474,182.0226470381,-268.455672155696));
#4952=CARTESIAN_POINT('Origin',(-309.448813044474,178.689068465118,-271.572093441153));
#4953=CARTESIAN_POINT('',(-309.602366435067,180.876200428693,-269.602118765103));
#4954=CARTESIAN_POINT('',(-307.898895687134,176.763658245928,-271.305589513036));
#4955=CARTESIAN_POINT('',(-309.248813044474,180.5226470381,-269.455672155696));
#4956=CARTESIAN_POINT('',(-308.851904209267,180.125738202894,-269.291267133128));
#4957=CARTESIAN_POINT('',(-309.248813044474,178.547647108881,-271.430672084916));
#4958=CARTESIAN_POINT('Origin',(-309.448813044474,182.2226470381,-263.355672174323));
#4959=CARTESIAN_POINT('',(-309.248813044474,182.0226470381,-263.355672174323));
#4960=CARTESIAN_POINT('Origin',(-309.448813044473,152.720318465118,-259.665843441154));
#4961=CARTESIAN_POINT('',(-309.248813044472,148.5226470381,-263.580672155697));
#4962=CARTESIAN_POINT('',(-309.248813044473,152.57889710888,-259.524422084917));
#4963=CARTESIAN_POINT('',(-309.248813044472,148.5226470381,-263.580672155697));
#4964=CARTESIAN_POINT('Origin',(-309.448813044473,157.022647198288,-263.780672155697));
#4965=CARTESIAN_POINT('',(-309.248813044473,157.022647198288,-263.580672155697));
#4966=CARTESIAN_POINT('Origin',(-309.448813044473,150.693071735236,-255.653162941773));
#4967=CARTESIAN_POINT('',(-309.248813044473,150.834510169361,-255.79456721806));
#4968=CARTESIAN_POINT('Origin',(-309.448813044472,147.8726470381,-265.405672174324));
#4969=CARTESIAN_POINT('',(-309.248813044472,148.0726470381,-270.405672155697));
#4970=CARTESIAN_POINT('',(-309.248813044472,148.0726470381,-265.405672174324));
#4971=CARTESIAN_POINT('',(-309.248813044472,148.0726470381,-270.405672155697));
#4972=CARTESIAN_POINT('Origin',(-309.448813044473,153.656225752643,-264.539250728679));
#4973=CARTESIAN_POINT('',(-309.248813044473,153.797647108881,-264.680672084917));
#4974=CARTESIAN_POINT('Origin',(-309.448813044472,153.572647198288,-269.655672088642));
#4975=CARTESIAN_POINT('',(-309.648813044472,142.456961613151,-269.855672088642));
#4976=CARTESIAN_POINT('Origin',(-296.148813044472,143.022647038101,-271.555672155697));
#4977=CARTESIAN_POINT('',(-296.148813044472,143.422647038101,-271.955672155697));
#4978=CARTESIAN_POINT('Origin',(-291.648813044472,149.022647038101,-271.955672155697));
#4979=CARTESIAN_POINT('',(-291.648813044472,146.522647038101,-271.955672155697));
#4980=CARTESIAN_POINT('Origin',(-291.648813044472,147.272647038101,-271.205672155697));
#4981=CARTESIAN_POINT('',(-296.648813044472,148.072647038101,-270.405672155697));
#4982=CARTESIAN_POINT('Origin',(-291.648813044472,148.072647038101,-268.455672155697));
#4983=CARTESIAN_POINT('',(-305.148813044472,148.0726470381,-268.805672155697));
#4984=CARTESIAN_POINT('Origin',(-300.648813044472,148.022647038101,-268.755672155697));
#4985=CARTESIAN_POINT('',(-300.648813044472,147.722647038101,-268.455672155697));
#4986=CARTESIAN_POINT('Origin',(-309.648813044472,147.5226470381,-268.455672155697));
#4987=CARTESIAN_POINT('',(-305.648813044472,147.0226470381,-268.455672155697));
#4988=CARTESIAN_POINT('Origin',(-301.648813044472,147.022647038101,-269.355672155697));
#4989=CARTESIAN_POINT('',(-296.648813044473,147.022647038101,-259.60735114895));
#4990=CARTESIAN_POINT('Origin',(-296.648813044473,147.272647030808,-259.357290765853));
#4991=CARTESIAN_POINT('',(-296.648813044473,147.522647023516,-259.107230382755));
#4992=CARTESIAN_POINT('Origin',(-291.648813044473,148.622128373693,-259.106964822388));
#4993=CARTESIAN_POINT('',(-291.648813044473,152.997652763865,-259.105907991491));
#4994=CARTESIAN_POINT('Origin',(-291.648813044473,153.144099358688,-259.459340615889));
#4995=CARTESIAN_POINT('',(-291.648813044473,153.29054595351,-259.812773240287));
#4996=CARTESIAN_POINT('Origin',(-291.648813044473,153.747592329715,-259.355726864082));
#4997=CARTESIAN_POINT('',(-291.648813044472,149.522647038101,-263.580672155697));
#4998=CARTESIAN_POINT('Origin',(-301.648813044472,149.5226470381,-263.580672155697));
#4999=CARTESIAN_POINT('',(-296.648813044472,148.522647038101,-263.580672155697));
#5000=CARTESIAN_POINT('Origin',(-296.648813044472,148.022647038101,-264.080672155697));
#5001=CARTESIAN_POINT('',(-296.648813044472,147.522647038101,-264.580672155697));
#5002=CARTESIAN_POINT('Origin',(-291.648813044472,147.522647038101,-262.355672155697));
#5003=CARTESIAN_POINT('',(-291.648813044472,147.522647038101,-266.355672155697));
#5004=CARTESIAN_POINT('Origin',(-291.648813044472,148.022647038101,-266.855672155697));
#5005=CARTESIAN_POINT('',(-291.648813044472,148.522647038101,-267.355672155697));
#5006=CARTESIAN_POINT('Origin',(-291.648813044473,155.022647038101,-267.355672155696));
#5007=CARTESIAN_POINT('',(-291.648813044472,152.022647038101,-267.355672155696));
#5008=CARTESIAN_POINT('Origin',(-291.648813044473,153.522647038101,-265.855672155696));
#5009=CARTESIAN_POINT('',(-301.648813044473,155.022647038101,-264.355672155697));
#5010=CARTESIAN_POINT('Origin',(-301.648813044472,147.522647038101,-264.355672155697));
#5011=CARTESIAN_POINT('',(-296.648813044474,174.022647425923,-264.355672155696));
#5012=CARTESIAN_POINT('Origin',(-291.648813044474,175.522647425923,-265.855672155696));
#5013=CARTESIAN_POINT('',(-291.648813044474,177.022647425923,-267.355672155696));
#5014=CARTESIAN_POINT('Origin',(-291.648813044474,181.522647038101,-267.355672155696));
#5015=CARTESIAN_POINT('',(-301.648813044474,182.022647038101,-267.355672155696));
#5016=CARTESIAN_POINT('Origin',(-301.648813044474,182.0226470381,-264.355672155696));
#5017=CARTESIAN_POINT('',(-296.648813044474,182.022647038101,-268.455672155696));
#5018=CARTESIAN_POINT('Origin',(-301.648813044474,181.522647038101,-268.455672155696));
#5019=CARTESIAN_POINT('',(-296.648813044474,181.522647038101,-268.455672155696));
#5020=CARTESIAN_POINT('Origin',(-291.648813044474,181.022647038101,-268.955672155696));
#5021=CARTESIAN_POINT('',(-291.648813044474,180.522647038101,-269.455672155695));
#5022=CARTESIAN_POINT('Origin',(-309.448813044474,180.7226470381,-266.155672174323));
#5023=CARTESIAN_POINT('',(-309.648813044474,180.9226470381,-269.555672155696));
#5024=CARTESIAN_POINT('',(-309.248813044474,180.5226470381,-266.155672174323));
#5025=CARTESIAN_POINT('Origin',(-309.448813044472,143.9726470381,-258.605672174324));
#5026=CARTESIAN_POINT('',(-309.248813044472,143.7726470381,-264.855672155697));
#5027=CARTESIAN_POINT('',(-309.648813044472,144.1726470381,-270.291458459214));
#5028=CARTESIAN_POINT('Origin',(-309.448813044472,142.789068483745,-269.839250888867));
#5029=CARTESIAN_POINT('',(-309.248813044472,134.0226470381,-261.355672155698));
#5030=CARTESIAN_POINT('',(-309.648813044472,137.188332463049,-263.955672155698));
#5031=CARTESIAN_POINT('Origin',(-309.448813044472,134.2226470381,-261.105672174324));
#5032=CARTESIAN_POINT('',(-309.248813044472,134.0226470381,-259.355672155698));
#5033=CARTESIAN_POINT('Origin',(-309.448813044474,185.82264767885,-266.155672174322));
#5034=CARTESIAN_POINT('',(-309.248813044474,186.02264767885,-268.955672155696));
#5035=CARTESIAN_POINT('',(-309.648813044474,185.62264767885,-264.689986730747));
#5036=CARTESIAN_POINT('Origin',(-309.448813044474,181.906226233206,-272.789250888866));
#5037=CARTESIAN_POINT('',(-309.248813044474,185.02264767885,-269.955672155696));
#5038=CARTESIAN_POINT('Origin',(-309.448813044474,173.022647198288,-269.755672155696));
#5039=CARTESIAN_POINT('Origin',(-309.448813044474,181.256226233206,-269.339250888866));
#5040=CARTESIAN_POINT('',(-309.648813044475,186.356962253901,-263.955672155696));
#5041=CARTESIAN_POINT('Origin',(-309.448813044474,174.772647518662,-264.155672155696));
#5042=CARTESIAN_POINT('',(-309.648813044475,192.856961613151,-263.955672155696));
#5043=CARTESIAN_POINT('Origin',(-309.448813044474,187.006225752643,-270.089250728678));
#5044=CARTESIAN_POINT('Origin',(-309.448813044473,154.414068465118,-254.747093441154));
#5045=CARTESIAN_POINT('',(-309.648813044473,151.688332463049,-257.755672155697));
#5046=CARTESIAN_POINT('Origin',(-309.448813044473,154.022647198287,-257.555672155697));
#5047=CARTESIAN_POINT('',(-309.648813044472,136.188332463049,-257.755672155698));
#5048=CARTESIAN_POINT('Origin',(-309.448813044472,141.539068465117,-252.122093441154));
#5049=CARTESIAN_POINT('Origin',(-309.448813044473,154.272647198287,-264.155672155697));
#5050=CARTESIAN_POINT('',(-309.648813044472,143.438332463049,-263.955672155697));
#5051=CARTESIAN_POINT('Origin',(-309.448813044472,148.351568483744,-269.151750888867));
#5052=CARTESIAN_POINT('Origin',(-309.448813044473,151.174118915577,-263.007143869262));
#5053=CARTESIAN_POINT('',(-309.648813044472,143.532697510912,-270.931407986403));
#5054=CARTESIAN_POINT('Origin',(-309.448813044472,147.13122577127,-274.247093534286));
#5055=CARTESIAN_POINT('Origin',(-291.648813044474,180.522647038101,-269.955672155696));
#5056=CARTESIAN_POINT('Origin',(-301.648813044475,185.1766515934,-260.84190685059));
#5057=CARTESIAN_POINT('',(-299.148813044475,187.149120983189,-258.869437460801));
#5058=CARTESIAN_POINT('Origin',(-296.648813044473,156.349458254088,-258.869437460802));
#5059=CARTESIAN_POINT('',(-299.148813044473,159.529998392574,-258.869437460802));
#5060=CARTESIAN_POINT('Origin',(-301.648813044473,159.529998392574,-258.869437460802));
#5061=CARTESIAN_POINT('Origin',(-296.648813044472,144.008881732995,-261.305672155697));
#5062=UNCERTAINTY_MEASURE_WITH_UNIT(LENGTH_MEASURE(0.01),#5066,
'DISTANCE_ACCURACY_VALUE',
'Maximum model space distance between geometric entities at asserted c
onnectivities');
#5063=UNCERTAINTY_MEASURE_WITH_UNIT(LENGTH_MEASURE(0.01),#5066,
'DISTANCE_ACCURACY_VALUE',
'Maximum model space distance between geometric entities at asserted c
onnectivities');
#5064=(
GEOMETRIC_REPRESENTATION_CONTEXT(3)
GLOBAL_UNCERTAINTY_ASSIGNED_CONTEXT((#5062))
GLOBAL_UNIT_ASSIGNED_CONTEXT((#5066,#5068,#5069))
REPRESENTATION_CONTEXT('','3D')
);
#5065=(
GEOMETRIC_REPRESENTATION_CONTEXT(3)
GLOBAL_UNCERTAINTY_ASSIGNED_CONTEXT((#5063))
GLOBAL_UNIT_ASSIGNED_CONTEXT((#5066,#5068,#5069))
REPRESENTATION_CONTEXT('','3D')
);
#5066=(
LENGTH_UNIT()
NAMED_UNIT(*)
SI_UNIT(.MILLI.,.METRE.)
);
#5067=(
LENGTH_UNIT()
NAMED_UNIT(*)
SI_UNIT($,.METRE.)
);
#5068=(
NAMED_UNIT(*)
PLANE_ANGLE_UNIT()
SI_UNIT($,.RADIAN.)
);
#5069=(
NAMED_UNIT(*)
SI_UNIT($,.STERADIAN.)
SOLID_ANGLE_UNIT()
);
#5070=SHAPE_DEFINITION_REPRESENTATION(#5071,#5072);
#5071=PRODUCT_DEFINITION_SHAPE('',$,#5074);
#5072=SHAPE_REPRESENTATION('',(#3190),#5064);
#5073=PRODUCT_DEFINITION_CONTEXT('part definition',#5078,'design');
#5074=PRODUCT_DEFINITION('DIN Clips (6)','DIN Clips (6)',#5075,#5073);
#5075=PRODUCT_DEFINITION_FORMATION('',$,#5080);
#5076=PRODUCT_RELATED_PRODUCT_CATEGORY('DIN Clips (6)','DIN Clips (6)',
(#5080));
#5077=APPLICATION_PROTOCOL_DEFINITION('international standard',
'ap242_managed_model_based_3d_engineering',2011,#5078);
#5078=APPLICATION_CONTEXT('Managed model based 3d engineering');
#5079=PRODUCT_CONTEXT('part definition',#5078,'mechanical');
#5080=PRODUCT('DIN Clips (6)','DIN Clips (6)',$,(#5079));
#5081=PRESENTATION_STYLE_ASSIGNMENT((#5083));
#5082=PRESENTATION_STYLE_ASSIGNMENT((#5084));
#5083=SURFACE_STYLE_USAGE(.BOTH.,#5085);
#5084=SURFACE_STYLE_USAGE(.BOTH.,#5086);
#5085=SURFACE_SIDE_STYLE('',(#5087));
#5086=SURFACE_SIDE_STYLE('',(#5088));
#5087=SURFACE_STYLE_FILL_AREA(#5089);
#5088=SURFACE_STYLE_FILL_AREA(#5090);
#5089=FILL_AREA_STYLE('Steel - Satin',(#5091));
#5090=FILL_AREA_STYLE('Opaque(49,49,49)',(#5092));
#5091=FILL_AREA_STYLE_COLOUR('Steel - Satin',#5093);
#5092=FILL_AREA_STYLE_COLOUR('Opaque(49,49,49)',#5094);
#5093=COLOUR_RGB('Steel - Satin',0.627450980392157,0.627450980392157,0.627450980392157);
#5094=COLOUR_RGB('Opaque(49,49,49)',0.192156862745098,0.192156862745098,
0.192156862745098);
ENDSEC;
END-ISO-10303-21;
