ISO-10303-21;
HEADER;
/* Generated by software containing ST-Developer
 * from STEP Tools, Inc. (www.steptools.com) 
 */

FILE_DESCRIPTION(
/* description */ ('',
'CAx-IF Rec.Pracs.---Representation and Presentation of Product Manufa
cturing Information (PMI)---4.0---2014-10-13'),
/* implementation_level */ '2;1');

FILE_NAME(
/* name */ 'Duet3_Mini_5_+expander DIN Mounts.step',
/* time_stamp */ '2025-03-14T14:18:12-07:00',
/* author */ (''),
/* organization */ (''),
/* preprocessor_version */ 'ST-DEVELOPER v20',
/* originating_system */ 'Autodesk Translation Framework v13.20.0.188',

/* authorisation */ '');

FILE_SCHEMA (('AP242_MANAGED_MODEL_BASED_3D_ENGINEERING_MIM_LF { 1 0 10303 442 1 1 4 }'));
ENDSEC;

DATA;
#10=MECHANICAL_DESIGN_GEOMETRIC_PRESENTATION_REPRESENTATION('',(#13,#14),
#10910);
#11=SHAPE_REPRESENTATION_RELATIONSHIP('SRR','None',#10917,#12);
#12=ADVANCED_BREP_SHAPE_REPRESENTATION('',(#15,#16),#10909);
#13=STYLED_ITEM('',(#10927),#15);
#14=STYLED_ITEM('',(#10927),#16);
#15=MANIFOLD_SOLID_BREP('Body1',#5927);
#16=MANIFOLD_SOLID_BREP('Body2',#5928);
#17=TOROIDAL_SURFACE('',#6091,20.4,0.4);
#18=TOROIDAL_SURFACE('',#6099,20.4,0.4);
#19=TOROIDAL_SURFACE('',#6104,5.05,2.);
#20=TOROIDAL_SURFACE('',#6111,2.4,0.4);
#21=TOROIDAL_SURFACE('',#6115,2.4,0.4);
#22=TOROIDAL_SURFACE('',#6118,2.4,0.4);
#23=TOROIDAL_SURFACE('',#6124,2.4,0.4);
#24=TOROIDAL_SURFACE('',#6131,10.4,0.4);
#25=TOROIDAL_SURFACE('',#6133,5.6,0.4);
#26=TOROIDAL_SURFACE('',#6137,5.6,0.4);
#27=TOROIDAL_SURFACE('',#6139,10.4,0.4);
#28=TOROIDAL_SURFACE('',#6146,2.65,0.4);
#29=TOROIDAL_SURFACE('',#6151,2.65,0.4);
#30=TOROIDAL_SURFACE('',#6161,5.05,2.);
#31=TOROIDAL_SURFACE('',#6321,20.4,0.4);
#32=TOROIDAL_SURFACE('',#6329,20.4,0.4);
#33=TOROIDAL_SURFACE('',#6334,5.05,2.);
#34=TOROIDAL_SURFACE('',#6341,2.4,0.4);
#35=TOROIDAL_SURFACE('',#6345,2.4,0.4);
#36=TOROIDAL_SURFACE('',#6348,2.4,0.4);
#37=TOROIDAL_SURFACE('',#6354,2.4,0.4);
#38=TOROIDAL_SURFACE('',#6361,10.4,0.4);
#39=TOROIDAL_SURFACE('',#6363,5.6,0.4);
#40=TOROIDAL_SURFACE('',#6367,5.6,0.4);
#41=TOROIDAL_SURFACE('',#6369,10.4,0.4);
#42=TOROIDAL_SURFACE('',#6376,2.65,0.4);
#43=TOROIDAL_SURFACE('',#6381,2.65,0.4);
#44=TOROIDAL_SURFACE('',#6391,5.05,2.);
#45=CYLINDRICAL_SURFACE('',#6023,1.2);
#46=CYLINDRICAL_SURFACE('',#6032,2.);
#47=CYLINDRICAL_SURFACE('',#6036,1.2);
#48=CYLINDRICAL_SURFACE('',#6045,2.);
#49=CYLINDRICAL_SURFACE('',#6049,1.45);
#50=CYLINDRICAL_SURFACE('',#6053,1.45);
#51=CYLINDRICAL_SURFACE('',#6080,3.05);
#52=CYLINDRICAL_SURFACE('',#6084,10.);
#53=CYLINDRICAL_SURFACE('',#6086,6.);
#54=CYLINDRICAL_SURFACE('',#6089,6.);
#55=CYLINDRICAL_SURFACE('',#6095,0.4);
#56=CYLINDRICAL_SURFACE('',#6097,0.4);
#57=CYLINDRICAL_SURFACE('',#6102,0.4);
#58=CYLINDRICAL_SURFACE('',#6105,20.);
#59=CYLINDRICAL_SURFACE('',#6107,20.);
#60=CYLINDRICAL_SURFACE('',#6108,0.4);
#61=CYLINDRICAL_SURFACE('',#6113,0.4);
#62=CYLINDRICAL_SURFACE('',#6122,0.4);
#63=CYLINDRICAL_SURFACE('',#6126,0.4);
#64=CYLINDRICAL_SURFACE('',#6127,2.);
#65=CYLINDRICAL_SURFACE('',#6129,0.4);
#66=CYLINDRICAL_SURFACE('',#6135,0.4);
#67=CYLINDRICAL_SURFACE('',#6142,0.4);
#68=CYLINDRICAL_SURFACE('',#6145,10.);
#69=CYLINDRICAL_SURFACE('',#6157,3.05);
#70=CYLINDRICAL_SURFACE('',#6163,2.);
#71=CYLINDRICAL_SURFACE('',#6165,2.);
#72=CYLINDRICAL_SURFACE('',#6168,2.);
#73=CYLINDRICAL_SURFACE('',#6253,1.2);
#74=CYLINDRICAL_SURFACE('',#6262,2.);
#75=CYLINDRICAL_SURFACE('',#6266,1.2);
#76=CYLINDRICAL_SURFACE('',#6275,2.);
#77=CYLINDRICAL_SURFACE('',#6279,1.45);
#78=CYLINDRICAL_SURFACE('',#6283,1.45);
#79=CYLINDRICAL_SURFACE('',#6310,3.05);
#80=CYLINDRICAL_SURFACE('',#6314,10.);
#81=CYLINDRICAL_SURFACE('',#6316,6.);
#82=CYLINDRICAL_SURFACE('',#6319,6.);
#83=CYLINDRICAL_SURFACE('',#6325,0.4);
#84=CYLINDRICAL_SURFACE('',#6327,0.4);
#85=CYLINDRICAL_SURFACE('',#6332,0.4);
#86=CYLINDRICAL_SURFACE('',#6335,20.);
#87=CYLINDRICAL_SURFACE('',#6337,20.);
#88=CYLINDRICAL_SURFACE('',#6338,0.4);
#89=CYLINDRICAL_SURFACE('',#6343,0.4);
#90=CYLINDRICAL_SURFACE('',#6352,0.4);
#91=CYLINDRICAL_SURFACE('',#6356,0.4);
#92=CYLINDRICAL_SURFACE('',#6357,2.);
#93=CYLINDRICAL_SURFACE('',#6359,0.4);
#94=CYLINDRICAL_SURFACE('',#6365,0.4);
#95=CYLINDRICAL_SURFACE('',#6372,0.4);
#96=CYLINDRICAL_SURFACE('',#6375,10.);
#97=CYLINDRICAL_SURFACE('',#6387,3.05);
#98=CYLINDRICAL_SURFACE('',#6393,2.);
#99=CYLINDRICAL_SURFACE('',#6395,2.);
#100=CYLINDRICAL_SURFACE('',#6398,2.);
#101=CONICAL_SURFACE('',#6004,1.4,0.785398163397449);
#102=CONICAL_SURFACE('',#6025,2.2,0.785398163397438);
#103=CONICAL_SURFACE('',#6029,2.2,0.785398163397449);
#104=CONICAL_SURFACE('',#6034,1.4,0.785398163397449);
#105=CONICAL_SURFACE('',#6038,2.2,0.785398163397451);
#106=CONICAL_SURFACE('',#6042,2.2,0.785398163397449);
#107=CONICAL_SURFACE('',#6047,1.65,0.785398163397449);
#108=CONICAL_SURFACE('',#6051,1.65,0.785398163397449);
#109=CONICAL_SURFACE('',#6055,5.8,0.785398163397443);
#110=CONICAL_SURFACE('',#6058,10.2,0.785398163397453);
#111=CONICAL_SURFACE('',#6060,5.8,0.78539816339745);
#112=CONICAL_SURFACE('',#6063,10.2,0.785398163397449);
#113=CONICAL_SURFACE('',#6065,2.85,0.785398163397447);
#114=CONICAL_SURFACE('',#6070,2.85,0.785398163397452);
#115=CONICAL_SURFACE('',#6073,20.2,0.785398163397449);
#116=CONICAL_SURFACE('',#6077,20.2,0.785398163397451);
#117=CONICAL_SURFACE('',#6159,1.85,0.785398163397449);
#118=CONICAL_SURFACE('',#6160,1.85,0.785398163397449);
#119=CONICAL_SURFACE('',#6234,1.4,0.785398163397449);
#120=CONICAL_SURFACE('',#6255,2.2,0.785398163397438);
#121=CONICAL_SURFACE('',#6259,2.2,0.785398163397449);
#122=CONICAL_SURFACE('',#6264,1.4,0.785398163397449);
#123=CONICAL_SURFACE('',#6268,2.2,0.785398163397451);
#124=CONICAL_SURFACE('',#6272,2.2,0.785398163397449);
#125=CONICAL_SURFACE('',#6277,1.65,0.785398163397449);
#126=CONICAL_SURFACE('',#6281,1.65,0.785398163397449);
#127=CONICAL_SURFACE('',#6285,5.8,0.785398163397443);
#128=CONICAL_SURFACE('',#6288,10.2,0.785398163397453);
#129=CONICAL_SURFACE('',#6290,5.8,0.78539816339745);
#130=CONICAL_SURFACE('',#6293,10.2,0.785398163397449);
#131=CONICAL_SURFACE('',#6295,2.85,0.785398163397447);
#132=CONICAL_SURFACE('',#6300,2.85,0.785398163397452);
#133=CONICAL_SURFACE('',#6303,20.2,0.785398163397449);
#134=CONICAL_SURFACE('',#6307,20.2,0.785398163397451);
#135=CONICAL_SURFACE('',#6389,1.85,0.785398163397449);
#136=CONICAL_SURFACE('',#6390,1.85,0.785398163397449);
#137=CIRCLE('',#5990,5.05);
#138=CIRCLE('',#5991,10.4);
#139=CIRCLE('',#5992,5.6);
#140=CIRCLE('',#5993,5.6);
#141=CIRCLE('',#5994,10.4);
#142=CIRCLE('',#5995,5.05);
#143=CIRCLE('',#5996,20.4);
#144=CIRCLE('',#5997,20.4);
#145=CIRCLE('',#5998,2.4);
#146=CIRCLE('',#5999,2.4);
#147=CIRCLE('',#6000,2.);
#148=CIRCLE('',#6001,2.);
#149=CIRCLE('',#6002,2.4);
#150=CIRCLE('',#6003,2.4);
#151=CIRCLE('',#6005,1.2);
#152=CIRCLE('',#6006,1.6);
#153=CIRCLE('',#6008,5.6);
#154=CIRCLE('',#6009,5.6);
#155=CIRCLE('',#6010,10.4);
#156=CIRCLE('',#6011,2.65);
#157=CIRCLE('',#6012,20.4);
#158=CIRCLE('',#6013,20.4);
#159=CIRCLE('',#6014,2.65);
#160=CIRCLE('',#6015,10.4);
#161=CIRCLE('',#6016,2.39999999999999);
#162=CIRCLE('',#6017,2.4);
#163=CIRCLE('',#6018,2.4);
#164=CIRCLE('',#6019,2.4);
#165=CIRCLE('',#6020,1.85);
#166=CIRCLE('',#6021,1.85);
#167=CIRCLE('',#6022,1.6);
#168=CIRCLE('',#6024,1.2);
#169=CIRCLE('',#6026,2.);
#170=CIRCLE('',#6030,2.);
#171=CIRCLE('',#6033,2.);
#172=CIRCLE('',#6035,1.2);
#173=CIRCLE('',#6037,1.2);
#174=CIRCLE('',#6039,2.);
#175=CIRCLE('',#6043,2.);
#176=CIRCLE('',#6046,2.);
#177=CIRCLE('',#6048,1.45);
#178=CIRCLE('',#6050,1.45);
#179=CIRCLE('',#6052,1.45);
#180=CIRCLE('',#6054,1.45);
#181=CIRCLE('',#6056,6.);
#182=CIRCLE('',#6059,10.);
#183=CIRCLE('',#6061,6.);
#184=CIRCLE('',#6064,10.);
#185=CIRCLE('',#6066,3.05);
#186=CIRCLE('',#6067,3.05);
#187=CIRCLE('',#6071,3.05);
#188=CIRCLE('',#6072,3.05);
#189=CIRCLE('',#6074,20.);
#190=CIRCLE('',#6078,20.);
#191=CIRCLE('',#6081,3.05);
#192=CIRCLE('',#6082,3.05);
#193=CIRCLE('',#6085,10.);
#194=CIRCLE('',#6087,6.);
#195=CIRCLE('',#6090,6.);
#196=CIRCLE('',#6092,0.4);
#197=CIRCLE('',#6093,0.4);
#198=CIRCLE('',#6094,20.);
#199=CIRCLE('',#6096,0.4);
#200=CIRCLE('',#6098,0.4);
#201=CIRCLE('',#6100,0.399999999999999);
#202=CIRCLE('',#6101,20.);
#203=CIRCLE('',#6103,0.399999999999999);
#204=CIRCLE('',#6109,0.4);
#205=CIRCLE('',#6110,0.4);
#206=CIRCLE('',#6112,0.4);
#207=CIRCLE('',#6114,0.399999999999991);
#208=CIRCLE('',#6116,2.);
#209=CIRCLE('',#6119,0.400000000000009);
#210=CIRCLE('',#6120,0.4);
#211=CIRCLE('',#6121,2.);
#212=CIRCLE('',#6123,0.4);
#213=CIRCLE('',#6125,0.4);
#214=CIRCLE('',#6128,0.399999999999998);
#215=CIRCLE('',#6130,0.399999999999998);
#216=CIRCLE('',#6132,0.400000000000002);
#217=CIRCLE('',#6134,0.4);
#218=CIRCLE('',#6136,0.4);
#219=CIRCLE('',#6138,0.400000000000009);
#220=CIRCLE('',#6140,0.39999999999999);
#221=CIRCLE('',#6141,9.99999999999999);
#222=CIRCLE('',#6143,0.399999999999999);
#223=CIRCLE('',#6147,2.65);
#224=CIRCLE('',#6148,0.4);
#225=CIRCLE('',#6150,2.25);
#226=CIRCLE('',#6152,2.65);
#227=CIRCLE('',#6153,0.4);
#228=CIRCLE('',#6154,3.05);
#229=CIRCLE('',#6156,2.25);
#230=CIRCLE('',#6158,3.05);
#231=CIRCLE('',#6166,2.);
#232=CIRCLE('',#6169,2.);
#233=CIRCLE('',#6220,20.4);
#234=CIRCLE('',#6221,20.4);
#235=CIRCLE('',#6222,5.05);
#236=CIRCLE('',#6223,10.4);
#237=CIRCLE('',#6224,5.6);
#238=CIRCLE('',#6225,5.6);
#239=CIRCLE('',#6226,10.4);
#240=CIRCLE('',#6227,5.05);
#241=CIRCLE('',#6228,2.4);
#242=CIRCLE('',#6229,2.4);
#243=CIRCLE('',#6230,2.);
#244=CIRCLE('',#6231,2.);
#245=CIRCLE('',#6232,2.4);
#246=CIRCLE('',#6233,2.4);
#247=CIRCLE('',#6235,1.2);
#248=CIRCLE('',#6236,1.6);
#249=CIRCLE('',#6238,5.6);
#250=CIRCLE('',#6239,10.4);
#251=CIRCLE('',#6240,2.65);
#252=CIRCLE('',#6241,20.4);
#253=CIRCLE('',#6242,20.4);
#254=CIRCLE('',#6243,2.65);
#255=CIRCLE('',#6244,10.4);
#256=CIRCLE('',#6245,5.6);
#257=CIRCLE('',#6246,2.39999999999999);
#258=CIRCLE('',#6247,2.4);
#259=CIRCLE('',#6248,2.4);
#260=CIRCLE('',#6249,2.4);
#261=CIRCLE('',#6250,1.85);
#262=CIRCLE('',#6251,1.85);
#263=CIRCLE('',#6252,1.6);
#264=CIRCLE('',#6254,1.2);
#265=CIRCLE('',#6256,2.);
#266=CIRCLE('',#6260,2.);
#267=CIRCLE('',#6263,2.);
#268=CIRCLE('',#6265,1.2);
#269=CIRCLE('',#6267,1.2);
#270=CIRCLE('',#6269,2.);
#271=CIRCLE('',#6273,2.);
#272=CIRCLE('',#6276,2.);
#273=CIRCLE('',#6278,1.45);
#274=CIRCLE('',#6280,1.45);
#275=CIRCLE('',#6282,1.45);
#276=CIRCLE('',#6284,1.45);
#277=CIRCLE('',#6286,6.);
#278=CIRCLE('',#6289,10.);
#279=CIRCLE('',#6291,6.);
#280=CIRCLE('',#6294,10.);
#281=CIRCLE('',#6296,3.05);
#282=CIRCLE('',#6297,3.05);
#283=CIRCLE('',#6301,3.05);
#284=CIRCLE('',#6302,3.05);
#285=CIRCLE('',#6304,20.);
#286=CIRCLE('',#6308,20.);
#287=CIRCLE('',#6311,3.05);
#288=CIRCLE('',#6312,3.05);
#289=CIRCLE('',#6315,10.);
#290=CIRCLE('',#6317,6.);
#291=CIRCLE('',#6320,6.);
#292=CIRCLE('',#6322,0.4);
#293=CIRCLE('',#6323,20.);
#294=CIRCLE('',#6324,0.4);
#295=CIRCLE('',#6326,0.4);
#296=CIRCLE('',#6328,0.4);
#297=CIRCLE('',#6330,0.399999999999999);
#298=CIRCLE('',#6331,20.);
#299=CIRCLE('',#6333,0.399999999999999);
#300=CIRCLE('',#6339,0.4);
#301=CIRCLE('',#6340,0.4);
#302=CIRCLE('',#6342,0.4);
#303=CIRCLE('',#6344,0.399999999999991);
#304=CIRCLE('',#6346,2.);
#305=CIRCLE('',#6349,0.400000000000009);
#306=CIRCLE('',#6350,2.);
#307=CIRCLE('',#6351,0.4);
#308=CIRCLE('',#6353,0.4);
#309=CIRCLE('',#6355,0.4);
#310=CIRCLE('',#6358,0.399999999999998);
#311=CIRCLE('',#6360,0.399999999999998);
#312=CIRCLE('',#6362,0.400000000000002);
#313=CIRCLE('',#6364,0.4);
#314=CIRCLE('',#6366,0.4);
#315=CIRCLE('',#6368,0.400000000000009);
#316=CIRCLE('',#6370,0.39999999999999);
#317=CIRCLE('',#6371,9.99999999999999);
#318=CIRCLE('',#6373,0.399999999999999);
#319=CIRCLE('',#6377,2.65);
#320=CIRCLE('',#6378,0.4);
#321=CIRCLE('',#6380,2.25);
#322=CIRCLE('',#6382,2.65);
#323=CIRCLE('',#6383,0.4);
#324=CIRCLE('',#6384,3.05);
#325=CIRCLE('',#6386,2.25);
#326=CIRCLE('',#6388,3.05);
#327=CIRCLE('',#6396,2.);
#328=CIRCLE('',#6399,2.);
#329=FACE_BOUND('',#953,.T.);
#330=FACE_BOUND('',#1015,.T.);
#331=FACE_BOUND('',#1016,.T.);
#332=FACE_BOUND('',#1017,.T.);
#333=FACE_BOUND('',#1018,.T.);
#334=FACE_BOUND('',#1019,.T.);
#335=FACE_BOUND('',#1020,.T.);
#336=FACE_BOUND('',#1021,.T.);
#337=FACE_BOUND('',#1022,.T.);
#338=FACE_BOUND('',#1023,.T.);
#339=FACE_BOUND('',#1026,.T.);
#340=FACE_BOUND('',#1027,.T.);
#341=FACE_BOUND('',#1028,.T.);
#342=FACE_BOUND('',#1029,.T.);
#343=FACE_BOUND('',#1030,.T.);
#344=FACE_BOUND('',#1031,.T.);
#345=FACE_BOUND('',#1106,.T.);
#346=FACE_BOUND('',#1109,.T.);
#347=FACE_BOUND('',#1119,.T.);
#348=FACE_BOUND('',#1122,.T.);
#349=FACE_BOUND('',#1204,.T.);
#350=FACE_BOUND('',#1206,.T.);
#351=FACE_BOUND('',#1207,.T.);
#352=FACE_BOUND('',#1208,.T.);
#353=FACE_BOUND('',#1209,.T.);
#354=FACE_BOUND('',#1210,.T.);
#355=FACE_BOUND('',#1211,.T.);
#356=FACE_BOUND('',#1212,.T.);
#357=FACE_BOUND('',#1213,.T.);
#358=FACE_BOUND('',#1214,.T.);
#359=FACE_BOUND('',#1217,.T.);
#360=FACE_BOUND('',#1218,.T.);
#361=FACE_BOUND('',#1219,.T.);
#362=FACE_BOUND('',#1220,.T.);
#363=FACE_BOUND('',#1221,.T.);
#364=FACE_BOUND('',#1222,.T.);
#365=FACE_BOUND('',#1297,.T.);
#366=FACE_BOUND('',#1300,.T.);
#367=FACE_BOUND('',#1310,.T.);
#368=FACE_BOUND('',#1313,.T.);
#369=B_SPLINE_CURVE_WITH_KNOTS('',2,(#7861,#7862,#7863),.UNSPECIFIED.,.F.,
 .F.,(3,3),(0.,1.),.UNSPECIFIED.);
#370=B_SPLINE_CURVE_WITH_KNOTS('',2,(#7866,#7867,#7868),.UNSPECIFIED.,.F.,
 .F.,(3,3),(0.,1.),.UNSPECIFIED.);
#371=B_SPLINE_CURVE_WITH_KNOTS('',2,(#7876,#7877,#7878),.UNSPECIFIED.,.F.,
 .F.,(3,3),(0.,1.),.UNSPECIFIED.);
#372=B_SPLINE_CURVE_WITH_KNOTS('',2,(#7881,#7882,#7883),.UNSPECIFIED.,.F.,
 .F.,(3,3),(0.,1.),.UNSPECIFIED.);
#373=B_SPLINE_CURVE_WITH_KNOTS('',2,(#7897,#7898,#7899),.UNSPECIFIED.,.F.,
 .F.,(3,3),(0.,1.),.UNSPECIFIED.);
#374=B_SPLINE_CURVE_WITH_KNOTS('',2,(#7902,#7903,#7904),.UNSPECIFIED.,.F.,
 .F.,(3,3),(0.,1.),.UNSPECIFIED.);
#375=B_SPLINE_CURVE_WITH_KNOTS('',2,(#7912,#7913,#7914),.UNSPECIFIED.,.F.,
 .F.,(3,3),(0.,1.),.UNSPECIFIED.);
#376=B_SPLINE_CURVE_WITH_KNOTS('',2,(#7917,#7918,#7919),.UNSPECIFIED.,.F.,
 .F.,(3,3),(0.,1.),.UNSPECIFIED.);
#377=B_SPLINE_CURVE_WITH_KNOTS('',2,(#7927,#7928,#7929),.UNSPECIFIED.,.F.,
 .F.,(3,3),(0.,1.),.UNSPECIFIED.);
#378=B_SPLINE_CURVE_WITH_KNOTS('',2,(#7932,#7933,#7934),.UNSPECIFIED.,.F.,
 .F.,(3,3),(0.,1.),.UNSPECIFIED.);
#379=B_SPLINE_CURVE_WITH_KNOTS('',2,(#7954,#7955,#7956),.UNSPECIFIED.,.F.,
 .F.,(3,3),(0.,1.),.UNSPECIFIED.);
#380=B_SPLINE_CURVE_WITH_KNOTS('',2,(#7959,#7960,#7961),.UNSPECIFIED.,.F.,
 .F.,(3,3),(0.,1.),.UNSPECIFIED.);
#381=B_SPLINE_CURVE_WITH_KNOTS('',2,(#7969,#7970,#7971),.UNSPECIFIED.,.F.,
 .F.,(3,3),(0.,1.),.UNSPECIFIED.);
#382=B_SPLINE_CURVE_WITH_KNOTS('',2,(#7974,#7975,#7976),.UNSPECIFIED.,.F.,
 .F.,(3,3),(0.,1.),.UNSPECIFIED.);
#383=B_SPLINE_CURVE_WITH_KNOTS('',2,(#7984,#7985,#7986),.UNSPECIFIED.,.F.,
 .F.,(3,3),(0.,1.),.UNSPECIFIED.);
#384=B_SPLINE_CURVE_WITH_KNOTS('',2,(#7989,#7990,#7991),.UNSPECIFIED.,.F.,
 .F.,(3,3),(0.,1.),.UNSPECIFIED.);
#385=B_SPLINE_CURVE_WITH_KNOTS('',2,(#8005,#8006,#8007),.UNSPECIFIED.,.F.,
 .F.,(3,3),(0.,1.),.UNSPECIFIED.);
#386=B_SPLINE_CURVE_WITH_KNOTS('',2,(#8010,#8011,#8012),.UNSPECIFIED.,.F.,
 .F.,(3,3),(0.,1.),.UNSPECIFIED.);
#387=B_SPLINE_CURVE_WITH_KNOTS('',2,(#8020,#8021,#8022),.UNSPECIFIED.,.F.,
 .F.,(3,3),(0.,1.),.UNSPECIFIED.);
#388=B_SPLINE_CURVE_WITH_KNOTS('',2,(#8025,#8026,#8027),.UNSPECIFIED.,.F.,
 .F.,(3,3),(0.,1.),.UNSPECIFIED.);
#389=B_SPLINE_CURVE_WITH_KNOTS('',2,(#8035,#8036,#8037),.UNSPECIFIED.,.F.,
 .F.,(3,3),(0.,1.),.UNSPECIFIED.);
#390=B_SPLINE_CURVE_WITH_KNOTS('',2,(#8040,#8041,#8042),.UNSPECIFIED.,.F.,
 .F.,(3,3),(0.,1.),.UNSPECIFIED.);
#391=B_SPLINE_CURVE_WITH_KNOTS('',2,(#8087,#8088,#8089),.UNSPECIFIED.,.F.,
 .F.,(3,3),(0.,1.),.UNSPECIFIED.);
#392=B_SPLINE_CURVE_WITH_KNOTS('',2,(#8092,#8093,#8094),.UNSPECIFIED.,.F.,
 .F.,(3,3),(0.,1.),.UNSPECIFIED.);
#393=B_SPLINE_CURVE_WITH_KNOTS('',2,(#8102,#8103,#8104),.UNSPECIFIED.,.F.,
 .F.,(3,3),(0.,1.),.UNSPECIFIED.);
#394=B_SPLINE_CURVE_WITH_KNOTS('',2,(#8107,#8108,#8109),.UNSPECIFIED.,.F.,
 .F.,(3,3),(0.,1.),.UNSPECIFIED.);
#395=B_SPLINE_CURVE_WITH_KNOTS('',2,(#8117,#8118,#8119),.UNSPECIFIED.,.F.,
 .F.,(3,3),(0.,1.),.UNSPECIFIED.);
#396=B_SPLINE_CURVE_WITH_KNOTS('',2,(#8122,#8123,#8124),.UNSPECIFIED.,.F.,
 .F.,(3,3),(0.,1.),.UNSPECIFIED.);
#397=B_SPLINE_CURVE_WITH_KNOTS('',2,(#8132,#8133,#8134),.UNSPECIFIED.,.F.,
 .F.,(3,3),(0.,1.),.UNSPECIFIED.);
#398=B_SPLINE_CURVE_WITH_KNOTS('',2,(#8137,#8138,#8139),.UNSPECIFIED.,.F.,
 .F.,(3,3),(0.,1.),.UNSPECIFIED.);
#399=B_SPLINE_CURVE_WITH_KNOTS('',2,(#8147,#8148,#8149),.UNSPECIFIED.,.F.,
 .F.,(3,3),(0.,1.),.UNSPECIFIED.);
#400=B_SPLINE_CURVE_WITH_KNOTS('',2,(#8152,#8153,#8154),.UNSPECIFIED.,.F.,
 .F.,(3,3),(0.,1.),.UNSPECIFIED.);
#401=B_SPLINE_CURVE_WITH_KNOTS('',2,(#8168,#8169,#8170),.UNSPECIFIED.,.F.,
 .F.,(3,3),(0.,1.),.UNSPECIFIED.);
#402=B_SPLINE_CURVE_WITH_KNOTS('',2,(#8173,#8174,#8175),.UNSPECIFIED.,.F.,
 .F.,(3,3),(0.,1.),.UNSPECIFIED.);
#403=B_SPLINE_CURVE_WITH_KNOTS('',2,(#8183,#8184,#8185),.UNSPECIFIED.,.F.,
 .F.,(3,3),(0.,1.),.UNSPECIFIED.);
#404=B_SPLINE_CURVE_WITH_KNOTS('',2,(#8188,#8189,#8190),.UNSPECIFIED.,.F.,
 .F.,(3,3),(0.,1.),.UNSPECIFIED.);
#405=B_SPLINE_CURVE_WITH_KNOTS('',2,(#8198,#8199,#8200),.UNSPECIFIED.,.F.,
 .F.,(3,3),(0.,1.),.UNSPECIFIED.);
#406=B_SPLINE_CURVE_WITH_KNOTS('',2,(#8203,#8204,#8205),.UNSPECIFIED.,.F.,
 .F.,(3,3),(0.,1.),.UNSPECIFIED.);
#407=B_SPLINE_CURVE_WITH_KNOTS('',2,(#8219,#8220,#8221),.UNSPECIFIED.,.F.,
 .F.,(3,3),(0.,1.),.UNSPECIFIED.);
#408=B_SPLINE_CURVE_WITH_KNOTS('',2,(#8224,#8225,#8226),.UNSPECIFIED.,.F.,
 .F.,(3,3),(0.,1.),.UNSPECIFIED.);
#409=B_SPLINE_CURVE_WITH_KNOTS('',2,(#8234,#8235,#8236),.UNSPECIFIED.,.F.,
 .F.,(3,3),(0.,1.),.UNSPECIFIED.);
#410=B_SPLINE_CURVE_WITH_KNOTS('',2,(#8239,#8240,#8241),.UNSPECIFIED.,.F.,
 .F.,(3,3),(0.,1.),.UNSPECIFIED.);
#411=B_SPLINE_CURVE_WITH_KNOTS('',2,(#8249,#8250,#8251),.UNSPECIFIED.,.F.,
 .F.,(3,3),(0.,1.),.UNSPECIFIED.);
#412=B_SPLINE_CURVE_WITH_KNOTS('',2,(#8254,#8255,#8256),.UNSPECIFIED.,.F.,
 .F.,(3,3),(0.,1.),.UNSPECIFIED.);
#413=B_SPLINE_CURVE_WITH_KNOTS('',2,(#8270,#8271,#8272),.UNSPECIFIED.,.F.,
 .F.,(3,3),(0.,1.),.UNSPECIFIED.);
#414=B_SPLINE_CURVE_WITH_KNOTS('',2,(#8275,#8276,#8277),.UNSPECIFIED.,.F.,
 .F.,(3,3),(0.,1.),.UNSPECIFIED.);
#415=B_SPLINE_CURVE_WITH_KNOTS('',2,(#8285,#8286,#8287),.UNSPECIFIED.,.F.,
 .F.,(3,3),(0.,1.),.UNSPECIFIED.);
#416=B_SPLINE_CURVE_WITH_KNOTS('',2,(#8290,#8291,#8292),.UNSPECIFIED.,.F.,
 .F.,(3,3),(0.,1.),.UNSPECIFIED.);
#417=B_SPLINE_CURVE_WITH_KNOTS('',2,(#8300,#8301,#8302),.UNSPECIFIED.,.F.,
 .F.,(3,3),(0.,1.),.UNSPECIFIED.);
#418=B_SPLINE_CURVE_WITH_KNOTS('',2,(#8305,#8306,#8307),.UNSPECIFIED.,.F.,
 .F.,(3,3),(0.,1.),.UNSPECIFIED.);
#419=B_SPLINE_CURVE_WITH_KNOTS('',2,(#8315,#8316,#8317),.UNSPECIFIED.,.F.,
 .F.,(3,3),(0.,1.),.UNSPECIFIED.);
#420=B_SPLINE_CURVE_WITH_KNOTS('',2,(#8320,#8321,#8322),.UNSPECIFIED.,.F.,
 .F.,(3,3),(0.,1.),.UNSPECIFIED.);
#421=B_SPLINE_CURVE_WITH_KNOTS('',2,(#8330,#8331,#8332),.UNSPECIFIED.,.F.,
 .F.,(3,3),(0.,1.),.UNSPECIFIED.);
#422=B_SPLINE_CURVE_WITH_KNOTS('',2,(#8335,#8336,#8337),.UNSPECIFIED.,.F.,
 .F.,(3,3),(0.,1.),.UNSPECIFIED.);
#423=B_SPLINE_CURVE_WITH_KNOTS('',2,(#8492,#8493,#8494),.UNSPECIFIED.,.F.,
 .F.,(3,3),(0.,1.),.UNSPECIFIED.);
#424=B_SPLINE_CURVE_WITH_KNOTS('',2,(#8497,#8498,#8499),.UNSPECIFIED.,.F.,
 .F.,(3,3),(0.,1.),.UNSPECIFIED.);
#425=B_SPLINE_CURVE_WITH_KNOTS('',2,(#8507,#8508,#8509),.UNSPECIFIED.,.F.,
 .F.,(3,3),(0.,1.),.UNSPECIFIED.);
#426=B_SPLINE_CURVE_WITH_KNOTS('',2,(#8512,#8513,#8514),.UNSPECIFIED.,.F.,
 .F.,(3,3),(0.,1.),.UNSPECIFIED.);
#427=B_SPLINE_CURVE_WITH_KNOTS('',2,(#8522,#8523,#8524),.UNSPECIFIED.,.F.,
 .F.,(3,3),(0.,1.),.UNSPECIFIED.);
#428=B_SPLINE_CURVE_WITH_KNOTS('',2,(#8527,#8528,#8529),.UNSPECIFIED.,.F.,
 .F.,(3,3),(0.,1.),.UNSPECIFIED.);
#429=B_SPLINE_CURVE_WITH_KNOTS('',2,(#8537,#8538,#8539),.UNSPECIFIED.,.F.,
 .F.,(3,3),(0.,1.),.UNSPECIFIED.);
#430=B_SPLINE_CURVE_WITH_KNOTS('',2,(#8542,#8543,#8544),.UNSPECIFIED.,.F.,
 .F.,(3,3),(0.,1.),.UNSPECIFIED.);
#431=B_SPLINE_CURVE_WITH_KNOTS('',2,(#8570,#8571,#8572),.UNSPECIFIED.,.F.,
 .F.,(3,3),(0.,1.),.UNSPECIFIED.);
#432=B_SPLINE_CURVE_WITH_KNOTS('',2,(#8575,#8576,#8577),.UNSPECIFIED.,.F.,
 .F.,(3,3),(0.,1.),.UNSPECIFIED.);
#433=B_SPLINE_CURVE_WITH_KNOTS('',2,(#8584,#8585,#8586),.UNSPECIFIED.,.F.,
 .F.,(3,3),(0.,1.),.UNSPECIFIED.);
#434=B_SPLINE_CURVE_WITH_KNOTS('',2,(#8587,#8588,#8589),.UNSPECIFIED.,.F.,
 .F.,(3,3),(0.,1.),.UNSPECIFIED.);
#435=B_SPLINE_CURVE_WITH_KNOTS('',3,(#8841,#8842,#8843,#8844,#8845,#8846,
#8847,#8848),.UNSPECIFIED.,.F.,.F.,(4,1,1,2,4),(0.,0.201141036157044,0.301711554235566,
0.502852590392609,0.503737607246489),.UNSPECIFIED.);
#436=B_SPLINE_CURVE_WITH_KNOTS('',3,(#8864,#8865,#8866,#8867,#8868,#8869,
#8870,#8871),.UNSPECIFIED.,.F.,.F.,(4,2,1,1,4),(-0.000885242907143541,0.,
0.201140912879719,0.301711369319579,0.502852282199298),.UNSPECIFIED.);
#437=B_SPLINE_CURVE_WITH_KNOTS('',3,(#8931,#8932,#8933,#8934,#8935,#8936,
#8937,#8938,#8939,#8940,#8941,#8942,#8943,#8944,#8945,#8946,#8947,#8948,
#8949,#8950,#8951,#8952,#8953,#8954,#8955,#8956,#8957,#8958,#8959,#8960,
#8961,#8962,#8963,#8964,#8965,#8966,#8967,#8968,#8969,#8970,#8971,#8972,
#8973,#8974,#8975,#8976,#8977,#8978,#8979,#8980,#8981,#8982,#8983,#8984,
#8985,#8986,#8987,#8988),.UNSPECIFIED.,.F.,.F.,(4,3,3,3,3,3,3,3,3,3,3,3,
3,3,3,3,3,3,3,4),(-0.502852428978976,-0.477139505413508,-0.451546650629654,
-0.426079179430545,-0.402281943183181,-0.372819886705729,-0.343141815173271,
-0.313228360087913,-0.301711457387386,-0.275152781222895,-0.247912046894644,
-0.219810489247148,-0.18994297046461,-0.158583815717425,-0.125266076238307,
-0.0875443122766149,-0.046455935950319,-0.00345563440468359,0.,0.000885135248380787),
 .UNSPECIFIED.);
#438=B_SPLINE_CURVE_WITH_KNOTS('',3,(#8989,#8990,#8991,#8992,#8993,#8994,
#8995,#8996),.UNSPECIFIED.,.F.,.F.,(4,2,1,1,4),(-0.000885135248380787,0.,
0.301711457387386,0.402281943183181,0.502852428978976),.UNSPECIFIED.);
#439=B_SPLINE_CURVE_WITH_KNOTS('',3,(#9046,#9047,#9048,#9049,#9050,#9051,
#9052,#9053),.UNSPECIFIED.,.F.,.F.,(4,2,1,1,4),(-0.503737607246489,-0.502852590392609,
-0.301711554235566,-0.201141036157044,0.),.UNSPECIFIED.);
#440=B_SPLINE_CURVE_WITH_KNOTS('',3,(#9055,#9056,#9057,#9058,#9059,#9060,
#9061,#9062,#9063,#9064,#9065,#9066,#9067,#9068,#9069,#9070,#9071,#9072,
#9073,#9074,#9075,#9076,#9077,#9078,#9079,#9080,#9081,#9082,#9083,#9084,
#9085,#9086,#9087,#9088,#9089,#9090,#9091,#9092,#9093,#9094,#9095,#9096,
#9097,#9098,#9099,#9100,#9101,#9102,#9103,#9104,#9105,#9106,#9107,#9108,
#9109),.UNSPECIFIED.,.F.,.F.,(4,3,3,3,3,3,3,3,3,3,3,3,3,3,3,3,3,3,4),(-0.502852282199263,
-0.473926583827654,-0.444945306923311,-0.415952762251133,-0.386991083330095,
-0.358064849004449,-0.329220266606326,-0.301711369319579,-0.271290279366377,
-0.240248969179597,-0.208387954470983,-0.201140912879719,-0.17254025413242,
-0.14273918434112,-0.111440317332457,-0.0771113878895157,-0.0384392927506489,
0.,0.000885242907143197),.UNSPECIFIED.);
#441=B_SPLINE_CURVE_WITH_KNOTS('',3,(#9253,#9254,#9255,#9256,#9257,#9258,
#9259,#9260,#9261,#9262,#9263,#9264),.UNSPECIFIED.,.F.,.F.,(4,1,1,1,1,1,
1,2,4),(0.,0.100570456441016,0.201140912882031,0.301711369323047,0.351996597543555,
0.402281825764063,0.452567053984571,0.502852282205079,0.503737525106146),
 .UNSPECIFIED.);
#442=B_SPLINE_CURVE_WITH_KNOTS('',3,(#9265,#9266,#9267,#9268,#9269,#9270,
#9271,#9272,#9273,#9274,#9275,#9276,#9277,#9278,#9279,#9280,#9281,#9282,
#9283,#9284,#9285,#9286,#9287,#9288,#9289,#9290,#9291,#9292,#9293,#9294,
#9295,#9296,#9297,#9298,#9299,#9300,#9301,#9302,#9303,#9304,#9305,#9306,
#9307,#9308,#9309,#9310,#9311,#9312,#9313,#9314,#9315,#9316,#9317,#9318,
#9319,#9320,#9321,#9322,#9323,#9324,#9325,#9326,#9327,#9328),
 .UNSPECIFIED.,.F.,.F.,(4,3,3,3,3,3,3,3,3,3,3,3,3,3,3,3,3,3,3,3,3,4),(-0.503737525106146,
-0.502852282205079,-0.471310827081857,-0.452567053984571,-0.419869495169348,
-0.402281825764063,-0.370871501849306,-0.351996597543555,-0.318045074072175,
-0.301711369323047,-0.272622789677778,-0.244362037676563,-0.217097187081154,
-0.201140912882031,-0.170402591563227,-0.140194597532192,-0.110821758324372,
-0.100570456441016,-0.075427842330762,-0.0502901598479918,-0.025002732397934,
0.),.UNSPECIFIED.);
#443=B_SPLINE_CURVE_WITH_KNOTS('',2,(#9401,#9402,#9403),.UNSPECIFIED.,.F.,
 .F.,(3,3),(0.,1.),.UNSPECIFIED.);
#444=B_SPLINE_CURVE_WITH_KNOTS('',2,(#9406,#9407,#9408),.UNSPECIFIED.,.F.,
 .F.,(3,3),(0.,1.),.UNSPECIFIED.);
#445=B_SPLINE_CURVE_WITH_KNOTS('',2,(#9416,#9417,#9418),.UNSPECIFIED.,.F.,
 .F.,(3,3),(0.,1.),.UNSPECIFIED.);
#446=B_SPLINE_CURVE_WITH_KNOTS('',2,(#9421,#9422,#9423),.UNSPECIFIED.,.F.,
 .F.,(3,3),(0.,1.),.UNSPECIFIED.);
#447=B_SPLINE_CURVE_WITH_KNOTS('',2,(#9431,#9432,#9433),.UNSPECIFIED.,.F.,
 .F.,(3,3),(0.,1.),.UNSPECIFIED.);
#448=B_SPLINE_CURVE_WITH_KNOTS('',2,(#9436,#9437,#9438),.UNSPECIFIED.,.F.,
 .F.,(3,3),(0.,1.),.UNSPECIFIED.);
#449=B_SPLINE_CURVE_WITH_KNOTS('',2,(#9446,#9447,#9448),.UNSPECIFIED.,.F.,
 .F.,(3,3),(0.,1.),.UNSPECIFIED.);
#450=B_SPLINE_CURVE_WITH_KNOTS('',2,(#9451,#9452,#9453),.UNSPECIFIED.,.F.,
 .F.,(3,3),(0.,1.),.UNSPECIFIED.);
#451=B_SPLINE_CURVE_WITH_KNOTS('',2,(#9479,#9480,#9481),.UNSPECIFIED.,.F.,
 .F.,(3,3),(0.,1.),.UNSPECIFIED.);
#452=B_SPLINE_CURVE_WITH_KNOTS('',2,(#9484,#9485,#9486),.UNSPECIFIED.,.F.,
 .F.,(3,3),(0.,1.),.UNSPECIFIED.);
#453=B_SPLINE_CURVE_WITH_KNOTS('',2,(#9493,#9494,#9495),.UNSPECIFIED.,.F.,
 .F.,(3,3),(0.,1.),.UNSPECIFIED.);
#454=B_SPLINE_CURVE_WITH_KNOTS('',2,(#9496,#9497,#9498),.UNSPECIFIED.,.F.,
 .F.,(3,3),(0.,1.),.UNSPECIFIED.);
#455=B_SPLINE_CURVE_WITH_KNOTS('',2,(#9656,#9657,#9658),.UNSPECIFIED.,.F.,
 .F.,(3,3),(0.,1.),.UNSPECIFIED.);
#456=B_SPLINE_CURVE_WITH_KNOTS('',2,(#9661,#9662,#9663),.UNSPECIFIED.,.F.,
 .F.,(3,3),(0.,1.),.UNSPECIFIED.);
#457=B_SPLINE_CURVE_WITH_KNOTS('',2,(#9671,#9672,#9673),.UNSPECIFIED.,.F.,
 .F.,(3,3),(0.,1.),.UNSPECIFIED.);
#458=B_SPLINE_CURVE_WITH_KNOTS('',2,(#9676,#9677,#9678),.UNSPECIFIED.,.F.,
 .F.,(3,3),(0.,1.),.UNSPECIFIED.);
#459=B_SPLINE_CURVE_WITH_KNOTS('',2,(#9686,#9687,#9688),.UNSPECIFIED.,.F.,
 .F.,(3,3),(0.,1.),.UNSPECIFIED.);
#460=B_SPLINE_CURVE_WITH_KNOTS('',2,(#9691,#9692,#9693),.UNSPECIFIED.,.F.,
 .F.,(3,3),(0.,1.),.UNSPECIFIED.);
#461=B_SPLINE_CURVE_WITH_KNOTS('',2,(#9701,#9702,#9703),.UNSPECIFIED.,.F.,
 .F.,(3,3),(0.,1.),.UNSPECIFIED.);
#462=B_SPLINE_CURVE_WITH_KNOTS('',2,(#9706,#9707,#9708),.UNSPECIFIED.,.F.,
 .F.,(3,3),(0.,1.),.UNSPECIFIED.);
#463=B_SPLINE_CURVE_WITH_KNOTS('',2,(#9716,#9717,#9718),.UNSPECIFIED.,.F.,
 .F.,(3,3),(0.,1.),.UNSPECIFIED.);
#464=B_SPLINE_CURVE_WITH_KNOTS('',2,(#9721,#9722,#9723),.UNSPECIFIED.,.F.,
 .F.,(3,3),(0.,1.),.UNSPECIFIED.);
#465=B_SPLINE_CURVE_WITH_KNOTS('',2,(#9737,#9738,#9739),.UNSPECIFIED.,.F.,
 .F.,(3,3),(0.,1.),.UNSPECIFIED.);
#466=B_SPLINE_CURVE_WITH_KNOTS('',2,(#9742,#9743,#9744),.UNSPECIFIED.,.F.,
 .F.,(3,3),(0.,1.),.UNSPECIFIED.);
#467=B_SPLINE_CURVE_WITH_KNOTS('',2,(#9752,#9753,#9754),.UNSPECIFIED.,.F.,
 .F.,(3,3),(0.,1.),.UNSPECIFIED.);
#468=B_SPLINE_CURVE_WITH_KNOTS('',2,(#9757,#9758,#9759),.UNSPECIFIED.,.F.,
 .F.,(3,3),(0.,1.),.UNSPECIFIED.);
#469=B_SPLINE_CURVE_WITH_KNOTS('',2,(#9767,#9768,#9769),.UNSPECIFIED.,.F.,
 .F.,(3,3),(0.,1.),.UNSPECIFIED.);
#470=B_SPLINE_CURVE_WITH_KNOTS('',2,(#9772,#9773,#9774),.UNSPECIFIED.,.F.,
 .F.,(3,3),(0.,1.),.UNSPECIFIED.);
#471=B_SPLINE_CURVE_WITH_KNOTS('',2,(#9788,#9789,#9790),.UNSPECIFIED.,.F.,
 .F.,(3,3),(0.,1.),.UNSPECIFIED.);
#472=B_SPLINE_CURVE_WITH_KNOTS('',2,(#9793,#9794,#9795),.UNSPECIFIED.,.F.,
 .F.,(3,3),(0.,1.),.UNSPECIFIED.);
#473=B_SPLINE_CURVE_WITH_KNOTS('',2,(#9803,#9804,#9805),.UNSPECIFIED.,.F.,
 .F.,(3,3),(0.,1.),.UNSPECIFIED.);
#474=B_SPLINE_CURVE_WITH_KNOTS('',2,(#9808,#9809,#9810),.UNSPECIFIED.,.F.,
 .F.,(3,3),(0.,1.),.UNSPECIFIED.);
#475=B_SPLINE_CURVE_WITH_KNOTS('',2,(#9818,#9819,#9820),.UNSPECIFIED.,.F.,
 .F.,(3,3),(0.,1.),.UNSPECIFIED.);
#476=B_SPLINE_CURVE_WITH_KNOTS('',2,(#9823,#9824,#9825),.UNSPECIFIED.,.F.,
 .F.,(3,3),(0.,1.),.UNSPECIFIED.);
#477=B_SPLINE_CURVE_WITH_KNOTS('',2,(#9839,#9840,#9841),.UNSPECIFIED.,.F.,
 .F.,(3,3),(0.,1.),.UNSPECIFIED.);
#478=B_SPLINE_CURVE_WITH_KNOTS('',2,(#9844,#9845,#9846),.UNSPECIFIED.,.F.,
 .F.,(3,3),(0.,1.),.UNSPECIFIED.);
#479=B_SPLINE_CURVE_WITH_KNOTS('',2,(#9854,#9855,#9856),.UNSPECIFIED.,.F.,
 .F.,(3,3),(0.,1.),.UNSPECIFIED.);
#480=B_SPLINE_CURVE_WITH_KNOTS('',2,(#9859,#9860,#9861),.UNSPECIFIED.,.F.,
 .F.,(3,3),(0.,1.),.UNSPECIFIED.);
#481=B_SPLINE_CURVE_WITH_KNOTS('',2,(#9869,#9870,#9871),.UNSPECIFIED.,.F.,
 .F.,(3,3),(0.,1.),.UNSPECIFIED.);
#482=B_SPLINE_CURVE_WITH_KNOTS('',2,(#9874,#9875,#9876),.UNSPECIFIED.,.F.,
 .F.,(3,3),(0.,1.),.UNSPECIFIED.);
#483=B_SPLINE_CURVE_WITH_KNOTS('',2,(#9884,#9885,#9886),.UNSPECIFIED.,.F.,
 .F.,(3,3),(0.,1.),.UNSPECIFIED.);
#484=B_SPLINE_CURVE_WITH_KNOTS('',2,(#9889,#9890,#9891),.UNSPECIFIED.,.F.,
 .F.,(3,3),(0.,1.),.UNSPECIFIED.);
#485=B_SPLINE_CURVE_WITH_KNOTS('',2,(#9899,#9900,#9901),.UNSPECIFIED.,.F.,
 .F.,(3,3),(0.,1.),.UNSPECIFIED.);
#486=B_SPLINE_CURVE_WITH_KNOTS('',2,(#9904,#9905,#9906),.UNSPECIFIED.,.F.,
 .F.,(3,3),(0.,1.),.UNSPECIFIED.);
#487=B_SPLINE_CURVE_WITH_KNOTS('',2,(#9933,#9934,#9935),.UNSPECIFIED.,.F.,
 .F.,(3,3),(0.,1.),.UNSPECIFIED.);
#488=B_SPLINE_CURVE_WITH_KNOTS('',2,(#9938,#9939,#9940),.UNSPECIFIED.,.F.,
 .F.,(3,3),(0.,1.),.UNSPECIFIED.);
#489=B_SPLINE_CURVE_WITH_KNOTS('',2,(#9948,#9949,#9950),.UNSPECIFIED.,.F.,
 .F.,(3,3),(0.,1.),.UNSPECIFIED.);
#490=B_SPLINE_CURVE_WITH_KNOTS('',2,(#9953,#9954,#9955),.UNSPECIFIED.,.F.,
 .F.,(3,3),(0.,1.),.UNSPECIFIED.);
#491=B_SPLINE_CURVE_WITH_KNOTS('',2,(#9969,#9970,#9971),.UNSPECIFIED.,.F.,
 .F.,(3,3),(0.,1.),.UNSPECIFIED.);
#492=B_SPLINE_CURVE_WITH_KNOTS('',2,(#9974,#9975,#9976),.UNSPECIFIED.,.F.,
 .F.,(3,3),(0.,1.),.UNSPECIFIED.);
#493=B_SPLINE_CURVE_WITH_KNOTS('',2,(#9984,#9985,#9986),.UNSPECIFIED.,.F.,
 .F.,(3,3),(0.,1.),.UNSPECIFIED.);
#494=B_SPLINE_CURVE_WITH_KNOTS('',2,(#9989,#9990,#9991),.UNSPECIFIED.,.F.,
 .F.,(3,3),(0.,1.),.UNSPECIFIED.);
#495=B_SPLINE_CURVE_WITH_KNOTS('',2,(#9999,#10000,#10001),.UNSPECIFIED.,
 .F.,.F.,(3,3),(0.,1.),.UNSPECIFIED.);
#496=B_SPLINE_CURVE_WITH_KNOTS('',2,(#10004,#10005,#10006),
 .UNSPECIFIED.,.F.,.F.,(3,3),(0.,1.),.UNSPECIFIED.);
#497=B_SPLINE_CURVE_WITH_KNOTS('',2,(#10026,#10027,#10028),
 .UNSPECIFIED.,.F.,.F.,(3,3),(0.,1.),.UNSPECIFIED.);
#498=B_SPLINE_CURVE_WITH_KNOTS('',2,(#10031,#10032,#10033),
 .UNSPECIFIED.,.F.,.F.,(3,3),(0.,1.),.UNSPECIFIED.);
#499=B_SPLINE_CURVE_WITH_KNOTS('',2,(#10041,#10042,#10043),
 .UNSPECIFIED.,.F.,.F.,(3,3),(0.,1.),.UNSPECIFIED.);
#500=B_SPLINE_CURVE_WITH_KNOTS('',2,(#10046,#10047,#10048),
 .UNSPECIFIED.,.F.,.F.,(3,3),(0.,1.),.UNSPECIFIED.);
#501=B_SPLINE_CURVE_WITH_KNOTS('',2,(#10056,#10057,#10058),
 .UNSPECIFIED.,.F.,.F.,(3,3),(0.,1.),.UNSPECIFIED.);
#502=B_SPLINE_CURVE_WITH_KNOTS('',2,(#10061,#10062,#10063),
 .UNSPECIFIED.,.F.,.F.,(3,3),(0.,1.),.UNSPECIFIED.);
#503=B_SPLINE_CURVE_WITH_KNOTS('',2,(#10077,#10078,#10079),
 .UNSPECIFIED.,.F.,.F.,(3,3),(0.,1.),.UNSPECIFIED.);
#504=B_SPLINE_CURVE_WITH_KNOTS('',2,(#10082,#10083,#10084),
 .UNSPECIFIED.,.F.,.F.,(3,3),(0.,1.),.UNSPECIFIED.);
#505=B_SPLINE_CURVE_WITH_KNOTS('',2,(#10092,#10093,#10094),
 .UNSPECIFIED.,.F.,.F.,(3,3),(0.,1.),.UNSPECIFIED.);
#506=B_SPLINE_CURVE_WITH_KNOTS('',2,(#10097,#10098,#10099),
 .UNSPECIFIED.,.F.,.F.,(3,3),(0.,1.),.UNSPECIFIED.);
#507=B_SPLINE_CURVE_WITH_KNOTS('',2,(#10107,#10108,#10109),
 .UNSPECIFIED.,.F.,.F.,(3,3),(0.,1.),.UNSPECIFIED.);
#508=B_SPLINE_CURVE_WITH_KNOTS('',2,(#10112,#10113,#10114),
 .UNSPECIFIED.,.F.,.F.,(3,3),(0.,1.),.UNSPECIFIED.);
#509=B_SPLINE_CURVE_WITH_KNOTS('',3,(#10377,#10378,#10379,#10380,#10381,
#10382,#10383,#10384),.UNSPECIFIED.,.F.,.F.,(4,1,1,2,4),(0.,0.201141036157044,
0.301711554235566,0.502852590392609,0.503737607246489),.UNSPECIFIED.);
#510=B_SPLINE_CURVE_WITH_KNOTS('',3,(#10395,#10396,#10397,#10398,#10399,
#10400,#10401,#10402),.UNSPECIFIED.,.F.,.F.,(4,2,1,1,4),(-0.000885242907143541,
0.,0.201140912879719,0.301711369319579,0.502852282199298),.UNSPECIFIED.);
#511=B_SPLINE_CURVE_WITH_KNOTS('',3,(#10465,#10466,#10467,#10468,#10469,
#10470,#10471,#10472),.UNSPECIFIED.,.F.,.F.,(4,2,1,1,4),(-0.000885135248380787,
0.,0.301711457387386,0.402281943183181,0.502852428978976),.UNSPECIFIED.);
#512=B_SPLINE_CURVE_WITH_KNOTS('',3,(#10473,#10474,#10475,#10476,#10477,
#10478,#10479,#10480,#10481,#10482,#10483,#10484,#10485,#10486,#10487,#10488,
#10489,#10490,#10491,#10492,#10493,#10494,#10495,#10496,#10497,#10498,#10499,
#10500,#10501,#10502,#10503,#10504,#10505,#10506,#10507,#10508,#10509,#10510,
#10511,#10512,#10513,#10514,#10515,#10516,#10517,#10518,#10519,#10520,#10521,
#10522,#10523,#10524,#10525,#10526,#10527,#10528,#10529,#10530),
 .UNSPECIFIED.,.F.,.F.,(4,3,3,3,3,3,3,3,3,3,3,3,3,3,3,3,3,3,3,4),(-0.502852428978974,
-0.477140205420493,-0.451548051489534,-0.426081283438076,-0.402281943183181,
-0.372820051348115,-0.343142100443265,-0.313228697135773,-0.301711457387386,
-0.275152794684475,-0.247912091015176,-0.219810590286135,-0.189943193718941,
-0.158584229649436,-0.125266782892262,-0.0875454764756589,-0.0464572968425243,
-0.00345525522521708,0.,0.000885135248368662),.UNSPECIFIED.);
#513=B_SPLINE_CURVE_WITH_KNOTS('',3,(#10580,#10581,#10582,#10583,#10584,
#10585,#10586,#10587),.UNSPECIFIED.,.F.,.F.,(4,2,1,1,4),(-0.503737607246489,
-0.502852590392609,-0.301711554235566,-0.201141036157044,0.),
 .UNSPECIFIED.);
#514=B_SPLINE_CURVE_WITH_KNOTS('',3,(#10589,#10590,#10591,#10592,#10593,
#10594,#10595,#10596,#10597,#10598,#10599,#10600,#10601,#10602,#10603,#10604,
#10605,#10606,#10607,#10608,#10609,#10610,#10611,#10612,#10613,#10614,#10615,
#10616,#10617,#10618,#10619,#10620,#10621,#10622,#10623,#10624,#10625,#10626,
#10627,#10628,#10629,#10630,#10631,#10632,#10633,#10634,#10635,#10636,#10637,
#10638,#10639,#10640,#10641,#10642,#10643),.UNSPECIFIED.,.F.,.F.,(4,3,3,
3,3,3,3,3,3,3,3,3,3,3,3,3,3,3,4),(-0.502852282199264,-0.473926223148319,
-0.444944430172415,-0.415951246246756,-0.386988810544349,-0.358061784267424,
-0.329216404556508,-0.301711369319579,-0.271290570032814,-0.240249701018839,
-0.2083894011336,-0.201140912879719,-0.172540546287959,-0.14273984293786,
-0.111441470793701,-0.0771134361206103,-0.0384434199034116,0.,0.000885242907143541),
 .UNSPECIFIED.);
#515=B_SPLINE_CURVE_WITH_KNOTS('',3,(#10787,#10788,#10789,#10790,#10791,
#10792,#10793,#10794,#10795,#10796,#10797,#10798),.UNSPECIFIED.,.F.,.F.,
(4,1,1,1,1,1,1,2,4),(0.,0.100570456441016,0.201140912882031,0.301711369323047,
0.351996597543555,0.402281825764063,0.452567053984571,0.502852282205079,
0.503737525106146),.UNSPECIFIED.);
#516=B_SPLINE_CURVE_WITH_KNOTS('',3,(#10799,#10800,#10801,#10802,#10803,
#10804,#10805,#10806,#10807,#10808,#10809,#10810,#10811,#10812,#10813,#10814,
#10815,#10816,#10817,#10818,#10819,#10820,#10821,#10822,#10823,#10824,#10825,
#10826,#10827,#10828,#10829,#10830,#10831,#10832,#10833,#10834,#10835,#10836,
#10837,#10838,#10839,#10840,#10841,#10842,#10843,#10844,#10845,#10846,#10847,
#10848,#10849,#10850,#10851,#10852,#10853,#10854,#10855,#10856,#10857,#10858,
#10859,#10860,#10861,#10862),.UNSPECIFIED.,.F.,.F.,(4,3,3,3,3,3,3,3,3,3,
3,3,3,3,3,3,3,3,3,3,3,4),(-0.503737525106146,-0.502852282205079,-0.471310776992589,
-0.452567053984571,-0.419869524897767,-0.402281825764063,-0.370871463653369,
-0.351996597543555,-0.318045084767416,-0.301711369323047,-0.272622768182831,
-0.244361997915246,-0.217097132763387,-0.201140912882031,-0.170402624157828,
-0.140194671316912,-0.110821881970607,-0.100570456441016,-0.075427842330762,
-0.0502902792827198,-0.02500297382951,0.),.UNSPECIFIED.);
#517=B_SPLINE_SURFACE_WITH_KNOTS('',2,1,((#7854,#7855),(#7856,#7857),(#7858,
#7859)),.UNSPECIFIED.,.F.,.F.,.F.,(3,3),(2,2),(0.,1.),(0.,0.047999999999999),
 .UNSPECIFIED.);
#518=B_SPLINE_SURFACE_WITH_KNOTS('',2,1,((#7869,#7870),(#7871,#7872),(#7873,
#7874)),.UNSPECIFIED.,.F.,.F.,.F.,(3,3),(2,2),(0.,1.),(0.,0.047999999999999),
 .UNSPECIFIED.);
#519=B_SPLINE_SURFACE_WITH_KNOTS('',2,1,((#7890,#7891),(#7892,#7893),(#7894,
#7895)),.UNSPECIFIED.,.F.,.F.,.F.,(3,3),(2,2),(0.,1.),(0.,0.047999999999999),
 .UNSPECIFIED.);
#520=B_SPLINE_SURFACE_WITH_KNOTS('',2,1,((#7905,#7906),(#7907,#7908),(#7909,
#7910)),.UNSPECIFIED.,.F.,.F.,.F.,(3,3),(2,2),(0.,1.),(0.,0.047999999999999),
 .UNSPECIFIED.);
#521=B_SPLINE_SURFACE_WITH_KNOTS('',2,1,((#7920,#7921),(#7922,#7923),(#7924,
#7925)),.UNSPECIFIED.,.F.,.F.,.F.,(3,3),(2,2),(0.,1.),(0.,0.047999999999999),
 .UNSPECIFIED.);
#522=B_SPLINE_SURFACE_WITH_KNOTS('',2,1,((#7947,#7948),(#7949,#7950),(#7951,
#7952)),.UNSPECIFIED.,.F.,.F.,.F.,(3,3),(2,2),(0.,1.),(0.,0.047999999999999),
 .UNSPECIFIED.);
#523=B_SPLINE_SURFACE_WITH_KNOTS('',2,1,((#7962,#7963),(#7964,#7965),(#7966,
#7967)),.UNSPECIFIED.,.F.,.F.,.F.,(3,3),(2,2),(0.,1.),(0.,0.047999999999999),
 .UNSPECIFIED.);
#524=B_SPLINE_SURFACE_WITH_KNOTS('',2,1,((#7977,#7978),(#7979,#7980),(#7981,
#7982)),.UNSPECIFIED.,.F.,.F.,.F.,(3,3),(2,2),(0.,1.),(0.,0.047999999999999),
 .UNSPECIFIED.);
#525=B_SPLINE_SURFACE_WITH_KNOTS('',2,1,((#7998,#7999),(#8000,#8001),(#8002,
#8003)),.UNSPECIFIED.,.F.,.F.,.F.,(3,3),(2,2),(0.,1.),(0.,0.047999999999999),
 .UNSPECIFIED.);
#526=B_SPLINE_SURFACE_WITH_KNOTS('',2,1,((#8013,#8014),(#8015,#8016),(#8017,
#8018)),.UNSPECIFIED.,.F.,.F.,.F.,(3,3),(2,2),(0.,1.),(0.,0.047999999999999),
 .UNSPECIFIED.);
#527=B_SPLINE_SURFACE_WITH_KNOTS('',2,1,((#8028,#8029),(#8030,#8031),(#8032,
#8033)),.UNSPECIFIED.,.F.,.F.,.F.,(3,3),(2,2),(0.,1.),(0.,0.047999999999999),
 .UNSPECIFIED.);
#528=B_SPLINE_SURFACE_WITH_KNOTS('',2,1,((#8080,#8081),(#8082,#8083),(#8084,
#8085)),.UNSPECIFIED.,.F.,.F.,.F.,(3,3),(2,2),(0.,1.),(0.,0.047999999999999),
 .UNSPECIFIED.);
#529=B_SPLINE_SURFACE_WITH_KNOTS('',2,1,((#8095,#8096),(#8097,#8098),(#8099,
#8100)),.UNSPECIFIED.,.F.,.F.,.F.,(3,3),(2,2),(0.,1.),(0.,0.047999999999999),
 .UNSPECIFIED.);
#530=B_SPLINE_SURFACE_WITH_KNOTS('',2,1,((#8110,#8111),(#8112,#8113),(#8114,
#8115)),.UNSPECIFIED.,.F.,.F.,.F.,(3,3),(2,2),(0.,1.),(0.,0.047999999999999),
 .UNSPECIFIED.);
#531=B_SPLINE_SURFACE_WITH_KNOTS('',2,1,((#8125,#8126),(#8127,#8128),(#8129,
#8130)),.UNSPECIFIED.,.F.,.F.,.F.,(3,3),(2,2),(0.,1.),(0.,0.047999999999999),
 .UNSPECIFIED.);
#532=B_SPLINE_SURFACE_WITH_KNOTS('',2,1,((#8140,#8141),(#8142,#8143),(#8144,
#8145)),.UNSPECIFIED.,.F.,.F.,.F.,(3,3),(2,2),(0.,1.),(0.,0.047999999999999),
 .UNSPECIFIED.);
#533=B_SPLINE_SURFACE_WITH_KNOTS('',2,1,((#8161,#8162),(#8163,#8164),(#8165,
#8166)),.UNSPECIFIED.,.F.,.F.,.F.,(3,3),(2,2),(0.,1.),(0.,0.047999999999999),
 .UNSPECIFIED.);
#534=B_SPLINE_SURFACE_WITH_KNOTS('',2,1,((#8176,#8177),(#8178,#8179),(#8180,
#8181)),.UNSPECIFIED.,.F.,.F.,.F.,(3,3),(2,2),(0.,1.),(0.,0.047999999999999),
 .UNSPECIFIED.);
#535=B_SPLINE_SURFACE_WITH_KNOTS('',2,1,((#8191,#8192),(#8193,#8194),(#8195,
#8196)),.UNSPECIFIED.,.F.,.F.,.F.,(3,3),(2,2),(0.,1.),(0.,0.047999999999999),
 .UNSPECIFIED.);
#536=B_SPLINE_SURFACE_WITH_KNOTS('',2,1,((#8212,#8213),(#8214,#8215),(#8216,
#8217)),.UNSPECIFIED.,.F.,.F.,.F.,(3,3),(2,2),(0.,1.),(0.,0.047999999999999),
 .UNSPECIFIED.);
#537=B_SPLINE_SURFACE_WITH_KNOTS('',2,1,((#8227,#8228),(#8229,#8230),(#8231,
#8232)),.UNSPECIFIED.,.F.,.F.,.F.,(3,3),(2,2),(0.,1.),(0.,0.047999999999999),
 .UNSPECIFIED.);
#538=B_SPLINE_SURFACE_WITH_KNOTS('',2,1,((#8242,#8243),(#8244,#8245),(#8246,
#8247)),.UNSPECIFIED.,.F.,.F.,.F.,(3,3),(2,2),(0.,1.),(0.,0.047999999999999),
 .UNSPECIFIED.);
#539=B_SPLINE_SURFACE_WITH_KNOTS('',2,1,((#8263,#8264),(#8265,#8266),(#8267,
#8268)),.UNSPECIFIED.,.F.,.F.,.F.,(3,3),(2,2),(0.,1.),(0.,0.047999999999999),
 .UNSPECIFIED.);
#540=B_SPLINE_SURFACE_WITH_KNOTS('',2,1,((#8278,#8279),(#8280,#8281),(#8282,
#8283)),.UNSPECIFIED.,.F.,.F.,.F.,(3,3),(2,2),(0.,1.),(0.,0.047999999999999),
 .UNSPECIFIED.);
#541=B_SPLINE_SURFACE_WITH_KNOTS('',2,1,((#8293,#8294),(#8295,#8296),(#8297,
#8298)),.UNSPECIFIED.,.F.,.F.,.F.,(3,3),(2,2),(0.,1.),(0.,0.047999999999999),
 .UNSPECIFIED.);
#542=B_SPLINE_SURFACE_WITH_KNOTS('',2,1,((#8308,#8309),(#8310,#8311),(#8312,
#8313)),.UNSPECIFIED.,.F.,.F.,.F.,(3,3),(2,2),(0.,1.),(0.,0.047999999999999),
 .UNSPECIFIED.);
#543=B_SPLINE_SURFACE_WITH_KNOTS('',2,1,((#8323,#8324),(#8325,#8326),(#8327,
#8328)),.UNSPECIFIED.,.F.,.F.,.F.,(3,3),(2,2),(0.,1.),(0.,0.047999999999999),
 .UNSPECIFIED.);
#544=B_SPLINE_SURFACE_WITH_KNOTS('',2,1,((#8485,#8486),(#8487,#8488),(#8489,
#8490)),.UNSPECIFIED.,.F.,.F.,.F.,(3,3),(2,2),(0.,1.),(0.,0.047999999999999),
 .UNSPECIFIED.);
#545=B_SPLINE_SURFACE_WITH_KNOTS('',2,1,((#8500,#8501),(#8502,#8503),(#8504,
#8505)),.UNSPECIFIED.,.F.,.F.,.F.,(3,3),(2,2),(0.,1.),(0.,0.047999999999999),
 .UNSPECIFIED.);
#546=B_SPLINE_SURFACE_WITH_KNOTS('',2,1,((#8515,#8516),(#8517,#8518),(#8519,
#8520)),.UNSPECIFIED.,.F.,.F.,.F.,(3,3),(2,2),(0.,1.),(0.,0.047999999999999),
 .UNSPECIFIED.);
#547=B_SPLINE_SURFACE_WITH_KNOTS('',2,1,((#8530,#8531),(#8532,#8533),(#8534,
#8535)),.UNSPECIFIED.,.F.,.F.,.F.,(3,3),(2,2),(0.,1.),(0.,0.047999999999999),
 .UNSPECIFIED.);
#548=B_SPLINE_SURFACE_WITH_KNOTS('',2,1,((#8563,#8564),(#8565,#8566),(#8567,
#8568)),.UNSPECIFIED.,.F.,.F.,.F.,(3,3),(2,2),(0.,1.),(0.,0.047999999999999),
 .UNSPECIFIED.);
#549=B_SPLINE_SURFACE_WITH_KNOTS('',2,1,((#8578,#8579),(#8580,#8581),(#8582,
#8583)),.UNSPECIFIED.,.F.,.F.,.F.,(3,3),(2,2),(0.,1.),(0.,0.047999999999999),
 .UNSPECIFIED.);
#550=B_SPLINE_SURFACE_WITH_KNOTS('',3,3,((#8898,#8899,#8900,#8901,#8902,
#8903,#8904,#8905),(#8906,#8907,#8908,#8909,#8910,#8911,#8912,#8913),(#8914,
#8915,#8916,#8917,#8918,#8919,#8920,#8921),(#8922,#8923,#8924,#8925,#8926,
#8927,#8928,#8929)),.UNSPECIFIED.,.F.,.F.,.F.,(4,4),(4,2,1,1,4),(-1.7171448667419E-6,
1.0022709558459),(-0.000885135248380787,0.,0.301711457387386,0.402281943183181,
0.505123384824873),.UNSPECIFIED.);
#551=B_SPLINE_SURFACE_WITH_KNOTS('',3,3,((#9006,#9007,#9008,#9009,#9010,
#9011,#9012,#9013),(#9014,#9015,#9016,#9017,#9018,#9019,#9020,#9021),(#9022,
#9023,#9024,#9025,#9026,#9027,#9028,#9029),(#9030,#9031,#9032,#9033,#9034,
#9035,#9036,#9037),(#9038,#9039,#9040,#9041,#9042,#9043,#9044,#9045)),
 .UNSPECIFIED.,.F.,.F.,.F.,(4,1,4),(4,1,1,2,4),(0.,0.5,1.),(0.,0.201141036157044,
0.301711554235566,0.502852590392609,0.503737607246489),.UNSPECIFIED.);
#552=B_SPLINE_SURFACE_WITH_KNOTS('',3,3,((#9141,#9142,#9143,#9144,#9145,
#9146,#9147,#9148),(#9149,#9150,#9151,#9152,#9153,#9154,#9155,#9156),(#9157,
#9158,#9159,#9160,#9161,#9162,#9163,#9164),(#9165,#9166,#9167,#9168,#9169,
#9170,#9171,#9172)),.UNSPECIFIED.,.F.,.F.,.F.,(4,4),(4,2,1,1,4),(-1.73938546200958E-6,
1.0631894879573),(-0.000885242907143541,0.,0.201140912879719,0.301711369319579,
0.553226034709942),.UNSPECIFIED.);
#553=B_SPLINE_SURFACE_WITH_KNOTS('',3,3,((#9192,#9193,#9194,#9195,#9196,
#9197,#9198,#9199,#9200,#9201,#9202,#9203),(#9204,#9205,#9206,#9207,#9208,
#9209,#9210,#9211,#9212,#9213,#9214,#9215),(#9216,#9217,#9218,#9219,#9220,
#9221,#9222,#9223,#9224,#9225,#9226,#9227),(#9228,#9229,#9230,#9231,#9232,
#9233,#9234,#9235,#9236,#9237,#9238,#9239),(#9240,#9241,#9242,#9243,#9244,
#9245,#9246,#9247,#9248,#9249,#9250,#9251)),.UNSPECIFIED.,.F.,.F.,.F.,(4,
1,4),(4,1,1,1,1,1,1,2,4),(0.,0.5,1.00021431890729),(-0.000214318907290343,
0.100570456441016,0.201140912882031,0.301711369323047,0.351996597543555,
0.402281825764063,0.452567053984571,0.502852282205079,0.503737525106146),
 .UNSPECIFIED.);
#554=B_SPLINE_SURFACE_WITH_KNOTS('',2,1,((#9394,#9395),(#9396,#9397),(#9398,
#9399)),.UNSPECIFIED.,.F.,.F.,.F.,(3,3),(2,2),(0.,1.),(0.,0.047999999999999),
 .UNSPECIFIED.);
#555=B_SPLINE_SURFACE_WITH_KNOTS('',2,1,((#9409,#9410),(#9411,#9412),(#9413,
#9414)),.UNSPECIFIED.,.F.,.F.,.F.,(3,3),(2,2),(0.,1.),(0.,0.047999999999999),
 .UNSPECIFIED.);
#556=B_SPLINE_SURFACE_WITH_KNOTS('',2,1,((#9424,#9425),(#9426,#9427),(#9428,
#9429)),.UNSPECIFIED.,.F.,.F.,.F.,(3,3),(2,2),(0.,1.),(0.,0.047999999999999),
 .UNSPECIFIED.);
#557=B_SPLINE_SURFACE_WITH_KNOTS('',2,1,((#9439,#9440),(#9441,#9442),(#9443,
#9444)),.UNSPECIFIED.,.F.,.F.,.F.,(3,3),(2,2),(0.,1.),(0.,0.047999999999999),
 .UNSPECIFIED.);
#558=B_SPLINE_SURFACE_WITH_KNOTS('',2,1,((#9472,#9473),(#9474,#9475),(#9476,
#9477)),.UNSPECIFIED.,.F.,.F.,.F.,(3,3),(2,2),(0.,1.),(0.,0.047999999999999),
 .UNSPECIFIED.);
#559=B_SPLINE_SURFACE_WITH_KNOTS('',2,1,((#9487,#9488),(#9489,#9490),(#9491,
#9492)),.UNSPECIFIED.,.F.,.F.,.F.,(3,3),(2,2),(0.,1.),(0.,0.047999999999999),
 .UNSPECIFIED.);
#560=B_SPLINE_SURFACE_WITH_KNOTS('',2,1,((#9649,#9650),(#9651,#9652),(#9653,
#9654)),.UNSPECIFIED.,.F.,.F.,.F.,(3,3),(2,2),(0.,1.),(0.,0.047999999999999),
 .UNSPECIFIED.);
#561=B_SPLINE_SURFACE_WITH_KNOTS('',2,1,((#9664,#9665),(#9666,#9667),(#9668,
#9669)),.UNSPECIFIED.,.F.,.F.,.F.,(3,3),(2,2),(0.,1.),(0.,0.047999999999999),
 .UNSPECIFIED.);
#562=B_SPLINE_SURFACE_WITH_KNOTS('',2,1,((#9679,#9680),(#9681,#9682),(#9683,
#9684)),.UNSPECIFIED.,.F.,.F.,.F.,(3,3),(2,2),(0.,1.),(0.,0.047999999999999),
 .UNSPECIFIED.);
#563=B_SPLINE_SURFACE_WITH_KNOTS('',2,1,((#9694,#9695),(#9696,#9697),(#9698,
#9699)),.UNSPECIFIED.,.F.,.F.,.F.,(3,3),(2,2),(0.,1.),(0.,0.047999999999999),
 .UNSPECIFIED.);
#564=B_SPLINE_SURFACE_WITH_KNOTS('',2,1,((#9709,#9710),(#9711,#9712),(#9713,
#9714)),.UNSPECIFIED.,.F.,.F.,.F.,(3,3),(2,2),(0.,1.),(0.,0.047999999999999),
 .UNSPECIFIED.);
#565=B_SPLINE_SURFACE_WITH_KNOTS('',2,1,((#9730,#9731),(#9732,#9733),(#9734,
#9735)),.UNSPECIFIED.,.F.,.F.,.F.,(3,3),(2,2),(0.,1.),(0.,0.047999999999999),
 .UNSPECIFIED.);
#566=B_SPLINE_SURFACE_WITH_KNOTS('',2,1,((#9745,#9746),(#9747,#9748),(#9749,
#9750)),.UNSPECIFIED.,.F.,.F.,.F.,(3,3),(2,2),(0.,1.),(0.,0.047999999999999),
 .UNSPECIFIED.);
#567=B_SPLINE_SURFACE_WITH_KNOTS('',2,1,((#9760,#9761),(#9762,#9763),(#9764,
#9765)),.UNSPECIFIED.,.F.,.F.,.F.,(3,3),(2,2),(0.,1.),(0.,0.047999999999999),
 .UNSPECIFIED.);
#568=B_SPLINE_SURFACE_WITH_KNOTS('',2,1,((#9781,#9782),(#9783,#9784),(#9785,
#9786)),.UNSPECIFIED.,.F.,.F.,.F.,(3,3),(2,2),(0.,1.),(0.,0.047999999999999),
 .UNSPECIFIED.);
#569=B_SPLINE_SURFACE_WITH_KNOTS('',2,1,((#9796,#9797),(#9798,#9799),(#9800,
#9801)),.UNSPECIFIED.,.F.,.F.,.F.,(3,3),(2,2),(0.,1.),(0.,0.047999999999999),
 .UNSPECIFIED.);
#570=B_SPLINE_SURFACE_WITH_KNOTS('',2,1,((#9811,#9812),(#9813,#9814),(#9815,
#9816)),.UNSPECIFIED.,.F.,.F.,.F.,(3,3),(2,2),(0.,1.),(0.,0.047999999999999),
 .UNSPECIFIED.);
#571=B_SPLINE_SURFACE_WITH_KNOTS('',2,1,((#9832,#9833),(#9834,#9835),(#9836,
#9837)),.UNSPECIFIED.,.F.,.F.,.F.,(3,3),(2,2),(0.,1.),(0.,0.047999999999999),
 .UNSPECIFIED.);
#572=B_SPLINE_SURFACE_WITH_KNOTS('',2,1,((#9847,#9848),(#9849,#9850),(#9851,
#9852)),.UNSPECIFIED.,.F.,.F.,.F.,(3,3),(2,2),(0.,1.),(0.,0.047999999999999),
 .UNSPECIFIED.);
#573=B_SPLINE_SURFACE_WITH_KNOTS('',2,1,((#9862,#9863),(#9864,#9865),(#9866,
#9867)),.UNSPECIFIED.,.F.,.F.,.F.,(3,3),(2,2),(0.,1.),(0.,0.047999999999999),
 .UNSPECIFIED.);
#574=B_SPLINE_SURFACE_WITH_KNOTS('',2,1,((#9877,#9878),(#9879,#9880),(#9881,
#9882)),.UNSPECIFIED.,.F.,.F.,.F.,(3,3),(2,2),(0.,1.),(0.,0.047999999999999),
 .UNSPECIFIED.);
#575=B_SPLINE_SURFACE_WITH_KNOTS('',2,1,((#9892,#9893),(#9894,#9895),(#9896,
#9897)),.UNSPECIFIED.,.F.,.F.,.F.,(3,3),(2,2),(0.,1.),(0.,0.047999999999999),
 .UNSPECIFIED.);
#576=B_SPLINE_SURFACE_WITH_KNOTS('',2,1,((#9926,#9927),(#9928,#9929),(#9930,
#9931)),.UNSPECIFIED.,.F.,.F.,.F.,(3,3),(2,2),(0.,1.),(0.,0.047999999999999),
 .UNSPECIFIED.);
#577=B_SPLINE_SURFACE_WITH_KNOTS('',2,1,((#9941,#9942),(#9943,#9944),(#9945,
#9946)),.UNSPECIFIED.,.F.,.F.,.F.,(3,3),(2,2),(0.,1.),(0.,0.047999999999999),
 .UNSPECIFIED.);
#578=B_SPLINE_SURFACE_WITH_KNOTS('',2,1,((#9962,#9963),(#9964,#9965),(#9966,
#9967)),.UNSPECIFIED.,.F.,.F.,.F.,(3,3),(2,2),(0.,1.),(0.,0.047999999999999),
 .UNSPECIFIED.);
#579=B_SPLINE_SURFACE_WITH_KNOTS('',2,1,((#9977,#9978),(#9979,#9980),(#9981,
#9982)),.UNSPECIFIED.,.F.,.F.,.F.,(3,3),(2,2),(0.,1.),(0.,0.047999999999999),
 .UNSPECIFIED.);
#580=B_SPLINE_SURFACE_WITH_KNOTS('',2,1,((#9992,#9993),(#9994,#9995),(#9996,
#9997)),.UNSPECIFIED.,.F.,.F.,.F.,(3,3),(2,2),(0.,1.),(0.,0.047999999999999),
 .UNSPECIFIED.);
#581=B_SPLINE_SURFACE_WITH_KNOTS('',2,1,((#10019,#10020),(#10021,#10022),
(#10023,#10024)),.UNSPECIFIED.,.F.,.F.,.F.,(3,3),(2,2),(0.,1.),(0.,0.047999999999999),
 .UNSPECIFIED.);
#582=B_SPLINE_SURFACE_WITH_KNOTS('',2,1,((#10034,#10035),(#10036,#10037),
(#10038,#10039)),.UNSPECIFIED.,.F.,.F.,.F.,(3,3),(2,2),(0.,1.),(0.,0.047999999999999),
 .UNSPECIFIED.);
#583=B_SPLINE_SURFACE_WITH_KNOTS('',2,1,((#10049,#10050),(#10051,#10052),
(#10053,#10054)),.UNSPECIFIED.,.F.,.F.,.F.,(3,3),(2,2),(0.,1.),(0.,0.047999999999999),
 .UNSPECIFIED.);
#584=B_SPLINE_SURFACE_WITH_KNOTS('',2,1,((#10070,#10071),(#10072,#10073),
(#10074,#10075)),.UNSPECIFIED.,.F.,.F.,.F.,(3,3),(2,2),(0.,1.),(0.,0.047999999999999),
 .UNSPECIFIED.);
#585=B_SPLINE_SURFACE_WITH_KNOTS('',2,1,((#10085,#10086),(#10087,#10088),
(#10089,#10090)),.UNSPECIFIED.,.F.,.F.,.F.,(3,3),(2,2),(0.,1.),(0.,0.047999999999999),
 .UNSPECIFIED.);
#586=B_SPLINE_SURFACE_WITH_KNOTS('',2,1,((#10100,#10101),(#10102,#10103),
(#10104,#10105)),.UNSPECIFIED.,.F.,.F.,.F.,(3,3),(2,2),(0.,1.),(0.,0.047999999999999),
 .UNSPECIFIED.);
#587=B_SPLINE_SURFACE_WITH_KNOTS('',3,3,((#10432,#10433,#10434,#10435,#10436,
#10437,#10438,#10439),(#10440,#10441,#10442,#10443,#10444,#10445,#10446,
#10447),(#10448,#10449,#10450,#10451,#10452,#10453,#10454,#10455),(#10456,
#10457,#10458,#10459,#10460,#10461,#10462,#10463)),.UNSPECIFIED.,.F.,.F.,
 .F.,(4,4),(4,2,1,1,4),(-1.71714477347435E-6,1.00228074722506),(-0.000885135248380787,
0.,0.301711457387386,0.402281943183181,0.505133176204038),.UNSPECIFIED.);
#588=B_SPLINE_SURFACE_WITH_KNOTS('',3,3,((#10540,#10541,#10542,#10543,#10544,
#10545,#10546,#10547),(#10548,#10549,#10550,#10551,#10552,#10553,#10554,
#10555),(#10556,#10557,#10558,#10559,#10560,#10561,#10562,#10563),(#10564,
#10565,#10566,#10567,#10568,#10569,#10570,#10571),(#10572,#10573,#10574,
#10575,#10576,#10577,#10578,#10579)),.UNSPECIFIED.,.F.,.F.,.F.,(4,1,4),
(4,1,1,2,4),(0.,0.5,1.),(0.,0.201141036157044,0.301711554235566,0.502852590392609,
0.503737607246489),.UNSPECIFIED.);
#589=B_SPLINE_SURFACE_WITH_KNOTS('',3,3,((#10675,#10676,#10677,#10678,#10679,
#10680,#10681,#10682),(#10683,#10684,#10685,#10686,#10687,#10688,#10689,
#10690),(#10691,#10692,#10693,#10694,#10695,#10696,#10697,#10698),(#10699,
#10700,#10701,#10702,#10703,#10704,#10705,#10706)),.UNSPECIFIED.,.F.,.F.,
 .F.,(4,4),(4,2,1,1,4),(-1.73938545721128E-6,1.06315556966054),(-0.000885242907143541,
0.,0.201140912879719,0.301711369319579,0.553226034709942),.UNSPECIFIED.);
#590=B_SPLINE_SURFACE_WITH_KNOTS('',3,3,((#10726,#10727,#10728,#10729,#10730,
#10731,#10732,#10733,#10734,#10735,#10736,#10737),(#10738,#10739,#10740,
#10741,#10742,#10743,#10744,#10745,#10746,#10747,#10748,#10749),(#10750,
#10751,#10752,#10753,#10754,#10755,#10756,#10757,#10758,#10759,#10760,#10761),
(#10762,#10763,#10764,#10765,#10766,#10767,#10768,#10769,#10770,#10771,
#10772,#10773),(#10774,#10775,#10776,#10777,#10778,#10779,#10780,#10781,
#10782,#10783,#10784,#10785)),.UNSPECIFIED.,.F.,.F.,.F.,(4,1,4),(4,1,1,
1,1,1,1,2,4),(0.,0.5,1.00021432731352),(-0.000214327313515926,0.100570456441016,
0.201140912882031,0.301711369323047,0.351996597543555,0.402281825764063,
0.452567053984571,0.502852282205079,0.503737525106146),.UNSPECIFIED.);
#591=FACE_OUTER_BOUND('',#933,.T.);
#592=FACE_OUTER_BOUND('',#934,.T.);
#593=FACE_OUTER_BOUND('',#935,.T.);
#594=FACE_OUTER_BOUND('',#936,.T.);
#595=FACE_OUTER_BOUND('',#937,.T.);
#596=FACE_OUTER_BOUND('',#938,.T.);
#597=FACE_OUTER_BOUND('',#939,.T.);
#598=FACE_OUTER_BOUND('',#940,.T.);
#599=FACE_OUTER_BOUND('',#941,.T.);
#600=FACE_OUTER_BOUND('',#942,.T.);
#601=FACE_OUTER_BOUND('',#943,.T.);
#602=FACE_OUTER_BOUND('',#944,.T.);
#603=FACE_OUTER_BOUND('',#945,.T.);
#604=FACE_OUTER_BOUND('',#946,.T.);
#605=FACE_OUTER_BOUND('',#947,.T.);
#606=FACE_OUTER_BOUND('',#948,.T.);
#607=FACE_OUTER_BOUND('',#949,.T.);
#608=FACE_OUTER_BOUND('',#950,.T.);
#609=FACE_OUTER_BOUND('',#951,.T.);
#610=FACE_OUTER_BOUND('',#952,.T.);
#611=FACE_OUTER_BOUND('',#954,.T.);
#612=FACE_OUTER_BOUND('',#955,.T.);
#613=FACE_OUTER_BOUND('',#956,.T.);
#614=FACE_OUTER_BOUND('',#957,.T.);
#615=FACE_OUTER_BOUND('',#958,.T.);
#616=FACE_OUTER_BOUND('',#959,.T.);
#617=FACE_OUTER_BOUND('',#960,.T.);
#618=FACE_OUTER_BOUND('',#961,.T.);
#619=FACE_OUTER_BOUND('',#962,.T.);
#620=FACE_OUTER_BOUND('',#963,.T.);
#621=FACE_OUTER_BOUND('',#964,.T.);
#622=FACE_OUTER_BOUND('',#965,.T.);
#623=FACE_OUTER_BOUND('',#966,.T.);
#624=FACE_OUTER_BOUND('',#967,.T.);
#625=FACE_OUTER_BOUND('',#968,.T.);
#626=FACE_OUTER_BOUND('',#969,.T.);
#627=FACE_OUTER_BOUND('',#970,.T.);
#628=FACE_OUTER_BOUND('',#971,.T.);
#629=FACE_OUTER_BOUND('',#972,.T.);
#630=FACE_OUTER_BOUND('',#973,.T.);
#631=FACE_OUTER_BOUND('',#974,.T.);
#632=FACE_OUTER_BOUND('',#975,.T.);
#633=FACE_OUTER_BOUND('',#976,.T.);
#634=FACE_OUTER_BOUND('',#977,.T.);
#635=FACE_OUTER_BOUND('',#978,.T.);
#636=FACE_OUTER_BOUND('',#979,.T.);
#637=FACE_OUTER_BOUND('',#980,.T.);
#638=FACE_OUTER_BOUND('',#981,.T.);
#639=FACE_OUTER_BOUND('',#982,.T.);
#640=FACE_OUTER_BOUND('',#983,.T.);
#641=FACE_OUTER_BOUND('',#984,.T.);
#642=FACE_OUTER_BOUND('',#985,.T.);
#643=FACE_OUTER_BOUND('',#986,.T.);
#644=FACE_OUTER_BOUND('',#987,.T.);
#645=FACE_OUTER_BOUND('',#988,.T.);
#646=FACE_OUTER_BOUND('',#989,.T.);
#647=FACE_OUTER_BOUND('',#990,.T.);
#648=FACE_OUTER_BOUND('',#991,.T.);
#649=FACE_OUTER_BOUND('',#992,.T.);
#650=FACE_OUTER_BOUND('',#993,.T.);
#651=FACE_OUTER_BOUND('',#994,.T.);
#652=FACE_OUTER_BOUND('',#995,.T.);
#653=FACE_OUTER_BOUND('',#996,.T.);
#654=FACE_OUTER_BOUND('',#997,.T.);
#655=FACE_OUTER_BOUND('',#998,.T.);
#656=FACE_OUTER_BOUND('',#999,.T.);
#657=FACE_OUTER_BOUND('',#1000,.T.);
#658=FACE_OUTER_BOUND('',#1001,.T.);
#659=FACE_OUTER_BOUND('',#1002,.T.);
#660=FACE_OUTER_BOUND('',#1003,.T.);
#661=FACE_OUTER_BOUND('',#1004,.T.);
#662=FACE_OUTER_BOUND('',#1005,.T.);
#663=FACE_OUTER_BOUND('',#1006,.T.);
#664=FACE_OUTER_BOUND('',#1007,.T.);
#665=FACE_OUTER_BOUND('',#1008,.T.);
#666=FACE_OUTER_BOUND('',#1009,.T.);
#667=FACE_OUTER_BOUND('',#1010,.T.);
#668=FACE_OUTER_BOUND('',#1011,.T.);
#669=FACE_OUTER_BOUND('',#1012,.T.);
#670=FACE_OUTER_BOUND('',#1013,.T.);
#671=FACE_OUTER_BOUND('',#1014,.T.);
#672=FACE_OUTER_BOUND('',#1024,.T.);
#673=FACE_OUTER_BOUND('',#1025,.T.);
#674=FACE_OUTER_BOUND('',#1032,.T.);
#675=FACE_OUTER_BOUND('',#1033,.T.);
#676=FACE_OUTER_BOUND('',#1034,.T.);
#677=FACE_OUTER_BOUND('',#1035,.T.);
#678=FACE_OUTER_BOUND('',#1036,.T.);
#679=FACE_OUTER_BOUND('',#1037,.T.);
#680=FACE_OUTER_BOUND('',#1038,.T.);
#681=FACE_OUTER_BOUND('',#1039,.T.);
#682=FACE_OUTER_BOUND('',#1040,.T.);
#683=FACE_OUTER_BOUND('',#1041,.T.);
#684=FACE_OUTER_BOUND('',#1042,.T.);
#685=FACE_OUTER_BOUND('',#1043,.T.);
#686=FACE_OUTER_BOUND('',#1044,.T.);
#687=FACE_OUTER_BOUND('',#1045,.T.);
#688=FACE_OUTER_BOUND('',#1046,.T.);
#689=FACE_OUTER_BOUND('',#1047,.T.);
#690=FACE_OUTER_BOUND('',#1048,.T.);
#691=FACE_OUTER_BOUND('',#1049,.T.);
#692=FACE_OUTER_BOUND('',#1050,.T.);
#693=FACE_OUTER_BOUND('',#1051,.T.);
#694=FACE_OUTER_BOUND('',#1052,.T.);
#695=FACE_OUTER_BOUND('',#1053,.T.);
#696=FACE_OUTER_BOUND('',#1054,.T.);
#697=FACE_OUTER_BOUND('',#1055,.T.);
#698=FACE_OUTER_BOUND('',#1056,.T.);
#699=FACE_OUTER_BOUND('',#1057,.T.);
#700=FACE_OUTER_BOUND('',#1058,.T.);
#701=FACE_OUTER_BOUND('',#1059,.T.);
#702=FACE_OUTER_BOUND('',#1060,.T.);
#703=FACE_OUTER_BOUND('',#1061,.T.);
#704=FACE_OUTER_BOUND('',#1062,.T.);
#705=FACE_OUTER_BOUND('',#1063,.T.);
#706=FACE_OUTER_BOUND('',#1064,.T.);
#707=FACE_OUTER_BOUND('',#1065,.T.);
#708=FACE_OUTER_BOUND('',#1066,.T.);
#709=FACE_OUTER_BOUND('',#1067,.T.);
#710=FACE_OUTER_BOUND('',#1068,.T.);
#711=FACE_OUTER_BOUND('',#1069,.T.);
#712=FACE_OUTER_BOUND('',#1070,.T.);
#713=FACE_OUTER_BOUND('',#1071,.T.);
#714=FACE_OUTER_BOUND('',#1072,.T.);
#715=FACE_OUTER_BOUND('',#1073,.T.);
#716=FACE_OUTER_BOUND('',#1074,.T.);
#717=FACE_OUTER_BOUND('',#1075,.T.);
#718=FACE_OUTER_BOUND('',#1076,.T.);
#719=FACE_OUTER_BOUND('',#1077,.T.);
#720=FACE_OUTER_BOUND('',#1078,.T.);
#721=FACE_OUTER_BOUND('',#1079,.T.);
#722=FACE_OUTER_BOUND('',#1080,.T.);
#723=FACE_OUTER_BOUND('',#1081,.T.);
#724=FACE_OUTER_BOUND('',#1082,.T.);
#725=FACE_OUTER_BOUND('',#1083,.T.);
#726=FACE_OUTER_BOUND('',#1084,.T.);
#727=FACE_OUTER_BOUND('',#1085,.T.);
#728=FACE_OUTER_BOUND('',#1086,.T.);
#729=FACE_OUTER_BOUND('',#1087,.T.);
#730=FACE_OUTER_BOUND('',#1088,.T.);
#731=FACE_OUTER_BOUND('',#1089,.T.);
#732=FACE_OUTER_BOUND('',#1090,.T.);
#733=FACE_OUTER_BOUND('',#1091,.T.);
#734=FACE_OUTER_BOUND('',#1092,.T.);
#735=FACE_OUTER_BOUND('',#1093,.T.);
#736=FACE_OUTER_BOUND('',#1094,.T.);
#737=FACE_OUTER_BOUND('',#1095,.T.);
#738=FACE_OUTER_BOUND('',#1096,.T.);
#739=FACE_OUTER_BOUND('',#1097,.T.);
#740=FACE_OUTER_BOUND('',#1098,.T.);
#741=FACE_OUTER_BOUND('',#1099,.T.);
#742=FACE_OUTER_BOUND('',#1100,.T.);
#743=FACE_OUTER_BOUND('',#1101,.T.);
#744=FACE_OUTER_BOUND('',#1102,.T.);
#745=FACE_OUTER_BOUND('',#1103,.T.);
#746=FACE_OUTER_BOUND('',#1104,.T.);
#747=FACE_OUTER_BOUND('',#1105,.T.);
#748=FACE_OUTER_BOUND('',#1107,.T.);
#749=FACE_OUTER_BOUND('',#1108,.T.);
#750=FACE_OUTER_BOUND('',#1110,.T.);
#751=FACE_OUTER_BOUND('',#1111,.T.);
#752=FACE_OUTER_BOUND('',#1112,.T.);
#753=FACE_OUTER_BOUND('',#1113,.T.);
#754=FACE_OUTER_BOUND('',#1114,.T.);
#755=FACE_OUTER_BOUND('',#1115,.T.);
#756=FACE_OUTER_BOUND('',#1116,.T.);
#757=FACE_OUTER_BOUND('',#1117,.T.);
#758=FACE_OUTER_BOUND('',#1118,.T.);
#759=FACE_OUTER_BOUND('',#1120,.T.);
#760=FACE_OUTER_BOUND('',#1121,.T.);
#761=FACE_OUTER_BOUND('',#1123,.T.);
#762=FACE_OUTER_BOUND('',#1124,.T.);
#763=FACE_OUTER_BOUND('',#1125,.T.);
#764=FACE_OUTER_BOUND('',#1126,.T.);
#765=FACE_OUTER_BOUND('',#1127,.T.);
#766=FACE_OUTER_BOUND('',#1128,.T.);
#767=FACE_OUTER_BOUND('',#1129,.T.);
#768=FACE_OUTER_BOUND('',#1130,.T.);
#769=FACE_OUTER_BOUND('',#1131,.T.);
#770=FACE_OUTER_BOUND('',#1132,.T.);
#771=FACE_OUTER_BOUND('',#1133,.T.);
#772=FACE_OUTER_BOUND('',#1134,.T.);
#773=FACE_OUTER_BOUND('',#1135,.T.);
#774=FACE_OUTER_BOUND('',#1136,.T.);
#775=FACE_OUTER_BOUND('',#1137,.T.);
#776=FACE_OUTER_BOUND('',#1138,.T.);
#777=FACE_OUTER_BOUND('',#1139,.T.);
#778=FACE_OUTER_BOUND('',#1140,.T.);
#779=FACE_OUTER_BOUND('',#1141,.T.);
#780=FACE_OUTER_BOUND('',#1142,.T.);
#781=FACE_OUTER_BOUND('',#1143,.T.);
#782=FACE_OUTER_BOUND('',#1144,.T.);
#783=FACE_OUTER_BOUND('',#1145,.T.);
#784=FACE_OUTER_BOUND('',#1146,.T.);
#785=FACE_OUTER_BOUND('',#1147,.T.);
#786=FACE_OUTER_BOUND('',#1148,.T.);
#787=FACE_OUTER_BOUND('',#1149,.T.);
#788=FACE_OUTER_BOUND('',#1150,.T.);
#789=FACE_OUTER_BOUND('',#1151,.T.);
#790=FACE_OUTER_BOUND('',#1152,.T.);
#791=FACE_OUTER_BOUND('',#1153,.T.);
#792=FACE_OUTER_BOUND('',#1154,.T.);
#793=FACE_OUTER_BOUND('',#1155,.T.);
#794=FACE_OUTER_BOUND('',#1156,.T.);
#795=FACE_OUTER_BOUND('',#1157,.T.);
#796=FACE_OUTER_BOUND('',#1158,.T.);
#797=FACE_OUTER_BOUND('',#1159,.T.);
#798=FACE_OUTER_BOUND('',#1160,.T.);
#799=FACE_OUTER_BOUND('',#1161,.T.);
#800=FACE_OUTER_BOUND('',#1162,.T.);
#801=FACE_OUTER_BOUND('',#1163,.T.);
#802=FACE_OUTER_BOUND('',#1164,.T.);
#803=FACE_OUTER_BOUND('',#1165,.T.);
#804=FACE_OUTER_BOUND('',#1166,.T.);
#805=FACE_OUTER_BOUND('',#1167,.T.);
#806=FACE_OUTER_BOUND('',#1168,.T.);
#807=FACE_OUTER_BOUND('',#1169,.T.);
#808=FACE_OUTER_BOUND('',#1170,.T.);
#809=FACE_OUTER_BOUND('',#1171,.T.);
#810=FACE_OUTER_BOUND('',#1172,.T.);
#811=FACE_OUTER_BOUND('',#1173,.T.);
#812=FACE_OUTER_BOUND('',#1174,.T.);
#813=FACE_OUTER_BOUND('',#1175,.T.);
#814=FACE_OUTER_BOUND('',#1176,.T.);
#815=FACE_OUTER_BOUND('',#1177,.T.);
#816=FACE_OUTER_BOUND('',#1178,.T.);
#817=FACE_OUTER_BOUND('',#1179,.T.);
#818=FACE_OUTER_BOUND('',#1180,.T.);
#819=FACE_OUTER_BOUND('',#1181,.T.);
#820=FACE_OUTER_BOUND('',#1182,.T.);
#821=FACE_OUTER_BOUND('',#1183,.T.);
#822=FACE_OUTER_BOUND('',#1184,.T.);
#823=FACE_OUTER_BOUND('',#1185,.T.);
#824=FACE_OUTER_BOUND('',#1186,.T.);
#825=FACE_OUTER_BOUND('',#1187,.T.);
#826=FACE_OUTER_BOUND('',#1188,.T.);
#827=FACE_OUTER_BOUND('',#1189,.T.);
#828=FACE_OUTER_BOUND('',#1190,.T.);
#829=FACE_OUTER_BOUND('',#1191,.T.);
#830=FACE_OUTER_BOUND('',#1192,.T.);
#831=FACE_OUTER_BOUND('',#1193,.T.);
#832=FACE_OUTER_BOUND('',#1194,.T.);
#833=FACE_OUTER_BOUND('',#1195,.T.);
#834=FACE_OUTER_BOUND('',#1196,.T.);
#835=FACE_OUTER_BOUND('',#1197,.T.);
#836=FACE_OUTER_BOUND('',#1198,.T.);
#837=FACE_OUTER_BOUND('',#1199,.T.);
#838=FACE_OUTER_BOUND('',#1200,.T.);
#839=FACE_OUTER_BOUND('',#1201,.T.);
#840=FACE_OUTER_BOUND('',#1202,.T.);
#841=FACE_OUTER_BOUND('',#1203,.T.);
#842=FACE_OUTER_BOUND('',#1205,.T.);
#843=FACE_OUTER_BOUND('',#1215,.T.);
#844=FACE_OUTER_BOUND('',#1216,.T.);
#845=FACE_OUTER_BOUND('',#1223,.T.);
#846=FACE_OUTER_BOUND('',#1224,.T.);
#847=FACE_OUTER_BOUND('',#1225,.T.);
#848=FACE_OUTER_BOUND('',#1226,.T.);
#849=FACE_OUTER_BOUND('',#1227,.T.);
#850=FACE_OUTER_BOUND('',#1228,.T.);
#851=FACE_OUTER_BOUND('',#1229,.T.);
#852=FACE_OUTER_BOUND('',#1230,.T.);
#853=FACE_OUTER_BOUND('',#1231,.T.);
#854=FACE_OUTER_BOUND('',#1232,.T.);
#855=FACE_OUTER_BOUND('',#1233,.T.);
#856=FACE_OUTER_BOUND('',#1234,.T.);
#857=FACE_OUTER_BOUND('',#1235,.T.);
#858=FACE_OUTER_BOUND('',#1236,.T.);
#859=FACE_OUTER_BOUND('',#1237,.T.);
#860=FACE_OUTER_BOUND('',#1238,.T.);
#861=FACE_OUTER_BOUND('',#1239,.T.);
#862=FACE_OUTER_BOUND('',#1240,.T.);
#863=FACE_OUTER_BOUND('',#1241,.T.);
#864=FACE_OUTER_BOUND('',#1242,.T.);
#865=FACE_OUTER_BOUND('',#1243,.T.);
#866=FACE_OUTER_BOUND('',#1244,.T.);
#867=FACE_OUTER_BOUND('',#1245,.T.);
#868=FACE_OUTER_BOUND('',#1246,.T.);
#869=FACE_OUTER_BOUND('',#1247,.T.);
#870=FACE_OUTER_BOUND('',#1248,.T.);
#871=FACE_OUTER_BOUND('',#1249,.T.);
#872=FACE_OUTER_BOUND('',#1250,.T.);
#873=FACE_OUTER_BOUND('',#1251,.T.);
#874=FACE_OUTER_BOUND('',#1252,.T.);
#875=FACE_OUTER_BOUND('',#1253,.T.);
#876=FACE_OUTER_BOUND('',#1254,.T.);
#877=FACE_OUTER_BOUND('',#1255,.T.);
#878=FACE_OUTER_BOUND('',#1256,.T.);
#879=FACE_OUTER_BOUND('',#1257,.T.);
#880=FACE_OUTER_BOUND('',#1258,.T.);
#881=FACE_OUTER_BOUND('',#1259,.T.);
#882=FACE_OUTER_BOUND('',#1260,.T.);
#883=FACE_OUTER_BOUND('',#1261,.T.);
#884=FACE_OUTER_BOUND('',#1262,.T.);
#885=FACE_OUTER_BOUND('',#1263,.T.);
#886=FACE_OUTER_BOUND('',#1264,.T.);
#887=FACE_OUTER_BOUND('',#1265,.T.);
#888=FACE_OUTER_BOUND('',#1266,.T.);
#889=FACE_OUTER_BOUND('',#1267,.T.);
#890=FACE_OUTER_BOUND('',#1268,.T.);
#891=FACE_OUTER_BOUND('',#1269,.T.);
#892=FACE_OUTER_BOUND('',#1270,.T.);
#893=FACE_OUTER_BOUND('',#1271,.T.);
#894=FACE_OUTER_BOUND('',#1272,.T.);
#895=FACE_OUTER_BOUND('',#1273,.T.);
#896=FACE_OUTER_BOUND('',#1274,.T.);
#897=FACE_OUTER_BOUND('',#1275,.T.);
#898=FACE_OUTER_BOUND('',#1276,.T.);
#899=FACE_OUTER_BOUND('',#1277,.T.);
#900=FACE_OUTER_BOUND('',#1278,.T.);
#901=FACE_OUTER_BOUND('',#1279,.T.);
#902=FACE_OUTER_BOUND('',#1280,.T.);
#903=FACE_OUTER_BOUND('',#1281,.T.);
#904=FACE_OUTER_BOUND('',#1282,.T.);
#905=FACE_OUTER_BOUND('',#1283,.T.);
#906=FACE_OUTER_BOUND('',#1284,.T.);
#907=FACE_OUTER_BOUND('',#1285,.T.);
#908=FACE_OUTER_BOUND('',#1286,.T.);
#909=FACE_OUTER_BOUND('',#1287,.T.);
#910=FACE_OUTER_BOUND('',#1288,.T.);
#911=FACE_OUTER_BOUND('',#1289,.T.);
#912=FACE_OUTER_BOUND('',#1290,.T.);
#913=FACE_OUTER_BOUND('',#1291,.T.);
#914=FACE_OUTER_BOUND('',#1292,.T.);
#915=FACE_OUTER_BOUND('',#1293,.T.);
#916=FACE_OUTER_BOUND('',#1294,.T.);
#917=FACE_OUTER_BOUND('',#1295,.T.);
#918=FACE_OUTER_BOUND('',#1296,.T.);
#919=FACE_OUTER_BOUND('',#1298,.T.);
#920=FACE_OUTER_BOUND('',#1299,.T.);
#921=FACE_OUTER_BOUND('',#1301,.T.);
#922=FACE_OUTER_BOUND('',#1302,.T.);
#923=FACE_OUTER_BOUND('',#1303,.T.);
#924=FACE_OUTER_BOUND('',#1304,.T.);
#925=FACE_OUTER_BOUND('',#1305,.T.);
#926=FACE_OUTER_BOUND('',#1306,.T.);
#927=FACE_OUTER_BOUND('',#1307,.T.);
#928=FACE_OUTER_BOUND('',#1308,.T.);
#929=FACE_OUTER_BOUND('',#1309,.T.);
#930=FACE_OUTER_BOUND('',#1311,.T.);
#931=FACE_OUTER_BOUND('',#1312,.T.);
#932=FACE_OUTER_BOUND('',#1314,.T.);
#933=EDGE_LOOP('',(#3729,#3730,#3731,#3732));
#934=EDGE_LOOP('',(#3733,#3734,#3735,#3736));
#935=EDGE_LOOP('',(#3737,#3738,#3739,#3740));
#936=EDGE_LOOP('',(#3741,#3742,#3743,#3744));
#937=EDGE_LOOP('',(#3745,#3746,#3747,#3748));
#938=EDGE_LOOP('',(#3749,#3750,#3751,#3752));
#939=EDGE_LOOP('',(#3753,#3754,#3755,#3756));
#940=EDGE_LOOP('',(#3757,#3758,#3759,#3760));
#941=EDGE_LOOP('',(#3761,#3762,#3763,#3764));
#942=EDGE_LOOP('',(#3765,#3766,#3767,#3768));
#943=EDGE_LOOP('',(#3769,#3770,#3771,#3772));
#944=EDGE_LOOP('',(#3773,#3774,#3775,#3776));
#945=EDGE_LOOP('',(#3777,#3778,#3779,#3780));
#946=EDGE_LOOP('',(#3781,#3782,#3783,#3784));
#947=EDGE_LOOP('',(#3785,#3786,#3787,#3788));
#948=EDGE_LOOP('',(#3789,#3790,#3791,#3792));
#949=EDGE_LOOP('',(#3793,#3794,#3795,#3796));
#950=EDGE_LOOP('',(#3797,#3798,#3799,#3800));
#951=EDGE_LOOP('',(#3801,#3802,#3803,#3804));
#952=EDGE_LOOP('',(#3805,#3806,#3807,#3808,#3809,#3810,#3811,#3812,#3813,
#3814));
#953=EDGE_LOOP('',(#3815,#3816,#3817,#3818,#3819,#3820,#3821,#3822,#3823));
#954=EDGE_LOOP('',(#3824,#3825,#3826,#3827));
#955=EDGE_LOOP('',(#3828,#3829,#3830,#3831));
#956=EDGE_LOOP('',(#3832,#3833,#3834,#3835));
#957=EDGE_LOOP('',(#3836,#3837,#3838,#3839));
#958=EDGE_LOOP('',(#3840,#3841,#3842,#3843));
#959=EDGE_LOOP('',(#3844,#3845,#3846,#3847));
#960=EDGE_LOOP('',(#3848,#3849,#3850,#3851));
#961=EDGE_LOOP('',(#3852,#3853,#3854,#3855));
#962=EDGE_LOOP('',(#3856,#3857,#3858,#3859));
#963=EDGE_LOOP('',(#3860,#3861,#3862,#3863));
#964=EDGE_LOOP('',(#3864,#3865,#3866,#3867));
#965=EDGE_LOOP('',(#3868,#3869,#3870,#3871));
#966=EDGE_LOOP('',(#3872,#3873,#3874,#3875));
#967=EDGE_LOOP('',(#3876,#3877,#3878,#3879));
#968=EDGE_LOOP('',(#3880,#3881,#3882,#3883));
#969=EDGE_LOOP('',(#3884,#3885,#3886,#3887));
#970=EDGE_LOOP('',(#3888,#3889,#3890,#3891));
#971=EDGE_LOOP('',(#3892,#3893,#3894,#3895));
#972=EDGE_LOOP('',(#3896,#3897,#3898,#3899));
#973=EDGE_LOOP('',(#3900,#3901,#3902,#3903));
#974=EDGE_LOOP('',(#3904,#3905,#3906,#3907));
#975=EDGE_LOOP('',(#3908,#3909,#3910,#3911));
#976=EDGE_LOOP('',(#3912,#3913,#3914,#3915));
#977=EDGE_LOOP('',(#3916,#3917,#3918,#3919));
#978=EDGE_LOOP('',(#3920,#3921,#3922,#3923,#3924,#3925,#3926,#3927,#3928,
#3929,#3930,#3931,#3932,#3933,#3934,#3935,#3936,#3937,#3938,#3939,#3940,
#3941,#3942,#3943));
#979=EDGE_LOOP('',(#3944,#3945,#3946,#3947));
#980=EDGE_LOOP('',(#3948,#3949,#3950,#3951));
#981=EDGE_LOOP('',(#3952,#3953,#3954,#3955));
#982=EDGE_LOOP('',(#3956,#3957,#3958,#3959));
#983=EDGE_LOOP('',(#3960,#3961,#3962,#3963));
#984=EDGE_LOOP('',(#3964,#3965,#3966,#3967));
#985=EDGE_LOOP('',(#3968,#3969,#3970,#3971));
#986=EDGE_LOOP('',(#3972,#3973,#3974,#3975));
#987=EDGE_LOOP('',(#3976,#3977,#3978,#3979,#3980,#3981,#3982,#3983));
#988=EDGE_LOOP('',(#3984,#3985,#3986,#3987));
#989=EDGE_LOOP('',(#3988,#3989,#3990,#3991));
#990=EDGE_LOOP('',(#3992,#3993,#3994,#3995));
#991=EDGE_LOOP('',(#3996,#3997,#3998,#3999));
#992=EDGE_LOOP('',(#4000,#4001,#4002,#4003));
#993=EDGE_LOOP('',(#4004,#4005,#4006,#4007));
#994=EDGE_LOOP('',(#4008,#4009,#4010,#4011));
#995=EDGE_LOOP('',(#4012,#4013,#4014,#4015));
#996=EDGE_LOOP('',(#4016,#4017,#4018,#4019));
#997=EDGE_LOOP('',(#4020,#4021,#4022,#4023));
#998=EDGE_LOOP('',(#4024,#4025,#4026,#4027));
#999=EDGE_LOOP('',(#4028,#4029,#4030,#4031));
#1000=EDGE_LOOP('',(#4032,#4033,#4034,#4035,#4036,#4037,#4038,#4039,#4040,
#4041,#4042,#4043));
#1001=EDGE_LOOP('',(#4044,#4045,#4046,#4047));
#1002=EDGE_LOOP('',(#4048,#4049,#4050,#4051));
#1003=EDGE_LOOP('',(#4052,#4053,#4054,#4055));
#1004=EDGE_LOOP('',(#4056,#4057,#4058,#4059));
#1005=EDGE_LOOP('',(#4060,#4061,#4062,#4063));
#1006=EDGE_LOOP('',(#4064,#4065,#4066,#4067));
#1007=EDGE_LOOP('',(#4068,#4069,#4070,#4071));
#1008=EDGE_LOOP('',(#4072,#4073,#4074,#4075));
#1009=EDGE_LOOP('',(#4076,#4077,#4078,#4079));
#1010=EDGE_LOOP('',(#4080,#4081,#4082,#4083));
#1011=EDGE_LOOP('',(#4084,#4085,#4086,#4087));
#1012=EDGE_LOOP('',(#4088,#4089,#4090,#4091));
#1013=EDGE_LOOP('',(#4092,#4093,#4094,#4095,#4096,#4097,#4098,#4099,#4100,
#4101,#4102,#4103));
#1014=EDGE_LOOP('',(#4104,#4105,#4106,#4107,#4108,#4109,#4110,#4111,#4112,
#4113,#4114,#4115,#4116,#4117));
#1015=EDGE_LOOP('',(#4118,#4119,#4120,#4121));
#1016=EDGE_LOOP('',(#4122));
#1017=EDGE_LOOP('',(#4123));
#1018=EDGE_LOOP('',(#4124,#4125,#4126,#4127));
#1019=EDGE_LOOP('',(#4128,#4129,#4130,#4131,#4132,#4133,#4134,#4135,#4136,
#4137,#4138,#4139));
#1020=EDGE_LOOP('',(#4140,#4141,#4142,#4143,#4144,#4145,#4146,#4147,#4148,
#4149,#4150,#4151));
#1021=EDGE_LOOP('',(#4152,#4153,#4154,#4155,#4156,#4157,#4158,#4159));
#1022=EDGE_LOOP('',(#4160,#4161,#4162,#4163,#4164,#4165,#4166,#4167,#4168,
#4169,#4170,#4171,#4172,#4173,#4174,#4175,#4176,#4177,#4178,#4179,#4180,
#4181,#4182,#4183));
#1023=EDGE_LOOP('',(#4184,#4185,#4186,#4187,#4188,#4189,#4190,#4191,#4192,
#4193));
#1024=EDGE_LOOP('',(#4194,#4195,#4196,#4197));
#1025=EDGE_LOOP('',(#4198,#4199,#4200,#4201,#4202,#4203,#4204,#4205,#4206,
#4207,#4208,#4209,#4210,#4211));
#1026=EDGE_LOOP('',(#4212,#4213,#4214,#4215));
#1027=EDGE_LOOP('',(#4216,#4217,#4218,#4219));
#1028=EDGE_LOOP('',(#4220));
#1029=EDGE_LOOP('',(#4221));
#1030=EDGE_LOOP('',(#4222));
#1031=EDGE_LOOP('',(#4223));
#1032=EDGE_LOOP('',(#4224,#4225,#4226,#4227));
#1033=EDGE_LOOP('',(#4228,#4229,#4230,#4231));
#1034=EDGE_LOOP('',(#4232,#4233,#4234,#4235));
#1035=EDGE_LOOP('',(#4236,#4237,#4238,#4239));
#1036=EDGE_LOOP('',(#4240,#4241,#4242,#4243));
#1037=EDGE_LOOP('',(#4244,#4245,#4246,#4247));
#1038=EDGE_LOOP('',(#4248,#4249,#4250,#4251));
#1039=EDGE_LOOP('',(#4252,#4253,#4254,#4255));
#1040=EDGE_LOOP('',(#4256,#4257,#4258,#4259));
#1041=EDGE_LOOP('',(#4260,#4261,#4262,#4263));
#1042=EDGE_LOOP('',(#4264,#4265,#4266,#4267));
#1043=EDGE_LOOP('',(#4268,#4269,#4270,#4271));
#1044=EDGE_LOOP('',(#4272,#4273,#4274,#4275));
#1045=EDGE_LOOP('',(#4276,#4277,#4278,#4279));
#1046=EDGE_LOOP('',(#4280,#4281,#4282,#4283));
#1047=EDGE_LOOP('',(#4284,#4285,#4286,#4287));
#1048=EDGE_LOOP('',(#4288,#4289,#4290,#4291));
#1049=EDGE_LOOP('',(#4292,#4293,#4294,#4295));
#1050=EDGE_LOOP('',(#4296,#4297,#4298,#4299));
#1051=EDGE_LOOP('',(#4300,#4301,#4302,#4303));
#1052=EDGE_LOOP('',(#4304,#4305,#4306,#4307));
#1053=EDGE_LOOP('',(#4308,#4309,#4310,#4311));
#1054=EDGE_LOOP('',(#4312,#4313,#4314,#4315));
#1055=EDGE_LOOP('',(#4316,#4317,#4318,#4319));
#1056=EDGE_LOOP('',(#4320,#4321,#4322,#4323));
#1057=EDGE_LOOP('',(#4324,#4325,#4326,#4327,#4328));
#1058=EDGE_LOOP('',(#4329,#4330,#4331,#4332));
#1059=EDGE_LOOP('',(#4333,#4334,#4335,#4336));
#1060=EDGE_LOOP('',(#4337,#4338,#4339,#4340,#4341));
#1061=EDGE_LOOP('',(#4342,#4343,#4344,#4345));
#1062=EDGE_LOOP('',(#4346,#4347,#4348,#4349));
#1063=EDGE_LOOP('',(#4350,#4351,#4352,#4353));
#1064=EDGE_LOOP('',(#4354,#4355,#4356,#4357));
#1065=EDGE_LOOP('',(#4358,#4359,#4360,#4361,#4362));
#1066=EDGE_LOOP('',(#4363,#4364,#4365,#4366,#4367,#4368,#4369,#4370));
#1067=EDGE_LOOP('',(#4371,#4372,#4373,#4374,#4375));
#1068=EDGE_LOOP('',(#4376,#4377,#4378,#4379));
#1069=EDGE_LOOP('',(#4380,#4381,#4382,#4383));
#1070=EDGE_LOOP('',(#4384,#4385,#4386,#4387));
#1071=EDGE_LOOP('',(#4388,#4389,#4390,#4391));
#1072=EDGE_LOOP('',(#4392,#4393,#4394,#4395));
#1073=EDGE_LOOP('',(#4396,#4397,#4398,#4399));
#1074=EDGE_LOOP('',(#4400,#4401,#4402));
#1075=EDGE_LOOP('',(#4403,#4404,#4405,#4406));
#1076=EDGE_LOOP('',(#4407,#4408,#4409,#4410));
#1077=EDGE_LOOP('',(#4411,#4412,#4413,#4414));
#1078=EDGE_LOOP('',(#4415,#4416,#4417));
#1079=EDGE_LOOP('',(#4418,#4419,#4420,#4421));
#1080=EDGE_LOOP('',(#4422,#4423,#4424,#4425));
#1081=EDGE_LOOP('',(#4426,#4427,#4428,#4429));
#1082=EDGE_LOOP('',(#4430,#4431,#4432,#4433));
#1083=EDGE_LOOP('',(#4434,#4435,#4436,#4437));
#1084=EDGE_LOOP('',(#4438,#4439,#4440,#4441));
#1085=EDGE_LOOP('',(#4442,#4443,#4444,#4445));
#1086=EDGE_LOOP('',(#4446,#4447,#4448,#4449));
#1087=EDGE_LOOP('',(#4450,#4451,#4452,#4453,#4454,#4455,#4456,#4457,#4458));
#1088=EDGE_LOOP('',(#4459,#4460,#4461,#4462));
#1089=EDGE_LOOP('',(#4463,#4464,#4465,#4466));
#1090=EDGE_LOOP('',(#4467,#4468,#4469,#4470));
#1091=EDGE_LOOP('',(#4471,#4472,#4473,#4474));
#1092=EDGE_LOOP('',(#4475,#4476,#4477,#4478));
#1093=EDGE_LOOP('',(#4479,#4480,#4481));
#1094=EDGE_LOOP('',(#4482,#4483,#4484,#4485));
#1095=EDGE_LOOP('',(#4486,#4487,#4488,#4489));
#1096=EDGE_LOOP('',(#4490,#4491,#4492,#4493));
#1097=EDGE_LOOP('',(#4494,#4495,#4496,#4497));
#1098=EDGE_LOOP('',(#4498,#4499,#4500,#4501));
#1099=EDGE_LOOP('',(#4502,#4503,#4504,#4505));
#1100=EDGE_LOOP('',(#4506,#4507,#4508,#4509));
#1101=EDGE_LOOP('',(#4510,#4511,#4512));
#1102=EDGE_LOOP('',(#4513,#4514,#4515,#4516,#4517));
#1103=EDGE_LOOP('',(#4518,#4519,#4520,#4521));
#1104=EDGE_LOOP('',(#4522,#4523,#4524,#4525));
#1105=EDGE_LOOP('',(#4526));
#1106=EDGE_LOOP('',(#4527));
#1107=EDGE_LOOP('',(#4528,#4529,#4530,#4531));
#1108=EDGE_LOOP('',(#4532));
#1109=EDGE_LOOP('',(#4533));
#1110=EDGE_LOOP('',(#4534,#4535,#4536,#4537,#4538,#4539,#4540,#4541));
#1111=EDGE_LOOP('',(#4542,#4543,#4544,#4545));
#1112=EDGE_LOOP('',(#4546,#4547,#4548,#4549));
#1113=EDGE_LOOP('',(#4550,#4551,#4552,#4553));
#1114=EDGE_LOOP('',(#4554,#4555,#4556,#4557));
#1115=EDGE_LOOP('',(#4558,#4559,#4560,#4561));
#1116=EDGE_LOOP('',(#4562,#4563,#4564,#4565));
#1117=EDGE_LOOP('',(#4566,#4567,#4568,#4569));
#1118=EDGE_LOOP('',(#4570));
#1119=EDGE_LOOP('',(#4571));
#1120=EDGE_LOOP('',(#4572,#4573,#4574,#4575));
#1121=EDGE_LOOP('',(#4576));
#1122=EDGE_LOOP('',(#4577));
#1123=EDGE_LOOP('',(#4578,#4579,#4580,#4581,#4582));
#1124=EDGE_LOOP('',(#4583,#4584,#4585,#4586));
#1125=EDGE_LOOP('',(#4587,#4588,#4589,#4590));
#1126=EDGE_LOOP('',(#4591,#4592,#4593,#4594));
#1127=EDGE_LOOP('',(#4595,#4596,#4597,#4598));
#1128=EDGE_LOOP('',(#4599,#4600,#4601,#4602));
#1129=EDGE_LOOP('',(#4603,#4604,#4605,#4606));
#1130=EDGE_LOOP('',(#4607,#4608,#4609,#4610));
#1131=EDGE_LOOP('',(#4611,#4612,#4613,#4614));
#1132=EDGE_LOOP('',(#4615,#4616,#4617,#4618));
#1133=EDGE_LOOP('',(#4619,#4620,#4621,#4622));
#1134=EDGE_LOOP('',(#4623,#4624,#4625,#4626));
#1135=EDGE_LOOP('',(#4627,#4628,#4629,#4630));
#1136=EDGE_LOOP('',(#4631,#4632,#4633,#4634,#4635,#4636,#4637,#4638,#4639,
#4640,#4641,#4642));
#1137=EDGE_LOOP('',(#4643,#4644,#4645,#4646));
#1138=EDGE_LOOP('',(#4647,#4648,#4649,#4650));
#1139=EDGE_LOOP('',(#4651,#4652,#4653,#4654));
#1140=EDGE_LOOP('',(#4655,#4656,#4657,#4658));
#1141=EDGE_LOOP('',(#4659,#4660,#4661,#4662));
#1142=EDGE_LOOP('',(#4663,#4664,#4665,#4666));
#1143=EDGE_LOOP('',(#4667,#4668,#4669,#4670));
#1144=EDGE_LOOP('',(#4671,#4672,#4673,#4674));
#1145=EDGE_LOOP('',(#4675,#4676,#4677,#4678));
#1146=EDGE_LOOP('',(#4679,#4680,#4681,#4682));
#1147=EDGE_LOOP('',(#4683,#4684,#4685,#4686));
#1148=EDGE_LOOP('',(#4687,#4688,#4689,#4690));
#1149=EDGE_LOOP('',(#4691,#4692,#4693,#4694,#4695,#4696,#4697,#4698,#4699,
#4700,#4701,#4702));
#1150=EDGE_LOOP('',(#4703,#4704,#4705,#4706));
#1151=EDGE_LOOP('',(#4707,#4708,#4709,#4710));
#1152=EDGE_LOOP('',(#4711,#4712,#4713,#4714));
#1153=EDGE_LOOP('',(#4715,#4716,#4717,#4718));
#1154=EDGE_LOOP('',(#4719,#4720,#4721,#4722));
#1155=EDGE_LOOP('',(#4723,#4724,#4725,#4726));
#1156=EDGE_LOOP('',(#4727,#4728,#4729,#4730));
#1157=EDGE_LOOP('',(#4731,#4732,#4733,#4734));
#1158=EDGE_LOOP('',(#4735,#4736,#4737,#4738,#4739,#4740,#4741,#4742));
#1159=EDGE_LOOP('',(#4743,#4744,#4745,#4746));
#1160=EDGE_LOOP('',(#4747,#4748,#4749,#4750));
#1161=EDGE_LOOP('',(#4751,#4752,#4753,#4754));
#1162=EDGE_LOOP('',(#4755,#4756,#4757,#4758));
#1163=EDGE_LOOP('',(#4759,#4760,#4761,#4762));
#1164=EDGE_LOOP('',(#4763,#4764,#4765,#4766));
#1165=EDGE_LOOP('',(#4767,#4768,#4769,#4770));
#1166=EDGE_LOOP('',(#4771,#4772,#4773,#4774));
#1167=EDGE_LOOP('',(#4775,#4776,#4777,#4778));
#1168=EDGE_LOOP('',(#4779,#4780,#4781,#4782));
#1169=EDGE_LOOP('',(#4783,#4784,#4785,#4786));
#1170=EDGE_LOOP('',(#4787,#4788,#4789,#4790));
#1171=EDGE_LOOP('',(#4791,#4792,#4793,#4794));
#1172=EDGE_LOOP('',(#4795,#4796,#4797,#4798));
#1173=EDGE_LOOP('',(#4799,#4800,#4801,#4802));
#1174=EDGE_LOOP('',(#4803,#4804,#4805,#4806));
#1175=EDGE_LOOP('',(#4807,#4808,#4809,#4810));
#1176=EDGE_LOOP('',(#4811,#4812,#4813,#4814));
#1177=EDGE_LOOP('',(#4815,#4816,#4817,#4818));
#1178=EDGE_LOOP('',(#4819,#4820,#4821,#4822));
#1179=EDGE_LOOP('',(#4823,#4824,#4825,#4826));
#1180=EDGE_LOOP('',(#4827,#4828,#4829,#4830));
#1181=EDGE_LOOP('',(#4831,#4832,#4833,#4834));
#1182=EDGE_LOOP('',(#4835,#4836,#4837,#4838));
#1183=EDGE_LOOP('',(#4839,#4840,#4841,#4842,#4843,#4844,#4845,#4846,#4847,
#4848,#4849,#4850,#4851,#4852,#4853,#4854,#4855,#4856,#4857,#4858,#4859,
#4860,#4861,#4862));
#1184=EDGE_LOOP('',(#4863,#4864,#4865,#4866));
#1185=EDGE_LOOP('',(#4867,#4868,#4869,#4870));
#1186=EDGE_LOOP('',(#4871,#4872,#4873,#4874));
#1187=EDGE_LOOP('',(#4875,#4876,#4877,#4878));
#1188=EDGE_LOOP('',(#4879,#4880,#4881,#4882));
#1189=EDGE_LOOP('',(#4883,#4884,#4885,#4886));
#1190=EDGE_LOOP('',(#4887,#4888,#4889,#4890));
#1191=EDGE_LOOP('',(#4891,#4892,#4893,#4894));
#1192=EDGE_LOOP('',(#4895,#4896,#4897,#4898));
#1193=EDGE_LOOP('',(#4899,#4900,#4901,#4902));
#1194=EDGE_LOOP('',(#4903,#4904,#4905,#4906));
#1195=EDGE_LOOP('',(#4907,#4908,#4909,#4910));
#1196=EDGE_LOOP('',(#4911,#4912,#4913,#4914));
#1197=EDGE_LOOP('',(#4915,#4916,#4917,#4918));
#1198=EDGE_LOOP('',(#4919,#4920,#4921,#4922));
#1199=EDGE_LOOP('',(#4923,#4924,#4925,#4926));
#1200=EDGE_LOOP('',(#4927,#4928,#4929,#4930));
#1201=EDGE_LOOP('',(#4931,#4932,#4933,#4934));
#1202=EDGE_LOOP('',(#4935,#4936,#4937,#4938));
#1203=EDGE_LOOP('',(#4939,#4940,#4941,#4942,#4943,#4944,#4945,#4946,#4947,
#4948));
#1204=EDGE_LOOP('',(#4949,#4950,#4951,#4952,#4953,#4954,#4955,#4956,#4957));
#1205=EDGE_LOOP('',(#4958,#4959,#4960,#4961,#4962,#4963,#4964,#4965,#4966,
#4967,#4968,#4969,#4970,#4971));
#1206=EDGE_LOOP('',(#4972,#4973,#4974,#4975));
#1207=EDGE_LOOP('',(#4976));
#1208=EDGE_LOOP('',(#4977));
#1209=EDGE_LOOP('',(#4978,#4979,#4980,#4981));
#1210=EDGE_LOOP('',(#4982,#4983,#4984,#4985,#4986,#4987,#4988,#4989,#4990,
#4991));
#1211=EDGE_LOOP('',(#4992,#4993,#4994,#4995,#4996,#4997,#4998,#4999,#5000,
#5001,#5002,#5003,#5004,#5005,#5006,#5007,#5008,#5009,#5010,#5011,#5012,
#5013,#5014,#5015));
#1212=EDGE_LOOP('',(#5016,#5017,#5018,#5019,#5020,#5021,#5022,#5023));
#1213=EDGE_LOOP('',(#5024,#5025,#5026,#5027,#5028,#5029,#5030,#5031,#5032,
#5033,#5034,#5035));
#1214=EDGE_LOOP('',(#5036,#5037,#5038,#5039,#5040,#5041,#5042,#5043,#5044,
#5045,#5046,#5047));
#1215=EDGE_LOOP('',(#5048,#5049,#5050,#5051));
#1216=EDGE_LOOP('',(#5052,#5053,#5054,#5055,#5056,#5057,#5058,#5059,#5060,
#5061,#5062,#5063,#5064,#5065));
#1217=EDGE_LOOP('',(#5066,#5067,#5068,#5069));
#1218=EDGE_LOOP('',(#5070,#5071,#5072,#5073));
#1219=EDGE_LOOP('',(#5074));
#1220=EDGE_LOOP('',(#5075));
#1221=EDGE_LOOP('',(#5076));
#1222=EDGE_LOOP('',(#5077));
#1223=EDGE_LOOP('',(#5078,#5079,#5080,#5081));
#1224=EDGE_LOOP('',(#5082,#5083,#5084,#5085));
#1225=EDGE_LOOP('',(#5086,#5087,#5088,#5089));
#1226=EDGE_LOOP('',(#5090,#5091,#5092,#5093));
#1227=EDGE_LOOP('',(#5094,#5095,#5096,#5097));
#1228=EDGE_LOOP('',(#5098,#5099,#5100,#5101));
#1229=EDGE_LOOP('',(#5102,#5103,#5104,#5105));
#1230=EDGE_LOOP('',(#5106,#5107,#5108,#5109));
#1231=EDGE_LOOP('',(#5110,#5111,#5112,#5113));
#1232=EDGE_LOOP('',(#5114,#5115,#5116,#5117));
#1233=EDGE_LOOP('',(#5118,#5119,#5120,#5121));
#1234=EDGE_LOOP('',(#5122,#5123,#5124,#5125));
#1235=EDGE_LOOP('',(#5126,#5127,#5128,#5129));
#1236=EDGE_LOOP('',(#5130,#5131,#5132,#5133));
#1237=EDGE_LOOP('',(#5134,#5135,#5136,#5137));
#1238=EDGE_LOOP('',(#5138,#5139,#5140,#5141));
#1239=EDGE_LOOP('',(#5142,#5143,#5144,#5145));
#1240=EDGE_LOOP('',(#5146,#5147,#5148,#5149));
#1241=EDGE_LOOP('',(#5150,#5151,#5152,#5153));
#1242=EDGE_LOOP('',(#5154,#5155,#5156,#5157));
#1243=EDGE_LOOP('',(#5158,#5159,#5160,#5161));
#1244=EDGE_LOOP('',(#5162,#5163,#5164,#5165));
#1245=EDGE_LOOP('',(#5166,#5167,#5168,#5169));
#1246=EDGE_LOOP('',(#5170,#5171,#5172,#5173));
#1247=EDGE_LOOP('',(#5174,#5175,#5176,#5177));
#1248=EDGE_LOOP('',(#5178,#5179,#5180,#5181,#5182));
#1249=EDGE_LOOP('',(#5183,#5184,#5185,#5186));
#1250=EDGE_LOOP('',(#5187,#5188,#5189,#5190));
#1251=EDGE_LOOP('',(#5191,#5192,#5193,#5194,#5195));
#1252=EDGE_LOOP('',(#5196,#5197,#5198,#5199));
#1253=EDGE_LOOP('',(#5200,#5201,#5202,#5203));
#1254=EDGE_LOOP('',(#5204,#5205,#5206,#5207));
#1255=EDGE_LOOP('',(#5208,#5209,#5210,#5211));
#1256=EDGE_LOOP('',(#5212,#5213,#5214,#5215,#5216));
#1257=EDGE_LOOP('',(#5217,#5218,#5219,#5220,#5221,#5222,#5223,#5224));
#1258=EDGE_LOOP('',(#5225,#5226,#5227,#5228,#5229));
#1259=EDGE_LOOP('',(#5230,#5231,#5232,#5233));
#1260=EDGE_LOOP('',(#5234,#5235,#5236,#5237));
#1261=EDGE_LOOP('',(#5238,#5239,#5240,#5241));
#1262=EDGE_LOOP('',(#5242,#5243,#5244,#5245));
#1263=EDGE_LOOP('',(#5246,#5247,#5248,#5249));
#1264=EDGE_LOOP('',(#5250,#5251,#5252,#5253));
#1265=EDGE_LOOP('',(#5254,#5255,#5256));
#1266=EDGE_LOOP('',(#5257,#5258,#5259,#5260));
#1267=EDGE_LOOP('',(#5261,#5262,#5263,#5264));
#1268=EDGE_LOOP('',(#5265,#5266,#5267,#5268));
#1269=EDGE_LOOP('',(#5269,#5270,#5271));
#1270=EDGE_LOOP('',(#5272,#5273,#5274,#5275));
#1271=EDGE_LOOP('',(#5276,#5277,#5278,#5279));
#1272=EDGE_LOOP('',(#5280,#5281,#5282,#5283));
#1273=EDGE_LOOP('',(#5284,#5285,#5286,#5287));
#1274=EDGE_LOOP('',(#5288,#5289,#5290,#5291));
#1275=EDGE_LOOP('',(#5292,#5293,#5294,#5295));
#1276=EDGE_LOOP('',(#5296,#5297,#5298,#5299));
#1277=EDGE_LOOP('',(#5300,#5301,#5302,#5303));
#1278=EDGE_LOOP('',(#5304,#5305,#5306,#5307,#5308,#5309,#5310,#5311,#5312));
#1279=EDGE_LOOP('',(#5313,#5314,#5315,#5316));
#1280=EDGE_LOOP('',(#5317,#5318,#5319,#5320));
#1281=EDGE_LOOP('',(#5321,#5322,#5323,#5324));
#1282=EDGE_LOOP('',(#5325,#5326,#5327,#5328));
#1283=EDGE_LOOP('',(#5329,#5330,#5331,#5332));
#1284=EDGE_LOOP('',(#5333,#5334,#5335));
#1285=EDGE_LOOP('',(#5336,#5337,#5338,#5339));
#1286=EDGE_LOOP('',(#5340,#5341,#5342,#5343));
#1287=EDGE_LOOP('',(#5344,#5345,#5346,#5347));
#1288=EDGE_LOOP('',(#5348,#5349,#5350,#5351));
#1289=EDGE_LOOP('',(#5352,#5353,#5354,#5355));
#1290=EDGE_LOOP('',(#5356,#5357,#5358,#5359));
#1291=EDGE_LOOP('',(#5360,#5361,#5362,#5363));
#1292=EDGE_LOOP('',(#5364,#5365,#5366));
#1293=EDGE_LOOP('',(#5367,#5368,#5369,#5370,#5371));
#1294=EDGE_LOOP('',(#5372,#5373,#5374,#5375));
#1295=EDGE_LOOP('',(#5376,#5377,#5378,#5379));
#1296=EDGE_LOOP('',(#5380));
#1297=EDGE_LOOP('',(#5381));
#1298=EDGE_LOOP('',(#5382,#5383,#5384,#5385));
#1299=EDGE_LOOP('',(#5386));
#1300=EDGE_LOOP('',(#5387));
#1301=EDGE_LOOP('',(#5388,#5389,#5390,#5391,#5392,#5393,#5394,#5395));
#1302=EDGE_LOOP('',(#5396,#5397,#5398,#5399));
#1303=EDGE_LOOP('',(#5400,#5401,#5402,#5403));
#1304=EDGE_LOOP('',(#5404,#5405,#5406,#5407));
#1305=EDGE_LOOP('',(#5408,#5409,#5410,#5411));
#1306=EDGE_LOOP('',(#5412,#5413,#5414,#5415));
#1307=EDGE_LOOP('',(#5416,#5417,#5418,#5419));
#1308=EDGE_LOOP('',(#5420,#5421,#5422,#5423));
#1309=EDGE_LOOP('',(#5424));
#1310=EDGE_LOOP('',(#5425));
#1311=EDGE_LOOP('',(#5426,#5427,#5428,#5429));
#1312=EDGE_LOOP('',(#5430));
#1313=EDGE_LOOP('',(#5431));
#1314=EDGE_LOOP('',(#5432,#5433,#5434,#5435,#5436));
#1315=LINE('',#7842,#1829);
#1316=LINE('',#7844,#1830);
#1317=LINE('',#7846,#1831);
#1318=LINE('',#7847,#1832);
#1319=LINE('',#7850,#1833);
#1320=LINE('',#7852,#1834);
#1321=LINE('',#7853,#1835);
#1322=LINE('',#7865,#1836);
#1323=LINE('',#7880,#1837);
#1324=LINE('',#7886,#1838);
#1325=LINE('',#7888,#1839);
#1326=LINE('',#7889,#1840);
#1327=LINE('',#7901,#1841);
#1328=LINE('',#7916,#1842);
#1329=LINE('',#7931,#1843);
#1330=LINE('',#7936,#1844);
#1331=LINE('',#7937,#1845);
#1332=LINE('',#7941,#1846);
#1333=LINE('',#7943,#1847);
#1334=LINE('',#7945,#1848);
#1335=LINE('',#7946,#1849);
#1336=LINE('',#7958,#1850);
#1337=LINE('',#7973,#1851);
#1338=LINE('',#7988,#1852);
#1339=LINE('',#7994,#1853);
#1340=LINE('',#7996,#1854);
#1341=LINE('',#7997,#1855);
#1342=LINE('',#8009,#1856);
#1343=LINE('',#8024,#1857);
#1344=LINE('',#8039,#1858);
#1345=LINE('',#8045,#1859);
#1346=LINE('',#8047,#1860);
#1347=LINE('',#8048,#1861);
#1348=LINE('',#8050,#1862);
#1349=LINE('',#8051,#1863);
#1350=LINE('',#8056,#1864);
#1351=LINE('',#8058,#1865);
#1352=LINE('',#8060,#1866);
#1353=LINE('',#8061,#1867);
#1354=LINE('',#8064,#1868);
#1355=LINE('',#8066,#1869);
#1356=LINE('',#8067,#1870);
#1357=LINE('',#8070,#1871);
#1358=LINE('',#8072,#1872);
#1359=LINE('',#8073,#1873);
#1360=LINE('',#8076,#1874);
#1361=LINE('',#8078,#1875);
#1362=LINE('',#8079,#1876);
#1363=LINE('',#8091,#1877);
#1364=LINE('',#8106,#1878);
#1365=LINE('',#8121,#1879);
#1366=LINE('',#8136,#1880);
#1367=LINE('',#8151,#1881);
#1368=LINE('',#8157,#1882);
#1369=LINE('',#8159,#1883);
#1370=LINE('',#8160,#1884);
#1371=LINE('',#8172,#1885);
#1372=LINE('',#8187,#1886);
#1373=LINE('',#8202,#1887);
#1374=LINE('',#8208,#1888);
#1375=LINE('',#8210,#1889);
#1376=LINE('',#8211,#1890);
#1377=LINE('',#8223,#1891);
#1378=LINE('',#8238,#1892);
#1379=LINE('',#8253,#1893);
#1380=LINE('',#8259,#1894);
#1381=LINE('',#8261,#1895);
#1382=LINE('',#8262,#1896);
#1383=LINE('',#8274,#1897);
#1384=LINE('',#8289,#1898);
#1385=LINE('',#8304,#1899);
#1386=LINE('',#8319,#1900);
#1387=LINE('',#8334,#1901);
#1388=LINE('',#8339,#1902);
#1389=LINE('',#8340,#1903);
#1390=LINE('',#8345,#1904);
#1391=LINE('',#8347,#1905);
#1392=LINE('',#8349,#1906);
#1393=LINE('',#8350,#1907);
#1394=LINE('',#8353,#1908);
#1395=LINE('',#8355,#1909);
#1396=LINE('',#8356,#1910);
#1397=LINE('',#8359,#1911);
#1398=LINE('',#8361,#1912);
#1399=LINE('',#8362,#1913);
#1400=LINE('',#8365,#1914);
#1401=LINE('',#8367,#1915);
#1402=LINE('',#8368,#1916);
#1403=LINE('',#8371,#1917);
#1404=LINE('',#8373,#1918);
#1405=LINE('',#8374,#1919);
#1406=LINE('',#8377,#1920);
#1407=LINE('',#8379,#1921);
#1408=LINE('',#8380,#1922);
#1409=LINE('',#8383,#1923);
#1410=LINE('',#8385,#1924);
#1411=LINE('',#8386,#1925);
#1412=LINE('',#8388,#1926);
#1413=LINE('',#8389,#1927);
#1414=LINE('',#8394,#1928);
#1415=LINE('',#8396,#1929);
#1416=LINE('',#8398,#1930);
#1417=LINE('',#8399,#1931);
#1418=LINE('',#8402,#1932);
#1419=LINE('',#8404,#1933);
#1420=LINE('',#8405,#1934);
#1421=LINE('',#8408,#1935);
#1422=LINE('',#8410,#1936);
#1423=LINE('',#8411,#1937);
#1424=LINE('',#8414,#1938);
#1425=LINE('',#8416,#1939);
#1426=LINE('',#8417,#1940);
#1427=LINE('',#8420,#1941);
#1428=LINE('',#8422,#1942);
#1429=LINE('',#8423,#1943);
#1430=LINE('',#8426,#1944);
#1431=LINE('',#8428,#1945);
#1432=LINE('',#8429,#1946);
#1433=LINE('',#8432,#1947);
#1434=LINE('',#8434,#1948);
#1435=LINE('',#8435,#1949);
#1436=LINE('',#8438,#1950);
#1437=LINE('',#8440,#1951);
#1438=LINE('',#8441,#1952);
#1439=LINE('',#8444,#1953);
#1440=LINE('',#8446,#1954);
#1441=LINE('',#8447,#1955);
#1442=LINE('',#8450,#1956);
#1443=LINE('',#8452,#1957);
#1444=LINE('',#8453,#1958);
#1445=LINE('',#8456,#1959);
#1446=LINE('',#8458,#1960);
#1447=LINE('',#8459,#1961);
#1448=LINE('',#8461,#1962);
#1449=LINE('',#8462,#1963);
#1450=LINE('',#8467,#1964);
#1451=LINE('',#8469,#1965);
#1452=LINE('',#8471,#1966);
#1453=LINE('',#8472,#1967);
#1454=LINE('',#8475,#1968);
#1455=LINE('',#8477,#1969);
#1456=LINE('',#8478,#1970);
#1457=LINE('',#8481,#1971);
#1458=LINE('',#8483,#1972);
#1459=LINE('',#8484,#1973);
#1460=LINE('',#8496,#1974);
#1461=LINE('',#8511,#1975);
#1462=LINE('',#8526,#1976);
#1463=LINE('',#8541,#1977);
#1464=LINE('',#8547,#1978);
#1465=LINE('',#8549,#1979);
#1466=LINE('',#8550,#1980);
#1467=LINE('',#8553,#1981);
#1468=LINE('',#8555,#1982);
#1469=LINE('',#8556,#1983);
#1470=LINE('',#8559,#1984);
#1471=LINE('',#8561,#1985);
#1472=LINE('',#8562,#1986);
#1473=LINE('',#8574,#1987);
#1474=LINE('',#8594,#1988);
#1475=LINE('',#8598,#1989);
#1476=LINE('',#8604,#1990);
#1477=LINE('',#8610,#1991);
#1478=LINE('',#8614,#1992);
#1479=LINE('',#8618,#1993);
#1480=LINE('',#8622,#1994);
#1481=LINE('',#8626,#1995);
#1482=LINE('',#8636,#1996);
#1483=LINE('',#8639,#1997);
#1484=LINE('',#8644,#1998);
#1485=LINE('',#8651,#1999);
#1486=LINE('',#8657,#2000);
#1487=LINE('',#8661,#2001);
#1488=LINE('',#8665,#2002);
#1489=LINE('',#8669,#2003);
#1490=LINE('',#8673,#2004);
#1491=LINE('',#8679,#2005);
#1492=LINE('',#8682,#2006);
#1493=LINE('',#8687,#2007);
#1494=LINE('',#8690,#2008);
#1495=LINE('',#8699,#2009);
#1496=LINE('',#8703,#2010);
#1497=LINE('',#8706,#2011);
#1498=LINE('',#8709,#2012);
#1499=LINE('',#8710,#2013);
#1500=LINE('',#8713,#2014);
#1501=LINE('',#8714,#2015);
#1502=LINE('',#8719,#2016);
#1503=LINE('',#8721,#2017);
#1504=LINE('',#8722,#2018);
#1505=LINE('',#8725,#2019);
#1506=LINE('',#8730,#2020);
#1507=LINE('',#8733,#2021);
#1508=LINE('',#8737,#2022);
#1509=LINE('',#8740,#2023);
#1510=LINE('',#8743,#2024);
#1511=LINE('',#8744,#2025);
#1512=LINE('',#8747,#2026);
#1513=LINE('',#8748,#2027);
#1514=LINE('',#8753,#2028);
#1515=LINE('',#8755,#2029);
#1516=LINE('',#8756,#2030);
#1517=LINE('',#8759,#2031);
#1518=LINE('',#8764,#2032);
#1519=LINE('',#8767,#2033);
#1520=LINE('',#8772,#2034);
#1521=LINE('',#8775,#2035);
#1522=LINE('',#8779,#2036);
#1523=LINE('',#8782,#2037);
#1524=LINE('',#8785,#2038);
#1525=LINE('',#8786,#2039);
#1526=LINE('',#8789,#2040);
#1527=LINE('',#8794,#2041);
#1528=LINE('',#8797,#2042);
#1529=LINE('',#8798,#2043);
#1530=LINE('',#8801,#2044);
#1531=LINE('',#8805,#2045);
#1532=LINE('',#8811,#2046);
#1533=LINE('',#8812,#2047);
#1534=LINE('',#8815,#2048);
#1535=LINE('',#8816,#2049);
#1536=LINE('',#8822,#2050);
#1537=LINE('',#8825,#2051);
#1538=LINE('',#8829,#2052);
#1539=LINE('',#8830,#2053);
#1540=LINE('',#8833,#2054);
#1541=LINE('',#8834,#2055);
#1542=LINE('',#8839,#2056);
#1543=LINE('',#8850,#2057);
#1544=LINE('',#8851,#2058);
#1545=LINE('',#8855,#2059);
#1546=LINE('',#8857,#2060);
#1547=LINE('',#8861,#2061);
#1548=LINE('',#8863,#2062);
#1549=LINE('',#8874,#2063);
#1550=LINE('',#8878,#2064);
#1551=LINE('',#8882,#2065);
#1552=LINE('',#8883,#2066);
#1553=LINE('',#8886,#2067);
#1554=LINE('',#8897,#2068);
#1555=LINE('',#9000,#2069);
#1556=LINE('',#9111,#2070);
#1557=LINE('',#9113,#2071);
#1558=LINE('',#9115,#2072);
#1559=LINE('',#9124,#2073);
#1560=LINE('',#9135,#2074);
#1561=LINE('',#9140,#2075);
#1562=LINE('',#9191,#2076);
#1563=LINE('',#9330,#2077);
#1564=LINE('',#9331,#2078);
#1565=LINE('',#9350,#2079);
#1566=LINE('',#9351,#2080);
#1567=LINE('',#9354,#2081);
#1568=LINE('',#9356,#2082);
#1569=LINE('',#9360,#2083);
#1570=LINE('',#9365,#2084);
#1571=LINE('',#9370,#2085);
#1572=LINE('',#9376,#2086);
#1573=LINE('',#9378,#2087);
#1574=LINE('',#9380,#2088);
#1575=LINE('',#9381,#2089);
#1576=LINE('',#9384,#2090);
#1577=LINE('',#9386,#2091);
#1578=LINE('',#9387,#2092);
#1579=LINE('',#9390,#2093);
#1580=LINE('',#9392,#2094);
#1581=LINE('',#9393,#2095);
#1582=LINE('',#9405,#2096);
#1583=LINE('',#9420,#2097);
#1584=LINE('',#9435,#2098);
#1585=LINE('',#9450,#2099);
#1586=LINE('',#9456,#2100);
#1587=LINE('',#9458,#2101);
#1588=LINE('',#9459,#2102);
#1589=LINE('',#9462,#2103);
#1590=LINE('',#9464,#2104);
#1591=LINE('',#9465,#2105);
#1592=LINE('',#9468,#2106);
#1593=LINE('',#9470,#2107);
#1594=LINE('',#9471,#2108);
#1595=LINE('',#9483,#2109);
#1596=LINE('',#9503,#2110);
#1597=LINE('',#9505,#2111);
#1598=LINE('',#9507,#2112);
#1599=LINE('',#9508,#2113);
#1600=LINE('',#9511,#2114);
#1601=LINE('',#9513,#2115);
#1602=LINE('',#9514,#2116);
#1603=LINE('',#9517,#2117);
#1604=LINE('',#9519,#2118);
#1605=LINE('',#9520,#2119);
#1606=LINE('',#9523,#2120);
#1607=LINE('',#9525,#2121);
#1608=LINE('',#9526,#2122);
#1609=LINE('',#9529,#2123);
#1610=LINE('',#9531,#2124);
#1611=LINE('',#9532,#2125);
#1612=LINE('',#9535,#2126);
#1613=LINE('',#9537,#2127);
#1614=LINE('',#9538,#2128);
#1615=LINE('',#9541,#2129);
#1616=LINE('',#9543,#2130);
#1617=LINE('',#9544,#2131);
#1618=LINE('',#9547,#2132);
#1619=LINE('',#9549,#2133);
#1620=LINE('',#9550,#2134);
#1621=LINE('',#9553,#2135);
#1622=LINE('',#9555,#2136);
#1623=LINE('',#9556,#2137);
#1624=LINE('',#9559,#2138);
#1625=LINE('',#9561,#2139);
#1626=LINE('',#9562,#2140);
#1627=LINE('',#9565,#2141);
#1628=LINE('',#9567,#2142);
#1629=LINE('',#9568,#2143);
#1630=LINE('',#9570,#2144);
#1631=LINE('',#9571,#2145);
#1632=LINE('',#9576,#2146);
#1633=LINE('',#9578,#2147);
#1634=LINE('',#9580,#2148);
#1635=LINE('',#9581,#2149);
#1636=LINE('',#9584,#2150);
#1637=LINE('',#9586,#2151);
#1638=LINE('',#9587,#2152);
#1639=LINE('',#9590,#2153);
#1640=LINE('',#9592,#2154);
#1641=LINE('',#9593,#2155);
#1642=LINE('',#9596,#2156);
#1643=LINE('',#9598,#2157);
#1644=LINE('',#9599,#2158);
#1645=LINE('',#9602,#2159);
#1646=LINE('',#9604,#2160);
#1647=LINE('',#9605,#2161);
#1648=LINE('',#9608,#2162);
#1649=LINE('',#9610,#2163);
#1650=LINE('',#9611,#2164);
#1651=LINE('',#9614,#2165);
#1652=LINE('',#9616,#2166);
#1653=LINE('',#9617,#2167);
#1654=LINE('',#9619,#2168);
#1655=LINE('',#9620,#2169);
#1656=LINE('',#9625,#2170);
#1657=LINE('',#9627,#2171);
#1658=LINE('',#9629,#2172);
#1659=LINE('',#9630,#2173);
#1660=LINE('',#9633,#2174);
#1661=LINE('',#9635,#2175);
#1662=LINE('',#9636,#2176);
#1663=LINE('',#9639,#2177);
#1664=LINE('',#9641,#2178);
#1665=LINE('',#9642,#2179);
#1666=LINE('',#9645,#2180);
#1667=LINE('',#9647,#2181);
#1668=LINE('',#9648,#2182);
#1669=LINE('',#9660,#2183);
#1670=LINE('',#9675,#2184);
#1671=LINE('',#9690,#2185);
#1672=LINE('',#9705,#2186);
#1673=LINE('',#9720,#2187);
#1674=LINE('',#9726,#2188);
#1675=LINE('',#9728,#2189);
#1676=LINE('',#9729,#2190);
#1677=LINE('',#9741,#2191);
#1678=LINE('',#9756,#2192);
#1679=LINE('',#9771,#2193);
#1680=LINE('',#9777,#2194);
#1681=LINE('',#9779,#2195);
#1682=LINE('',#9780,#2196);
#1683=LINE('',#9792,#2197);
#1684=LINE('',#9807,#2198);
#1685=LINE('',#9822,#2199);
#1686=LINE('',#9828,#2200);
#1687=LINE('',#9830,#2201);
#1688=LINE('',#9831,#2202);
#1689=LINE('',#9843,#2203);
#1690=LINE('',#9858,#2204);
#1691=LINE('',#9873,#2205);
#1692=LINE('',#9888,#2206);
#1693=LINE('',#9903,#2207);
#1694=LINE('',#9908,#2208);
#1695=LINE('',#9909,#2209);
#1696=LINE('',#9914,#2210);
#1697=LINE('',#9916,#2211);
#1698=LINE('',#9918,#2212);
#1699=LINE('',#9919,#2213);
#1700=LINE('',#9922,#2214);
#1701=LINE('',#9924,#2215);
#1702=LINE('',#9925,#2216);
#1703=LINE('',#9937,#2217);
#1704=LINE('',#9952,#2218);
#1705=LINE('',#9958,#2219);
#1706=LINE('',#9960,#2220);
#1707=LINE('',#9961,#2221);
#1708=LINE('',#9973,#2222);
#1709=LINE('',#9988,#2223);
#1710=LINE('',#10003,#2224);
#1711=LINE('',#10008,#2225);
#1712=LINE('',#10009,#2226);
#1713=LINE('',#10013,#2227);
#1714=LINE('',#10015,#2228);
#1715=LINE('',#10017,#2229);
#1716=LINE('',#10018,#2230);
#1717=LINE('',#10030,#2231);
#1718=LINE('',#10045,#2232);
#1719=LINE('',#10060,#2233);
#1720=LINE('',#10066,#2234);
#1721=LINE('',#10068,#2235);
#1722=LINE('',#10069,#2236);
#1723=LINE('',#10081,#2237);
#1724=LINE('',#10096,#2238);
#1725=LINE('',#10111,#2239);
#1726=LINE('',#10117,#2240);
#1727=LINE('',#10119,#2241);
#1728=LINE('',#10120,#2242);
#1729=LINE('',#10122,#2243);
#1730=LINE('',#10123,#2244);
#1731=LINE('',#10128,#2245);
#1732=LINE('',#10132,#2246);
#1733=LINE('',#10136,#2247);
#1734=LINE('',#10140,#2248);
#1735=LINE('',#10146,#2249);
#1736=LINE('',#10152,#2250);
#1737=LINE('',#10156,#2251);
#1738=LINE('',#10160,#2252);
#1739=LINE('',#10170,#2253);
#1740=LINE('',#10173,#2254);
#1741=LINE('',#10178,#2255);
#1742=LINE('',#10187,#2256);
#1743=LINE('',#10191,#2257);
#1744=LINE('',#10195,#2258);
#1745=LINE('',#10199,#2259);
#1746=LINE('',#10203,#2260);
#1747=LINE('',#10208,#2261);
#1748=LINE('',#10213,#2262);
#1749=LINE('',#10216,#2263);
#1750=LINE('',#10221,#2264);
#1751=LINE('',#10224,#2265);
#1752=LINE('',#10234,#2266);
#1753=LINE('',#10237,#2267);
#1754=LINE('',#10239,#2268);
#1755=LINE('',#10243,#2269);
#1756=LINE('',#10244,#2270);
#1757=LINE('',#10247,#2271);
#1758=LINE('',#10248,#2272);
#1759=LINE('',#10253,#2273);
#1760=LINE('',#10255,#2274);
#1761=LINE('',#10256,#2275);
#1762=LINE('',#10260,#2276);
#1763=LINE('',#10264,#2277);
#1764=LINE('',#10268,#2278);
#1765=LINE('',#10271,#2279);
#1766=LINE('',#10273,#2280);
#1767=LINE('',#10277,#2281);
#1768=LINE('',#10278,#2282);
#1769=LINE('',#10281,#2283);
#1770=LINE('',#10282,#2284);
#1771=LINE('',#10287,#2285);
#1772=LINE('',#10289,#2286);
#1773=LINE('',#10290,#2287);
#1774=LINE('',#10294,#2288);
#1775=LINE('',#10298,#2289);
#1776=LINE('',#10302,#2290);
#1777=LINE('',#10306,#2291);
#1778=LINE('',#10310,#2292);
#1779=LINE('',#10313,#2293);
#1780=LINE('',#10315,#2294);
#1781=LINE('',#10319,#2295);
#1782=LINE('',#10320,#2296);
#1783=LINE('',#10324,#2297);
#1784=LINE('',#10327,#2298);
#1785=LINE('',#10331,#2299);
#1786=LINE('',#10332,#2300);
#1787=LINE('',#10335,#2301);
#1788=LINE('',#10339,#2302);
#1789=LINE('',#10345,#2303);
#1790=LINE('',#10346,#2304);
#1791=LINE('',#10349,#2305);
#1792=LINE('',#10350,#2306);
#1793=LINE('',#10353,#2307);
#1794=LINE('',#10359,#2308);
#1795=LINE('',#10363,#2309);
#1796=LINE('',#10364,#2310);
#1797=LINE('',#10367,#2311);
#1798=LINE('',#10368,#2312);
#1799=LINE('',#10373,#2313);
#1800=LINE('',#10375,#2314);
#1801=LINE('',#10385,#2315);
#1802=LINE('',#10388,#2316);
#1803=LINE('',#10392,#2317);
#1804=LINE('',#10404,#2318);
#1805=LINE('',#10405,#2319);
#1806=LINE('',#10409,#2320);
#1807=LINE('',#10413,#2321);
#1808=LINE('',#10416,#2322);
#1809=LINE('',#10417,#2323);
#1810=LINE('',#10421,#2324);
#1811=LINE('',#10431,#2325);
#1812=LINE('',#10534,#2326);
#1813=LINE('',#10645,#2327);
#1814=LINE('',#10647,#2328);
#1815=LINE('',#10649,#2329);
#1816=LINE('',#10658,#2330);
#1817=LINE('',#10669,#2331);
#1818=LINE('',#10674,#2332);
#1819=LINE('',#10725,#2333);
#1820=LINE('',#10864,#2334);
#1821=LINE('',#10865,#2335);
#1822=LINE('',#10884,#2336);
#1823=LINE('',#10886,#2337);
#1824=LINE('',#10888,#2338);
#1825=LINE('',#10890,#2339);
#1826=LINE('',#10894,#2340);
#1827=LINE('',#10898,#2341);
#1828=LINE('',#10903,#2342);
#1829=VECTOR('',#6406,10.);
#1830=VECTOR('',#6407,10.);
#1831=VECTOR('',#6408,10.);
#1832=VECTOR('',#6409,10.);
#1833=VECTOR('',#6412,10.);
#1834=VECTOR('',#6413,10.);
#1835=VECTOR('',#6414,10.);
#1836=VECTOR('',#6415,10.);
#1837=VECTOR('',#6416,10.);
#1838=VECTOR('',#6419,10.);
#1839=VECTOR('',#6420,10.);
#1840=VECTOR('',#6421,10.);
#1841=VECTOR('',#6422,10.);
#1842=VECTOR('',#6423,10.);
#1843=VECTOR('',#6424,10.);
#1844=VECTOR('',#6427,10.);
#1845=VECTOR('',#6428,10.);
#1846=VECTOR('',#6431,10.);
#1847=VECTOR('',#6432,10.);
#1848=VECTOR('',#6433,10.);
#1849=VECTOR('',#6434,10.);
#1850=VECTOR('',#6435,10.);
#1851=VECTOR('',#6436,10.);
#1852=VECTOR('',#6437,10.);
#1853=VECTOR('',#6440,10.);
#1854=VECTOR('',#6441,10.);
#1855=VECTOR('',#6442,10.);
#1856=VECTOR('',#6443,10.);
#1857=VECTOR('',#6444,10.);
#1858=VECTOR('',#6445,10.);
#1859=VECTOR('',#6448,10.);
#1860=VECTOR('',#6449,10.);
#1861=VECTOR('',#6450,10.);
#1862=VECTOR('',#6453,10.);
#1863=VECTOR('',#6454,10.);
#1864=VECTOR('',#6459,10.);
#1865=VECTOR('',#6460,10.);
#1866=VECTOR('',#6461,10.);
#1867=VECTOR('',#6462,10.);
#1868=VECTOR('',#6465,10.);
#1869=VECTOR('',#6466,10.);
#1870=VECTOR('',#6467,10.);
#1871=VECTOR('',#6470,10.);
#1872=VECTOR('',#6471,10.);
#1873=VECTOR('',#6472,10.);
#1874=VECTOR('',#6475,10.);
#1875=VECTOR('',#6476,10.);
#1876=VECTOR('',#6477,10.);
#1877=VECTOR('',#6478,10.);
#1878=VECTOR('',#6479,10.);
#1879=VECTOR('',#6480,10.);
#1880=VECTOR('',#6481,10.);
#1881=VECTOR('',#6482,10.);
#1882=VECTOR('',#6485,10.);
#1883=VECTOR('',#6486,10.);
#1884=VECTOR('',#6487,10.);
#1885=VECTOR('',#6488,10.);
#1886=VECTOR('',#6489,10.);
#1887=VECTOR('',#6490,10.);
#1888=VECTOR('',#6493,10.);
#1889=VECTOR('',#6494,10.);
#1890=VECTOR('',#6495,10.);
#1891=VECTOR('',#6496,10.);
#1892=VECTOR('',#6497,10.);
#1893=VECTOR('',#6498,10.);
#1894=VECTOR('',#6501,10.);
#1895=VECTOR('',#6502,10.);
#1896=VECTOR('',#6503,10.);
#1897=VECTOR('',#6504,10.);
#1898=VECTOR('',#6505,10.);
#1899=VECTOR('',#6506,10.);
#1900=VECTOR('',#6507,10.);
#1901=VECTOR('',#6508,10.);
#1902=VECTOR('',#6511,10.);
#1903=VECTOR('',#6512,10.);
#1904=VECTOR('',#6517,10.);
#1905=VECTOR('',#6518,10.);
#1906=VECTOR('',#6519,10.);
#1907=VECTOR('',#6520,10.);
#1908=VECTOR('',#6523,10.);
#1909=VECTOR('',#6524,10.);
#1910=VECTOR('',#6525,10.);
#1911=VECTOR('',#6528,10.);
#1912=VECTOR('',#6529,10.);
#1913=VECTOR('',#6530,10.);
#1914=VECTOR('',#6533,10.);
#1915=VECTOR('',#6534,10.);
#1916=VECTOR('',#6535,10.);
#1917=VECTOR('',#6538,10.);
#1918=VECTOR('',#6539,10.);
#1919=VECTOR('',#6540,10.);
#1920=VECTOR('',#6543,10.);
#1921=VECTOR('',#6544,10.);
#1922=VECTOR('',#6545,10.);
#1923=VECTOR('',#6548,10.);
#1924=VECTOR('',#6549,10.);
#1925=VECTOR('',#6550,10.);
#1926=VECTOR('',#6553,10.);
#1927=VECTOR('',#6554,10.);
#1928=VECTOR('',#6559,10.);
#1929=VECTOR('',#6560,10.);
#1930=VECTOR('',#6561,10.);
#1931=VECTOR('',#6562,10.);
#1932=VECTOR('',#6565,10.);
#1933=VECTOR('',#6566,10.);
#1934=VECTOR('',#6567,10.);
#1935=VECTOR('',#6570,10.);
#1936=VECTOR('',#6571,10.);
#1937=VECTOR('',#6572,10.);
#1938=VECTOR('',#6575,10.);
#1939=VECTOR('',#6576,10.);
#1940=VECTOR('',#6577,10.);
#1941=VECTOR('',#6580,10.);
#1942=VECTOR('',#6581,10.);
#1943=VECTOR('',#6582,10.);
#1944=VECTOR('',#6585,10.);
#1945=VECTOR('',#6586,10.);
#1946=VECTOR('',#6587,10.);
#1947=VECTOR('',#6590,10.);
#1948=VECTOR('',#6591,10.);
#1949=VECTOR('',#6592,10.);
#1950=VECTOR('',#6595,10.);
#1951=VECTOR('',#6596,10.);
#1952=VECTOR('',#6597,10.);
#1953=VECTOR('',#6600,10.);
#1954=VECTOR('',#6601,10.);
#1955=VECTOR('',#6602,10.);
#1956=VECTOR('',#6605,10.);
#1957=VECTOR('',#6606,10.);
#1958=VECTOR('',#6607,10.);
#1959=VECTOR('',#6610,10.);
#1960=VECTOR('',#6611,10.);
#1961=VECTOR('',#6612,10.);
#1962=VECTOR('',#6615,10.);
#1963=VECTOR('',#6616,10.);
#1964=VECTOR('',#6621,10.);
#1965=VECTOR('',#6622,10.);
#1966=VECTOR('',#6623,10.);
#1967=VECTOR('',#6624,10.);
#1968=VECTOR('',#6627,10.);
#1969=VECTOR('',#6628,10.);
#1970=VECTOR('',#6629,10.);
#1971=VECTOR('',#6632,10.);
#1972=VECTOR('',#6633,10.);
#1973=VECTOR('',#6634,10.);
#1974=VECTOR('',#6635,10.);
#1975=VECTOR('',#6636,10.);
#1976=VECTOR('',#6637,10.);
#1977=VECTOR('',#6638,10.);
#1978=VECTOR('',#6641,10.);
#1979=VECTOR('',#6642,10.);
#1980=VECTOR('',#6643,10.);
#1981=VECTOR('',#6646,10.);
#1982=VECTOR('',#6647,10.);
#1983=VECTOR('',#6648,10.);
#1984=VECTOR('',#6651,10.);
#1985=VECTOR('',#6652,10.);
#1986=VECTOR('',#6653,10.);
#1987=VECTOR('',#6654,10.);
#1988=VECTOR('',#6659,10.);
#1989=VECTOR('',#6662,10.);
#1990=VECTOR('',#6667,10.);
#1991=VECTOR('',#6672,10.);
#1992=VECTOR('',#6675,10.);
#1993=VECTOR('',#6678,10.);
#1994=VECTOR('',#6681,10.);
#1995=VECTOR('',#6684,10.);
#1996=VECTOR('',#6693,10.);
#1997=VECTOR('',#6696,10.);
#1998=VECTOR('',#6701,1.4);
#1999=VECTOR('',#6708,10.);
#2000=VECTOR('',#6713,10.);
#2001=VECTOR('',#6716,10.);
#2002=VECTOR('',#6719,10.);
#2003=VECTOR('',#6722,10.);
#2004=VECTOR('',#6725,10.);
#2005=VECTOR('',#6730,10.);
#2006=VECTOR('',#6733,10.);
#2007=VECTOR('',#6736,10.);
#2008=VECTOR('',#6739,10.);
#2009=VECTOR('',#6748,1.2);
#2010=VECTOR('',#6753,10.);
#2011=VECTOR('',#6756,10.);
#2012=VECTOR('',#6759,10.);
#2013=VECTOR('',#6760,10.);
#2014=VECTOR('',#6763,10.);
#2015=VECTOR('',#6764,10.);
#2016=VECTOR('',#6771,10.);
#2017=VECTOR('',#6772,10.);
#2018=VECTOR('',#6773,10.);
#2019=VECTOR('',#6776,10.);
#2020=VECTOR('',#6783,1.4);
#2021=VECTOR('',#6786,1.2);
#2022=VECTOR('',#6791,10.);
#2023=VECTOR('',#6794,10.);
#2024=VECTOR('',#6797,10.);
#2025=VECTOR('',#6798,10.);
#2026=VECTOR('',#6801,9.99999999999999);
#2027=VECTOR('',#6802,10.);
#2028=VECTOR('',#6809,10.);
#2029=VECTOR('',#6810,10.);
#2030=VECTOR('',#6811,10.);
#2031=VECTOR('',#6814,10.);
#2032=VECTOR('',#6821,1.65);
#2033=VECTOR('',#6824,1.45);
#2034=VECTOR('',#6831,1.65);
#2035=VECTOR('',#6834,1.45);
#2036=VECTOR('',#6839,10.);
#2037=VECTOR('',#6842,9.99999999999999);
#2038=VECTOR('',#6845,10.);
#2039=VECTOR('',#6846,10.);
#2040=VECTOR('',#6849,10.);
#2041=VECTOR('',#6856,10.);
#2042=VECTOR('',#6859,10.);
#2043=VECTOR('',#6860,10.);
#2044=VECTOR('',#6863,10.);
#2045=VECTOR('',#6868,10.);
#2046=VECTOR('',#6875,10.);
#2047=VECTOR('',#6876,10.);
#2048=VECTOR('',#6879,10.);
#2049=VECTOR('',#6880,10.);
#2050=VECTOR('',#6887,10.);
#2051=VECTOR('',#6890,10.);
#2052=VECTOR('',#6895,10.);
#2053=VECTOR('',#6896,10.);
#2054=VECTOR('',#6899,10.);
#2055=VECTOR('',#6900,10.);
#2056=VECTOR('',#6907,10.);
#2057=VECTOR('',#6908,10.);
#2058=VECTOR('',#6909,10.);
#2059=VECTOR('',#6914,3.05);
#2060=VECTOR('',#6915,10.);
#2061=VECTOR('',#6920,10.);
#2062=VECTOR('',#6921,10.);
#2063=VECTOR('',#6924,10.);
#2064=VECTOR('',#6929,10.);
#2065=VECTOR('',#6934,10.);
#2066=VECTOR('',#6935,10.);
#2067=VECTOR('',#6938,10.);
#2068=VECTOR('',#6953,10.);
#2069=VECTOR('',#6958,10.);
#2070=VECTOR('',#6973,10.);
#2071=VECTOR('',#6976,10.);
#2072=VECTOR('',#6979,10.);
#2073=VECTOR('',#6994,10.);
#2074=VECTOR('',#7013,10.);
#2075=VECTOR('',#7022,10.);
#2076=VECTOR('',#7055,10.);
#2077=VECTOR('',#7058,10.);
#2078=VECTOR('',#7059,10.);
#2079=VECTOR('',#7086,3.05);
#2080=VECTOR('',#7087,10.);
#2081=VECTOR('',#7092,1.85);
#2082=VECTOR('',#7095,1.85);
#2083=VECTOR('',#7102,10.);
#2084=VECTOR('',#7109,2.);
#2085=VECTOR('',#7116,2.);
#2086=VECTOR('',#7123,10.);
#2087=VECTOR('',#7124,10.);
#2088=VECTOR('',#7125,10.);
#2089=VECTOR('',#7126,10.);
#2090=VECTOR('',#7129,10.);
#2091=VECTOR('',#7130,10.);
#2092=VECTOR('',#7131,10.);
#2093=VECTOR('',#7134,10.);
#2094=VECTOR('',#7135,10.);
#2095=VECTOR('',#7136,10.);
#2096=VECTOR('',#7137,10.);
#2097=VECTOR('',#7138,10.);
#2098=VECTOR('',#7139,10.);
#2099=VECTOR('',#7140,10.);
#2100=VECTOR('',#7143,10.);
#2101=VECTOR('',#7144,10.);
#2102=VECTOR('',#7145,10.);
#2103=VECTOR('',#7148,10.);
#2104=VECTOR('',#7149,10.);
#2105=VECTOR('',#7150,10.);
#2106=VECTOR('',#7153,10.);
#2107=VECTOR('',#7154,10.);
#2108=VECTOR('',#7155,10.);
#2109=VECTOR('',#7156,10.);
#2110=VECTOR('',#7161,10.);
#2111=VECTOR('',#7162,10.);
#2112=VECTOR('',#7163,10.);
#2113=VECTOR('',#7164,10.);
#2114=VECTOR('',#7167,10.);
#2115=VECTOR('',#7168,10.);
#2116=VECTOR('',#7169,10.);
#2117=VECTOR('',#7172,10.);
#2118=VECTOR('',#7173,10.);
#2119=VECTOR('',#7174,10.);
#2120=VECTOR('',#7177,10.);
#2121=VECTOR('',#7178,10.);
#2122=VECTOR('',#7179,10.);
#2123=VECTOR('',#7182,10.);
#2124=VECTOR('',#7183,10.);
#2125=VECTOR('',#7184,10.);
#2126=VECTOR('',#7187,10.);
#2127=VECTOR('',#7188,10.);
#2128=VECTOR('',#7189,10.);
#2129=VECTOR('',#7192,10.);
#2130=VECTOR('',#7193,10.);
#2131=VECTOR('',#7194,10.);
#2132=VECTOR('',#7197,10.);
#2133=VECTOR('',#7198,10.);
#2134=VECTOR('',#7199,10.);
#2135=VECTOR('',#7202,10.);
#2136=VECTOR('',#7203,10.);
#2137=VECTOR('',#7204,10.);
#2138=VECTOR('',#7207,10.);
#2139=VECTOR('',#7208,10.);
#2140=VECTOR('',#7209,10.);
#2141=VECTOR('',#7212,10.);
#2142=VECTOR('',#7213,10.);
#2143=VECTOR('',#7214,10.);
#2144=VECTOR('',#7217,10.);
#2145=VECTOR('',#7218,10.);
#2146=VECTOR('',#7223,10.);
#2147=VECTOR('',#7224,10.);
#2148=VECTOR('',#7225,10.);
#2149=VECTOR('',#7226,10.);
#2150=VECTOR('',#7229,10.);
#2151=VECTOR('',#7230,10.);
#2152=VECTOR('',#7231,10.);
#2153=VECTOR('',#7234,10.);
#2154=VECTOR('',#7235,10.);
#2155=VECTOR('',#7236,10.);
#2156=VECTOR('',#7239,10.);
#2157=VECTOR('',#7240,10.);
#2158=VECTOR('',#7241,10.);
#2159=VECTOR('',#7244,10.);
#2160=VECTOR('',#7245,10.);
#2161=VECTOR('',#7246,10.);
#2162=VECTOR('',#7249,10.);
#2163=VECTOR('',#7250,10.);
#2164=VECTOR('',#7251,10.);
#2165=VECTOR('',#7254,10.);
#2166=VECTOR('',#7255,10.);
#2167=VECTOR('',#7256,10.);
#2168=VECTOR('',#7259,10.);
#2169=VECTOR('',#7260,10.);
#2170=VECTOR('',#7265,10.);
#2171=VECTOR('',#7266,10.);
#2172=VECTOR('',#7267,10.);
#2173=VECTOR('',#7268,10.);
#2174=VECTOR('',#7271,10.);
#2175=VECTOR('',#7272,10.);
#2176=VECTOR('',#7273,10.);
#2177=VECTOR('',#7276,10.);
#2178=VECTOR('',#7277,10.);
#2179=VECTOR('',#7278,10.);
#2180=VECTOR('',#7281,10.);
#2181=VECTOR('',#7282,10.);
#2182=VECTOR('',#7283,10.);
#2183=VECTOR('',#7284,10.);
#2184=VECTOR('',#7285,10.);
#2185=VECTOR('',#7286,10.);
#2186=VECTOR('',#7287,10.);
#2187=VECTOR('',#7288,10.);
#2188=VECTOR('',#7291,10.);
#2189=VECTOR('',#7292,10.);
#2190=VECTOR('',#7293,10.);
#2191=VECTOR('',#7294,10.);
#2192=VECTOR('',#7295,10.);
#2193=VECTOR('',#7296,10.);
#2194=VECTOR('',#7299,10.);
#2195=VECTOR('',#7300,10.);
#2196=VECTOR('',#7301,10.);
#2197=VECTOR('',#7302,10.);
#2198=VECTOR('',#7303,10.);
#2199=VECTOR('',#7304,10.);
#2200=VECTOR('',#7307,10.);
#2201=VECTOR('',#7308,10.);
#2202=VECTOR('',#7309,10.);
#2203=VECTOR('',#7310,10.);
#2204=VECTOR('',#7311,10.);
#2205=VECTOR('',#7312,10.);
#2206=VECTOR('',#7313,10.);
#2207=VECTOR('',#7314,10.);
#2208=VECTOR('',#7317,10.);
#2209=VECTOR('',#7318,10.);
#2210=VECTOR('',#7323,10.);
#2211=VECTOR('',#7324,10.);
#2212=VECTOR('',#7325,10.);
#2213=VECTOR('',#7326,10.);
#2214=VECTOR('',#7329,10.);
#2215=VECTOR('',#7330,10.);
#2216=VECTOR('',#7331,10.);
#2217=VECTOR('',#7332,10.);
#2218=VECTOR('',#7333,10.);
#2219=VECTOR('',#7336,10.);
#2220=VECTOR('',#7337,10.);
#2221=VECTOR('',#7338,10.);
#2222=VECTOR('',#7339,10.);
#2223=VECTOR('',#7340,10.);
#2224=VECTOR('',#7341,10.);
#2225=VECTOR('',#7344,10.);
#2226=VECTOR('',#7345,10.);
#2227=VECTOR('',#7348,10.);
#2228=VECTOR('',#7349,10.);
#2229=VECTOR('',#7350,10.);
#2230=VECTOR('',#7351,10.);
#2231=VECTOR('',#7352,10.);
#2232=VECTOR('',#7353,10.);
#2233=VECTOR('',#7354,10.);
#2234=VECTOR('',#7357,10.);
#2235=VECTOR('',#7358,10.);
#2236=VECTOR('',#7359,10.);
#2237=VECTOR('',#7360,10.);
#2238=VECTOR('',#7361,10.);
#2239=VECTOR('',#7362,10.);
#2240=VECTOR('',#7365,10.);
#2241=VECTOR('',#7366,10.);
#2242=VECTOR('',#7367,10.);
#2243=VECTOR('',#7370,10.);
#2244=VECTOR('',#7371,10.);
#2245=VECTOR('',#7376,10.);
#2246=VECTOR('',#7379,10.);
#2247=VECTOR('',#7382,10.);
#2248=VECTOR('',#7385,10.);
#2249=VECTOR('',#7390,10.);
#2250=VECTOR('',#7395,10.);
#2251=VECTOR('',#7398,10.);
#2252=VECTOR('',#7401,10.);
#2253=VECTOR('',#7410,10.);
#2254=VECTOR('',#7413,10.);
#2255=VECTOR('',#7418,1.4);
#2256=VECTOR('',#7427,10.);
#2257=VECTOR('',#7430,10.);
#2258=VECTOR('',#7433,10.);
#2259=VECTOR('',#7436,10.);
#2260=VECTOR('',#7439,10.);
#2261=VECTOR('',#7444,10.);
#2262=VECTOR('',#7447,10.);
#2263=VECTOR('',#7450,10.);
#2264=VECTOR('',#7453,10.);
#2265=VECTOR('',#7456,10.);
#2266=VECTOR('',#7467,1.2);
#2267=VECTOR('',#7470,10.);
#2268=VECTOR('',#7471,9.99999999999999);
#2269=VECTOR('',#7476,10.);
#2270=VECTOR('',#7477,10.);
#2271=VECTOR('',#7480,10.);
#2272=VECTOR('',#7481,10.);
#2273=VECTOR('',#7488,10.);
#2274=VECTOR('',#7489,10.);
#2275=VECTOR('',#7490,10.);
#2276=VECTOR('',#7495,10.);
#2277=VECTOR('',#7500,1.4);
#2278=VECTOR('',#7505,1.2);
#2279=VECTOR('',#7508,10.);
#2280=VECTOR('',#7509,10.);
#2281=VECTOR('',#7514,10.);
#2282=VECTOR('',#7515,10.);
#2283=VECTOR('',#7518,10.);
#2284=VECTOR('',#7519,10.);
#2285=VECTOR('',#7526,10.);
#2286=VECTOR('',#7527,10.);
#2287=VECTOR('',#7528,10.);
#2288=VECTOR('',#7533,10.);
#2289=VECTOR('',#7538,1.65);
#2290=VECTOR('',#7543,1.45);
#2291=VECTOR('',#7548,1.65);
#2292=VECTOR('',#7553,1.45);
#2293=VECTOR('',#7556,9.99999999999999);
#2294=VECTOR('',#7557,10.);
#2295=VECTOR('',#7562,10.);
#2296=VECTOR('',#7563,10.);
#2297=VECTOR('',#7568,10.);
#2298=VECTOR('',#7571,9.99999999999999);
#2299=VECTOR('',#7576,10.);
#2300=VECTOR('',#7577,10.);
#2301=VECTOR('',#7580,10.);
#2302=VECTOR('',#7585,10.);
#2303=VECTOR('',#7592,10.);
#2304=VECTOR('',#7593,10.);
#2305=VECTOR('',#7596,10.);
#2306=VECTOR('',#7597,10.);
#2307=VECTOR('',#7600,10.);
#2308=VECTOR('',#7607,10.);
#2309=VECTOR('',#7612,10.);
#2310=VECTOR('',#7613,10.);
#2311=VECTOR('',#7616,10.);
#2312=VECTOR('',#7617,10.);
#2313=VECTOR('',#7624,10.);
#2314=VECTOR('',#7625,10.);
#2315=VECTOR('',#7626,10.);
#2316=VECTOR('',#7629,3.05);
#2317=VECTOR('',#7634,10.);
#2318=VECTOR('',#7637,10.);
#2319=VECTOR('',#7638,10.);
#2320=VECTOR('',#7643,10.);
#2321=VECTOR('',#7648,10.);
#2322=VECTOR('',#7651,10.);
#2323=VECTOR('',#7652,10.);
#2324=VECTOR('',#7657,10.);
#2325=VECTOR('',#7670,10.);
#2326=VECTOR('',#7675,10.);
#2327=VECTOR('',#7690,10.);
#2328=VECTOR('',#7693,10.);
#2329=VECTOR('',#7696,10.);
#2330=VECTOR('',#7711,10.);
#2331=VECTOR('',#7730,10.);
#2332=VECTOR('',#7739,10.);
#2333=VECTOR('',#7772,10.);
#2334=VECTOR('',#7775,10.);
#2335=VECTOR('',#7776,10.);
#2336=VECTOR('',#7803,3.05);
#2337=VECTOR('',#7806,10.);
#2338=VECTOR('',#7809,1.85);
#2339=VECTOR('',#7812,1.85);
#2340=VECTOR('',#7819,10.);
#2341=VECTOR('',#7824,2.);
#2342=VECTOR('',#7831,2.);
#2343=VERTEX_POINT('',#7840);
#2344=VERTEX_POINT('',#7841);
#2345=VERTEX_POINT('',#7843);
#2346=VERTEX_POINT('',#7845);
#2347=VERTEX_POINT('',#7849);
#2348=VERTEX_POINT('',#7851);
#2349=VERTEX_POINT('',#7860);
#2350=VERTEX_POINT('',#7864);
#2351=VERTEX_POINT('',#7875);
#2352=VERTEX_POINT('',#7879);
#2353=VERTEX_POINT('',#7885);
#2354=VERTEX_POINT('',#7887);
#2355=VERTEX_POINT('',#7896);
#2356=VERTEX_POINT('',#7900);
#2357=VERTEX_POINT('',#7911);
#2358=VERTEX_POINT('',#7915);
#2359=VERTEX_POINT('',#7926);
#2360=VERTEX_POINT('',#7930);
#2361=VERTEX_POINT('',#7939);
#2362=VERTEX_POINT('',#7940);
#2363=VERTEX_POINT('',#7942);
#2364=VERTEX_POINT('',#7944);
#2365=VERTEX_POINT('',#7953);
#2366=VERTEX_POINT('',#7957);
#2367=VERTEX_POINT('',#7968);
#2368=VERTEX_POINT('',#7972);
#2369=VERTEX_POINT('',#7983);
#2370=VERTEX_POINT('',#7987);
#2371=VERTEX_POINT('',#7993);
#2372=VERTEX_POINT('',#7995);
#2373=VERTEX_POINT('',#8004);
#2374=VERTEX_POINT('',#8008);
#2375=VERTEX_POINT('',#8019);
#2376=VERTEX_POINT('',#8023);
#2377=VERTEX_POINT('',#8034);
#2378=VERTEX_POINT('',#8038);
#2379=VERTEX_POINT('',#8044);
#2380=VERTEX_POINT('',#8046);
#2381=VERTEX_POINT('',#8054);
#2382=VERTEX_POINT('',#8055);
#2383=VERTEX_POINT('',#8057);
#2384=VERTEX_POINT('',#8059);
#2385=VERTEX_POINT('',#8063);
#2386=VERTEX_POINT('',#8065);
#2387=VERTEX_POINT('',#8069);
#2388=VERTEX_POINT('',#8071);
#2389=VERTEX_POINT('',#8075);
#2390=VERTEX_POINT('',#8077);
#2391=VERTEX_POINT('',#8086);
#2392=VERTEX_POINT('',#8090);
#2393=VERTEX_POINT('',#8101);
#2394=VERTEX_POINT('',#8105);
#2395=VERTEX_POINT('',#8116);
#2396=VERTEX_POINT('',#8120);
#2397=VERTEX_POINT('',#8131);
#2398=VERTEX_POINT('',#8135);
#2399=VERTEX_POINT('',#8146);
#2400=VERTEX_POINT('',#8150);
#2401=VERTEX_POINT('',#8156);
#2402=VERTEX_POINT('',#8158);
#2403=VERTEX_POINT('',#8167);
#2404=VERTEX_POINT('',#8171);
#2405=VERTEX_POINT('',#8182);
#2406=VERTEX_POINT('',#8186);
#2407=VERTEX_POINT('',#8197);
#2408=VERTEX_POINT('',#8201);
#2409=VERTEX_POINT('',#8207);
#2410=VERTEX_POINT('',#8209);
#2411=VERTEX_POINT('',#8218);
#2412=VERTEX_POINT('',#8222);
#2413=VERTEX_POINT('',#8233);
#2414=VERTEX_POINT('',#8237);
#2415=VERTEX_POINT('',#8248);
#2416=VERTEX_POINT('',#8252);
#2417=VERTEX_POINT('',#8258);
#2418=VERTEX_POINT('',#8260);
#2419=VERTEX_POINT('',#8269);
#2420=VERTEX_POINT('',#8273);
#2421=VERTEX_POINT('',#8284);
#2422=VERTEX_POINT('',#8288);
#2423=VERTEX_POINT('',#8299);
#2424=VERTEX_POINT('',#8303);
#2425=VERTEX_POINT('',#8314);
#2426=VERTEX_POINT('',#8318);
#2427=VERTEX_POINT('',#8329);
#2428=VERTEX_POINT('',#8333);
#2429=VERTEX_POINT('',#8343);
#2430=VERTEX_POINT('',#8344);
#2431=VERTEX_POINT('',#8346);
#2432=VERTEX_POINT('',#8348);
#2433=VERTEX_POINT('',#8352);
#2434=VERTEX_POINT('',#8354);
#2435=VERTEX_POINT('',#8358);
#2436=VERTEX_POINT('',#8360);
#2437=VERTEX_POINT('',#8364);
#2438=VERTEX_POINT('',#8366);
#2439=VERTEX_POINT('',#8370);
#2440=VERTEX_POINT('',#8372);
#2441=VERTEX_POINT('',#8376);
#2442=VERTEX_POINT('',#8378);
#2443=VERTEX_POINT('',#8382);
#2444=VERTEX_POINT('',#8384);
#2445=VERTEX_POINT('',#8392);
#2446=VERTEX_POINT('',#8393);
#2447=VERTEX_POINT('',#8395);
#2448=VERTEX_POINT('',#8397);
#2449=VERTEX_POINT('',#8401);
#2450=VERTEX_POINT('',#8403);
#2451=VERTEX_POINT('',#8407);
#2452=VERTEX_POINT('',#8409);
#2453=VERTEX_POINT('',#8413);
#2454=VERTEX_POINT('',#8415);
#2455=VERTEX_POINT('',#8419);
#2456=VERTEX_POINT('',#8421);
#2457=VERTEX_POINT('',#8425);
#2458=VERTEX_POINT('',#8427);
#2459=VERTEX_POINT('',#8431);
#2460=VERTEX_POINT('',#8433);
#2461=VERTEX_POINT('',#8437);
#2462=VERTEX_POINT('',#8439);
#2463=VERTEX_POINT('',#8443);
#2464=VERTEX_POINT('',#8445);
#2465=VERTEX_POINT('',#8449);
#2466=VERTEX_POINT('',#8451);
#2467=VERTEX_POINT('',#8455);
#2468=VERTEX_POINT('',#8457);
#2469=VERTEX_POINT('',#8465);
#2470=VERTEX_POINT('',#8466);
#2471=VERTEX_POINT('',#8468);
#2472=VERTEX_POINT('',#8470);
#2473=VERTEX_POINT('',#8474);
#2474=VERTEX_POINT('',#8476);
#2475=VERTEX_POINT('',#8480);
#2476=VERTEX_POINT('',#8482);
#2477=VERTEX_POINT('',#8491);
#2478=VERTEX_POINT('',#8495);
#2479=VERTEX_POINT('',#8506);
#2480=VERTEX_POINT('',#8510);
#2481=VERTEX_POINT('',#8521);
#2482=VERTEX_POINT('',#8525);
#2483=VERTEX_POINT('',#8536);
#2484=VERTEX_POINT('',#8540);
#2485=VERTEX_POINT('',#8546);
#2486=VERTEX_POINT('',#8548);
#2487=VERTEX_POINT('',#8552);
#2488=VERTEX_POINT('',#8554);
#2489=VERTEX_POINT('',#8558);
#2490=VERTEX_POINT('',#8560);
#2491=VERTEX_POINT('',#8569);
#2492=VERTEX_POINT('',#8573);
#2493=VERTEX_POINT('',#8592);
#2494=VERTEX_POINT('',#8593);
#2495=VERTEX_POINT('',#8595);
#2496=VERTEX_POINT('',#8597);
#2497=VERTEX_POINT('',#8599);
#2498=VERTEX_POINT('',#8601);
#2499=VERTEX_POINT('',#8603);
#2500=VERTEX_POINT('',#8605);
#2501=VERTEX_POINT('',#8607);
#2502=VERTEX_POINT('',#8609);
#2503=VERTEX_POINT('',#8611);
#2504=VERTEX_POINT('',#8613);
#2505=VERTEX_POINT('',#8615);
#2506=VERTEX_POINT('',#8617);
#2507=VERTEX_POINT('',#8620);
#2508=VERTEX_POINT('',#8621);
#2509=VERTEX_POINT('',#8623);
#2510=VERTEX_POINT('',#8625);
#2511=VERTEX_POINT('',#8628);
#2512=VERTEX_POINT('',#8630);
#2513=VERTEX_POINT('',#8632);
#2514=VERTEX_POINT('',#8633);
#2515=VERTEX_POINT('',#8635);
#2516=VERTEX_POINT('',#8637);
#2517=VERTEX_POINT('',#8641);
#2518=VERTEX_POINT('',#8643);
#2519=VERTEX_POINT('',#8647);
#2520=VERTEX_POINT('',#8648);
#2521=VERTEX_POINT('',#8650);
#2522=VERTEX_POINT('',#8652);
#2523=VERTEX_POINT('',#8654);
#2524=VERTEX_POINT('',#8656);
#2525=VERTEX_POINT('',#8658);
#2526=VERTEX_POINT('',#8660);
#2527=VERTEX_POINT('',#8662);
#2528=VERTEX_POINT('',#8664);
#2529=VERTEX_POINT('',#8666);
#2530=VERTEX_POINT('',#8668);
#2531=VERTEX_POINT('',#8670);
#2532=VERTEX_POINT('',#8672);
#2533=VERTEX_POINT('',#8675);
#2534=VERTEX_POINT('',#8676);
#2535=VERTEX_POINT('',#8678);
#2536=VERTEX_POINT('',#8680);
#2537=VERTEX_POINT('',#8683);
#2538=VERTEX_POINT('',#8684);
#2539=VERTEX_POINT('',#8686);
#2540=VERTEX_POINT('',#8688);
#2541=VERTEX_POINT('',#8691);
#2542=VERTEX_POINT('',#8693);
#2543=VERTEX_POINT('',#8695);
#2544=VERTEX_POINT('',#8698);
#2545=VERTEX_POINT('',#8702);
#2546=VERTEX_POINT('',#8704);
#2547=VERTEX_POINT('',#8708);
#2548=VERTEX_POINT('',#8712);
#2549=VERTEX_POINT('',#8718);
#2550=VERTEX_POINT('',#8720);
#2551=VERTEX_POINT('',#8724);
#2552=VERTEX_POINT('',#8728);
#2553=VERTEX_POINT('',#8732);
#2554=VERTEX_POINT('',#8736);
#2555=VERTEX_POINT('',#8738);
#2556=VERTEX_POINT('',#8742);
#2557=VERTEX_POINT('',#8746);
#2558=VERTEX_POINT('',#8752);
#2559=VERTEX_POINT('',#8754);
#2560=VERTEX_POINT('',#8758);
#2561=VERTEX_POINT('',#8762);
#2562=VERTEX_POINT('',#8766);
#2563=VERTEX_POINT('',#8770);
#2564=VERTEX_POINT('',#8774);
#2565=VERTEX_POINT('',#8778);
#2566=VERTEX_POINT('',#8780);
#2567=VERTEX_POINT('',#8784);
#2568=VERTEX_POINT('',#8788);
#2569=VERTEX_POINT('',#8792);
#2570=VERTEX_POINT('',#8796);
#2571=VERTEX_POINT('',#8800);
#2572=VERTEX_POINT('',#8804);
#2573=VERTEX_POINT('',#8806);
#2574=VERTEX_POINT('',#8810);
#2575=VERTEX_POINT('',#8814);
#2576=VERTEX_POINT('',#8818);
#2577=VERTEX_POINT('',#8820);
#2578=VERTEX_POINT('',#8824);
#2579=VERTEX_POINT('',#8828);
#2580=VERTEX_POINT('',#8832);
#2581=VERTEX_POINT('',#8838);
#2582=VERTEX_POINT('',#8840);
#2583=VERTEX_POINT('',#8849);
#2584=VERTEX_POINT('',#8853);
#2585=VERTEX_POINT('',#8856);
#2586=VERTEX_POINT('',#8860);
#2587=VERTEX_POINT('',#8862);
#2588=VERTEX_POINT('',#8873);
#2589=VERTEX_POINT('',#8877);
#2590=VERTEX_POINT('',#8881);
#2591=VERTEX_POINT('',#8885);
#2592=VERTEX_POINT('',#8889);
#2593=VERTEX_POINT('',#8891);
#2594=VERTEX_POINT('',#8895);
#2595=VERTEX_POINT('',#8930);
#2596=VERTEX_POINT('',#8998);
#2597=VERTEX_POINT('',#9122);
#2598=VERTEX_POINT('',#9130);
#2599=VERTEX_POINT('',#9185);
#2600=VERTEX_POINT('',#9189);
#2601=VERTEX_POINT('',#9252);
#2602=VERTEX_POINT('',#9334);
#2603=VERTEX_POINT('',#9338);
#2604=VERTEX_POINT('',#9341);
#2605=VERTEX_POINT('',#9343);
#2606=VERTEX_POINT('',#9347);
#2607=VERTEX_POINT('',#9363);
#2608=VERTEX_POINT('',#9368);
#2609=VERTEX_POINT('',#9374);
#2610=VERTEX_POINT('',#9375);
#2611=VERTEX_POINT('',#9377);
#2612=VERTEX_POINT('',#9379);
#2613=VERTEX_POINT('',#9383);
#2614=VERTEX_POINT('',#9385);
#2615=VERTEX_POINT('',#9389);
#2616=VERTEX_POINT('',#9391);
#2617=VERTEX_POINT('',#9400);
#2618=VERTEX_POINT('',#9404);
#2619=VERTEX_POINT('',#9415);
#2620=VERTEX_POINT('',#9419);
#2621=VERTEX_POINT('',#9430);
#2622=VERTEX_POINT('',#9434);
#2623=VERTEX_POINT('',#9445);
#2624=VERTEX_POINT('',#9449);
#2625=VERTEX_POINT('',#9455);
#2626=VERTEX_POINT('',#9457);
#2627=VERTEX_POINT('',#9461);
#2628=VERTEX_POINT('',#9463);
#2629=VERTEX_POINT('',#9467);
#2630=VERTEX_POINT('',#9469);
#2631=VERTEX_POINT('',#9478);
#2632=VERTEX_POINT('',#9482);
#2633=VERTEX_POINT('',#9501);
#2634=VERTEX_POINT('',#9502);
#2635=VERTEX_POINT('',#9504);
#2636=VERTEX_POINT('',#9506);
#2637=VERTEX_POINT('',#9510);
#2638=VERTEX_POINT('',#9512);
#2639=VERTEX_POINT('',#9516);
#2640=VERTEX_POINT('',#9518);
#2641=VERTEX_POINT('',#9522);
#2642=VERTEX_POINT('',#9524);
#2643=VERTEX_POINT('',#9528);
#2644=VERTEX_POINT('',#9530);
#2645=VERTEX_POINT('',#9534);
#2646=VERTEX_POINT('',#9536);
#2647=VERTEX_POINT('',#9540);
#2648=VERTEX_POINT('',#9542);
#2649=VERTEX_POINT('',#9546);
#2650=VERTEX_POINT('',#9548);
#2651=VERTEX_POINT('',#9552);
#2652=VERTEX_POINT('',#9554);
#2653=VERTEX_POINT('',#9558);
#2654=VERTEX_POINT('',#9560);
#2655=VERTEX_POINT('',#9564);
#2656=VERTEX_POINT('',#9566);
#2657=VERTEX_POINT('',#9574);
#2658=VERTEX_POINT('',#9575);
#2659=VERTEX_POINT('',#9577);
#2660=VERTEX_POINT('',#9579);
#2661=VERTEX_POINT('',#9583);
#2662=VERTEX_POINT('',#9585);
#2663=VERTEX_POINT('',#9589);
#2664=VERTEX_POINT('',#9591);
#2665=VERTEX_POINT('',#9595);
#2666=VERTEX_POINT('',#9597);
#2667=VERTEX_POINT('',#9601);
#2668=VERTEX_POINT('',#9603);
#2669=VERTEX_POINT('',#9607);
#2670=VERTEX_POINT('',#9609);
#2671=VERTEX_POINT('',#9613);
#2672=VERTEX_POINT('',#9615);
#2673=VERTEX_POINT('',#9623);
#2674=VERTEX_POINT('',#9624);
#2675=VERTEX_POINT('',#9626);
#2676=VERTEX_POINT('',#9628);
#2677=VERTEX_POINT('',#9632);
#2678=VERTEX_POINT('',#9634);
#2679=VERTEX_POINT('',#9638);
#2680=VERTEX_POINT('',#9640);
#2681=VERTEX_POINT('',#9644);
#2682=VERTEX_POINT('',#9646);
#2683=VERTEX_POINT('',#9655);
#2684=VERTEX_POINT('',#9659);
#2685=VERTEX_POINT('',#9670);
#2686=VERTEX_POINT('',#9674);
#2687=VERTEX_POINT('',#9685);
#2688=VERTEX_POINT('',#9689);
#2689=VERTEX_POINT('',#9700);
#2690=VERTEX_POINT('',#9704);
#2691=VERTEX_POINT('',#9715);
#2692=VERTEX_POINT('',#9719);
#2693=VERTEX_POINT('',#9725);
#2694=VERTEX_POINT('',#9727);
#2695=VERTEX_POINT('',#9736);
#2696=VERTEX_POINT('',#9740);
#2697=VERTEX_POINT('',#9751);
#2698=VERTEX_POINT('',#9755);
#2699=VERTEX_POINT('',#9766);
#2700=VERTEX_POINT('',#9770);
#2701=VERTEX_POINT('',#9776);
#2702=VERTEX_POINT('',#9778);
#2703=VERTEX_POINT('',#9787);
#2704=VERTEX_POINT('',#9791);
#2705=VERTEX_POINT('',#9802);
#2706=VERTEX_POINT('',#9806);
#2707=VERTEX_POINT('',#9817);
#2708=VERTEX_POINT('',#9821);
#2709=VERTEX_POINT('',#9827);
#2710=VERTEX_POINT('',#9829);
#2711=VERTEX_POINT('',#9838);
#2712=VERTEX_POINT('',#9842);
#2713=VERTEX_POINT('',#9853);
#2714=VERTEX_POINT('',#9857);
#2715=VERTEX_POINT('',#9868);
#2716=VERTEX_POINT('',#9872);
#2717=VERTEX_POINT('',#9883);
#2718=VERTEX_POINT('',#9887);
#2719=VERTEX_POINT('',#9898);
#2720=VERTEX_POINT('',#9902);
#2721=VERTEX_POINT('',#9912);
#2722=VERTEX_POINT('',#9913);
#2723=VERTEX_POINT('',#9915);
#2724=VERTEX_POINT('',#9917);
#2725=VERTEX_POINT('',#9921);
#2726=VERTEX_POINT('',#9923);
#2727=VERTEX_POINT('',#9932);
#2728=VERTEX_POINT('',#9936);
#2729=VERTEX_POINT('',#9947);
#2730=VERTEX_POINT('',#9951);
#2731=VERTEX_POINT('',#9957);
#2732=VERTEX_POINT('',#9959);
#2733=VERTEX_POINT('',#9968);
#2734=VERTEX_POINT('',#9972);
#2735=VERTEX_POINT('',#9983);
#2736=VERTEX_POINT('',#9987);
#2737=VERTEX_POINT('',#9998);
#2738=VERTEX_POINT('',#10002);
#2739=VERTEX_POINT('',#10011);
#2740=VERTEX_POINT('',#10012);
#2741=VERTEX_POINT('',#10014);
#2742=VERTEX_POINT('',#10016);
#2743=VERTEX_POINT('',#10025);
#2744=VERTEX_POINT('',#10029);
#2745=VERTEX_POINT('',#10040);
#2746=VERTEX_POINT('',#10044);
#2747=VERTEX_POINT('',#10055);
#2748=VERTEX_POINT('',#10059);
#2749=VERTEX_POINT('',#10065);
#2750=VERTEX_POINT('',#10067);
#2751=VERTEX_POINT('',#10076);
#2752=VERTEX_POINT('',#10080);
#2753=VERTEX_POINT('',#10091);
#2754=VERTEX_POINT('',#10095);
#2755=VERTEX_POINT('',#10106);
#2756=VERTEX_POINT('',#10110);
#2757=VERTEX_POINT('',#10116);
#2758=VERTEX_POINT('',#10118);
#2759=VERTEX_POINT('',#10126);
#2760=VERTEX_POINT('',#10127);
#2761=VERTEX_POINT('',#10129);
#2762=VERTEX_POINT('',#10131);
#2763=VERTEX_POINT('',#10133);
#2764=VERTEX_POINT('',#10135);
#2765=VERTEX_POINT('',#10137);
#2766=VERTEX_POINT('',#10139);
#2767=VERTEX_POINT('',#10141);
#2768=VERTEX_POINT('',#10143);
#2769=VERTEX_POINT('',#10145);
#2770=VERTEX_POINT('',#10147);
#2771=VERTEX_POINT('',#10149);
#2772=VERTEX_POINT('',#10151);
#2773=VERTEX_POINT('',#10154);
#2774=VERTEX_POINT('',#10155);
#2775=VERTEX_POINT('',#10157);
#2776=VERTEX_POINT('',#10159);
#2777=VERTEX_POINT('',#10162);
#2778=VERTEX_POINT('',#10164);
#2779=VERTEX_POINT('',#10166);
#2780=VERTEX_POINT('',#10167);
#2781=VERTEX_POINT('',#10169);
#2782=VERTEX_POINT('',#10171);
#2783=VERTEX_POINT('',#10175);
#2784=VERTEX_POINT('',#10177);
#2785=VERTEX_POINT('',#10181);
#2786=VERTEX_POINT('',#10182);
#2787=VERTEX_POINT('',#10184);
#2788=VERTEX_POINT('',#10186);
#2789=VERTEX_POINT('',#10188);
#2790=VERTEX_POINT('',#10190);
#2791=VERTEX_POINT('',#10192);
#2792=VERTEX_POINT('',#10194);
#2793=VERTEX_POINT('',#10196);
#2794=VERTEX_POINT('',#10198);
#2795=VERTEX_POINT('',#10200);
#2796=VERTEX_POINT('',#10202);
#2797=VERTEX_POINT('',#10204);
#2798=VERTEX_POINT('',#10206);
#2799=VERTEX_POINT('',#10209);
#2800=VERTEX_POINT('',#10210);
#2801=VERTEX_POINT('',#10212);
#2802=VERTEX_POINT('',#10214);
#2803=VERTEX_POINT('',#10217);
#2804=VERTEX_POINT('',#10218);
#2805=VERTEX_POINT('',#10220);
#2806=VERTEX_POINT('',#10222);
#2807=VERTEX_POINT('',#10225);
#2808=VERTEX_POINT('',#10227);
#2809=VERTEX_POINT('',#10229);
#2810=VERTEX_POINT('',#10232);
#2811=VERTEX_POINT('',#10236);
#2812=VERTEX_POINT('',#10238);
#2813=VERTEX_POINT('',#10242);
#2814=VERTEX_POINT('',#10246);
#2815=VERTEX_POINT('',#10252);
#2816=VERTEX_POINT('',#10254);
#2817=VERTEX_POINT('',#10258);
#2818=VERTEX_POINT('',#10262);
#2819=VERTEX_POINT('',#10266);
#2820=VERTEX_POINT('',#10270);
#2821=VERTEX_POINT('',#10272);
#2822=VERTEX_POINT('',#10276);
#2823=VERTEX_POINT('',#10280);
#2824=VERTEX_POINT('',#10286);
#2825=VERTEX_POINT('',#10288);
#2826=VERTEX_POINT('',#10292);
#2827=VERTEX_POINT('',#10296);
#2828=VERTEX_POINT('',#10300);
#2829=VERTEX_POINT('',#10304);
#2830=VERTEX_POINT('',#10308);
#2831=VERTEX_POINT('',#10312);
#2832=VERTEX_POINT('',#10314);
#2833=VERTEX_POINT('',#10318);
#2834=VERTEX_POINT('',#10322);
#2835=VERTEX_POINT('',#10326);
#2836=VERTEX_POINT('',#10330);
#2837=VERTEX_POINT('',#10334);
#2838=VERTEX_POINT('',#10338);
#2839=VERTEX_POINT('',#10340);
#2840=VERTEX_POINT('',#10344);
#2841=VERTEX_POINT('',#10348);
#2842=VERTEX_POINT('',#10352);
#2843=VERTEX_POINT('',#10354);
#2844=VERTEX_POINT('',#10358);
#2845=VERTEX_POINT('',#10362);
#2846=VERTEX_POINT('',#10366);
#2847=VERTEX_POINT('',#10372);
#2848=VERTEX_POINT('',#10374);
#2849=VERTEX_POINT('',#10376);
#2850=VERTEX_POINT('',#10387);
#2851=VERTEX_POINT('',#10390);
#2852=VERTEX_POINT('',#10394);
#2853=VERTEX_POINT('',#10403);
#2854=VERTEX_POINT('',#10407);
#2855=VERTEX_POINT('',#10411);
#2856=VERTEX_POINT('',#10415);
#2857=VERTEX_POINT('',#10419);
#2858=VERTEX_POINT('',#10423);
#2859=VERTEX_POINT('',#10425);
#2860=VERTEX_POINT('',#10429);
#2861=VERTEX_POINT('',#10464);
#2862=VERTEX_POINT('',#10532);
#2863=VERTEX_POINT('',#10656);
#2864=VERTEX_POINT('',#10664);
#2865=VERTEX_POINT('',#10719);
#2866=VERTEX_POINT('',#10723);
#2867=VERTEX_POINT('',#10786);
#2868=VERTEX_POINT('',#10868);
#2869=VERTEX_POINT('',#10872);
#2870=VERTEX_POINT('',#10875);
#2871=VERTEX_POINT('',#10877);
#2872=VERTEX_POINT('',#10881);
#2873=VERTEX_POINT('',#10897);
#2874=VERTEX_POINT('',#10902);
#2875=EDGE_CURVE('',#2343,#2344,#1315,.T.);
#2876=EDGE_CURVE('',#2343,#2345,#1316,.T.);
#2877=EDGE_CURVE('',#2345,#2346,#1317,.T.);
#2878=EDGE_CURVE('',#2344,#2346,#1318,.T.);
#2879=EDGE_CURVE('',#2347,#2343,#1319,.T.);
#2880=EDGE_CURVE('',#2347,#2348,#1320,.T.);
#2881=EDGE_CURVE('',#2348,#2345,#1321,.T.);
#2882=EDGE_CURVE('',#2349,#2347,#369,.T.);
#2883=EDGE_CURVE('',#2349,#2350,#1322,.T.);
#2884=EDGE_CURVE('',#2350,#2348,#370,.T.);
#2885=EDGE_CURVE('',#2351,#2349,#371,.T.);
#2886=EDGE_CURVE('',#2351,#2352,#1323,.T.);
#2887=EDGE_CURVE('',#2352,#2350,#372,.T.);
#2888=EDGE_CURVE('',#2353,#2351,#1324,.T.);
#2889=EDGE_CURVE('',#2353,#2354,#1325,.T.);
#2890=EDGE_CURVE('',#2354,#2352,#1326,.T.);
#2891=EDGE_CURVE('',#2355,#2353,#373,.T.);
#2892=EDGE_CURVE('',#2355,#2356,#1327,.T.);
#2893=EDGE_CURVE('',#2356,#2354,#374,.T.);
#2894=EDGE_CURVE('',#2357,#2355,#375,.T.);
#2895=EDGE_CURVE('',#2357,#2358,#1328,.T.);
#2896=EDGE_CURVE('',#2358,#2356,#376,.T.);
#2897=EDGE_CURVE('',#2359,#2357,#377,.T.);
#2898=EDGE_CURVE('',#2359,#2360,#1329,.T.);
#2899=EDGE_CURVE('',#2360,#2358,#378,.T.);
#2900=EDGE_CURVE('',#2344,#2359,#1330,.T.);
#2901=EDGE_CURVE('',#2346,#2360,#1331,.T.);
#2902=EDGE_CURVE('',#2361,#2362,#1332,.T.);
#2903=EDGE_CURVE('',#2361,#2363,#1333,.T.);
#2904=EDGE_CURVE('',#2363,#2364,#1334,.T.);
#2905=EDGE_CURVE('',#2362,#2364,#1335,.T.);
#2906=EDGE_CURVE('',#2365,#2361,#379,.T.);
#2907=EDGE_CURVE('',#2365,#2366,#1336,.T.);
#2908=EDGE_CURVE('',#2366,#2363,#380,.T.);
#2909=EDGE_CURVE('',#2367,#2365,#381,.T.);
#2910=EDGE_CURVE('',#2367,#2368,#1337,.T.);
#2911=EDGE_CURVE('',#2368,#2366,#382,.T.);
#2912=EDGE_CURVE('',#2369,#2367,#383,.T.);
#2913=EDGE_CURVE('',#2369,#2370,#1338,.T.);
#2914=EDGE_CURVE('',#2370,#2368,#384,.T.);
#2915=EDGE_CURVE('',#2371,#2369,#1339,.T.);
#2916=EDGE_CURVE('',#2371,#2372,#1340,.T.);
#2917=EDGE_CURVE('',#2372,#2370,#1341,.T.);
#2918=EDGE_CURVE('',#2373,#2371,#385,.T.);
#2919=EDGE_CURVE('',#2373,#2374,#1342,.T.);
#2920=EDGE_CURVE('',#2374,#2372,#386,.T.);
#2921=EDGE_CURVE('',#2375,#2373,#387,.T.);
#2922=EDGE_CURVE('',#2375,#2376,#1343,.T.);
#2923=EDGE_CURVE('',#2376,#2374,#388,.T.);
#2924=EDGE_CURVE('',#2377,#2375,#389,.T.);
#2925=EDGE_CURVE('',#2377,#2378,#1344,.T.);
#2926=EDGE_CURVE('',#2378,#2376,#390,.T.);
#2927=EDGE_CURVE('',#2379,#2377,#1345,.T.);
#2928=EDGE_CURVE('',#2379,#2380,#1346,.T.);
#2929=EDGE_CURVE('',#2380,#2378,#1347,.T.);
#2930=EDGE_CURVE('',#2362,#2379,#1348,.T.);
#2931=EDGE_CURVE('',#2364,#2380,#1349,.T.);
#2932=EDGE_CURVE('',#2381,#2382,#1350,.T.);
#2933=EDGE_CURVE('',#2381,#2383,#1351,.T.);
#2934=EDGE_CURVE('',#2383,#2384,#1352,.T.);
#2935=EDGE_CURVE('',#2382,#2384,#1353,.T.);
#2936=EDGE_CURVE('',#2385,#2381,#1354,.T.);
#2937=EDGE_CURVE('',#2385,#2386,#1355,.T.);
#2938=EDGE_CURVE('',#2386,#2383,#1356,.T.);
#2939=EDGE_CURVE('',#2387,#2385,#1357,.T.);
#2940=EDGE_CURVE('',#2387,#2388,#1358,.T.);
#2941=EDGE_CURVE('',#2388,#2386,#1359,.T.);
#2942=EDGE_CURVE('',#2389,#2387,#1360,.T.);
#2943=EDGE_CURVE('',#2389,#2390,#1361,.T.);
#2944=EDGE_CURVE('',#2390,#2388,#1362,.T.);
#2945=EDGE_CURVE('',#2391,#2389,#391,.T.);
#2946=EDGE_CURVE('',#2391,#2392,#1363,.T.);
#2947=EDGE_CURVE('',#2392,#2390,#392,.T.);
#2948=EDGE_CURVE('',#2393,#2391,#393,.T.);
#2949=EDGE_CURVE('',#2393,#2394,#1364,.T.);
#2950=EDGE_CURVE('',#2394,#2392,#394,.T.);
#2951=EDGE_CURVE('',#2395,#2393,#395,.T.);
#2952=EDGE_CURVE('',#2395,#2396,#1365,.T.);
#2953=EDGE_CURVE('',#2396,#2394,#396,.T.);
#2954=EDGE_CURVE('',#2397,#2395,#397,.T.);
#2955=EDGE_CURVE('',#2397,#2398,#1366,.T.);
#2956=EDGE_CURVE('',#2398,#2396,#398,.T.);
#2957=EDGE_CURVE('',#2399,#2397,#399,.T.);
#2958=EDGE_CURVE('',#2399,#2400,#1367,.T.);
#2959=EDGE_CURVE('',#2400,#2398,#400,.T.);
#2960=EDGE_CURVE('',#2401,#2399,#1368,.T.);
#2961=EDGE_CURVE('',#2401,#2402,#1369,.T.);
#2962=EDGE_CURVE('',#2402,#2400,#1370,.T.);
#2963=EDGE_CURVE('',#2403,#2401,#401,.T.);
#2964=EDGE_CURVE('',#2403,#2404,#1371,.T.);
#2965=EDGE_CURVE('',#2404,#2402,#402,.T.);
#2966=EDGE_CURVE('',#2405,#2403,#403,.T.);
#2967=EDGE_CURVE('',#2405,#2406,#1372,.T.);
#2968=EDGE_CURVE('',#2406,#2404,#404,.T.);
#2969=EDGE_CURVE('',#2407,#2405,#405,.T.);
#2970=EDGE_CURVE('',#2407,#2408,#1373,.T.);
#2971=EDGE_CURVE('',#2408,#2406,#406,.T.);
#2972=EDGE_CURVE('',#2409,#2407,#1374,.T.);
#2973=EDGE_CURVE('',#2409,#2410,#1375,.T.);
#2974=EDGE_CURVE('',#2410,#2408,#1376,.T.);
#2975=EDGE_CURVE('',#2411,#2409,#407,.T.);
#2976=EDGE_CURVE('',#2411,#2412,#1377,.T.);
#2977=EDGE_CURVE('',#2412,#2410,#408,.T.);
#2978=EDGE_CURVE('',#2413,#2411,#409,.T.);
#2979=EDGE_CURVE('',#2413,#2414,#1378,.T.);
#2980=EDGE_CURVE('',#2414,#2412,#410,.T.);
#2981=EDGE_CURVE('',#2415,#2413,#411,.T.);
#2982=EDGE_CURVE('',#2415,#2416,#1379,.T.);
#2983=EDGE_CURVE('',#2416,#2414,#412,.T.);
#2984=EDGE_CURVE('',#2417,#2415,#1380,.T.);
#2985=EDGE_CURVE('',#2417,#2418,#1381,.T.);
#2986=EDGE_CURVE('',#2418,#2416,#1382,.T.);
#2987=EDGE_CURVE('',#2419,#2417,#413,.T.);
#2988=EDGE_CURVE('',#2419,#2420,#1383,.T.);
#2989=EDGE_CURVE('',#2420,#2418,#414,.T.);
#2990=EDGE_CURVE('',#2421,#2419,#415,.T.);
#2991=EDGE_CURVE('',#2421,#2422,#1384,.T.);
#2992=EDGE_CURVE('',#2422,#2420,#416,.T.);
#2993=EDGE_CURVE('',#2423,#2421,#417,.T.);
#2994=EDGE_CURVE('',#2423,#2424,#1385,.T.);
#2995=EDGE_CURVE('',#2424,#2422,#418,.T.);
#2996=EDGE_CURVE('',#2425,#2423,#419,.T.);
#2997=EDGE_CURVE('',#2425,#2426,#1386,.T.);
#2998=EDGE_CURVE('',#2426,#2424,#420,.T.);
#2999=EDGE_CURVE('',#2427,#2425,#421,.T.);
#3000=EDGE_CURVE('',#2427,#2428,#1387,.T.);
#3001=EDGE_CURVE('',#2428,#2426,#422,.T.);
#3002=EDGE_CURVE('',#2382,#2427,#1388,.T.);
#3003=EDGE_CURVE('',#2384,#2428,#1389,.T.);
#3004=EDGE_CURVE('',#2429,#2430,#1390,.T.);
#3005=EDGE_CURVE('',#2429,#2431,#1391,.T.);
#3006=EDGE_CURVE('',#2431,#2432,#1392,.T.);
#3007=EDGE_CURVE('',#2430,#2432,#1393,.T.);
#3008=EDGE_CURVE('',#2433,#2429,#1394,.T.);
#3009=EDGE_CURVE('',#2433,#2434,#1395,.T.);
#3010=EDGE_CURVE('',#2434,#2431,#1396,.T.);
#3011=EDGE_CURVE('',#2435,#2433,#1397,.T.);
#3012=EDGE_CURVE('',#2435,#2436,#1398,.T.);
#3013=EDGE_CURVE('',#2436,#2434,#1399,.T.);
#3014=EDGE_CURVE('',#2437,#2435,#1400,.T.);
#3015=EDGE_CURVE('',#2437,#2438,#1401,.T.);
#3016=EDGE_CURVE('',#2438,#2436,#1402,.T.);
#3017=EDGE_CURVE('',#2439,#2437,#1403,.T.);
#3018=EDGE_CURVE('',#2439,#2440,#1404,.T.);
#3019=EDGE_CURVE('',#2440,#2438,#1405,.T.);
#3020=EDGE_CURVE('',#2441,#2439,#1406,.T.);
#3021=EDGE_CURVE('',#2441,#2442,#1407,.T.);
#3022=EDGE_CURVE('',#2442,#2440,#1408,.T.);
#3023=EDGE_CURVE('',#2443,#2441,#1409,.T.);
#3024=EDGE_CURVE('',#2443,#2444,#1410,.T.);
#3025=EDGE_CURVE('',#2444,#2442,#1411,.T.);
#3026=EDGE_CURVE('',#2430,#2443,#1412,.T.);
#3027=EDGE_CURVE('',#2432,#2444,#1413,.T.);
#3028=EDGE_CURVE('',#2445,#2446,#1414,.T.);
#3029=EDGE_CURVE('',#2445,#2447,#1415,.T.);
#3030=EDGE_CURVE('',#2447,#2448,#1416,.T.);
#3031=EDGE_CURVE('',#2446,#2448,#1417,.T.);
#3032=EDGE_CURVE('',#2449,#2445,#1418,.T.);
#3033=EDGE_CURVE('',#2449,#2450,#1419,.T.);
#3034=EDGE_CURVE('',#2450,#2447,#1420,.T.);
#3035=EDGE_CURVE('',#2451,#2449,#1421,.T.);
#3036=EDGE_CURVE('',#2451,#2452,#1422,.T.);
#3037=EDGE_CURVE('',#2452,#2450,#1423,.T.);
#3038=EDGE_CURVE('',#2453,#2451,#1424,.T.);
#3039=EDGE_CURVE('',#2453,#2454,#1425,.T.);
#3040=EDGE_CURVE('',#2454,#2452,#1426,.T.);
#3041=EDGE_CURVE('',#2455,#2453,#1427,.T.);
#3042=EDGE_CURVE('',#2455,#2456,#1428,.T.);
#3043=EDGE_CURVE('',#2456,#2454,#1429,.T.);
#3044=EDGE_CURVE('',#2457,#2455,#1430,.T.);
#3045=EDGE_CURVE('',#2457,#2458,#1431,.T.);
#3046=EDGE_CURVE('',#2458,#2456,#1432,.T.);
#3047=EDGE_CURVE('',#2459,#2457,#1433,.T.);
#3048=EDGE_CURVE('',#2459,#2460,#1434,.T.);
#3049=EDGE_CURVE('',#2460,#2458,#1435,.T.);
#3050=EDGE_CURVE('',#2461,#2459,#1436,.T.);
#3051=EDGE_CURVE('',#2461,#2462,#1437,.T.);
#3052=EDGE_CURVE('',#2462,#2460,#1438,.T.);
#3053=EDGE_CURVE('',#2463,#2461,#1439,.T.);
#3054=EDGE_CURVE('',#2463,#2464,#1440,.T.);
#3055=EDGE_CURVE('',#2464,#2462,#1441,.T.);
#3056=EDGE_CURVE('',#2465,#2463,#1442,.T.);
#3057=EDGE_CURVE('',#2465,#2466,#1443,.T.);
#3058=EDGE_CURVE('',#2466,#2464,#1444,.T.);
#3059=EDGE_CURVE('',#2467,#2465,#1445,.T.);
#3060=EDGE_CURVE('',#2467,#2468,#1446,.T.);
#3061=EDGE_CURVE('',#2468,#2466,#1447,.T.);
#3062=EDGE_CURVE('',#2446,#2467,#1448,.T.);
#3063=EDGE_CURVE('',#2448,#2468,#1449,.T.);
#3064=EDGE_CURVE('',#2469,#2470,#1450,.T.);
#3065=EDGE_CURVE('',#2469,#2471,#1451,.T.);
#3066=EDGE_CURVE('',#2471,#2472,#1452,.T.);
#3067=EDGE_CURVE('',#2470,#2472,#1453,.T.);
#3068=EDGE_CURVE('',#2473,#2469,#1454,.T.);
#3069=EDGE_CURVE('',#2473,#2474,#1455,.T.);
#3070=EDGE_CURVE('',#2474,#2471,#1456,.T.);
#3071=EDGE_CURVE('',#2475,#2473,#1457,.T.);
#3072=EDGE_CURVE('',#2475,#2476,#1458,.T.);
#3073=EDGE_CURVE('',#2476,#2474,#1459,.T.);
#3074=EDGE_CURVE('',#2477,#2475,#423,.T.);
#3075=EDGE_CURVE('',#2477,#2478,#1460,.T.);
#3076=EDGE_CURVE('',#2478,#2476,#424,.T.);
#3077=EDGE_CURVE('',#2479,#2477,#425,.T.);
#3078=EDGE_CURVE('',#2479,#2480,#1461,.T.);
#3079=EDGE_CURVE('',#2480,#2478,#426,.T.);
#3080=EDGE_CURVE('',#2481,#2479,#427,.T.);
#3081=EDGE_CURVE('',#2481,#2482,#1462,.T.);
#3082=EDGE_CURVE('',#2482,#2480,#428,.T.);
#3083=EDGE_CURVE('',#2483,#2481,#429,.T.);
#3084=EDGE_CURVE('',#2483,#2484,#1463,.T.);
#3085=EDGE_CURVE('',#2484,#2482,#430,.T.);
#3086=EDGE_CURVE('',#2485,#2483,#1464,.T.);
#3087=EDGE_CURVE('',#2485,#2486,#1465,.T.);
#3088=EDGE_CURVE('',#2486,#2484,#1466,.T.);
#3089=EDGE_CURVE('',#2487,#2485,#1467,.T.);
#3090=EDGE_CURVE('',#2487,#2488,#1468,.T.);
#3091=EDGE_CURVE('',#2488,#2486,#1469,.T.);
#3092=EDGE_CURVE('',#2489,#2487,#1470,.T.);
#3093=EDGE_CURVE('',#2489,#2490,#1471,.T.);
#3094=EDGE_CURVE('',#2490,#2488,#1472,.T.);
#3095=EDGE_CURVE('',#2491,#2489,#431,.T.);
#3096=EDGE_CURVE('',#2491,#2492,#1473,.T.);
#3097=EDGE_CURVE('',#2492,#2490,#432,.T.);
#3098=EDGE_CURVE('',#2470,#2491,#433,.T.);
#3099=EDGE_CURVE('',#2472,#2492,#434,.T.);
#3100=EDGE_CURVE('',#2493,#2494,#1474,.T.);
#3101=EDGE_CURVE('',#2495,#2493,#137,.T.);
#3102=EDGE_CURVE('',#2496,#2495,#1475,.T.);
#3103=EDGE_CURVE('',#2497,#2496,#138,.T.);
#3104=EDGE_CURVE('',#2498,#2497,#139,.T.);
#3105=EDGE_CURVE('',#2499,#2498,#1476,.T.);
#3106=EDGE_CURVE('',#2500,#2499,#140,.T.);
#3107=EDGE_CURVE('',#2501,#2500,#141,.T.);
#3108=EDGE_CURVE('',#2502,#2501,#1477,.T.);
#3109=EDGE_CURVE('',#2503,#2502,#142,.T.);
#3110=EDGE_CURVE('',#2504,#2503,#1478,.T.);
#3111=EDGE_CURVE('',#2505,#2504,#143,.T.);
#3112=EDGE_CURVE('',#2506,#2505,#1479,.T.);
#3113=EDGE_CURVE('',#2494,#2506,#144,.T.);
#3114=EDGE_CURVE('',#2507,#2508,#1480,.T.);
#3115=EDGE_CURVE('',#2509,#2507,#145,.T.);
#3116=EDGE_CURVE('',#2510,#2509,#1481,.T.);
#3117=EDGE_CURVE('',#2508,#2510,#146,.T.);
#3118=EDGE_CURVE('',#2511,#2511,#147,.T.);
#3119=EDGE_CURVE('',#2512,#2512,#148,.T.);
#3120=EDGE_CURVE('',#2513,#2514,#149,.T.);
#3121=EDGE_CURVE('',#2515,#2513,#1482,.T.);
#3122=EDGE_CURVE('',#2516,#2515,#150,.T.);
#3123=EDGE_CURVE('',#2514,#2516,#1483,.T.);
#3124=EDGE_CURVE('',#2517,#2517,#151,.T.);
#3125=EDGE_CURVE('',#2517,#2518,#1484,.T.);
#3126=EDGE_CURVE('',#2518,#2518,#152,.T.);
#3127=EDGE_CURVE('',#2519,#2520,#153,.T.);
#3128=EDGE_CURVE('',#2521,#2519,#1485,.T.);
#3129=EDGE_CURVE('',#2522,#2521,#154,.T.);
#3130=EDGE_CURVE('',#2523,#2522,#155,.T.);
#3131=EDGE_CURVE('',#2524,#2523,#1486,.T.);
#3132=EDGE_CURVE('',#2525,#2524,#156,.T.);
#3133=EDGE_CURVE('',#2526,#2525,#1487,.T.);
#3134=EDGE_CURVE('',#2527,#2526,#157,.T.);
#3135=EDGE_CURVE('',#2528,#2527,#1488,.T.);
#3136=EDGE_CURVE('',#2529,#2528,#158,.T.);
#3137=EDGE_CURVE('',#2530,#2529,#1489,.T.);
#3138=EDGE_CURVE('',#2531,#2530,#159,.T.);
#3139=EDGE_CURVE('',#2532,#2531,#1490,.T.);
#3140=EDGE_CURVE('',#2520,#2532,#160,.T.);
#3141=EDGE_CURVE('',#2533,#2534,#161,.T.);
#3142=EDGE_CURVE('',#2535,#2533,#1491,.T.);
#3143=EDGE_CURVE('',#2536,#2535,#162,.T.);
#3144=EDGE_CURVE('',#2534,#2536,#1492,.T.);
#3145=EDGE_CURVE('',#2537,#2538,#163,.T.);
#3146=EDGE_CURVE('',#2539,#2537,#1493,.T.);
#3147=EDGE_CURVE('',#2540,#2539,#164,.T.);
#3148=EDGE_CURVE('',#2538,#2540,#1494,.T.);
#3149=EDGE_CURVE('',#2541,#2541,#165,.T.);
#3150=EDGE_CURVE('',#2542,#2542,#166,.T.);
#3151=EDGE_CURVE('',#2543,#2543,#167,.T.);
#3152=EDGE_CURVE('',#2517,#2544,#1495,.T.);
#3153=EDGE_CURVE('',#2544,#2544,#168,.T.);
#3154=EDGE_CURVE('',#2534,#2545,#1496,.T.);
#3155=EDGE_CURVE('',#2545,#2546,#169,.T.);
#3156=EDGE_CURVE('',#2546,#2533,#1497,.T.);
#3157=EDGE_CURVE('',#2546,#2547,#1498,.T.);
#3158=EDGE_CURVE('',#2547,#2535,#1499,.T.);
#3159=EDGE_CURVE('',#2536,#2548,#1500,.T.);
#3160=EDGE_CURVE('',#2548,#2545,#1501,.T.);
#3161=EDGE_CURVE('',#2547,#2548,#170,.T.);
#3162=EDGE_CURVE('',#2549,#2546,#1502,.T.);
#3163=EDGE_CURVE('',#2550,#2549,#1503,.T.);
#3164=EDGE_CURVE('',#2547,#2550,#1504,.T.);
#3165=EDGE_CURVE('',#2545,#2551,#1505,.T.);
#3166=EDGE_CURVE('',#2549,#2551,#171,.T.);
#3167=EDGE_CURVE('',#2552,#2552,#172,.T.);
#3168=EDGE_CURVE('',#2552,#2543,#1506,.T.);
#3169=EDGE_CURVE('',#2552,#2553,#1507,.T.);
#3170=EDGE_CURVE('',#2553,#2553,#173,.T.);
#3171=EDGE_CURVE('',#2538,#2554,#1508,.T.);
#3172=EDGE_CURVE('',#2554,#2555,#174,.T.);
#3173=EDGE_CURVE('',#2555,#2537,#1509,.T.);
#3174=EDGE_CURVE('',#2555,#2556,#1510,.T.);
#3175=EDGE_CURVE('',#2556,#2539,#1511,.T.);
#3176=EDGE_CURVE('',#2540,#2557,#1512,.T.);
#3177=EDGE_CURVE('',#2557,#2554,#1513,.T.);
#3178=EDGE_CURVE('',#2556,#2557,#175,.T.);
#3179=EDGE_CURVE('',#2558,#2555,#1514,.T.);
#3180=EDGE_CURVE('',#2559,#2558,#1515,.T.);
#3181=EDGE_CURVE('',#2556,#2559,#1516,.T.);
#3182=EDGE_CURVE('',#2554,#2560,#1517,.T.);
#3183=EDGE_CURVE('',#2558,#2560,#176,.T.);
#3184=EDGE_CURVE('',#2561,#2561,#177,.T.);
#3185=EDGE_CURVE('',#2561,#2542,#1518,.T.);
#3186=EDGE_CURVE('',#2561,#2562,#1519,.T.);
#3187=EDGE_CURVE('',#2562,#2562,#178,.T.);
#3188=EDGE_CURVE('',#2563,#2563,#179,.T.);
#3189=EDGE_CURVE('',#2563,#2541,#1520,.T.);
#3190=EDGE_CURVE('',#2563,#2564,#1521,.T.);
#3191=EDGE_CURVE('',#2564,#2564,#180,.T.);
#3192=EDGE_CURVE('',#2520,#2565,#1522,.T.);
#3193=EDGE_CURVE('',#2565,#2566,#181,.T.);
#3194=EDGE_CURVE('',#2566,#2519,#1523,.T.);
#3195=EDGE_CURVE('',#2566,#2567,#1524,.T.);
#3196=EDGE_CURVE('',#2567,#2521,#1525,.T.);
#3197=EDGE_CURVE('',#2532,#2568,#1526,.T.);
#3198=EDGE_CURVE('',#2568,#2565,#182,.T.);
#3199=EDGE_CURVE('',#2567,#2569,#183,.T.);
#3200=EDGE_CURVE('',#2569,#2522,#1527,.T.);
#3201=EDGE_CURVE('',#2531,#2570,#1528,.T.);
#3202=EDGE_CURVE('',#2570,#2568,#1529,.T.);
#3203=EDGE_CURVE('',#2571,#2523,#1530,.T.);
#3204=EDGE_CURVE('',#2569,#2571,#184,.T.);
#3205=EDGE_CURVE('',#2530,#2572,#1531,.T.);
#3206=EDGE_CURVE('',#2572,#2573,#185,.T.);
#3207=EDGE_CURVE('',#2573,#2570,#186,.T.);
#3208=EDGE_CURVE('',#2571,#2574,#1532,.T.);
#3209=EDGE_CURVE('',#2574,#2524,#1533,.T.);
#3210=EDGE_CURVE('',#2529,#2575,#1534,.T.);
#3211=EDGE_CURVE('',#2575,#2572,#1535,.T.);
#3212=EDGE_CURVE('',#2574,#2576,#187,.T.);
#3213=EDGE_CURVE('',#2576,#2577,#188,.T.);
#3214=EDGE_CURVE('',#2577,#2525,#1536,.T.);
#3215=EDGE_CURVE('',#2528,#2578,#1537,.T.);
#3216=EDGE_CURVE('',#2578,#2575,#189,.T.);
#3217=EDGE_CURVE('',#2579,#2526,#1538,.T.);
#3218=EDGE_CURVE('',#2577,#2579,#1539,.T.);
#3219=EDGE_CURVE('',#2527,#2580,#1540,.T.);
#3220=EDGE_CURVE('',#2580,#2578,#1541,.T.);
#3221=EDGE_CURVE('',#2579,#2580,#190,.T.);
#3222=EDGE_CURVE('',#2577,#2581,#1542,.T.);
#3223=EDGE_CURVE('',#2582,#2581,#435,.T.);
#3224=EDGE_CURVE('',#2583,#2582,#1543,.T.);
#3225=EDGE_CURVE('',#2579,#2583,#1544,.T.);
#3226=EDGE_CURVE('',#2584,#2584,#191,.T.);
#3227=EDGE_CURVE('',#2584,#2576,#1545,.T.);
#3228=EDGE_CURVE('',#2574,#2585,#1546,.T.);
#3229=EDGE_CURVE('',#2581,#2585,#192,.T.);
#3230=EDGE_CURVE('',#2586,#2571,#1547,.T.);
#3231=EDGE_CURVE('',#2587,#2586,#1548,.T.);
#3232=EDGE_CURVE('',#2585,#2587,#436,.T.);
#3233=EDGE_CURVE('',#2588,#2569,#1549,.T.);
#3234=EDGE_CURVE('',#2586,#2588,#193,.T.);
#3235=EDGE_CURVE('',#2567,#2589,#1550,.T.);
#3236=EDGE_CURVE('',#2588,#2589,#194,.T.);
#3237=EDGE_CURVE('',#2590,#2566,#1551,.T.);
#3238=EDGE_CURVE('',#2589,#2590,#1552,.T.);
#3239=EDGE_CURVE('',#2565,#2591,#1553,.T.);
#3240=EDGE_CURVE('',#2590,#2591,#195,.T.);
#3241=EDGE_CURVE('',#2592,#2505,#196,.T.);
#3242=EDGE_CURVE('',#2504,#2593,#197,.T.);
#3243=EDGE_CURVE('',#2593,#2592,#198,.T.);
#3244=EDGE_CURVE('',#2503,#2594,#199,.T.);
#3245=EDGE_CURVE('',#2594,#2593,#1554,.T.);
#3246=EDGE_CURVE('',#2503,#2595,#437,.T.);
#3247=EDGE_CURVE('',#2595,#2594,#438,.T.);
#3248=EDGE_CURVE('',#2596,#2506,#200,.T.);
#3249=EDGE_CURVE('',#2592,#2596,#1555,.T.);
#3250=EDGE_CURVE('',#2583,#2494,#201,.T.);
#3251=EDGE_CURVE('',#2596,#2583,#202,.T.);
#3252=EDGE_CURVE('',#2582,#2493,#203,.T.);
#3253=EDGE_CURVE('',#2581,#2493,#439,.T.);
#3254=EDGE_CURVE('',#2495,#2585,#440,.T.);
#3255=EDGE_CURVE('',#2596,#2580,#1556,.T.);
#3256=EDGE_CURVE('',#2578,#2592,#1557,.T.);
#3257=EDGE_CURVE('',#2593,#2575,#1558,.T.);
#3258=EDGE_CURVE('',#2508,#2559,#204,.T.);
#3259=EDGE_CURVE('',#2558,#2507,#205,.T.);
#3260=EDGE_CURVE('',#2560,#2509,#206,.T.);
#3261=EDGE_CURVE('',#2597,#2510,#207,.T.);
#3262=EDGE_CURVE('',#2560,#2597,#1559,.T.);
#3263=EDGE_CURVE('',#2597,#2559,#208,.T.);
#3264=EDGE_CURVE('',#2550,#2513,#209,.T.);
#3265=EDGE_CURVE('',#2514,#2598,#210,.T.);
#3266=EDGE_CURVE('',#2598,#2550,#211,.T.);
#3267=EDGE_CURVE('',#2516,#2551,#212,.T.);
#3268=EDGE_CURVE('',#2551,#2598,#1560,.T.);
#3269=EDGE_CURVE('',#2515,#2549,#213,.T.);
#3270=EDGE_CURVE('',#2598,#2548,#1561,.T.);
#3271=EDGE_CURVE('',#2587,#2495,#214,.T.);
#3272=EDGE_CURVE('',#2586,#2496,#215,.T.);
#3273=EDGE_CURVE('',#2588,#2497,#216,.T.);
#3274=EDGE_CURVE('',#2589,#2498,#217,.T.);
#3275=EDGE_CURVE('',#2590,#2499,#218,.T.);
#3276=EDGE_CURVE('',#2591,#2500,#219,.T.);
#3277=EDGE_CURVE('',#2599,#2501,#220,.T.);
#3278=EDGE_CURVE('',#2591,#2599,#221,.T.);
#3279=EDGE_CURVE('',#2600,#2502,#222,.T.);
#3280=EDGE_CURVE('',#2599,#2600,#1562,.T.);
#3281=EDGE_CURVE('',#2600,#2601,#441,.T.);
#3282=EDGE_CURVE('',#2601,#2502,#442,.T.);
#3283=EDGE_CURVE('',#2570,#2601,#1563,.T.);
#3284=EDGE_CURVE('',#2568,#2599,#1564,.T.);
#3285=EDGE_CURVE('',#2602,#2602,#223,.T.);
#3286=EDGE_CURVE('',#2602,#2584,#224,.T.);
#3287=EDGE_CURVE('',#2603,#2603,#225,.T.);
#3288=EDGE_CURVE('',#2604,#2604,#226,.T.);
#3289=EDGE_CURVE('',#2604,#2605,#227,.T.);
#3290=EDGE_CURVE('',#2605,#2605,#228,.T.);
#3291=EDGE_CURVE('',#2606,#2606,#229,.T.);
#3292=EDGE_CURVE('',#2605,#2573,#1565,.T.);
#3293=EDGE_CURVE('',#2572,#2595,#1566,.T.);
#3294=EDGE_CURVE('',#2601,#2595,#230,.T.);
#3295=EDGE_CURVE('',#2564,#2606,#1567,.T.);
#3296=EDGE_CURVE('',#2562,#2603,#1568,.T.);
#3297=EDGE_CURVE('',#2597,#2557,#1569,.T.);
#3298=EDGE_CURVE('',#2607,#2607,#231,.T.);
#3299=EDGE_CURVE('',#2607,#2512,#1570,.T.);
#3300=EDGE_CURVE('',#2608,#2608,#232,.T.);
#3301=EDGE_CURVE('',#2608,#2511,#1571,.T.);
#3302=EDGE_CURVE('',#2609,#2610,#1572,.T.);
#3303=EDGE_CURVE('',#2609,#2611,#1573,.T.);
#3304=EDGE_CURVE('',#2611,#2612,#1574,.T.);
#3305=EDGE_CURVE('',#2610,#2612,#1575,.T.);
#3306=EDGE_CURVE('',#2613,#2609,#1576,.T.);
#3307=EDGE_CURVE('',#2613,#2614,#1577,.T.);
#3308=EDGE_CURVE('',#2614,#2611,#1578,.T.);
#3309=EDGE_CURVE('',#2615,#2613,#1579,.T.);
#3310=EDGE_CURVE('',#2615,#2616,#1580,.T.);
#3311=EDGE_CURVE('',#2616,#2614,#1581,.T.);
#3312=EDGE_CURVE('',#2617,#2615,#443,.T.);
#3313=EDGE_CURVE('',#2617,#2618,#1582,.T.);
#3314=EDGE_CURVE('',#2618,#2616,#444,.T.);
#3315=EDGE_CURVE('',#2619,#2617,#445,.T.);
#3316=EDGE_CURVE('',#2619,#2620,#1583,.T.);
#3317=EDGE_CURVE('',#2620,#2618,#446,.T.);
#3318=EDGE_CURVE('',#2621,#2619,#447,.T.);
#3319=EDGE_CURVE('',#2621,#2622,#1584,.T.);
#3320=EDGE_CURVE('',#2622,#2620,#448,.T.);
#3321=EDGE_CURVE('',#2623,#2621,#449,.T.);
#3322=EDGE_CURVE('',#2623,#2624,#1585,.T.);
#3323=EDGE_CURVE('',#2624,#2622,#450,.T.);
#3324=EDGE_CURVE('',#2625,#2623,#1586,.T.);
#3325=EDGE_CURVE('',#2625,#2626,#1587,.T.);
#3326=EDGE_CURVE('',#2626,#2624,#1588,.T.);
#3327=EDGE_CURVE('',#2627,#2625,#1589,.T.);
#3328=EDGE_CURVE('',#2627,#2628,#1590,.T.);
#3329=EDGE_CURVE('',#2628,#2626,#1591,.T.);
#3330=EDGE_CURVE('',#2629,#2627,#1592,.T.);
#3331=EDGE_CURVE('',#2629,#2630,#1593,.T.);
#3332=EDGE_CURVE('',#2630,#2628,#1594,.T.);
#3333=EDGE_CURVE('',#2631,#2629,#451,.T.);
#3334=EDGE_CURVE('',#2631,#2632,#1595,.T.);
#3335=EDGE_CURVE('',#2632,#2630,#452,.T.);
#3336=EDGE_CURVE('',#2610,#2631,#453,.T.);
#3337=EDGE_CURVE('',#2612,#2632,#454,.T.);
#3338=EDGE_CURVE('',#2633,#2634,#1596,.T.);
#3339=EDGE_CURVE('',#2633,#2635,#1597,.T.);
#3340=EDGE_CURVE('',#2635,#2636,#1598,.T.);
#3341=EDGE_CURVE('',#2634,#2636,#1599,.T.);
#3342=EDGE_CURVE('',#2637,#2633,#1600,.T.);
#3343=EDGE_CURVE('',#2637,#2638,#1601,.T.);
#3344=EDGE_CURVE('',#2638,#2635,#1602,.T.);
#3345=EDGE_CURVE('',#2639,#2637,#1603,.T.);
#3346=EDGE_CURVE('',#2639,#2640,#1604,.T.);
#3347=EDGE_CURVE('',#2640,#2638,#1605,.T.);
#3348=EDGE_CURVE('',#2641,#2639,#1606,.T.);
#3349=EDGE_CURVE('',#2641,#2642,#1607,.T.);
#3350=EDGE_CURVE('',#2642,#2640,#1608,.T.);
#3351=EDGE_CURVE('',#2643,#2641,#1609,.T.);
#3352=EDGE_CURVE('',#2643,#2644,#1610,.T.);
#3353=EDGE_CURVE('',#2644,#2642,#1611,.T.);
#3354=EDGE_CURVE('',#2645,#2643,#1612,.T.);
#3355=EDGE_CURVE('',#2645,#2646,#1613,.T.);
#3356=EDGE_CURVE('',#2646,#2644,#1614,.T.);
#3357=EDGE_CURVE('',#2647,#2645,#1615,.T.);
#3358=EDGE_CURVE('',#2647,#2648,#1616,.T.);
#3359=EDGE_CURVE('',#2648,#2646,#1617,.T.);
#3360=EDGE_CURVE('',#2649,#2647,#1618,.T.);
#3361=EDGE_CURVE('',#2649,#2650,#1619,.T.);
#3362=EDGE_CURVE('',#2650,#2648,#1620,.T.);
#3363=EDGE_CURVE('',#2651,#2649,#1621,.T.);
#3364=EDGE_CURVE('',#2651,#2652,#1622,.T.);
#3365=EDGE_CURVE('',#2652,#2650,#1623,.T.);
#3366=EDGE_CURVE('',#2653,#2651,#1624,.T.);
#3367=EDGE_CURVE('',#2653,#2654,#1625,.T.);
#3368=EDGE_CURVE('',#2654,#2652,#1626,.T.);
#3369=EDGE_CURVE('',#2655,#2653,#1627,.T.);
#3370=EDGE_CURVE('',#2655,#2656,#1628,.T.);
#3371=EDGE_CURVE('',#2656,#2654,#1629,.T.);
#3372=EDGE_CURVE('',#2634,#2655,#1630,.T.);
#3373=EDGE_CURVE('',#2636,#2656,#1631,.T.);
#3374=EDGE_CURVE('',#2657,#2658,#1632,.T.);
#3375=EDGE_CURVE('',#2657,#2659,#1633,.T.);
#3376=EDGE_CURVE('',#2659,#2660,#1634,.T.);
#3377=EDGE_CURVE('',#2658,#2660,#1635,.T.);
#3378=EDGE_CURVE('',#2661,#2657,#1636,.T.);
#3379=EDGE_CURVE('',#2661,#2662,#1637,.T.);
#3380=EDGE_CURVE('',#2662,#2659,#1638,.T.);
#3381=EDGE_CURVE('',#2663,#2661,#1639,.T.);
#3382=EDGE_CURVE('',#2663,#2664,#1640,.T.);
#3383=EDGE_CURVE('',#2664,#2662,#1641,.T.);
#3384=EDGE_CURVE('',#2665,#2663,#1642,.T.);
#3385=EDGE_CURVE('',#2665,#2666,#1643,.T.);
#3386=EDGE_CURVE('',#2666,#2664,#1644,.T.);
#3387=EDGE_CURVE('',#2667,#2665,#1645,.T.);
#3388=EDGE_CURVE('',#2667,#2668,#1646,.T.);
#3389=EDGE_CURVE('',#2668,#2666,#1647,.T.);
#3390=EDGE_CURVE('',#2669,#2667,#1648,.T.);
#3391=EDGE_CURVE('',#2669,#2670,#1649,.T.);
#3392=EDGE_CURVE('',#2670,#2668,#1650,.T.);
#3393=EDGE_CURVE('',#2671,#2669,#1651,.T.);
#3394=EDGE_CURVE('',#2671,#2672,#1652,.T.);
#3395=EDGE_CURVE('',#2672,#2670,#1653,.T.);
#3396=EDGE_CURVE('',#2658,#2671,#1654,.T.);
#3397=EDGE_CURVE('',#2660,#2672,#1655,.T.);
#3398=EDGE_CURVE('',#2673,#2674,#1656,.T.);
#3399=EDGE_CURVE('',#2673,#2675,#1657,.T.);
#3400=EDGE_CURVE('',#2675,#2676,#1658,.T.);
#3401=EDGE_CURVE('',#2674,#2676,#1659,.T.);
#3402=EDGE_CURVE('',#2677,#2673,#1660,.T.);
#3403=EDGE_CURVE('',#2677,#2678,#1661,.T.);
#3404=EDGE_CURVE('',#2678,#2675,#1662,.T.);
#3405=EDGE_CURVE('',#2679,#2677,#1663,.T.);
#3406=EDGE_CURVE('',#2679,#2680,#1664,.T.);
#3407=EDGE_CURVE('',#2680,#2678,#1665,.T.);
#3408=EDGE_CURVE('',#2681,#2679,#1666,.T.);
#3409=EDGE_CURVE('',#2681,#2682,#1667,.T.);
#3410=EDGE_CURVE('',#2682,#2680,#1668,.T.);
#3411=EDGE_CURVE('',#2683,#2681,#455,.T.);
#3412=EDGE_CURVE('',#2683,#2684,#1669,.T.);
#3413=EDGE_CURVE('',#2684,#2682,#456,.T.);
#3414=EDGE_CURVE('',#2685,#2683,#457,.T.);
#3415=EDGE_CURVE('',#2685,#2686,#1670,.T.);
#3416=EDGE_CURVE('',#2686,#2684,#458,.T.);
#3417=EDGE_CURVE('',#2687,#2685,#459,.T.);
#3418=EDGE_CURVE('',#2687,#2688,#1671,.T.);
#3419=EDGE_CURVE('',#2688,#2686,#460,.T.);
#3420=EDGE_CURVE('',#2689,#2687,#461,.T.);
#3421=EDGE_CURVE('',#2689,#2690,#1672,.T.);
#3422=EDGE_CURVE('',#2690,#2688,#462,.T.);
#3423=EDGE_CURVE('',#2691,#2689,#463,.T.);
#3424=EDGE_CURVE('',#2691,#2692,#1673,.T.);
#3425=EDGE_CURVE('',#2692,#2690,#464,.T.);
#3426=EDGE_CURVE('',#2693,#2691,#1674,.T.);
#3427=EDGE_CURVE('',#2693,#2694,#1675,.T.);
#3428=EDGE_CURVE('',#2694,#2692,#1676,.T.);
#3429=EDGE_CURVE('',#2695,#2693,#465,.T.);
#3430=EDGE_CURVE('',#2695,#2696,#1677,.T.);
#3431=EDGE_CURVE('',#2696,#2694,#466,.T.);
#3432=EDGE_CURVE('',#2697,#2695,#467,.T.);
#3433=EDGE_CURVE('',#2697,#2698,#1678,.T.);
#3434=EDGE_CURVE('',#2698,#2696,#468,.T.);
#3435=EDGE_CURVE('',#2699,#2697,#469,.T.);
#3436=EDGE_CURVE('',#2699,#2700,#1679,.T.);
#3437=EDGE_CURVE('',#2700,#2698,#470,.T.);
#3438=EDGE_CURVE('',#2701,#2699,#1680,.T.);
#3439=EDGE_CURVE('',#2701,#2702,#1681,.T.);
#3440=EDGE_CURVE('',#2702,#2700,#1682,.T.);
#3441=EDGE_CURVE('',#2703,#2701,#471,.T.);
#3442=EDGE_CURVE('',#2703,#2704,#1683,.T.);
#3443=EDGE_CURVE('',#2704,#2702,#472,.T.);
#3444=EDGE_CURVE('',#2705,#2703,#473,.T.);
#3445=EDGE_CURVE('',#2705,#2706,#1684,.T.);
#3446=EDGE_CURVE('',#2706,#2704,#474,.T.);
#3447=EDGE_CURVE('',#2707,#2705,#475,.T.);
#3448=EDGE_CURVE('',#2707,#2708,#1685,.T.);
#3449=EDGE_CURVE('',#2708,#2706,#476,.T.);
#3450=EDGE_CURVE('',#2709,#2707,#1686,.T.);
#3451=EDGE_CURVE('',#2709,#2710,#1687,.T.);
#3452=EDGE_CURVE('',#2710,#2708,#1688,.T.);
#3453=EDGE_CURVE('',#2711,#2709,#477,.T.);
#3454=EDGE_CURVE('',#2711,#2712,#1689,.T.);
#3455=EDGE_CURVE('',#2712,#2710,#478,.T.);
#3456=EDGE_CURVE('',#2713,#2711,#479,.T.);
#3457=EDGE_CURVE('',#2713,#2714,#1690,.T.);
#3458=EDGE_CURVE('',#2714,#2712,#480,.T.);
#3459=EDGE_CURVE('',#2715,#2713,#481,.T.);
#3460=EDGE_CURVE('',#2715,#2716,#1691,.T.);
#3461=EDGE_CURVE('',#2716,#2714,#482,.T.);
#3462=EDGE_CURVE('',#2717,#2715,#483,.T.);
#3463=EDGE_CURVE('',#2717,#2718,#1692,.T.);
#3464=EDGE_CURVE('',#2718,#2716,#484,.T.);
#3465=EDGE_CURVE('',#2719,#2717,#485,.T.);
#3466=EDGE_CURVE('',#2719,#2720,#1693,.T.);
#3467=EDGE_CURVE('',#2720,#2718,#486,.T.);
#3468=EDGE_CURVE('',#2674,#2719,#1694,.T.);
#3469=EDGE_CURVE('',#2676,#2720,#1695,.T.);
#3470=EDGE_CURVE('',#2721,#2722,#1696,.T.);
#3471=EDGE_CURVE('',#2721,#2723,#1697,.T.);
#3472=EDGE_CURVE('',#2723,#2724,#1698,.T.);
#3473=EDGE_CURVE('',#2722,#2724,#1699,.T.);
#3474=EDGE_CURVE('',#2725,#2721,#1700,.T.);
#3475=EDGE_CURVE('',#2725,#2726,#1701,.T.);
#3476=EDGE_CURVE('',#2726,#2723,#1702,.T.);
#3477=EDGE_CURVE('',#2727,#2725,#487,.T.);
#3478=EDGE_CURVE('',#2727,#2728,#1703,.T.);
#3479=EDGE_CURVE('',#2728,#2726,#488,.T.);
#3480=EDGE_CURVE('',#2729,#2727,#489,.T.);
#3481=EDGE_CURVE('',#2729,#2730,#1704,.T.);
#3482=EDGE_CURVE('',#2730,#2728,#490,.T.);
#3483=EDGE_CURVE('',#2731,#2729,#1705,.T.);
#3484=EDGE_CURVE('',#2731,#2732,#1706,.T.);
#3485=EDGE_CURVE('',#2732,#2730,#1707,.T.);
#3486=EDGE_CURVE('',#2733,#2731,#491,.T.);
#3487=EDGE_CURVE('',#2733,#2734,#1708,.T.);
#3488=EDGE_CURVE('',#2734,#2732,#492,.T.);
#3489=EDGE_CURVE('',#2735,#2733,#493,.T.);
#3490=EDGE_CURVE('',#2735,#2736,#1709,.T.);
#3491=EDGE_CURVE('',#2736,#2734,#494,.T.);
#3492=EDGE_CURVE('',#2737,#2735,#495,.T.);
#3493=EDGE_CURVE('',#2737,#2738,#1710,.T.);
#3494=EDGE_CURVE('',#2738,#2736,#496,.T.);
#3495=EDGE_CURVE('',#2722,#2737,#1711,.T.);
#3496=EDGE_CURVE('',#2724,#2738,#1712,.T.);
#3497=EDGE_CURVE('',#2739,#2740,#1713,.T.);
#3498=EDGE_CURVE('',#2739,#2741,#1714,.T.);
#3499=EDGE_CURVE('',#2741,#2742,#1715,.T.);
#3500=EDGE_CURVE('',#2740,#2742,#1716,.T.);
#3501=EDGE_CURVE('',#2743,#2739,#497,.T.);
#3502=EDGE_CURVE('',#2743,#2744,#1717,.T.);
#3503=EDGE_CURVE('',#2744,#2741,#498,.T.);
#3504=EDGE_CURVE('',#2745,#2743,#499,.T.);
#3505=EDGE_CURVE('',#2745,#2746,#1718,.T.);
#3506=EDGE_CURVE('',#2746,#2744,#500,.T.);
#3507=EDGE_CURVE('',#2747,#2745,#501,.T.);
#3508=EDGE_CURVE('',#2747,#2748,#1719,.T.);
#3509=EDGE_CURVE('',#2748,#2746,#502,.T.);
#3510=EDGE_CURVE('',#2749,#2747,#1720,.T.);
#3511=EDGE_CURVE('',#2749,#2750,#1721,.T.);
#3512=EDGE_CURVE('',#2750,#2748,#1722,.T.);
#3513=EDGE_CURVE('',#2751,#2749,#503,.T.);
#3514=EDGE_CURVE('',#2751,#2752,#1723,.T.);
#3515=EDGE_CURVE('',#2752,#2750,#504,.T.);
#3516=EDGE_CURVE('',#2753,#2751,#505,.T.);
#3517=EDGE_CURVE('',#2753,#2754,#1724,.T.);
#3518=EDGE_CURVE('',#2754,#2752,#506,.T.);
#3519=EDGE_CURVE('',#2755,#2753,#507,.T.);
#3520=EDGE_CURVE('',#2755,#2756,#1725,.T.);
#3521=EDGE_CURVE('',#2756,#2754,#508,.T.);
#3522=EDGE_CURVE('',#2757,#2755,#1726,.T.);
#3523=EDGE_CURVE('',#2757,#2758,#1727,.T.);
#3524=EDGE_CURVE('',#2758,#2756,#1728,.T.);
#3525=EDGE_CURVE('',#2740,#2757,#1729,.T.);
#3526=EDGE_CURVE('',#2742,#2758,#1730,.T.);
#3527=EDGE_CURVE('',#2759,#2760,#1731,.T.);
#3528=EDGE_CURVE('',#2760,#2761,#233,.T.);
#3529=EDGE_CURVE('',#2761,#2762,#1732,.T.);
#3530=EDGE_CURVE('',#2762,#2763,#234,.T.);
#3531=EDGE_CURVE('',#2763,#2764,#1733,.T.);
#3532=EDGE_CURVE('',#2764,#2765,#235,.T.);
#3533=EDGE_CURVE('',#2765,#2766,#1734,.T.);
#3534=EDGE_CURVE('',#2766,#2767,#236,.T.);
#3535=EDGE_CURVE('',#2767,#2768,#237,.T.);
#3536=EDGE_CURVE('',#2768,#2769,#1735,.T.);
#3537=EDGE_CURVE('',#2769,#2770,#238,.T.);
#3538=EDGE_CURVE('',#2770,#2771,#239,.T.);
#3539=EDGE_CURVE('',#2771,#2772,#1736,.T.);
#3540=EDGE_CURVE('',#2772,#2759,#240,.T.);
#3541=EDGE_CURVE('',#2773,#2774,#1737,.T.);
#3542=EDGE_CURVE('',#2774,#2775,#241,.T.);
#3543=EDGE_CURVE('',#2775,#2776,#1738,.T.);
#3544=EDGE_CURVE('',#2776,#2773,#242,.T.);
#3545=EDGE_CURVE('',#2777,#2777,#243,.T.);
#3546=EDGE_CURVE('',#2778,#2778,#244,.T.);
#3547=EDGE_CURVE('',#2779,#2780,#245,.T.);
#3548=EDGE_CURVE('',#2780,#2781,#1739,.T.);
#3549=EDGE_CURVE('',#2781,#2782,#246,.T.);
#3550=EDGE_CURVE('',#2782,#2779,#1740,.T.);
#3551=EDGE_CURVE('',#2783,#2783,#247,.T.);
#3552=EDGE_CURVE('',#2783,#2784,#1741,.T.);
#3553=EDGE_CURVE('',#2784,#2784,#248,.T.);
#3554=EDGE_CURVE('',#2785,#2786,#249,.T.);
#3555=EDGE_CURVE('',#2786,#2787,#250,.T.);
#3556=EDGE_CURVE('',#2787,#2788,#1742,.T.);
#3557=EDGE_CURVE('',#2788,#2789,#251,.T.);
#3558=EDGE_CURVE('',#2789,#2790,#1743,.T.);
#3559=EDGE_CURVE('',#2790,#2791,#252,.T.);
#3560=EDGE_CURVE('',#2791,#2792,#1744,.T.);
#3561=EDGE_CURVE('',#2792,#2793,#253,.T.);
#3562=EDGE_CURVE('',#2793,#2794,#1745,.T.);
#3563=EDGE_CURVE('',#2794,#2795,#254,.T.);
#3564=EDGE_CURVE('',#2795,#2796,#1746,.T.);
#3565=EDGE_CURVE('',#2796,#2797,#255,.T.);
#3566=EDGE_CURVE('',#2797,#2798,#256,.T.);
#3567=EDGE_CURVE('',#2798,#2785,#1747,.T.);
#3568=EDGE_CURVE('',#2799,#2800,#257,.T.);
#3569=EDGE_CURVE('',#2800,#2801,#1748,.T.);
#3570=EDGE_CURVE('',#2801,#2802,#258,.T.);
#3571=EDGE_CURVE('',#2802,#2799,#1749,.T.);
#3572=EDGE_CURVE('',#2803,#2804,#259,.T.);
#3573=EDGE_CURVE('',#2804,#2805,#1750,.T.);
#3574=EDGE_CURVE('',#2805,#2806,#260,.T.);
#3575=EDGE_CURVE('',#2806,#2803,#1751,.T.);
#3576=EDGE_CURVE('',#2807,#2807,#261,.T.);
#3577=EDGE_CURVE('',#2808,#2808,#262,.T.);
#3578=EDGE_CURVE('',#2809,#2809,#263,.T.);
#3579=EDGE_CURVE('',#2810,#2810,#264,.T.);
#3580=EDGE_CURVE('',#2810,#2783,#1752,.T.);
#3581=EDGE_CURVE('',#2800,#2811,#1753,.T.);
#3582=EDGE_CURVE('',#2812,#2799,#1754,.T.);
#3583=EDGE_CURVE('',#2811,#2812,#265,.T.);
#3584=EDGE_CURVE('',#2813,#2802,#1755,.T.);
#3585=EDGE_CURVE('',#2812,#2813,#1756,.T.);
#3586=EDGE_CURVE('',#2801,#2814,#1757,.T.);
#3587=EDGE_CURVE('',#2814,#2811,#1758,.T.);
#3588=EDGE_CURVE('',#2813,#2814,#266,.T.);
#3589=EDGE_CURVE('',#2813,#2815,#1759,.T.);
#3590=EDGE_CURVE('',#2815,#2816,#1760,.T.);
#3591=EDGE_CURVE('',#2816,#2812,#1761,.T.);
#3592=EDGE_CURVE('',#2816,#2817,#267,.T.);
#3593=EDGE_CURVE('',#2811,#2817,#1762,.T.);
#3594=EDGE_CURVE('',#2818,#2818,#268,.T.);
#3595=EDGE_CURVE('',#2818,#2809,#1763,.T.);
#3596=EDGE_CURVE('',#2819,#2819,#269,.T.);
#3597=EDGE_CURVE('',#2819,#2818,#1764,.T.);
#3598=EDGE_CURVE('',#2804,#2820,#1765,.T.);
#3599=EDGE_CURVE('',#2821,#2803,#1766,.T.);
#3600=EDGE_CURVE('',#2820,#2821,#270,.T.);
#3601=EDGE_CURVE('',#2822,#2806,#1767,.T.);
#3602=EDGE_CURVE('',#2821,#2822,#1768,.T.);
#3603=EDGE_CURVE('',#2805,#2823,#1769,.T.);
#3604=EDGE_CURVE('',#2823,#2820,#1770,.T.);
#3605=EDGE_CURVE('',#2822,#2823,#271,.T.);
#3606=EDGE_CURVE('',#2822,#2824,#1771,.T.);
#3607=EDGE_CURVE('',#2824,#2825,#1772,.T.);
#3608=EDGE_CURVE('',#2825,#2821,#1773,.T.);
#3609=EDGE_CURVE('',#2825,#2826,#272,.T.);
#3610=EDGE_CURVE('',#2820,#2826,#1774,.T.);
#3611=EDGE_CURVE('',#2827,#2827,#273,.T.);
#3612=EDGE_CURVE('',#2827,#2808,#1775,.T.);
#3613=EDGE_CURVE('',#2828,#2828,#274,.T.);
#3614=EDGE_CURVE('',#2828,#2827,#1776,.T.);
#3615=EDGE_CURVE('',#2829,#2829,#275,.T.);
#3616=EDGE_CURVE('',#2829,#2807,#1777,.T.);
#3617=EDGE_CURVE('',#2830,#2830,#276,.T.);
#3618=EDGE_CURVE('',#2830,#2829,#1778,.T.);
#3619=EDGE_CURVE('',#2786,#2831,#1779,.T.);
#3620=EDGE_CURVE('',#2832,#2785,#1780,.T.);
#3621=EDGE_CURVE('',#2831,#2832,#277,.T.);
#3622=EDGE_CURVE('',#2833,#2798,#1781,.T.);
#3623=EDGE_CURVE('',#2832,#2833,#1782,.T.);
#3624=EDGE_CURVE('',#2834,#2831,#278,.T.);
#3625=EDGE_CURVE('',#2787,#2834,#1783,.T.);
#3626=EDGE_CURVE('',#2835,#2797,#1784,.T.);
#3627=EDGE_CURVE('',#2833,#2835,#279,.T.);
#3628=EDGE_CURVE('',#2836,#2834,#1785,.T.);
#3629=EDGE_CURVE('',#2788,#2836,#1786,.T.);
#3630=EDGE_CURVE('',#2837,#2796,#1787,.T.);
#3631=EDGE_CURVE('',#2835,#2837,#280,.T.);
#3632=EDGE_CURVE('',#2789,#2838,#1788,.T.);
#3633=EDGE_CURVE('',#2839,#2836,#281,.T.);
#3634=EDGE_CURVE('',#2838,#2839,#282,.T.);
#3635=EDGE_CURVE('',#2840,#2795,#1789,.T.);
#3636=EDGE_CURVE('',#2837,#2840,#1790,.T.);
#3637=EDGE_CURVE('',#2790,#2841,#1791,.T.);
#3638=EDGE_CURVE('',#2841,#2838,#1792,.T.);
#3639=EDGE_CURVE('',#2842,#2794,#1793,.T.);
#3640=EDGE_CURVE('',#2843,#2842,#283,.T.);
#3641=EDGE_CURVE('',#2840,#2843,#284,.T.);
#3642=EDGE_CURVE('',#2791,#2844,#1794,.T.);
#3643=EDGE_CURVE('',#2844,#2841,#285,.T.);
#3644=EDGE_CURVE('',#2845,#2793,#1795,.T.);
#3645=EDGE_CURVE('',#2842,#2845,#1796,.T.);
#3646=EDGE_CURVE('',#2792,#2846,#1797,.T.);
#3647=EDGE_CURVE('',#2846,#2844,#1798,.T.);
#3648=EDGE_CURVE('',#2845,#2846,#286,.T.);
#3649=EDGE_CURVE('',#2845,#2847,#1799,.T.);
#3650=EDGE_CURVE('',#2847,#2848,#1800,.T.);
#3651=EDGE_CURVE('',#2848,#2849,#509,.T.);
#3652=EDGE_CURVE('',#2842,#2849,#1801,.T.);
#3653=EDGE_CURVE('',#2843,#2850,#1802,.T.);
#3654=EDGE_CURVE('',#2850,#2850,#287,.T.);
#3655=EDGE_CURVE('',#2849,#2851,#288,.T.);
#3656=EDGE_CURVE('',#2840,#2851,#1803,.T.);
#3657=EDGE_CURVE('',#2851,#2852,#510,.T.);
#3658=EDGE_CURVE('',#2852,#2853,#1804,.T.);
#3659=EDGE_CURVE('',#2853,#2837,#1805,.T.);
#3660=EDGE_CURVE('',#2853,#2854,#289,.T.);
#3661=EDGE_CURVE('',#2854,#2835,#1806,.T.);
#3662=EDGE_CURVE('',#2854,#2855,#290,.T.);
#3663=EDGE_CURVE('',#2833,#2855,#1807,.T.);
#3664=EDGE_CURVE('',#2855,#2856,#1808,.T.);
#3665=EDGE_CURVE('',#2856,#2832,#1809,.T.);
#3666=EDGE_CURVE('',#2856,#2857,#291,.T.);
#3667=EDGE_CURVE('',#2831,#2857,#1810,.T.);
#3668=EDGE_CURVE('',#2858,#2762,#292,.T.);
#3669=EDGE_CURVE('',#2859,#2858,#293,.T.);
#3670=EDGE_CURVE('',#2763,#2859,#294,.T.);
#3671=EDGE_CURVE('',#2764,#2860,#295,.T.);
#3672=EDGE_CURVE('',#2860,#2859,#1811,.T.);
#3673=EDGE_CURVE('',#2861,#2860,#511,.T.);
#3674=EDGE_CURVE('',#2764,#2861,#512,.T.);
#3675=EDGE_CURVE('',#2862,#2761,#296,.T.);
#3676=EDGE_CURVE('',#2858,#2862,#1812,.T.);
#3677=EDGE_CURVE('',#2847,#2760,#297,.T.);
#3678=EDGE_CURVE('',#2862,#2847,#298,.T.);
#3679=EDGE_CURVE('',#2848,#2759,#299,.T.);
#3680=EDGE_CURVE('',#2849,#2759,#513,.T.);
#3681=EDGE_CURVE('',#2772,#2851,#514,.T.);
#3682=EDGE_CURVE('',#2862,#2846,#1813,.T.);
#3683=EDGE_CURVE('',#2844,#2858,#1814,.T.);
#3684=EDGE_CURVE('',#2859,#2841,#1815,.T.);
#3685=EDGE_CURVE('',#2774,#2824,#300,.T.);
#3686=EDGE_CURVE('',#2825,#2773,#301,.T.);
#3687=EDGE_CURVE('',#2826,#2776,#302,.T.);
#3688=EDGE_CURVE('',#2863,#2775,#303,.T.);
#3689=EDGE_CURVE('',#2826,#2863,#1816,.T.);
#3690=EDGE_CURVE('',#2863,#2824,#304,.T.);
#3691=EDGE_CURVE('',#2815,#2779,#305,.T.);
#3692=EDGE_CURVE('',#2864,#2815,#306,.T.);
#3693=EDGE_CURVE('',#2780,#2864,#307,.T.);
#3694=EDGE_CURVE('',#2781,#2817,#308,.T.);
#3695=EDGE_CURVE('',#2817,#2864,#1817,.T.);
#3696=EDGE_CURVE('',#2782,#2816,#309,.T.);
#3697=EDGE_CURVE('',#2864,#2814,#1818,.T.);
#3698=EDGE_CURVE('',#2852,#2772,#310,.T.);
#3699=EDGE_CURVE('',#2853,#2771,#311,.T.);
#3700=EDGE_CURVE('',#2854,#2770,#312,.T.);
#3701=EDGE_CURVE('',#2855,#2769,#313,.T.);
#3702=EDGE_CURVE('',#2856,#2768,#314,.T.);
#3703=EDGE_CURVE('',#2857,#2767,#315,.T.);
#3704=EDGE_CURVE('',#2865,#2766,#316,.T.);
#3705=EDGE_CURVE('',#2857,#2865,#317,.T.);
#3706=EDGE_CURVE('',#2866,#2765,#318,.T.);
#3707=EDGE_CURVE('',#2865,#2866,#1819,.T.);
#3708=EDGE_CURVE('',#2866,#2867,#515,.T.);
#3709=EDGE_CURVE('',#2867,#2765,#516,.T.);
#3710=EDGE_CURVE('',#2834,#2865,#1820,.T.);
#3711=EDGE_CURVE('',#2836,#2867,#1821,.T.);
#3712=EDGE_CURVE('',#2868,#2868,#319,.T.);
#3713=EDGE_CURVE('',#2868,#2850,#320,.T.);
#3714=EDGE_CURVE('',#2869,#2869,#321,.T.);
#3715=EDGE_CURVE('',#2870,#2870,#322,.T.);
#3716=EDGE_CURVE('',#2870,#2871,#323,.T.);
#3717=EDGE_CURVE('',#2871,#2871,#324,.T.);
#3718=EDGE_CURVE('',#2872,#2872,#325,.T.);
#3719=EDGE_CURVE('',#2839,#2871,#1822,.T.);
#3720=EDGE_CURVE('',#2867,#2861,#326,.T.);
#3721=EDGE_CURVE('',#2838,#2861,#1823,.T.);
#3722=EDGE_CURVE('',#2830,#2872,#1824,.T.);
#3723=EDGE_CURVE('',#2828,#2869,#1825,.T.);
#3724=EDGE_CURVE('',#2863,#2823,#1826,.T.);
#3725=EDGE_CURVE('',#2778,#2873,#1827,.T.);
#3726=EDGE_CURVE('',#2873,#2873,#327,.T.);
#3727=EDGE_CURVE('',#2777,#2874,#1828,.T.);
#3728=EDGE_CURVE('',#2874,#2874,#328,.T.);
#3729=ORIENTED_EDGE('',*,*,#2875,.F.);
#3730=ORIENTED_EDGE('',*,*,#2876,.T.);
#3731=ORIENTED_EDGE('',*,*,#2877,.T.);
#3732=ORIENTED_EDGE('',*,*,#2878,.F.);
#3733=ORIENTED_EDGE('',*,*,#2879,.F.);
#3734=ORIENTED_EDGE('',*,*,#2880,.T.);
#3735=ORIENTED_EDGE('',*,*,#2881,.T.);
#3736=ORIENTED_EDGE('',*,*,#2876,.F.);
#3737=ORIENTED_EDGE('',*,*,#2882,.F.);
#3738=ORIENTED_EDGE('',*,*,#2883,.T.);
#3739=ORIENTED_EDGE('',*,*,#2884,.T.);
#3740=ORIENTED_EDGE('',*,*,#2880,.F.);
#3741=ORIENTED_EDGE('',*,*,#2885,.F.);
#3742=ORIENTED_EDGE('',*,*,#2886,.T.);
#3743=ORIENTED_EDGE('',*,*,#2887,.T.);
#3744=ORIENTED_EDGE('',*,*,#2883,.F.);
#3745=ORIENTED_EDGE('',*,*,#2888,.F.);
#3746=ORIENTED_EDGE('',*,*,#2889,.T.);
#3747=ORIENTED_EDGE('',*,*,#2890,.T.);
#3748=ORIENTED_EDGE('',*,*,#2886,.F.);
#3749=ORIENTED_EDGE('',*,*,#2891,.F.);
#3750=ORIENTED_EDGE('',*,*,#2892,.T.);
#3751=ORIENTED_EDGE('',*,*,#2893,.T.);
#3752=ORIENTED_EDGE('',*,*,#2889,.F.);
#3753=ORIENTED_EDGE('',*,*,#2894,.F.);
#3754=ORIENTED_EDGE('',*,*,#2895,.T.);
#3755=ORIENTED_EDGE('',*,*,#2896,.T.);
#3756=ORIENTED_EDGE('',*,*,#2892,.F.);
#3757=ORIENTED_EDGE('',*,*,#2897,.F.);
#3758=ORIENTED_EDGE('',*,*,#2898,.T.);
#3759=ORIENTED_EDGE('',*,*,#2899,.T.);
#3760=ORIENTED_EDGE('',*,*,#2895,.F.);
#3761=ORIENTED_EDGE('',*,*,#2900,.F.);
#3762=ORIENTED_EDGE('',*,*,#2878,.T.);
#3763=ORIENTED_EDGE('',*,*,#2901,.T.);
#3764=ORIENTED_EDGE('',*,*,#2898,.F.);
#3765=ORIENTED_EDGE('',*,*,#2902,.F.);
#3766=ORIENTED_EDGE('',*,*,#2903,.T.);
#3767=ORIENTED_EDGE('',*,*,#2904,.T.);
#3768=ORIENTED_EDGE('',*,*,#2905,.F.);
#3769=ORIENTED_EDGE('',*,*,#2906,.F.);
#3770=ORIENTED_EDGE('',*,*,#2907,.T.);
#3771=ORIENTED_EDGE('',*,*,#2908,.T.);
#3772=ORIENTED_EDGE('',*,*,#2903,.F.);
#3773=ORIENTED_EDGE('',*,*,#2909,.F.);
#3774=ORIENTED_EDGE('',*,*,#2910,.T.);
#3775=ORIENTED_EDGE('',*,*,#2911,.T.);
#3776=ORIENTED_EDGE('',*,*,#2907,.F.);
#3777=ORIENTED_EDGE('',*,*,#2912,.F.);
#3778=ORIENTED_EDGE('',*,*,#2913,.T.);
#3779=ORIENTED_EDGE('',*,*,#2914,.T.);
#3780=ORIENTED_EDGE('',*,*,#2910,.F.);
#3781=ORIENTED_EDGE('',*,*,#2915,.F.);
#3782=ORIENTED_EDGE('',*,*,#2916,.T.);
#3783=ORIENTED_EDGE('',*,*,#2917,.T.);
#3784=ORIENTED_EDGE('',*,*,#2913,.F.);
#3785=ORIENTED_EDGE('',*,*,#2918,.F.);
#3786=ORIENTED_EDGE('',*,*,#2919,.T.);
#3787=ORIENTED_EDGE('',*,*,#2920,.T.);
#3788=ORIENTED_EDGE('',*,*,#2916,.F.);
#3789=ORIENTED_EDGE('',*,*,#2921,.F.);
#3790=ORIENTED_EDGE('',*,*,#2922,.T.);
#3791=ORIENTED_EDGE('',*,*,#2923,.T.);
#3792=ORIENTED_EDGE('',*,*,#2919,.F.);
#3793=ORIENTED_EDGE('',*,*,#2924,.F.);
#3794=ORIENTED_EDGE('',*,*,#2925,.T.);
#3795=ORIENTED_EDGE('',*,*,#2926,.T.);
#3796=ORIENTED_EDGE('',*,*,#2922,.F.);
#3797=ORIENTED_EDGE('',*,*,#2927,.F.);
#3798=ORIENTED_EDGE('',*,*,#2928,.T.);
#3799=ORIENTED_EDGE('',*,*,#2929,.T.);
#3800=ORIENTED_EDGE('',*,*,#2925,.F.);
#3801=ORIENTED_EDGE('',*,*,#2930,.F.);
#3802=ORIENTED_EDGE('',*,*,#2905,.T.);
#3803=ORIENTED_EDGE('',*,*,#2931,.T.);
#3804=ORIENTED_EDGE('',*,*,#2928,.F.);
#3805=ORIENTED_EDGE('',*,*,#2931,.F.);
#3806=ORIENTED_EDGE('',*,*,#2904,.F.);
#3807=ORIENTED_EDGE('',*,*,#2908,.F.);
#3808=ORIENTED_EDGE('',*,*,#2911,.F.);
#3809=ORIENTED_EDGE('',*,*,#2914,.F.);
#3810=ORIENTED_EDGE('',*,*,#2917,.F.);
#3811=ORIENTED_EDGE('',*,*,#2920,.F.);
#3812=ORIENTED_EDGE('',*,*,#2923,.F.);
#3813=ORIENTED_EDGE('',*,*,#2926,.F.);
#3814=ORIENTED_EDGE('',*,*,#2929,.F.);
#3815=ORIENTED_EDGE('',*,*,#2901,.F.);
#3816=ORIENTED_EDGE('',*,*,#2877,.F.);
#3817=ORIENTED_EDGE('',*,*,#2881,.F.);
#3818=ORIENTED_EDGE('',*,*,#2884,.F.);
#3819=ORIENTED_EDGE('',*,*,#2887,.F.);
#3820=ORIENTED_EDGE('',*,*,#2890,.F.);
#3821=ORIENTED_EDGE('',*,*,#2893,.F.);
#3822=ORIENTED_EDGE('',*,*,#2896,.F.);
#3823=ORIENTED_EDGE('',*,*,#2899,.F.);
#3824=ORIENTED_EDGE('',*,*,#2932,.F.);
#3825=ORIENTED_EDGE('',*,*,#2933,.T.);
#3826=ORIENTED_EDGE('',*,*,#2934,.T.);
#3827=ORIENTED_EDGE('',*,*,#2935,.F.);
#3828=ORIENTED_EDGE('',*,*,#2936,.F.);
#3829=ORIENTED_EDGE('',*,*,#2937,.T.);
#3830=ORIENTED_EDGE('',*,*,#2938,.T.);
#3831=ORIENTED_EDGE('',*,*,#2933,.F.);
#3832=ORIENTED_EDGE('',*,*,#2939,.F.);
#3833=ORIENTED_EDGE('',*,*,#2940,.T.);
#3834=ORIENTED_EDGE('',*,*,#2941,.T.);
#3835=ORIENTED_EDGE('',*,*,#2937,.F.);
#3836=ORIENTED_EDGE('',*,*,#2942,.F.);
#3837=ORIENTED_EDGE('',*,*,#2943,.T.);
#3838=ORIENTED_EDGE('',*,*,#2944,.T.);
#3839=ORIENTED_EDGE('',*,*,#2940,.F.);
#3840=ORIENTED_EDGE('',*,*,#2945,.F.);
#3841=ORIENTED_EDGE('',*,*,#2946,.T.);
#3842=ORIENTED_EDGE('',*,*,#2947,.T.);
#3843=ORIENTED_EDGE('',*,*,#2943,.F.);
#3844=ORIENTED_EDGE('',*,*,#2948,.F.);
#3845=ORIENTED_EDGE('',*,*,#2949,.T.);
#3846=ORIENTED_EDGE('',*,*,#2950,.T.);
#3847=ORIENTED_EDGE('',*,*,#2946,.F.);
#3848=ORIENTED_EDGE('',*,*,#2951,.F.);
#3849=ORIENTED_EDGE('',*,*,#2952,.T.);
#3850=ORIENTED_EDGE('',*,*,#2953,.T.);
#3851=ORIENTED_EDGE('',*,*,#2949,.F.);
#3852=ORIENTED_EDGE('',*,*,#2954,.F.);
#3853=ORIENTED_EDGE('',*,*,#2955,.T.);
#3854=ORIENTED_EDGE('',*,*,#2956,.T.);
#3855=ORIENTED_EDGE('',*,*,#2952,.F.);
#3856=ORIENTED_EDGE('',*,*,#2957,.F.);
#3857=ORIENTED_EDGE('',*,*,#2958,.T.);
#3858=ORIENTED_EDGE('',*,*,#2959,.T.);
#3859=ORIENTED_EDGE('',*,*,#2955,.F.);
#3860=ORIENTED_EDGE('',*,*,#2960,.F.);
#3861=ORIENTED_EDGE('',*,*,#2961,.T.);
#3862=ORIENTED_EDGE('',*,*,#2962,.T.);
#3863=ORIENTED_EDGE('',*,*,#2958,.F.);
#3864=ORIENTED_EDGE('',*,*,#2963,.F.);
#3865=ORIENTED_EDGE('',*,*,#2964,.T.);
#3866=ORIENTED_EDGE('',*,*,#2965,.T.);
#3867=ORIENTED_EDGE('',*,*,#2961,.F.);
#3868=ORIENTED_EDGE('',*,*,#2966,.F.);
#3869=ORIENTED_EDGE('',*,*,#2967,.T.);
#3870=ORIENTED_EDGE('',*,*,#2968,.T.);
#3871=ORIENTED_EDGE('',*,*,#2964,.F.);
#3872=ORIENTED_EDGE('',*,*,#2969,.F.);
#3873=ORIENTED_EDGE('',*,*,#2970,.T.);
#3874=ORIENTED_EDGE('',*,*,#2971,.T.);
#3875=ORIENTED_EDGE('',*,*,#2967,.F.);
#3876=ORIENTED_EDGE('',*,*,#2972,.F.);
#3877=ORIENTED_EDGE('',*,*,#2973,.T.);
#3878=ORIENTED_EDGE('',*,*,#2974,.T.);
#3879=ORIENTED_EDGE('',*,*,#2970,.F.);
#3880=ORIENTED_EDGE('',*,*,#2975,.F.);
#3881=ORIENTED_EDGE('',*,*,#2976,.T.);
#3882=ORIENTED_EDGE('',*,*,#2977,.T.);
#3883=ORIENTED_EDGE('',*,*,#2973,.F.);
#3884=ORIENTED_EDGE('',*,*,#2978,.F.);
#3885=ORIENTED_EDGE('',*,*,#2979,.T.);
#3886=ORIENTED_EDGE('',*,*,#2980,.T.);
#3887=ORIENTED_EDGE('',*,*,#2976,.F.);
#3888=ORIENTED_EDGE('',*,*,#2981,.F.);
#3889=ORIENTED_EDGE('',*,*,#2982,.T.);
#3890=ORIENTED_EDGE('',*,*,#2983,.T.);
#3891=ORIENTED_EDGE('',*,*,#2979,.F.);
#3892=ORIENTED_EDGE('',*,*,#2984,.F.);
#3893=ORIENTED_EDGE('',*,*,#2985,.T.);
#3894=ORIENTED_EDGE('',*,*,#2986,.T.);
#3895=ORIENTED_EDGE('',*,*,#2982,.F.);
#3896=ORIENTED_EDGE('',*,*,#2987,.F.);
#3897=ORIENTED_EDGE('',*,*,#2988,.T.);
#3898=ORIENTED_EDGE('',*,*,#2989,.T.);
#3899=ORIENTED_EDGE('',*,*,#2985,.F.);
#3900=ORIENTED_EDGE('',*,*,#2990,.F.);
#3901=ORIENTED_EDGE('',*,*,#2991,.T.);
#3902=ORIENTED_EDGE('',*,*,#2992,.T.);
#3903=ORIENTED_EDGE('',*,*,#2988,.F.);
#3904=ORIENTED_EDGE('',*,*,#2993,.F.);
#3905=ORIENTED_EDGE('',*,*,#2994,.T.);
#3906=ORIENTED_EDGE('',*,*,#2995,.T.);
#3907=ORIENTED_EDGE('',*,*,#2991,.F.);
#3908=ORIENTED_EDGE('',*,*,#2996,.F.);
#3909=ORIENTED_EDGE('',*,*,#2997,.T.);
#3910=ORIENTED_EDGE('',*,*,#2998,.T.);
#3911=ORIENTED_EDGE('',*,*,#2994,.F.);
#3912=ORIENTED_EDGE('',*,*,#2999,.F.);
#3913=ORIENTED_EDGE('',*,*,#3000,.T.);
#3914=ORIENTED_EDGE('',*,*,#3001,.T.);
#3915=ORIENTED_EDGE('',*,*,#2997,.F.);
#3916=ORIENTED_EDGE('',*,*,#3002,.F.);
#3917=ORIENTED_EDGE('',*,*,#2935,.T.);
#3918=ORIENTED_EDGE('',*,*,#3003,.T.);
#3919=ORIENTED_EDGE('',*,*,#3000,.F.);
#3920=ORIENTED_EDGE('',*,*,#3003,.F.);
#3921=ORIENTED_EDGE('',*,*,#2934,.F.);
#3922=ORIENTED_EDGE('',*,*,#2938,.F.);
#3923=ORIENTED_EDGE('',*,*,#2941,.F.);
#3924=ORIENTED_EDGE('',*,*,#2944,.F.);
#3925=ORIENTED_EDGE('',*,*,#2947,.F.);
#3926=ORIENTED_EDGE('',*,*,#2950,.F.);
#3927=ORIENTED_EDGE('',*,*,#2953,.F.);
#3928=ORIENTED_EDGE('',*,*,#2956,.F.);
#3929=ORIENTED_EDGE('',*,*,#2959,.F.);
#3930=ORIENTED_EDGE('',*,*,#2962,.F.);
#3931=ORIENTED_EDGE('',*,*,#2965,.F.);
#3932=ORIENTED_EDGE('',*,*,#2968,.F.);
#3933=ORIENTED_EDGE('',*,*,#2971,.F.);
#3934=ORIENTED_EDGE('',*,*,#2974,.F.);
#3935=ORIENTED_EDGE('',*,*,#2977,.F.);
#3936=ORIENTED_EDGE('',*,*,#2980,.F.);
#3937=ORIENTED_EDGE('',*,*,#2983,.F.);
#3938=ORIENTED_EDGE('',*,*,#2986,.F.);
#3939=ORIENTED_EDGE('',*,*,#2989,.F.);
#3940=ORIENTED_EDGE('',*,*,#2992,.F.);
#3941=ORIENTED_EDGE('',*,*,#2995,.F.);
#3942=ORIENTED_EDGE('',*,*,#2998,.F.);
#3943=ORIENTED_EDGE('',*,*,#3001,.F.);
#3944=ORIENTED_EDGE('',*,*,#3004,.F.);
#3945=ORIENTED_EDGE('',*,*,#3005,.T.);
#3946=ORIENTED_EDGE('',*,*,#3006,.T.);
#3947=ORIENTED_EDGE('',*,*,#3007,.F.);
#3948=ORIENTED_EDGE('',*,*,#3008,.F.);
#3949=ORIENTED_EDGE('',*,*,#3009,.T.);
#3950=ORIENTED_EDGE('',*,*,#3010,.T.);
#3951=ORIENTED_EDGE('',*,*,#3005,.F.);
#3952=ORIENTED_EDGE('',*,*,#3011,.F.);
#3953=ORIENTED_EDGE('',*,*,#3012,.T.);
#3954=ORIENTED_EDGE('',*,*,#3013,.T.);
#3955=ORIENTED_EDGE('',*,*,#3009,.F.);
#3956=ORIENTED_EDGE('',*,*,#3014,.F.);
#3957=ORIENTED_EDGE('',*,*,#3015,.T.);
#3958=ORIENTED_EDGE('',*,*,#3016,.T.);
#3959=ORIENTED_EDGE('',*,*,#3012,.F.);
#3960=ORIENTED_EDGE('',*,*,#3017,.F.);
#3961=ORIENTED_EDGE('',*,*,#3018,.T.);
#3962=ORIENTED_EDGE('',*,*,#3019,.T.);
#3963=ORIENTED_EDGE('',*,*,#3015,.F.);
#3964=ORIENTED_EDGE('',*,*,#3020,.F.);
#3965=ORIENTED_EDGE('',*,*,#3021,.T.);
#3966=ORIENTED_EDGE('',*,*,#3022,.T.);
#3967=ORIENTED_EDGE('',*,*,#3018,.F.);
#3968=ORIENTED_EDGE('',*,*,#3023,.F.);
#3969=ORIENTED_EDGE('',*,*,#3024,.T.);
#3970=ORIENTED_EDGE('',*,*,#3025,.T.);
#3971=ORIENTED_EDGE('',*,*,#3021,.F.);
#3972=ORIENTED_EDGE('',*,*,#3026,.F.);
#3973=ORIENTED_EDGE('',*,*,#3007,.T.);
#3974=ORIENTED_EDGE('',*,*,#3027,.T.);
#3975=ORIENTED_EDGE('',*,*,#3024,.F.);
#3976=ORIENTED_EDGE('',*,*,#3027,.F.);
#3977=ORIENTED_EDGE('',*,*,#3006,.F.);
#3978=ORIENTED_EDGE('',*,*,#3010,.F.);
#3979=ORIENTED_EDGE('',*,*,#3013,.F.);
#3980=ORIENTED_EDGE('',*,*,#3016,.F.);
#3981=ORIENTED_EDGE('',*,*,#3019,.F.);
#3982=ORIENTED_EDGE('',*,*,#3022,.F.);
#3983=ORIENTED_EDGE('',*,*,#3025,.F.);
#3984=ORIENTED_EDGE('',*,*,#3028,.F.);
#3985=ORIENTED_EDGE('',*,*,#3029,.T.);
#3986=ORIENTED_EDGE('',*,*,#3030,.T.);
#3987=ORIENTED_EDGE('',*,*,#3031,.F.);
#3988=ORIENTED_EDGE('',*,*,#3032,.F.);
#3989=ORIENTED_EDGE('',*,*,#3033,.T.);
#3990=ORIENTED_EDGE('',*,*,#3034,.T.);
#3991=ORIENTED_EDGE('',*,*,#3029,.F.);
#3992=ORIENTED_EDGE('',*,*,#3035,.F.);
#3993=ORIENTED_EDGE('',*,*,#3036,.T.);
#3994=ORIENTED_EDGE('',*,*,#3037,.T.);
#3995=ORIENTED_EDGE('',*,*,#3033,.F.);
#3996=ORIENTED_EDGE('',*,*,#3038,.F.);
#3997=ORIENTED_EDGE('',*,*,#3039,.T.);
#3998=ORIENTED_EDGE('',*,*,#3040,.T.);
#3999=ORIENTED_EDGE('',*,*,#3036,.F.);
#4000=ORIENTED_EDGE('',*,*,#3041,.F.);
#4001=ORIENTED_EDGE('',*,*,#3042,.T.);
#4002=ORIENTED_EDGE('',*,*,#3043,.T.);
#4003=ORIENTED_EDGE('',*,*,#3039,.F.);
#4004=ORIENTED_EDGE('',*,*,#3044,.F.);
#4005=ORIENTED_EDGE('',*,*,#3045,.T.);
#4006=ORIENTED_EDGE('',*,*,#3046,.T.);
#4007=ORIENTED_EDGE('',*,*,#3042,.F.);
#4008=ORIENTED_EDGE('',*,*,#3047,.F.);
#4009=ORIENTED_EDGE('',*,*,#3048,.T.);
#4010=ORIENTED_EDGE('',*,*,#3049,.T.);
#4011=ORIENTED_EDGE('',*,*,#3045,.F.);
#4012=ORIENTED_EDGE('',*,*,#3050,.F.);
#4013=ORIENTED_EDGE('',*,*,#3051,.T.);
#4014=ORIENTED_EDGE('',*,*,#3052,.T.);
#4015=ORIENTED_EDGE('',*,*,#3048,.F.);
#4016=ORIENTED_EDGE('',*,*,#3053,.F.);
#4017=ORIENTED_EDGE('',*,*,#3054,.T.);
#4018=ORIENTED_EDGE('',*,*,#3055,.T.);
#4019=ORIENTED_EDGE('',*,*,#3051,.F.);
#4020=ORIENTED_EDGE('',*,*,#3056,.F.);
#4021=ORIENTED_EDGE('',*,*,#3057,.T.);
#4022=ORIENTED_EDGE('',*,*,#3058,.T.);
#4023=ORIENTED_EDGE('',*,*,#3054,.F.);
#4024=ORIENTED_EDGE('',*,*,#3059,.F.);
#4025=ORIENTED_EDGE('',*,*,#3060,.T.);
#4026=ORIENTED_EDGE('',*,*,#3061,.T.);
#4027=ORIENTED_EDGE('',*,*,#3057,.F.);
#4028=ORIENTED_EDGE('',*,*,#3062,.F.);
#4029=ORIENTED_EDGE('',*,*,#3031,.T.);
#4030=ORIENTED_EDGE('',*,*,#3063,.T.);
#4031=ORIENTED_EDGE('',*,*,#3060,.F.);
#4032=ORIENTED_EDGE('',*,*,#3063,.F.);
#4033=ORIENTED_EDGE('',*,*,#3030,.F.);
#4034=ORIENTED_EDGE('',*,*,#3034,.F.);
#4035=ORIENTED_EDGE('',*,*,#3037,.F.);
#4036=ORIENTED_EDGE('',*,*,#3040,.F.);
#4037=ORIENTED_EDGE('',*,*,#3043,.F.);
#4038=ORIENTED_EDGE('',*,*,#3046,.F.);
#4039=ORIENTED_EDGE('',*,*,#3049,.F.);
#4040=ORIENTED_EDGE('',*,*,#3052,.F.);
#4041=ORIENTED_EDGE('',*,*,#3055,.F.);
#4042=ORIENTED_EDGE('',*,*,#3058,.F.);
#4043=ORIENTED_EDGE('',*,*,#3061,.F.);
#4044=ORIENTED_EDGE('',*,*,#3064,.F.);
#4045=ORIENTED_EDGE('',*,*,#3065,.T.);
#4046=ORIENTED_EDGE('',*,*,#3066,.T.);
#4047=ORIENTED_EDGE('',*,*,#3067,.F.);
#4048=ORIENTED_EDGE('',*,*,#3068,.F.);
#4049=ORIENTED_EDGE('',*,*,#3069,.T.);
#4050=ORIENTED_EDGE('',*,*,#3070,.T.);
#4051=ORIENTED_EDGE('',*,*,#3065,.F.);
#4052=ORIENTED_EDGE('',*,*,#3071,.F.);
#4053=ORIENTED_EDGE('',*,*,#3072,.T.);
#4054=ORIENTED_EDGE('',*,*,#3073,.T.);
#4055=ORIENTED_EDGE('',*,*,#3069,.F.);
#4056=ORIENTED_EDGE('',*,*,#3074,.F.);
#4057=ORIENTED_EDGE('',*,*,#3075,.T.);
#4058=ORIENTED_EDGE('',*,*,#3076,.T.);
#4059=ORIENTED_EDGE('',*,*,#3072,.F.);
#4060=ORIENTED_EDGE('',*,*,#3077,.F.);
#4061=ORIENTED_EDGE('',*,*,#3078,.T.);
#4062=ORIENTED_EDGE('',*,*,#3079,.T.);
#4063=ORIENTED_EDGE('',*,*,#3075,.F.);
#4064=ORIENTED_EDGE('',*,*,#3080,.F.);
#4065=ORIENTED_EDGE('',*,*,#3081,.T.);
#4066=ORIENTED_EDGE('',*,*,#3082,.T.);
#4067=ORIENTED_EDGE('',*,*,#3078,.F.);
#4068=ORIENTED_EDGE('',*,*,#3083,.F.);
#4069=ORIENTED_EDGE('',*,*,#3084,.T.);
#4070=ORIENTED_EDGE('',*,*,#3085,.T.);
#4071=ORIENTED_EDGE('',*,*,#3081,.F.);
#4072=ORIENTED_EDGE('',*,*,#3086,.F.);
#4073=ORIENTED_EDGE('',*,*,#3087,.T.);
#4074=ORIENTED_EDGE('',*,*,#3088,.T.);
#4075=ORIENTED_EDGE('',*,*,#3084,.F.);
#4076=ORIENTED_EDGE('',*,*,#3089,.F.);
#4077=ORIENTED_EDGE('',*,*,#3090,.T.);
#4078=ORIENTED_EDGE('',*,*,#3091,.T.);
#4079=ORIENTED_EDGE('',*,*,#3087,.F.);
#4080=ORIENTED_EDGE('',*,*,#3092,.F.);
#4081=ORIENTED_EDGE('',*,*,#3093,.T.);
#4082=ORIENTED_EDGE('',*,*,#3094,.T.);
#4083=ORIENTED_EDGE('',*,*,#3090,.F.);
#4084=ORIENTED_EDGE('',*,*,#3095,.F.);
#4085=ORIENTED_EDGE('',*,*,#3096,.T.);
#4086=ORIENTED_EDGE('',*,*,#3097,.T.);
#4087=ORIENTED_EDGE('',*,*,#3093,.F.);
#4088=ORIENTED_EDGE('',*,*,#3098,.F.);
#4089=ORIENTED_EDGE('',*,*,#3067,.T.);
#4090=ORIENTED_EDGE('',*,*,#3099,.T.);
#4091=ORIENTED_EDGE('',*,*,#3096,.F.);
#4092=ORIENTED_EDGE('',*,*,#3099,.F.);
#4093=ORIENTED_EDGE('',*,*,#3066,.F.);
#4094=ORIENTED_EDGE('',*,*,#3070,.F.);
#4095=ORIENTED_EDGE('',*,*,#3073,.F.);
#4096=ORIENTED_EDGE('',*,*,#3076,.F.);
#4097=ORIENTED_EDGE('',*,*,#3079,.F.);
#4098=ORIENTED_EDGE('',*,*,#3082,.F.);
#4099=ORIENTED_EDGE('',*,*,#3085,.F.);
#4100=ORIENTED_EDGE('',*,*,#3088,.F.);
#4101=ORIENTED_EDGE('',*,*,#3091,.F.);
#4102=ORIENTED_EDGE('',*,*,#3094,.F.);
#4103=ORIENTED_EDGE('',*,*,#3097,.F.);
#4104=ORIENTED_EDGE('',*,*,#3100,.F.);
#4105=ORIENTED_EDGE('',*,*,#3101,.F.);
#4106=ORIENTED_EDGE('',*,*,#3102,.F.);
#4107=ORIENTED_EDGE('',*,*,#3103,.F.);
#4108=ORIENTED_EDGE('',*,*,#3104,.F.);
#4109=ORIENTED_EDGE('',*,*,#3105,.F.);
#4110=ORIENTED_EDGE('',*,*,#3106,.F.);
#4111=ORIENTED_EDGE('',*,*,#3107,.F.);
#4112=ORIENTED_EDGE('',*,*,#3108,.F.);
#4113=ORIENTED_EDGE('',*,*,#3109,.F.);
#4114=ORIENTED_EDGE('',*,*,#3110,.F.);
#4115=ORIENTED_EDGE('',*,*,#3111,.F.);
#4116=ORIENTED_EDGE('',*,*,#3112,.F.);
#4117=ORIENTED_EDGE('',*,*,#3113,.F.);
#4118=ORIENTED_EDGE('',*,*,#3114,.F.);
#4119=ORIENTED_EDGE('',*,*,#3115,.F.);
#4120=ORIENTED_EDGE('',*,*,#3116,.F.);
#4121=ORIENTED_EDGE('',*,*,#3117,.F.);
#4122=ORIENTED_EDGE('',*,*,#3118,.T.);
#4123=ORIENTED_EDGE('',*,*,#3119,.T.);
#4124=ORIENTED_EDGE('',*,*,#3120,.F.);
#4125=ORIENTED_EDGE('',*,*,#3121,.F.);
#4126=ORIENTED_EDGE('',*,*,#3122,.F.);
#4127=ORIENTED_EDGE('',*,*,#3123,.F.);
#4128=ORIENTED_EDGE('',*,*,#3064,.T.);
#4129=ORIENTED_EDGE('',*,*,#3098,.T.);
#4130=ORIENTED_EDGE('',*,*,#3095,.T.);
#4131=ORIENTED_EDGE('',*,*,#3092,.T.);
#4132=ORIENTED_EDGE('',*,*,#3089,.T.);
#4133=ORIENTED_EDGE('',*,*,#3086,.T.);
#4134=ORIENTED_EDGE('',*,*,#3083,.T.);
#4135=ORIENTED_EDGE('',*,*,#3080,.T.);
#4136=ORIENTED_EDGE('',*,*,#3077,.T.);
#4137=ORIENTED_EDGE('',*,*,#3074,.T.);
#4138=ORIENTED_EDGE('',*,*,#3071,.T.);
#4139=ORIENTED_EDGE('',*,*,#3068,.T.);
#4140=ORIENTED_EDGE('',*,*,#3028,.T.);
#4141=ORIENTED_EDGE('',*,*,#3062,.T.);
#4142=ORIENTED_EDGE('',*,*,#3059,.T.);
#4143=ORIENTED_EDGE('',*,*,#3056,.T.);
#4144=ORIENTED_EDGE('',*,*,#3053,.T.);
#4145=ORIENTED_EDGE('',*,*,#3050,.T.);
#4146=ORIENTED_EDGE('',*,*,#3047,.T.);
#4147=ORIENTED_EDGE('',*,*,#3044,.T.);
#4148=ORIENTED_EDGE('',*,*,#3041,.T.);
#4149=ORIENTED_EDGE('',*,*,#3038,.T.);
#4150=ORIENTED_EDGE('',*,*,#3035,.T.);
#4151=ORIENTED_EDGE('',*,*,#3032,.T.);
#4152=ORIENTED_EDGE('',*,*,#3004,.T.);
#4153=ORIENTED_EDGE('',*,*,#3026,.T.);
#4154=ORIENTED_EDGE('',*,*,#3023,.T.);
#4155=ORIENTED_EDGE('',*,*,#3020,.T.);
#4156=ORIENTED_EDGE('',*,*,#3017,.T.);
#4157=ORIENTED_EDGE('',*,*,#3014,.T.);
#4158=ORIENTED_EDGE('',*,*,#3011,.T.);
#4159=ORIENTED_EDGE('',*,*,#3008,.T.);
#4160=ORIENTED_EDGE('',*,*,#2932,.T.);
#4161=ORIENTED_EDGE('',*,*,#3002,.T.);
#4162=ORIENTED_EDGE('',*,*,#2999,.T.);
#4163=ORIENTED_EDGE('',*,*,#2996,.T.);
#4164=ORIENTED_EDGE('',*,*,#2993,.T.);
#4165=ORIENTED_EDGE('',*,*,#2990,.T.);
#4166=ORIENTED_EDGE('',*,*,#2987,.T.);
#4167=ORIENTED_EDGE('',*,*,#2984,.T.);
#4168=ORIENTED_EDGE('',*,*,#2981,.T.);
#4169=ORIENTED_EDGE('',*,*,#2978,.T.);
#4170=ORIENTED_EDGE('',*,*,#2975,.T.);
#4171=ORIENTED_EDGE('',*,*,#2972,.T.);
#4172=ORIENTED_EDGE('',*,*,#2969,.T.);
#4173=ORIENTED_EDGE('',*,*,#2966,.T.);
#4174=ORIENTED_EDGE('',*,*,#2963,.T.);
#4175=ORIENTED_EDGE('',*,*,#2960,.T.);
#4176=ORIENTED_EDGE('',*,*,#2957,.T.);
#4177=ORIENTED_EDGE('',*,*,#2954,.T.);
#4178=ORIENTED_EDGE('',*,*,#2951,.T.);
#4179=ORIENTED_EDGE('',*,*,#2948,.T.);
#4180=ORIENTED_EDGE('',*,*,#2945,.T.);
#4181=ORIENTED_EDGE('',*,*,#2942,.T.);
#4182=ORIENTED_EDGE('',*,*,#2939,.T.);
#4183=ORIENTED_EDGE('',*,*,#2936,.T.);
#4184=ORIENTED_EDGE('',*,*,#2902,.T.);
#4185=ORIENTED_EDGE('',*,*,#2930,.T.);
#4186=ORIENTED_EDGE('',*,*,#2927,.T.);
#4187=ORIENTED_EDGE('',*,*,#2924,.T.);
#4188=ORIENTED_EDGE('',*,*,#2921,.T.);
#4189=ORIENTED_EDGE('',*,*,#2918,.T.);
#4190=ORIENTED_EDGE('',*,*,#2915,.T.);
#4191=ORIENTED_EDGE('',*,*,#2912,.T.);
#4192=ORIENTED_EDGE('',*,*,#2909,.T.);
#4193=ORIENTED_EDGE('',*,*,#2906,.T.);
#4194=ORIENTED_EDGE('',*,*,#3124,.T.);
#4195=ORIENTED_EDGE('',*,*,#3125,.T.);
#4196=ORIENTED_EDGE('',*,*,#3126,.T.);
#4197=ORIENTED_EDGE('',*,*,#3125,.F.);
#4198=ORIENTED_EDGE('',*,*,#3127,.F.);
#4199=ORIENTED_EDGE('',*,*,#3128,.F.);
#4200=ORIENTED_EDGE('',*,*,#3129,.F.);
#4201=ORIENTED_EDGE('',*,*,#3130,.F.);
#4202=ORIENTED_EDGE('',*,*,#3131,.F.);
#4203=ORIENTED_EDGE('',*,*,#3132,.F.);
#4204=ORIENTED_EDGE('',*,*,#3133,.F.);
#4205=ORIENTED_EDGE('',*,*,#3134,.F.);
#4206=ORIENTED_EDGE('',*,*,#3135,.F.);
#4207=ORIENTED_EDGE('',*,*,#3136,.F.);
#4208=ORIENTED_EDGE('',*,*,#3137,.F.);
#4209=ORIENTED_EDGE('',*,*,#3138,.F.);
#4210=ORIENTED_EDGE('',*,*,#3139,.F.);
#4211=ORIENTED_EDGE('',*,*,#3140,.F.);
#4212=ORIENTED_EDGE('',*,*,#3141,.F.);
#4213=ORIENTED_EDGE('',*,*,#3142,.F.);
#4214=ORIENTED_EDGE('',*,*,#3143,.F.);
#4215=ORIENTED_EDGE('',*,*,#3144,.F.);
#4216=ORIENTED_EDGE('',*,*,#3145,.F.);
#4217=ORIENTED_EDGE('',*,*,#3146,.F.);
#4218=ORIENTED_EDGE('',*,*,#3147,.F.);
#4219=ORIENTED_EDGE('',*,*,#3148,.F.);
#4220=ORIENTED_EDGE('',*,*,#3149,.F.);
#4221=ORIENTED_EDGE('',*,*,#3150,.F.);
#4222=ORIENTED_EDGE('',*,*,#3151,.F.);
#4223=ORIENTED_EDGE('',*,*,#3126,.F.);
#4224=ORIENTED_EDGE('',*,*,#3124,.F.);
#4225=ORIENTED_EDGE('',*,*,#3152,.T.);
#4226=ORIENTED_EDGE('',*,*,#3153,.T.);
#4227=ORIENTED_EDGE('',*,*,#3152,.F.);
#4228=ORIENTED_EDGE('',*,*,#3154,.T.);
#4229=ORIENTED_EDGE('',*,*,#3155,.T.);
#4230=ORIENTED_EDGE('',*,*,#3156,.T.);
#4231=ORIENTED_EDGE('',*,*,#3141,.T.);
#4232=ORIENTED_EDGE('',*,*,#3156,.F.);
#4233=ORIENTED_EDGE('',*,*,#3157,.T.);
#4234=ORIENTED_EDGE('',*,*,#3158,.T.);
#4235=ORIENTED_EDGE('',*,*,#3142,.T.);
#4236=ORIENTED_EDGE('',*,*,#3159,.T.);
#4237=ORIENTED_EDGE('',*,*,#3160,.T.);
#4238=ORIENTED_EDGE('',*,*,#3154,.F.);
#4239=ORIENTED_EDGE('',*,*,#3144,.T.);
#4240=ORIENTED_EDGE('',*,*,#3158,.F.);
#4241=ORIENTED_EDGE('',*,*,#3161,.T.);
#4242=ORIENTED_EDGE('',*,*,#3159,.F.);
#4243=ORIENTED_EDGE('',*,*,#3143,.T.);
#4244=ORIENTED_EDGE('',*,*,#3157,.F.);
#4245=ORIENTED_EDGE('',*,*,#3162,.F.);
#4246=ORIENTED_EDGE('',*,*,#3163,.F.);
#4247=ORIENTED_EDGE('',*,*,#3164,.F.);
#4248=ORIENTED_EDGE('',*,*,#3155,.F.);
#4249=ORIENTED_EDGE('',*,*,#3165,.T.);
#4250=ORIENTED_EDGE('',*,*,#3166,.F.);
#4251=ORIENTED_EDGE('',*,*,#3162,.T.);
#4252=ORIENTED_EDGE('',*,*,#3167,.T.);
#4253=ORIENTED_EDGE('',*,*,#3168,.T.);
#4254=ORIENTED_EDGE('',*,*,#3151,.T.);
#4255=ORIENTED_EDGE('',*,*,#3168,.F.);
#4256=ORIENTED_EDGE('',*,*,#3167,.F.);
#4257=ORIENTED_EDGE('',*,*,#3169,.T.);
#4258=ORIENTED_EDGE('',*,*,#3170,.T.);
#4259=ORIENTED_EDGE('',*,*,#3169,.F.);
#4260=ORIENTED_EDGE('',*,*,#3171,.T.);
#4261=ORIENTED_EDGE('',*,*,#3172,.T.);
#4262=ORIENTED_EDGE('',*,*,#3173,.T.);
#4263=ORIENTED_EDGE('',*,*,#3145,.T.);
#4264=ORIENTED_EDGE('',*,*,#3173,.F.);
#4265=ORIENTED_EDGE('',*,*,#3174,.T.);
#4266=ORIENTED_EDGE('',*,*,#3175,.T.);
#4267=ORIENTED_EDGE('',*,*,#3146,.T.);
#4268=ORIENTED_EDGE('',*,*,#3176,.T.);
#4269=ORIENTED_EDGE('',*,*,#3177,.T.);
#4270=ORIENTED_EDGE('',*,*,#3171,.F.);
#4271=ORIENTED_EDGE('',*,*,#3148,.T.);
#4272=ORIENTED_EDGE('',*,*,#3175,.F.);
#4273=ORIENTED_EDGE('',*,*,#3178,.T.);
#4274=ORIENTED_EDGE('',*,*,#3176,.F.);
#4275=ORIENTED_EDGE('',*,*,#3147,.T.);
#4276=ORIENTED_EDGE('',*,*,#3174,.F.);
#4277=ORIENTED_EDGE('',*,*,#3179,.F.);
#4278=ORIENTED_EDGE('',*,*,#3180,.F.);
#4279=ORIENTED_EDGE('',*,*,#3181,.F.);
#4280=ORIENTED_EDGE('',*,*,#3172,.F.);
#4281=ORIENTED_EDGE('',*,*,#3182,.T.);
#4282=ORIENTED_EDGE('',*,*,#3183,.F.);
#4283=ORIENTED_EDGE('',*,*,#3179,.T.);
#4284=ORIENTED_EDGE('',*,*,#3184,.T.);
#4285=ORIENTED_EDGE('',*,*,#3185,.T.);
#4286=ORIENTED_EDGE('',*,*,#3150,.T.);
#4287=ORIENTED_EDGE('',*,*,#3185,.F.);
#4288=ORIENTED_EDGE('',*,*,#3184,.F.);
#4289=ORIENTED_EDGE('',*,*,#3186,.T.);
#4290=ORIENTED_EDGE('',*,*,#3187,.F.);
#4291=ORIENTED_EDGE('',*,*,#3186,.F.);
#4292=ORIENTED_EDGE('',*,*,#3188,.T.);
#4293=ORIENTED_EDGE('',*,*,#3189,.T.);
#4294=ORIENTED_EDGE('',*,*,#3149,.T.);
#4295=ORIENTED_EDGE('',*,*,#3189,.F.);
#4296=ORIENTED_EDGE('',*,*,#3188,.F.);
#4297=ORIENTED_EDGE('',*,*,#3190,.T.);
#4298=ORIENTED_EDGE('',*,*,#3191,.F.);
#4299=ORIENTED_EDGE('',*,*,#3190,.F.);
#4300=ORIENTED_EDGE('',*,*,#3192,.T.);
#4301=ORIENTED_EDGE('',*,*,#3193,.T.);
#4302=ORIENTED_EDGE('',*,*,#3194,.T.);
#4303=ORIENTED_EDGE('',*,*,#3127,.T.);
#4304=ORIENTED_EDGE('',*,*,#3194,.F.);
#4305=ORIENTED_EDGE('',*,*,#3195,.T.);
#4306=ORIENTED_EDGE('',*,*,#3196,.T.);
#4307=ORIENTED_EDGE('',*,*,#3128,.T.);
#4308=ORIENTED_EDGE('',*,*,#3192,.F.);
#4309=ORIENTED_EDGE('',*,*,#3140,.T.);
#4310=ORIENTED_EDGE('',*,*,#3197,.T.);
#4311=ORIENTED_EDGE('',*,*,#3198,.T.);
#4312=ORIENTED_EDGE('',*,*,#3196,.F.);
#4313=ORIENTED_EDGE('',*,*,#3199,.T.);
#4314=ORIENTED_EDGE('',*,*,#3200,.T.);
#4315=ORIENTED_EDGE('',*,*,#3129,.T.);
#4316=ORIENTED_EDGE('',*,*,#3197,.F.);
#4317=ORIENTED_EDGE('',*,*,#3139,.T.);
#4318=ORIENTED_EDGE('',*,*,#3201,.T.);
#4319=ORIENTED_EDGE('',*,*,#3202,.T.);
#4320=ORIENTED_EDGE('',*,*,#3203,.T.);
#4321=ORIENTED_EDGE('',*,*,#3130,.T.);
#4322=ORIENTED_EDGE('',*,*,#3200,.F.);
#4323=ORIENTED_EDGE('',*,*,#3204,.T.);
#4324=ORIENTED_EDGE('',*,*,#3205,.T.);
#4325=ORIENTED_EDGE('',*,*,#3206,.T.);
#4326=ORIENTED_EDGE('',*,*,#3207,.T.);
#4327=ORIENTED_EDGE('',*,*,#3201,.F.);
#4328=ORIENTED_EDGE('',*,*,#3138,.T.);
#4329=ORIENTED_EDGE('',*,*,#3203,.F.);
#4330=ORIENTED_EDGE('',*,*,#3208,.T.);
#4331=ORIENTED_EDGE('',*,*,#3209,.T.);
#4332=ORIENTED_EDGE('',*,*,#3131,.T.);
#4333=ORIENTED_EDGE('',*,*,#3210,.T.);
#4334=ORIENTED_EDGE('',*,*,#3211,.T.);
#4335=ORIENTED_EDGE('',*,*,#3205,.F.);
#4336=ORIENTED_EDGE('',*,*,#3137,.T.);
#4337=ORIENTED_EDGE('',*,*,#3209,.F.);
#4338=ORIENTED_EDGE('',*,*,#3212,.T.);
#4339=ORIENTED_EDGE('',*,*,#3213,.T.);
#4340=ORIENTED_EDGE('',*,*,#3214,.T.);
#4341=ORIENTED_EDGE('',*,*,#3132,.T.);
#4342=ORIENTED_EDGE('',*,*,#3215,.T.);
#4343=ORIENTED_EDGE('',*,*,#3216,.T.);
#4344=ORIENTED_EDGE('',*,*,#3210,.F.);
#4345=ORIENTED_EDGE('',*,*,#3136,.T.);
#4346=ORIENTED_EDGE('',*,*,#3217,.T.);
#4347=ORIENTED_EDGE('',*,*,#3133,.T.);
#4348=ORIENTED_EDGE('',*,*,#3214,.F.);
#4349=ORIENTED_EDGE('',*,*,#3218,.T.);
#4350=ORIENTED_EDGE('',*,*,#3219,.T.);
#4351=ORIENTED_EDGE('',*,*,#3220,.T.);
#4352=ORIENTED_EDGE('',*,*,#3215,.F.);
#4353=ORIENTED_EDGE('',*,*,#3135,.T.);
#4354=ORIENTED_EDGE('',*,*,#3217,.F.);
#4355=ORIENTED_EDGE('',*,*,#3221,.T.);
#4356=ORIENTED_EDGE('',*,*,#3219,.F.);
#4357=ORIENTED_EDGE('',*,*,#3134,.T.);
#4358=ORIENTED_EDGE('',*,*,#3218,.F.);
#4359=ORIENTED_EDGE('',*,*,#3222,.T.);
#4360=ORIENTED_EDGE('',*,*,#3223,.F.);
#4361=ORIENTED_EDGE('',*,*,#3224,.F.);
#4362=ORIENTED_EDGE('',*,*,#3225,.F.);
#4363=ORIENTED_EDGE('',*,*,#3226,.F.);
#4364=ORIENTED_EDGE('',*,*,#3227,.T.);
#4365=ORIENTED_EDGE('',*,*,#3212,.F.);
#4366=ORIENTED_EDGE('',*,*,#3228,.T.);
#4367=ORIENTED_EDGE('',*,*,#3229,.F.);
#4368=ORIENTED_EDGE('',*,*,#3222,.F.);
#4369=ORIENTED_EDGE('',*,*,#3213,.F.);
#4370=ORIENTED_EDGE('',*,*,#3227,.F.);
#4371=ORIENTED_EDGE('',*,*,#3208,.F.);
#4372=ORIENTED_EDGE('',*,*,#3230,.F.);
#4373=ORIENTED_EDGE('',*,*,#3231,.F.);
#4374=ORIENTED_EDGE('',*,*,#3232,.F.);
#4375=ORIENTED_EDGE('',*,*,#3228,.F.);
#4376=ORIENTED_EDGE('',*,*,#3204,.F.);
#4377=ORIENTED_EDGE('',*,*,#3233,.F.);
#4378=ORIENTED_EDGE('',*,*,#3234,.F.);
#4379=ORIENTED_EDGE('',*,*,#3230,.T.);
#4380=ORIENTED_EDGE('',*,*,#3199,.F.);
#4381=ORIENTED_EDGE('',*,*,#3235,.T.);
#4382=ORIENTED_EDGE('',*,*,#3236,.F.);
#4383=ORIENTED_EDGE('',*,*,#3233,.T.);
#4384=ORIENTED_EDGE('',*,*,#3195,.F.);
#4385=ORIENTED_EDGE('',*,*,#3237,.F.);
#4386=ORIENTED_EDGE('',*,*,#3238,.F.);
#4387=ORIENTED_EDGE('',*,*,#3235,.F.);
#4388=ORIENTED_EDGE('',*,*,#3193,.F.);
#4389=ORIENTED_EDGE('',*,*,#3239,.T.);
#4390=ORIENTED_EDGE('',*,*,#3240,.F.);
#4391=ORIENTED_EDGE('',*,*,#3237,.T.);
#4392=ORIENTED_EDGE('',*,*,#3241,.T.);
#4393=ORIENTED_EDGE('',*,*,#3111,.T.);
#4394=ORIENTED_EDGE('',*,*,#3242,.T.);
#4395=ORIENTED_EDGE('',*,*,#3243,.T.);
#4396=ORIENTED_EDGE('',*,*,#3244,.T.);
#4397=ORIENTED_EDGE('',*,*,#3245,.T.);
#4398=ORIENTED_EDGE('',*,*,#3242,.F.);
#4399=ORIENTED_EDGE('',*,*,#3110,.T.);
#4400=ORIENTED_EDGE('',*,*,#3244,.F.);
#4401=ORIENTED_EDGE('',*,*,#3246,.T.);
#4402=ORIENTED_EDGE('',*,*,#3247,.T.);
#4403=ORIENTED_EDGE('',*,*,#3248,.T.);
#4404=ORIENTED_EDGE('',*,*,#3112,.T.);
#4405=ORIENTED_EDGE('',*,*,#3241,.F.);
#4406=ORIENTED_EDGE('',*,*,#3249,.T.);
#4407=ORIENTED_EDGE('',*,*,#3250,.T.);
#4408=ORIENTED_EDGE('',*,*,#3113,.T.);
#4409=ORIENTED_EDGE('',*,*,#3248,.F.);
#4410=ORIENTED_EDGE('',*,*,#3251,.T.);
#4411=ORIENTED_EDGE('',*,*,#3252,.T.);
#4412=ORIENTED_EDGE('',*,*,#3100,.T.);
#4413=ORIENTED_EDGE('',*,*,#3250,.F.);
#4414=ORIENTED_EDGE('',*,*,#3224,.T.);
#4415=ORIENTED_EDGE('',*,*,#3223,.T.);
#4416=ORIENTED_EDGE('',*,*,#3253,.T.);
#4417=ORIENTED_EDGE('',*,*,#3252,.F.);
#4418=ORIENTED_EDGE('',*,*,#3253,.F.);
#4419=ORIENTED_EDGE('',*,*,#3229,.T.);
#4420=ORIENTED_EDGE('',*,*,#3254,.F.);
#4421=ORIENTED_EDGE('',*,*,#3101,.T.);
#4422=ORIENTED_EDGE('',*,*,#3221,.F.);
#4423=ORIENTED_EDGE('',*,*,#3225,.T.);
#4424=ORIENTED_EDGE('',*,*,#3251,.F.);
#4425=ORIENTED_EDGE('',*,*,#3255,.T.);
#4426=ORIENTED_EDGE('',*,*,#3220,.F.);
#4427=ORIENTED_EDGE('',*,*,#3255,.F.);
#4428=ORIENTED_EDGE('',*,*,#3249,.F.);
#4429=ORIENTED_EDGE('',*,*,#3256,.F.);
#4430=ORIENTED_EDGE('',*,*,#3216,.F.);
#4431=ORIENTED_EDGE('',*,*,#3256,.T.);
#4432=ORIENTED_EDGE('',*,*,#3243,.F.);
#4433=ORIENTED_EDGE('',*,*,#3257,.T.);
#4434=ORIENTED_EDGE('',*,*,#3258,.T.);
#4435=ORIENTED_EDGE('',*,*,#3180,.T.);
#4436=ORIENTED_EDGE('',*,*,#3259,.T.);
#4437=ORIENTED_EDGE('',*,*,#3114,.T.);
#4438=ORIENTED_EDGE('',*,*,#3260,.T.);
#4439=ORIENTED_EDGE('',*,*,#3115,.T.);
#4440=ORIENTED_EDGE('',*,*,#3259,.F.);
#4441=ORIENTED_EDGE('',*,*,#3183,.T.);
#4442=ORIENTED_EDGE('',*,*,#3261,.T.);
#4443=ORIENTED_EDGE('',*,*,#3116,.T.);
#4444=ORIENTED_EDGE('',*,*,#3260,.F.);
#4445=ORIENTED_EDGE('',*,*,#3262,.T.);
#4446=ORIENTED_EDGE('',*,*,#3261,.F.);
#4447=ORIENTED_EDGE('',*,*,#3263,.T.);
#4448=ORIENTED_EDGE('',*,*,#3258,.F.);
#4449=ORIENTED_EDGE('',*,*,#3117,.T.);
#4450=ORIENTED_EDGE('',*,*,#2875,.T.);
#4451=ORIENTED_EDGE('',*,*,#2900,.T.);
#4452=ORIENTED_EDGE('',*,*,#2897,.T.);
#4453=ORIENTED_EDGE('',*,*,#2894,.T.);
#4454=ORIENTED_EDGE('',*,*,#2891,.T.);
#4455=ORIENTED_EDGE('',*,*,#2888,.T.);
#4456=ORIENTED_EDGE('',*,*,#2885,.T.);
#4457=ORIENTED_EDGE('',*,*,#2882,.T.);
#4458=ORIENTED_EDGE('',*,*,#2879,.T.);
#4459=ORIENTED_EDGE('',*,*,#3264,.T.);
#4460=ORIENTED_EDGE('',*,*,#3120,.T.);
#4461=ORIENTED_EDGE('',*,*,#3265,.T.);
#4462=ORIENTED_EDGE('',*,*,#3266,.T.);
#4463=ORIENTED_EDGE('',*,*,#3267,.T.);
#4464=ORIENTED_EDGE('',*,*,#3268,.T.);
#4465=ORIENTED_EDGE('',*,*,#3265,.F.);
#4466=ORIENTED_EDGE('',*,*,#3123,.T.);
#4467=ORIENTED_EDGE('',*,*,#3269,.T.);
#4468=ORIENTED_EDGE('',*,*,#3166,.T.);
#4469=ORIENTED_EDGE('',*,*,#3267,.F.);
#4470=ORIENTED_EDGE('',*,*,#3122,.T.);
#4471=ORIENTED_EDGE('',*,*,#3269,.F.);
#4472=ORIENTED_EDGE('',*,*,#3121,.T.);
#4473=ORIENTED_EDGE('',*,*,#3264,.F.);
#4474=ORIENTED_EDGE('',*,*,#3163,.T.);
#4475=ORIENTED_EDGE('',*,*,#3161,.F.);
#4476=ORIENTED_EDGE('',*,*,#3164,.T.);
#4477=ORIENTED_EDGE('',*,*,#3266,.F.);
#4478=ORIENTED_EDGE('',*,*,#3270,.T.);
#4479=ORIENTED_EDGE('',*,*,#3271,.T.);
#4480=ORIENTED_EDGE('',*,*,#3254,.T.);
#4481=ORIENTED_EDGE('',*,*,#3232,.T.);
#4482=ORIENTED_EDGE('',*,*,#3272,.T.);
#4483=ORIENTED_EDGE('',*,*,#3102,.T.);
#4484=ORIENTED_EDGE('',*,*,#3271,.F.);
#4485=ORIENTED_EDGE('',*,*,#3231,.T.);
#4486=ORIENTED_EDGE('',*,*,#3273,.T.);
#4487=ORIENTED_EDGE('',*,*,#3103,.T.);
#4488=ORIENTED_EDGE('',*,*,#3272,.F.);
#4489=ORIENTED_EDGE('',*,*,#3234,.T.);
#4490=ORIENTED_EDGE('',*,*,#3274,.T.);
#4491=ORIENTED_EDGE('',*,*,#3104,.T.);
#4492=ORIENTED_EDGE('',*,*,#3273,.F.);
#4493=ORIENTED_EDGE('',*,*,#3236,.T.);
#4494=ORIENTED_EDGE('',*,*,#3275,.T.);
#4495=ORIENTED_EDGE('',*,*,#3105,.T.);
#4496=ORIENTED_EDGE('',*,*,#3274,.F.);
#4497=ORIENTED_EDGE('',*,*,#3238,.T.);
#4498=ORIENTED_EDGE('',*,*,#3276,.T.);
#4499=ORIENTED_EDGE('',*,*,#3106,.T.);
#4500=ORIENTED_EDGE('',*,*,#3275,.F.);
#4501=ORIENTED_EDGE('',*,*,#3240,.T.);
#4502=ORIENTED_EDGE('',*,*,#3277,.T.);
#4503=ORIENTED_EDGE('',*,*,#3107,.T.);
#4504=ORIENTED_EDGE('',*,*,#3276,.F.);
#4505=ORIENTED_EDGE('',*,*,#3278,.T.);
#4506=ORIENTED_EDGE('',*,*,#3279,.T.);
#4507=ORIENTED_EDGE('',*,*,#3108,.T.);
#4508=ORIENTED_EDGE('',*,*,#3277,.F.);
#4509=ORIENTED_EDGE('',*,*,#3280,.T.);
#4510=ORIENTED_EDGE('',*,*,#3281,.T.);
#4511=ORIENTED_EDGE('',*,*,#3282,.T.);
#4512=ORIENTED_EDGE('',*,*,#3279,.F.);
#4513=ORIENTED_EDGE('',*,*,#3202,.F.);
#4514=ORIENTED_EDGE('',*,*,#3283,.T.);
#4515=ORIENTED_EDGE('',*,*,#3281,.F.);
#4516=ORIENTED_EDGE('',*,*,#3280,.F.);
#4517=ORIENTED_EDGE('',*,*,#3284,.F.);
#4518=ORIENTED_EDGE('',*,*,#3198,.F.);
#4519=ORIENTED_EDGE('',*,*,#3284,.T.);
#4520=ORIENTED_EDGE('',*,*,#3278,.F.);
#4521=ORIENTED_EDGE('',*,*,#3239,.F.);
#4522=ORIENTED_EDGE('',*,*,#3285,.T.);
#4523=ORIENTED_EDGE('',*,*,#3286,.T.);
#4524=ORIENTED_EDGE('',*,*,#3226,.T.);
#4525=ORIENTED_EDGE('',*,*,#3286,.F.);
#4526=ORIENTED_EDGE('',*,*,#3285,.F.);
#4527=ORIENTED_EDGE('',*,*,#3287,.F.);
#4528=ORIENTED_EDGE('',*,*,#3288,.T.);
#4529=ORIENTED_EDGE('',*,*,#3289,.T.);
#4530=ORIENTED_EDGE('',*,*,#3290,.T.);
#4531=ORIENTED_EDGE('',*,*,#3289,.F.);
#4532=ORIENTED_EDGE('',*,*,#3288,.F.);
#4533=ORIENTED_EDGE('',*,*,#3291,.F.);
#4534=ORIENTED_EDGE('',*,*,#3290,.F.);
#4535=ORIENTED_EDGE('',*,*,#3292,.T.);
#4536=ORIENTED_EDGE('',*,*,#3206,.F.);
#4537=ORIENTED_EDGE('',*,*,#3293,.T.);
#4538=ORIENTED_EDGE('',*,*,#3294,.F.);
#4539=ORIENTED_EDGE('',*,*,#3283,.F.);
#4540=ORIENTED_EDGE('',*,*,#3207,.F.);
#4541=ORIENTED_EDGE('',*,*,#3292,.F.);
#4542=ORIENTED_EDGE('',*,*,#3191,.T.);
#4543=ORIENTED_EDGE('',*,*,#3295,.T.);
#4544=ORIENTED_EDGE('',*,*,#3291,.T.);
#4545=ORIENTED_EDGE('',*,*,#3295,.F.);
#4546=ORIENTED_EDGE('',*,*,#3187,.T.);
#4547=ORIENTED_EDGE('',*,*,#3296,.T.);
#4548=ORIENTED_EDGE('',*,*,#3287,.T.);
#4549=ORIENTED_EDGE('',*,*,#3296,.F.);
#4550=ORIENTED_EDGE('',*,*,#3246,.F.);
#4551=ORIENTED_EDGE('',*,*,#3109,.T.);
#4552=ORIENTED_EDGE('',*,*,#3282,.F.);
#4553=ORIENTED_EDGE('',*,*,#3294,.T.);
#4554=ORIENTED_EDGE('',*,*,#3160,.F.);
#4555=ORIENTED_EDGE('',*,*,#3270,.F.);
#4556=ORIENTED_EDGE('',*,*,#3268,.F.);
#4557=ORIENTED_EDGE('',*,*,#3165,.F.);
#4558=ORIENTED_EDGE('',*,*,#3178,.F.);
#4559=ORIENTED_EDGE('',*,*,#3181,.T.);
#4560=ORIENTED_EDGE('',*,*,#3263,.F.);
#4561=ORIENTED_EDGE('',*,*,#3297,.T.);
#4562=ORIENTED_EDGE('',*,*,#3177,.F.);
#4563=ORIENTED_EDGE('',*,*,#3297,.F.);
#4564=ORIENTED_EDGE('',*,*,#3262,.F.);
#4565=ORIENTED_EDGE('',*,*,#3182,.F.);
#4566=ORIENTED_EDGE('',*,*,#3298,.F.);
#4567=ORIENTED_EDGE('',*,*,#3299,.T.);
#4568=ORIENTED_EDGE('',*,*,#3119,.F.);
#4569=ORIENTED_EDGE('',*,*,#3299,.F.);
#4570=ORIENTED_EDGE('',*,*,#3298,.T.);
#4571=ORIENTED_EDGE('',*,*,#3170,.F.);
#4572=ORIENTED_EDGE('',*,*,#3300,.F.);
#4573=ORIENTED_EDGE('',*,*,#3301,.T.);
#4574=ORIENTED_EDGE('',*,*,#3118,.F.);
#4575=ORIENTED_EDGE('',*,*,#3301,.F.);
#4576=ORIENTED_EDGE('',*,*,#3300,.T.);
#4577=ORIENTED_EDGE('',*,*,#3153,.F.);
#4578=ORIENTED_EDGE('',*,*,#3211,.F.);
#4579=ORIENTED_EDGE('',*,*,#3257,.F.);
#4580=ORIENTED_EDGE('',*,*,#3245,.F.);
#4581=ORIENTED_EDGE('',*,*,#3247,.F.);
#4582=ORIENTED_EDGE('',*,*,#3293,.F.);
#4583=ORIENTED_EDGE('',*,*,#3302,.F.);
#4584=ORIENTED_EDGE('',*,*,#3303,.T.);
#4585=ORIENTED_EDGE('',*,*,#3304,.T.);
#4586=ORIENTED_EDGE('',*,*,#3305,.F.);
#4587=ORIENTED_EDGE('',*,*,#3306,.F.);
#4588=ORIENTED_EDGE('',*,*,#3307,.T.);
#4589=ORIENTED_EDGE('',*,*,#3308,.T.);
#4590=ORIENTED_EDGE('',*,*,#3303,.F.);
#4591=ORIENTED_EDGE('',*,*,#3309,.F.);
#4592=ORIENTED_EDGE('',*,*,#3310,.T.);
#4593=ORIENTED_EDGE('',*,*,#3311,.T.);
#4594=ORIENTED_EDGE('',*,*,#3307,.F.);
#4595=ORIENTED_EDGE('',*,*,#3312,.F.);
#4596=ORIENTED_EDGE('',*,*,#3313,.T.);
#4597=ORIENTED_EDGE('',*,*,#3314,.T.);
#4598=ORIENTED_EDGE('',*,*,#3310,.F.);
#4599=ORIENTED_EDGE('',*,*,#3315,.F.);
#4600=ORIENTED_EDGE('',*,*,#3316,.T.);
#4601=ORIENTED_EDGE('',*,*,#3317,.T.);
#4602=ORIENTED_EDGE('',*,*,#3313,.F.);
#4603=ORIENTED_EDGE('',*,*,#3318,.F.);
#4604=ORIENTED_EDGE('',*,*,#3319,.T.);
#4605=ORIENTED_EDGE('',*,*,#3320,.T.);
#4606=ORIENTED_EDGE('',*,*,#3316,.F.);
#4607=ORIENTED_EDGE('',*,*,#3321,.F.);
#4608=ORIENTED_EDGE('',*,*,#3322,.T.);
#4609=ORIENTED_EDGE('',*,*,#3323,.T.);
#4610=ORIENTED_EDGE('',*,*,#3319,.F.);
#4611=ORIENTED_EDGE('',*,*,#3324,.F.);
#4612=ORIENTED_EDGE('',*,*,#3325,.T.);
#4613=ORIENTED_EDGE('',*,*,#3326,.T.);
#4614=ORIENTED_EDGE('',*,*,#3322,.F.);
#4615=ORIENTED_EDGE('',*,*,#3327,.F.);
#4616=ORIENTED_EDGE('',*,*,#3328,.T.);
#4617=ORIENTED_EDGE('',*,*,#3329,.T.);
#4618=ORIENTED_EDGE('',*,*,#3325,.F.);
#4619=ORIENTED_EDGE('',*,*,#3330,.F.);
#4620=ORIENTED_EDGE('',*,*,#3331,.T.);
#4621=ORIENTED_EDGE('',*,*,#3332,.T.);
#4622=ORIENTED_EDGE('',*,*,#3328,.F.);
#4623=ORIENTED_EDGE('',*,*,#3333,.F.);
#4624=ORIENTED_EDGE('',*,*,#3334,.T.);
#4625=ORIENTED_EDGE('',*,*,#3335,.T.);
#4626=ORIENTED_EDGE('',*,*,#3331,.F.);
#4627=ORIENTED_EDGE('',*,*,#3336,.F.);
#4628=ORIENTED_EDGE('',*,*,#3305,.T.);
#4629=ORIENTED_EDGE('',*,*,#3337,.T.);
#4630=ORIENTED_EDGE('',*,*,#3334,.F.);
#4631=ORIENTED_EDGE('',*,*,#3337,.F.);
#4632=ORIENTED_EDGE('',*,*,#3304,.F.);
#4633=ORIENTED_EDGE('',*,*,#3308,.F.);
#4634=ORIENTED_EDGE('',*,*,#3311,.F.);
#4635=ORIENTED_EDGE('',*,*,#3314,.F.);
#4636=ORIENTED_EDGE('',*,*,#3317,.F.);
#4637=ORIENTED_EDGE('',*,*,#3320,.F.);
#4638=ORIENTED_EDGE('',*,*,#3323,.F.);
#4639=ORIENTED_EDGE('',*,*,#3326,.F.);
#4640=ORIENTED_EDGE('',*,*,#3329,.F.);
#4641=ORIENTED_EDGE('',*,*,#3332,.F.);
#4642=ORIENTED_EDGE('',*,*,#3335,.F.);
#4643=ORIENTED_EDGE('',*,*,#3338,.F.);
#4644=ORIENTED_EDGE('',*,*,#3339,.T.);
#4645=ORIENTED_EDGE('',*,*,#3340,.T.);
#4646=ORIENTED_EDGE('',*,*,#3341,.F.);
#4647=ORIENTED_EDGE('',*,*,#3342,.F.);
#4648=ORIENTED_EDGE('',*,*,#3343,.T.);
#4649=ORIENTED_EDGE('',*,*,#3344,.T.);
#4650=ORIENTED_EDGE('',*,*,#3339,.F.);
#4651=ORIENTED_EDGE('',*,*,#3345,.F.);
#4652=ORIENTED_EDGE('',*,*,#3346,.T.);
#4653=ORIENTED_EDGE('',*,*,#3347,.T.);
#4654=ORIENTED_EDGE('',*,*,#3343,.F.);
#4655=ORIENTED_EDGE('',*,*,#3348,.F.);
#4656=ORIENTED_EDGE('',*,*,#3349,.T.);
#4657=ORIENTED_EDGE('',*,*,#3350,.T.);
#4658=ORIENTED_EDGE('',*,*,#3346,.F.);
#4659=ORIENTED_EDGE('',*,*,#3351,.F.);
#4660=ORIENTED_EDGE('',*,*,#3352,.T.);
#4661=ORIENTED_EDGE('',*,*,#3353,.T.);
#4662=ORIENTED_EDGE('',*,*,#3349,.F.);
#4663=ORIENTED_EDGE('',*,*,#3354,.F.);
#4664=ORIENTED_EDGE('',*,*,#3355,.T.);
#4665=ORIENTED_EDGE('',*,*,#3356,.T.);
#4666=ORIENTED_EDGE('',*,*,#3352,.F.);
#4667=ORIENTED_EDGE('',*,*,#3357,.F.);
#4668=ORIENTED_EDGE('',*,*,#3358,.T.);
#4669=ORIENTED_EDGE('',*,*,#3359,.T.);
#4670=ORIENTED_EDGE('',*,*,#3355,.F.);
#4671=ORIENTED_EDGE('',*,*,#3360,.F.);
#4672=ORIENTED_EDGE('',*,*,#3361,.T.);
#4673=ORIENTED_EDGE('',*,*,#3362,.T.);
#4674=ORIENTED_EDGE('',*,*,#3358,.F.);
#4675=ORIENTED_EDGE('',*,*,#3363,.F.);
#4676=ORIENTED_EDGE('',*,*,#3364,.T.);
#4677=ORIENTED_EDGE('',*,*,#3365,.T.);
#4678=ORIENTED_EDGE('',*,*,#3361,.F.);
#4679=ORIENTED_EDGE('',*,*,#3366,.F.);
#4680=ORIENTED_EDGE('',*,*,#3367,.T.);
#4681=ORIENTED_EDGE('',*,*,#3368,.T.);
#4682=ORIENTED_EDGE('',*,*,#3364,.F.);
#4683=ORIENTED_EDGE('',*,*,#3369,.F.);
#4684=ORIENTED_EDGE('',*,*,#3370,.T.);
#4685=ORIENTED_EDGE('',*,*,#3371,.T.);
#4686=ORIENTED_EDGE('',*,*,#3367,.F.);
#4687=ORIENTED_EDGE('',*,*,#3372,.F.);
#4688=ORIENTED_EDGE('',*,*,#3341,.T.);
#4689=ORIENTED_EDGE('',*,*,#3373,.T.);
#4690=ORIENTED_EDGE('',*,*,#3370,.F.);
#4691=ORIENTED_EDGE('',*,*,#3373,.F.);
#4692=ORIENTED_EDGE('',*,*,#3340,.F.);
#4693=ORIENTED_EDGE('',*,*,#3344,.F.);
#4694=ORIENTED_EDGE('',*,*,#3347,.F.);
#4695=ORIENTED_EDGE('',*,*,#3350,.F.);
#4696=ORIENTED_EDGE('',*,*,#3353,.F.);
#4697=ORIENTED_EDGE('',*,*,#3356,.F.);
#4698=ORIENTED_EDGE('',*,*,#3359,.F.);
#4699=ORIENTED_EDGE('',*,*,#3362,.F.);
#4700=ORIENTED_EDGE('',*,*,#3365,.F.);
#4701=ORIENTED_EDGE('',*,*,#3368,.F.);
#4702=ORIENTED_EDGE('',*,*,#3371,.F.);
#4703=ORIENTED_EDGE('',*,*,#3374,.F.);
#4704=ORIENTED_EDGE('',*,*,#3375,.T.);
#4705=ORIENTED_EDGE('',*,*,#3376,.T.);
#4706=ORIENTED_EDGE('',*,*,#3377,.F.);
#4707=ORIENTED_EDGE('',*,*,#3378,.F.);
#4708=ORIENTED_EDGE('',*,*,#3379,.T.);
#4709=ORIENTED_EDGE('',*,*,#3380,.T.);
#4710=ORIENTED_EDGE('',*,*,#3375,.F.);
#4711=ORIENTED_EDGE('',*,*,#3381,.F.);
#4712=ORIENTED_EDGE('',*,*,#3382,.T.);
#4713=ORIENTED_EDGE('',*,*,#3383,.T.);
#4714=ORIENTED_EDGE('',*,*,#3379,.F.);
#4715=ORIENTED_EDGE('',*,*,#3384,.F.);
#4716=ORIENTED_EDGE('',*,*,#3385,.T.);
#4717=ORIENTED_EDGE('',*,*,#3386,.T.);
#4718=ORIENTED_EDGE('',*,*,#3382,.F.);
#4719=ORIENTED_EDGE('',*,*,#3387,.F.);
#4720=ORIENTED_EDGE('',*,*,#3388,.T.);
#4721=ORIENTED_EDGE('',*,*,#3389,.T.);
#4722=ORIENTED_EDGE('',*,*,#3385,.F.);
#4723=ORIENTED_EDGE('',*,*,#3390,.F.);
#4724=ORIENTED_EDGE('',*,*,#3391,.T.);
#4725=ORIENTED_EDGE('',*,*,#3392,.T.);
#4726=ORIENTED_EDGE('',*,*,#3388,.F.);
#4727=ORIENTED_EDGE('',*,*,#3393,.F.);
#4728=ORIENTED_EDGE('',*,*,#3394,.T.);
#4729=ORIENTED_EDGE('',*,*,#3395,.T.);
#4730=ORIENTED_EDGE('',*,*,#3391,.F.);
#4731=ORIENTED_EDGE('',*,*,#3396,.F.);
#4732=ORIENTED_EDGE('',*,*,#3377,.T.);
#4733=ORIENTED_EDGE('',*,*,#3397,.T.);
#4734=ORIENTED_EDGE('',*,*,#3394,.F.);
#4735=ORIENTED_EDGE('',*,*,#3397,.F.);
#4736=ORIENTED_EDGE('',*,*,#3376,.F.);
#4737=ORIENTED_EDGE('',*,*,#3380,.F.);
#4738=ORIENTED_EDGE('',*,*,#3383,.F.);
#4739=ORIENTED_EDGE('',*,*,#3386,.F.);
#4740=ORIENTED_EDGE('',*,*,#3389,.F.);
#4741=ORIENTED_EDGE('',*,*,#3392,.F.);
#4742=ORIENTED_EDGE('',*,*,#3395,.F.);
#4743=ORIENTED_EDGE('',*,*,#3398,.F.);
#4744=ORIENTED_EDGE('',*,*,#3399,.T.);
#4745=ORIENTED_EDGE('',*,*,#3400,.T.);
#4746=ORIENTED_EDGE('',*,*,#3401,.F.);
#4747=ORIENTED_EDGE('',*,*,#3402,.F.);
#4748=ORIENTED_EDGE('',*,*,#3403,.T.);
#4749=ORIENTED_EDGE('',*,*,#3404,.T.);
#4750=ORIENTED_EDGE('',*,*,#3399,.F.);
#4751=ORIENTED_EDGE('',*,*,#3405,.F.);
#4752=ORIENTED_EDGE('',*,*,#3406,.T.);
#4753=ORIENTED_EDGE('',*,*,#3407,.T.);
#4754=ORIENTED_EDGE('',*,*,#3403,.F.);
#4755=ORIENTED_EDGE('',*,*,#3408,.F.);
#4756=ORIENTED_EDGE('',*,*,#3409,.T.);
#4757=ORIENTED_EDGE('',*,*,#3410,.T.);
#4758=ORIENTED_EDGE('',*,*,#3406,.F.);
#4759=ORIENTED_EDGE('',*,*,#3411,.F.);
#4760=ORIENTED_EDGE('',*,*,#3412,.T.);
#4761=ORIENTED_EDGE('',*,*,#3413,.T.);
#4762=ORIENTED_EDGE('',*,*,#3409,.F.);
#4763=ORIENTED_EDGE('',*,*,#3414,.F.);
#4764=ORIENTED_EDGE('',*,*,#3415,.T.);
#4765=ORIENTED_EDGE('',*,*,#3416,.T.);
#4766=ORIENTED_EDGE('',*,*,#3412,.F.);
#4767=ORIENTED_EDGE('',*,*,#3417,.F.);
#4768=ORIENTED_EDGE('',*,*,#3418,.T.);
#4769=ORIENTED_EDGE('',*,*,#3419,.T.);
#4770=ORIENTED_EDGE('',*,*,#3415,.F.);
#4771=ORIENTED_EDGE('',*,*,#3420,.F.);
#4772=ORIENTED_EDGE('',*,*,#3421,.T.);
#4773=ORIENTED_EDGE('',*,*,#3422,.T.);
#4774=ORIENTED_EDGE('',*,*,#3418,.F.);
#4775=ORIENTED_EDGE('',*,*,#3423,.F.);
#4776=ORIENTED_EDGE('',*,*,#3424,.T.);
#4777=ORIENTED_EDGE('',*,*,#3425,.T.);
#4778=ORIENTED_EDGE('',*,*,#3421,.F.);
#4779=ORIENTED_EDGE('',*,*,#3426,.F.);
#4780=ORIENTED_EDGE('',*,*,#3427,.T.);
#4781=ORIENTED_EDGE('',*,*,#3428,.T.);
#4782=ORIENTED_EDGE('',*,*,#3424,.F.);
#4783=ORIENTED_EDGE('',*,*,#3429,.F.);
#4784=ORIENTED_EDGE('',*,*,#3430,.T.);
#4785=ORIENTED_EDGE('',*,*,#3431,.T.);
#4786=ORIENTED_EDGE('',*,*,#3427,.F.);
#4787=ORIENTED_EDGE('',*,*,#3432,.F.);
#4788=ORIENTED_EDGE('',*,*,#3433,.T.);
#4789=ORIENTED_EDGE('',*,*,#3434,.T.);
#4790=ORIENTED_EDGE('',*,*,#3430,.F.);
#4791=ORIENTED_EDGE('',*,*,#3435,.F.);
#4792=ORIENTED_EDGE('',*,*,#3436,.T.);
#4793=ORIENTED_EDGE('',*,*,#3437,.T.);
#4794=ORIENTED_EDGE('',*,*,#3433,.F.);
#4795=ORIENTED_EDGE('',*,*,#3438,.F.);
#4796=ORIENTED_EDGE('',*,*,#3439,.T.);
#4797=ORIENTED_EDGE('',*,*,#3440,.T.);
#4798=ORIENTED_EDGE('',*,*,#3436,.F.);
#4799=ORIENTED_EDGE('',*,*,#3441,.F.);
#4800=ORIENTED_EDGE('',*,*,#3442,.T.);
#4801=ORIENTED_EDGE('',*,*,#3443,.T.);
#4802=ORIENTED_EDGE('',*,*,#3439,.F.);
#4803=ORIENTED_EDGE('',*,*,#3444,.F.);
#4804=ORIENTED_EDGE('',*,*,#3445,.T.);
#4805=ORIENTED_EDGE('',*,*,#3446,.T.);
#4806=ORIENTED_EDGE('',*,*,#3442,.F.);
#4807=ORIENTED_EDGE('',*,*,#3447,.F.);
#4808=ORIENTED_EDGE('',*,*,#3448,.T.);
#4809=ORIENTED_EDGE('',*,*,#3449,.T.);
#4810=ORIENTED_EDGE('',*,*,#3445,.F.);
#4811=ORIENTED_EDGE('',*,*,#3450,.F.);
#4812=ORIENTED_EDGE('',*,*,#3451,.T.);
#4813=ORIENTED_EDGE('',*,*,#3452,.T.);
#4814=ORIENTED_EDGE('',*,*,#3448,.F.);
#4815=ORIENTED_EDGE('',*,*,#3453,.F.);
#4816=ORIENTED_EDGE('',*,*,#3454,.T.);
#4817=ORIENTED_EDGE('',*,*,#3455,.T.);
#4818=ORIENTED_EDGE('',*,*,#3451,.F.);
#4819=ORIENTED_EDGE('',*,*,#3456,.F.);
#4820=ORIENTED_EDGE('',*,*,#3457,.T.);
#4821=ORIENTED_EDGE('',*,*,#3458,.T.);
#4822=ORIENTED_EDGE('',*,*,#3454,.F.);
#4823=ORIENTED_EDGE('',*,*,#3459,.F.);
#4824=ORIENTED_EDGE('',*,*,#3460,.T.);
#4825=ORIENTED_EDGE('',*,*,#3461,.T.);
#4826=ORIENTED_EDGE('',*,*,#3457,.F.);
#4827=ORIENTED_EDGE('',*,*,#3462,.F.);
#4828=ORIENTED_EDGE('',*,*,#3463,.T.);
#4829=ORIENTED_EDGE('',*,*,#3464,.T.);
#4830=ORIENTED_EDGE('',*,*,#3460,.F.);
#4831=ORIENTED_EDGE('',*,*,#3465,.F.);
#4832=ORIENTED_EDGE('',*,*,#3466,.T.);
#4833=ORIENTED_EDGE('',*,*,#3467,.T.);
#4834=ORIENTED_EDGE('',*,*,#3463,.F.);
#4835=ORIENTED_EDGE('',*,*,#3468,.F.);
#4836=ORIENTED_EDGE('',*,*,#3401,.T.);
#4837=ORIENTED_EDGE('',*,*,#3469,.T.);
#4838=ORIENTED_EDGE('',*,*,#3466,.F.);
#4839=ORIENTED_EDGE('',*,*,#3469,.F.);
#4840=ORIENTED_EDGE('',*,*,#3400,.F.);
#4841=ORIENTED_EDGE('',*,*,#3404,.F.);
#4842=ORIENTED_EDGE('',*,*,#3407,.F.);
#4843=ORIENTED_EDGE('',*,*,#3410,.F.);
#4844=ORIENTED_EDGE('',*,*,#3413,.F.);
#4845=ORIENTED_EDGE('',*,*,#3416,.F.);
#4846=ORIENTED_EDGE('',*,*,#3419,.F.);
#4847=ORIENTED_EDGE('',*,*,#3422,.F.);
#4848=ORIENTED_EDGE('',*,*,#3425,.F.);
#4849=ORIENTED_EDGE('',*,*,#3428,.F.);
#4850=ORIENTED_EDGE('',*,*,#3431,.F.);
#4851=ORIENTED_EDGE('',*,*,#3434,.F.);
#4852=ORIENTED_EDGE('',*,*,#3437,.F.);
#4853=ORIENTED_EDGE('',*,*,#3440,.F.);
#4854=ORIENTED_EDGE('',*,*,#3443,.F.);
#4855=ORIENTED_EDGE('',*,*,#3446,.F.);
#4856=ORIENTED_EDGE('',*,*,#3449,.F.);
#4857=ORIENTED_EDGE('',*,*,#3452,.F.);
#4858=ORIENTED_EDGE('',*,*,#3455,.F.);
#4859=ORIENTED_EDGE('',*,*,#3458,.F.);
#4860=ORIENTED_EDGE('',*,*,#3461,.F.);
#4861=ORIENTED_EDGE('',*,*,#3464,.F.);
#4862=ORIENTED_EDGE('',*,*,#3467,.F.);
#4863=ORIENTED_EDGE('',*,*,#3470,.F.);
#4864=ORIENTED_EDGE('',*,*,#3471,.T.);
#4865=ORIENTED_EDGE('',*,*,#3472,.T.);
#4866=ORIENTED_EDGE('',*,*,#3473,.F.);
#4867=ORIENTED_EDGE('',*,*,#3474,.F.);
#4868=ORIENTED_EDGE('',*,*,#3475,.T.);
#4869=ORIENTED_EDGE('',*,*,#3476,.T.);
#4870=ORIENTED_EDGE('',*,*,#3471,.F.);
#4871=ORIENTED_EDGE('',*,*,#3477,.F.);
#4872=ORIENTED_EDGE('',*,*,#3478,.T.);
#4873=ORIENTED_EDGE('',*,*,#3479,.T.);
#4874=ORIENTED_EDGE('',*,*,#3475,.F.);
#4875=ORIENTED_EDGE('',*,*,#3480,.F.);
#4876=ORIENTED_EDGE('',*,*,#3481,.T.);
#4877=ORIENTED_EDGE('',*,*,#3482,.T.);
#4878=ORIENTED_EDGE('',*,*,#3478,.F.);
#4879=ORIENTED_EDGE('',*,*,#3483,.F.);
#4880=ORIENTED_EDGE('',*,*,#3484,.T.);
#4881=ORIENTED_EDGE('',*,*,#3485,.T.);
#4882=ORIENTED_EDGE('',*,*,#3481,.F.);
#4883=ORIENTED_EDGE('',*,*,#3486,.F.);
#4884=ORIENTED_EDGE('',*,*,#3487,.T.);
#4885=ORIENTED_EDGE('',*,*,#3488,.T.);
#4886=ORIENTED_EDGE('',*,*,#3484,.F.);
#4887=ORIENTED_EDGE('',*,*,#3489,.F.);
#4888=ORIENTED_EDGE('',*,*,#3490,.T.);
#4889=ORIENTED_EDGE('',*,*,#3491,.T.);
#4890=ORIENTED_EDGE('',*,*,#3487,.F.);
#4891=ORIENTED_EDGE('',*,*,#3492,.F.);
#4892=ORIENTED_EDGE('',*,*,#3493,.T.);
#4893=ORIENTED_EDGE('',*,*,#3494,.T.);
#4894=ORIENTED_EDGE('',*,*,#3490,.F.);
#4895=ORIENTED_EDGE('',*,*,#3495,.F.);
#4896=ORIENTED_EDGE('',*,*,#3473,.T.);
#4897=ORIENTED_EDGE('',*,*,#3496,.T.);
#4898=ORIENTED_EDGE('',*,*,#3493,.F.);
#4899=ORIENTED_EDGE('',*,*,#3497,.F.);
#4900=ORIENTED_EDGE('',*,*,#3498,.T.);
#4901=ORIENTED_EDGE('',*,*,#3499,.T.);
#4902=ORIENTED_EDGE('',*,*,#3500,.F.);
#4903=ORIENTED_EDGE('',*,*,#3501,.F.);
#4904=ORIENTED_EDGE('',*,*,#3502,.T.);
#4905=ORIENTED_EDGE('',*,*,#3503,.T.);
#4906=ORIENTED_EDGE('',*,*,#3498,.F.);
#4907=ORIENTED_EDGE('',*,*,#3504,.F.);
#4908=ORIENTED_EDGE('',*,*,#3505,.T.);
#4909=ORIENTED_EDGE('',*,*,#3506,.T.);
#4910=ORIENTED_EDGE('',*,*,#3502,.F.);
#4911=ORIENTED_EDGE('',*,*,#3507,.F.);
#4912=ORIENTED_EDGE('',*,*,#3508,.T.);
#4913=ORIENTED_EDGE('',*,*,#3509,.T.);
#4914=ORIENTED_EDGE('',*,*,#3505,.F.);
#4915=ORIENTED_EDGE('',*,*,#3510,.F.);
#4916=ORIENTED_EDGE('',*,*,#3511,.T.);
#4917=ORIENTED_EDGE('',*,*,#3512,.T.);
#4918=ORIENTED_EDGE('',*,*,#3508,.F.);
#4919=ORIENTED_EDGE('',*,*,#3513,.F.);
#4920=ORIENTED_EDGE('',*,*,#3514,.T.);
#4921=ORIENTED_EDGE('',*,*,#3515,.T.);
#4922=ORIENTED_EDGE('',*,*,#3511,.F.);
#4923=ORIENTED_EDGE('',*,*,#3516,.F.);
#4924=ORIENTED_EDGE('',*,*,#3517,.T.);
#4925=ORIENTED_EDGE('',*,*,#3518,.T.);
#4926=ORIENTED_EDGE('',*,*,#3514,.F.);
#4927=ORIENTED_EDGE('',*,*,#3519,.F.);
#4928=ORIENTED_EDGE('',*,*,#3520,.T.);
#4929=ORIENTED_EDGE('',*,*,#3521,.T.);
#4930=ORIENTED_EDGE('',*,*,#3517,.F.);
#4931=ORIENTED_EDGE('',*,*,#3522,.F.);
#4932=ORIENTED_EDGE('',*,*,#3523,.T.);
#4933=ORIENTED_EDGE('',*,*,#3524,.T.);
#4934=ORIENTED_EDGE('',*,*,#3520,.F.);
#4935=ORIENTED_EDGE('',*,*,#3525,.F.);
#4936=ORIENTED_EDGE('',*,*,#3500,.T.);
#4937=ORIENTED_EDGE('',*,*,#3526,.T.);
#4938=ORIENTED_EDGE('',*,*,#3523,.F.);
#4939=ORIENTED_EDGE('',*,*,#3526,.F.);
#4940=ORIENTED_EDGE('',*,*,#3499,.F.);
#4941=ORIENTED_EDGE('',*,*,#3503,.F.);
#4942=ORIENTED_EDGE('',*,*,#3506,.F.);
#4943=ORIENTED_EDGE('',*,*,#3509,.F.);
#4944=ORIENTED_EDGE('',*,*,#3512,.F.);
#4945=ORIENTED_EDGE('',*,*,#3515,.F.);
#4946=ORIENTED_EDGE('',*,*,#3518,.F.);
#4947=ORIENTED_EDGE('',*,*,#3521,.F.);
#4948=ORIENTED_EDGE('',*,*,#3524,.F.);
#4949=ORIENTED_EDGE('',*,*,#3496,.F.);
#4950=ORIENTED_EDGE('',*,*,#3472,.F.);
#4951=ORIENTED_EDGE('',*,*,#3476,.F.);
#4952=ORIENTED_EDGE('',*,*,#3479,.F.);
#4953=ORIENTED_EDGE('',*,*,#3482,.F.);
#4954=ORIENTED_EDGE('',*,*,#3485,.F.);
#4955=ORIENTED_EDGE('',*,*,#3488,.F.);
#4956=ORIENTED_EDGE('',*,*,#3491,.F.);
#4957=ORIENTED_EDGE('',*,*,#3494,.F.);
#4958=ORIENTED_EDGE('',*,*,#3527,.T.);
#4959=ORIENTED_EDGE('',*,*,#3528,.T.);
#4960=ORIENTED_EDGE('',*,*,#3529,.T.);
#4961=ORIENTED_EDGE('',*,*,#3530,.T.);
#4962=ORIENTED_EDGE('',*,*,#3531,.T.);
#4963=ORIENTED_EDGE('',*,*,#3532,.T.);
#4964=ORIENTED_EDGE('',*,*,#3533,.T.);
#4965=ORIENTED_EDGE('',*,*,#3534,.T.);
#4966=ORIENTED_EDGE('',*,*,#3535,.T.);
#4967=ORIENTED_EDGE('',*,*,#3536,.T.);
#4968=ORIENTED_EDGE('',*,*,#3537,.T.);
#4969=ORIENTED_EDGE('',*,*,#3538,.T.);
#4970=ORIENTED_EDGE('',*,*,#3539,.T.);
#4971=ORIENTED_EDGE('',*,*,#3540,.T.);
#4972=ORIENTED_EDGE('',*,*,#3541,.T.);
#4973=ORIENTED_EDGE('',*,*,#3542,.T.);
#4974=ORIENTED_EDGE('',*,*,#3543,.T.);
#4975=ORIENTED_EDGE('',*,*,#3544,.T.);
#4976=ORIENTED_EDGE('',*,*,#3545,.F.);
#4977=ORIENTED_EDGE('',*,*,#3546,.F.);
#4978=ORIENTED_EDGE('',*,*,#3547,.T.);
#4979=ORIENTED_EDGE('',*,*,#3548,.T.);
#4980=ORIENTED_EDGE('',*,*,#3549,.T.);
#4981=ORIENTED_EDGE('',*,*,#3550,.T.);
#4982=ORIENTED_EDGE('',*,*,#3497,.T.);
#4983=ORIENTED_EDGE('',*,*,#3525,.T.);
#4984=ORIENTED_EDGE('',*,*,#3522,.T.);
#4985=ORIENTED_EDGE('',*,*,#3519,.T.);
#4986=ORIENTED_EDGE('',*,*,#3516,.T.);
#4987=ORIENTED_EDGE('',*,*,#3513,.T.);
#4988=ORIENTED_EDGE('',*,*,#3510,.T.);
#4989=ORIENTED_EDGE('',*,*,#3507,.T.);
#4990=ORIENTED_EDGE('',*,*,#3504,.T.);
#4991=ORIENTED_EDGE('',*,*,#3501,.T.);
#4992=ORIENTED_EDGE('',*,*,#3398,.T.);
#4993=ORIENTED_EDGE('',*,*,#3468,.T.);
#4994=ORIENTED_EDGE('',*,*,#3465,.T.);
#4995=ORIENTED_EDGE('',*,*,#3462,.T.);
#4996=ORIENTED_EDGE('',*,*,#3459,.T.);
#4997=ORIENTED_EDGE('',*,*,#3456,.T.);
#4998=ORIENTED_EDGE('',*,*,#3453,.T.);
#4999=ORIENTED_EDGE('',*,*,#3450,.T.);
#5000=ORIENTED_EDGE('',*,*,#3447,.T.);
#5001=ORIENTED_EDGE('',*,*,#3444,.T.);
#5002=ORIENTED_EDGE('',*,*,#3441,.T.);
#5003=ORIENTED_EDGE('',*,*,#3438,.T.);
#5004=ORIENTED_EDGE('',*,*,#3435,.T.);
#5005=ORIENTED_EDGE('',*,*,#3432,.T.);
#5006=ORIENTED_EDGE('',*,*,#3429,.T.);
#5007=ORIENTED_EDGE('',*,*,#3426,.T.);
#5008=ORIENTED_EDGE('',*,*,#3423,.T.);
#5009=ORIENTED_EDGE('',*,*,#3420,.T.);
#5010=ORIENTED_EDGE('',*,*,#3417,.T.);
#5011=ORIENTED_EDGE('',*,*,#3414,.T.);
#5012=ORIENTED_EDGE('',*,*,#3411,.T.);
#5013=ORIENTED_EDGE('',*,*,#3408,.T.);
#5014=ORIENTED_EDGE('',*,*,#3405,.T.);
#5015=ORIENTED_EDGE('',*,*,#3402,.T.);
#5016=ORIENTED_EDGE('',*,*,#3374,.T.);
#5017=ORIENTED_EDGE('',*,*,#3396,.T.);
#5018=ORIENTED_EDGE('',*,*,#3393,.T.);
#5019=ORIENTED_EDGE('',*,*,#3390,.T.);
#5020=ORIENTED_EDGE('',*,*,#3387,.T.);
#5021=ORIENTED_EDGE('',*,*,#3384,.T.);
#5022=ORIENTED_EDGE('',*,*,#3381,.T.);
#5023=ORIENTED_EDGE('',*,*,#3378,.T.);
#5024=ORIENTED_EDGE('',*,*,#3338,.T.);
#5025=ORIENTED_EDGE('',*,*,#3372,.T.);
#5026=ORIENTED_EDGE('',*,*,#3369,.T.);
#5027=ORIENTED_EDGE('',*,*,#3366,.T.);
#5028=ORIENTED_EDGE('',*,*,#3363,.T.);
#5029=ORIENTED_EDGE('',*,*,#3360,.T.);
#5030=ORIENTED_EDGE('',*,*,#3357,.T.);
#5031=ORIENTED_EDGE('',*,*,#3354,.T.);
#5032=ORIENTED_EDGE('',*,*,#3351,.T.);
#5033=ORIENTED_EDGE('',*,*,#3348,.T.);
#5034=ORIENTED_EDGE('',*,*,#3345,.T.);
#5035=ORIENTED_EDGE('',*,*,#3342,.T.);
#5036=ORIENTED_EDGE('',*,*,#3302,.T.);
#5037=ORIENTED_EDGE('',*,*,#3336,.T.);
#5038=ORIENTED_EDGE('',*,*,#3333,.T.);
#5039=ORIENTED_EDGE('',*,*,#3330,.T.);
#5040=ORIENTED_EDGE('',*,*,#3327,.T.);
#5041=ORIENTED_EDGE('',*,*,#3324,.T.);
#5042=ORIENTED_EDGE('',*,*,#3321,.T.);
#5043=ORIENTED_EDGE('',*,*,#3318,.T.);
#5044=ORIENTED_EDGE('',*,*,#3315,.T.);
#5045=ORIENTED_EDGE('',*,*,#3312,.T.);
#5046=ORIENTED_EDGE('',*,*,#3309,.T.);
#5047=ORIENTED_EDGE('',*,*,#3306,.T.);
#5048=ORIENTED_EDGE('',*,*,#3551,.F.);
#5049=ORIENTED_EDGE('',*,*,#3552,.T.);
#5050=ORIENTED_EDGE('',*,*,#3553,.F.);
#5051=ORIENTED_EDGE('',*,*,#3552,.F.);
#5052=ORIENTED_EDGE('',*,*,#3554,.T.);
#5053=ORIENTED_EDGE('',*,*,#3555,.T.);
#5054=ORIENTED_EDGE('',*,*,#3556,.T.);
#5055=ORIENTED_EDGE('',*,*,#3557,.T.);
#5056=ORIENTED_EDGE('',*,*,#3558,.T.);
#5057=ORIENTED_EDGE('',*,*,#3559,.T.);
#5058=ORIENTED_EDGE('',*,*,#3560,.T.);
#5059=ORIENTED_EDGE('',*,*,#3561,.T.);
#5060=ORIENTED_EDGE('',*,*,#3562,.T.);
#5061=ORIENTED_EDGE('',*,*,#3563,.T.);
#5062=ORIENTED_EDGE('',*,*,#3564,.T.);
#5063=ORIENTED_EDGE('',*,*,#3565,.T.);
#5064=ORIENTED_EDGE('',*,*,#3566,.T.);
#5065=ORIENTED_EDGE('',*,*,#3567,.T.);
#5066=ORIENTED_EDGE('',*,*,#3568,.T.);
#5067=ORIENTED_EDGE('',*,*,#3569,.T.);
#5068=ORIENTED_EDGE('',*,*,#3570,.T.);
#5069=ORIENTED_EDGE('',*,*,#3571,.T.);
#5070=ORIENTED_EDGE('',*,*,#3572,.T.);
#5071=ORIENTED_EDGE('',*,*,#3573,.T.);
#5072=ORIENTED_EDGE('',*,*,#3574,.T.);
#5073=ORIENTED_EDGE('',*,*,#3575,.T.);
#5074=ORIENTED_EDGE('',*,*,#3576,.T.);
#5075=ORIENTED_EDGE('',*,*,#3577,.T.);
#5076=ORIENTED_EDGE('',*,*,#3578,.T.);
#5077=ORIENTED_EDGE('',*,*,#3553,.T.);
#5078=ORIENTED_EDGE('',*,*,#3579,.F.);
#5079=ORIENTED_EDGE('',*,*,#3580,.T.);
#5080=ORIENTED_EDGE('',*,*,#3551,.T.);
#5081=ORIENTED_EDGE('',*,*,#3580,.F.);
#5082=ORIENTED_EDGE('',*,*,#3581,.F.);
#5083=ORIENTED_EDGE('',*,*,#3568,.F.);
#5084=ORIENTED_EDGE('',*,*,#3582,.F.);
#5085=ORIENTED_EDGE('',*,*,#3583,.F.);
#5086=ORIENTED_EDGE('',*,*,#3582,.T.);
#5087=ORIENTED_EDGE('',*,*,#3571,.F.);
#5088=ORIENTED_EDGE('',*,*,#3584,.F.);
#5089=ORIENTED_EDGE('',*,*,#3585,.F.);
#5090=ORIENTED_EDGE('',*,*,#3586,.F.);
#5091=ORIENTED_EDGE('',*,*,#3569,.F.);
#5092=ORIENTED_EDGE('',*,*,#3581,.T.);
#5093=ORIENTED_EDGE('',*,*,#3587,.F.);
#5094=ORIENTED_EDGE('',*,*,#3584,.T.);
#5095=ORIENTED_EDGE('',*,*,#3570,.F.);
#5096=ORIENTED_EDGE('',*,*,#3586,.T.);
#5097=ORIENTED_EDGE('',*,*,#3588,.F.);
#5098=ORIENTED_EDGE('',*,*,#3585,.T.);
#5099=ORIENTED_EDGE('',*,*,#3589,.T.);
#5100=ORIENTED_EDGE('',*,*,#3590,.T.);
#5101=ORIENTED_EDGE('',*,*,#3591,.T.);
#5102=ORIENTED_EDGE('',*,*,#3583,.T.);
#5103=ORIENTED_EDGE('',*,*,#3591,.F.);
#5104=ORIENTED_EDGE('',*,*,#3592,.T.);
#5105=ORIENTED_EDGE('',*,*,#3593,.F.);
#5106=ORIENTED_EDGE('',*,*,#3594,.F.);
#5107=ORIENTED_EDGE('',*,*,#3595,.T.);
#5108=ORIENTED_EDGE('',*,*,#3578,.F.);
#5109=ORIENTED_EDGE('',*,*,#3595,.F.);
#5110=ORIENTED_EDGE('',*,*,#3596,.F.);
#5111=ORIENTED_EDGE('',*,*,#3597,.T.);
#5112=ORIENTED_EDGE('',*,*,#3594,.T.);
#5113=ORIENTED_EDGE('',*,*,#3597,.F.);
#5114=ORIENTED_EDGE('',*,*,#3598,.F.);
#5115=ORIENTED_EDGE('',*,*,#3572,.F.);
#5116=ORIENTED_EDGE('',*,*,#3599,.F.);
#5117=ORIENTED_EDGE('',*,*,#3600,.F.);
#5118=ORIENTED_EDGE('',*,*,#3599,.T.);
#5119=ORIENTED_EDGE('',*,*,#3575,.F.);
#5120=ORIENTED_EDGE('',*,*,#3601,.F.);
#5121=ORIENTED_EDGE('',*,*,#3602,.F.);
#5122=ORIENTED_EDGE('',*,*,#3603,.F.);
#5123=ORIENTED_EDGE('',*,*,#3573,.F.);
#5124=ORIENTED_EDGE('',*,*,#3598,.T.);
#5125=ORIENTED_EDGE('',*,*,#3604,.F.);
#5126=ORIENTED_EDGE('',*,*,#3601,.T.);
#5127=ORIENTED_EDGE('',*,*,#3574,.F.);
#5128=ORIENTED_EDGE('',*,*,#3603,.T.);
#5129=ORIENTED_EDGE('',*,*,#3605,.F.);
#5130=ORIENTED_EDGE('',*,*,#3602,.T.);
#5131=ORIENTED_EDGE('',*,*,#3606,.T.);
#5132=ORIENTED_EDGE('',*,*,#3607,.T.);
#5133=ORIENTED_EDGE('',*,*,#3608,.T.);
#5134=ORIENTED_EDGE('',*,*,#3600,.T.);
#5135=ORIENTED_EDGE('',*,*,#3608,.F.);
#5136=ORIENTED_EDGE('',*,*,#3609,.T.);
#5137=ORIENTED_EDGE('',*,*,#3610,.F.);
#5138=ORIENTED_EDGE('',*,*,#3611,.F.);
#5139=ORIENTED_EDGE('',*,*,#3612,.T.);
#5140=ORIENTED_EDGE('',*,*,#3577,.F.);
#5141=ORIENTED_EDGE('',*,*,#3612,.F.);
#5142=ORIENTED_EDGE('',*,*,#3613,.T.);
#5143=ORIENTED_EDGE('',*,*,#3614,.T.);
#5144=ORIENTED_EDGE('',*,*,#3611,.T.);
#5145=ORIENTED_EDGE('',*,*,#3614,.F.);
#5146=ORIENTED_EDGE('',*,*,#3615,.F.);
#5147=ORIENTED_EDGE('',*,*,#3616,.T.);
#5148=ORIENTED_EDGE('',*,*,#3576,.F.);
#5149=ORIENTED_EDGE('',*,*,#3616,.F.);
#5150=ORIENTED_EDGE('',*,*,#3617,.T.);
#5151=ORIENTED_EDGE('',*,*,#3618,.T.);
#5152=ORIENTED_EDGE('',*,*,#3615,.T.);
#5153=ORIENTED_EDGE('',*,*,#3618,.F.);
#5154=ORIENTED_EDGE('',*,*,#3619,.F.);
#5155=ORIENTED_EDGE('',*,*,#3554,.F.);
#5156=ORIENTED_EDGE('',*,*,#3620,.F.);
#5157=ORIENTED_EDGE('',*,*,#3621,.F.);
#5158=ORIENTED_EDGE('',*,*,#3620,.T.);
#5159=ORIENTED_EDGE('',*,*,#3567,.F.);
#5160=ORIENTED_EDGE('',*,*,#3622,.F.);
#5161=ORIENTED_EDGE('',*,*,#3623,.F.);
#5162=ORIENTED_EDGE('',*,*,#3619,.T.);
#5163=ORIENTED_EDGE('',*,*,#3624,.F.);
#5164=ORIENTED_EDGE('',*,*,#3625,.F.);
#5165=ORIENTED_EDGE('',*,*,#3555,.F.);
#5166=ORIENTED_EDGE('',*,*,#3622,.T.);
#5167=ORIENTED_EDGE('',*,*,#3566,.F.);
#5168=ORIENTED_EDGE('',*,*,#3626,.F.);
#5169=ORIENTED_EDGE('',*,*,#3627,.F.);
#5170=ORIENTED_EDGE('',*,*,#3625,.T.);
#5171=ORIENTED_EDGE('',*,*,#3628,.F.);
#5172=ORIENTED_EDGE('',*,*,#3629,.F.);
#5173=ORIENTED_EDGE('',*,*,#3556,.F.);
#5174=ORIENTED_EDGE('',*,*,#3630,.F.);
#5175=ORIENTED_EDGE('',*,*,#3631,.F.);
#5176=ORIENTED_EDGE('',*,*,#3626,.T.);
#5177=ORIENTED_EDGE('',*,*,#3565,.F.);
#5178=ORIENTED_EDGE('',*,*,#3632,.F.);
#5179=ORIENTED_EDGE('',*,*,#3557,.F.);
#5180=ORIENTED_EDGE('',*,*,#3629,.T.);
#5181=ORIENTED_EDGE('',*,*,#3633,.F.);
#5182=ORIENTED_EDGE('',*,*,#3634,.F.);
#5183=ORIENTED_EDGE('',*,*,#3630,.T.);
#5184=ORIENTED_EDGE('',*,*,#3564,.F.);
#5185=ORIENTED_EDGE('',*,*,#3635,.F.);
#5186=ORIENTED_EDGE('',*,*,#3636,.F.);
#5187=ORIENTED_EDGE('',*,*,#3637,.F.);
#5188=ORIENTED_EDGE('',*,*,#3558,.F.);
#5189=ORIENTED_EDGE('',*,*,#3632,.T.);
#5190=ORIENTED_EDGE('',*,*,#3638,.F.);
#5191=ORIENTED_EDGE('',*,*,#3635,.T.);
#5192=ORIENTED_EDGE('',*,*,#3563,.F.);
#5193=ORIENTED_EDGE('',*,*,#3639,.F.);
#5194=ORIENTED_EDGE('',*,*,#3640,.F.);
#5195=ORIENTED_EDGE('',*,*,#3641,.F.);
#5196=ORIENTED_EDGE('',*,*,#3642,.F.);
#5197=ORIENTED_EDGE('',*,*,#3559,.F.);
#5198=ORIENTED_EDGE('',*,*,#3637,.T.);
#5199=ORIENTED_EDGE('',*,*,#3643,.F.);
#5200=ORIENTED_EDGE('',*,*,#3644,.F.);
#5201=ORIENTED_EDGE('',*,*,#3645,.F.);
#5202=ORIENTED_EDGE('',*,*,#3639,.T.);
#5203=ORIENTED_EDGE('',*,*,#3562,.F.);
#5204=ORIENTED_EDGE('',*,*,#3646,.F.);
#5205=ORIENTED_EDGE('',*,*,#3560,.F.);
#5206=ORIENTED_EDGE('',*,*,#3642,.T.);
#5207=ORIENTED_EDGE('',*,*,#3647,.F.);
#5208=ORIENTED_EDGE('',*,*,#3644,.T.);
#5209=ORIENTED_EDGE('',*,*,#3561,.F.);
#5210=ORIENTED_EDGE('',*,*,#3646,.T.);
#5211=ORIENTED_EDGE('',*,*,#3648,.F.);
#5212=ORIENTED_EDGE('',*,*,#3645,.T.);
#5213=ORIENTED_EDGE('',*,*,#3649,.T.);
#5214=ORIENTED_EDGE('',*,*,#3650,.T.);
#5215=ORIENTED_EDGE('',*,*,#3651,.T.);
#5216=ORIENTED_EDGE('',*,*,#3652,.F.);
#5217=ORIENTED_EDGE('',*,*,#3641,.T.);
#5218=ORIENTED_EDGE('',*,*,#3653,.T.);
#5219=ORIENTED_EDGE('',*,*,#3654,.T.);
#5220=ORIENTED_EDGE('',*,*,#3653,.F.);
#5221=ORIENTED_EDGE('',*,*,#3640,.T.);
#5222=ORIENTED_EDGE('',*,*,#3652,.T.);
#5223=ORIENTED_EDGE('',*,*,#3655,.T.);
#5224=ORIENTED_EDGE('',*,*,#3656,.F.);
#5225=ORIENTED_EDGE('',*,*,#3636,.T.);
#5226=ORIENTED_EDGE('',*,*,#3656,.T.);
#5227=ORIENTED_EDGE('',*,*,#3657,.T.);
#5228=ORIENTED_EDGE('',*,*,#3658,.T.);
#5229=ORIENTED_EDGE('',*,*,#3659,.T.);
#5230=ORIENTED_EDGE('',*,*,#3631,.T.);
#5231=ORIENTED_EDGE('',*,*,#3659,.F.);
#5232=ORIENTED_EDGE('',*,*,#3660,.T.);
#5233=ORIENTED_EDGE('',*,*,#3661,.T.);
#5234=ORIENTED_EDGE('',*,*,#3627,.T.);
#5235=ORIENTED_EDGE('',*,*,#3661,.F.);
#5236=ORIENTED_EDGE('',*,*,#3662,.T.);
#5237=ORIENTED_EDGE('',*,*,#3663,.F.);
#5238=ORIENTED_EDGE('',*,*,#3623,.T.);
#5239=ORIENTED_EDGE('',*,*,#3663,.T.);
#5240=ORIENTED_EDGE('',*,*,#3664,.T.);
#5241=ORIENTED_EDGE('',*,*,#3665,.T.);
#5242=ORIENTED_EDGE('',*,*,#3621,.T.);
#5243=ORIENTED_EDGE('',*,*,#3665,.F.);
#5244=ORIENTED_EDGE('',*,*,#3666,.T.);
#5245=ORIENTED_EDGE('',*,*,#3667,.F.);
#5246=ORIENTED_EDGE('',*,*,#3668,.F.);
#5247=ORIENTED_EDGE('',*,*,#3669,.F.);
#5248=ORIENTED_EDGE('',*,*,#3670,.F.);
#5249=ORIENTED_EDGE('',*,*,#3530,.F.);
#5250=ORIENTED_EDGE('',*,*,#3671,.F.);
#5251=ORIENTED_EDGE('',*,*,#3531,.F.);
#5252=ORIENTED_EDGE('',*,*,#3670,.T.);
#5253=ORIENTED_EDGE('',*,*,#3672,.F.);
#5254=ORIENTED_EDGE('',*,*,#3671,.T.);
#5255=ORIENTED_EDGE('',*,*,#3673,.F.);
#5256=ORIENTED_EDGE('',*,*,#3674,.F.);
#5257=ORIENTED_EDGE('',*,*,#3675,.F.);
#5258=ORIENTED_EDGE('',*,*,#3676,.F.);
#5259=ORIENTED_EDGE('',*,*,#3668,.T.);
#5260=ORIENTED_EDGE('',*,*,#3529,.F.);
#5261=ORIENTED_EDGE('',*,*,#3677,.F.);
#5262=ORIENTED_EDGE('',*,*,#3678,.F.);
#5263=ORIENTED_EDGE('',*,*,#3675,.T.);
#5264=ORIENTED_EDGE('',*,*,#3528,.F.);
#5265=ORIENTED_EDGE('',*,*,#3679,.F.);
#5266=ORIENTED_EDGE('',*,*,#3650,.F.);
#5267=ORIENTED_EDGE('',*,*,#3677,.T.);
#5268=ORIENTED_EDGE('',*,*,#3527,.F.);
#5269=ORIENTED_EDGE('',*,*,#3651,.F.);
#5270=ORIENTED_EDGE('',*,*,#3679,.T.);
#5271=ORIENTED_EDGE('',*,*,#3680,.F.);
#5272=ORIENTED_EDGE('',*,*,#3680,.T.);
#5273=ORIENTED_EDGE('',*,*,#3540,.F.);
#5274=ORIENTED_EDGE('',*,*,#3681,.T.);
#5275=ORIENTED_EDGE('',*,*,#3655,.F.);
#5276=ORIENTED_EDGE('',*,*,#3648,.T.);
#5277=ORIENTED_EDGE('',*,*,#3682,.F.);
#5278=ORIENTED_EDGE('',*,*,#3678,.T.);
#5279=ORIENTED_EDGE('',*,*,#3649,.F.);
#5280=ORIENTED_EDGE('',*,*,#3647,.T.);
#5281=ORIENTED_EDGE('',*,*,#3683,.T.);
#5282=ORIENTED_EDGE('',*,*,#3676,.T.);
#5283=ORIENTED_EDGE('',*,*,#3682,.T.);
#5284=ORIENTED_EDGE('',*,*,#3643,.T.);
#5285=ORIENTED_EDGE('',*,*,#3684,.F.);
#5286=ORIENTED_EDGE('',*,*,#3669,.T.);
#5287=ORIENTED_EDGE('',*,*,#3683,.F.);
#5288=ORIENTED_EDGE('',*,*,#3685,.F.);
#5289=ORIENTED_EDGE('',*,*,#3541,.F.);
#5290=ORIENTED_EDGE('',*,*,#3686,.F.);
#5291=ORIENTED_EDGE('',*,*,#3607,.F.);
#5292=ORIENTED_EDGE('',*,*,#3687,.F.);
#5293=ORIENTED_EDGE('',*,*,#3609,.F.);
#5294=ORIENTED_EDGE('',*,*,#3686,.T.);
#5295=ORIENTED_EDGE('',*,*,#3544,.F.);
#5296=ORIENTED_EDGE('',*,*,#3688,.F.);
#5297=ORIENTED_EDGE('',*,*,#3689,.F.);
#5298=ORIENTED_EDGE('',*,*,#3687,.T.);
#5299=ORIENTED_EDGE('',*,*,#3543,.F.);
#5300=ORIENTED_EDGE('',*,*,#3688,.T.);
#5301=ORIENTED_EDGE('',*,*,#3542,.F.);
#5302=ORIENTED_EDGE('',*,*,#3685,.T.);
#5303=ORIENTED_EDGE('',*,*,#3690,.F.);
#5304=ORIENTED_EDGE('',*,*,#3470,.T.);
#5305=ORIENTED_EDGE('',*,*,#3495,.T.);
#5306=ORIENTED_EDGE('',*,*,#3492,.T.);
#5307=ORIENTED_EDGE('',*,*,#3489,.T.);
#5308=ORIENTED_EDGE('',*,*,#3486,.T.);
#5309=ORIENTED_EDGE('',*,*,#3483,.T.);
#5310=ORIENTED_EDGE('',*,*,#3480,.T.);
#5311=ORIENTED_EDGE('',*,*,#3477,.T.);
#5312=ORIENTED_EDGE('',*,*,#3474,.T.);
#5313=ORIENTED_EDGE('',*,*,#3691,.F.);
#5314=ORIENTED_EDGE('',*,*,#3692,.F.);
#5315=ORIENTED_EDGE('',*,*,#3693,.F.);
#5316=ORIENTED_EDGE('',*,*,#3547,.F.);
#5317=ORIENTED_EDGE('',*,*,#3694,.F.);
#5318=ORIENTED_EDGE('',*,*,#3548,.F.);
#5319=ORIENTED_EDGE('',*,*,#3693,.T.);
#5320=ORIENTED_EDGE('',*,*,#3695,.F.);
#5321=ORIENTED_EDGE('',*,*,#3696,.F.);
#5322=ORIENTED_EDGE('',*,*,#3549,.F.);
#5323=ORIENTED_EDGE('',*,*,#3694,.T.);
#5324=ORIENTED_EDGE('',*,*,#3592,.F.);
#5325=ORIENTED_EDGE('',*,*,#3696,.T.);
#5326=ORIENTED_EDGE('',*,*,#3590,.F.);
#5327=ORIENTED_EDGE('',*,*,#3691,.T.);
#5328=ORIENTED_EDGE('',*,*,#3550,.F.);
#5329=ORIENTED_EDGE('',*,*,#3588,.T.);
#5330=ORIENTED_EDGE('',*,*,#3697,.F.);
#5331=ORIENTED_EDGE('',*,*,#3692,.T.);
#5332=ORIENTED_EDGE('',*,*,#3589,.F.);
#5333=ORIENTED_EDGE('',*,*,#3698,.F.);
#5334=ORIENTED_EDGE('',*,*,#3657,.F.);
#5335=ORIENTED_EDGE('',*,*,#3681,.F.);
#5336=ORIENTED_EDGE('',*,*,#3699,.F.);
#5337=ORIENTED_EDGE('',*,*,#3658,.F.);
#5338=ORIENTED_EDGE('',*,*,#3698,.T.);
#5339=ORIENTED_EDGE('',*,*,#3539,.F.);
#5340=ORIENTED_EDGE('',*,*,#3700,.F.);
#5341=ORIENTED_EDGE('',*,*,#3660,.F.);
#5342=ORIENTED_EDGE('',*,*,#3699,.T.);
#5343=ORIENTED_EDGE('',*,*,#3538,.F.);
#5344=ORIENTED_EDGE('',*,*,#3701,.F.);
#5345=ORIENTED_EDGE('',*,*,#3662,.F.);
#5346=ORIENTED_EDGE('',*,*,#3700,.T.);
#5347=ORIENTED_EDGE('',*,*,#3537,.F.);
#5348=ORIENTED_EDGE('',*,*,#3702,.F.);
#5349=ORIENTED_EDGE('',*,*,#3664,.F.);
#5350=ORIENTED_EDGE('',*,*,#3701,.T.);
#5351=ORIENTED_EDGE('',*,*,#3536,.F.);
#5352=ORIENTED_EDGE('',*,*,#3703,.F.);
#5353=ORIENTED_EDGE('',*,*,#3666,.F.);
#5354=ORIENTED_EDGE('',*,*,#3702,.T.);
#5355=ORIENTED_EDGE('',*,*,#3535,.F.);
#5356=ORIENTED_EDGE('',*,*,#3704,.F.);
#5357=ORIENTED_EDGE('',*,*,#3705,.F.);
#5358=ORIENTED_EDGE('',*,*,#3703,.T.);
#5359=ORIENTED_EDGE('',*,*,#3534,.F.);
#5360=ORIENTED_EDGE('',*,*,#3706,.F.);
#5361=ORIENTED_EDGE('',*,*,#3707,.F.);
#5362=ORIENTED_EDGE('',*,*,#3704,.T.);
#5363=ORIENTED_EDGE('',*,*,#3533,.F.);
#5364=ORIENTED_EDGE('',*,*,#3708,.F.);
#5365=ORIENTED_EDGE('',*,*,#3706,.T.);
#5366=ORIENTED_EDGE('',*,*,#3709,.F.);
#5367=ORIENTED_EDGE('',*,*,#3628,.T.);
#5368=ORIENTED_EDGE('',*,*,#3710,.T.);
#5369=ORIENTED_EDGE('',*,*,#3707,.T.);
#5370=ORIENTED_EDGE('',*,*,#3708,.T.);
#5371=ORIENTED_EDGE('',*,*,#3711,.F.);
#5372=ORIENTED_EDGE('',*,*,#3624,.T.);
#5373=ORIENTED_EDGE('',*,*,#3667,.T.);
#5374=ORIENTED_EDGE('',*,*,#3705,.T.);
#5375=ORIENTED_EDGE('',*,*,#3710,.F.);
#5376=ORIENTED_EDGE('',*,*,#3712,.F.);
#5377=ORIENTED_EDGE('',*,*,#3713,.T.);
#5378=ORIENTED_EDGE('',*,*,#3654,.F.);
#5379=ORIENTED_EDGE('',*,*,#3713,.F.);
#5380=ORIENTED_EDGE('',*,*,#3712,.T.);
#5381=ORIENTED_EDGE('',*,*,#3714,.T.);
#5382=ORIENTED_EDGE('',*,*,#3715,.F.);
#5383=ORIENTED_EDGE('',*,*,#3716,.T.);
#5384=ORIENTED_EDGE('',*,*,#3717,.F.);
#5385=ORIENTED_EDGE('',*,*,#3716,.F.);
#5386=ORIENTED_EDGE('',*,*,#3715,.T.);
#5387=ORIENTED_EDGE('',*,*,#3718,.T.);
#5388=ORIENTED_EDGE('',*,*,#3634,.T.);
#5389=ORIENTED_EDGE('',*,*,#3719,.T.);
#5390=ORIENTED_EDGE('',*,*,#3717,.T.);
#5391=ORIENTED_EDGE('',*,*,#3719,.F.);
#5392=ORIENTED_EDGE('',*,*,#3633,.T.);
#5393=ORIENTED_EDGE('',*,*,#3711,.T.);
#5394=ORIENTED_EDGE('',*,*,#3720,.T.);
#5395=ORIENTED_EDGE('',*,*,#3721,.F.);
#5396=ORIENTED_EDGE('',*,*,#3617,.F.);
#5397=ORIENTED_EDGE('',*,*,#3722,.T.);
#5398=ORIENTED_EDGE('',*,*,#3718,.F.);
#5399=ORIENTED_EDGE('',*,*,#3722,.F.);
#5400=ORIENTED_EDGE('',*,*,#3613,.F.);
#5401=ORIENTED_EDGE('',*,*,#3723,.T.);
#5402=ORIENTED_EDGE('',*,*,#3714,.F.);
#5403=ORIENTED_EDGE('',*,*,#3723,.F.);
#5404=ORIENTED_EDGE('',*,*,#3674,.T.);
#5405=ORIENTED_EDGE('',*,*,#3720,.F.);
#5406=ORIENTED_EDGE('',*,*,#3709,.T.);
#5407=ORIENTED_EDGE('',*,*,#3532,.F.);
#5408=ORIENTED_EDGE('',*,*,#3587,.T.);
#5409=ORIENTED_EDGE('',*,*,#3593,.T.);
#5410=ORIENTED_EDGE('',*,*,#3695,.T.);
#5411=ORIENTED_EDGE('',*,*,#3697,.T.);
#5412=ORIENTED_EDGE('',*,*,#3605,.T.);
#5413=ORIENTED_EDGE('',*,*,#3724,.F.);
#5414=ORIENTED_EDGE('',*,*,#3690,.T.);
#5415=ORIENTED_EDGE('',*,*,#3606,.F.);
#5416=ORIENTED_EDGE('',*,*,#3604,.T.);
#5417=ORIENTED_EDGE('',*,*,#3610,.T.);
#5418=ORIENTED_EDGE('',*,*,#3689,.T.);
#5419=ORIENTED_EDGE('',*,*,#3724,.T.);
#5420=ORIENTED_EDGE('',*,*,#3546,.T.);
#5421=ORIENTED_EDGE('',*,*,#3725,.T.);
#5422=ORIENTED_EDGE('',*,*,#3726,.T.);
#5423=ORIENTED_EDGE('',*,*,#3725,.F.);
#5424=ORIENTED_EDGE('',*,*,#3726,.F.);
#5425=ORIENTED_EDGE('',*,*,#3596,.T.);
#5426=ORIENTED_EDGE('',*,*,#3545,.T.);
#5427=ORIENTED_EDGE('',*,*,#3727,.T.);
#5428=ORIENTED_EDGE('',*,*,#3728,.T.);
#5429=ORIENTED_EDGE('',*,*,#3727,.F.);
#5430=ORIENTED_EDGE('',*,*,#3728,.F.);
#5431=ORIENTED_EDGE('',*,*,#3579,.T.);
#5432=ORIENTED_EDGE('',*,*,#3638,.T.);
#5433=ORIENTED_EDGE('',*,*,#3721,.T.);
#5434=ORIENTED_EDGE('',*,*,#3673,.T.);
#5435=ORIENTED_EDGE('',*,*,#3672,.T.);
#5436=ORIENTED_EDGE('',*,*,#3684,.T.);
#5437=PLANE('',#5942);
#5438=PLANE('',#5943);
#5439=PLANE('',#5944);
#5440=PLANE('',#5945);
#5441=PLANE('',#5946);
#5442=PLANE('',#5947);
#5443=PLANE('',#5948);
#5444=PLANE('',#5949);
#5445=PLANE('',#5950);
#5446=PLANE('',#5951);
#5447=PLANE('',#5952);
#5448=PLANE('',#5953);
#5449=PLANE('',#5954);
#5450=PLANE('',#5955);
#5451=PLANE('',#5956);
#5452=PLANE('',#5957);
#5453=PLANE('',#5958);
#5454=PLANE('',#5959);
#5455=PLANE('',#5960);
#5456=PLANE('',#5961);
#5457=PLANE('',#5962);
#5458=PLANE('',#5963);
#5459=PLANE('',#5964);
#5460=PLANE('',#5965);
#5461=PLANE('',#5966);
#5462=PLANE('',#5967);
#5463=PLANE('',#5968);
#5464=PLANE('',#5969);
#5465=PLANE('',#5970);
#5466=PLANE('',#5971);
#5467=PLANE('',#5972);
#5468=PLANE('',#5973);
#5469=PLANE('',#5974);
#5470=PLANE('',#5975);
#5471=PLANE('',#5976);
#5472=PLANE('',#5977);
#5473=PLANE('',#5978);
#5474=PLANE('',#5979);
#5475=PLANE('',#5980);
#5476=PLANE('',#5981);
#5477=PLANE('',#5982);
#5478=PLANE('',#5983);
#5479=PLANE('',#5984);
#5480=PLANE('',#5985);
#5481=PLANE('',#5986);
#5482=PLANE('',#5987);
#5483=PLANE('',#5988);
#5484=PLANE('',#5989);
#5485=PLANE('',#6007);
#5486=PLANE('',#6027);
#5487=PLANE('',#6028);
#5488=PLANE('',#6031);
#5489=PLANE('',#6040);
#5490=PLANE('',#6041);
#5491=PLANE('',#6044);
#5492=PLANE('',#6057);
#5493=PLANE('',#6062);
#5494=PLANE('',#6068);
#5495=PLANE('',#6069);
#5496=PLANE('',#6075);
#5497=PLANE('',#6076);
#5498=PLANE('',#6079);
#5499=PLANE('',#6083);
#5500=PLANE('',#6088);
#5501=PLANE('',#6106);
#5502=PLANE('',#6117);
#5503=PLANE('',#6144);
#5504=PLANE('',#6149);
#5505=PLANE('',#6155);
#5506=PLANE('',#6162);
#5507=PLANE('',#6164);
#5508=PLANE('',#6167);
#5509=PLANE('',#6170);
#5510=PLANE('',#6171);
#5511=PLANE('',#6172);
#5512=PLANE('',#6173);
#5513=PLANE('',#6174);
#5514=PLANE('',#6175);
#5515=PLANE('',#6176);
#5516=PLANE('',#6177);
#5517=PLANE('',#6178);
#5518=PLANE('',#6179);
#5519=PLANE('',#6180);
#5520=PLANE('',#6181);
#5521=PLANE('',#6182);
#5522=PLANE('',#6183);
#5523=PLANE('',#6184);
#5524=PLANE('',#6185);
#5525=PLANE('',#6186);
#5526=PLANE('',#6187);
#5527=PLANE('',#6188);
#5528=PLANE('',#6189);
#5529=PLANE('',#6190);
#5530=PLANE('',#6191);
#5531=PLANE('',#6192);
#5532=PLANE('',#6193);
#5533=PLANE('',#6194);
#5534=PLANE('',#6195);
#5535=PLANE('',#6196);
#5536=PLANE('',#6197);
#5537=PLANE('',#6198);
#5538=PLANE('',#6199);
#5539=PLANE('',#6200);
#5540=PLANE('',#6201);
#5541=PLANE('',#6202);
#5542=PLANE('',#6203);
#5543=PLANE('',#6204);
#5544=PLANE('',#6205);
#5545=PLANE('',#6206);
#5546=PLANE('',#6207);
#5547=PLANE('',#6208);
#5548=PLANE('',#6209);
#5549=PLANE('',#6210);
#5550=PLANE('',#6211);
#5551=PLANE('',#6212);
#5552=PLANE('',#6213);
#5553=PLANE('',#6214);
#5554=PLANE('',#6215);
#5555=PLANE('',#6216);
#5556=PLANE('',#6217);
#5557=PLANE('',#6218);
#5558=PLANE('',#6219);
#5559=PLANE('',#6237);
#5560=PLANE('',#6257);
#5561=PLANE('',#6258);
#5562=PLANE('',#6261);
#5563=PLANE('',#6270);
#5564=PLANE('',#6271);
#5565=PLANE('',#6274);
#5566=PLANE('',#6287);
#5567=PLANE('',#6292);
#5568=PLANE('',#6298);
#5569=PLANE('',#6299);
#5570=PLANE('',#6305);
#5571=PLANE('',#6306);
#5572=PLANE('',#6309);
#5573=PLANE('',#6313);
#5574=PLANE('',#6318);
#5575=PLANE('',#6336);
#5576=PLANE('',#6347);
#5577=PLANE('',#6374);
#5578=PLANE('',#6379);
#5579=PLANE('',#6385);
#5580=PLANE('',#6392);
#5581=PLANE('',#6394);
#5582=PLANE('',#6397);
#5583=PLANE('',#6400);
#5584=PLANE('',#6401);
#5585=ADVANCED_FACE('',(#591),#5437,.F.);
#5586=ADVANCED_FACE('',(#592),#5438,.F.);
#5587=ADVANCED_FACE('',(#593),#517,.F.);
#5588=ADVANCED_FACE('',(#594),#518,.F.);
#5589=ADVANCED_FACE('',(#595),#5439,.F.);
#5590=ADVANCED_FACE('',(#596),#519,.F.);
#5591=ADVANCED_FACE('',(#597),#520,.F.);
#5592=ADVANCED_FACE('',(#598),#521,.F.);
#5593=ADVANCED_FACE('',(#599),#5440,.F.);
#5594=ADVANCED_FACE('',(#600),#5441,.F.);
#5595=ADVANCED_FACE('',(#601),#522,.F.);
#5596=ADVANCED_FACE('',(#602),#523,.F.);
#5597=ADVANCED_FACE('',(#603),#524,.F.);
#5598=ADVANCED_FACE('',(#604),#5442,.F.);
#5599=ADVANCED_FACE('',(#605),#525,.F.);
#5600=ADVANCED_FACE('',(#606),#526,.F.);
#5601=ADVANCED_FACE('',(#607),#527,.F.);
#5602=ADVANCED_FACE('',(#608),#5443,.F.);
#5603=ADVANCED_FACE('',(#609),#5444,.F.);
#5604=ADVANCED_FACE('',(#610,#329),#5445,.T.);
#5605=ADVANCED_FACE('',(#611),#5446,.F.);
#5606=ADVANCED_FACE('',(#612),#5447,.F.);
#5607=ADVANCED_FACE('',(#613),#5448,.F.);
#5608=ADVANCED_FACE('',(#614),#5449,.F.);
#5609=ADVANCED_FACE('',(#615),#528,.F.);
#5610=ADVANCED_FACE('',(#616),#529,.F.);
#5611=ADVANCED_FACE('',(#617),#530,.F.);
#5612=ADVANCED_FACE('',(#618),#531,.F.);
#5613=ADVANCED_FACE('',(#619),#532,.F.);
#5614=ADVANCED_FACE('',(#620),#5450,.F.);
#5615=ADVANCED_FACE('',(#621),#533,.F.);
#5616=ADVANCED_FACE('',(#622),#534,.F.);
#5617=ADVANCED_FACE('',(#623),#535,.F.);
#5618=ADVANCED_FACE('',(#624),#5451,.F.);
#5619=ADVANCED_FACE('',(#625),#536,.F.);
#5620=ADVANCED_FACE('',(#626),#537,.F.);
#5621=ADVANCED_FACE('',(#627),#538,.F.);
#5622=ADVANCED_FACE('',(#628),#5452,.F.);
#5623=ADVANCED_FACE('',(#629),#539,.F.);
#5624=ADVANCED_FACE('',(#630),#540,.F.);
#5625=ADVANCED_FACE('',(#631),#541,.F.);
#5626=ADVANCED_FACE('',(#632),#542,.F.);
#5627=ADVANCED_FACE('',(#633),#543,.F.);
#5628=ADVANCED_FACE('',(#634),#5453,.F.);
#5629=ADVANCED_FACE('',(#635),#5454,.T.);
#5630=ADVANCED_FACE('',(#636),#5455,.F.);
#5631=ADVANCED_FACE('',(#637),#5456,.F.);
#5632=ADVANCED_FACE('',(#638),#5457,.F.);
#5633=ADVANCED_FACE('',(#639),#5458,.F.);
#5634=ADVANCED_FACE('',(#640),#5459,.F.);
#5635=ADVANCED_FACE('',(#641),#5460,.F.);
#5636=ADVANCED_FACE('',(#642),#5461,.F.);
#5637=ADVANCED_FACE('',(#643),#5462,.F.);
#5638=ADVANCED_FACE('',(#644),#5463,.F.);
#5639=ADVANCED_FACE('',(#645),#5464,.F.);
#5640=ADVANCED_FACE('',(#646),#5465,.F.);
#5641=ADVANCED_FACE('',(#647),#5466,.F.);
#5642=ADVANCED_FACE('',(#648),#5467,.F.);
#5643=ADVANCED_FACE('',(#649),#5468,.F.);
#5644=ADVANCED_FACE('',(#650),#5469,.F.);
#5645=ADVANCED_FACE('',(#651),#5470,.F.);
#5646=ADVANCED_FACE('',(#652),#5471,.F.);
#5647=ADVANCED_FACE('',(#653),#5472,.F.);
#5648=ADVANCED_FACE('',(#654),#5473,.F.);
#5649=ADVANCED_FACE('',(#655),#5474,.F.);
#5650=ADVANCED_FACE('',(#656),#5475,.F.);
#5651=ADVANCED_FACE('',(#657),#5476,.F.);
#5652=ADVANCED_FACE('',(#658),#5477,.F.);
#5653=ADVANCED_FACE('',(#659),#5478,.F.);
#5654=ADVANCED_FACE('',(#660),#5479,.F.);
#5655=ADVANCED_FACE('',(#661),#544,.F.);
#5656=ADVANCED_FACE('',(#662),#545,.F.);
#5657=ADVANCED_FACE('',(#663),#546,.F.);
#5658=ADVANCED_FACE('',(#664),#547,.F.);
#5659=ADVANCED_FACE('',(#665),#5480,.F.);
#5660=ADVANCED_FACE('',(#666),#5481,.F.);
#5661=ADVANCED_FACE('',(#667),#5482,.F.);
#5662=ADVANCED_FACE('',(#668),#548,.F.);
#5663=ADVANCED_FACE('',(#669),#549,.F.);
#5664=ADVANCED_FACE('',(#670),#5483,.T.);
#5665=ADVANCED_FACE('',(#671,#330,#331,#332,#333,#334,#335,#336,#337,#338),
#5484,.T.);
#5666=ADVANCED_FACE('',(#672),#101,.F.);
#5667=ADVANCED_FACE('',(#673,#339,#340,#341,#342,#343,#344),#5485,.F.);
#5668=ADVANCED_FACE('',(#674),#45,.F.);
#5669=ADVANCED_FACE('',(#675),#102,.F.);
#5670=ADVANCED_FACE('',(#676),#5486,.T.);
#5671=ADVANCED_FACE('',(#677),#5487,.T.);
#5672=ADVANCED_FACE('',(#678),#103,.F.);
#5673=ADVANCED_FACE('',(#679),#5488,.T.);
#5674=ADVANCED_FACE('',(#680),#46,.F.);
#5675=ADVANCED_FACE('',(#681),#104,.F.);
#5676=ADVANCED_FACE('',(#682),#47,.F.);
#5677=ADVANCED_FACE('',(#683),#105,.F.);
#5678=ADVANCED_FACE('',(#684),#5489,.T.);
#5679=ADVANCED_FACE('',(#685),#5490,.T.);
#5680=ADVANCED_FACE('',(#686),#106,.F.);
#5681=ADVANCED_FACE('',(#687),#5491,.T.);
#5682=ADVANCED_FACE('',(#688),#48,.F.);
#5683=ADVANCED_FACE('',(#689),#107,.F.);
#5684=ADVANCED_FACE('',(#690),#49,.F.);
#5685=ADVANCED_FACE('',(#691),#108,.F.);
#5686=ADVANCED_FACE('',(#692),#50,.F.);
#5687=ADVANCED_FACE('',(#693),#109,.T.);
#5688=ADVANCED_FACE('',(#694),#5492,.T.);
#5689=ADVANCED_FACE('',(#695),#110,.F.);
#5690=ADVANCED_FACE('',(#696),#111,.T.);
#5691=ADVANCED_FACE('',(#697),#5493,.T.);
#5692=ADVANCED_FACE('',(#698),#112,.F.);
#5693=ADVANCED_FACE('',(#699),#113,.T.);
#5694=ADVANCED_FACE('',(#700),#5494,.T.);
#5695=ADVANCED_FACE('',(#701),#5495,.T.);
#5696=ADVANCED_FACE('',(#702),#114,.T.);
#5697=ADVANCED_FACE('',(#703),#115,.F.);
#5698=ADVANCED_FACE('',(#704),#5496,.T.);
#5699=ADVANCED_FACE('',(#705),#5497,.T.);
#5700=ADVANCED_FACE('',(#706),#116,.F.);
#5701=ADVANCED_FACE('',(#707),#5498,.T.);
#5702=ADVANCED_FACE('',(#708),#51,.T.);
#5703=ADVANCED_FACE('',(#709),#5499,.T.);
#5704=ADVANCED_FACE('',(#710),#52,.F.);
#5705=ADVANCED_FACE('',(#711),#53,.T.);
#5706=ADVANCED_FACE('',(#712),#5500,.T.);
#5707=ADVANCED_FACE('',(#713),#54,.T.);
#5708=ADVANCED_FACE('',(#714),#17,.T.);
#5709=ADVANCED_FACE('',(#715),#55,.T.);
#5710=ADVANCED_FACE('',(#716),#550,.F.);
#5711=ADVANCED_FACE('',(#717),#56,.T.);
#5712=ADVANCED_FACE('',(#718),#18,.T.);
#5713=ADVANCED_FACE('',(#719),#57,.T.);
#5714=ADVANCED_FACE('',(#720),#551,.F.);
#5715=ADVANCED_FACE('',(#721),#19,.F.);
#5716=ADVANCED_FACE('',(#722),#58,.F.);
#5717=ADVANCED_FACE('',(#723),#5501,.T.);
#5718=ADVANCED_FACE('',(#724),#59,.F.);
#5719=ADVANCED_FACE('',(#725),#60,.T.);
#5720=ADVANCED_FACE('',(#726),#20,.T.);
#5721=ADVANCED_FACE('',(#727),#61,.T.);
#5722=ADVANCED_FACE('',(#728),#21,.T.);
#5723=ADVANCED_FACE('',(#729),#5502,.T.);
#5724=ADVANCED_FACE('',(#730),#22,.T.);
#5725=ADVANCED_FACE('',(#731),#62,.T.);
#5726=ADVANCED_FACE('',(#732),#23,.T.);
#5727=ADVANCED_FACE('',(#733),#63,.T.);
#5728=ADVANCED_FACE('',(#734),#64,.F.);
#5729=ADVANCED_FACE('',(#735),#552,.F.);
#5730=ADVANCED_FACE('',(#736),#65,.T.);
#5731=ADVANCED_FACE('',(#737),#24,.T.);
#5732=ADVANCED_FACE('',(#738),#25,.T.);
#5733=ADVANCED_FACE('',(#739),#66,.T.);
#5734=ADVANCED_FACE('',(#740),#26,.T.);
#5735=ADVANCED_FACE('',(#741),#27,.T.);
#5736=ADVANCED_FACE('',(#742),#67,.T.);
#5737=ADVANCED_FACE('',(#743),#553,.F.);
#5738=ADVANCED_FACE('',(#744),#5503,.T.);
#5739=ADVANCED_FACE('',(#745),#68,.F.);
#5740=ADVANCED_FACE('',(#746),#28,.T.);
#5741=ADVANCED_FACE('',(#747,#345),#5504,.T.);
#5742=ADVANCED_FACE('',(#748),#29,.T.);
#5743=ADVANCED_FACE('',(#749,#346),#5505,.T.);
#5744=ADVANCED_FACE('',(#750),#69,.T.);
#5745=ADVANCED_FACE('',(#751),#117,.F.);
#5746=ADVANCED_FACE('',(#752),#118,.F.);
#5747=ADVANCED_FACE('',(#753),#30,.F.);
#5748=ADVANCED_FACE('',(#754),#5506,.T.);
#5749=ADVANCED_FACE('',(#755),#70,.F.);
#5750=ADVANCED_FACE('',(#756),#5507,.T.);
#5751=ADVANCED_FACE('',(#757),#71,.F.);
#5752=ADVANCED_FACE('',(#758,#347),#5508,.T.);
#5753=ADVANCED_FACE('',(#759),#72,.F.);
#5754=ADVANCED_FACE('',(#760,#348),#5509,.T.);
#5755=ADVANCED_FACE('',(#761),#5510,.T.);
#5756=ADVANCED_FACE('',(#762),#5511,.F.);
#5757=ADVANCED_FACE('',(#763),#5512,.F.);
#5758=ADVANCED_FACE('',(#764),#5513,.F.);
#5759=ADVANCED_FACE('',(#765),#554,.F.);
#5760=ADVANCED_FACE('',(#766),#555,.F.);
#5761=ADVANCED_FACE('',(#767),#556,.F.);
#5762=ADVANCED_FACE('',(#768),#557,.F.);
#5763=ADVANCED_FACE('',(#769),#5514,.F.);
#5764=ADVANCED_FACE('',(#770),#5515,.F.);
#5765=ADVANCED_FACE('',(#771),#5516,.F.);
#5766=ADVANCED_FACE('',(#772),#558,.F.);
#5767=ADVANCED_FACE('',(#773),#559,.F.);
#5768=ADVANCED_FACE('',(#774),#5517,.T.);
#5769=ADVANCED_FACE('',(#775),#5518,.F.);
#5770=ADVANCED_FACE('',(#776),#5519,.F.);
#5771=ADVANCED_FACE('',(#777),#5520,.F.);
#5772=ADVANCED_FACE('',(#778),#5521,.F.);
#5773=ADVANCED_FACE('',(#779),#5522,.F.);
#5774=ADVANCED_FACE('',(#780),#5523,.F.);
#5775=ADVANCED_FACE('',(#781),#5524,.F.);
#5776=ADVANCED_FACE('',(#782),#5525,.F.);
#5777=ADVANCED_FACE('',(#783),#5526,.F.);
#5778=ADVANCED_FACE('',(#784),#5527,.F.);
#5779=ADVANCED_FACE('',(#785),#5528,.F.);
#5780=ADVANCED_FACE('',(#786),#5529,.F.);
#5781=ADVANCED_FACE('',(#787),#5530,.F.);
#5782=ADVANCED_FACE('',(#788),#5531,.F.);
#5783=ADVANCED_FACE('',(#789),#5532,.F.);
#5784=ADVANCED_FACE('',(#790),#5533,.F.);
#5785=ADVANCED_FACE('',(#791),#5534,.F.);
#5786=ADVANCED_FACE('',(#792),#5535,.F.);
#5787=ADVANCED_FACE('',(#793),#5536,.F.);
#5788=ADVANCED_FACE('',(#794),#5537,.F.);
#5789=ADVANCED_FACE('',(#795),#5538,.F.);
#5790=ADVANCED_FACE('',(#796),#5539,.F.);
#5791=ADVANCED_FACE('',(#797),#5540,.F.);
#5792=ADVANCED_FACE('',(#798),#5541,.F.);
#5793=ADVANCED_FACE('',(#799),#5542,.F.);
#5794=ADVANCED_FACE('',(#800),#5543,.F.);
#5795=ADVANCED_FACE('',(#801),#560,.F.);
#5796=ADVANCED_FACE('',(#802),#561,.F.);
#5797=ADVANCED_FACE('',(#803),#562,.F.);
#5798=ADVANCED_FACE('',(#804),#563,.F.);
#5799=ADVANCED_FACE('',(#805),#564,.F.);
#5800=ADVANCED_FACE('',(#806),#5544,.F.);
#5801=ADVANCED_FACE('',(#807),#565,.F.);
#5802=ADVANCED_FACE('',(#808),#566,.F.);
#5803=ADVANCED_FACE('',(#809),#567,.F.);
#5804=ADVANCED_FACE('',(#810),#5545,.F.);
#5805=ADVANCED_FACE('',(#811),#568,.F.);
#5806=ADVANCED_FACE('',(#812),#569,.F.);
#5807=ADVANCED_FACE('',(#813),#570,.F.);
#5808=ADVANCED_FACE('',(#814),#5546,.F.);
#5809=ADVANCED_FACE('',(#815),#571,.F.);
#5810=ADVANCED_FACE('',(#816),#572,.F.);
#5811=ADVANCED_FACE('',(#817),#573,.F.);
#5812=ADVANCED_FACE('',(#818),#574,.F.);
#5813=ADVANCED_FACE('',(#819),#575,.F.);
#5814=ADVANCED_FACE('',(#820),#5547,.F.);
#5815=ADVANCED_FACE('',(#821),#5548,.T.);
#5816=ADVANCED_FACE('',(#822),#5549,.F.);
#5817=ADVANCED_FACE('',(#823),#5550,.F.);
#5818=ADVANCED_FACE('',(#824),#576,.F.);
#5819=ADVANCED_FACE('',(#825),#577,.F.);
#5820=ADVANCED_FACE('',(#826),#5551,.F.);
#5821=ADVANCED_FACE('',(#827),#578,.F.);
#5822=ADVANCED_FACE('',(#828),#579,.F.);
#5823=ADVANCED_FACE('',(#829),#580,.F.);
#5824=ADVANCED_FACE('',(#830),#5552,.F.);
#5825=ADVANCED_FACE('',(#831),#5553,.F.);
#5826=ADVANCED_FACE('',(#832),#581,.F.);
#5827=ADVANCED_FACE('',(#833),#582,.F.);
#5828=ADVANCED_FACE('',(#834),#583,.F.);
#5829=ADVANCED_FACE('',(#835),#5554,.F.);
#5830=ADVANCED_FACE('',(#836),#584,.F.);
#5831=ADVANCED_FACE('',(#837),#585,.F.);
#5832=ADVANCED_FACE('',(#838),#586,.F.);
#5833=ADVANCED_FACE('',(#839),#5555,.F.);
#5834=ADVANCED_FACE('',(#840),#5556,.F.);
#5835=ADVANCED_FACE('',(#841,#349),#5557,.T.);
#5836=ADVANCED_FACE('',(#842,#350,#351,#352,#353,#354,#355,#356,#357,#358),
#5558,.F.);
#5837=ADVANCED_FACE('',(#843),#119,.F.);
#5838=ADVANCED_FACE('',(#844,#359,#360,#361,#362,#363,#364),#5559,.T.);
#5839=ADVANCED_FACE('',(#845),#73,.F.);
#5840=ADVANCED_FACE('',(#846),#120,.F.);
#5841=ADVANCED_FACE('',(#847),#5560,.F.);
#5842=ADVANCED_FACE('',(#848),#5561,.F.);
#5843=ADVANCED_FACE('',(#849),#121,.F.);
#5844=ADVANCED_FACE('',(#850),#5562,.F.);
#5845=ADVANCED_FACE('',(#851),#74,.F.);
#5846=ADVANCED_FACE('',(#852),#122,.F.);
#5847=ADVANCED_FACE('',(#853),#75,.F.);
#5848=ADVANCED_FACE('',(#854),#123,.F.);
#5849=ADVANCED_FACE('',(#855),#5563,.F.);
#5850=ADVANCED_FACE('',(#856),#5564,.F.);
#5851=ADVANCED_FACE('',(#857),#124,.F.);
#5852=ADVANCED_FACE('',(#858),#5565,.F.);
#5853=ADVANCED_FACE('',(#859),#76,.F.);
#5854=ADVANCED_FACE('',(#860),#125,.F.);
#5855=ADVANCED_FACE('',(#861),#77,.F.);
#5856=ADVANCED_FACE('',(#862),#126,.F.);
#5857=ADVANCED_FACE('',(#863),#78,.F.);
#5858=ADVANCED_FACE('',(#864),#127,.T.);
#5859=ADVANCED_FACE('',(#865),#5566,.F.);
#5860=ADVANCED_FACE('',(#866),#128,.F.);
#5861=ADVANCED_FACE('',(#867),#129,.T.);
#5862=ADVANCED_FACE('',(#868),#5567,.F.);
#5863=ADVANCED_FACE('',(#869),#130,.F.);
#5864=ADVANCED_FACE('',(#870),#131,.T.);
#5865=ADVANCED_FACE('',(#871),#5568,.F.);
#5866=ADVANCED_FACE('',(#872),#5569,.F.);
#5867=ADVANCED_FACE('',(#873),#132,.T.);
#5868=ADVANCED_FACE('',(#874),#133,.F.);
#5869=ADVANCED_FACE('',(#875),#5570,.F.);
#5870=ADVANCED_FACE('',(#876),#5571,.F.);
#5871=ADVANCED_FACE('',(#877),#134,.F.);
#5872=ADVANCED_FACE('',(#878),#5572,.F.);
#5873=ADVANCED_FACE('',(#879),#79,.T.);
#5874=ADVANCED_FACE('',(#880),#5573,.F.);
#5875=ADVANCED_FACE('',(#881),#80,.F.);
#5876=ADVANCED_FACE('',(#882),#81,.T.);
#5877=ADVANCED_FACE('',(#883),#5574,.F.);
#5878=ADVANCED_FACE('',(#884),#82,.T.);
#5879=ADVANCED_FACE('',(#885),#31,.T.);
#5880=ADVANCED_FACE('',(#886),#83,.T.);
#5881=ADVANCED_FACE('',(#887),#587,.T.);
#5882=ADVANCED_FACE('',(#888),#84,.T.);
#5883=ADVANCED_FACE('',(#889),#32,.T.);
#5884=ADVANCED_FACE('',(#890),#85,.T.);
#5885=ADVANCED_FACE('',(#891),#588,.T.);
#5886=ADVANCED_FACE('',(#892),#33,.F.);
#5887=ADVANCED_FACE('',(#893),#86,.F.);
#5888=ADVANCED_FACE('',(#894),#5575,.F.);
#5889=ADVANCED_FACE('',(#895),#87,.F.);
#5890=ADVANCED_FACE('',(#896),#88,.T.);
#5891=ADVANCED_FACE('',(#897),#34,.T.);
#5892=ADVANCED_FACE('',(#898),#89,.T.);
#5893=ADVANCED_FACE('',(#899),#35,.T.);
#5894=ADVANCED_FACE('',(#900),#5576,.F.);
#5895=ADVANCED_FACE('',(#901),#36,.T.);
#5896=ADVANCED_FACE('',(#902),#90,.T.);
#5897=ADVANCED_FACE('',(#903),#37,.T.);
#5898=ADVANCED_FACE('',(#904),#91,.T.);
#5899=ADVANCED_FACE('',(#905),#92,.F.);
#5900=ADVANCED_FACE('',(#906),#589,.T.);
#5901=ADVANCED_FACE('',(#907),#93,.T.);
#5902=ADVANCED_FACE('',(#908),#38,.T.);
#5903=ADVANCED_FACE('',(#909),#39,.T.);
#5904=ADVANCED_FACE('',(#910),#94,.T.);
#5905=ADVANCED_FACE('',(#911),#40,.T.);
#5906=ADVANCED_FACE('',(#912),#41,.T.);
#5907=ADVANCED_FACE('',(#913),#95,.T.);
#5908=ADVANCED_FACE('',(#914),#590,.T.);
#5909=ADVANCED_FACE('',(#915),#5577,.F.);
#5910=ADVANCED_FACE('',(#916),#96,.F.);
#5911=ADVANCED_FACE('',(#917),#42,.T.);
#5912=ADVANCED_FACE('',(#918,#365),#5578,.F.);
#5913=ADVANCED_FACE('',(#919),#43,.T.);
#5914=ADVANCED_FACE('',(#920,#366),#5579,.F.);
#5915=ADVANCED_FACE('',(#921),#97,.T.);
#5916=ADVANCED_FACE('',(#922),#135,.F.);
#5917=ADVANCED_FACE('',(#923),#136,.F.);
#5918=ADVANCED_FACE('',(#924),#44,.F.);
#5919=ADVANCED_FACE('',(#925),#5580,.F.);
#5920=ADVANCED_FACE('',(#926),#98,.F.);
#5921=ADVANCED_FACE('',(#927),#5581,.F.);
#5922=ADVANCED_FACE('',(#928),#99,.F.);
#5923=ADVANCED_FACE('',(#929,#367),#5582,.F.);
#5924=ADVANCED_FACE('',(#930),#100,.F.);
#5925=ADVANCED_FACE('',(#931,#368),#5583,.F.);
#5926=ADVANCED_FACE('',(#932),#5584,.F.);
#5927=CLOSED_SHELL('',(#5585,#5586,#5587,#5588,#5589,#5590,#5591,#5592,
#5593,#5594,#5595,#5596,#5597,#5598,#5599,#5600,#5601,#5602,#5603,#5604,
#5605,#5606,#5607,#5608,#5609,#5610,#5611,#5612,#5613,#5614,#5615,#5616,
#5617,#5618,#5619,#5620,#5621,#5622,#5623,#5624,#5625,#5626,#5627,#5628,
#5629,#5630,#5631,#5632,#5633,#5634,#5635,#5636,#5637,#5638,#5639,#5640,
#5641,#5642,#5643,#5644,#5645,#5646,#5647,#5648,#5649,#5650,#5651,#5652,
#5653,#5654,#5655,#5656,#5657,#5658,#5659,#5660,#5661,#5662,#5663,#5664,
#5665,#5666,#5667,#5668,#5669,#5670,#5671,#5672,#5673,#5674,#5675,#5676,
#5677,#5678,#5679,#5680,#5681,#5682,#5683,#5684,#5685,#5686,#5687,#5688,
#5689,#5690,#5691,#5692,#5693,#5694,#5695,#5696,#5697,#5698,#5699,#5700,
#5701,#5702,#5703,#5704,#5705,#5706,#5707,#5708,#5709,#5710,#5711,#5712,
#5713,#5714,#5715,#5716,#5717,#5718,#5719,#5720,#5721,#5722,#5723,#5724,
#5725,#5726,#5727,#5728,#5729,#5730,#5731,#5732,#5733,#5734,#5735,#5736,
#5737,#5738,#5739,#5740,#5741,#5742,#5743,#5744,#5745,#5746,#5747,#5748,
#5749,#5750,#5751,#5752,#5753,#5754,#5755));
#5928=CLOSED_SHELL('',(#5756,#5757,#5758,#5759,#5760,#5761,#5762,#5763,
#5764,#5765,#5766,#5767,#5768,#5769,#5770,#5771,#5772,#5773,#5774,#5775,
#5776,#5777,#5778,#5779,#5780,#5781,#5782,#5783,#5784,#5785,#5786,#5787,
#5788,#5789,#5790,#5791,#5792,#5793,#5794,#5795,#5796,#5797,#5798,#5799,
#5800,#5801,#5802,#5803,#5804,#5805,#5806,#5807,#5808,#5809,#5810,#5811,
#5812,#5813,#5814,#5815,#5816,#5817,#5818,#5819,#5820,#5821,#5822,#5823,
#5824,#5825,#5826,#5827,#5828,#5829,#5830,#5831,#5832,#5833,#5834,#5835,
#5836,#5837,#5838,#5839,#5840,#5841,#5842,#5843,#5844,#5845,#5846,#5847,
#5848,#5849,#5850,#5851,#5852,#5853,#5854,#5855,#5856,#5857,#5858,#5859,
#5860,#5861,#5862,#5863,#5864,#5865,#5866,#5867,#5868,#5869,#5870,#5871,
#5872,#5873,#5874,#5875,#5876,#5877,#5878,#5879,#5880,#5881,#5882,#5883,
#5884,#5885,#5886,#5887,#5888,#5889,#5890,#5891,#5892,#5893,#5894,#5895,
#5896,#5897,#5898,#5899,#5900,#5901,#5902,#5903,#5904,#5905,#5906,#5907,
#5908,#5909,#5910,#5911,#5912,#5913,#5914,#5915,#5916,#5917,#5918,#5919,
#5920,#5921,#5922,#5923,#5924,#5925,#5926));
#5929=DERIVED_UNIT_ELEMENT(#5931,1.);
#5930=DERIVED_UNIT_ELEMENT(#10912,-3.);
#5931=(
MASS_UNIT()
NAMED_UNIT(*)
SI_UNIT(.KILO.,.GRAM.)
);
#5932=DERIVED_UNIT((#5929,#5930));
#5933=MEASURE_REPRESENTATION_ITEM('density measure',
POSITIVE_RATIO_MEASURE(7850.),#5932);
#5934=PROPERTY_DEFINITION_REPRESENTATION(#5939,#5936);
#5935=PROPERTY_DEFINITION_REPRESENTATION(#5940,#5937);
#5936=REPRESENTATION('material name',(#5938),#10909);
#5937=REPRESENTATION('density',(#5933),#10909);
#5938=DESCRIPTIVE_REPRESENTATION_ITEM('Steel','Steel');
#5939=PROPERTY_DEFINITION('material property','material name',#10919);
#5940=PROPERTY_DEFINITION('material property','density of part',#10919);
#5941=AXIS2_PLACEMENT_3D('',#7838,#6402,#6403);
#5942=AXIS2_PLACEMENT_3D('',#7839,#6404,#6405);
#5943=AXIS2_PLACEMENT_3D('',#7848,#6410,#6411);
#5944=AXIS2_PLACEMENT_3D('',#7884,#6417,#6418);
#5945=AXIS2_PLACEMENT_3D('',#7935,#6425,#6426);
#5946=AXIS2_PLACEMENT_3D('',#7938,#6429,#6430);
#5947=AXIS2_PLACEMENT_3D('',#7992,#6438,#6439);
#5948=AXIS2_PLACEMENT_3D('',#8043,#6446,#6447);
#5949=AXIS2_PLACEMENT_3D('',#8049,#6451,#6452);
#5950=AXIS2_PLACEMENT_3D('',#8052,#6455,#6456);
#5951=AXIS2_PLACEMENT_3D('',#8053,#6457,#6458);
#5952=AXIS2_PLACEMENT_3D('',#8062,#6463,#6464);
#5953=AXIS2_PLACEMENT_3D('',#8068,#6468,#6469);
#5954=AXIS2_PLACEMENT_3D('',#8074,#6473,#6474);
#5955=AXIS2_PLACEMENT_3D('',#8155,#6483,#6484);
#5956=AXIS2_PLACEMENT_3D('',#8206,#6491,#6492);
#5957=AXIS2_PLACEMENT_3D('',#8257,#6499,#6500);
#5958=AXIS2_PLACEMENT_3D('',#8338,#6509,#6510);
#5959=AXIS2_PLACEMENT_3D('',#8341,#6513,#6514);
#5960=AXIS2_PLACEMENT_3D('',#8342,#6515,#6516);
#5961=AXIS2_PLACEMENT_3D('',#8351,#6521,#6522);
#5962=AXIS2_PLACEMENT_3D('',#8357,#6526,#6527);
#5963=AXIS2_PLACEMENT_3D('',#8363,#6531,#6532);
#5964=AXIS2_PLACEMENT_3D('',#8369,#6536,#6537);
#5965=AXIS2_PLACEMENT_3D('',#8375,#6541,#6542);
#5966=AXIS2_PLACEMENT_3D('',#8381,#6546,#6547);
#5967=AXIS2_PLACEMENT_3D('',#8387,#6551,#6552);
#5968=AXIS2_PLACEMENT_3D('',#8390,#6555,#6556);
#5969=AXIS2_PLACEMENT_3D('',#8391,#6557,#6558);
#5970=AXIS2_PLACEMENT_3D('',#8400,#6563,#6564);
#5971=AXIS2_PLACEMENT_3D('',#8406,#6568,#6569);
#5972=AXIS2_PLACEMENT_3D('',#8412,#6573,#6574);
#5973=AXIS2_PLACEMENT_3D('',#8418,#6578,#6579);
#5974=AXIS2_PLACEMENT_3D('',#8424,#6583,#6584);
#5975=AXIS2_PLACEMENT_3D('',#8430,#6588,#6589);
#5976=AXIS2_PLACEMENT_3D('',#8436,#6593,#6594);
#5977=AXIS2_PLACEMENT_3D('',#8442,#6598,#6599);
#5978=AXIS2_PLACEMENT_3D('',#8448,#6603,#6604);
#5979=AXIS2_PLACEMENT_3D('',#8454,#6608,#6609);
#5980=AXIS2_PLACEMENT_3D('',#8460,#6613,#6614);
#5981=AXIS2_PLACEMENT_3D('',#8463,#6617,#6618);
#5982=AXIS2_PLACEMENT_3D('',#8464,#6619,#6620);
#5983=AXIS2_PLACEMENT_3D('',#8473,#6625,#6626);
#5984=AXIS2_PLACEMENT_3D('',#8479,#6630,#6631);
#5985=AXIS2_PLACEMENT_3D('',#8545,#6639,#6640);
#5986=AXIS2_PLACEMENT_3D('',#8551,#6644,#6645);
#5987=AXIS2_PLACEMENT_3D('',#8557,#6649,#6650);
#5988=AXIS2_PLACEMENT_3D('',#8590,#6655,#6656);
#5989=AXIS2_PLACEMENT_3D('',#8591,#6657,#6658);
#5990=AXIS2_PLACEMENT_3D('',#8596,#6660,#6661);
#5991=AXIS2_PLACEMENT_3D('',#8600,#6663,#6664);
#5992=AXIS2_PLACEMENT_3D('',#8602,#6665,#6666);
#5993=AXIS2_PLACEMENT_3D('',#8606,#6668,#6669);
#5994=AXIS2_PLACEMENT_3D('',#8608,#6670,#6671);
#5995=AXIS2_PLACEMENT_3D('',#8612,#6673,#6674);
#5996=AXIS2_PLACEMENT_3D('',#8616,#6676,#6677);
#5997=AXIS2_PLACEMENT_3D('',#8619,#6679,#6680);
#5998=AXIS2_PLACEMENT_3D('',#8624,#6682,#6683);
#5999=AXIS2_PLACEMENT_3D('',#8627,#6685,#6686);
#6000=AXIS2_PLACEMENT_3D('',#8629,#6687,#6688);
#6001=AXIS2_PLACEMENT_3D('',#8631,#6689,#6690);
#6002=AXIS2_PLACEMENT_3D('',#8634,#6691,#6692);
#6003=AXIS2_PLACEMENT_3D('',#8638,#6694,#6695);
#6004=AXIS2_PLACEMENT_3D('',#8640,#6697,#6698);
#6005=AXIS2_PLACEMENT_3D('',#8642,#6699,#6700);
#6006=AXIS2_PLACEMENT_3D('',#8645,#6702,#6703);
#6007=AXIS2_PLACEMENT_3D('',#8646,#6704,#6705);
#6008=AXIS2_PLACEMENT_3D('',#8649,#6706,#6707);
#6009=AXIS2_PLACEMENT_3D('',#8653,#6709,#6710);
#6010=AXIS2_PLACEMENT_3D('',#8655,#6711,#6712);
#6011=AXIS2_PLACEMENT_3D('',#8659,#6714,#6715);
#6012=AXIS2_PLACEMENT_3D('',#8663,#6717,#6718);
#6013=AXIS2_PLACEMENT_3D('',#8667,#6720,#6721);
#6014=AXIS2_PLACEMENT_3D('',#8671,#6723,#6724);
#6015=AXIS2_PLACEMENT_3D('',#8674,#6726,#6727);
#6016=AXIS2_PLACEMENT_3D('',#8677,#6728,#6729);
#6017=AXIS2_PLACEMENT_3D('',#8681,#6731,#6732);
#6018=AXIS2_PLACEMENT_3D('',#8685,#6734,#6735);
#6019=AXIS2_PLACEMENT_3D('',#8689,#6737,#6738);
#6020=AXIS2_PLACEMENT_3D('',#8692,#6740,#6741);
#6021=AXIS2_PLACEMENT_3D('',#8694,#6742,#6743);
#6022=AXIS2_PLACEMENT_3D('',#8696,#6744,#6745);
#6023=AXIS2_PLACEMENT_3D('',#8697,#6746,#6747);
#6024=AXIS2_PLACEMENT_3D('',#8700,#6749,#6750);
#6025=AXIS2_PLACEMENT_3D('',#8701,#6751,#6752);
#6026=AXIS2_PLACEMENT_3D('',#8705,#6754,#6755);
#6027=AXIS2_PLACEMENT_3D('',#8707,#6757,#6758);
#6028=AXIS2_PLACEMENT_3D('',#8711,#6761,#6762);
#6029=AXIS2_PLACEMENT_3D('',#8715,#6765,#6766);
#6030=AXIS2_PLACEMENT_3D('',#8716,#6767,#6768);
#6031=AXIS2_PLACEMENT_3D('',#8717,#6769,#6770);
#6032=AXIS2_PLACEMENT_3D('',#8723,#6774,#6775);
#6033=AXIS2_PLACEMENT_3D('',#8726,#6777,#6778);
#6034=AXIS2_PLACEMENT_3D('',#8727,#6779,#6780);
#6035=AXIS2_PLACEMENT_3D('',#8729,#6781,#6782);
#6036=AXIS2_PLACEMENT_3D('',#8731,#6784,#6785);
#6037=AXIS2_PLACEMENT_3D('',#8734,#6787,#6788);
#6038=AXIS2_PLACEMENT_3D('',#8735,#6789,#6790);
#6039=AXIS2_PLACEMENT_3D('',#8739,#6792,#6793);
#6040=AXIS2_PLACEMENT_3D('',#8741,#6795,#6796);
#6041=AXIS2_PLACEMENT_3D('',#8745,#6799,#6800);
#6042=AXIS2_PLACEMENT_3D('',#8749,#6803,#6804);
#6043=AXIS2_PLACEMENT_3D('',#8750,#6805,#6806);
#6044=AXIS2_PLACEMENT_3D('',#8751,#6807,#6808);
#6045=AXIS2_PLACEMENT_3D('',#8757,#6812,#6813);
#6046=AXIS2_PLACEMENT_3D('',#8760,#6815,#6816);
#6047=AXIS2_PLACEMENT_3D('',#8761,#6817,#6818);
#6048=AXIS2_PLACEMENT_3D('',#8763,#6819,#6820);
#6049=AXIS2_PLACEMENT_3D('',#8765,#6822,#6823);
#6050=AXIS2_PLACEMENT_3D('',#8768,#6825,#6826);
#6051=AXIS2_PLACEMENT_3D('',#8769,#6827,#6828);
#6052=AXIS2_PLACEMENT_3D('',#8771,#6829,#6830);
#6053=AXIS2_PLACEMENT_3D('',#8773,#6832,#6833);
#6054=AXIS2_PLACEMENT_3D('',#8776,#6835,#6836);
#6055=AXIS2_PLACEMENT_3D('',#8777,#6837,#6838);
#6056=AXIS2_PLACEMENT_3D('',#8781,#6840,#6841);
#6057=AXIS2_PLACEMENT_3D('',#8783,#6843,#6844);
#6058=AXIS2_PLACEMENT_3D('',#8787,#6847,#6848);
#6059=AXIS2_PLACEMENT_3D('',#8790,#6850,#6851);
#6060=AXIS2_PLACEMENT_3D('',#8791,#6852,#6853);
#6061=AXIS2_PLACEMENT_3D('',#8793,#6854,#6855);
#6062=AXIS2_PLACEMENT_3D('',#8795,#6857,#6858);
#6063=AXIS2_PLACEMENT_3D('',#8799,#6861,#6862);
#6064=AXIS2_PLACEMENT_3D('',#8802,#6864,#6865);
#6065=AXIS2_PLACEMENT_3D('',#8803,#6866,#6867);
#6066=AXIS2_PLACEMENT_3D('',#8807,#6869,#6870);
#6067=AXIS2_PLACEMENT_3D('',#8808,#6871,#6872);
#6068=AXIS2_PLACEMENT_3D('',#8809,#6873,#6874);
#6069=AXIS2_PLACEMENT_3D('',#8813,#6877,#6878);
#6070=AXIS2_PLACEMENT_3D('',#8817,#6881,#6882);
#6071=AXIS2_PLACEMENT_3D('',#8819,#6883,#6884);
#6072=AXIS2_PLACEMENT_3D('',#8821,#6885,#6886);
#6073=AXIS2_PLACEMENT_3D('',#8823,#6888,#6889);
#6074=AXIS2_PLACEMENT_3D('',#8826,#6891,#6892);
#6075=AXIS2_PLACEMENT_3D('',#8827,#6893,#6894);
#6076=AXIS2_PLACEMENT_3D('',#8831,#6897,#6898);
#6077=AXIS2_PLACEMENT_3D('',#8835,#6901,#6902);
#6078=AXIS2_PLACEMENT_3D('',#8836,#6903,#6904);
#6079=AXIS2_PLACEMENT_3D('',#8837,#6905,#6906);
#6080=AXIS2_PLACEMENT_3D('',#8852,#6910,#6911);
#6081=AXIS2_PLACEMENT_3D('',#8854,#6912,#6913);
#6082=AXIS2_PLACEMENT_3D('',#8858,#6916,#6917);
#6083=AXIS2_PLACEMENT_3D('',#8859,#6918,#6919);
#6084=AXIS2_PLACEMENT_3D('',#8872,#6922,#6923);
#6085=AXIS2_PLACEMENT_3D('',#8875,#6925,#6926);
#6086=AXIS2_PLACEMENT_3D('',#8876,#6927,#6928);
#6087=AXIS2_PLACEMENT_3D('',#8879,#6930,#6931);
#6088=AXIS2_PLACEMENT_3D('',#8880,#6932,#6933);
#6089=AXIS2_PLACEMENT_3D('',#8884,#6936,#6937);
#6090=AXIS2_PLACEMENT_3D('',#8887,#6939,#6940);
#6091=AXIS2_PLACEMENT_3D('',#8888,#6941,#6942);
#6092=AXIS2_PLACEMENT_3D('',#8890,#6943,#6944);
#6093=AXIS2_PLACEMENT_3D('',#8892,#6945,#6946);
#6094=AXIS2_PLACEMENT_3D('',#8893,#6947,#6948);
#6095=AXIS2_PLACEMENT_3D('',#8894,#6949,#6950);
#6096=AXIS2_PLACEMENT_3D('',#8896,#6951,#6952);
#6097=AXIS2_PLACEMENT_3D('',#8997,#6954,#6955);
#6098=AXIS2_PLACEMENT_3D('',#8999,#6956,#6957);
#6099=AXIS2_PLACEMENT_3D('',#9001,#6959,#6960);
#6100=AXIS2_PLACEMENT_3D('',#9002,#6961,#6962);
#6101=AXIS2_PLACEMENT_3D('',#9003,#6963,#6964);
#6102=AXIS2_PLACEMENT_3D('',#9004,#6965,#6966);
#6103=AXIS2_PLACEMENT_3D('',#9005,#6967,#6968);
#6104=AXIS2_PLACEMENT_3D('',#9054,#6969,#6970);
#6105=AXIS2_PLACEMENT_3D('',#9110,#6971,#6972);
#6106=AXIS2_PLACEMENT_3D('',#9112,#6974,#6975);
#6107=AXIS2_PLACEMENT_3D('',#9114,#6977,#6978);
#6108=AXIS2_PLACEMENT_3D('',#9116,#6980,#6981);
#6109=AXIS2_PLACEMENT_3D('',#9117,#6982,#6983);
#6110=AXIS2_PLACEMENT_3D('',#9118,#6984,#6985);
#6111=AXIS2_PLACEMENT_3D('',#9119,#6986,#6987);
#6112=AXIS2_PLACEMENT_3D('',#9120,#6988,#6989);
#6113=AXIS2_PLACEMENT_3D('',#9121,#6990,#6991);
#6114=AXIS2_PLACEMENT_3D('',#9123,#6992,#6993);
#6115=AXIS2_PLACEMENT_3D('',#9125,#6995,#6996);
#6116=AXIS2_PLACEMENT_3D('',#9126,#6997,#6998);
#6117=AXIS2_PLACEMENT_3D('',#9127,#6999,#7000);
#6118=AXIS2_PLACEMENT_3D('',#9128,#7001,#7002);
#6119=AXIS2_PLACEMENT_3D('',#9129,#7003,#7004);
#6120=AXIS2_PLACEMENT_3D('',#9131,#7005,#7006);
#6121=AXIS2_PLACEMENT_3D('',#9132,#7007,#7008);
#6122=AXIS2_PLACEMENT_3D('',#9133,#7009,#7010);
#6123=AXIS2_PLACEMENT_3D('',#9134,#7011,#7012);
#6124=AXIS2_PLACEMENT_3D('',#9136,#7014,#7015);
#6125=AXIS2_PLACEMENT_3D('',#9137,#7016,#7017);
#6126=AXIS2_PLACEMENT_3D('',#9138,#7018,#7019);
#6127=AXIS2_PLACEMENT_3D('',#9139,#7020,#7021);
#6128=AXIS2_PLACEMENT_3D('',#9173,#7023,#7024);
#6129=AXIS2_PLACEMENT_3D('',#9174,#7025,#7026);
#6130=AXIS2_PLACEMENT_3D('',#9175,#7027,#7028);
#6131=AXIS2_PLACEMENT_3D('',#9176,#7029,#7030);
#6132=AXIS2_PLACEMENT_3D('',#9177,#7031,#7032);
#6133=AXIS2_PLACEMENT_3D('',#9178,#7033,#7034);
#6134=AXIS2_PLACEMENT_3D('',#9179,#7035,#7036);
#6135=AXIS2_PLACEMENT_3D('',#9180,#7037,#7038);
#6136=AXIS2_PLACEMENT_3D('',#9181,#7039,#7040);
#6137=AXIS2_PLACEMENT_3D('',#9182,#7041,#7042);
#6138=AXIS2_PLACEMENT_3D('',#9183,#7043,#7044);
#6139=AXIS2_PLACEMENT_3D('',#9184,#7045,#7046);
#6140=AXIS2_PLACEMENT_3D('',#9186,#7047,#7048);
#6141=AXIS2_PLACEMENT_3D('',#9187,#7049,#7050);
#6142=AXIS2_PLACEMENT_3D('',#9188,#7051,#7052);
#6143=AXIS2_PLACEMENT_3D('',#9190,#7053,#7054);
#6144=AXIS2_PLACEMENT_3D('',#9329,#7056,#7057);
#6145=AXIS2_PLACEMENT_3D('',#9332,#7060,#7061);
#6146=AXIS2_PLACEMENT_3D('',#9333,#7062,#7063);
#6147=AXIS2_PLACEMENT_3D('',#9335,#7064,#7065);
#6148=AXIS2_PLACEMENT_3D('',#9336,#7066,#7067);
#6149=AXIS2_PLACEMENT_3D('',#9337,#7068,#7069);
#6150=AXIS2_PLACEMENT_3D('',#9339,#7070,#7071);
#6151=AXIS2_PLACEMENT_3D('',#9340,#7072,#7073);
#6152=AXIS2_PLACEMENT_3D('',#9342,#7074,#7075);
#6153=AXIS2_PLACEMENT_3D('',#9344,#7076,#7077);
#6154=AXIS2_PLACEMENT_3D('',#9345,#7078,#7079);
#6155=AXIS2_PLACEMENT_3D('',#9346,#7080,#7081);
#6156=AXIS2_PLACEMENT_3D('',#9348,#7082,#7083);
#6157=AXIS2_PLACEMENT_3D('',#9349,#7084,#7085);
#6158=AXIS2_PLACEMENT_3D('',#9352,#7088,#7089);
#6159=AXIS2_PLACEMENT_3D('',#9353,#7090,#7091);
#6160=AXIS2_PLACEMENT_3D('',#9355,#7093,#7094);
#6161=AXIS2_PLACEMENT_3D('',#9357,#7096,#7097);
#6162=AXIS2_PLACEMENT_3D('',#9358,#7098,#7099);
#6163=AXIS2_PLACEMENT_3D('',#9359,#7100,#7101);
#6164=AXIS2_PLACEMENT_3D('',#9361,#7103,#7104);
#6165=AXIS2_PLACEMENT_3D('',#9362,#7105,#7106);
#6166=AXIS2_PLACEMENT_3D('',#9364,#7107,#7108);
#6167=AXIS2_PLACEMENT_3D('',#9366,#7110,#7111);
#6168=AXIS2_PLACEMENT_3D('',#9367,#7112,#7113);
#6169=AXIS2_PLACEMENT_3D('',#9369,#7114,#7115);
#6170=AXIS2_PLACEMENT_3D('',#9371,#7117,#7118);
#6171=AXIS2_PLACEMENT_3D('',#9372,#7119,#7120);
#6172=AXIS2_PLACEMENT_3D('',#9373,#7121,#7122);
#6173=AXIS2_PLACEMENT_3D('',#9382,#7127,#7128);
#6174=AXIS2_PLACEMENT_3D('',#9388,#7132,#7133);
#6175=AXIS2_PLACEMENT_3D('',#9454,#7141,#7142);
#6176=AXIS2_PLACEMENT_3D('',#9460,#7146,#7147);
#6177=AXIS2_PLACEMENT_3D('',#9466,#7151,#7152);
#6178=AXIS2_PLACEMENT_3D('',#9499,#7157,#7158);
#6179=AXIS2_PLACEMENT_3D('',#9500,#7159,#7160);
#6180=AXIS2_PLACEMENT_3D('',#9509,#7165,#7166);
#6181=AXIS2_PLACEMENT_3D('',#9515,#7170,#7171);
#6182=AXIS2_PLACEMENT_3D('',#9521,#7175,#7176);
#6183=AXIS2_PLACEMENT_3D('',#9527,#7180,#7181);
#6184=AXIS2_PLACEMENT_3D('',#9533,#7185,#7186);
#6185=AXIS2_PLACEMENT_3D('',#9539,#7190,#7191);
#6186=AXIS2_PLACEMENT_3D('',#9545,#7195,#7196);
#6187=AXIS2_PLACEMENT_3D('',#9551,#7200,#7201);
#6188=AXIS2_PLACEMENT_3D('',#9557,#7205,#7206);
#6189=AXIS2_PLACEMENT_3D('',#9563,#7210,#7211);
#6190=AXIS2_PLACEMENT_3D('',#9569,#7215,#7216);
#6191=AXIS2_PLACEMENT_3D('',#9572,#7219,#7220);
#6192=AXIS2_PLACEMENT_3D('',#9573,#7221,#7222);
#6193=AXIS2_PLACEMENT_3D('',#9582,#7227,#7228);
#6194=AXIS2_PLACEMENT_3D('',#9588,#7232,#7233);
#6195=AXIS2_PLACEMENT_3D('',#9594,#7237,#7238);
#6196=AXIS2_PLACEMENT_3D('',#9600,#7242,#7243);
#6197=AXIS2_PLACEMENT_3D('',#9606,#7247,#7248);
#6198=AXIS2_PLACEMENT_3D('',#9612,#7252,#7253);
#6199=AXIS2_PLACEMENT_3D('',#9618,#7257,#7258);
#6200=AXIS2_PLACEMENT_3D('',#9621,#7261,#7262);
#6201=AXIS2_PLACEMENT_3D('',#9622,#7263,#7264);
#6202=AXIS2_PLACEMENT_3D('',#9631,#7269,#7270);
#6203=AXIS2_PLACEMENT_3D('',#9637,#7274,#7275);
#6204=AXIS2_PLACEMENT_3D('',#9643,#7279,#7280);
#6205=AXIS2_PLACEMENT_3D('',#9724,#7289,#7290);
#6206=AXIS2_PLACEMENT_3D('',#9775,#7297,#7298);
#6207=AXIS2_PLACEMENT_3D('',#9826,#7305,#7306);
#6208=AXIS2_PLACEMENT_3D('',#9907,#7315,#7316);
#6209=AXIS2_PLACEMENT_3D('',#9910,#7319,#7320);
#6210=AXIS2_PLACEMENT_3D('',#9911,#7321,#7322);
#6211=AXIS2_PLACEMENT_3D('',#9920,#7327,#7328);
#6212=AXIS2_PLACEMENT_3D('',#9956,#7334,#7335);
#6213=AXIS2_PLACEMENT_3D('',#10007,#7342,#7343);
#6214=AXIS2_PLACEMENT_3D('',#10010,#7346,#7347);
#6215=AXIS2_PLACEMENT_3D('',#10064,#7355,#7356);
#6216=AXIS2_PLACEMENT_3D('',#10115,#7363,#7364);
#6217=AXIS2_PLACEMENT_3D('',#10121,#7368,#7369);
#6218=AXIS2_PLACEMENT_3D('',#10124,#7372,#7373);
#6219=AXIS2_PLACEMENT_3D('',#10125,#7374,#7375);
#6220=AXIS2_PLACEMENT_3D('',#10130,#7377,#7378);
#6221=AXIS2_PLACEMENT_3D('',#10134,#7380,#7381);
#6222=AXIS2_PLACEMENT_3D('',#10138,#7383,#7384);
#6223=AXIS2_PLACEMENT_3D('',#10142,#7386,#7387);
#6224=AXIS2_PLACEMENT_3D('',#10144,#7388,#7389);
#6225=AXIS2_PLACEMENT_3D('',#10148,#7391,#7392);
#6226=AXIS2_PLACEMENT_3D('',#10150,#7393,#7394);
#6227=AXIS2_PLACEMENT_3D('',#10153,#7396,#7397);
#6228=AXIS2_PLACEMENT_3D('',#10158,#7399,#7400);
#6229=AXIS2_PLACEMENT_3D('',#10161,#7402,#7403);
#6230=AXIS2_PLACEMENT_3D('',#10163,#7404,#7405);
#6231=AXIS2_PLACEMENT_3D('',#10165,#7406,#7407);
#6232=AXIS2_PLACEMENT_3D('',#10168,#7408,#7409);
#6233=AXIS2_PLACEMENT_3D('',#10172,#7411,#7412);
#6234=AXIS2_PLACEMENT_3D('',#10174,#7414,#7415);
#6235=AXIS2_PLACEMENT_3D('',#10176,#7416,#7417);
#6236=AXIS2_PLACEMENT_3D('',#10179,#7419,#7420);
#6237=AXIS2_PLACEMENT_3D('',#10180,#7421,#7422);
#6238=AXIS2_PLACEMENT_3D('',#10183,#7423,#7424);
#6239=AXIS2_PLACEMENT_3D('',#10185,#7425,#7426);
#6240=AXIS2_PLACEMENT_3D('',#10189,#7428,#7429);
#6241=AXIS2_PLACEMENT_3D('',#10193,#7431,#7432);
#6242=AXIS2_PLACEMENT_3D('',#10197,#7434,#7435);
#6243=AXIS2_PLACEMENT_3D('',#10201,#7437,#7438);
#6244=AXIS2_PLACEMENT_3D('',#10205,#7440,#7441);
#6245=AXIS2_PLACEMENT_3D('',#10207,#7442,#7443);
#6246=AXIS2_PLACEMENT_3D('',#10211,#7445,#7446);
#6247=AXIS2_PLACEMENT_3D('',#10215,#7448,#7449);
#6248=AXIS2_PLACEMENT_3D('',#10219,#7451,#7452);
#6249=AXIS2_PLACEMENT_3D('',#10223,#7454,#7455);
#6250=AXIS2_PLACEMENT_3D('',#10226,#7457,#7458);
#6251=AXIS2_PLACEMENT_3D('',#10228,#7459,#7460);
#6252=AXIS2_PLACEMENT_3D('',#10230,#7461,#7462);
#6253=AXIS2_PLACEMENT_3D('',#10231,#7463,#7464);
#6254=AXIS2_PLACEMENT_3D('',#10233,#7465,#7466);
#6255=AXIS2_PLACEMENT_3D('',#10235,#7468,#7469);
#6256=AXIS2_PLACEMENT_3D('',#10240,#7472,#7473);
#6257=AXIS2_PLACEMENT_3D('',#10241,#7474,#7475);
#6258=AXIS2_PLACEMENT_3D('',#10245,#7478,#7479);
#6259=AXIS2_PLACEMENT_3D('',#10249,#7482,#7483);
#6260=AXIS2_PLACEMENT_3D('',#10250,#7484,#7485);
#6261=AXIS2_PLACEMENT_3D('',#10251,#7486,#7487);
#6262=AXIS2_PLACEMENT_3D('',#10257,#7491,#7492);
#6263=AXIS2_PLACEMENT_3D('',#10259,#7493,#7494);
#6264=AXIS2_PLACEMENT_3D('',#10261,#7496,#7497);
#6265=AXIS2_PLACEMENT_3D('',#10263,#7498,#7499);
#6266=AXIS2_PLACEMENT_3D('',#10265,#7501,#7502);
#6267=AXIS2_PLACEMENT_3D('',#10267,#7503,#7504);
#6268=AXIS2_PLACEMENT_3D('',#10269,#7506,#7507);
#6269=AXIS2_PLACEMENT_3D('',#10274,#7510,#7511);
#6270=AXIS2_PLACEMENT_3D('',#10275,#7512,#7513);
#6271=AXIS2_PLACEMENT_3D('',#10279,#7516,#7517);
#6272=AXIS2_PLACEMENT_3D('',#10283,#7520,#7521);
#6273=AXIS2_PLACEMENT_3D('',#10284,#7522,#7523);
#6274=AXIS2_PLACEMENT_3D('',#10285,#7524,#7525);
#6275=AXIS2_PLACEMENT_3D('',#10291,#7529,#7530);
#6276=AXIS2_PLACEMENT_3D('',#10293,#7531,#7532);
#6277=AXIS2_PLACEMENT_3D('',#10295,#7534,#7535);
#6278=AXIS2_PLACEMENT_3D('',#10297,#7536,#7537);
#6279=AXIS2_PLACEMENT_3D('',#10299,#7539,#7540);
#6280=AXIS2_PLACEMENT_3D('',#10301,#7541,#7542);
#6281=AXIS2_PLACEMENT_3D('',#10303,#7544,#7545);
#6282=AXIS2_PLACEMENT_3D('',#10305,#7546,#7547);
#6283=AXIS2_PLACEMENT_3D('',#10307,#7549,#7550);
#6284=AXIS2_PLACEMENT_3D('',#10309,#7551,#7552);
#6285=AXIS2_PLACEMENT_3D('',#10311,#7554,#7555);
#6286=AXIS2_PLACEMENT_3D('',#10316,#7558,#7559);
#6287=AXIS2_PLACEMENT_3D('',#10317,#7560,#7561);
#6288=AXIS2_PLACEMENT_3D('',#10321,#7564,#7565);
#6289=AXIS2_PLACEMENT_3D('',#10323,#7566,#7567);
#6290=AXIS2_PLACEMENT_3D('',#10325,#7569,#7570);
#6291=AXIS2_PLACEMENT_3D('',#10328,#7572,#7573);
#6292=AXIS2_PLACEMENT_3D('',#10329,#7574,#7575);
#6293=AXIS2_PLACEMENT_3D('',#10333,#7578,#7579);
#6294=AXIS2_PLACEMENT_3D('',#10336,#7581,#7582);
#6295=AXIS2_PLACEMENT_3D('',#10337,#7583,#7584);
#6296=AXIS2_PLACEMENT_3D('',#10341,#7586,#7587);
#6297=AXIS2_PLACEMENT_3D('',#10342,#7588,#7589);
#6298=AXIS2_PLACEMENT_3D('',#10343,#7590,#7591);
#6299=AXIS2_PLACEMENT_3D('',#10347,#7594,#7595);
#6300=AXIS2_PLACEMENT_3D('',#10351,#7598,#7599);
#6301=AXIS2_PLACEMENT_3D('',#10355,#7601,#7602);
#6302=AXIS2_PLACEMENT_3D('',#10356,#7603,#7604);
#6303=AXIS2_PLACEMENT_3D('',#10357,#7605,#7606);
#6304=AXIS2_PLACEMENT_3D('',#10360,#7608,#7609);
#6305=AXIS2_PLACEMENT_3D('',#10361,#7610,#7611);
#6306=AXIS2_PLACEMENT_3D('',#10365,#7614,#7615);
#6307=AXIS2_PLACEMENT_3D('',#10369,#7618,#7619);
#6308=AXIS2_PLACEMENT_3D('',#10370,#7620,#7621);
#6309=AXIS2_PLACEMENT_3D('',#10371,#7622,#7623);
#6310=AXIS2_PLACEMENT_3D('',#10386,#7627,#7628);
#6311=AXIS2_PLACEMENT_3D('',#10389,#7630,#7631);
#6312=AXIS2_PLACEMENT_3D('',#10391,#7632,#7633);
#6313=AXIS2_PLACEMENT_3D('',#10393,#7635,#7636);
#6314=AXIS2_PLACEMENT_3D('',#10406,#7639,#7640);
#6315=AXIS2_PLACEMENT_3D('',#10408,#7641,#7642);
#6316=AXIS2_PLACEMENT_3D('',#10410,#7644,#7645);
#6317=AXIS2_PLACEMENT_3D('',#10412,#7646,#7647);
#6318=AXIS2_PLACEMENT_3D('',#10414,#7649,#7650);
#6319=AXIS2_PLACEMENT_3D('',#10418,#7653,#7654);
#6320=AXIS2_PLACEMENT_3D('',#10420,#7655,#7656);
#6321=AXIS2_PLACEMENT_3D('',#10422,#7658,#7659);
#6322=AXIS2_PLACEMENT_3D('',#10424,#7660,#7661);
#6323=AXIS2_PLACEMENT_3D('',#10426,#7662,#7663);
#6324=AXIS2_PLACEMENT_3D('',#10427,#7664,#7665);
#6325=AXIS2_PLACEMENT_3D('',#10428,#7666,#7667);
#6326=AXIS2_PLACEMENT_3D('',#10430,#7668,#7669);
#6327=AXIS2_PLACEMENT_3D('',#10531,#7671,#7672);
#6328=AXIS2_PLACEMENT_3D('',#10533,#7673,#7674);
#6329=AXIS2_PLACEMENT_3D('',#10535,#7676,#7677);
#6330=AXIS2_PLACEMENT_3D('',#10536,#7678,#7679);
#6331=AXIS2_PLACEMENT_3D('',#10537,#7680,#7681);
#6332=AXIS2_PLACEMENT_3D('',#10538,#7682,#7683);
#6333=AXIS2_PLACEMENT_3D('',#10539,#7684,#7685);
#6334=AXIS2_PLACEMENT_3D('',#10588,#7686,#7687);
#6335=AXIS2_PLACEMENT_3D('',#10644,#7688,#7689);
#6336=AXIS2_PLACEMENT_3D('',#10646,#7691,#7692);
#6337=AXIS2_PLACEMENT_3D('',#10648,#7694,#7695);
#6338=AXIS2_PLACEMENT_3D('',#10650,#7697,#7698);
#6339=AXIS2_PLACEMENT_3D('',#10651,#7699,#7700);
#6340=AXIS2_PLACEMENT_3D('',#10652,#7701,#7702);
#6341=AXIS2_PLACEMENT_3D('',#10653,#7703,#7704);
#6342=AXIS2_PLACEMENT_3D('',#10654,#7705,#7706);
#6343=AXIS2_PLACEMENT_3D('',#10655,#7707,#7708);
#6344=AXIS2_PLACEMENT_3D('',#10657,#7709,#7710);
#6345=AXIS2_PLACEMENT_3D('',#10659,#7712,#7713);
#6346=AXIS2_PLACEMENT_3D('',#10660,#7714,#7715);
#6347=AXIS2_PLACEMENT_3D('',#10661,#7716,#7717);
#6348=AXIS2_PLACEMENT_3D('',#10662,#7718,#7719);
#6349=AXIS2_PLACEMENT_3D('',#10663,#7720,#7721);
#6350=AXIS2_PLACEMENT_3D('',#10665,#7722,#7723);
#6351=AXIS2_PLACEMENT_3D('',#10666,#7724,#7725);
#6352=AXIS2_PLACEMENT_3D('',#10667,#7726,#7727);
#6353=AXIS2_PLACEMENT_3D('',#10668,#7728,#7729);
#6354=AXIS2_PLACEMENT_3D('',#10670,#7731,#7732);
#6355=AXIS2_PLACEMENT_3D('',#10671,#7733,#7734);
#6356=AXIS2_PLACEMENT_3D('',#10672,#7735,#7736);
#6357=AXIS2_PLACEMENT_3D('',#10673,#7737,#7738);
#6358=AXIS2_PLACEMENT_3D('',#10707,#7740,#7741);
#6359=AXIS2_PLACEMENT_3D('',#10708,#7742,#7743);
#6360=AXIS2_PLACEMENT_3D('',#10709,#7744,#7745);
#6361=AXIS2_PLACEMENT_3D('',#10710,#7746,#7747);
#6362=AXIS2_PLACEMENT_3D('',#10711,#7748,#7749);
#6363=AXIS2_PLACEMENT_3D('',#10712,#7750,#7751);
#6364=AXIS2_PLACEMENT_3D('',#10713,#7752,#7753);
#6365=AXIS2_PLACEMENT_3D('',#10714,#7754,#7755);
#6366=AXIS2_PLACEMENT_3D('',#10715,#7756,#7757);
#6367=AXIS2_PLACEMENT_3D('',#10716,#7758,#7759);
#6368=AXIS2_PLACEMENT_3D('',#10717,#7760,#7761);
#6369=AXIS2_PLACEMENT_3D('',#10718,#7762,#7763);
#6370=AXIS2_PLACEMENT_3D('',#10720,#7764,#7765);
#6371=AXIS2_PLACEMENT_3D('',#10721,#7766,#7767);
#6372=AXIS2_PLACEMENT_3D('',#10722,#7768,#7769);
#6373=AXIS2_PLACEMENT_3D('',#10724,#7770,#7771);
#6374=AXIS2_PLACEMENT_3D('',#10863,#7773,#7774);
#6375=AXIS2_PLACEMENT_3D('',#10866,#7777,#7778);
#6376=AXIS2_PLACEMENT_3D('',#10867,#7779,#7780);
#6377=AXIS2_PLACEMENT_3D('',#10869,#7781,#7782);
#6378=AXIS2_PLACEMENT_3D('',#10870,#7783,#7784);
#6379=AXIS2_PLACEMENT_3D('',#10871,#7785,#7786);
#6380=AXIS2_PLACEMENT_3D('',#10873,#7787,#7788);
#6381=AXIS2_PLACEMENT_3D('',#10874,#7789,#7790);
#6382=AXIS2_PLACEMENT_3D('',#10876,#7791,#7792);
#6383=AXIS2_PLACEMENT_3D('',#10878,#7793,#7794);
#6384=AXIS2_PLACEMENT_3D('',#10879,#7795,#7796);
#6385=AXIS2_PLACEMENT_3D('',#10880,#7797,#7798);
#6386=AXIS2_PLACEMENT_3D('',#10882,#7799,#7800);
#6387=AXIS2_PLACEMENT_3D('',#10883,#7801,#7802);
#6388=AXIS2_PLACEMENT_3D('',#10885,#7804,#7805);
#6389=AXIS2_PLACEMENT_3D('',#10887,#7807,#7808);
#6390=AXIS2_PLACEMENT_3D('',#10889,#7810,#7811);
#6391=AXIS2_PLACEMENT_3D('',#10891,#7813,#7814);
#6392=AXIS2_PLACEMENT_3D('',#10892,#7815,#7816);
#6393=AXIS2_PLACEMENT_3D('',#10893,#7817,#7818);
#6394=AXIS2_PLACEMENT_3D('',#10895,#7820,#7821);
#6395=AXIS2_PLACEMENT_3D('',#10896,#7822,#7823);
#6396=AXIS2_PLACEMENT_3D('',#10899,#7825,#7826);
#6397=AXIS2_PLACEMENT_3D('',#10900,#7827,#7828);
#6398=AXIS2_PLACEMENT_3D('',#10901,#7829,#7830);
#6399=AXIS2_PLACEMENT_3D('',#10904,#7832,#7833);
#6400=AXIS2_PLACEMENT_3D('',#10905,#7834,#7835);
#6401=AXIS2_PLACEMENT_3D('',#10906,#7836,#7837);
#6402=DIRECTION('axis',(0.,0.,1.));
#6403=DIRECTION('refdir',(1.,0.,0.));
#6404=DIRECTION('center_axis',(-1.66493571992474E-13,-1.,1.22464679915309E-16));
#6405=DIRECTION('ref_axis',(-1.,1.66493571992474E-13,3.44516082328992E-15));
#6406=DIRECTION('',(-1.,1.66493571992474E-13,3.44516082328992E-15));
#6407=DIRECTION('',(-3.44516082328994E-15,-1.22464679914735E-16,-1.));
#6408=DIRECTION('',(-1.,1.66493571992474E-13,3.44516082328992E-15));
#6409=DIRECTION('',(-3.44516082328994E-15,-1.22464679914735E-16,-1.));
#6410=DIRECTION('center_axis',(-1.,-5.46655517130335E-30,3.44516082328994E-15));
#6411=DIRECTION('ref_axis',(-5.88846568878234E-30,1.,-1.22464679914735E-16));
#6412=DIRECTION('',(-5.88846568878234E-30,1.,-1.22464679914735E-16));
#6413=DIRECTION('',(-3.44516082328994E-15,-1.22464679914735E-16,-1.));
#6414=DIRECTION('',(-5.88846568878234E-30,1.,-1.22464679914735E-16));
#6415=DIRECTION('',(-3.44516082328994E-15,-1.22464679914735E-16,-1.));
#6416=DIRECTION('',(-3.44516082328994E-15,-1.22464679914735E-16,-1.));
#6417=DIRECTION('center_axis',(1.65516084262466E-13,1.,-1.22464679915306E-16));
#6418=DIRECTION('ref_axis',(1.,-1.65516084262466E-13,-3.44516082328992E-15));
#6419=DIRECTION('',(1.,-1.65516084262466E-13,-3.44516082328992E-15));
#6420=DIRECTION('',(-3.44516082328994E-15,-1.22464679914735E-16,-1.));
#6421=DIRECTION('',(1.,-1.65516084262466E-13,-3.44516082328992E-15));
#6422=DIRECTION('',(-3.44516082328994E-15,-1.22464679914735E-16,-1.));
#6423=DIRECTION('',(-3.44516082328994E-15,-1.22464679914735E-16,-1.));
#6424=DIRECTION('',(-3.44516082328994E-15,-1.22464679914735E-16,-1.));
#6425=DIRECTION('center_axis',(1.,5.46655517130335E-30,-3.44516082328994E-15));
#6426=DIRECTION('ref_axis',(5.88846568878234E-30,-1.,1.22464679914735E-16));
#6427=DIRECTION('',(5.88846568878234E-30,-1.,1.22464679914735E-16));
#6428=DIRECTION('',(5.88846568878234E-30,-1.,1.22464679914735E-16));
#6429=DIRECTION('center_axis',(-1.,-5.46655517130335E-30,3.44516082328994E-15));
#6430=DIRECTION('ref_axis',(-5.88846568878234E-30,1.,-1.22464679914735E-16));
#6431=DIRECTION('',(-5.88846568878234E-30,1.,-1.22464679914735E-16));
#6432=DIRECTION('',(-3.44516082328994E-15,-1.22464679914735E-16,-1.));
#6433=DIRECTION('',(-5.88846568878234E-30,1.,-1.22464679914735E-16));
#6434=DIRECTION('',(-3.44516082328994E-15,-1.22464679914735E-16,-1.));
#6435=DIRECTION('',(-3.44516082328994E-15,-1.22464679914735E-16,-1.));
#6436=DIRECTION('',(-3.44516082328994E-15,-1.22464679914735E-16,-1.));
#6437=DIRECTION('',(-3.44516082328994E-15,-1.22464679914735E-16,-1.));
#6438=DIRECTION('center_axis',(-1.67396966310992E-13,-1.,1.22464679915312E-16));
#6439=DIRECTION('ref_axis',(-1.,1.67396966310992E-13,3.44516082328992E-15));
#6440=DIRECTION('',(-1.,1.67396966310992E-13,3.44516082328992E-15));
#6441=DIRECTION('',(-3.44516082328994E-15,-1.22464679914735E-16,-1.));
#6442=DIRECTION('',(-1.,1.67396966310992E-13,3.44516082328992E-15));
#6443=DIRECTION('',(-3.44516082328994E-15,-1.22464679914735E-16,-1.));
#6444=DIRECTION('',(-3.44516082328994E-15,-1.22464679914735E-16,-1.));
#6445=DIRECTION('',(-3.44516082328994E-15,-1.22464679914735E-16,-1.));
#6446=DIRECTION('center_axis',(1.,5.46655517130335E-30,-3.44516082328994E-15));
#6447=DIRECTION('ref_axis',(5.88846568878234E-30,-1.,1.22464679914735E-16));
#6448=DIRECTION('',(5.88846568878234E-30,-1.,1.22464679914735E-16));
#6449=DIRECTION('',(-3.44516082328994E-15,-1.22464679914735E-16,-1.));
#6450=DIRECTION('',(5.88846568878234E-30,-1.,1.22464679914735E-16));
#6451=DIRECTION('center_axis',(1.67273595730001E-13,1.,-1.22464679915312E-16));
#6452=DIRECTION('ref_axis',(1.,-1.67273595730001E-13,-3.44516082328992E-15));
#6453=DIRECTION('',(1.,-1.67273595730001E-13,-3.44516082328992E-15));
#6454=DIRECTION('',(1.,-1.67273595730001E-13,-3.44516082328992E-15));
#6455=DIRECTION('center_axis',(3.44516082328994E-15,1.22464679914735E-16,
1.));
#6456=DIRECTION('ref_axis',(-1.,-5.46655517130335E-30,3.44516082328994E-15));
#6457=DIRECTION('center_axis',(-1.,-5.46655517130335E-30,3.44516082328994E-15));
#6458=DIRECTION('ref_axis',(-5.88846568878234E-30,1.,-1.22464679914735E-16));
#6459=DIRECTION('',(-5.88846568878234E-30,1.,-1.22464679914735E-16));
#6460=DIRECTION('',(-3.44516082328994E-15,-1.22464679914735E-16,-1.));
#6461=DIRECTION('',(-5.88846568878234E-30,1.,-1.22464679914735E-16));
#6462=DIRECTION('',(-3.44516082328994E-15,-1.22464679914735E-16,-1.));
#6463=DIRECTION('center_axis',(-1.58649855049137E-13,-1.,1.22464679915282E-16));
#6464=DIRECTION('ref_axis',(-1.,1.58649855049137E-13,3.44516082328992E-15));
#6465=DIRECTION('',(-1.,1.58649855049137E-13,3.44516082328992E-15));
#6466=DIRECTION('',(-3.44516082328994E-15,-1.22464679914735E-16,-1.));
#6467=DIRECTION('',(-1.,1.58649855049137E-13,3.44516082328992E-15));
#6468=DIRECTION('center_axis',(1.,5.46655517130335E-30,-3.44516082328994E-15));
#6469=DIRECTION('ref_axis',(5.88846568878234E-30,-1.,1.22464679914735E-16));
#6470=DIRECTION('',(5.88846568878234E-30,-1.,1.22464679914735E-16));
#6471=DIRECTION('',(-3.44516082328994E-15,-1.22464679914735E-16,-1.));
#6472=DIRECTION('',(5.88846568878234E-30,-1.,1.22464679914735E-16));
#6473=DIRECTION('center_axis',(-1.74675180597104E-13,-1.,1.22464679915337E-16));
#6474=DIRECTION('ref_axis',(-1.,1.74675180597104E-13,3.44516082328992E-15));
#6475=DIRECTION('',(-1.,1.74675180597104E-13,3.44516082328992E-15));
#6476=DIRECTION('',(-3.44516082328994E-15,-1.22464679914735E-16,-1.));
#6477=DIRECTION('',(-1.,1.74675180597104E-13,3.44516082328992E-15));
#6478=DIRECTION('',(-3.44516082328994E-15,-1.22464679914735E-16,-1.));
#6479=DIRECTION('',(-3.44516082328994E-15,-1.22464679914735E-16,-1.));
#6480=DIRECTION('',(-3.44516082328994E-15,-1.22464679914735E-16,-1.));
#6481=DIRECTION('',(-3.44516082328994E-15,-1.22464679914735E-16,-1.));
#6482=DIRECTION('',(-3.44516082328994E-15,-1.22464679914735E-16,-1.));
#6483=DIRECTION('center_axis',(-1.70793432058354E-13,-1.,1.22464679915324E-16));
#6484=DIRECTION('ref_axis',(-1.,1.70793432058354E-13,3.44516082328992E-15));
#6485=DIRECTION('',(-1.,1.70793432058354E-13,3.44516082328992E-15));
#6486=DIRECTION('',(-3.44516082328994E-15,-1.22464679914735E-16,-1.));
#6487=DIRECTION('',(-1.,1.70793432058354E-13,3.44516082328992E-15));
#6488=DIRECTION('',(-3.44516082328994E-15,-1.22464679914735E-16,-1.));
#6489=DIRECTION('',(-3.44516082328994E-15,-1.22464679914735E-16,-1.));
#6490=DIRECTION('',(-3.44516082328994E-15,-1.22464679914735E-16,-1.));
#6491=DIRECTION('center_axis',(1.74675146470667E-13,1.,-1.22464679915337E-16));
#6492=DIRECTION('ref_axis',(1.,-1.74675146470667E-13,-3.44516082328992E-15));
#6493=DIRECTION('',(1.,-1.74675146470667E-13,-3.44516082328992E-15));
#6494=DIRECTION('',(-3.44516082328994E-15,-1.22464679914735E-16,-1.));
#6495=DIRECTION('',(1.,-1.74675146470667E-13,-3.44516082328992E-15));
#6496=DIRECTION('',(-3.44516082328994E-15,-1.22464679914735E-16,-1.));
#6497=DIRECTION('',(-3.44516082328994E-15,-1.22464679914735E-16,-1.));
#6498=DIRECTION('',(-3.44516082328994E-15,-1.22464679914735E-16,-1.));
#6499=DIRECTION('center_axis',(1.62048028593009E-13,1.,-1.22464679915294E-16));
#6500=DIRECTION('ref_axis',(1.,-1.62048028593009E-13,-3.44516082328992E-15));
#6501=DIRECTION('',(1.,-1.62048028593009E-13,-3.44516082328992E-15));
#6502=DIRECTION('',(-3.44516082328994E-15,-1.22464679914735E-16,-1.));
#6503=DIRECTION('',(1.,-1.62048028593009E-13,-3.44516082328992E-15));
#6504=DIRECTION('',(-3.44516082328994E-15,-1.22464679914735E-16,-1.));
#6505=DIRECTION('',(-3.44516082328994E-15,-1.22464679914735E-16,-1.));
#6506=DIRECTION('',(-3.44516082328994E-15,-1.22464679914735E-16,-1.));
#6507=DIRECTION('',(-3.44516082328994E-15,-1.22464679914735E-16,-1.));
#6508=DIRECTION('',(-3.44516082328994E-15,-1.22464679914735E-16,-1.));
#6509=DIRECTION('center_axis',(1.68773862842951E-13,1.,-1.22464679915317E-16));
#6510=DIRECTION('ref_axis',(1.,-1.68773862842951E-13,-3.44516082328992E-15));
#6511=DIRECTION('',(1.,-1.68773862842951E-13,-3.44516082328992E-15));
#6512=DIRECTION('',(1.,-1.68773862842951E-13,-3.44516082328992E-15));
#6513=DIRECTION('center_axis',(3.44516082328994E-15,1.22464679914735E-16,
1.));
#6514=DIRECTION('ref_axis',(-1.,-5.46655517130335E-30,3.44516082328994E-15));
#6515=DIRECTION('center_axis',(-1.,-5.46655517130335E-30,3.44516082328994E-15));
#6516=DIRECTION('ref_axis',(-5.88846568878234E-30,1.,-1.22464679914735E-16));
#6517=DIRECTION('',(-5.88846568878234E-30,1.,-1.22464679914735E-16));
#6518=DIRECTION('',(-3.44516082328994E-15,-1.22464679914735E-16,-1.));
#6519=DIRECTION('',(-5.88846568878234E-30,1.,-1.22464679914735E-16));
#6520=DIRECTION('',(-3.44516082328994E-15,-1.22464679914735E-16,-1.));
#6521=DIRECTION('center_axis',(-1.67856906873122E-13,-1.,1.22464679915314E-16));
#6522=DIRECTION('ref_axis',(-1.,1.67856906873122E-13,3.44516082328992E-15));
#6523=DIRECTION('',(-1.,1.67856906873122E-13,3.44516082328992E-15));
#6524=DIRECTION('',(-3.44516082328994E-15,-1.22464679914735E-16,-1.));
#6525=DIRECTION('',(-1.,1.67856906873122E-13,3.44516082328992E-15));
#6526=DIRECTION('center_axis',(-1.,-5.46655517130335E-30,3.44516082328994E-15));
#6527=DIRECTION('ref_axis',(-5.88846568878234E-30,1.,-1.22464679914735E-16));
#6528=DIRECTION('',(-5.88846568878234E-30,1.,-1.22464679914735E-16));
#6529=DIRECTION('',(-3.44516082328994E-15,-1.22464679914735E-16,-1.));
#6530=DIRECTION('',(-5.88846568878234E-30,1.,-1.22464679914735E-16));
#6531=DIRECTION('center_axis',(-1.73101448059064E-13,-1.,1.22464679915332E-16));
#6532=DIRECTION('ref_axis',(-1.,1.73101448059064E-13,3.44516082328992E-15));
#6533=DIRECTION('',(-1.,1.73101448059064E-13,3.44516082328992E-15));
#6534=DIRECTION('',(-3.44516082328994E-15,-1.22464679914735E-16,-1.));
#6535=DIRECTION('',(-1.,1.73101448059064E-13,3.44516082328992E-15));
#6536=DIRECTION('center_axis',(1.,5.46655517130335E-30,-3.44516082328994E-15));
#6537=DIRECTION('ref_axis',(5.88846568878234E-30,-1.,1.22464679914735E-16));
#6538=DIRECTION('',(5.88846568878234E-30,-1.,1.22464679914735E-16));
#6539=DIRECTION('',(-3.44516082328994E-15,-1.22464679914735E-16,-1.));
#6540=DIRECTION('',(5.88846568878234E-30,-1.,1.22464679914735E-16));
#6541=DIRECTION('center_axis',(1.73101448059064E-13,1.,-1.22464679915332E-16));
#6542=DIRECTION('ref_axis',(1.,-1.73101448059064E-13,-3.44516082328992E-15));
#6543=DIRECTION('',(1.,-1.73101448059064E-13,-3.44516082328992E-15));
#6544=DIRECTION('',(-3.44516082328994E-15,-1.22464679914735E-16,-1.));
#6545=DIRECTION('',(1.,-1.73101448059064E-13,-3.44516082328992E-15));
#6546=DIRECTION('center_axis',(-1.,-5.46655517130335E-30,3.44516082328994E-15));
#6547=DIRECTION('ref_axis',(-5.88846568878234E-30,1.,-1.22464679914735E-16));
#6548=DIRECTION('',(-5.88846568878234E-30,1.,-1.22464679914735E-16));
#6549=DIRECTION('',(-3.44516082328994E-15,-1.22464679914735E-16,-1.));
#6550=DIRECTION('',(-5.88846568878234E-30,1.,-1.22464679914735E-16));
#6551=DIRECTION('center_axis',(1.67856906873122E-13,1.,-1.22464679915314E-16));
#6552=DIRECTION('ref_axis',(1.,-1.67856906873122E-13,-3.44516082328992E-15));
#6553=DIRECTION('',(1.,-1.67856906873122E-13,-3.44516082328992E-15));
#6554=DIRECTION('',(1.,-1.67856906873122E-13,-3.44516082328992E-15));
#6555=DIRECTION('center_axis',(-3.44516082328994E-15,-1.22464679914735E-16,
-1.));
#6556=DIRECTION('ref_axis',(1.,5.46655517130335E-30,-3.44516082328994E-15));
#6557=DIRECTION('center_axis',(-1.,-5.46655517130335E-30,3.44516082328994E-15));
#6558=DIRECTION('ref_axis',(-5.88846568878234E-30,1.,-1.22464679914735E-16));
#6559=DIRECTION('',(-5.88846568878234E-30,1.,-1.22464679914735E-16));
#6560=DIRECTION('',(-3.44516082328994E-15,-1.22464679914735E-16,-1.));
#6561=DIRECTION('',(-5.88846568878234E-30,1.,-1.22464679914735E-16));
#6562=DIRECTION('',(-3.44516082328994E-15,-1.22464679914735E-16,-1.));
#6563=DIRECTION('center_axis',(-1.73101448059064E-13,-1.,1.22464679915332E-16));
#6564=DIRECTION('ref_axis',(-1.,1.73101448059064E-13,3.44516082328992E-15));
#6565=DIRECTION('',(-1.,1.73101448059064E-13,3.44516082328992E-15));
#6566=DIRECTION('',(-3.44516082328994E-15,-1.22464679914735E-16,-1.));
#6567=DIRECTION('',(-1.,1.73101448059064E-13,3.44516082328992E-15));
#6568=DIRECTION('center_axis',(1.,5.46655517130335E-30,-3.44516082328994E-15));
#6569=DIRECTION('ref_axis',(5.88846568878234E-30,-1.,1.22464679914735E-16));
#6570=DIRECTION('',(5.88846568878234E-30,-1.,1.22464679914735E-16));
#6571=DIRECTION('',(-3.44516082328994E-15,-1.22464679914735E-16,-1.));
#6572=DIRECTION('',(5.88846568878234E-30,-1.,1.22464679914735E-16));
#6573=DIRECTION('center_axis',(-1.66830359995638E-13,-1.,1.2246467991531E-16));
#6574=DIRECTION('ref_axis',(-1.,1.66830359995638E-13,3.44516082328992E-15));
#6575=DIRECTION('',(-1.,1.66830359995638E-13,3.44516082328992E-15));
#6576=DIRECTION('',(-3.44516082328994E-15,-1.22464679914735E-16,-1.));
#6577=DIRECTION('',(-1.,1.66830359995638E-13,3.44516082328992E-15));
#6578=DIRECTION('center_axis',(-1.,-5.46655517130335E-30,3.44516082328994E-15));
#6579=DIRECTION('ref_axis',(-5.88846568878234E-30,1.,-1.22464679914735E-16));
#6580=DIRECTION('',(-5.88846568878234E-30,1.,-1.22464679914735E-16));
#6581=DIRECTION('',(-3.44516082328994E-15,-1.22464679914735E-16,-1.));
#6582=DIRECTION('',(-5.88846568878234E-30,1.,-1.22464679914735E-16));
#6583=DIRECTION('center_axis',(-1.64446375656111E-13,-1.,1.22464679915302E-16));
#6584=DIRECTION('ref_axis',(-1.,1.64446375656111E-13,3.44516082328992E-15));
#6585=DIRECTION('',(-1.,1.64446375656111E-13,3.44516082328992E-15));
#6586=DIRECTION('',(-3.44516082328994E-15,-1.22464679914735E-16,-1.));
#6587=DIRECTION('',(-1.,1.64446375656111E-13,3.44516082328992E-15));
#6588=DIRECTION('center_axis',(1.,5.46655517130335E-30,-3.44516082328994E-15));
#6589=DIRECTION('ref_axis',(5.88846568878234E-30,-1.,1.22464679914735E-16));
#6590=DIRECTION('',(5.88846568878234E-30,-1.,1.22464679914735E-16));
#6591=DIRECTION('',(-3.44516082328994E-15,-1.22464679914735E-16,-1.));
#6592=DIRECTION('',(5.88846568878234E-30,-1.,1.22464679914735E-16));
#6593=DIRECTION('center_axis',(-1.67641190583764E-13,-1.,1.22464679915313E-16));
#6594=DIRECTION('ref_axis',(-1.,1.67641190583764E-13,3.44516082328992E-15));
#6595=DIRECTION('',(-1.,1.67641190583764E-13,3.44516082328992E-15));
#6596=DIRECTION('',(-3.44516082328994E-15,-1.22464679914735E-16,-1.));
#6597=DIRECTION('',(-1.,1.67641190583764E-13,3.44516082328992E-15));
#6598=DIRECTION('center_axis',(-1.,-5.46655517130335E-30,3.44516082328994E-15));
#6599=DIRECTION('ref_axis',(-5.88846568878234E-30,1.,-1.22464679914735E-16));
#6600=DIRECTION('',(-5.88846568878234E-30,1.,-1.22464679914735E-16));
#6601=DIRECTION('',(-3.44516082328994E-15,-1.22464679914735E-16,-1.));
#6602=DIRECTION('',(-5.88846568878234E-30,1.,-1.22464679914735E-16));
#6603=DIRECTION('center_axis',(-1.64446375656111E-13,-1.,1.22464679915302E-16));
#6604=DIRECTION('ref_axis',(-1.,1.64446375656111E-13,3.44516082328992E-15));
#6605=DIRECTION('',(-1.,1.64446375656111E-13,3.44516082328992E-15));
#6606=DIRECTION('',(-3.44516082328994E-15,-1.22464679914735E-16,-1.));
#6607=DIRECTION('',(-1.,1.64446375656111E-13,3.44516082328992E-15));
#6608=DIRECTION('center_axis',(1.,5.46655517130335E-30,-3.44516082328994E-15));
#6609=DIRECTION('ref_axis',(5.88846568878234E-30,-1.,1.22464679914735E-16));
#6610=DIRECTION('',(5.88846568878234E-30,-1.,1.22464679914735E-16));
#6611=DIRECTION('',(-3.44516082328994E-15,-1.22464679914735E-16,-1.));
#6612=DIRECTION('',(5.88846568878234E-30,-1.,1.22464679914735E-16));
#6613=DIRECTION('center_axis',(1.67273595730001E-13,1.,-1.22464679915312E-16));
#6614=DIRECTION('ref_axis',(1.,-1.67273595730001E-13,-3.44516082328992E-15));
#6615=DIRECTION('',(1.,-1.67273595730001E-13,-3.44516082328992E-15));
#6616=DIRECTION('',(1.,-1.67273595730001E-13,-3.44516082328992E-15));
#6617=DIRECTION('center_axis',(-3.44516082328994E-15,-1.22464679914735E-16,
-1.));
#6618=DIRECTION('ref_axis',(1.,5.46655517130335E-30,-3.44516082328994E-15));
#6619=DIRECTION('center_axis',(-1.6725787557103E-13,-1.,1.22464679915312E-16));
#6620=DIRECTION('ref_axis',(-1.,1.6725787557103E-13,3.44516082328992E-15));
#6621=DIRECTION('',(-1.,1.6725787557103E-13,3.44516082328992E-15));
#6622=DIRECTION('',(-3.44516082328994E-15,-1.22464679914735E-16,-1.));
#6623=DIRECTION('',(-1.,1.6725787557103E-13,3.44516082328992E-15));
#6624=DIRECTION('',(-3.44516082328994E-15,-1.22464679914735E-16,-1.));
#6625=DIRECTION('center_axis',(1.,5.46655517130335E-30,-3.44516082328994E-15));
#6626=DIRECTION('ref_axis',(5.88846568878234E-30,-1.,1.22464679914735E-16));
#6627=DIRECTION('',(5.88846568878234E-30,-1.,1.22464679914735E-16));
#6628=DIRECTION('',(-3.44516082328994E-15,-1.22464679914735E-16,-1.));
#6629=DIRECTION('',(5.88846568878234E-30,-1.,1.22464679914735E-16));
#6630=DIRECTION('center_axis',(1.6725787557103E-13,1.,-1.22464679915312E-16));
#6631=DIRECTION('ref_axis',(1.,-1.6725787557103E-13,-3.44516082328992E-15));
#6632=DIRECTION('',(1.,-1.6725787557103E-13,-3.44516082328992E-15));
#6633=DIRECTION('',(-3.44516082328994E-15,-1.22464679914735E-16,-1.));
#6634=DIRECTION('',(1.,-1.6725787557103E-13,-3.44516082328992E-15));
#6635=DIRECTION('',(-3.44516082328994E-15,-1.22464679914735E-16,-1.));
#6636=DIRECTION('',(-3.44516082328994E-15,-1.22464679914735E-16,-1.));
#6637=DIRECTION('',(-3.44516082328994E-15,-1.22464679914735E-16,-1.));
#6638=DIRECTION('',(-3.44516082328994E-15,-1.22464679914735E-16,-1.));
#6639=DIRECTION('center_axis',(-1.6725787557103E-13,-1.,1.22464679915312E-16));
#6640=DIRECTION('ref_axis',(-1.,1.6725787557103E-13,3.44516082328992E-15));
#6641=DIRECTION('',(-1.,1.6725787557103E-13,3.44516082328992E-15));
#6642=DIRECTION('',(-3.44516082328994E-15,-1.22464679914735E-16,-1.));
#6643=DIRECTION('',(-1.,1.6725787557103E-13,3.44516082328992E-15));
#6644=DIRECTION('center_axis',(1.,5.46655517130335E-30,-3.44516082328994E-15));
#6645=DIRECTION('ref_axis',(5.88846568878234E-30,-1.,1.22464679914735E-16));
#6646=DIRECTION('',(5.88846568878234E-30,-1.,1.22464679914735E-16));
#6647=DIRECTION('',(-3.44516082328994E-15,-1.22464679914735E-16,-1.));
#6648=DIRECTION('',(5.88846568878234E-30,-1.,1.22464679914735E-16));
#6649=DIRECTION('center_axis',(1.6725787557103E-13,1.,-1.22464679915312E-16));
#6650=DIRECTION('ref_axis',(1.,-1.6725787557103E-13,-3.44516082328992E-15));
#6651=DIRECTION('',(1.,-1.6725787557103E-13,-3.44516082328992E-15));
#6652=DIRECTION('',(-3.44516082328994E-15,-1.22464679914735E-16,-1.));
#6653=DIRECTION('',(1.,-1.6725787557103E-13,-3.44516082328992E-15));
#6654=DIRECTION('',(-3.44516082328994E-15,-1.22464679914735E-16,-1.));
#6655=DIRECTION('center_axis',(3.44516082328994E-15,1.22464679914735E-16,
1.));
#6656=DIRECTION('ref_axis',(-1.,-5.46655517130335E-30,3.44516082328994E-15));
#6657=DIRECTION('center_axis',(3.44516082328994E-15,1.22464679914735E-16,
1.));
#6658=DIRECTION('ref_axis',(-1.,-5.46655517130335E-30,3.44516082328994E-15));
#6659=DIRECTION('',(-0.207482993197278,-0.978238625047027,8.3461195975881E-16));
#6660=DIRECTION('center_axis',(3.44516082328994E-15,1.22464679914735E-16,
1.));
#6661=DIRECTION('ref_axis',(-0.207482993197277,-0.978238625047027,8.34611959758807E-16));
#6662=DIRECTION('',(0.207482993197276,0.978238625047028,-8.34611959758804E-16));
#6663=DIRECTION('center_axis',(3.44516082328994E-15,1.22464679914735E-16,
1.));
#6664=DIRECTION('ref_axis',(0.773634291523821,-0.633632372104232,-2.58769696707818E-15));
#6665=DIRECTION('center_axis',(-3.44516082328994E-15,-1.22464679914735E-16,
-1.));
#6666=DIRECTION('ref_axis',(-0.835508474591903,0.549477559946821,2.81116947069154E-15));
#6667=DIRECTION('',(1.76225876924569E-17,1.,-1.22464679914735E-16));
#6668=DIRECTION('center_axis',(-3.44516082328994E-15,-1.22464679914735E-16,
-1.));
#6669=DIRECTION('ref_axis',(-0.835508474591894,-0.549477559946833,2.94575265768995E-15));
#6670=DIRECTION('center_axis',(3.44516082328994E-15,1.22464679914735E-16,
1.));
#6671=DIRECTION('ref_axis',(0.773634291523808,0.633632372104248,-2.74289213834485E-15));
#6672=DIRECTION('',(-0.207482993197288,0.978238625047025,5.95012599565613E-16));
#6673=DIRECTION('center_axis',(3.44516082328994E-15,1.22464679914735E-16,
1.));
#6674=DIRECTION('ref_axis',(-0.207482993197286,0.978238625047026,5.95012599565608E-16));
#6675=DIRECTION('',(0.20748299319729,-0.978238625047025,-5.95012599565621E-16));
#6676=DIRECTION('center_axis',(3.44516082328994E-15,1.22464679914735E-16,
1.));
#6677=DIRECTION('ref_axis',(-0.994544776530203,-0.104310533871166,3.43914105725177E-15));
#6678=DIRECTION('',(-4.93432455388952E-16,-1.,1.22464679914737E-16));
#6679=DIRECTION('center_axis',(3.44516082328994E-15,1.22464679914735E-16,
1.));
#6680=DIRECTION('ref_axis',(-0.994544776530204,0.10431053387116,3.41359234496724E-15));
#6681=DIRECTION('',(2.46716227694538E-17,-1.,1.22464679914735E-16));
#6682=DIRECTION('center_axis',(3.44516082328994E-15,1.22464679914735E-16,
1.));
#6683=DIRECTION('ref_axis',(4.44089209850062E-15,1.,-1.2246467991475E-16));
#6684=DIRECTION('',(-2.46716227694485E-16,1.,-1.22464679914735E-16));
#6685=DIRECTION('center_axis',(3.44516082328994E-15,1.22464679914735E-16,
1.));
#6686=DIRECTION('ref_axis',(4.44089209850065E-15,-1.,1.2246467991472E-16));
#6687=DIRECTION('center_axis',(-3.44516082328994E-15,-1.22464679914735E-16,
-1.));
#6688=DIRECTION('ref_axis',(-1.,-5.46655517130335E-30,3.44516082328994E-15));
#6689=DIRECTION('center_axis',(-3.44516082328994E-15,-1.22464679914735E-16,
-1.));
#6690=DIRECTION('ref_axis',(-1.,-5.46655517130335E-30,3.44516082328994E-15));
#6691=DIRECTION('center_axis',(3.44516082328994E-15,1.22464679914735E-16,
1.));
#6692=DIRECTION('ref_axis',(5.88846568878234E-30,-1.,1.22464679914735E-16));
#6693=DIRECTION('',(2.46716227694538E-17,-1.,1.22464679914735E-16));
#6694=DIRECTION('center_axis',(3.44516082328994E-15,1.22464679914735E-16,
1.));
#6695=DIRECTION('ref_axis',(-5.88846568878234E-30,1.,-1.22464679914735E-16));
#6696=DIRECTION('',(-2.46716227694485E-16,1.,-1.22464679914735E-16));
#6697=DIRECTION('center_axis',(-3.44516082328994E-15,-1.22464679914735E-16,
-1.));
#6698=DIRECTION('ref_axis',(-1.,-5.46655517130335E-30,3.44516082328994E-15));
#6699=DIRECTION('center_axis',(3.44516082328994E-15,1.22464679914735E-16,
1.));
#6700=DIRECTION('ref_axis',(-1.,-5.46655517130335E-30,3.44516082328994E-15));
#6701=DIRECTION('',(0.707106781186545,-1.73191211247095E-16,-0.70710678118655));
#6702=DIRECTION('center_axis',(-3.44516082328994E-15,-1.22464679914735E-16,
-1.));
#6703=DIRECTION('ref_axis',(-1.,-5.46655517130335E-30,3.44516082328994E-15));
#6704=DIRECTION('center_axis',(3.44516082328994E-15,1.22464679914735E-16,
1.));
#6705=DIRECTION('ref_axis',(-1.,-5.46655517130335E-30,3.44516082328994E-15));
#6706=DIRECTION('center_axis',(3.44516082328994E-15,1.22464679914735E-16,
1.));
#6707=DIRECTION('ref_axis',(-0.835508474591894,-0.549477559946833,2.94575265768995E-15));
#6708=DIRECTION('',(-1.76225876924569E-17,-1.,1.22464679914735E-16));
#6709=DIRECTION('center_axis',(3.44516082328994E-15,1.22464679914735E-16,
1.));
#6710=DIRECTION('ref_axis',(-0.835508474591902,0.549477559946821,2.81116947069154E-15));
#6711=DIRECTION('center_axis',(-3.44516082328994E-15,-1.22464679914735E-16,
-1.));
#6712=DIRECTION('ref_axis',(0.0338381155676419,-0.999427326990227,5.81679761030004E-18));
#6713=DIRECTION('',(-0.207482993197276,-0.978238625047028,8.34611959758804E-16));
#6714=DIRECTION('center_axis',(3.44516082328994E-15,1.22464679914735E-16,
1.));
#6715=DIRECTION('ref_axis',(1.,5.46655517130335E-30,-3.44516082328994E-15));
#6716=DIRECTION('',(0.207482993197278,0.978238625047027,-8.3461195975881E-16));
#6717=DIRECTION('center_axis',(-3.44516082328994E-15,-1.22464679914735E-16,
-1.));
#6718=DIRECTION('ref_axis',(-0.994544776530204,0.10431053387116,3.41359234496724E-15));
#6719=DIRECTION('',(4.93432455388952E-16,1.,-1.22464679914737E-16));
#6720=DIRECTION('center_axis',(-3.44516082328994E-15,-1.22464679914735E-16,
-1.));
#6721=DIRECTION('ref_axis',(-0.994544776530203,-0.104310533871166,3.43914105725177E-15));
#6722=DIRECTION('',(-0.20748299319729,0.978238625047025,5.95012599565621E-16));
#6723=DIRECTION('center_axis',(3.44516082328994E-15,1.22464679914735E-16,
1.));
#6724=DIRECTION('ref_axis',(1.,5.46655517130335E-30,-3.44516082328994E-15));
#6725=DIRECTION('',(0.207482993197288,-0.978238625047025,-5.95012599565613E-16));
#6726=DIRECTION('center_axis',(-3.44516082328994E-15,-1.22464679914735E-16,
-1.));
#6727=DIRECTION('ref_axis',(0.0338381155675993,0.999427326990229,-2.38972297785348E-16));
#6728=DIRECTION('center_axis',(-3.44516082328994E-15,-1.22464679914735E-16,
-1.));
#6729=DIRECTION('ref_axis',(0.707106781186548,0.707106781186548,-2.5226921860501E-15));
#6730=DIRECTION('',(-2.46716227694538E-17,1.,-1.22464679914735E-16));
#6731=DIRECTION('center_axis',(-3.44516082328994E-15,-1.22464679914735E-16,
-1.));
#6732=DIRECTION('ref_axis',(0.707106781186547,-0.707106781186547,-2.349500974803E-15));
#6733=DIRECTION('',(2.46716227694485E-16,-1.,1.22464679914735E-16));
#6734=DIRECTION('center_axis',(-3.44516082328994E-15,-1.22464679914735E-16,
-1.));
#6735=DIRECTION('ref_axis',(0.707106781186549,0.707106781186546,-2.5226921860501E-15));
#6736=DIRECTION('',(-2.46716227694538E-17,1.,-1.22464679914735E-16));
#6737=DIRECTION('center_axis',(-3.44516082328994E-15,-1.22464679914735E-16,
-1.));
#6738=DIRECTION('ref_axis',(0.707106781186551,-0.707106781186544,-2.34950097480301E-15));
#6739=DIRECTION('',(2.46716227694485E-16,-1.,1.22464679914735E-16));
#6740=DIRECTION('center_axis',(-3.44516082328994E-15,-1.22464679914735E-16,
-1.));
#6741=DIRECTION('ref_axis',(-1.,-5.46655517130335E-30,3.44516082328994E-15));
#6742=DIRECTION('center_axis',(-3.44516082328994E-15,-1.22464679914735E-16,
-1.));
#6743=DIRECTION('ref_axis',(-1.,-5.46655517130335E-30,3.44516082328994E-15));
#6744=DIRECTION('center_axis',(-3.44516082328994E-15,-1.22464679914735E-16,
-1.));
#6745=DIRECTION('ref_axis',(-1.,-5.46655517130335E-30,3.44516082328994E-15));
#6746=DIRECTION('center_axis',(3.44516082328994E-15,1.22464679914735E-16,
1.));
#6747=DIRECTION('ref_axis',(-1.,-5.46655517130335E-30,3.44516082328994E-15));
#6748=DIRECTION('',(3.44516082328994E-15,1.22464679914735E-16,1.));
#6749=DIRECTION('center_axis',(3.44516082328994E-15,1.22464679914735E-16,
1.));
#6750=DIRECTION('ref_axis',(-1.,-5.46655517130335E-30,3.44516082328994E-15));
#6751=DIRECTION('center_axis',(-3.44516082328994E-15,-1.22464679914735E-16,
-1.));
#6752=DIRECTION('ref_axis',(0.707106781186548,0.707106781186548,-2.5226921860501E-15));
#6753=DIRECTION('',(-0.70710678118653,8.65956056235474E-17,0.707106781186565));
#6754=DIRECTION('center_axis',(3.44516082328994E-15,1.22464679914735E-16,
1.));
#6755=DIRECTION('ref_axis',(0.707106781186548,0.707106781186548,-2.52269218605009E-15));
#6756=DIRECTION('',(-0.707106781186542,-8.65956056235541E-17,-0.707106781186553));
#6757=DIRECTION('center_axis',(0.707106781186545,-6.91501338603925E-17,
-0.70710678118655));
#6758=DIRECTION('ref_axis',(0.70710678118655,8.65956056235532E-17,0.707106781186545));
#6759=DIRECTION('',(2.46716227694538E-17,-1.,1.22464679914735E-16));
#6760=DIRECTION('',(-0.70710678118655,-8.65956056235532E-17,-0.707106781186545));
#6761=DIRECTION('center_axis',(-0.70710678118655,-2.61050323255084E-16,
-0.707106781186545));
#6762=DIRECTION('ref_axis',(0.707106781186545,-8.65956056235454E-17,-0.70710678118655));
#6763=DIRECTION('',(-0.707106781186545,8.65956056235454E-17,0.70710678118655));
#6764=DIRECTION('',(-2.46716227694485E-16,1.,-1.22464679914735E-16));
#6765=DIRECTION('center_axis',(-3.44516082328994E-15,-1.22464679914735E-16,
-1.));
#6766=DIRECTION('ref_axis',(0.707106781186548,-0.707106781186548,-2.349500974803E-15));
#6767=DIRECTION('center_axis',(3.44516082328994E-15,1.22464679914735E-16,
1.));
#6768=DIRECTION('ref_axis',(0.707106781186548,-0.707106781186548,-2.349500974803E-15));
#6769=DIRECTION('center_axis',(1.,2.46716227694534E-17,-3.44516082328994E-15));
#6770=DIRECTION('ref_axis',(-2.46716227694538E-17,1.,-1.22464679914735E-16));
#6771=DIRECTION('',(-3.44516082328994E-15,-1.22464679914735E-16,-1.));
#6772=DIRECTION('',(-2.46716227694538E-17,1.,-1.22464679914735E-16));
#6773=DIRECTION('',(3.44516082328994E-15,1.22464679914735E-16,1.));
#6774=DIRECTION('center_axis',(3.44516082328994E-15,1.22464679914735E-16,
1.));
#6775=DIRECTION('ref_axis',(0.707106781186548,0.707106781186548,-2.52269218605009E-15));
#6776=DIRECTION('',(3.44516082328994E-15,1.22464679914735E-16,1.));
#6777=DIRECTION('center_axis',(-3.44516082328994E-15,-1.22464679914735E-16,
-1.));
#6778=DIRECTION('ref_axis',(-5.88846568878234E-30,1.,-1.22464679914735E-16));
#6779=DIRECTION('center_axis',(-3.44516082328994E-15,-1.22464679914735E-16,
-1.));
#6780=DIRECTION('ref_axis',(-1.,-5.46655517130335E-30,3.44516082328994E-15));
#6781=DIRECTION('center_axis',(3.44516082328994E-15,1.22464679914735E-16,
1.));
#6782=DIRECTION('ref_axis',(-1.,-5.46655517130335E-30,3.44516082328994E-15));
#6783=DIRECTION('',(0.707106781186545,-1.73191211247095E-16,-0.70710678118655));
#6784=DIRECTION('center_axis',(3.44516082328994E-15,1.22464679914735E-16,
1.));
#6785=DIRECTION('ref_axis',(-1.,-5.46655517130335E-30,3.44516082328994E-15));
#6786=DIRECTION('',(3.44516082328994E-15,1.22464679914735E-16,1.));
#6787=DIRECTION('center_axis',(3.44516082328994E-15,1.22464679914735E-16,
1.));
#6788=DIRECTION('ref_axis',(-1.,-5.46655517130335E-30,3.44516082328994E-15));
#6789=DIRECTION('center_axis',(-3.44516082328994E-15,-1.22464679914735E-16,
-1.));
#6790=DIRECTION('ref_axis',(0.707106781186549,0.707106781186546,-2.5226921860501E-15));
#6791=DIRECTION('',(-0.707106781186545,8.65956056235454E-17,0.70710678118655));
#6792=DIRECTION('center_axis',(3.44516082328994E-15,1.22464679914735E-16,
1.));
#6793=DIRECTION('ref_axis',(0.707106781186549,0.707106781186546,-2.5226921860501E-15));
#6794=DIRECTION('',(-0.707106781186566,-8.65956056235513E-17,-0.707106781186529));
#6795=DIRECTION('center_axis',(0.707106781186545,-6.91501338603925E-17,
-0.70710678118655));
#6796=DIRECTION('ref_axis',(0.70710678118655,8.65956056235532E-17,0.707106781186545));
#6797=DIRECTION('',(2.46716227694538E-17,-1.,1.22464679914735E-16));
#6798=DIRECTION('',(-0.70710678118655,-8.65956056235532E-17,-0.707106781186545));
#6799=DIRECTION('center_axis',(-0.70710678118655,-2.61050323255084E-16,
-0.707106781186545));
#6800=DIRECTION('ref_axis',(0.707106781186545,-8.65956056235454E-17,-0.70710678118655));
#6801=DIRECTION('',(-0.707106781186538,8.65956056235465E-17,0.707106781186557));
#6802=DIRECTION('',(-2.46716227694485E-16,1.,-1.22464679914735E-16));
#6803=DIRECTION('center_axis',(-3.44516082328994E-15,-1.22464679914735E-16,
-1.));
#6804=DIRECTION('ref_axis',(0.707106781186551,-0.707106781186544,-2.34950097480301E-15));
#6805=DIRECTION('center_axis',(3.44516082328994E-15,1.22464679914735E-16,
1.));
#6806=DIRECTION('ref_axis',(0.707106781186551,-0.707106781186544,-2.34950097480301E-15));
#6807=DIRECTION('center_axis',(1.,2.46716227694534E-17,-3.44516082328994E-15));
#6808=DIRECTION('ref_axis',(-2.46716227694538E-17,1.,-1.22464679914735E-16));
#6809=DIRECTION('',(-3.44516082328994E-15,-1.22464679914735E-16,-1.));
#6810=DIRECTION('',(-2.46716227694538E-17,1.,-1.22464679914735E-16));
#6811=DIRECTION('',(3.44516082328994E-15,1.22464679914735E-16,1.));
#6812=DIRECTION('center_axis',(3.44516082328994E-15,1.22464679914735E-16,
1.));
#6813=DIRECTION('ref_axis',(0.707106781186549,0.707106781186546,-2.5226921860501E-15));
#6814=DIRECTION('',(3.44516082328994E-15,1.22464679914735E-16,1.));
#6815=DIRECTION('center_axis',(-3.44516082328994E-15,-1.22464679914735E-16,
-1.));
#6816=DIRECTION('ref_axis',(4.44089209850062E-15,1.,-1.2246467991475E-16));
#6817=DIRECTION('center_axis',(-3.44516082328994E-15,-1.22464679914735E-16,
-1.));
#6818=DIRECTION('ref_axis',(-1.,-5.46655517130335E-30,3.44516082328994E-15));
#6819=DIRECTION('center_axis',(3.44516082328994E-15,1.22464679914735E-16,
1.));
#6820=DIRECTION('ref_axis',(-1.,-5.46655517130335E-30,3.44516082328994E-15));
#6821=DIRECTION('',(0.707106781186546,-1.73191211247095E-16,-0.70710678118655));
#6822=DIRECTION('center_axis',(3.44516082328994E-15,1.22464679914735E-16,
1.));
#6823=DIRECTION('ref_axis',(-1.,-5.46655517130335E-30,3.44516082328994E-15));
#6824=DIRECTION('',(3.44516082328994E-15,1.22464679914735E-16,1.));
#6825=DIRECTION('center_axis',(-3.44516082328994E-15,-1.22464679914735E-16,
-1.));
#6826=DIRECTION('ref_axis',(-1.,-5.46655517130335E-30,3.44516082328994E-15));
#6827=DIRECTION('center_axis',(-3.44516082328994E-15,-1.22464679914735E-16,
-1.));
#6828=DIRECTION('ref_axis',(-1.,-5.46655517130335E-30,3.44516082328994E-15));
#6829=DIRECTION('center_axis',(3.44516082328994E-15,1.22464679914735E-16,
1.));
#6830=DIRECTION('ref_axis',(-1.,-5.46655517130335E-30,3.44516082328994E-15));
#6831=DIRECTION('',(0.707106781186546,-1.73191211247095E-16,-0.70710678118655));
#6832=DIRECTION('center_axis',(3.44516082328994E-15,1.22464679914735E-16,
1.));
#6833=DIRECTION('ref_axis',(-1.,-5.46655517130335E-30,3.44516082328994E-15));
#6834=DIRECTION('',(3.44516082328994E-15,1.22464679914735E-16,1.));
#6835=DIRECTION('center_axis',(-3.44516082328994E-15,-1.22464679914735E-16,
-1.));
#6836=DIRECTION('ref_axis',(-1.,-5.46655517130335E-30,3.44516082328994E-15));
#6837=DIRECTION('center_axis',(3.44516082328994E-15,1.22464679914735E-16,
1.));
#6838=DIRECTION('ref_axis',(-0.835508474591894,-0.549477559946833,2.94575265768995E-15));
#6839=DIRECTION('',(-0.280119518557723,-0.649255770342466,0.707106781186548));
#6840=DIRECTION('center_axis',(-3.44516082328994E-15,-1.22464679914735E-16,
-1.));
#6841=DIRECTION('ref_axis',(-0.835508474591894,-0.549477559946833,2.94575265768995E-15));
#6842=DIRECTION('',(0.707106781186538,-8.65956056235465E-17,-0.707106781186557));
#6843=DIRECTION('center_axis',(-0.70710678118655,-7.41345543641582E-17,
-0.707106781186545));
#6844=DIRECTION('ref_axis',(0.707106781186545,-8.65956056235454E-17,-0.70710678118655));
#6845=DIRECTION('',(1.76225876924569E-17,1.,-1.22464679914735E-16));
#6846=DIRECTION('',(0.707106781186545,-8.65956056235454E-17,-0.70710678118655));
#6847=DIRECTION('center_axis',(-3.44516082328994E-15,-1.22464679914735E-16,
-1.));
#6848=DIRECTION('ref_axis',(0.0338381155675993,0.999427326990229,-2.38972297785348E-16));
#6849=DIRECTION('',(-0.691719165389345,-0.146712631470683,0.707106781186559));
#6850=DIRECTION('center_axis',(3.44516082328994E-15,1.22464679914735E-16,
1.));
#6851=DIRECTION('ref_axis',(0.0338381155675993,0.999427326990229,-2.38972297785348E-16));
#6852=DIRECTION('center_axis',(3.44516082328994E-15,1.22464679914735E-16,
1.));
#6853=DIRECTION('ref_axis',(-0.835508474591902,0.549477559946821,2.81116947069154E-15));
#6854=DIRECTION('center_axis',(-3.44516082328994E-15,-1.22464679914735E-16,
-1.));
#6855=DIRECTION('ref_axis',(-0.835508474591902,0.549477559946821,2.81116947069154E-15));
#6856=DIRECTION('',(0.280119518557738,-0.649255770342462,-0.707106781186545));
#6857=DIRECTION('center_axis',(-0.69171916538936,-0.146712631470685,-0.707106781186544));
#6858=DIRECTION('ref_axis',(0.71484197427663,-1.80411241501588E-16,-0.699286030042279));
#6859=DIRECTION('',(-0.691719165389353,-0.146712631470681,0.707106781186551));
#6860=DIRECTION('',(-0.207482993197288,0.978238625047025,5.95012599565613E-16));
#6861=DIRECTION('center_axis',(-3.44516082328994E-15,-1.22464679914735E-16,
-1.));
#6862=DIRECTION('ref_axis',(0.0338381155676419,-0.999427326990227,5.81679761030004E-18));
#6863=DIRECTION('',(0.69171916538937,-0.146712631470675,-0.707106781186536));
#6864=DIRECTION('center_axis',(3.44516082328994E-15,1.22464679914735E-16,
1.));
#6865=DIRECTION('ref_axis',(0.0338381155676419,-0.999427326990227,5.81679761030004E-18));
#6866=DIRECTION('center_axis',(3.44516082328994E-15,1.22464679914735E-16,
1.));
#6867=DIRECTION('ref_axis',(1.,5.46655517130335E-30,-3.44516082328994E-15));
#6868=DIRECTION('',(0.691719165389358,0.146712631470682,0.707106781186546));
#6869=DIRECTION('center_axis',(-3.44516082328994E-15,-1.22464679914735E-16,
-1.));
#6870=DIRECTION('ref_axis',(1.,5.46655517130335E-30,-3.44516082328994E-15));
#6871=DIRECTION('center_axis',(-3.44516082328994E-15,-1.22464679914735E-16,
-1.));
#6872=DIRECTION('ref_axis',(1.,5.46655517130335E-30,-3.44516082328994E-15));
#6873=DIRECTION('center_axis',(-0.691719165389362,0.146712631470677,-0.707106781186543));
#6874=DIRECTION('ref_axis',(0.714841974276628,-5.55111512312578E-17,-0.69928603004228));
#6875=DIRECTION('',(0.207482993197276,0.978238625047028,-8.34611959758804E-16));
#6876=DIRECTION('',(0.691719165389355,-0.146712631470666,-0.707106781186553));
#6877=DIRECTION('center_axis',(0.691719165389362,0.146712631470688,-0.707106781186541));
#6878=DIRECTION('ref_axis',(0.714841974276627,6.93889390390723E-17,0.699286030042281));
#6879=DIRECTION('',(0.69171916538935,0.146712631470683,0.707106781186554));
#6880=DIRECTION('',(0.20748299319729,-0.978238625047025,-5.95012599565621E-16));
#6881=DIRECTION('center_axis',(3.44516082328994E-15,1.22464679914735E-16,
1.));
#6882=DIRECTION('ref_axis',(1.,5.46655517130335E-30,-3.44516082328994E-15));
#6883=DIRECTION('center_axis',(-3.44516082328994E-15,-1.22464679914735E-16,
-1.));
#6884=DIRECTION('ref_axis',(1.,5.46655517130335E-30,-3.44516082328994E-15));
#6885=DIRECTION('center_axis',(-3.44516082328994E-15,-1.22464679914735E-16,
-1.));
#6886=DIRECTION('ref_axis',(1.,5.46655517130335E-30,-3.44516082328994E-15));
#6887=DIRECTION('',(-0.691719165389374,0.146712631470678,-0.707106781186531));
#6888=DIRECTION('center_axis',(-3.44516082328994E-15,-1.22464679914735E-16,
-1.));
#6889=DIRECTION('ref_axis',(-0.994544776530203,-0.104310533871166,3.43914105725177E-15));
#6890=DIRECTION('',(0.70710678118655,8.65956056235532E-17,0.707106781186545));
#6891=DIRECTION('center_axis',(3.44516082328994E-15,1.22464679914735E-16,
1.));
#6892=DIRECTION('ref_axis',(-0.994544776530203,-0.104310533871166,3.43914105725177E-15));
#6893=DIRECTION('center_axis',(0.691719165389356,-0.146712631470678,-0.707106781186549));
#6894=DIRECTION('ref_axis',(0.714841974276634,6.93889390390723E-17,0.699286030042274));
#6895=DIRECTION('',(-0.691719165389358,0.146712631470681,-0.707106781186546));
#6896=DIRECTION('',(-0.207482993197278,-0.978238625047027,8.3461195975881E-16));
#6897=DIRECTION('center_axis',(0.707106781186545,-4.35505040886606E-16,
-0.70710678118655));
#6898=DIRECTION('ref_axis',(0.70710678118655,8.65956056235532E-17,0.707106781186545));
#6899=DIRECTION('',(0.70710678118655,-5.8012511144406E-15,0.707106781186545));
#6900=DIRECTION('',(-4.93432455388952E-16,-1.,1.22464679914737E-16));
#6901=DIRECTION('center_axis',(-3.44516082328994E-15,-1.22464679914735E-16,
-1.));
#6902=DIRECTION('ref_axis',(-0.994544776530204,0.10431053387116,3.41359234496724E-15));
#6903=DIRECTION('center_axis',(3.44516082328994E-15,1.22464679914735E-16,
1.));
#6904=DIRECTION('ref_axis',(-0.994544776530204,0.10431053387116,3.41359234496724E-15));
#6905=DIRECTION('center_axis',(0.978238625047027,-0.207482993197278,-3.34478004849138E-15));
#6906=DIRECTION('ref_axis',(0.207482993197278,0.978238625047027,-8.3461195975881E-16));
#6907=DIRECTION('',(3.44516082328994E-15,1.22464679914735E-16,1.));
#6908=DIRECTION('',(0.207482993197278,0.978238625047027,-8.3461195975881E-16));
#6909=DIRECTION('',(3.44516082328994E-15,1.22464679914735E-16,1.));
#6910=DIRECTION('center_axis',(3.44516082328994E-15,1.22464679914735E-16,
1.));
#6911=DIRECTION('ref_axis',(-1.,-5.46655517130335E-30,3.44516082328994E-15));
#6912=DIRECTION('center_axis',(3.44516082328994E-15,1.22464679914735E-16,
1.));
#6913=DIRECTION('ref_axis',(-1.,-5.46655517130335E-30,3.44516082328994E-15));
#6914=DIRECTION('',(-3.44516082328994E-15,-1.22464679914735E-16,-1.));
#6915=DIRECTION('',(3.44516082328994E-15,1.22464679914735E-16,1.));
#6916=DIRECTION('center_axis',(-3.44516082328994E-15,-1.22464679914735E-16,
-1.));
#6917=DIRECTION('ref_axis',(-0.207482993197277,-0.978238625047028,8.34611959758806E-16));
#6918=DIRECTION('center_axis',(-0.978238625047028,0.207482993197276,3.34478004849138E-15));
#6919=DIRECTION('ref_axis',(-0.207482993197276,-0.978238625047028,8.34611959758804E-16));
#6920=DIRECTION('',(-3.44516082328994E-15,-1.22464679914735E-16,-1.));
#6921=DIRECTION('',(-0.207482993197276,-0.978238625047028,8.34611959758804E-16));
#6922=DIRECTION('center_axis',(3.44516082328994E-15,1.22464679914735E-16,
1.));
#6923=DIRECTION('ref_axis',(0.0338381155676419,-0.999427326990227,5.81679761030004E-18));
#6924=DIRECTION('',(-3.44516082328994E-15,-1.22464679914735E-16,-1.));
#6925=DIRECTION('center_axis',(-3.44516082328994E-15,-1.22464679914735E-16,
-1.));
#6926=DIRECTION('ref_axis',(0.773634291523821,-0.633632372104232,-2.58769696707818E-15));
#6927=DIRECTION('center_axis',(3.44516082328994E-15,1.22464679914735E-16,
1.));
#6928=DIRECTION('ref_axis',(-0.835508474591902,0.549477559946821,2.81116947069154E-15));
#6929=DIRECTION('',(3.44516082328994E-15,1.22464679914735E-16,1.));
#6930=DIRECTION('center_axis',(3.44516082328994E-15,1.22464679914735E-16,
1.));
#6931=DIRECTION('ref_axis',(-0.835508474591903,0.549477559946821,2.81116947069154E-15));
#6932=DIRECTION('center_axis',(-1.,1.76225876924573E-17,3.44516082328994E-15));
#6933=DIRECTION('ref_axis',(-1.76225876924569E-17,-1.,1.22464679914735E-16));
#6934=DIRECTION('',(-3.44516082328994E-15,-1.22464679914735E-16,-1.));
#6935=DIRECTION('',(-1.76225876924569E-17,-1.,1.22464679914735E-16));
#6936=DIRECTION('center_axis',(3.44516082328994E-15,1.22464679914735E-16,
1.));
#6937=DIRECTION('ref_axis',(-0.835508474591894,-0.549477559946833,2.94575265768995E-15));
#6938=DIRECTION('',(3.44516082328994E-15,1.22464679914735E-16,1.));
#6939=DIRECTION('center_axis',(3.44516082328994E-15,1.22464679914735E-16,
1.));
#6940=DIRECTION('ref_axis',(-0.835508474591895,-0.549477559946833,2.94575265768995E-15));
#6941=DIRECTION('center_axis',(3.44516082328994E-15,1.22464679914735E-16,
1.));
#6942=DIRECTION('ref_axis',(-1.,0.,2.73285667600038E-15));
#6943=DIRECTION('center_axis',(5.88846568878234E-30,-1.,1.22464679914735E-16));
#6944=DIRECTION('ref_axis',(1.,5.46655517130335E-30,-3.44516082328994E-15));
#6945=DIRECTION('center_axis',(-0.207482993197288,0.978238625047025,5.95012599565616E-16));
#6946=DIRECTION('ref_axis',(3.44516082328994E-15,1.22464679914734E-16,1.));
#6947=DIRECTION('center_axis',(-3.44516082328994E-15,-1.22464679914735E-16,
-1.));
#6948=DIRECTION('ref_axis',(-0.994544776530203,-0.104310533871166,3.43914105725177E-15));
#6949=DIRECTION('center_axis',(-0.20748299319729,0.978238625047025,5.95012599565622E-16));
#6950=DIRECTION('ref_axis',(0.691719165389357,0.146712631470686,0.707106781186546));
#6951=DIRECTION('center_axis',(-0.207482993197284,0.978238625047026,5.20206052488098E-15));
#6952=DIRECTION('ref_axis',(2.56496213157931E-14,1.22464679914751E-16,1.));
#6953=DIRECTION('',(-0.20748299319729,0.978238625047025,5.95012599565621E-16));
#6954=DIRECTION('center_axis',(4.93432455388952E-16,1.,-1.22464679914737E-16));
#6955=DIRECTION('ref_axis',(0.707106781186542,-2.62313829639503E-16,0.707106781186553));
#6956=DIRECTION('center_axis',(-8.32667268468866E-15,-1.,1.22464679914764E-16));
#6957=DIRECTION('ref_axis',(1.,-8.32667268468866E-15,-3.44516082328994E-15));
#6958=DIRECTION('',(4.93432455388952E-16,1.,-1.22464679914737E-16));
#6959=DIRECTION('center_axis',(3.44516082328994E-15,1.22464679914735E-16,
1.));
#6960=DIRECTION('ref_axis',(-1.,0.,2.73285667600038E-15));
#6961=DIRECTION('center_axis',(-0.207482993197283,-0.978238625047026,8.34611959758826E-16));
#6962=DIRECTION('ref_axis',(0.978238625047026,-0.207482993197283,-3.34478004849137E-15));
#6963=DIRECTION('center_axis',(-3.44516082328994E-15,-1.22464679914735E-16,
-1.));
#6964=DIRECTION('ref_axis',(-0.994544776530204,0.10431053387116,3.41359234496724E-15));
#6965=DIRECTION('center_axis',(0.207482993197278,0.978238625047027,-8.3461195975881E-16));
#6966=DIRECTION('ref_axis',(0.691719165389357,-0.146712631470677,0.707106781186548));
#6967=DIRECTION('center_axis',(-0.207482993197284,-0.978238625047026,1.44104000235696E-14));
#6968=DIRECTION('ref_axis',(0.978238625047026,-0.207482993197284,-3.34478004849137E-15));
#6969=DIRECTION('center_axis',(-3.44516082328994E-15,-1.22464679914735E-16,
-1.));
#6970=DIRECTION('ref_axis',(-0.207482993197277,-0.978238625047027,0.));
#6971=DIRECTION('center_axis',(3.44516082328994E-15,1.22464679914735E-16,
1.));
#6972=DIRECTION('ref_axis',(-0.994544776530204,0.10431053387116,3.41359234496724E-15));
#6973=DIRECTION('',(-3.44516082328994E-15,-1.22464679914735E-16,-1.));
#6974=DIRECTION('center_axis',(1.,-4.93432455388953E-16,-3.44516082328994E-15));
#6975=DIRECTION('ref_axis',(4.93432455388953E-16,1.,-1.22464679914737E-16));
#6976=DIRECTION('',(3.44516082328994E-15,1.22464679914735E-16,1.));
#6977=DIRECTION('center_axis',(3.44516082328994E-15,1.22464679914735E-16,
1.));
#6978=DIRECTION('ref_axis',(-0.994544776530203,-0.104310533871166,3.43914105725177E-15));
#6979=DIRECTION('',(-3.44516082328994E-15,-1.22464679914735E-16,-1.));
#6980=DIRECTION('center_axis',(-2.46716227694538E-17,1.,-1.22464679914735E-16));
#6981=DIRECTION('ref_axis',(0.707106781186558,1.04041077386705E-16,0.707106781186537));
#6982=DIRECTION('center_axis',(-5.88846568878234E-30,1.,-1.22464679914735E-16));
#6983=DIRECTION('ref_axis',(3.44516082328994E-15,1.22464679914735E-16,1.));
#6984=DIRECTION('center_axis',(5.55111512312578E-15,-1.,1.22464679914716E-16));
#6985=DIRECTION('ref_axis',(1.,5.55111512312578E-15,-3.44516082328994E-15));
#6986=DIRECTION('center_axis',(3.44516082328994E-15,1.22464679914735E-16,
1.));
#6987=DIRECTION('ref_axis',(-1.,0.,0.));
#6988=DIRECTION('center_axis',(-5.88846568878234E-30,1.,-1.22464679914735E-16));
#6989=DIRECTION('ref_axis',(-1.,-5.46655517130335E-30,3.44516082328994E-15));
#6990=DIRECTION('center_axis',(2.46716227694485E-16,-1.,1.22464679914735E-16));
#6991=DIRECTION('ref_axis',(-0.707106781186553,-8.78591120079876E-17,0.707106781186542));
#6992=DIRECTION('center_axis',(-5.88846568878234E-30,1.,-1.22464679914735E-16));
#6993=DIRECTION('ref_axis',(-1.,-5.46655517130335E-30,3.44516082328994E-15));
#6994=DIRECTION('',(2.46716227694485E-16,-1.,1.22464679914735E-16));
#6995=DIRECTION('center_axis',(3.44516082328994E-15,1.22464679914735E-16,
1.));
#6996=DIRECTION('ref_axis',(-1.,0.,0.));
#6997=DIRECTION('center_axis',(-3.44516082328994E-15,-1.22464679914735E-16,
-1.));
#6998=DIRECTION('ref_axis',(4.44089209850065E-15,-1.,1.2246467991472E-16));
#6999=DIRECTION('center_axis',(3.44516082328994E-15,1.22464679914735E-16,
1.));
#7000=DIRECTION('ref_axis',(-1.,-5.46655517130335E-30,3.44516082328994E-15));
#7001=DIRECTION('center_axis',(3.44516082328994E-15,1.22464679914735E-16,
1.));
#7002=DIRECTION('ref_axis',(-1.,0.,0.));
#7003=DIRECTION('center_axis',(5.88846568878234E-30,-1.,1.22464679914735E-16));
#7004=DIRECTION('ref_axis',(1.,5.46655517130335E-30,-3.44516082328994E-15));
#7005=DIRECTION('center_axis',(5.88846568878234E-30,-1.,1.22464679914735E-16));
#7006=DIRECTION('ref_axis',(3.44516082328994E-15,1.22464679914735E-16,1.));
#7007=DIRECTION('center_axis',(-3.44516082328994E-15,-1.22464679914735E-16,
-1.));
#7008=DIRECTION('ref_axis',(5.88846568878234E-30,-1.,1.22464679914735E-16));
#7009=DIRECTION('center_axis',(2.46716227694485E-16,-1.,1.22464679914735E-16));
#7010=DIRECTION('ref_axis',(-0.707106781186537,-8.78591120079817E-17,0.707106781186558));
#7011=DIRECTION('center_axis',(5.88846568878234E-30,-1.,1.22464679914735E-16));
#7012=DIRECTION('ref_axis',(3.44516082328994E-15,1.22464679914735E-16,1.));
#7013=DIRECTION('',(2.46716227694485E-16,-1.,1.22464679914735E-16));
#7014=DIRECTION('center_axis',(3.44516082328994E-15,1.22464679914735E-16,
1.));
#7015=DIRECTION('ref_axis',(-1.,0.,0.));
#7016=DIRECTION('center_axis',(-5.88846568878234E-30,1.,-1.22464679914735E-16));
#7017=DIRECTION('ref_axis',(3.44516082328994E-15,1.22464679914735E-16,1.));
#7018=DIRECTION('center_axis',(-2.46716227694538E-17,1.,-1.22464679914735E-16));
#7019=DIRECTION('ref_axis',(0.707106781186558,1.04041077386705E-16,0.707106781186537));
#7020=DIRECTION('center_axis',(3.44516082328994E-15,1.22464679914735E-16,
1.));
#7021=DIRECTION('ref_axis',(0.707106781186548,-0.707106781186548,-2.349500974803E-15));
#7022=DIRECTION('',(-3.44516082328994E-15,-1.22464679914735E-16,-1.));
#7023=DIRECTION('center_axis',(0.207482993197276,0.978238625047028,-9.82593199906138E-13));
#7024=DIRECTION('ref_axis',(-0.978238625047028,0.207482993197276,3.34478004849135E-15));
#7025=DIRECTION('center_axis',(-0.207482993197276,-0.978238625047028,8.34611959758804E-16));
#7026=DIRECTION('ref_axis',(-0.691719165389354,0.146712631470676,0.707106781186551));
#7027=DIRECTION('center_axis',(0.207482993197271,0.978238625047029,-8.34611959758785E-16));
#7028=DIRECTION('ref_axis',(-0.978238625047029,0.207482993197271,3.34478004849138E-15));
#7029=DIRECTION('center_axis',(3.44516082328994E-15,1.22464679914735E-16,
1.));
#7030=DIRECTION('ref_axis',(-1.,0.,5.26327952414888E-15));
#7031=DIRECTION('center_axis',(0.918186315867297,0.396148822229779,-3.2118137626199E-15));
#7032=DIRECTION('ref_axis',(-0.396148822229779,0.918186315867297,1.25235100926371E-15));
#7033=DIRECTION('center_axis',(-3.44516082328994E-15,-1.22464679914735E-16,
-1.));
#7034=DIRECTION('ref_axis',(1.,0.,0.));
#7035=DIRECTION('center_axis',(-5.88846568878234E-30,1.,-1.22464679914735E-16));
#7036=DIRECTION('ref_axis',(-1.,-5.46655517130335E-30,3.44516082328994E-15));
#7037=DIRECTION('center_axis',(-1.76225876924569E-17,-1.,1.22464679914735E-16));
#7038=DIRECTION('ref_axis',(-0.707106781186553,9.90566568829394E-17,0.707106781186542));
#7039=DIRECTION('center_axis',(-5.88846568878234E-30,1.,-1.22464679914735E-16));
#7040=DIRECTION('ref_axis',(-1.,-5.46655517130335E-30,3.44516082328994E-15));
#7041=DIRECTION('center_axis',(-3.44516082328994E-15,-1.22464679914735E-16,
-1.));
#7042=DIRECTION('ref_axis',(1.,0.,0.));
#7043=DIRECTION('center_axis',(-0.91818631586731,0.396148822229749,3.11478528519401E-15));
#7044=DIRECTION('ref_axis',(-0.396148822229749,-0.91818631586731,1.47724179581316E-15));
#7045=DIRECTION('center_axis',(3.44516082328994E-15,1.22464679914735E-16,
1.));
#7046=DIRECTION('ref_axis',(-1.,0.,5.26327952414888E-15));
#7047=DIRECTION('center_axis',(-0.207482993197288,0.978238625047025,5.95012599565616E-16));
#7048=DIRECTION('ref_axis',(-0.978238625047025,-0.207482993197288,3.39559872519068E-15));
#7049=DIRECTION('center_axis',(-3.44516082328994E-15,-1.22464679914735E-16,
-1.));
#7050=DIRECTION('ref_axis',(0.773634291523808,0.633632372104248,-2.74289213834485E-15));
#7051=DIRECTION('center_axis',(0.207482993197288,-0.978238625047025,-5.95012599565613E-16));
#7052=DIRECTION('ref_axis',(-0.691719165389352,-0.146712631470684,0.707106781186551));
#7053=DIRECTION('center_axis',(-0.207482993197284,0.978238625047026,5.950125995656E-16));
#7054=DIRECTION('ref_axis',(-0.978238625047026,-0.207482993197284,3.39559872519069E-15));
#7055=DIRECTION('',(0.207482993197288,-0.978238625047025,-5.95012599565613E-16));
#7056=DIRECTION('center_axis',(-0.978238625047025,-0.207482993197288,3.39559872519068E-15));
#7057=DIRECTION('ref_axis',(0.207482993197288,-0.978238625047025,-5.95012599565613E-16));
#7058=DIRECTION('',(3.44516082328994E-15,1.22464679914735E-16,1.));
#7059=DIRECTION('',(3.44516082328994E-15,1.22464679914735E-16,1.));
#7060=DIRECTION('center_axis',(-3.44516082328994E-15,-1.22464679914735E-16,
-1.));
#7061=DIRECTION('ref_axis',(0.0338381155675993,0.999427326990229,-2.38972297785348E-16));
#7062=DIRECTION('center_axis',(3.44516082328994E-15,1.22464679914735E-16,
1.));
#7063=DIRECTION('ref_axis',(-1.,0.,0.));
#7064=DIRECTION('center_axis',(-3.44516082328994E-15,-1.22464679914735E-16,
-1.));
#7065=DIRECTION('ref_axis',(-1.,-5.46655517130335E-30,3.44516082328994E-15));
#7066=DIRECTION('center_axis',(0.,1.,-1.22464679914735E-16));
#7067=DIRECTION('ref_axis',(1.,0.,0.));
#7068=DIRECTION('center_axis',(3.44516082328994E-15,1.22464679914735E-16,
1.));
#7069=DIRECTION('ref_axis',(-1.,-5.46655517130335E-30,3.44516082328994E-15));
#7070=DIRECTION('center_axis',(3.44516082328994E-15,1.22464679914735E-16,
1.));
#7071=DIRECTION('ref_axis',(-1.,-5.46655517130335E-30,3.44516082328994E-15));
#7072=DIRECTION('center_axis',(3.44516082328994E-15,1.22464679914735E-16,
1.));
#7073=DIRECTION('ref_axis',(-1.,0.,0.));
#7074=DIRECTION('center_axis',(-3.44516082328994E-15,-1.22464679914735E-16,
-1.));
#7075=DIRECTION('ref_axis',(-1.,-5.46655517130335E-30,3.44516082328994E-15));
#7076=DIRECTION('center_axis',(-9.10018872643572E-17,1.,-1.22464679914735E-16));
#7077=DIRECTION('ref_axis',(1.,9.10018872643572E-17,0.));
#7078=DIRECTION('center_axis',(3.44516082328994E-15,1.22464679914735E-16,
1.));
#7079=DIRECTION('ref_axis',(-1.,-5.46655517130335E-30,3.44516082328994E-15));
#7080=DIRECTION('center_axis',(3.44516082328994E-15,1.22464679914735E-16,
1.));
#7081=DIRECTION('ref_axis',(-1.,-5.46655517130335E-30,3.44516082328994E-15));
#7082=DIRECTION('center_axis',(3.44516082328994E-15,1.22464679914735E-16,
1.));
#7083=DIRECTION('ref_axis',(-1.,-5.46655517130335E-30,3.44516082328994E-15));
#7084=DIRECTION('center_axis',(3.44516082328994E-15,1.22464679914735E-16,
1.));
#7085=DIRECTION('ref_axis',(-1.,-5.46655517130335E-30,3.44516082328994E-15));
#7086=DIRECTION('',(-3.44516082328994E-15,-1.22464679914735E-16,-1.));
#7087=DIRECTION('',(3.44516082328994E-15,1.22464679914735E-16,1.));
#7088=DIRECTION('center_axis',(-3.44516082328994E-15,-1.22464679914735E-16,
-1.));
#7089=DIRECTION('ref_axis',(-0.207482993197286,0.978238625047026,5.95012599565608E-16));
#7090=DIRECTION('center_axis',(3.44516082328994E-15,1.22464679914735E-16,
1.));
#7091=DIRECTION('ref_axis',(-1.,-5.46655517130335E-30,3.44516082328994E-15));
#7092=DIRECTION('',(0.70710678118655,1.73191211247102E-16,0.707106781186545));
#7093=DIRECTION('center_axis',(3.44516082328994E-15,1.22464679914735E-16,
1.));
#7094=DIRECTION('ref_axis',(-1.,-5.46655517130335E-30,3.44516082328994E-15));
#7095=DIRECTION('',(0.70710678118655,1.73191211247102E-16,0.707106781186545));
#7096=DIRECTION('center_axis',(-3.44516082328994E-15,-1.22464679914735E-16,
-1.));
#7097=DIRECTION('ref_axis',(-0.207482993197289,0.978238625047025,0.));
#7098=DIRECTION('center_axis',(-1.,-2.46716227694485E-16,3.44516082328994E-15));
#7099=DIRECTION('ref_axis',(2.46716227694485E-16,-1.,1.22464679914735E-16));
#7100=DIRECTION('center_axis',(3.44516082328994E-15,1.22464679914735E-16,
1.));
#7101=DIRECTION('ref_axis',(0.707106781186551,-0.707106781186544,-2.34950097480301E-15));
#7102=DIRECTION('',(-3.44516082328994E-15,-1.22464679914735E-16,-1.));
#7103=DIRECTION('center_axis',(-1.,-2.46716227694485E-16,3.44516082328994E-15));
#7104=DIRECTION('ref_axis',(2.46716227694485E-16,-1.,1.22464679914735E-16));
#7105=DIRECTION('center_axis',(3.44516082328994E-15,1.22464679914735E-16,
1.));
#7106=DIRECTION('ref_axis',(-1.,-5.46655517130335E-30,3.44516082328994E-15));
#7107=DIRECTION('center_axis',(3.44516082328994E-15,1.22464679914735E-16,
1.));
#7108=DIRECTION('ref_axis',(-1.,-5.46655517130335E-30,3.44516082328994E-15));
#7109=DIRECTION('',(3.44516082328994E-15,1.22464679914735E-16,1.));
#7110=DIRECTION('center_axis',(3.44516082328994E-15,1.22464679914735E-16,
1.));
#7111=DIRECTION('ref_axis',(-1.,-5.46655517130335E-30,3.44516082328994E-15));
#7112=DIRECTION('center_axis',(3.44516082328994E-15,1.22464679914735E-16,
1.));
#7113=DIRECTION('ref_axis',(-1.,-5.46655517130335E-30,3.44516082328994E-15));
#7114=DIRECTION('center_axis',(3.44516082328994E-15,1.22464679914735E-16,
1.));
#7115=DIRECTION('ref_axis',(-1.,-5.46655517130335E-30,3.44516082328994E-15));
#7116=DIRECTION('',(3.44516082328994E-15,1.22464679914735E-16,1.));
#7117=DIRECTION('center_axis',(3.44516082328994E-15,1.22464679914735E-16,
1.));
#7118=DIRECTION('ref_axis',(-1.,-5.46655517130335E-30,3.44516082328994E-15));
#7119=DIRECTION('center_axis',(0.978238625047025,0.20748299319729,-3.39559872519068E-15));
#7120=DIRECTION('ref_axis',(-0.20748299319729,0.978238625047025,5.95012599565621E-16));
#7121=DIRECTION('center_axis',(2.0397301898906E-15,1.,6.22214038993073E-29));
#7122=DIRECTION('ref_axis',(1.,-2.0397301898906E-15,-3.44516082328994E-15));
#7123=DIRECTION('',(1.,-2.0397301898906E-15,-3.44516082328994E-15));
#7124=DIRECTION('',(-3.44516082328994E-15,6.92471963364319E-29,-1.));
#7125=DIRECTION('',(1.,-2.0397301898906E-15,-3.44516082328994E-15));
#7126=DIRECTION('',(-3.44516082328994E-15,6.92471963364319E-29,-1.));
#7127=DIRECTION('center_axis',(-1.,-5.86047458840733E-30,3.44516082328994E-15));
#7128=DIRECTION('ref_axis',(-5.86047458840709E-30,1.,6.92471963364319E-29));
#7129=DIRECTION('',(-5.86047458840709E-30,1.,6.92471963364319E-29));
#7130=DIRECTION('',(-3.44516082328994E-15,6.92471963364319E-29,-1.));
#7131=DIRECTION('',(-5.86047458840709E-30,1.,6.92471963364319E-29));
#7132=DIRECTION('center_axis',(5.86047458840709E-30,-1.,-6.92471963364319E-29));
#7133=DIRECTION('ref_axis',(-1.,-5.86047458840733E-30,3.44516082328994E-15));
#7134=DIRECTION('',(-1.,-5.86047458840733E-30,3.44516082328994E-15));
#7135=DIRECTION('',(-3.44516082328994E-15,6.92471963364319E-29,-1.));
#7136=DIRECTION('',(-1.,-5.86047458840733E-30,3.44516082328994E-15));
#7137=DIRECTION('',(-3.44516082328994E-15,6.92471963364319E-29,-1.));
#7138=DIRECTION('',(-3.44516082328994E-15,6.92471963364319E-29,-1.));
#7139=DIRECTION('',(-3.44516082328994E-15,6.92471963364319E-29,-1.));
#7140=DIRECTION('',(-3.44516082328994E-15,6.92471963364319E-29,-1.));
#7141=DIRECTION('center_axis',(-5.86047458840709E-30,1.,6.92471963364319E-29));
#7142=DIRECTION('ref_axis',(1.,5.86047458840733E-30,-3.44516082328994E-15));
#7143=DIRECTION('',(1.,5.86047458840733E-30,-3.44516082328994E-15));
#7144=DIRECTION('',(-3.44516082328994E-15,6.92471963364319E-29,-1.));
#7145=DIRECTION('',(1.,5.86047458840733E-30,-3.44516082328994E-15));
#7146=DIRECTION('center_axis',(-1.,-5.86047458840733E-30,3.44516082328994E-15));
#7147=DIRECTION('ref_axis',(-5.86047458840709E-30,1.,6.92471963364319E-29));
#7148=DIRECTION('',(-5.86047458840709E-30,1.,6.92471963364319E-29));
#7149=DIRECTION('',(-3.44516082328994E-15,6.92471963364319E-29,-1.));
#7150=DIRECTION('',(-5.86047458840709E-30,1.,6.92471963364319E-29));
#7151=DIRECTION('center_axis',(5.86047458840709E-30,-1.,-6.92471963364319E-29));
#7152=DIRECTION('ref_axis',(-1.,-5.86047458840733E-30,3.44516082328994E-15));
#7153=DIRECTION('',(-1.,-5.86047458840733E-30,3.44516082328994E-15));
#7154=DIRECTION('',(-3.44516082328994E-15,6.92471963364319E-29,-1.));
#7155=DIRECTION('',(-1.,-5.86047458840733E-30,3.44516082328994E-15));
#7156=DIRECTION('',(-3.44516082328994E-15,6.92471963364319E-29,-1.));
#7157=DIRECTION('center_axis',(3.44516082328994E-15,-6.92471963364319E-29,
1.));
#7158=DIRECTION('ref_axis',(-1.,-5.86047458840733E-30,3.44516082328994E-15));
#7159=DIRECTION('center_axis',(1.,5.86047458840733E-30,-3.44516082328994E-15));
#7160=DIRECTION('ref_axis',(5.86047458840709E-30,-1.,-6.92471963364319E-29));
#7161=DIRECTION('',(5.86047458840709E-30,-1.,-6.92471963364319E-29));
#7162=DIRECTION('',(-3.44516082328994E-15,6.92471963364319E-29,-1.));
#7163=DIRECTION('',(5.86047458840709E-30,-1.,-6.92471963364319E-29));
#7164=DIRECTION('',(-3.44516082328994E-15,6.92471963364319E-29,-1.));
#7165=DIRECTION('center_axis',(-5.86047458840709E-30,1.,6.92471963364319E-29));
#7166=DIRECTION('ref_axis',(1.,5.86047458840733E-30,-3.44516082328994E-15));
#7167=DIRECTION('',(1.,5.86047458840733E-30,-3.44516082328994E-15));
#7168=DIRECTION('',(-3.44516082328994E-15,6.92471963364319E-29,-1.));
#7169=DIRECTION('',(1.,5.86047458840733E-30,-3.44516082328994E-15));
#7170=DIRECTION('center_axis',(-1.,-5.86047458840733E-30,3.44516082328994E-15));
#7171=DIRECTION('ref_axis',(-5.86047458840709E-30,1.,6.92471963364319E-29));
#7172=DIRECTION('',(-5.86047458840709E-30,1.,6.92471963364319E-29));
#7173=DIRECTION('',(-3.44516082328994E-15,6.92471963364319E-29,-1.));
#7174=DIRECTION('',(-5.86047458840709E-30,1.,6.92471963364319E-29));
#7175=DIRECTION('center_axis',(-5.86047458840709E-30,1.,6.92471963364319E-29));
#7176=DIRECTION('ref_axis',(1.,5.86047458840733E-30,-3.44516082328994E-15));
#7177=DIRECTION('',(1.,5.86047458840733E-30,-3.44516082328994E-15));
#7178=DIRECTION('',(-3.44516082328994E-15,6.92471963364319E-29,-1.));
#7179=DIRECTION('',(1.,5.86047458840733E-30,-3.44516082328994E-15));
#7180=DIRECTION('center_axis',(1.,5.86047458840733E-30,-3.44516082328994E-15));
#7181=DIRECTION('ref_axis',(5.86047458840709E-30,-1.,-6.92471963364319E-29));
#7182=DIRECTION('',(5.86047458840709E-30,-1.,-6.92471963364319E-29));
#7183=DIRECTION('',(-3.44516082328994E-15,6.92471963364319E-29,-1.));
#7184=DIRECTION('',(5.86047458840709E-30,-1.,-6.92471963364319E-29));
#7185=DIRECTION('center_axis',(-5.86047458840709E-30,1.,6.92471963364319E-29));
#7186=DIRECTION('ref_axis',(1.,5.86047458840733E-30,-3.44516082328994E-15));
#7187=DIRECTION('',(1.,5.86047458840733E-30,-3.44516082328994E-15));
#7188=DIRECTION('',(-3.44516082328994E-15,6.92471963364319E-29,-1.));
#7189=DIRECTION('',(1.,5.86047458840733E-30,-3.44516082328994E-15));
#7190=DIRECTION('center_axis',(-1.,-5.86047458840733E-30,3.44516082328994E-15));
#7191=DIRECTION('ref_axis',(-5.86047458840709E-30,1.,6.92471963364319E-29));
#7192=DIRECTION('',(-5.86047458840709E-30,1.,6.92471963364319E-29));
#7193=DIRECTION('',(-3.44516082328994E-15,6.92471963364319E-29,-1.));
#7194=DIRECTION('',(-5.86047458840709E-30,1.,6.92471963364319E-29));
#7195=DIRECTION('center_axis',(-5.86047458840709E-30,1.,6.92471963364319E-29));
#7196=DIRECTION('ref_axis',(1.,5.86047458840733E-30,-3.44516082328994E-15));
#7197=DIRECTION('',(1.,5.86047458840733E-30,-3.44516082328994E-15));
#7198=DIRECTION('',(-3.44516082328994E-15,6.92471963364319E-29,-1.));
#7199=DIRECTION('',(1.,5.86047458840733E-30,-3.44516082328994E-15));
#7200=DIRECTION('center_axis',(1.,5.86047458840733E-30,-3.44516082328994E-15));
#7201=DIRECTION('ref_axis',(5.86047458840709E-30,-1.,-6.92471963364319E-29));
#7202=DIRECTION('',(5.86047458840709E-30,-1.,-6.92471963364319E-29));
#7203=DIRECTION('',(-3.44516082328994E-15,6.92471963364319E-29,-1.));
#7204=DIRECTION('',(5.86047458840709E-30,-1.,-6.92471963364319E-29));
#7205=DIRECTION('center_axis',(-5.86047458840709E-30,1.,6.92471963364319E-29));
#7206=DIRECTION('ref_axis',(1.,5.86047458840733E-30,-3.44516082328994E-15));
#7207=DIRECTION('',(1.,5.86047458840733E-30,-3.44516082328994E-15));
#7208=DIRECTION('',(-3.44516082328994E-15,6.92471963364319E-29,-1.));
#7209=DIRECTION('',(1.,5.86047458840733E-30,-3.44516082328994E-15));
#7210=DIRECTION('center_axis',(-1.,-5.86047458840733E-30,3.44516082328994E-15));
#7211=DIRECTION('ref_axis',(-5.86047458840709E-30,1.,6.92471963364319E-29));
#7212=DIRECTION('',(-5.86047458840709E-30,1.,6.92471963364319E-29));
#7213=DIRECTION('',(-3.44516082328994E-15,6.92471963364319E-29,-1.));
#7214=DIRECTION('',(-5.86047458840709E-30,1.,6.92471963364319E-29));
#7215=DIRECTION('center_axis',(-1.48029730734514E-15,-1.,-6.41442523557835E-29));
#7216=DIRECTION('ref_axis',(-1.,1.48029730734514E-15,3.44516082328994E-15));
#7217=DIRECTION('',(-1.,1.48029730734514E-15,3.44516082328994E-15));
#7218=DIRECTION('',(-1.,1.48029730734514E-15,3.44516082328994E-15));
#7219=DIRECTION('center_axis',(-3.44516082328994E-15,6.92471963364319E-29,
-1.));
#7220=DIRECTION('ref_axis',(1.,5.86047458840733E-30,-3.44516082328994E-15));
#7221=DIRECTION('center_axis',(1.,5.86047458840733E-30,-3.44516082328994E-15));
#7222=DIRECTION('ref_axis',(5.86047458840709E-30,-1.,-6.92471963364319E-29));
#7223=DIRECTION('',(5.86047458840709E-30,-1.,-6.92471963364319E-29));
#7224=DIRECTION('',(-3.44516082328994E-15,6.92471963364319E-29,-1.));
#7225=DIRECTION('',(5.86047458840709E-30,-1.,-6.92471963364319E-29));
#7226=DIRECTION('',(-3.44516082328994E-15,6.92471963364319E-29,-1.));
#7227=DIRECTION('center_axis',(1.78571177524597E-15,1.,6.30842205143928E-29));
#7228=DIRECTION('ref_axis',(1.,-1.78571177524597E-15,-3.44516082328994E-15));
#7229=DIRECTION('',(1.,-1.78571177524597E-15,-3.44516082328994E-15));
#7230=DIRECTION('',(-3.44516082328994E-15,6.92471963364319E-29,-1.));
#7231=DIRECTION('',(1.,-1.78571177524597E-15,-3.44516082328994E-15));
#7232=DIRECTION('center_axis',(1.,5.86047458840733E-30,-3.44516082328994E-15));
#7233=DIRECTION('ref_axis',(5.86047458840709E-30,-1.,-6.92471963364319E-29));
#7234=DIRECTION('',(5.86047458840709E-30,-1.,-6.92471963364319E-29));
#7235=DIRECTION('',(-3.44516082328994E-15,6.92471963364319E-29,-1.));
#7236=DIRECTION('',(5.86047458840709E-30,-1.,-6.92471963364319E-29));
#7237=DIRECTION('center_axis',(-5.86047458840709E-30,1.,6.92471963364319E-29));
#7238=DIRECTION('ref_axis',(1.,5.86047458840733E-30,-3.44516082328994E-15));
#7239=DIRECTION('',(1.,5.86047458840733E-30,-3.44516082328994E-15));
#7240=DIRECTION('',(-3.44516082328994E-15,6.92471963364319E-29,-1.));
#7241=DIRECTION('',(1.,5.86047458840733E-30,-3.44516082328994E-15));
#7242=DIRECTION('center_axis',(-1.,-5.86047458840733E-30,3.44516082328994E-15));
#7243=DIRECTION('ref_axis',(-5.86047458840709E-30,1.,6.92471963364319E-29));
#7244=DIRECTION('',(-5.86047458840709E-30,1.,6.92471963364319E-29));
#7245=DIRECTION('',(-3.44516082328994E-15,6.92471963364319E-29,-1.));
#7246=DIRECTION('',(-5.86047458840709E-30,1.,6.92471963364319E-29));
#7247=DIRECTION('center_axis',(5.86047458840709E-30,-1.,-6.92471963364319E-29));
#7248=DIRECTION('ref_axis',(-1.,-5.86047458840733E-30,3.44516082328994E-15));
#7249=DIRECTION('',(-1.,-5.86047458840733E-30,3.44516082328994E-15));
#7250=DIRECTION('',(-3.44516082328994E-15,6.92471963364319E-29,-1.));
#7251=DIRECTION('',(-1.,-5.86047458840733E-30,3.44516082328994E-15));
#7252=DIRECTION('center_axis',(1.,5.86047458840733E-30,-3.44516082328994E-15));
#7253=DIRECTION('ref_axis',(5.86047458840709E-30,-1.,-6.92471963364319E-29));
#7254=DIRECTION('',(5.86047458840709E-30,-1.,-6.92471963364319E-29));
#7255=DIRECTION('',(-3.44516082328994E-15,6.92471963364319E-29,-1.));
#7256=DIRECTION('',(5.86047458840709E-30,-1.,-6.92471963364319E-29));
#7257=DIRECTION('center_axis',(-1.78571177524597E-15,-1.,-6.30842205143928E-29));
#7258=DIRECTION('ref_axis',(-1.,1.78571177524597E-15,3.44516082328994E-15));
#7259=DIRECTION('',(-1.,1.78571177524597E-15,3.44516082328994E-15));
#7260=DIRECTION('',(-1.,1.78571177524597E-15,3.44516082328994E-15));
#7261=DIRECTION('center_axis',(-3.44516082328994E-15,6.92471963364319E-29,
-1.));
#7262=DIRECTION('ref_axis',(1.,5.86047458840733E-30,-3.44516082328994E-15));
#7263=DIRECTION('center_axis',(1.,5.86047458840733E-30,-3.44516082328994E-15));
#7264=DIRECTION('ref_axis',(5.86047458840709E-30,-1.,-6.92471963364319E-29));
#7265=DIRECTION('',(5.86047458840709E-30,-1.,-6.92471963364319E-29));
#7266=DIRECTION('',(-3.44516082328994E-15,6.92471963364319E-29,-1.));
#7267=DIRECTION('',(5.86047458840709E-30,-1.,-6.92471963364319E-29));
#7268=DIRECTION('',(-3.44516082328994E-15,6.92471963364319E-29,-1.));
#7269=DIRECTION('center_axis',(-5.86047458840709E-30,1.,6.92471963364319E-29));
#7270=DIRECTION('ref_axis',(1.,5.86047458840733E-30,-3.44516082328994E-15));
#7271=DIRECTION('',(1.,5.86047458840733E-30,-3.44516082328994E-15));
#7272=DIRECTION('',(-3.44516082328994E-15,6.92471963364319E-29,-1.));
#7273=DIRECTION('',(1.,5.86047458840733E-30,-3.44516082328994E-15));
#7274=DIRECTION('center_axis',(-1.,-5.86047458840733E-30,3.44516082328994E-15));
#7275=DIRECTION('ref_axis',(-5.86047458840709E-30,1.,6.92471963364319E-29));
#7276=DIRECTION('',(-5.86047458840709E-30,1.,6.92471963364319E-29));
#7277=DIRECTION('',(-3.44516082328994E-15,6.92471963364319E-29,-1.));
#7278=DIRECTION('',(-5.86047458840709E-30,1.,6.92471963364319E-29));
#7279=DIRECTION('center_axis',(-5.86047458840709E-30,1.,6.92471963364319E-29));
#7280=DIRECTION('ref_axis',(1.,5.86047458840733E-30,-3.44516082328994E-15));
#7281=DIRECTION('',(1.,5.86047458840733E-30,-3.44516082328994E-15));
#7282=DIRECTION('',(-3.44516082328994E-15,6.92471963364319E-29,-1.));
#7283=DIRECTION('',(1.,5.86047458840733E-30,-3.44516082328994E-15));
#7284=DIRECTION('',(-3.44516082328994E-15,6.92471963364319E-29,-1.));
#7285=DIRECTION('',(-3.44516082328994E-15,6.92471963364319E-29,-1.));
#7286=DIRECTION('',(-3.44516082328994E-15,6.92471963364319E-29,-1.));
#7287=DIRECTION('',(-3.44516082328994E-15,6.92471963364319E-29,-1.));
#7288=DIRECTION('',(-3.44516082328994E-15,6.92471963364319E-29,-1.));
#7289=DIRECTION('center_axis',(-5.86047458840709E-30,1.,6.92471963364319E-29));
#7290=DIRECTION('ref_axis',(1.,5.86047458840733E-30,-3.44516082328994E-15));
#7291=DIRECTION('',(1.,5.86047458840733E-30,-3.44516082328994E-15));
#7292=DIRECTION('',(-3.44516082328994E-15,6.92471963364319E-29,-1.));
#7293=DIRECTION('',(1.,5.86047458840733E-30,-3.44516082328994E-15));
#7294=DIRECTION('',(-3.44516082328994E-15,6.92471963364319E-29,-1.));
#7295=DIRECTION('',(-3.44516082328994E-15,6.92471963364319E-29,-1.));
#7296=DIRECTION('',(-3.44516082328994E-15,6.92471963364319E-29,-1.));
#7297=DIRECTION('center_axis',(5.86047458840709E-30,-1.,-6.92471963364319E-29));
#7298=DIRECTION('ref_axis',(-1.,-5.86047458840733E-30,3.44516082328994E-15));
#7299=DIRECTION('',(-1.,-5.86047458840733E-30,3.44516082328994E-15));
#7300=DIRECTION('',(-3.44516082328994E-15,6.92471963364319E-29,-1.));
#7301=DIRECTION('',(-1.,-5.86047458840733E-30,3.44516082328994E-15));
#7302=DIRECTION('',(-3.44516082328994E-15,6.92471963364319E-29,-1.));
#7303=DIRECTION('',(-3.44516082328994E-15,6.92471963364319E-29,-1.));
#7304=DIRECTION('',(-3.44516082328994E-15,6.92471963364319E-29,-1.));
#7305=DIRECTION('center_axis',(5.86047458840709E-30,-1.,-6.92471963364319E-29));
#7306=DIRECTION('ref_axis',(-1.,-5.86047458840733E-30,3.44516082328994E-15));
#7307=DIRECTION('',(-1.,-5.86047458840733E-30,3.44516082328994E-15));
#7308=DIRECTION('',(-3.44516082328994E-15,6.92471963364319E-29,-1.));
#7309=DIRECTION('',(-1.,-5.86047458840733E-30,3.44516082328994E-15));
#7310=DIRECTION('',(-3.44516082328994E-15,6.92471963364319E-29,-1.));
#7311=DIRECTION('',(-3.44516082328994E-15,6.92471963364319E-29,-1.));
#7312=DIRECTION('',(-3.44516082328994E-15,6.92471963364319E-29,-1.));
#7313=DIRECTION('',(-3.44516082328994E-15,6.92471963364319E-29,-1.));
#7314=DIRECTION('',(-3.44516082328994E-15,6.92471963364319E-29,-1.));
#7315=DIRECTION('center_axis',(5.86047458840709E-30,-1.,-6.92471963364319E-29));
#7316=DIRECTION('ref_axis',(-1.,-5.86047458840733E-30,3.44516082328994E-15));
#7317=DIRECTION('',(-1.,-5.86047458840733E-30,3.44516082328994E-15));
#7318=DIRECTION('',(-1.,-5.86047458840733E-30,3.44516082328994E-15));
#7319=DIRECTION('center_axis',(3.44516082328994E-15,-6.92471963364319E-29,
1.));
#7320=DIRECTION('ref_axis',(-1.,-5.86047458840733E-30,3.44516082328994E-15));
#7321=DIRECTION('center_axis',(-5.86047458840709E-30,1.,6.92471963364319E-29));
#7322=DIRECTION('ref_axis',(1.,5.86047458840733E-30,-3.44516082328994E-15));
#7323=DIRECTION('',(1.,5.86047458840733E-30,-3.44516082328994E-15));
#7324=DIRECTION('',(-3.44516082328994E-15,6.92471963364319E-29,-1.));
#7325=DIRECTION('',(1.,5.86047458840733E-30,-3.44516082328994E-15));
#7326=DIRECTION('',(-3.44516082328994E-15,6.92471963364319E-29,-1.));
#7327=DIRECTION('center_axis',(1.,5.86047458840733E-30,-3.44516082328994E-15));
#7328=DIRECTION('ref_axis',(5.86047458840709E-30,-1.,-6.92471963364319E-29));
#7329=DIRECTION('',(5.86047458840709E-30,-1.,-6.92471963364319E-29));
#7330=DIRECTION('',(-3.44516082328994E-15,6.92471963364319E-29,-1.));
#7331=DIRECTION('',(5.86047458840709E-30,-1.,-6.92471963364319E-29));
#7332=DIRECTION('',(-3.44516082328994E-15,6.92471963364319E-29,-1.));
#7333=DIRECTION('',(-3.44516082328994E-15,6.92471963364319E-29,-1.));
#7334=DIRECTION('center_axis',(5.86047458840709E-30,-1.,-6.92471963364319E-29));
#7335=DIRECTION('ref_axis',(-1.,-5.86047458840733E-30,3.44516082328994E-15));
#7336=DIRECTION('',(-1.,-5.86047458840733E-30,3.44516082328994E-15));
#7337=DIRECTION('',(-3.44516082328994E-15,6.92471963364319E-29,-1.));
#7338=DIRECTION('',(-1.,-5.86047458840733E-30,3.44516082328994E-15));
#7339=DIRECTION('',(-3.44516082328994E-15,6.92471963364319E-29,-1.));
#7340=DIRECTION('',(-3.44516082328994E-15,6.92471963364319E-29,-1.));
#7341=DIRECTION('',(-3.44516082328994E-15,6.92471963364319E-29,-1.));
#7342=DIRECTION('center_axis',(-1.,-5.86047458840733E-30,3.44516082328994E-15));
#7343=DIRECTION('ref_axis',(-5.86047458840709E-30,1.,6.92471963364319E-29));
#7344=DIRECTION('',(-5.86047458840709E-30,1.,6.92471963364319E-29));
#7345=DIRECTION('',(-5.86047458840709E-30,1.,6.92471963364319E-29));
#7346=DIRECTION('center_axis',(1.,5.86047458840733E-30,-3.44516082328994E-15));
#7347=DIRECTION('ref_axis',(5.86047458840709E-30,-1.,-6.92471963364319E-29));
#7348=DIRECTION('',(5.86047458840709E-30,-1.,-6.92471963364319E-29));
#7349=DIRECTION('',(-3.44516082328994E-15,6.92471963364319E-29,-1.));
#7350=DIRECTION('',(5.86047458840709E-30,-1.,-6.92471963364319E-29));
#7351=DIRECTION('',(-3.44516082328994E-15,6.92471963364319E-29,-1.));
#7352=DIRECTION('',(-3.44516082328994E-15,6.92471963364319E-29,-1.));
#7353=DIRECTION('',(-3.44516082328994E-15,6.92471963364319E-29,-1.));
#7354=DIRECTION('',(-3.44516082328994E-15,6.92471963364319E-29,-1.));
#7355=DIRECTION('center_axis',(-5.86047458840709E-30,1.,6.92471963364319E-29));
#7356=DIRECTION('ref_axis',(1.,5.86047458840733E-30,-3.44516082328994E-15));
#7357=DIRECTION('',(1.,5.86047458840733E-30,-3.44516082328994E-15));
#7358=DIRECTION('',(-3.44516082328994E-15,6.92471963364319E-29,-1.));
#7359=DIRECTION('',(1.,5.86047458840733E-30,-3.44516082328994E-15));
#7360=DIRECTION('',(-3.44516082328994E-15,6.92471963364319E-29,-1.));
#7361=DIRECTION('',(-3.44516082328994E-15,6.92471963364319E-29,-1.));
#7362=DIRECTION('',(-3.44516082328994E-15,6.92471963364319E-29,-1.));
#7363=DIRECTION('center_axis',(-1.,-5.86047458840733E-30,3.44516082328994E-15));
#7364=DIRECTION('ref_axis',(-5.86047458840709E-30,1.,6.92471963364319E-29));
#7365=DIRECTION('',(-5.86047458840709E-30,1.,6.92471963364319E-29));
#7366=DIRECTION('',(-3.44516082328994E-15,6.92471963364319E-29,-1.));
#7367=DIRECTION('',(-5.86047458840709E-30,1.,6.92471963364319E-29));
#7368=DIRECTION('center_axis',(5.86047458840709E-30,-1.,-6.92471963364319E-29));
#7369=DIRECTION('ref_axis',(-1.,-5.86047458840733E-30,3.44516082328994E-15));
#7370=DIRECTION('',(-1.,-5.86047458840733E-30,3.44516082328994E-15));
#7371=DIRECTION('',(-1.,-5.86047458840733E-30,3.44516082328994E-15));
#7372=DIRECTION('center_axis',(3.44516082328994E-15,-6.92471963364319E-29,
1.));
#7373=DIRECTION('ref_axis',(-1.,-5.86047458840733E-30,3.44516082328994E-15));
#7374=DIRECTION('center_axis',(-3.44516082328994E-15,6.92471963364319E-29,
-1.));
#7375=DIRECTION('ref_axis',(1.,5.86047458840733E-30,-3.44516082328994E-15));
#7376=DIRECTION('',(0.207482993197278,-0.978238625047027,-7.14812279662263E-16));
#7377=DIRECTION('center_axis',(-3.44516082328994E-15,6.92471963364319E-29,
-1.));
#7378=DIRECTION('ref_axis',(0.994544776530204,0.10431053387116,-3.4263667011095E-15));
#7379=DIRECTION('',(4.93432455388964E-16,-1.,-7.09481776633147E-29));
#7380=DIRECTION('center_axis',(-3.44516082328994E-15,6.92471963364319E-29,
-1.));
#7381=DIRECTION('ref_axis',(0.994544776530203,-0.104310533871166,-3.42636670110951E-15));
#7382=DIRECTION('',(-0.20748299319729,-0.978238625047025,7.14812279662168E-16));
#7383=DIRECTION('center_axis',(-3.44516082328994E-15,6.92471963364319E-29,
-1.));
#7384=DIRECTION('ref_axis',(0.207482993197286,0.978238625047026,-7.14812279662155E-16));
#7385=DIRECTION('',(0.207482993197288,0.978238625047025,-7.1481227966216E-16));
#7386=DIRECTION('center_axis',(-3.44516082328994E-15,6.92471963364319E-29,
-1.));
#7387=DIRECTION('ref_axis',(-0.773634291523808,0.633632372104248,2.66529455271153E-15));
#7388=DIRECTION('center_axis',(3.44516082328994E-15,-6.92471963364319E-29,
1.));
#7389=DIRECTION('ref_axis',(0.835508474591894,-0.549477559946833,-2.87846106419077E-15));
#7390=DIRECTION('',(-1.76225876924687E-17,1.,6.92965001430083E-29));
#7391=DIRECTION('center_axis',(3.44516082328994E-15,-6.92471963364319E-29,
1.));
#7392=DIRECTION('ref_axis',(0.835508474591903,0.549477559946821,-2.87846106419072E-15));
#7393=DIRECTION('center_axis',(-3.44516082328994E-15,6.92471963364319E-29,
-1.));
#7394=DIRECTION('ref_axis',(-0.773634291523821,-0.633632372104232,2.66529455271149E-15));
#7395=DIRECTION('',(-0.207482993197276,0.978238625047028,7.14812279662256E-16));
#7396=DIRECTION('center_axis',(-3.44516082328994E-15,6.92471963364319E-29,
-1.));
#7397=DIRECTION('ref_axis',(0.207482993197277,-0.978238625047027,-7.1481227966226E-16));
#7398=DIRECTION('',(-2.46716227694421E-17,-1.,-6.91732406265675E-29));
#7399=DIRECTION('center_axis',(-3.44516082328994E-15,6.92471963364319E-29,
-1.));
#7400=DIRECTION('ref_axis',(-4.44089209850064E-15,-1.,-5.39476088582196E-29));
#7401=DIRECTION('',(2.46716227694473E-16,1.,6.84090316246346E-29));
#7402=DIRECTION('center_axis',(-3.44516082328994E-15,6.92471963364319E-29,
-1.));
#7403=DIRECTION('ref_axis',(-4.44089209850063E-15,1.,8.45467838146441E-29));
#7404=DIRECTION('center_axis',(3.44516082328994E-15,-6.92471963364319E-29,
1.));
#7405=DIRECTION('ref_axis',(1.,5.86047458840733E-30,-3.44516082328994E-15));
#7406=DIRECTION('center_axis',(3.44516082328994E-15,-6.92471963364319E-29,
1.));
#7407=DIRECTION('ref_axis',(1.,5.86047458840733E-30,-3.44516082328994E-15));
#7408=DIRECTION('center_axis',(-3.44516082328994E-15,6.92471963364319E-29,
-1.));
#7409=DIRECTION('ref_axis',(5.86047458840709E-30,-1.,-6.92471963364319E-29));
#7410=DIRECTION('',(2.46716227694473E-16,1.,6.84090316246346E-29));
#7411=DIRECTION('center_axis',(-3.44516082328994E-15,6.92471963364319E-29,
-1.));
#7412=DIRECTION('ref_axis',(-5.86047458840709E-30,1.,6.92471963364319E-29));
#7413=DIRECTION('',(-2.46716227694421E-17,-1.,-6.91732406265675E-29));
#7414=DIRECTION('center_axis',(-3.44516082328994E-15,6.92471963364319E-29,
-1.));
#7415=DIRECTION('ref_axis',(1.,5.86047458840733E-30,-3.44516082328994E-15));
#7416=DIRECTION('center_axis',(-3.44516082328994E-15,6.92471963364319E-29,
-1.));
#7417=DIRECTION('ref_axis',(1.,5.86047458840733E-30,-3.44516082328994E-15));
#7418=DIRECTION('',(-0.70710678118655,8.65956056235942E-17,-0.707106781186545));
#7419=DIRECTION('center_axis',(3.44516082328994E-15,-6.92471963364319E-29,
1.));
#7420=DIRECTION('ref_axis',(1.,5.86047458840733E-30,-3.44516082328994E-15));
#7421=DIRECTION('center_axis',(-3.44516082328994E-15,6.92471963364319E-29,
-1.));
#7422=DIRECTION('ref_axis',(1.,5.86047458840733E-30,-3.44516082328994E-15));
#7423=DIRECTION('center_axis',(-3.44516082328994E-15,6.92471963364319E-29,
-1.));
#7424=DIRECTION('ref_axis',(0.835508474591894,-0.549477559946833,-2.87846106419077E-15));
#7425=DIRECTION('center_axis',(3.44516082328994E-15,-6.92471963364319E-29,
1.));
#7426=DIRECTION('ref_axis',(-0.0338381155675993,0.999427326990229,1.1657775008752E-16));
#7427=DIRECTION('',(-0.207482993197288,-0.978238625047025,7.1481227966216E-16));
#7428=DIRECTION('center_axis',(-3.44516082328994E-15,6.92471963364319E-29,
-1.));
#7429=DIRECTION('ref_axis',(-1.,-5.86047458840733E-30,3.44516082328994E-15));
#7430=DIRECTION('',(0.20748299319729,0.978238625047025,-7.14812279662168E-16));
#7431=DIRECTION('center_axis',(3.44516082328994E-15,-6.92471963364319E-29,
1.));
#7432=DIRECTION('ref_axis',(0.994544776530203,-0.104310533871166,-3.42636670110951E-15));
#7433=DIRECTION('',(-4.93432455388964E-16,1.,7.09481776633147E-29));
#7434=DIRECTION('center_axis',(3.44516082328994E-15,-6.92471963364319E-29,
1.));
#7435=DIRECTION('ref_axis',(0.994544776530204,0.10431053387116,-3.4263667011095E-15));
#7436=DIRECTION('',(-0.207482993197278,0.978238625047027,7.14812279662263E-16));
#7437=DIRECTION('center_axis',(-3.44516082328994E-15,6.92471963364319E-29,
-1.));
#7438=DIRECTION('ref_axis',(-1.,-5.86047458840733E-30,3.44516082328994E-15));
#7439=DIRECTION('',(0.207482993197276,-0.978238625047028,-7.14812279662256E-16));
#7440=DIRECTION('center_axis',(3.44516082328994E-15,-6.92471963364319E-29,
1.));
#7441=DIRECTION('ref_axis',(-0.0338381155676419,-0.999427326990227,1.16577750087528E-16));
#7442=DIRECTION('center_axis',(-3.44516082328994E-15,6.92471963364319E-29,
-1.));
#7443=DIRECTION('ref_axis',(0.835508474591902,0.549477559946821,-2.87846106419072E-15));
#7444=DIRECTION('',(1.76225876924687E-17,-1.,-6.92965001430083E-29));
#7445=DIRECTION('center_axis',(3.44516082328994E-15,-6.92471963364319E-29,
1.));
#7446=DIRECTION('ref_axis',(-0.707106781186548,0.707106781186548,2.4360965804266E-15));
#7447=DIRECTION('',(-2.46716227694473E-16,-1.,-6.84090316246346E-29));
#7448=DIRECTION('center_axis',(3.44516082328994E-15,-6.92471963364319E-29,
1.));
#7449=DIRECTION('ref_axis',(-0.707106781186547,-0.707106781186547,2.4360965804265E-15));
#7450=DIRECTION('',(2.46716227694421E-17,1.,6.91732406265675E-29));
#7451=DIRECTION('center_axis',(3.44516082328994E-15,-6.92471963364319E-29,
1.));
#7452=DIRECTION('ref_axis',(-0.707106781186549,0.707106781186546,2.4360965804266E-15));
#7453=DIRECTION('',(-2.46716227694473E-16,-1.,-6.84090316246346E-29));
#7454=DIRECTION('center_axis',(3.44516082328994E-15,-6.92471963364319E-29,
1.));
#7455=DIRECTION('ref_axis',(-0.707106781186551,-0.707106781186544,2.43609658042651E-15));
#7456=DIRECTION('',(2.46716227694421E-17,1.,6.91732406265675E-29));
#7457=DIRECTION('center_axis',(3.44516082328994E-15,-6.92471963364319E-29,
1.));
#7458=DIRECTION('ref_axis',(1.,5.86047458840733E-30,-3.44516082328994E-15));
#7459=DIRECTION('center_axis',(3.44516082328994E-15,-6.92471963364319E-29,
1.));
#7460=DIRECTION('ref_axis',(1.,5.86047458840733E-30,-3.44516082328994E-15));
#7461=DIRECTION('center_axis',(3.44516082328994E-15,-6.92471963364319E-29,
1.));
#7462=DIRECTION('ref_axis',(1.,5.86047458840733E-30,-3.44516082328994E-15));
#7463=DIRECTION('center_axis',(-3.44516082328994E-15,6.92471963364319E-29,
-1.));
#7464=DIRECTION('ref_axis',(1.,5.86047458840733E-30,-3.44516082328994E-15));
#7465=DIRECTION('center_axis',(-3.44516082328994E-15,6.92471963364319E-29,
-1.));
#7466=DIRECTION('ref_axis',(1.,5.86047458840733E-30,-3.44516082328994E-15));
#7467=DIRECTION('',(-3.44516082328994E-15,6.92471963364319E-29,-1.));
#7468=DIRECTION('center_axis',(-3.44516082328994E-15,6.92471963364319E-29,
-1.));
#7469=DIRECTION('ref_axis',(-0.707106781186548,0.707106781186548,2.4360965804266E-15));
#7470=DIRECTION('',(0.707106781186535,-4.48171601778687E-29,0.70710678118656));
#7471=DIRECTION('',(0.707106781186538,5.31001996826893E-29,-0.707106781186557));
#7472=DIRECTION('center_axis',(-3.44516082328994E-15,6.92471963364319E-29,
-1.));
#7473=DIRECTION('ref_axis',(-0.707106781186548,0.707106781186548,2.43609658042659E-15));
#7474=DIRECTION('center_axis',(0.70710678118655,-1.74454717631979E-17,0.707106781186545));
#7475=DIRECTION('ref_axis',(-0.707106781186545,-5.31001996826894E-29,0.70710678118655));
#7476=DIRECTION('',(0.707106781186545,5.31001996826894E-29,-0.70710678118655));
#7477=DIRECTION('',(-2.46716227694421E-17,-1.,-6.91732406265675E-29));
#7478=DIRECTION('center_axis',(-0.707106781186545,1.74454717631477E-16,
0.70710678118655));
#7479=DIRECTION('ref_axis',(-0.70710678118655,4.48418120811569E-29,-0.707106781186545));
#7480=DIRECTION('',(0.70710678118655,-4.48171601778687E-29,0.707106781186545));
#7481=DIRECTION('',(2.46716227694473E-16,1.,6.84090316246346E-29));
#7482=DIRECTION('center_axis',(-3.44516082328994E-15,6.92471963364319E-29,
-1.));
#7483=DIRECTION('ref_axis',(-0.707106781186548,-0.707106781186548,2.4360965804265E-15));
#7484=DIRECTION('center_axis',(-3.44516082328994E-15,6.92471963364319E-29,
-1.));
#7485=DIRECTION('ref_axis',(-0.707106781186548,-0.707106781186548,2.4360965804265E-15));
#7486=DIRECTION('center_axis',(1.,-2.46716227694421E-17,-3.44516082328994E-15));
#7487=DIRECTION('ref_axis',(2.46716227694421E-17,1.,6.91732406265675E-29));
#7488=DIRECTION('',(3.44516082328994E-15,-6.92471963364319E-29,1.));
#7489=DIRECTION('',(2.46716227694421E-17,1.,6.91732406265675E-29));
#7490=DIRECTION('',(-3.44516082328994E-15,6.92471963364319E-29,-1.));
#7491=DIRECTION('center_axis',(-3.44516082328994E-15,6.92471963364319E-29,
-1.));
#7492=DIRECTION('ref_axis',(-0.707106781186548,0.707106781186548,2.43609658042659E-15));
#7493=DIRECTION('center_axis',(3.44516082328994E-15,-6.92471963364319E-29,
1.));
#7494=DIRECTION('ref_axis',(-5.86047458840709E-30,1.,6.92471963364319E-29));
#7495=DIRECTION('',(3.44516082328994E-15,-6.92471963364319E-29,1.));
#7496=DIRECTION('center_axis',(-3.44516082328994E-15,6.92471963364319E-29,
-1.));
#7497=DIRECTION('ref_axis',(1.,5.86047458840733E-30,-3.44516082328994E-15));
#7498=DIRECTION('center_axis',(-3.44516082328994E-15,6.92471963364319E-29,
-1.));
#7499=DIRECTION('ref_axis',(1.,5.86047458840733E-30,-3.44516082328994E-15));
#7500=DIRECTION('',(-0.70710678118655,8.65956056235942E-17,-0.707106781186545));
#7501=DIRECTION('center_axis',(-3.44516082328994E-15,6.92471963364319E-29,
-1.));
#7502=DIRECTION('ref_axis',(1.,5.86047458840733E-30,-3.44516082328994E-15));
#7503=DIRECTION('center_axis',(-3.44516082328994E-15,6.92471963364319E-29,
-1.));
#7504=DIRECTION('ref_axis',(1.,5.86047458840733E-30,-3.44516082328994E-15));
#7505=DIRECTION('',(-3.44516082328994E-15,6.92471963364319E-29,-1.));
#7506=DIRECTION('center_axis',(-3.44516082328994E-15,6.92471963364319E-29,
-1.));
#7507=DIRECTION('ref_axis',(-0.707106781186549,0.707106781186546,2.4360965804266E-15));
#7508=DIRECTION('',(0.70710678118655,-4.48171601778687E-29,0.707106781186545));
#7509=DIRECTION('',(0.707106781186561,5.31001996826894E-29,-0.707106781186534));
#7510=DIRECTION('center_axis',(-3.44516082328994E-15,6.92471963364319E-29,
-1.));
#7511=DIRECTION('ref_axis',(-0.707106781186549,0.707106781186546,2.4360965804266E-15));
#7512=DIRECTION('center_axis',(0.70710678118655,-1.74454717631979E-17,0.707106781186545));
#7513=DIRECTION('ref_axis',(-0.707106781186545,-5.31001996826894E-29,0.70710678118655));
#7514=DIRECTION('',(0.707106781186545,5.31001996826894E-29,-0.70710678118655));
#7515=DIRECTION('',(-2.46716227694421E-17,-1.,-6.91732406265675E-29));
#7516=DIRECTION('center_axis',(-0.707106781186545,1.74454717631477E-16,
0.70710678118655));
#7517=DIRECTION('ref_axis',(-0.70710678118655,4.48418120811569E-29,-0.707106781186545));
#7518=DIRECTION('',(0.707106781186542,-4.48171601778687E-29,0.707106781186553));
#7519=DIRECTION('',(2.46716227694473E-16,1.,6.84090316246346E-29));
#7520=DIRECTION('center_axis',(-3.44516082328994E-15,6.92471963364319E-29,
-1.));
#7521=DIRECTION('ref_axis',(-0.707106781186551,-0.707106781186544,2.43609658042651E-15));
#7522=DIRECTION('center_axis',(-3.44516082328994E-15,6.92471963364319E-29,
-1.));
#7523=DIRECTION('ref_axis',(-0.707106781186551,-0.707106781186544,2.43609658042651E-15));
#7524=DIRECTION('center_axis',(1.,-2.46716227694421E-17,-3.44516082328994E-15));
#7525=DIRECTION('ref_axis',(2.46716227694421E-17,1.,6.91732406265675E-29));
#7526=DIRECTION('',(3.44516082328994E-15,-6.92471963364319E-29,1.));
#7527=DIRECTION('',(2.46716227694421E-17,1.,6.91732406265675E-29));
#7528=DIRECTION('',(-3.44516082328994E-15,6.92471963364319E-29,-1.));
#7529=DIRECTION('center_axis',(-3.44516082328994E-15,6.92471963364319E-29,
-1.));
#7530=DIRECTION('ref_axis',(-0.707106781186549,0.707106781186546,2.4360965804266E-15));
#7531=DIRECTION('center_axis',(3.44516082328994E-15,-6.92471963364319E-29,
1.));
#7532=DIRECTION('ref_axis',(-4.44089209850063E-15,1.,8.45467838146441E-29));
#7533=DIRECTION('',(3.44516082328994E-15,-6.92471963364319E-29,1.));
#7534=DIRECTION('center_axis',(-3.44516082328994E-15,6.92471963364319E-29,
-1.));
#7535=DIRECTION('ref_axis',(1.,5.86047458840733E-30,-3.44516082328994E-15));
#7536=DIRECTION('center_axis',(-3.44516082328994E-15,6.92471963364319E-29,
-1.));
#7537=DIRECTION('ref_axis',(1.,5.86047458840733E-30,-3.44516082328994E-15));
#7538=DIRECTION('',(-0.70710678118655,8.65956056235942E-17,-0.707106781186545));
#7539=DIRECTION('center_axis',(-3.44516082328994E-15,6.92471963364319E-29,
-1.));
#7540=DIRECTION('ref_axis',(1.,5.86047458840733E-30,-3.44516082328994E-15));
#7541=DIRECTION('center_axis',(3.44516082328994E-15,-6.92471963364319E-29,
1.));
#7542=DIRECTION('ref_axis',(1.,5.86047458840733E-30,-3.44516082328994E-15));
#7543=DIRECTION('',(-3.44516082328994E-15,6.92471963364319E-29,-1.));
#7544=DIRECTION('center_axis',(-3.44516082328994E-15,6.92471963364319E-29,
-1.));
#7545=DIRECTION('ref_axis',(1.,5.86047458840733E-30,-3.44516082328994E-15));
#7546=DIRECTION('center_axis',(-3.44516082328994E-15,6.92471963364319E-29,
-1.));
#7547=DIRECTION('ref_axis',(1.,5.86047458840733E-30,-3.44516082328994E-15));
#7548=DIRECTION('',(-0.70710678118655,8.65956056235942E-17,-0.707106781186545));
#7549=DIRECTION('center_axis',(-3.44516082328994E-15,6.92471963364319E-29,
-1.));
#7550=DIRECTION('ref_axis',(1.,5.86047458840733E-30,-3.44516082328994E-15));
#7551=DIRECTION('center_axis',(3.44516082328994E-15,-6.92471963364319E-29,
1.));
#7552=DIRECTION('ref_axis',(1.,5.86047458840733E-30,-3.44516082328994E-15));
#7553=DIRECTION('',(-3.44516082328994E-15,6.92471963364319E-29,-1.));
#7554=DIRECTION('center_axis',(3.44516082328994E-15,-6.92471963364319E-29,
1.));
#7555=DIRECTION('ref_axis',(0.835508474591894,-0.549477559946833,-2.87846106419077E-15));
#7556=DIRECTION('',(0.280119518557728,-0.649255770342466,0.707106781186546));
#7557=DIRECTION('',(-0.707106781186542,4.48171601778687E-29,-0.707106781186553));
#7558=DIRECTION('center_axis',(3.44516082328994E-15,-6.92471963364319E-29,
1.));
#7559=DIRECTION('ref_axis',(0.835508474591894,-0.549477559946833,-2.87846106419077E-15));
#7560=DIRECTION('center_axis',(-0.707106781186545,-1.24610512594481E-17,
0.70710678118655));
#7561=DIRECTION('ref_axis',(-0.70710678118655,4.4816389805891E-29,-0.707106781186545));
#7562=DIRECTION('',(-0.70710678118655,4.48171601778687E-29,-0.707106781186545));
#7563=DIRECTION('',(-1.76225876924687E-17,1.,6.92965001430083E-29));
#7564=DIRECTION('center_axis',(-3.44516082328994E-15,6.92471963364319E-29,
-1.));
#7565=DIRECTION('ref_axis',(-0.0338381155675993,0.999427326990229,1.1657775008752E-16));
#7566=DIRECTION('center_axis',(-3.44516082328994E-15,6.92471963364319E-29,
-1.));
#7567=DIRECTION('ref_axis',(-0.0338381155675993,0.999427326990229,1.1657775008752E-16));
#7568=DIRECTION('',(0.69171916538935,-0.146712631470683,0.707106781186554));
#7569=DIRECTION('center_axis',(3.44516082328994E-15,-6.92471963364319E-29,
1.));
#7570=DIRECTION('ref_axis',(0.835508474591902,0.549477559946821,-2.87846106419072E-15));
#7571=DIRECTION('',(-0.280119518557743,-0.649255770342462,-0.707106781186543));
#7572=DIRECTION('center_axis',(3.44516082328994E-15,-6.92471963364319E-29,
1.));
#7573=DIRECTION('ref_axis',(0.835508474591902,0.549477559946821,-2.87846106419072E-15));
#7574=DIRECTION('center_axis',(-0.691719165389355,0.146712631470685,0.707106781186549));
#7575=DIRECTION('ref_axis',(-0.714841974276635,-9.71445146547012E-17,-0.699286030042273));
#7576=DIRECTION('',(0.207482993197288,0.978238625047025,-7.1481227966216E-16));
#7577=DIRECTION('',(0.691719165389358,-0.146712631470682,0.707106781186546));
#7578=DIRECTION('center_axis',(-3.44516082328994E-15,6.92471963364319E-29,
-1.));
#7579=DIRECTION('ref_axis',(-0.0338381155676419,-0.999427326990227,1.16577750087528E-16));
#7580=DIRECTION('',(-0.691719165389375,-0.146712631470674,-0.707106781186531));
#7581=DIRECTION('center_axis',(-3.44516082328994E-15,6.92471963364319E-29,
-1.));
#7582=DIRECTION('ref_axis',(-0.0338381155676419,-0.999427326990227,1.16577750087528E-16));
#7583=DIRECTION('center_axis',(3.44516082328994E-15,-6.92471963364319E-29,
1.));
#7584=DIRECTION('ref_axis',(-1.,-5.86047458840733E-30,3.44516082328994E-15));
#7585=DIRECTION('',(-0.691719165389353,0.146712631470682,0.707106781186551));
#7586=DIRECTION('center_axis',(3.44516082328994E-15,-6.92471963364319E-29,
1.));
#7587=DIRECTION('ref_axis',(-1.,-5.86047458840733E-30,3.44516082328994E-15));
#7588=DIRECTION('center_axis',(3.44516082328994E-15,-6.92471963364319E-29,
1.));
#7589=DIRECTION('ref_axis',(-1.,-5.86047458840733E-30,3.44516082328994E-15));
#7590=DIRECTION('center_axis',(-0.691719165389357,-0.146712631470677,0.707106781186548));
#7591=DIRECTION('ref_axis',(-0.714841974276633,0.,-0.699286030042275));
#7592=DIRECTION('',(-0.69171916538936,-0.146712631470666,-0.707106781186548));
#7593=DIRECTION('',(-0.207482993197276,0.978238625047028,7.14812279662256E-16));
#7594=DIRECTION('center_axis',(0.691719165389367,-0.146712631470688,0.707106781186536));
#7595=DIRECTION('ref_axis',(-0.714841974276622,-1.38777878078145E-17,0.699286030042286));
#7596=DIRECTION('',(-0.691719165389345,0.146712631470683,0.707106781186559));
#7597=DIRECTION('',(-0.20748299319729,-0.978238625047025,7.14812279662168E-16));
#7598=DIRECTION('center_axis',(3.44516082328994E-15,-6.92471963364319E-29,
1.));
#7599=DIRECTION('ref_axis',(-1.,-5.86047458840733E-30,3.44516082328994E-15));
#7600=DIRECTION('',(0.69171916538937,0.146712631470678,-0.707106781186536));
#7601=DIRECTION('center_axis',(3.44516082328994E-15,-6.92471963364319E-29,
1.));
#7602=DIRECTION('ref_axis',(-1.,-5.86047458840733E-30,3.44516082328994E-15));
#7603=DIRECTION('center_axis',(3.44516082328994E-15,-6.92471963364319E-29,
1.));
#7604=DIRECTION('ref_axis',(-1.,-5.86047458840733E-30,3.44516082328994E-15));
#7605=DIRECTION('center_axis',(-3.44516082328994E-15,6.92471963364319E-29,
-1.));
#7606=DIRECTION('ref_axis',(0.994544776530203,-0.104310533871166,-3.42636670110951E-15));
#7607=DIRECTION('',(-0.707106781186545,-5.31001996826894E-29,0.70710678118655));
#7608=DIRECTION('center_axis',(-3.44516082328994E-15,6.92471963364319E-29,
-1.));
#7609=DIRECTION('ref_axis',(0.994544776530203,-0.104310533871166,-3.42636670110951E-15));
#7610=DIRECTION('center_axis',(0.691719165389361,0.146712631470678,0.707106781186544));
#7611=DIRECTION('ref_axis',(-0.714841974276629,0.,0.699286030042279));
#7612=DIRECTION('',(0.691719165389353,0.146712631470682,-0.707106781186551));
#7613=DIRECTION('',(0.207482993197278,-0.978238625047027,-7.14812279662263E-16));
#7614=DIRECTION('center_axis',(0.70710678118655,3.48909435263016E-16,0.707106781186545));
#7615=DIRECTION('ref_axis',(-0.707106781186545,-5.31495034892657E-29,0.70710678118655));
#7616=DIRECTION('',(-0.707106781186545,-5.88784672006421E-15,0.70710678118655));
#7617=DIRECTION('',(4.93432455388964E-16,-1.,-7.09481776633147E-29));
#7618=DIRECTION('center_axis',(-3.44516082328994E-15,6.92471963364319E-29,
-1.));
#7619=DIRECTION('ref_axis',(0.994544776530204,0.10431053387116,-3.4263667011095E-15));
#7620=DIRECTION('center_axis',(-3.44516082328994E-15,6.92471963364319E-29,
-1.));
#7621=DIRECTION('ref_axis',(0.994544776530204,0.10431053387116,-3.4263667011095E-15));
#7622=DIRECTION('center_axis',(0.978238625047027,0.207482993197278,-3.37018938684102E-15));
#7623=DIRECTION('ref_axis',(-0.207482993197278,0.978238625047027,7.14812279662263E-16));
#7624=DIRECTION('',(3.44516082328994E-15,-6.92471963364319E-29,1.));
#7625=DIRECTION('',(-0.207482993197278,0.978238625047027,7.14812279662263E-16));
#7626=DIRECTION('',(3.44516082328994E-15,-6.92471963364319E-29,1.));
#7627=DIRECTION('center_axis',(-3.44516082328994E-15,6.92471963364319E-29,
-1.));
#7628=DIRECTION('ref_axis',(1.,5.86047458840733E-30,-3.44516082328994E-15));
#7629=DIRECTION('',(3.44516082328994E-15,-6.92471963364319E-29,1.));
#7630=DIRECTION('center_axis',(-3.44516082328994E-15,6.92471963364319E-29,
-1.));
#7631=DIRECTION('ref_axis',(1.,5.86047458840733E-30,-3.44516082328994E-15));
#7632=DIRECTION('center_axis',(3.44516082328994E-15,-6.92471963364319E-29,
1.));
#7633=DIRECTION('ref_axis',(0.207482993197277,-0.978238625047028,-7.14812279662259E-16));
#7634=DIRECTION('',(3.44516082328994E-15,-6.92471963364319E-29,1.));
#7635=DIRECTION('center_axis',(-0.978238625047028,-0.207482993197276,3.37018938684102E-15));
#7636=DIRECTION('ref_axis',(0.207482993197276,-0.978238625047028,-7.14812279662256E-16));
#7637=DIRECTION('',(0.207482993197276,-0.978238625047028,-7.14812279662256E-16));
#7638=DIRECTION('',(-3.44516082328994E-15,6.92471963364319E-29,-1.));
#7639=DIRECTION('center_axis',(-3.44516082328994E-15,6.92471963364319E-29,
-1.));
#7640=DIRECTION('ref_axis',(-0.0338381155676419,-0.999427326990227,1.16577750087528E-16));
#7641=DIRECTION('center_axis',(3.44516082328994E-15,-6.92471963364319E-29,
1.));
#7642=DIRECTION('ref_axis',(-0.773634291523821,-0.633632372104232,2.66529455271149E-15));
#7643=DIRECTION('',(-3.44516082328994E-15,6.92471963364319E-29,-1.));
#7644=DIRECTION('center_axis',(-3.44516082328994E-15,6.92471963364319E-29,
-1.));
#7645=DIRECTION('ref_axis',(0.835508474591902,0.549477559946821,-2.87846106419072E-15));
#7646=DIRECTION('center_axis',(-3.44516082328994E-15,6.92471963364319E-29,
-1.));
#7647=DIRECTION('ref_axis',(0.835508474591903,0.549477559946821,-2.87846106419072E-15));
#7648=DIRECTION('',(3.44516082328994E-15,-6.92471963364319E-29,1.));
#7649=DIRECTION('center_axis',(-1.,-1.76225876924687E-17,3.44516082328994E-15));
#7650=DIRECTION('ref_axis',(1.76225876924687E-17,-1.,-6.92965001430083E-29));
#7651=DIRECTION('',(1.76225876924687E-17,-1.,-6.92965001430083E-29));
#7652=DIRECTION('',(-3.44516082328994E-15,6.92471963364319E-29,-1.));
#7653=DIRECTION('center_axis',(-3.44516082328994E-15,6.92471963364319E-29,
-1.));
#7654=DIRECTION('ref_axis',(0.835508474591894,-0.549477559946833,-2.87846106419077E-15));
#7655=DIRECTION('center_axis',(-3.44516082328994E-15,6.92471963364319E-29,
-1.));
#7656=DIRECTION('ref_axis',(0.835508474591895,-0.549477559946833,-2.87846106419077E-15));
#7657=DIRECTION('',(3.44516082328994E-15,-6.92471963364319E-29,1.));
#7658=DIRECTION('center_axis',(3.44516082328994E-15,-6.92471963364319E-29,
1.));
#7659=DIRECTION('ref_axis',(1.,0.,-2.73285667600039E-15));
#7660=DIRECTION('center_axis',(-5.86047458840709E-30,1.,6.92471963364319E-29));
#7661=DIRECTION('ref_axis',(-1.,-5.86047458840733E-30,3.44516082328994E-15));
#7662=DIRECTION('center_axis',(3.44516082328994E-15,-6.92471963364319E-29,
1.));
#7663=DIRECTION('ref_axis',(0.994544776530203,-0.104310533871166,-3.42636670110951E-15));
#7664=DIRECTION('center_axis',(-0.207482993197288,-0.978238625047025,7.14812279662163E-16));
#7665=DIRECTION('ref_axis',(3.44516082328994E-15,-6.82364683016175E-29,
1.));
#7666=DIRECTION('center_axis',(-0.20748299319729,-0.978238625047025,7.14812279662168E-16));
#7667=DIRECTION('ref_axis',(-0.691719165389352,0.146712631470686,0.707106781186551));
#7668=DIRECTION('center_axis',(-0.207482993197284,-0.978238625047026,-3.89223564565323E-15));
#7669=DIRECTION('ref_axis',(-1.87592996692132E-14,-5.67979851759128E-29,
1.));
#7670=DIRECTION('',(0.20748299319729,0.978238625047025,-7.14812279662168E-16));
#7671=DIRECTION('center_axis',(4.93432455388964E-16,-1.,-7.09481776633147E-29));
#7672=DIRECTION('ref_axis',(-0.707106781186537,-3.4890943526311E-16,0.707106781186558));
#7673=DIRECTION('center_axis',(-8.32667268468867E-15,1.,9.79420117638462E-29));
#7674=DIRECTION('ref_axis',(-1.,-8.32667268468867E-15,3.44516082328994E-15));
#7675=DIRECTION('',(-4.93432455388964E-16,1.,7.09481776633147E-29));
#7676=DIRECTION('center_axis',(3.44516082328994E-15,-6.92471963364319E-29,
1.));
#7677=DIRECTION('ref_axis',(1.,0.,-2.73285667600039E-15));
#7678=DIRECTION('center_axis',(-0.207482993197283,0.978238625047026,7.14812279662278E-16));
#7679=DIRECTION('ref_axis',(-0.978238625047026,-0.207482993197283,3.37018938684102E-15));
#7680=DIRECTION('center_axis',(3.44516082328994E-15,-6.92471963364319E-29,
1.));
#7681=DIRECTION('ref_axis',(0.994544776530204,0.10431053387116,-3.4263667011095E-15));
#7682=DIRECTION('center_axis',(0.207482993197278,-0.978238625047027,-7.14812279662262E-16));
#7683=DIRECTION('ref_axis',(-0.691719165389352,-0.146712631470677,0.707106781186553));
#7684=DIRECTION('center_axis',(-0.207482993197284,0.978238625047026,-1.28609757841485E-14));
#7685=DIRECTION('ref_axis',(-0.978238625047026,-0.207482993197284,3.37018938684102E-15));
#7686=DIRECTION('center_axis',(-3.44516082328994E-15,6.92471963364319E-29,
-1.));
#7687=DIRECTION('ref_axis',(0.207482993197281,-0.978238625047027,0.));
#7688=DIRECTION('center_axis',(-3.44516082328994E-15,6.92471963364319E-29,
-1.));
#7689=DIRECTION('ref_axis',(0.994544776530204,0.10431053387116,-3.4263667011095E-15));
#7690=DIRECTION('',(-3.44516082328994E-15,6.92471963364319E-29,-1.));
#7691=DIRECTION('center_axis',(1.,4.93432455388964E-16,-3.44516082328994E-15));
#7692=DIRECTION('ref_axis',(-4.93432455388964E-16,1.,7.09481776633147E-29));
#7693=DIRECTION('',(3.44516082328994E-15,-6.92471963364319E-29,1.));
#7694=DIRECTION('center_axis',(-3.44516082328994E-15,6.92471963364319E-29,
-1.));
#7695=DIRECTION('ref_axis',(0.994544776530203,-0.104310533871166,-3.42636670110951E-15));
#7696=DIRECTION('',(-3.44516082328994E-15,6.92471963364319E-29,-1.));
#7697=DIRECTION('center_axis',(-2.46716227694421E-17,-1.,-6.91732406265675E-29));
#7698=DIRECTION('ref_axis',(-0.707106781186553,1.74454717631002E-17,0.707106781186542));
#7699=DIRECTION('center_axis',(5.86047458840709E-30,-1.,-6.92471963364319E-29));
#7700=DIRECTION('ref_axis',(3.44516082328994E-15,-6.92471963364319E-29,
1.));
#7701=DIRECTION('center_axis',(5.55111512312577E-15,1.,5.01173193848224E-29));
#7702=DIRECTION('ref_axis',(-1.,5.55111512312577E-15,3.44516082328994E-15));
#7703=DIRECTION('center_axis',(3.44516082328994E-15,-6.92471963364319E-29,
1.));
#7704=DIRECTION('ref_axis',(1.,0.,0.));
#7705=DIRECTION('center_axis',(5.86047458840709E-30,-1.,-6.92471963364319E-29));
#7706=DIRECTION('ref_axis',(1.,5.86047458840733E-30,-3.44516082328994E-15));
#7707=DIRECTION('center_axis',(2.46716227694473E-16,1.,6.84090316246346E-29));
#7708=DIRECTION('ref_axis',(0.707106781186558,-1.74454717631577E-16,0.707106781186537));
#7709=DIRECTION('center_axis',(5.86047458840709E-30,-1.,-6.92471963364319E-29));
#7710=DIRECTION('ref_axis',(1.,5.86047458840733E-30,-3.44516082328994E-15));
#7711=DIRECTION('',(-2.46716227694473E-16,-1.,-6.84090316246346E-29));
#7712=DIRECTION('center_axis',(3.44516082328994E-15,-6.92471963364319E-29,
1.));
#7713=DIRECTION('ref_axis',(1.,0.,0.));
#7714=DIRECTION('center_axis',(3.44516082328994E-15,-6.92471963364319E-29,
1.));
#7715=DIRECTION('ref_axis',(-4.44089209850064E-15,-1.,-5.39476088582196E-29));
#7716=DIRECTION('center_axis',(-3.44516082328994E-15,6.92471963364319E-29,
-1.));
#7717=DIRECTION('ref_axis',(1.,5.86047458840733E-30,-3.44516082328994E-15));
#7718=DIRECTION('center_axis',(3.44516082328994E-15,-6.92471963364319E-29,
1.));
#7719=DIRECTION('ref_axis',(1.,0.,0.));
#7720=DIRECTION('center_axis',(-5.86047458840709E-30,1.,6.92471963364319E-29));
#7721=DIRECTION('ref_axis',(-1.,-5.86047458840733E-30,3.44516082328994E-15));
#7722=DIRECTION('center_axis',(3.44516082328994E-15,-6.92471963364319E-29,
1.));
#7723=DIRECTION('ref_axis',(5.86047458840709E-30,-1.,-6.92471963364319E-29));
#7724=DIRECTION('center_axis',(-5.86047458840709E-30,1.,6.92471963364319E-29));
#7725=DIRECTION('ref_axis',(3.44516082328994E-15,-6.92471963364319E-29,
1.));
#7726=DIRECTION('center_axis',(2.46716227694473E-16,1.,6.84090316246346E-29));
#7727=DIRECTION('ref_axis',(0.707106781186542,-1.74454717631573E-16,0.707106781186553));
#7728=DIRECTION('center_axis',(-5.86047458840709E-30,1.,6.92471963364319E-29));
#7729=DIRECTION('ref_axis',(3.44516082328994E-15,-6.92471963364319E-29,
1.));
#7730=DIRECTION('',(-2.46716227694473E-16,-1.,-6.84090316246346E-29));
#7731=DIRECTION('center_axis',(3.44516082328994E-15,-6.92471963364319E-29,
1.));
#7732=DIRECTION('ref_axis',(1.,0.,0.));
#7733=DIRECTION('center_axis',(5.86047458840709E-30,-1.,-6.92471963364319E-29));
#7734=DIRECTION('ref_axis',(3.44516082328994E-15,-6.92471963364319E-29,
1.));
#7735=DIRECTION('center_axis',(-2.46716227694421E-17,-1.,-6.91732406265675E-29));
#7736=DIRECTION('ref_axis',(-0.707106781186553,1.74454717631002E-17,0.707106781186542));
#7737=DIRECTION('center_axis',(-3.44516082328994E-15,6.92471963364319E-29,
-1.));
#7738=DIRECTION('ref_axis',(-0.707106781186548,-0.707106781186548,2.4360965804265E-15));
#7739=DIRECTION('',(-3.44516082328994E-15,6.92471963364319E-29,-1.));
#7740=DIRECTION('center_axis',(0.207482993197276,-0.978238625047028,9.81043775666717E-13));
#7741=DIRECTION('ref_axis',(0.978238625047028,0.207482993197276,-3.370189386841E-15));
#7742=DIRECTION('center_axis',(-0.207482993197276,0.978238625047028,7.14812279662256E-16));
#7743=DIRECTION('ref_axis',(0.691719165389359,0.146712631470676,0.707106781186546));
#7744=DIRECTION('center_axis',(0.207482993197271,-0.978238625047029,-7.14812279662237E-16));
#7745=DIRECTION('ref_axis',(0.978238625047029,0.207482993197271,-3.37018938684103E-15));
#7746=DIRECTION('center_axis',(3.44516082328994E-15,-6.92471963364319E-29,
1.));
#7747=DIRECTION('ref_axis',(1.,0.,-5.26327952414888E-15));
#7748=DIRECTION('center_axis',(0.918186315867297,-0.396148822229779,-3.16329952390696E-15));
#7749=DIRECTION('ref_axis',(0.396148822229779,0.918186315867297,-1.36479640253842E-15));
#7750=DIRECTION('center_axis',(-3.44516082328994E-15,6.92471963364319E-29,
-1.));
#7751=DIRECTION('ref_axis',(-1.,0.,0.));
#7752=DIRECTION('center_axis',(5.86047458840709E-30,-1.,-6.92471963364319E-29));
#7753=DIRECTION('ref_axis',(1.,5.86047458840733E-30,-3.44516082328994E-15));
#7754=DIRECTION('center_axis',(-1.76225876924687E-17,1.,6.92965001430083E-29));
#7755=DIRECTION('ref_axis',(0.707106781186558,1.24610512593504E-17,0.707106781186537));
#7756=DIRECTION('center_axis',(5.86047458840709E-30,-1.,-6.92471963364319E-29));
#7757=DIRECTION('ref_axis',(1.,5.86047458840733E-30,-3.44516082328994E-15));
#7758=DIRECTION('center_axis',(-3.44516082328994E-15,6.92471963364319E-29,
-1.));
#7759=DIRECTION('ref_axis',(-1.,0.,0.));
#7760=DIRECTION('center_axis',(-0.91818631586731,-0.396148822229749,3.16329952390695E-15));
#7761=DIRECTION('ref_axis',(0.396148822229749,-0.91818631586731,-1.36479640253845E-15));
#7762=DIRECTION('center_axis',(3.44516082328994E-15,-6.92471963364319E-29,
1.));
#7763=DIRECTION('ref_axis',(1.,0.,-5.26327952414888E-15));
#7764=DIRECTION('center_axis',(-0.207482993197288,-0.978238625047025,7.14812279662163E-16));
#7765=DIRECTION('ref_axis',(0.978238625047025,-0.207482993197288,-3.37018938684104E-15));
#7766=DIRECTION('center_axis',(3.44516082328994E-15,-6.92471963364319E-29,
1.));
#7767=DIRECTION('ref_axis',(-0.773634291523808,0.633632372104248,2.66529455271153E-15));
#7768=DIRECTION('center_axis',(0.207482993197288,0.978238625047025,-7.1481227966216E-16));
#7769=DIRECTION('ref_axis',(0.691719165389357,-0.146712631470684,0.707106781186546));
#7770=DIRECTION('center_axis',(-0.207482993197284,-0.978238625047026,7.14812279662147E-16));
#7771=DIRECTION('ref_axis',(0.978238625047026,-0.207482993197284,-3.37018938684104E-15));
#7772=DIRECTION('',(-0.207482993197288,-0.978238625047025,7.1481227966216E-16));
#7773=DIRECTION('center_axis',(-0.978238625047025,0.207482993197288,3.37018938684104E-15));
#7774=DIRECTION('ref_axis',(-0.207482993197288,-0.978238625047025,7.1481227966216E-16));
#7775=DIRECTION('',(3.44516082328994E-15,-6.92471963364319E-29,1.));
#7776=DIRECTION('',(3.44516082328994E-15,-6.92471963364319E-29,1.));
#7777=DIRECTION('center_axis',(3.44516082328994E-15,-6.92471963364319E-29,
1.));
#7778=DIRECTION('ref_axis',(-0.0338381155675993,0.999427326990229,1.1657775008752E-16));
#7779=DIRECTION('center_axis',(3.44516082328994E-15,-6.92471963364319E-29,
1.));
#7780=DIRECTION('ref_axis',(1.,0.,0.));
#7781=DIRECTION('center_axis',(3.44516082328994E-15,-6.92471963364319E-29,
1.));
#7782=DIRECTION('ref_axis',(1.,5.86047458840733E-30,-3.44516082328994E-15));
#7783=DIRECTION('center_axis',(0.,-1.,-6.92471963364319E-29));
#7784=DIRECTION('ref_axis',(-1.,0.,0.));
#7785=DIRECTION('center_axis',(-3.44516082328994E-15,6.92471963364319E-29,
-1.));
#7786=DIRECTION('ref_axis',(1.,5.86047458840733E-30,-3.44516082328994E-15));
#7787=DIRECTION('center_axis',(-3.44516082328994E-15,6.92471963364319E-29,
-1.));
#7788=DIRECTION('ref_axis',(1.,5.86047458840733E-30,-3.44516082328994E-15));
#7789=DIRECTION('center_axis',(3.44516082328994E-15,-6.92471963364319E-29,
1.));
#7790=DIRECTION('ref_axis',(1.,0.,0.));
#7791=DIRECTION('center_axis',(3.44516082328994E-15,-6.92471963364319E-29,
1.));
#7792=DIRECTION('ref_axis',(1.,5.86047458840733E-30,-3.44516082328994E-15));
#7793=DIRECTION('center_axis',(9.10018872643572E-17,-1.,-6.95607124732805E-29));
#7794=DIRECTION('ref_axis',(-1.,-9.10018872643572E-17,0.));
#7795=DIRECTION('center_axis',(-3.44516082328994E-15,6.92471963364319E-29,
-1.));
#7796=DIRECTION('ref_axis',(1.,5.86047458840733E-30,-3.44516082328994E-15));
#7797=DIRECTION('center_axis',(-3.44516082328994E-15,6.92471963364319E-29,
-1.));
#7798=DIRECTION('ref_axis',(1.,5.86047458840733E-30,-3.44516082328994E-15));
#7799=DIRECTION('center_axis',(-3.44516082328994E-15,6.92471963364319E-29,
-1.));
#7800=DIRECTION('ref_axis',(1.,5.86047458840733E-30,-3.44516082328994E-15));
#7801=DIRECTION('center_axis',(-3.44516082328994E-15,6.92471963364319E-29,
-1.));
#7802=DIRECTION('ref_axis',(1.,5.86047458840733E-30,-3.44516082328994E-15));
#7803=DIRECTION('',(3.44516082328994E-15,-6.92471963364319E-29,1.));
#7804=DIRECTION('center_axis',(3.44516082328994E-15,-6.92471963364319E-29,
1.));
#7805=DIRECTION('ref_axis',(0.207482993197286,0.978238625047026,-7.14812279662155E-16));
#7806=DIRECTION('',(3.44516082328994E-15,-6.92471963364319E-29,1.));
#7807=DIRECTION('center_axis',(3.44516082328994E-15,-6.92471963364319E-29,
1.));
#7808=DIRECTION('ref_axis',(1.,5.86047458840733E-30,-3.44516082328994E-15));
#7809=DIRECTION('',(-0.707106781186545,-8.65956056236025E-17,0.70710678118655));
#7810=DIRECTION('center_axis',(3.44516082328994E-15,-6.92471963364319E-29,
1.));
#7811=DIRECTION('ref_axis',(1.,5.86047458840733E-30,-3.44516082328994E-15));
#7812=DIRECTION('',(-0.707106781186545,-8.65956056236025E-17,0.70710678118655));
#7813=DIRECTION('center_axis',(-3.44516082328994E-15,6.92471963364319E-29,
-1.));
#7814=DIRECTION('ref_axis',(0.207482993197281,0.978238625047027,0.));
#7815=DIRECTION('center_axis',(-1.,2.46716227694473E-16,3.44516082328994E-15));
#7816=DIRECTION('ref_axis',(-2.46716227694473E-16,-1.,-6.84090316246346E-29));
#7817=DIRECTION('center_axis',(-3.44516082328994E-15,6.92471963364319E-29,
-1.));
#7818=DIRECTION('ref_axis',(-0.707106781186551,-0.707106781186544,2.43609658042651E-15));
#7819=DIRECTION('',(-3.44516082328994E-15,6.92471963364319E-29,-1.));
#7820=DIRECTION('center_axis',(-1.,2.46716227694473E-16,3.44516082328994E-15));
#7821=DIRECTION('ref_axis',(-2.46716227694473E-16,-1.,-6.84090316246346E-29));
#7822=DIRECTION('center_axis',(-3.44516082328994E-15,6.92471963364319E-29,
-1.));
#7823=DIRECTION('ref_axis',(1.,5.86047458840733E-30,-3.44516082328994E-15));
#7824=DIRECTION('',(-3.44516082328994E-15,6.92471963364319E-29,-1.));
#7825=DIRECTION('center_axis',(-3.44516082328994E-15,6.92471963364319E-29,
-1.));
#7826=DIRECTION('ref_axis',(1.,5.86047458840733E-30,-3.44516082328994E-15));
#7827=DIRECTION('center_axis',(-3.44516082328994E-15,6.92471963364319E-29,
-1.));
#7828=DIRECTION('ref_axis',(1.,5.86047458840733E-30,-3.44516082328994E-15));
#7829=DIRECTION('center_axis',(-3.44516082328994E-15,6.92471963364319E-29,
-1.));
#7830=DIRECTION('ref_axis',(1.,5.86047458840733E-30,-3.44516082328994E-15));
#7831=DIRECTION('',(-3.44516082328994E-15,6.92471963364319E-29,-1.));
#7832=DIRECTION('center_axis',(-3.44516082328994E-15,6.92471963364319E-29,
-1.));
#7833=DIRECTION('ref_axis',(1.,5.86047458840733E-30,-3.44516082328994E-15));
#7834=DIRECTION('center_axis',(-3.44516082328994E-15,6.92471963364319E-29,
-1.));
#7835=DIRECTION('ref_axis',(1.,5.86047458840733E-30,-3.44516082328994E-15));
#7836=DIRECTION('center_axis',(0.978238625047025,-0.20748299319729,-3.37018938684104E-15));
#7837=DIRECTION('ref_axis',(0.20748299319729,0.978238625047025,-7.14812279662168E-16));
#7838=CARTESIAN_POINT('',(0.,0.,0.));
#7839=CARTESIAN_POINT('Origin',(-159.889330067824,50.8211816003524,-369.427966170293));
#7840=CARTESIAN_POINT('',(-159.889330067824,50.8211816003524,-369.427966170293));
#7841=CARTESIAN_POINT('',(-161.863136091422,50.8211816003526,-369.427966170293));
#7842=CARTESIAN_POINT('',(-161.886874878424,50.8211816003527,-369.427966170293));
#7843=CARTESIAN_POINT('',(-159.889330067824,50.8211816003524,-369.827966170293));
#7844=CARTESIAN_POINT('',(-159.889330067824,50.8211816003524,-369.427966170293));
#7845=CARTESIAN_POINT('',(-161.863136091422,50.8211816003526,-369.827966170293));
#7846=CARTESIAN_POINT('',(-159.889330067824,50.8211816003524,-369.827966170293));
#7847=CARTESIAN_POINT('',(-161.863136091422,50.8211816003526,-369.427966170293));
#7848=CARTESIAN_POINT('Origin',(-159.889330067824,50.271104638835,-369.427966170293));
#7849=CARTESIAN_POINT('',(-159.889330067824,50.271104638835,-369.427966170293));
#7850=CARTESIAN_POINT('',(-159.889330067824,47.3727998262251,-369.427966170293));
#7851=CARTESIAN_POINT('',(-159.889330067824,50.271104638835,-369.827966170293));
#7852=CARTESIAN_POINT('',(-159.889330067824,50.271104638835,-369.427966170293));
#7853=CARTESIAN_POINT('',(-159.889330067824,50.271104638835,-369.827966170293));
#7854=CARTESIAN_POINT('Ctrl Pts',(-159.974846341799,49.7325838258467,-369.427966170293));
#7855=CARTESIAN_POINT('Ctrl Pts',(-159.974846341799,49.7325838258467,-369.907966170293));
#7856=CARTESIAN_POINT('Ctrl Pts',(-159.889330067824,49.9013055017195,-369.427966170293));
#7857=CARTESIAN_POINT('Ctrl Pts',(-159.889330067824,49.9013055017195,-369.907966170293));
#7858=CARTESIAN_POINT('Ctrl Pts',(-159.889330067824,50.271104638835,-369.427966170293));
#7859=CARTESIAN_POINT('Ctrl Pts',(-159.889330067824,50.271104638835,-369.907966170293));
#7860=CARTESIAN_POINT('',(-159.974846341799,49.7325838258467,-369.427966170293));
#7861=CARTESIAN_POINT('Ctrl Pts',(-159.974846341799,49.7325838258467,-369.427966170293));
#7862=CARTESIAN_POINT('Ctrl Pts',(-159.889330067824,49.9013055017195,-369.427966170293));
#7863=CARTESIAN_POINT('Ctrl Pts',(-159.889330067824,50.271104638835,-369.427966170293));
#7864=CARTESIAN_POINT('',(-159.974846341799,49.7325838258467,-369.827966170293));
#7865=CARTESIAN_POINT('',(-159.974846341799,49.7325838258467,-369.427966170293));
#7866=CARTESIAN_POINT('Ctrl Pts',(-159.974846341799,49.7325838258467,-369.827966170293));
#7867=CARTESIAN_POINT('Ctrl Pts',(-159.889330067824,49.9013055017195,-369.827966170293));
#7868=CARTESIAN_POINT('Ctrl Pts',(-159.889330067824,50.271104638835,-369.827966170293));
#7869=CARTESIAN_POINT('Ctrl Pts',(-160.272997417639,49.5638633420669,-369.427966170293));
#7870=CARTESIAN_POINT('Ctrl Pts',(-160.272997417639,49.5638633420669,-369.907966170293));
#7871=CARTESIAN_POINT('Ctrl Pts',(-160.060362615775,49.5638633420668,-369.427966170293));
#7872=CARTESIAN_POINT('Ctrl Pts',(-160.060362615775,49.5638633420668,-369.907966170293));
#7873=CARTESIAN_POINT('Ctrl Pts',(-159.974846341799,49.7325838258467,-369.427966170293));
#7874=CARTESIAN_POINT('Ctrl Pts',(-159.974846341799,49.7325838258467,-369.907966170293));
#7875=CARTESIAN_POINT('',(-160.272997417639,49.5638633420669,-369.427966170293));
#7876=CARTESIAN_POINT('Ctrl Pts',(-160.272997417639,49.5638633420669,-369.427966170293));
#7877=CARTESIAN_POINT('Ctrl Pts',(-160.060362615775,49.5638633420668,-369.427966170293));
#7878=CARTESIAN_POINT('Ctrl Pts',(-159.974846341799,49.7325838258467,-369.427966170293));
#7879=CARTESIAN_POINT('',(-160.272997417639,49.5638633420669,-369.827966170293));
#7880=CARTESIAN_POINT('',(-160.272997417639,49.5638633420669,-369.427966170293));
#7881=CARTESIAN_POINT('Ctrl Pts',(-160.272997417639,49.5638633420669,-369.827966170293));
#7882=CARTESIAN_POINT('Ctrl Pts',(-160.060362615775,49.5638633420668,-369.827966170293));
#7883=CARTESIAN_POINT('Ctrl Pts',(-159.974846341799,49.7325838258467,-369.827966170293));
#7884=CARTESIAN_POINT('Origin',(-161.507203974913,49.5638633420671,-369.427966170293));
#7885=CARTESIAN_POINT('',(-161.507203974913,49.5638633420671,-369.427966170293));
#7886=CARTESIAN_POINT('',(-162.695811831969,49.5638633420673,-369.427966170293));
#7887=CARTESIAN_POINT('',(-161.507203974913,49.5638633420671,-369.827966170293));
#7888=CARTESIAN_POINT('',(-161.507203974913,49.5638633420671,-369.427966170293));
#7889=CARTESIAN_POINT('',(-161.507203974913,49.5638633420671,-369.827966170293));
#7890=CARTESIAN_POINT('Ctrl Pts',(-161.738328733634,49.630888765117,-369.427966170293));
#7891=CARTESIAN_POINT('Ctrl Pts',(-161.738328733634,49.630888765117,-369.907966170293));
#7892=CARTESIAN_POINT('Ctrl Pts',(-161.664368906211,49.5638633420671,-369.427966170293));
#7893=CARTESIAN_POINT('Ctrl Pts',(-161.664368906211,49.5638633420671,-369.907966170293));
#7894=CARTESIAN_POINT('Ctrl Pts',(-161.507203974913,49.5638633420671,-369.427966170293));
#7895=CARTESIAN_POINT('Ctrl Pts',(-161.507203974913,49.5638633420671,-369.907966170293));
#7896=CARTESIAN_POINT('',(-161.738328733634,49.630888765117,-369.427966170293));
#7897=CARTESIAN_POINT('Ctrl Pts',(-161.738328733634,49.630888765117,-369.427966170293));
#7898=CARTESIAN_POINT('Ctrl Pts',(-161.664368906211,49.5638633420671,-369.427966170293));
#7899=CARTESIAN_POINT('Ctrl Pts',(-161.507203974913,49.5638633420671,-369.427966170293));
#7900=CARTESIAN_POINT('',(-161.738328733634,49.630888765117,-369.827966170293));
#7901=CARTESIAN_POINT('',(-161.738328733634,49.630888765117,-369.427966170293));
#7902=CARTESIAN_POINT('Ctrl Pts',(-161.738328733634,49.630888765117,-369.827966170293));
#7903=CARTESIAN_POINT('Ctrl Pts',(-161.664368906211,49.5638633420671,-369.827966170293));
#7904=CARTESIAN_POINT('Ctrl Pts',(-161.507203974913,49.5638633420671,-369.827966170293));
#7905=CARTESIAN_POINT('Ctrl Pts',(-161.837712326239,49.8481465032305,-369.427966170293));
#7906=CARTESIAN_POINT('Ctrl Pts',(-161.837712326239,49.8481465032305,-369.907966170293));
#7907=CARTESIAN_POINT('Ctrl Pts',(-161.812288561057,49.6979153802599,-369.427966170293));
#7908=CARTESIAN_POINT('Ctrl Pts',(-161.812288561057,49.6979153802599,-369.907966170293));
#7909=CARTESIAN_POINT('Ctrl Pts',(-161.738328733634,49.630888765117,-369.427966170293));
#7910=CARTESIAN_POINT('Ctrl Pts',(-161.738328733634,49.630888765117,-369.907966170293));
#7911=CARTESIAN_POINT('',(-161.837712326239,49.8481465032305,-369.427966170293));
#7912=CARTESIAN_POINT('Ctrl Pts',(-161.837712326239,49.8481465032305,-369.427966170293));
#7913=CARTESIAN_POINT('Ctrl Pts',(-161.812288561057,49.6979153802599,-369.427966170293));
#7914=CARTESIAN_POINT('Ctrl Pts',(-161.738328733634,49.630888765117,-369.427966170293));
#7915=CARTESIAN_POINT('',(-161.837712326239,49.8481465032305,-369.827966170293));
#7916=CARTESIAN_POINT('',(-161.837712326239,49.8481465032305,-369.427966170293));
#7917=CARTESIAN_POINT('Ctrl Pts',(-161.837712326239,49.8481465032305,-369.827966170293));
#7918=CARTESIAN_POINT('Ctrl Pts',(-161.812288561057,49.6979153802599,-369.827966170293));
#7919=CARTESIAN_POINT('Ctrl Pts',(-161.738328733634,49.630888765117,-369.827966170293));
#7920=CARTESIAN_POINT('Ctrl Pts',(-161.863136091422,50.2942169358934,-369.427966170293));
#7921=CARTESIAN_POINT('Ctrl Pts',(-161.863136091422,50.2942169358934,-369.907966170293));
#7922=CARTESIAN_POINT('Ctrl Pts',(-161.863136091422,49.998377626201,-369.427966170293));
#7923=CARTESIAN_POINT('Ctrl Pts',(-161.863136091422,49.998377626201,-369.907966170293));
#7924=CARTESIAN_POINT('Ctrl Pts',(-161.837712326239,49.8481465032305,-369.427966170293));
#7925=CARTESIAN_POINT('Ctrl Pts',(-161.837712326239,49.8481465032305,-369.907966170293));
#7926=CARTESIAN_POINT('',(-161.863136091422,50.2942169358934,-369.427966170293));
#7927=CARTESIAN_POINT('Ctrl Pts',(-161.863136091422,50.2942169358934,-369.427966170293));
#7928=CARTESIAN_POINT('Ctrl Pts',(-161.863136091422,49.998377626201,-369.427966170293));
#7929=CARTESIAN_POINT('Ctrl Pts',(-161.837712326239,49.8481465032305,-369.427966170293));
#7930=CARTESIAN_POINT('',(-161.863136091422,50.2942169358934,-369.827966170293));
#7931=CARTESIAN_POINT('',(-161.863136091422,50.2942169358934,-369.427966170293));
#7932=CARTESIAN_POINT('Ctrl Pts',(-161.863136091422,50.2942169358934,-369.827966170293));
#7933=CARTESIAN_POINT('Ctrl Pts',(-161.863136091422,49.998377626201,-369.827966170293));
#7934=CARTESIAN_POINT('Ctrl Pts',(-161.837712326239,49.8481465032305,-369.827966170293));
#7935=CARTESIAN_POINT('Origin',(-161.863136091422,50.8211816003526,-369.427966170293));
#7936=CARTESIAN_POINT('',(-161.863136091422,47.647838306984,-369.427966170293));
#7937=CARTESIAN_POINT('',(-161.863136091422,50.8211816003526,-369.827966170293));
#7938=CARTESIAN_POINT('Origin',(-162.376233139228,50.2618599584308,-369.427966170293));
#7939=CARTESIAN_POINT('',(-162.376233139228,50.2618599584308,-369.427966170293));
#7940=CARTESIAN_POINT('',(-162.376233139228,51.5422917058673,-369.427966170293));
#7941=CARTESIAN_POINT('',(-162.376233139228,47.368177486023,-369.427966170293));
#7942=CARTESIAN_POINT('',(-162.376233139228,50.2618599584308,-369.827966170293));
#7943=CARTESIAN_POINT('',(-162.376233139228,50.2618599584308,-369.427966170293));
#7944=CARTESIAN_POINT('',(-162.376233139228,51.5422917058673,-369.827966170293));
#7945=CARTESIAN_POINT('',(-162.376233139228,50.2618599584308,-369.827966170293));
#7946=CARTESIAN_POINT('',(-162.376233139228,51.5422917058673,-369.427966170293));
#7947=CARTESIAN_POINT('Ctrl Pts',(-162.29996184368,49.4159424951282,-369.427966170293));
#7948=CARTESIAN_POINT('Ctrl Pts',(-162.29996184368,49.4159424951282,-369.907966170293));
#7949=CARTESIAN_POINT('Ctrl Pts',(-162.376233139228,49.7210276773181,-369.427966170293));
#7950=CARTESIAN_POINT('Ctrl Pts',(-162.376233139228,49.7210276773181,-369.907966170293));
#7951=CARTESIAN_POINT('Ctrl Pts',(-162.376233139228,50.2618599584308,-369.427966170293));
#7952=CARTESIAN_POINT('Ctrl Pts',(-162.376233139228,50.2618599584308,-369.907966170293));
#7953=CARTESIAN_POINT('',(-162.29996184368,49.4159424951282,-369.427966170293));
#7954=CARTESIAN_POINT('Ctrl Pts',(-162.29996184368,49.4159424951282,-369.427966170293));
#7955=CARTESIAN_POINT('Ctrl Pts',(-162.376233139228,49.7210276773181,-369.427966170293));
#7956=CARTESIAN_POINT('Ctrl Pts',(-162.376233139228,50.2618599584308,-369.427966170293));
#7957=CARTESIAN_POINT('',(-162.29996184368,49.4159424951282,-369.827966170293));
#7958=CARTESIAN_POINT('',(-162.29996184368,49.4159424951282,-369.427966170293));
#7959=CARTESIAN_POINT('Ctrl Pts',(-162.29996184368,49.4159424951282,-369.827966170293));
#7960=CARTESIAN_POINT('Ctrl Pts',(-162.376233139228,49.7210276773181,-369.827966170293));
#7961=CARTESIAN_POINT('Ctrl Pts',(-162.376233139228,50.2618599584308,-369.827966170293));
#7962=CARTESIAN_POINT('Ctrl Pts',(-162.036479511451,48.9768064668383,-369.427966170293));
#7963=CARTESIAN_POINT('Ctrl Pts',(-162.036479511451,48.9768064668383,-369.907966170293));
#7964=CARTESIAN_POINT('Ctrl Pts',(-162.223690548133,49.1108585050311,-369.427966170293));
#7965=CARTESIAN_POINT('Ctrl Pts',(-162.223690548133,49.1108585050311,-369.907966170293));
#7966=CARTESIAN_POINT('Ctrl Pts',(-162.29996184368,49.4159424951282,-369.427966170293));
#7967=CARTESIAN_POINT('Ctrl Pts',(-162.29996184368,49.4159424951282,-369.907966170293));
#7968=CARTESIAN_POINT('',(-162.036479511451,48.9768064668383,-369.427966170293));
#7969=CARTESIAN_POINT('Ctrl Pts',(-162.036479511451,48.9768064668383,-369.427966170293));
#7970=CARTESIAN_POINT('Ctrl Pts',(-162.223690548133,49.1108585050311,-369.427966170293));
#7971=CARTESIAN_POINT('Ctrl Pts',(-162.29996184368,49.4159424951282,-369.427966170293));
#7972=CARTESIAN_POINT('',(-162.036479511451,48.9768064668383,-369.827966170293));
#7973=CARTESIAN_POINT('',(-162.036479511451,48.9768064668383,-369.427966170293));
#7974=CARTESIAN_POINT('Ctrl Pts',(-162.036479511451,48.9768064668383,-369.827966170293));
#7975=CARTESIAN_POINT('Ctrl Pts',(-162.223690548133,49.1108585050311,-369.827966170293));
#7976=CARTESIAN_POINT('Ctrl Pts',(-162.29996184368,49.4159424951282,-369.827966170293));
#7977=CARTESIAN_POINT('Ctrl Pts',(-161.507203974913,48.8427532365526,-369.427966170293));
#7978=CARTESIAN_POINT('Ctrl Pts',(-161.507203974913,48.8427532365526,-369.907966170293));
#7979=CARTESIAN_POINT('Ctrl Pts',(-161.849268474768,48.8427532365526,-369.427966170293));
#7980=CARTESIAN_POINT('Ctrl Pts',(-161.849268474768,48.8427532365526,-369.907966170293));
#7981=CARTESIAN_POINT('Ctrl Pts',(-162.036479511451,48.9768064668383,-369.427966170293));
#7982=CARTESIAN_POINT('Ctrl Pts',(-162.036479511451,48.9768064668383,-369.907966170293));
#7983=CARTESIAN_POINT('',(-161.507203974913,48.8427532365526,-369.427966170293));
#7984=CARTESIAN_POINT('Ctrl Pts',(-161.507203974913,48.8427532365526,-369.427966170293));
#7985=CARTESIAN_POINT('Ctrl Pts',(-161.849268474768,48.8427532365526,-369.427966170293));
#7986=CARTESIAN_POINT('Ctrl Pts',(-162.036479511451,48.9768064668383,-369.427966170293));
#7987=CARTESIAN_POINT('',(-161.507203974913,48.8427532365526,-369.827966170293));
#7988=CARTESIAN_POINT('',(-161.507203974913,48.8427532365526,-369.427966170293));
#7989=CARTESIAN_POINT('Ctrl Pts',(-161.507203974913,48.8427532365526,-369.827966170293));
#7990=CARTESIAN_POINT('Ctrl Pts',(-161.849268474768,48.8427532365526,-369.827966170293));
#7991=CARTESIAN_POINT('Ctrl Pts',(-162.036479511451,48.9768064668383,-369.827966170293));
#7992=CARTESIAN_POINT('Origin',(-160.286865034293,48.8427532365524,-369.427966170293));
#7993=CARTESIAN_POINT('',(-160.286865034293,48.8427532365524,-369.427966170293));
#7994=CARTESIAN_POINT('',(-162.085642361659,48.8427532365527,-369.427966170293));
#7995=CARTESIAN_POINT('',(-160.286865034293,48.8427532365524,-369.827966170293));
#7996=CARTESIAN_POINT('',(-160.286865034293,48.8427532365524,-369.427966170293));
#7997=CARTESIAN_POINT('',(-160.286865034293,48.8427532365524,-369.827966170293));
#7998=CARTESIAN_POINT('Ctrl Pts',(-159.736787774752,48.9860511472426,-369.427966170293));
#7999=CARTESIAN_POINT('Ctrl Pts',(-159.736787774752,48.9860511472426,-369.907966170293));
#8000=CARTESIAN_POINT('Ctrl Pts',(-159.935555257987,48.8427532365523,-369.427966170293));
#8001=CARTESIAN_POINT('Ctrl Pts',(-159.935555257987,48.8427532365523,-369.907966170293));
#8002=CARTESIAN_POINT('Ctrl Pts',(-160.286865034293,48.8427532365524,-369.427966170293));
#8003=CARTESIAN_POINT('Ctrl Pts',(-160.286865034293,48.8427532365524,-369.907966170293));
#8004=CARTESIAN_POINT('',(-159.736787774752,48.9860511472426,-369.427966170293));
#8005=CARTESIAN_POINT('Ctrl Pts',(-159.736787774752,48.9860511472426,-369.427966170293));
#8006=CARTESIAN_POINT('Ctrl Pts',(-159.935555257987,48.8427532365523,-369.427966170293));
#8007=CARTESIAN_POINT('Ctrl Pts',(-160.286865034293,48.8427532365524,-369.427966170293));
#8008=CARTESIAN_POINT('',(-159.736787774752,48.9860511472426,-369.827966170293));
#8009=CARTESIAN_POINT('',(-159.736787774752,48.9860511472426,-369.427966170293));
#8010=CARTESIAN_POINT('Ctrl Pts',(-159.736787774752,48.9860511472426,-369.827966170293));
#8011=CARTESIAN_POINT('Ctrl Pts',(-159.935555257987,48.8427532365523,-369.827966170293));
#8012=CARTESIAN_POINT('Ctrl Pts',(-160.286865034293,48.8427532365524,-369.827966170293));
#8013=CARTESIAN_POINT('Ctrl Pts',(-159.457126655768,49.4344330480299,-369.427966170293));
#8014=CARTESIAN_POINT('Ctrl Pts',(-159.457126655768,49.4344330480299,-369.907966170293));
#8015=CARTESIAN_POINT('Ctrl Pts',(-159.538020589541,49.1293490579329,-369.427966170293));
#8016=CARTESIAN_POINT('Ctrl Pts',(-159.538020589541,49.1293490579329,-369.907966170293));
#8017=CARTESIAN_POINT('Ctrl Pts',(-159.736787774752,48.9860511472426,-369.427966170293));
#8018=CARTESIAN_POINT('Ctrl Pts',(-159.736787774752,48.9860511472426,-369.907966170293));
#8019=CARTESIAN_POINT('',(-159.457126655768,49.4344330480299,-369.427966170293));
#8020=CARTESIAN_POINT('Ctrl Pts',(-159.457126655768,49.4344330480299,-369.427966170293));
#8021=CARTESIAN_POINT('Ctrl Pts',(-159.538020589541,49.1293490579329,-369.427966170293));
#8022=CARTESIAN_POINT('Ctrl Pts',(-159.736787774752,48.9860511472426,-369.427966170293));
#8023=CARTESIAN_POINT('',(-159.457126655768,49.4344330480299,-369.827966170293));
#8024=CARTESIAN_POINT('',(-159.457126655768,49.4344330480299,-369.427966170293));
#8025=CARTESIAN_POINT('Ctrl Pts',(-159.457126655768,49.4344330480299,-369.827966170293));
#8026=CARTESIAN_POINT('Ctrl Pts',(-159.538020589541,49.1293490579329,-369.827966170293));
#8027=CARTESIAN_POINT('Ctrl Pts',(-159.736787774752,48.9860511472426,-369.827966170293));
#8028=CARTESIAN_POINT('Ctrl Pts',(-159.376233020018,50.2664828946791,-369.427966170293));
#8029=CARTESIAN_POINT('Ctrl Pts',(-159.376233020018,50.2664828946791,-369.907966170293));
#8030=CARTESIAN_POINT('Ctrl Pts',(-159.376233020018,49.7395182302198,-369.427966170293));
#8031=CARTESIAN_POINT('Ctrl Pts',(-159.376233020018,49.7395182302198,-369.907966170293));
#8032=CARTESIAN_POINT('Ctrl Pts',(-159.457126655768,49.4344330480299,-369.427966170293));
#8033=CARTESIAN_POINT('Ctrl Pts',(-159.457126655768,49.4344330480299,-369.907966170293));
#8034=CARTESIAN_POINT('',(-159.376233020018,50.2664828946791,-369.427966170293));
#8035=CARTESIAN_POINT('Ctrl Pts',(-159.376233020018,50.2664828946791,-369.427966170293));
#8036=CARTESIAN_POINT('Ctrl Pts',(-159.376233020018,49.7395182302198,-369.427966170293));
#8037=CARTESIAN_POINT('Ctrl Pts',(-159.457126655768,49.4344330480299,-369.427966170293));
#8038=CARTESIAN_POINT('',(-159.376233020018,50.2664828946791,-369.827966170293));
#8039=CARTESIAN_POINT('',(-159.376233020018,50.2664828946791,-369.427966170293));
#8040=CARTESIAN_POINT('Ctrl Pts',(-159.376233020018,50.2664828946791,-369.827966170293));
#8041=CARTESIAN_POINT('Ctrl Pts',(-159.376233020018,49.7395182302198,-369.827966170293));
#8042=CARTESIAN_POINT('Ctrl Pts',(-159.457126655768,49.4344330480299,-369.827966170293));
#8043=CARTESIAN_POINT('Origin',(-159.376233020018,51.5422917058668,-369.427966170293));
#8044=CARTESIAN_POINT('',(-159.376233020018,51.5422917058668,-369.427966170293));
#8045=CARTESIAN_POINT('',(-159.376233020018,48.008393359741,-369.427966170293));
#8046=CARTESIAN_POINT('',(-159.376233020018,51.5422917058668,-369.827966170293));
#8047=CARTESIAN_POINT('',(-159.376233020018,51.5422917058668,-369.427966170293));
#8048=CARTESIAN_POINT('',(-159.376233020018,51.5422917058668,-369.827966170293));
#8049=CARTESIAN_POINT('Origin',(-162.376233139228,51.5422917058673,-369.427966170293));
#8050=CARTESIAN_POINT('',(-163.130326414126,51.5422917058674,-369.427966170293));
#8051=CARTESIAN_POINT('',(-162.376233139228,51.5422917058673,-369.827966170293));
#8052=CARTESIAN_POINT('Origin',(-160.876233079623,44.4744939258303,-369.827966170293));
#8053=CARTESIAN_POINT('Origin',(-162.376233139228,37.4066961457935,-369.427966170293));
#8054=CARTESIAN_POINT('',(-162.376233139228,37.4066961457935,-369.427966170293));
#8055=CARTESIAN_POINT('',(-162.376233139228,39.5145548036304,-369.427966170293));
#8056=CARTESIAN_POINT('',(-162.376233139228,40.9405955797043,-369.427966170293));
#8057=CARTESIAN_POINT('',(-162.376233139228,37.4066961457935,-369.827966170293));
#8058=CARTESIAN_POINT('',(-162.376233139228,37.4066961457935,-369.427966170293));
#8059=CARTESIAN_POINT('',(-162.376233139228,39.5145548036304,-369.827966170293));
#8060=CARTESIAN_POINT('',(-162.376233139228,37.4066961457935,-369.827966170293));
#8061=CARTESIAN_POINT('',(-162.376233139228,39.5145548036304,-369.427966170293));
#8062=CARTESIAN_POINT('Origin',(-161.87238106985,37.4066961457934,-369.427966170293));
#8063=CARTESIAN_POINT('',(-161.87238106985,37.4066961457934,-369.427966170293));
#8064=CARTESIAN_POINT('',(-162.878400379438,37.4066961457935,-369.427966170293));
#8065=CARTESIAN_POINT('',(-161.87238106985,37.4066961457934,-369.827966170293));
#8066=CARTESIAN_POINT('',(-161.87238106985,37.4066961457934,-369.427966170293));
#8067=CARTESIAN_POINT('',(-161.87238106985,37.4066961457934,-369.827966170293));
#8068=CARTESIAN_POINT('Origin',(-161.87238106985,38.8489139726367,-369.427966170293));
#8069=CARTESIAN_POINT('',(-161.87238106985,38.8489139726367,-369.427966170293));
#8070=CARTESIAN_POINT('',(-161.87238106985,41.661704493126,-369.427966170293));
#8071=CARTESIAN_POINT('',(-161.87238106985,38.8489139726367,-369.827966170293));
#8072=CARTESIAN_POINT('',(-161.87238106985,38.8489139726367,-369.427966170293));
#8073=CARTESIAN_POINT('',(-161.87238106985,38.8489139726367,-369.827966170293));
#8074=CARTESIAN_POINT('Origin',(-161.719838776778,38.8489139726366,-369.427966170293));
#8075=CARTESIAN_POINT('',(-161.719838776778,38.8489139726366,-369.427966170293));
#8076=CARTESIAN_POINT('',(-162.802129232902,38.8489139726368,-369.427966170293));
#8077=CARTESIAN_POINT('',(-161.719838776778,38.8489139726366,-369.827966170293));
#8078=CARTESIAN_POINT('',(-161.719838776778,38.8489139726366,-369.427966170293));
#8079=CARTESIAN_POINT('',(-161.719838776778,38.8489139726366,-369.827966170293));
#8080=CARTESIAN_POINT('Ctrl Pts',(-161.479468741606,38.7125528505052,-369.427966170293));
#8081=CARTESIAN_POINT('Ctrl Pts',(-161.479468741606,38.7125528505052,-369.907966170293));
#8082=CARTESIAN_POINT('Ctrl Pts',(-161.581163802336,38.8489139726366,-369.427966170293));
#8083=CARTESIAN_POINT('Ctrl Pts',(-161.581163802336,38.8489139726366,-369.907966170293));
#8084=CARTESIAN_POINT('Ctrl Pts',(-161.719838776778,38.8489139726366,-369.427966170293));
#8085=CARTESIAN_POINT('Ctrl Pts',(-161.719838776778,38.8489139726366,-369.907966170293));
#8086=CARTESIAN_POINT('',(-161.479468741606,38.7125528505052,-369.427966170293));
#8087=CARTESIAN_POINT('Ctrl Pts',(-161.479468741606,38.7125528505052,-369.427966170293));
#8088=CARTESIAN_POINT('Ctrl Pts',(-161.581163802336,38.8489139726366,-369.427966170293));
#8089=CARTESIAN_POINT('Ctrl Pts',(-161.719838776778,38.8489139726366,-369.427966170293));
#8090=CARTESIAN_POINT('',(-161.479468741606,38.7125528505052,-369.827966170293));
#8091=CARTESIAN_POINT('',(-161.479468741606,38.7125528505052,-369.427966170293));
#8092=CARTESIAN_POINT('Ctrl Pts',(-161.479468741606,38.7125528505052,-369.827966170293));
#8093=CARTESIAN_POINT('Ctrl Pts',(-161.581163802336,38.8489139726366,-369.827966170293));
#8094=CARTESIAN_POINT('Ctrl Pts',(-161.719838776778,38.8489139726366,-369.827966170293));
#8095=CARTESIAN_POINT('Ctrl Pts',(-161.294568875026,38.3404410531724,-369.427966170293));
#8096=CARTESIAN_POINT('Ctrl Pts',(-161.294568875026,38.3404410531724,-369.907966170293));
#8097=CARTESIAN_POINT('Ctrl Pts',(-161.377773680876,38.5761869600022,-369.427966170293));
#8098=CARTESIAN_POINT('Ctrl Pts',(-161.377773680876,38.5761869600022,-369.907966170293));
#8099=CARTESIAN_POINT('Ctrl Pts',(-161.479468741606,38.7125528505052,-369.427966170293));
#8100=CARTESIAN_POINT('Ctrl Pts',(-161.479468741606,38.7125528505052,-369.907966170293));
#8101=CARTESIAN_POINT('',(-161.294568875026,38.3404410531724,-369.427966170293));
#8102=CARTESIAN_POINT('Ctrl Pts',(-161.294568875026,38.3404410531724,-369.427966170293));
#8103=CARTESIAN_POINT('Ctrl Pts',(-161.377773680876,38.5761869600022,-369.427966170293));
#8104=CARTESIAN_POINT('Ctrl Pts',(-161.479468741606,38.7125528505052,-369.427966170293));
#8105=CARTESIAN_POINT('',(-161.294568875026,38.3404410531724,-369.827966170293));
#8106=CARTESIAN_POINT('',(-161.294568875026,38.3404410531724,-369.427966170293));
#8107=CARTESIAN_POINT('Ctrl Pts',(-161.294568875026,38.3404410531724,-369.827966170293));
#8108=CARTESIAN_POINT('Ctrl Pts',(-161.377773680876,38.5761869600022,-369.827966170293));
#8109=CARTESIAN_POINT('Ctrl Pts',(-161.479468741606,38.7125528505052,-369.827966170293));
#8110=CARTESIAN_POINT('Ctrl Pts',(-161.137403943728,37.9151714494432,-369.427966170293));
#8111=CARTESIAN_POINT('Ctrl Pts',(-161.137403943728,37.9151714494432,-369.907966170293));
#8112=CARTESIAN_POINT('Ctrl Pts',(-161.225231387805,38.1231821229661,-369.427966170293));
#8113=CARTESIAN_POINT('Ctrl Pts',(-161.225231387805,38.1231821229661,-369.907966170293));
#8114=CARTESIAN_POINT('Ctrl Pts',(-161.294568875026,38.3404410531724,-369.427966170293));
#8115=CARTESIAN_POINT('Ctrl Pts',(-161.294568875026,38.3404410531724,-369.907966170293));
#8116=CARTESIAN_POINT('',(-161.137403943728,37.9151714494432,-369.427966170293));
#8117=CARTESIAN_POINT('Ctrl Pts',(-161.137403943728,37.9151714494432,-369.427966170293));
#8118=CARTESIAN_POINT('Ctrl Pts',(-161.225231387805,38.1231821229661,-369.427966170293));
#8119=CARTESIAN_POINT('Ctrl Pts',(-161.294568875026,38.3404410531724,-369.427966170293));
#8120=CARTESIAN_POINT('',(-161.137403943728,37.9151714494432,-369.827966170293));
#8121=CARTESIAN_POINT('',(-161.137403943728,37.9151714494432,-369.427966170293));
#8122=CARTESIAN_POINT('Ctrl Pts',(-161.137403943728,37.9151714494432,-369.827966170293));
#8123=CARTESIAN_POINT('Ctrl Pts',(-161.225231387805,38.1231821229661,-369.827966170293));
#8124=CARTESIAN_POINT('Ctrl Pts',(-161.294568875026,38.3404410531724,-369.827966170293));
#8125=CARTESIAN_POINT('Ctrl Pts',(-160.8762327816,37.5523055246079,-369.427966170293));
#8126=CARTESIAN_POINT('Ctrl Pts',(-160.8762327816,37.5523055246079,-369.907966170293));
#8127=CARTESIAN_POINT('Ctrl Pts',(-161.049576499652,37.6932895829881,-369.427966170293));
#8128=CARTESIAN_POINT('Ctrl Pts',(-161.049576499652,37.6932895829881,-369.907966170293));
#8129=CARTESIAN_POINT('Ctrl Pts',(-161.137403943728,37.9151714494432,-369.427966170293));
#8130=CARTESIAN_POINT('Ctrl Pts',(-161.137403943728,37.9151714494432,-369.907966170293));
#8131=CARTESIAN_POINT('',(-160.8762327816,37.5523055246079,-369.427966170293));
#8132=CARTESIAN_POINT('Ctrl Pts',(-160.8762327816,37.5523055246079,-369.427966170293));
#8133=CARTESIAN_POINT('Ctrl Pts',(-161.049576499652,37.6932895829881,-369.427966170293));
#8134=CARTESIAN_POINT('Ctrl Pts',(-161.137403943728,37.9151714494432,-369.427966170293));
#8135=CARTESIAN_POINT('',(-160.8762327816,37.5523055246079,-369.827966170293));
#8136=CARTESIAN_POINT('',(-160.8762327816,37.5523055246079,-369.427966170293));
#8137=CARTESIAN_POINT('Ctrl Pts',(-160.8762327816,37.5523055246079,-369.827966170293));
#8138=CARTESIAN_POINT('Ctrl Pts',(-161.049576499652,37.6932895829881,-369.827966170293));
#8139=CARTESIAN_POINT('Ctrl Pts',(-161.137403943728,37.9151714494432,-369.827966170293));
#8140=CARTESIAN_POINT('Ctrl Pts',(-160.467141964625,37.4113190820419,-369.427966170293));
#8141=CARTESIAN_POINT('Ctrl Pts',(-160.467141964625,37.4113190820419,-369.907966170293));
#8142=CARTESIAN_POINT('Ctrl Pts',(-160.702889361571,37.411319082042,-369.427966170293));
#8143=CARTESIAN_POINT('Ctrl Pts',(-160.702889361571,37.411319082042,-369.907966170293));
#8144=CARTESIAN_POINT('Ctrl Pts',(-160.8762327816,37.5523055246079,-369.427966170293));
#8145=CARTESIAN_POINT('Ctrl Pts',(-160.8762327816,37.5523055246079,-369.907966170293));
#8146=CARTESIAN_POINT('',(-160.467141964625,37.4113190820419,-369.427966170293));
#8147=CARTESIAN_POINT('Ctrl Pts',(-160.467141964625,37.4113190820419,-369.427966170293));
#8148=CARTESIAN_POINT('Ctrl Pts',(-160.702889361571,37.411319082042,-369.427966170293));
#8149=CARTESIAN_POINT('Ctrl Pts',(-160.8762327816,37.5523055246079,-369.427966170293));
#8150=CARTESIAN_POINT('',(-160.467141964625,37.4113190820419,-369.827966170293));
#8151=CARTESIAN_POINT('',(-160.467141964625,37.4113190820419,-369.427966170293));
#8152=CARTESIAN_POINT('Ctrl Pts',(-160.467141964625,37.4113190820419,-369.827966170293));
#8153=CARTESIAN_POINT('Ctrl Pts',(-160.702889361571,37.411319082042,-369.827966170293));
#8154=CARTESIAN_POINT('Ctrl Pts',(-160.8762327816,37.5523055246079,-369.827966170293));
#8155=CARTESIAN_POINT('Origin',(-160.051117339324,37.4113190820418,-369.427966170293));
#8156=CARTESIAN_POINT('',(-160.051117339324,37.4113190820418,-369.427966170293));
#8157=CARTESIAN_POINT('',(-161.967768514175,37.4113190820422,-369.427966170293));
#8158=CARTESIAN_POINT('',(-160.051117339324,37.4113190820418,-369.827966170293));
#8159=CARTESIAN_POINT('',(-160.051117339324,37.4113190820418,-369.427966170293));
#8160=CARTESIAN_POINT('',(-160.051117339324,37.4113190820418,-369.827966170293));
#8161=CARTESIAN_POINT('Ctrl Pts',(-159.496417739581,37.6771128823957,-369.427966170293));
#8162=CARTESIAN_POINT('Ctrl Pts',(-159.496417739581,37.6771128823957,-369.907966170293));
#8163=CARTESIAN_POINT('Ctrl Pts',(-159.662827649306,37.4113190820417,-369.427966170293));
#8164=CARTESIAN_POINT('Ctrl Pts',(-159.662827649306,37.4113190820417,-369.907966170293));
#8165=CARTESIAN_POINT('Ctrl Pts',(-160.051117339324,37.4113190820418,-369.427966170293));
#8166=CARTESIAN_POINT('Ctrl Pts',(-160.051117339324,37.4113190820418,-369.907966170293));
#8167=CARTESIAN_POINT('',(-159.496417739581,37.6771128823957,-369.427966170293));
#8168=CARTESIAN_POINT('Ctrl Pts',(-159.496417739581,37.6771128823957,-369.427966170293));
#8169=CARTESIAN_POINT('Ctrl Pts',(-159.662827649306,37.4113190820417,-369.427966170293));
#8170=CARTESIAN_POINT('Ctrl Pts',(-160.051117339324,37.4113190820418,-369.427966170293));
#8171=CARTESIAN_POINT('',(-159.496417739581,37.6771128823957,-369.827966170293));
#8172=CARTESIAN_POINT('',(-159.496417739581,37.6771128823957,-369.427966170293));
#8173=CARTESIAN_POINT('Ctrl Pts',(-159.496417739581,37.6771128823957,-369.827966170293));
#8174=CARTESIAN_POINT('Ctrl Pts',(-159.662827649306,37.4113190820417,-369.827966170293));
#8175=CARTESIAN_POINT('Ctrl Pts',(-160.051117339324,37.4113190820418,-369.827966170293));
#8176=CARTESIAN_POINT('Ctrl Pts',(-159.330007829856,38.4883607080183,-369.427966170293));
#8177=CARTESIAN_POINT('Ctrl Pts',(-159.330007829856,38.4883607080183,-369.907966170293));
#8178=CARTESIAN_POINT('Ctrl Pts',(-159.330007829856,37.942904298564,-369.427966170293));
#8179=CARTESIAN_POINT('Ctrl Pts',(-159.330007829856,37.942904298564,-369.907966170293));
#8180=CARTESIAN_POINT('Ctrl Pts',(-159.496417739581,37.6771128823957,-369.427966170293));
#8181=CARTESIAN_POINT('Ctrl Pts',(-159.496417739581,37.6771128823957,-369.907966170293));
#8182=CARTESIAN_POINT('',(-159.330007829856,38.4883607080183,-369.427966170293));
#8183=CARTESIAN_POINT('Ctrl Pts',(-159.330007829856,38.4883607080183,-369.427966170293));
#8184=CARTESIAN_POINT('Ctrl Pts',(-159.330007829856,37.942904298564,-369.427966170293));
#8185=CARTESIAN_POINT('Ctrl Pts',(-159.496417739581,37.6771128823957,-369.427966170293));
#8186=CARTESIAN_POINT('',(-159.330007829856,38.4883607080183,-369.827966170293));
#8187=CARTESIAN_POINT('',(-159.330007829856,38.4883607080183,-369.427966170293));
#8188=CARTESIAN_POINT('Ctrl Pts',(-159.330007829856,38.4883607080183,-369.827966170293));
#8189=CARTESIAN_POINT('Ctrl Pts',(-159.330007829856,37.942904298564,-369.827966170293));
#8190=CARTESIAN_POINT('Ctrl Pts',(-159.496417739581,37.6771128823957,-369.827966170293));
#8191=CARTESIAN_POINT('Ctrl Pts',(-159.42708025236,39.4544637849531,-369.427966170293));
#8192=CARTESIAN_POINT('Ctrl Pts',(-159.42708025236,39.4544637849531,-369.907966170293));
#8193=CARTESIAN_POINT('Ctrl Pts',(-159.330007829856,38.9922130754194,-369.427966170293));
#8194=CARTESIAN_POINT('Ctrl Pts',(-159.330007829856,38.9922130754194,-369.907966170293));
#8195=CARTESIAN_POINT('Ctrl Pts',(-159.330007829856,38.4883607080183,-369.427966170293));
#8196=CARTESIAN_POINT('Ctrl Pts',(-159.330007829856,38.4883607080183,-369.907966170293));
#8197=CARTESIAN_POINT('',(-159.42708025236,39.4544637849531,-369.427966170293));
#8198=CARTESIAN_POINT('Ctrl Pts',(-159.42708025236,39.4544637849531,-369.427966170293));
#8199=CARTESIAN_POINT('Ctrl Pts',(-159.330007829856,38.9922130754194,-369.427966170293));
#8200=CARTESIAN_POINT('Ctrl Pts',(-159.330007829856,38.4883607080183,-369.427966170293));
#8201=CARTESIAN_POINT('',(-159.42708025236,39.4544637849531,-369.827966170293));
#8202=CARTESIAN_POINT('',(-159.42708025236,39.4544637849531,-369.427966170293));
#8203=CARTESIAN_POINT('Ctrl Pts',(-159.42708025236,39.4544637849531,-369.827966170293));
#8204=CARTESIAN_POINT('Ctrl Pts',(-159.330007829856,38.9922130754194,-369.827966170293));
#8205=CARTESIAN_POINT('Ctrl Pts',(-159.330007829856,38.4883607080183,-369.827966170293));
#8206=CARTESIAN_POINT('Origin',(-159.93555466194,39.4544637849532,-369.427966170293));
#8207=CARTESIAN_POINT('',(-159.93555466194,39.4544637849532,-369.427966170293));
#8208=CARTESIAN_POINT('',(-161.909987175484,39.4544637849535,-369.427966170293));
#8209=CARTESIAN_POINT('',(-159.93555466194,39.4544637849532,-369.827966170293));
#8210=CARTESIAN_POINT('',(-159.93555466194,39.4544637849532,-369.427966170293));
#8211=CARTESIAN_POINT('',(-159.93555466194,39.4544637849532,-369.827966170293));
#8212=CARTESIAN_POINT('Ctrl Pts',(-159.81999228258,38.6131680658065,-369.427966170293));
#8213=CARTESIAN_POINT('Ctrl Pts',(-159.81999228258,38.6131680658065,-369.907966170293));
#8214=CARTESIAN_POINT('Ctrl Pts',(-159.81999228258,38.932119672557,-369.427966170293));
#8215=CARTESIAN_POINT('Ctrl Pts',(-159.81999228258,38.932119672557,-369.907966170293));
#8216=CARTESIAN_POINT('Ctrl Pts',(-159.93555466194,39.4544637849532,-369.427966170293));
#8217=CARTESIAN_POINT('Ctrl Pts',(-159.93555466194,39.4544637849532,-369.907966170293));
#8218=CARTESIAN_POINT('',(-159.81999228258,38.6131680658065,-369.427966170293));
#8219=CARTESIAN_POINT('Ctrl Pts',(-159.81999228258,38.6131680658065,-369.427966170293));
#8220=CARTESIAN_POINT('Ctrl Pts',(-159.81999228258,38.932119672557,-369.427966170293));
#8221=CARTESIAN_POINT('Ctrl Pts',(-159.93555466194,39.4544637849532,-369.427966170293));
#8222=CARTESIAN_POINT('',(-159.81999228258,38.6131680658065,-369.827966170293));
#8223=CARTESIAN_POINT('',(-159.81999228258,38.6131680658065,-369.427966170293));
#8224=CARTESIAN_POINT('Ctrl Pts',(-159.81999228258,38.6131680658065,-369.827966170293));
#8225=CARTESIAN_POINT('Ctrl Pts',(-159.81999228258,38.932119672557,-369.827966170293));
#8226=CARTESIAN_POINT('Ctrl Pts',(-159.93555466194,39.4544637849532,-369.827966170293));
#8227=CARTESIAN_POINT('Ctrl Pts',(-159.870839812945,38.2248771836959,-369.427966170293));
#8228=CARTESIAN_POINT('Ctrl Pts',(-159.870839812945,38.2248771836959,-369.907966170293));
#8229=CARTESIAN_POINT('Ctrl Pts',(-159.81999228258,38.349684541484,-369.427966170293));
#8230=CARTESIAN_POINT('Ctrl Pts',(-159.81999228258,38.349684541484,-369.907966170293));
#8231=CARTESIAN_POINT('Ctrl Pts',(-159.81999228258,38.6131680658065,-369.427966170293));
#8232=CARTESIAN_POINT('Ctrl Pts',(-159.81999228258,38.6131680658065,-369.907966170293));
#8233=CARTESIAN_POINT('',(-159.870839812945,38.2248771836959,-369.427966170293));
#8234=CARTESIAN_POINT('Ctrl Pts',(-159.870839812945,38.2248771836959,-369.427966170293));
#8235=CARTESIAN_POINT('Ctrl Pts',(-159.81999228258,38.349684541484,-369.427966170293));
#8236=CARTESIAN_POINT('Ctrl Pts',(-159.81999228258,38.6131680658065,-369.427966170293));
#8237=CARTESIAN_POINT('',(-159.870839812945,38.2248771836959,-369.827966170293));
#8238=CARTESIAN_POINT('',(-159.870839812945,38.2248771836959,-369.427966170293));
#8239=CARTESIAN_POINT('Ctrl Pts',(-159.870839812945,38.2248771836959,-369.827966170293));
#8240=CARTESIAN_POINT('Ctrl Pts',(-159.81999228258,38.349684541484,-369.827966170293));
#8241=CARTESIAN_POINT('Ctrl Pts',(-159.81999228258,38.6131680658065,-369.827966170293));
#8242=CARTESIAN_POINT('Ctrl Pts',(-160.060362317752,38.1093156984053,-369.427966170293));
#8243=CARTESIAN_POINT('Ctrl Pts',(-160.060362317752,38.1093156984053,-369.907966170293));
#8244=CARTESIAN_POINT('Ctrl Pts',(-159.917064705085,38.1093156984053,-369.427966170293));
#8245=CARTESIAN_POINT('Ctrl Pts',(-159.917064705085,38.1093156984053,-369.907966170293));
#8246=CARTESIAN_POINT('Ctrl Pts',(-159.870839812945,38.2248771836959,-369.427966170293));
#8247=CARTESIAN_POINT('Ctrl Pts',(-159.870839812945,38.2248771836959,-369.907966170293));
#8248=CARTESIAN_POINT('',(-160.060362317752,38.1093156984053,-369.427966170293));
#8249=CARTESIAN_POINT('Ctrl Pts',(-160.060362317752,38.1093156984053,-369.427966170293));
#8250=CARTESIAN_POINT('Ctrl Pts',(-159.917064705085,38.1093156984053,-369.427966170293));
#8251=CARTESIAN_POINT('Ctrl Pts',(-159.870839812945,38.2248771836959,-369.427966170293));
#8252=CARTESIAN_POINT('',(-160.060362317752,38.1093156984053,-369.827966170293));
#8253=CARTESIAN_POINT('',(-160.060362317752,38.1093156984053,-369.427966170293));
#8254=CARTESIAN_POINT('Ctrl Pts',(-160.060362317752,38.1093156984053,-369.827966170293));
#8255=CARTESIAN_POINT('Ctrl Pts',(-159.917064705085,38.1093156984053,-369.827966170293));
#8256=CARTESIAN_POINT('Ctrl Pts',(-159.870839812945,38.2248771836959,-369.827966170293));
#8257=CARTESIAN_POINT('Origin',(-160.444029369544,38.1093156984054,-369.427966170293));
#8258=CARTESIAN_POINT('',(-160.444029369544,38.1093156984054,-369.427966170293));
#8259=CARTESIAN_POINT('',(-162.164224529285,38.1093156984057,-369.427966170293));
#8260=CARTESIAN_POINT('',(-160.444029369544,38.1093156984054,-369.827966170293));
#8261=CARTESIAN_POINT('',(-160.444029369544,38.1093156984054,-369.427966170293));
#8262=CARTESIAN_POINT('',(-160.444029369544,38.1093156984054,-369.827966170293));
#8263=CARTESIAN_POINT('Ctrl Pts',(-160.652041831206,38.2387459924423,-369.427966170293));
#8264=CARTESIAN_POINT('Ctrl Pts',(-160.652041831206,38.2387459924423,-369.907966170293));
#8265=CARTESIAN_POINT('Ctrl Pts',(-160.56421438713,38.1093156984054,-369.427966170293));
#8266=CARTESIAN_POINT('Ctrl Pts',(-160.56421438713,38.1093156984054,-369.907966170293));
#8267=CARTESIAN_POINT('Ctrl Pts',(-160.444029369544,38.1093156984054,-369.427966170293));
#8268=CARTESIAN_POINT('Ctrl Pts',(-160.444029369544,38.1093156984054,-369.907966170293));
#8269=CARTESIAN_POINT('',(-160.652041831206,38.2387459924423,-369.427966170293));
#8270=CARTESIAN_POINT('Ctrl Pts',(-160.652041831206,38.2387459924423,-369.427966170293));
#8271=CARTESIAN_POINT('Ctrl Pts',(-160.56421438713,38.1093156984054,-369.427966170293));
#8272=CARTESIAN_POINT('Ctrl Pts',(-160.444029369544,38.1093156984054,-369.427966170293));
#8273=CARTESIAN_POINT('',(-160.652041831206,38.2387459924423,-369.827966170293));
#8274=CARTESIAN_POINT('',(-160.652041831206,38.2387459924423,-369.427966170293));
#8275=CARTESIAN_POINT('Ctrl Pts',(-160.652041831206,38.2387459924423,-369.827966170293));
#8276=CARTESIAN_POINT('Ctrl Pts',(-160.56421438713,38.1093156984054,-369.827966170293));
#8277=CARTESIAN_POINT('Ctrl Pts',(-160.444029369544,38.1093156984054,-369.827966170293));
#8278=CARTESIAN_POINT('Ctrl Pts',(-160.818451740931,38.6039245774948,-369.427966170293));
#8279=CARTESIAN_POINT('Ctrl Pts',(-160.818451740931,38.6039245774948,-369.907966170293));
#8280=CARTESIAN_POINT('Ctrl Pts',(-160.739869275283,38.3681762864792,-369.427966170293));
#8281=CARTESIAN_POINT('Ctrl Pts',(-160.739869275283,38.3681762864792,-369.907966170293));
#8282=CARTESIAN_POINT('Ctrl Pts',(-160.652041831206,38.2387459924423,-369.427966170293));
#8283=CARTESIAN_POINT('Ctrl Pts',(-160.652041831206,38.2387459924423,-369.907966170293));
#8284=CARTESIAN_POINT('',(-160.818451740931,38.6039245774948,-369.427966170293));
#8285=CARTESIAN_POINT('Ctrl Pts',(-160.818451740931,38.6039245774948,-369.427966170293));
#8286=CARTESIAN_POINT('Ctrl Pts',(-160.739869275283,38.3681762864792,-369.427966170293));
#8287=CARTESIAN_POINT('Ctrl Pts',(-160.652041831206,38.2387459924423,-369.427966170293));
#8288=CARTESIAN_POINT('',(-160.818451740931,38.6039245774948,-369.827966170293));
#8289=CARTESIAN_POINT('',(-160.818451740931,38.6039245774948,-369.427966170293));
#8290=CARTESIAN_POINT('Ctrl Pts',(-160.818451740931,38.6039245774948,-369.827966170293));
#8291=CARTESIAN_POINT('Ctrl Pts',(-160.739869275283,38.3681762864792,-369.827966170293));
#8292=CARTESIAN_POINT('Ctrl Pts',(-160.652041831206,38.2387459924423,-369.827966170293));
#8293=CARTESIAN_POINT('Ctrl Pts',(-160.975616672229,39.0153253724777,-369.427966170293));
#8294=CARTESIAN_POINT('Ctrl Pts',(-160.975616672229,39.0153253724777,-369.907966170293));
#8295=CARTESIAN_POINT('Ctrl Pts',(-160.89703420658,38.8396704843247,-369.427966170293));
#8296=CARTESIAN_POINT('Ctrl Pts',(-160.89703420658,38.8396704843247,-369.907966170293));
#8297=CARTESIAN_POINT('Ctrl Pts',(-160.818451740931,38.6039245774948,-369.427966170293));
#8298=CARTESIAN_POINT('Ctrl Pts',(-160.818451740931,38.6039245774948,-369.907966170293));
#8299=CARTESIAN_POINT('',(-160.975616672229,39.0153253724777,-369.427966170293));
#8300=CARTESIAN_POINT('Ctrl Pts',(-160.975616672229,39.0153253724777,-369.427966170293));
#8301=CARTESIAN_POINT('Ctrl Pts',(-160.89703420658,38.8396704843247,-369.427966170293));
#8302=CARTESIAN_POINT('Ctrl Pts',(-160.818451740931,38.6039245774948,-369.427966170293));
#8303=CARTESIAN_POINT('',(-160.975616672229,39.0153253724777,-369.827966170293));
#8304=CARTESIAN_POINT('',(-160.975616672229,39.0153253724777,-369.427966170293));
#8305=CARTESIAN_POINT('Ctrl Pts',(-160.975616672229,39.0153253724777,-369.827966170293));
#8306=CARTESIAN_POINT('Ctrl Pts',(-160.89703420658,38.8396704843247,-369.827966170293));
#8307=CARTESIAN_POINT('Ctrl Pts',(-160.818451740931,38.6039245774948,-369.827966170293));
#8308=CARTESIAN_POINT('Ctrl Pts',(-161.257588961314,39.3758810212815,-369.427966170293));
#8309=CARTESIAN_POINT('Ctrl Pts',(-161.257588961314,39.3758810212815,-369.907966170293));
#8310=CARTESIAN_POINT('Ctrl Pts',(-161.072689094733,39.2372048547471,-369.427966170293));
#8311=CARTESIAN_POINT('Ctrl Pts',(-161.072689094733,39.2372048547471,-369.907966170293));
#8312=CARTESIAN_POINT('Ctrl Pts',(-160.975616672229,39.0153253724777,-369.427966170293));
#8313=CARTESIAN_POINT('Ctrl Pts',(-160.975616672229,39.0153253724777,-369.907966170293));
#8314=CARTESIAN_POINT('',(-161.257588961314,39.3758810212815,-369.427966170293));
#8315=CARTESIAN_POINT('Ctrl Pts',(-161.257588961314,39.3758810212815,-369.427966170293));
#8316=CARTESIAN_POINT('Ctrl Pts',(-161.072689094733,39.2372048547471,-369.427966170293));
#8317=CARTESIAN_POINT('Ctrl Pts',(-160.975616672229,39.0153253724777,-369.427966170293));
#8318=CARTESIAN_POINT('',(-161.257588961314,39.3758810212815,-369.827966170293));
#8319=CARTESIAN_POINT('',(-161.257588961314,39.3758810212815,-369.427966170293));
#8320=CARTESIAN_POINT('Ctrl Pts',(-161.257588961314,39.3758810212815,-369.827966170293));
#8321=CARTESIAN_POINT('Ctrl Pts',(-161.072689094733,39.2372048547471,-369.827966170293));
#8322=CARTESIAN_POINT('Ctrl Pts',(-160.975616672229,39.0153253724777,-369.827966170293));
#8323=CARTESIAN_POINT('Ctrl Pts',(-161.692103543471,39.5145548036302,-369.427966170293));
#8324=CARTESIAN_POINT('Ctrl Pts',(-161.692103543471,39.5145548036302,-369.907966170293));
#8325=CARTESIAN_POINT('Ctrl Pts',(-161.442488827895,39.5145548036302,-369.427966170293));
#8326=CARTESIAN_POINT('Ctrl Pts',(-161.442488827895,39.5145548036302,-369.907966170293));
#8327=CARTESIAN_POINT('Ctrl Pts',(-161.257588961314,39.3758810212815,-369.427966170293));
#8328=CARTESIAN_POINT('Ctrl Pts',(-161.257588961314,39.3758810212815,-369.907966170293));
#8329=CARTESIAN_POINT('',(-161.692103543471,39.5145548036302,-369.427966170293));
#8330=CARTESIAN_POINT('Ctrl Pts',(-161.692103543471,39.5145548036302,-369.427966170293));
#8331=CARTESIAN_POINT('Ctrl Pts',(-161.442488827895,39.5145548036302,-369.427966170293));
#8332=CARTESIAN_POINT('Ctrl Pts',(-161.257588961314,39.3758810212815,-369.427966170293));
#8333=CARTESIAN_POINT('',(-161.692103543471,39.5145548036302,-369.827966170293));
#8334=CARTESIAN_POINT('',(-161.692103543471,39.5145548036302,-369.427966170293));
#8335=CARTESIAN_POINT('Ctrl Pts',(-161.692103543471,39.5145548036302,-369.827966170293));
#8336=CARTESIAN_POINT('Ctrl Pts',(-161.442488827895,39.5145548036302,-369.827966170293));
#8337=CARTESIAN_POINT('Ctrl Pts',(-161.257588961314,39.3758810212815,-369.827966170293));
#8338=CARTESIAN_POINT('Origin',(-162.376233139228,39.5145548036304,-369.427966170293));
#8339=CARTESIAN_POINT('',(-163.130326414127,39.5145548036305,-369.427966170293));
#8340=CARTESIAN_POINT('',(-162.376233139228,39.5145548036304,-369.827966170293));
#8341=CARTESIAN_POINT('Origin',(-160.876233079623,44.4744939258303,-369.827966170293));
#8342=CARTESIAN_POINT('Origin',(-162.376233139228,40.7949865510669,-369.427966170293));
#8343=CARTESIAN_POINT('',(-162.376233139228,40.7949865510669,-369.427966170293));
#8344=CARTESIAN_POINT('',(-162.376233139228,41.5160978486743,-369.427966170293));
#8345=CARTESIAN_POINT('',(-162.376233139228,42.634740782341,-369.427966170293));
#8346=CARTESIAN_POINT('',(-162.376233139228,40.7949865510669,-369.827966170293));
#8347=CARTESIAN_POINT('',(-162.376233139228,40.7949865510669,-369.427966170293));
#8348=CARTESIAN_POINT('',(-162.376233139228,41.5160978486743,-369.827966170293));
#8349=CARTESIAN_POINT('',(-162.376233139228,40.7949865510669,-369.827966170293));
#8350=CARTESIAN_POINT('',(-162.376233139228,41.5160978486743,-369.427966170293));
#8351=CARTESIAN_POINT('Origin',(-159.889330067824,40.7949865510665,-369.427966170293));
#8352=CARTESIAN_POINT('',(-159.889330067824,40.7949865510665,-369.427966170293));
#8353=CARTESIAN_POINT('',(-161.886874878425,40.7949865510668,-369.427966170293));
#8354=CARTESIAN_POINT('',(-159.889330067824,40.7949865510665,-369.827966170293));
#8355=CARTESIAN_POINT('',(-159.889330067824,40.7949865510665,-369.427966170293));
#8356=CARTESIAN_POINT('',(-159.889330067824,40.7949865510665,-369.827966170293));
#8357=CARTESIAN_POINT('Origin',(-159.889330067824,39.8751104524337,-369.427966170293));
#8358=CARTESIAN_POINT('',(-159.889330067824,39.8751104524337,-369.427966170293));
#8359=CARTESIAN_POINT('',(-159.889330067824,42.1748027330244,-369.427966170293));
#8360=CARTESIAN_POINT('',(-159.889330067824,39.8751104524337,-369.827966170293));
#8361=CARTESIAN_POINT('',(-159.889330067824,39.8751104524337,-369.427966170293));
#8362=CARTESIAN_POINT('',(-159.889330067824,39.8751104524337,-369.827966170293));
#8363=CARTESIAN_POINT('Origin',(-159.376233020018,39.8751104524336,-369.427966170293));
#8364=CARTESIAN_POINT('',(-159.376233020018,39.8751104524336,-369.427966170293));
#8365=CARTESIAN_POINT('',(-161.630326354522,39.8751104524339,-369.427966170293));
#8366=CARTESIAN_POINT('',(-159.376233020018,39.8751104524336,-369.827966170293));
#8367=CARTESIAN_POINT('',(-159.376233020018,39.8751104524336,-369.427966170293));
#8368=CARTESIAN_POINT('',(-159.376233020018,39.8751104524336,-369.827966170293));
#8369=CARTESIAN_POINT('Origin',(-159.376233020018,42.4405968835554,-369.427966170293));
#8370=CARTESIAN_POINT('',(-159.376233020018,42.4405968835554,-369.427966170293));
#8371=CARTESIAN_POINT('',(-159.376233020018,43.4575459485853,-369.427966170293));
#8372=CARTESIAN_POINT('',(-159.376233020018,42.4405968835554,-369.827966170293));
#8373=CARTESIAN_POINT('',(-159.376233020018,42.4405968835554,-369.427966170293));
#8374=CARTESIAN_POINT('',(-159.376233020018,42.4405968835554,-369.827966170293));
#8375=CARTESIAN_POINT('Origin',(-159.889330067824,42.4405968835555,-369.427966170293));
#8376=CARTESIAN_POINT('',(-159.889330067824,42.4405968835555,-369.427966170293));
#8377=CARTESIAN_POINT('',(-161.886874878425,42.4405968835558,-369.427966170293));
#8378=CARTESIAN_POINT('',(-159.889330067824,42.4405968835555,-369.827966170293));
#8379=CARTESIAN_POINT('',(-159.889330067824,42.4405968835555,-369.427966170293));
#8380=CARTESIAN_POINT('',(-159.889330067824,42.4405968835555,-369.827966170293));
#8381=CARTESIAN_POINT('Origin',(-159.889330067824,41.5160978486739,-369.427966170293));
#8382=CARTESIAN_POINT('',(-159.889330067824,41.5160978486739,-369.427966170293));
#8383=CARTESIAN_POINT('',(-159.889330067824,42.9952964311445,-369.427966170293));
#8384=CARTESIAN_POINT('',(-159.889330067824,41.5160978486739,-369.827966170293));
#8385=CARTESIAN_POINT('',(-159.889330067824,41.5160978486739,-369.427966170293));
#8386=CARTESIAN_POINT('',(-159.889330067824,41.5160978486739,-369.827966170293));
#8387=CARTESIAN_POINT('Origin',(-162.376233139228,41.5160978486743,-369.427966170293));
#8388=CARTESIAN_POINT('',(-163.130326414127,41.5160978486745,-369.427966170293));
#8389=CARTESIAN_POINT('',(-162.376233139228,41.5160978486743,-369.827966170293));
#8390=CARTESIAN_POINT('Origin',(-160.876233079623,44.4744939258303,-369.827966170293));
#8391=CARTESIAN_POINT('Origin',(-162.376233139228,42.6948345353809,-369.427966170293));
#8392=CARTESIAN_POINT('',(-162.376233139228,42.6948345353809,-369.427966170293));
#8393=CARTESIAN_POINT('',(-162.376233139228,45.0291956117358,-369.427966170293));
#8394=CARTESIAN_POINT('',(-162.376233139228,43.584664774498,-369.427966170293));
#8395=CARTESIAN_POINT('',(-162.376233139228,42.6948345353809,-369.827966170293));
#8396=CARTESIAN_POINT('',(-162.376233139228,42.6948345353809,-369.427966170293));
#8397=CARTESIAN_POINT('',(-162.376233139228,45.0291956117358,-369.827966170293));
#8398=CARTESIAN_POINT('',(-162.376233139228,42.6948345353809,-369.827966170293));
#8399=CARTESIAN_POINT('',(-162.376233139228,45.0291956117358,-369.427966170293));
#8400=CARTESIAN_POINT('Origin',(-161.863136091422,42.6948345353808,-369.427966170293));
#8401=CARTESIAN_POINT('',(-161.863136091422,42.6948345353808,-369.427966170293));
#8402=CARTESIAN_POINT('',(-162.873777890224,42.6948345353809,-369.427966170293));
#8403=CARTESIAN_POINT('',(-161.863136091422,42.6948345353808,-369.827966170293));
#8404=CARTESIAN_POINT('',(-161.863136091422,42.6948345353808,-369.427966170293));
#8405=CARTESIAN_POINT('',(-161.863136091422,42.6948345353808,-369.827966170293));
#8406=CARTESIAN_POINT('Origin',(-161.863136091422,44.3080843141283,-369.427966170293));
#8407=CARTESIAN_POINT('',(-161.863136091422,44.3080843141283,-369.427966170293));
#8408=CARTESIAN_POINT('',(-161.863136091422,44.3912896638718,-369.427966170293));
#8409=CARTESIAN_POINT('',(-161.863136091422,44.3080843141283,-369.827966170293));
#8410=CARTESIAN_POINT('',(-161.863136091422,44.3080843141283,-369.427966170293));
#8411=CARTESIAN_POINT('',(-161.863136091422,44.3080843141283,-369.827966170293));
#8412=CARTESIAN_POINT('Origin',(-161.091179051589,44.3080843141282,-369.427966170293));
#8413=CARTESIAN_POINT('',(-161.091179051589,44.3080843141282,-369.427966170293));
#8414=CARTESIAN_POINT('',(-162.487799370307,44.3080843141284,-369.427966170293));
#8415=CARTESIAN_POINT('',(-161.091179051589,44.3080843141282,-369.827966170293));
#8416=CARTESIAN_POINT('',(-161.091179051589,44.3080843141282,-369.427966170293));
#8417=CARTESIAN_POINT('',(-161.091179051589,44.3080843141282,-369.827966170293));
#8418=CARTESIAN_POINT('Origin',(-161.091179051589,42.8936017205918,-369.427966170293));
#8419=CARTESIAN_POINT('',(-161.091179051589,42.8936017205918,-369.427966170293));
#8420=CARTESIAN_POINT('',(-161.091179051589,43.6840483671035,-369.427966170293));
#8421=CARTESIAN_POINT('',(-161.091179051589,42.8936017205918,-369.827966170293));
#8422=CARTESIAN_POINT('',(-161.091179051589,42.8936017205918,-369.427966170293));
#8423=CARTESIAN_POINT('',(-161.091179051589,42.8936017205918,-369.827966170293));
#8424=CARTESIAN_POINT('Origin',(-160.578082003783,42.8936017205918,-369.427966170293));
#8425=CARTESIAN_POINT('',(-160.578082003783,42.8936017205918,-369.427966170293));
#8426=CARTESIAN_POINT('',(-162.231250846405,42.893601720592,-369.427966170293));
#8427=CARTESIAN_POINT('',(-160.578082003783,42.8936017205918,-369.827966170293));
#8428=CARTESIAN_POINT('',(-160.578082003783,42.8936017205918,-369.427966170293));
#8429=CARTESIAN_POINT('',(-160.578082003783,42.8936017205918,-369.827966170293));
#8430=CARTESIAN_POINT('Origin',(-160.578082003783,44.3080843141281,-369.427966170293));
#8431=CARTESIAN_POINT('',(-160.578082003783,44.3080843141281,-369.427966170293));
#8432=CARTESIAN_POINT('',(-160.578082003783,44.3912896638717,-369.427966170293));
#8433=CARTESIAN_POINT('',(-160.578082003783,44.3080843141281,-369.827966170293));
#8434=CARTESIAN_POINT('',(-160.578082003783,44.3080843141281,-369.427966170293));
#8435=CARTESIAN_POINT('',(-160.578082003783,44.3080843141281,-369.827966170293));
#8436=CARTESIAN_POINT('Origin',(-159.889330067824,44.308084314128,-369.427966170293));
#8437=CARTESIAN_POINT('',(-159.889330067824,44.308084314128,-369.427966170293));
#8438=CARTESIAN_POINT('',(-161.886874878425,44.3080843141284,-369.427966170293));
#8439=CARTESIAN_POINT('',(-159.889330067824,44.308084314128,-369.827966170293));
#8440=CARTESIAN_POINT('',(-159.889330067824,44.308084314128,-369.427966170293));
#8441=CARTESIAN_POINT('',(-159.889330067824,44.308084314128,-369.827966170293));
#8442=CARTESIAN_POINT('Origin',(-159.889330067824,42.7410591294966,-369.427966170293));
#8443=CARTESIAN_POINT('',(-159.889330067824,42.7410591294966,-369.427966170293));
#8444=CARTESIAN_POINT('',(-159.889330067824,43.6077770715559,-369.427966170293));
#8445=CARTESIAN_POINT('',(-159.889330067824,42.7410591294966,-369.827966170293));
#8446=CARTESIAN_POINT('',(-159.889330067824,42.7410591294966,-369.427966170293));
#8447=CARTESIAN_POINT('',(-159.889330067824,42.7410591294966,-369.827966170293));
#8448=CARTESIAN_POINT('Origin',(-159.376233020018,42.7410591294966,-369.427966170293));
#8449=CARTESIAN_POINT('',(-159.376233020018,42.7410591294966,-369.427966170293));
#8450=CARTESIAN_POINT('',(-161.630326354522,42.7410591294969,-369.427966170293));
#8451=CARTESIAN_POINT('',(-159.376233020018,42.7410591294966,-369.827966170293));
#8452=CARTESIAN_POINT('',(-159.376233020018,42.7410591294966,-369.427966170293));
#8453=CARTESIAN_POINT('',(-159.376233020018,42.7410591294966,-369.827966170293));
#8454=CARTESIAN_POINT('Origin',(-159.376233020018,45.0291956117353,-369.427966170293));
#8455=CARTESIAN_POINT('',(-159.376233020018,45.0291956117353,-369.427966170293));
#8456=CARTESIAN_POINT('',(-159.376233020018,44.7518453126753,-369.427966170293));
#8457=CARTESIAN_POINT('',(-159.376233020018,45.0291956117353,-369.827966170293));
#8458=CARTESIAN_POINT('',(-159.376233020018,45.0291956117353,-369.427966170293));
#8459=CARTESIAN_POINT('',(-159.376233020018,45.0291956117353,-369.827966170293));
#8460=CARTESIAN_POINT('Origin',(-162.376233139228,45.0291956117358,-369.427966170293));
#8461=CARTESIAN_POINT('',(-163.130326414127,45.029195611736,-369.427966170293));
#8462=CARTESIAN_POINT('',(-162.376233139228,45.0291956117358,-369.827966170293));
#8463=CARTESIAN_POINT('Origin',(-160.876233079623,44.4744939258303,-369.827966170293));
#8464=CARTESIAN_POINT('Origin',(-159.376232721995,45.6670988252363,-369.427966170293));
#8465=CARTESIAN_POINT('',(-159.376232721995,45.6670988252363,-369.427966170293));
#8466=CARTESIAN_POINT('',(-161.55342856903,45.6670988252367,-369.427966170293));
#8467=CARTESIAN_POINT('',(-161.63032620551,45.6670988252367,-369.427966170293));
#8468=CARTESIAN_POINT('',(-159.376232721995,45.6670988252363,-369.827966170293));
#8469=CARTESIAN_POINT('',(-159.376232721995,45.6670988252363,-369.427966170293));
#8470=CARTESIAN_POINT('',(-161.55342856903,45.6670988252367,-369.827966170293));
#8471=CARTESIAN_POINT('',(-159.376232721995,45.6670988252363,-369.827966170293));
#8472=CARTESIAN_POINT('',(-161.55342856903,45.6670988252367,-369.427966170293));
#8473=CARTESIAN_POINT('Origin',(-159.376232721995,46.388207738658,-369.427966170293));
#8474=CARTESIAN_POINT('',(-159.376232721995,46.388207738658,-369.427966170293));
#8475=CARTESIAN_POINT('',(-159.376232721995,45.4313513761366,-369.427966170293));
#8476=CARTESIAN_POINT('',(-159.376232721995,46.388207738658,-369.827966170293));
#8477=CARTESIAN_POINT('',(-159.376232721995,46.388207738658,-369.427966170293));
#8478=CARTESIAN_POINT('',(-159.376232721995,46.388207738658,-369.827966170293));
#8479=CARTESIAN_POINT('Origin',(-161.55342856903,46.3882077386583,-369.427966170293));
#8480=CARTESIAN_POINT('',(-161.55342856903,46.3882077386583,-369.427966170293));
#8481=CARTESIAN_POINT('',(-162.718924129028,46.3882077386585,-369.427966170293));
#8482=CARTESIAN_POINT('',(-161.55342856903,46.3882077386583,-369.827966170293));
#8483=CARTESIAN_POINT('',(-161.55342856903,46.3882077386583,-369.427966170293));
#8484=CARTESIAN_POINT('',(-161.55342856903,46.3882077386583,-369.827966170293));
#8485=CARTESIAN_POINT('Ctrl Pts',(-161.833089688014,46.5153265645708,-369.427966170293));
#8486=CARTESIAN_POINT('Ctrl Pts',(-161.833089688014,46.5153265645708,-369.907966170293));
#8487=CARTESIAN_POINT('Ctrl Pts',(-161.75681869049,46.3882077386583,-369.427966170293));
#8488=CARTESIAN_POINT('Ctrl Pts',(-161.75681869049,46.3882077386583,-369.907966170293));
#8489=CARTESIAN_POINT('Ctrl Pts',(-161.55342856903,46.3882077386583,-369.427966170293));
#8490=CARTESIAN_POINT('Ctrl Pts',(-161.55342856903,46.3882077386583,-369.907966170293));
#8491=CARTESIAN_POINT('',(-161.833089688014,46.5153265645708,-369.427966170293));
#8492=CARTESIAN_POINT('Ctrl Pts',(-161.833089688014,46.5153265645708,-369.427966170293));
#8493=CARTESIAN_POINT('Ctrl Pts',(-161.75681869049,46.3882077386583,-369.427966170293));
#8494=CARTESIAN_POINT('Ctrl Pts',(-161.55342856903,46.3882077386583,-369.427966170293));
#8495=CARTESIAN_POINT('',(-161.833089688014,46.5153265645708,-369.827966170293));
#8496=CARTESIAN_POINT('',(-161.833089688014,46.5153265645708,-369.427966170293));
#8497=CARTESIAN_POINT('Ctrl Pts',(-161.833089688014,46.5153265645708,-369.827966170293));
#8498=CARTESIAN_POINT('Ctrl Pts',(-161.75681869049,46.3882077386583,-369.827966170293));
#8499=CARTESIAN_POINT('Ctrl Pts',(-161.55342856903,46.3882077386583,-369.827966170293));
#8500=CARTESIAN_POINT('Ctrl Pts',(-161.909360983561,46.9613969972338,-369.427966170293));
#8501=CARTESIAN_POINT('Ctrl Pts',(-161.909360983561,46.9613969972338,-369.907966170293));
#8502=CARTESIAN_POINT('Ctrl Pts',(-161.909360983561,46.6424453904833,-369.427966170293));
#8503=CARTESIAN_POINT('Ctrl Pts',(-161.909360983561,46.6424453904833,-369.907966170293));
#8504=CARTESIAN_POINT('Ctrl Pts',(-161.833089688014,46.5153265645708,-369.427966170293));
#8505=CARTESIAN_POINT('Ctrl Pts',(-161.833089688014,46.5153265645708,-369.907966170293));
#8506=CARTESIAN_POINT('',(-161.909360983561,46.9613969972338,-369.427966170293));
#8507=CARTESIAN_POINT('Ctrl Pts',(-161.909360983561,46.9613969972338,-369.427966170293));
#8508=CARTESIAN_POINT('Ctrl Pts',(-161.909360983561,46.6424453904833,-369.427966170293));
#8509=CARTESIAN_POINT('Ctrl Pts',(-161.833089688014,46.5153265645708,-369.427966170293));
#8510=CARTESIAN_POINT('',(-161.909360983561,46.9613969972338,-369.827966170293));
#8511=CARTESIAN_POINT('',(-161.909360983561,46.9613969972338,-369.427966170293));
#8512=CARTESIAN_POINT('Ctrl Pts',(-161.909360983561,46.9613969972338,-369.827966170293));
#8513=CARTESIAN_POINT('Ctrl Pts',(-161.909360983561,46.6424453904833,-369.827966170293));
#8514=CARTESIAN_POINT('Ctrl Pts',(-161.833089688014,46.5153265645708,-369.827966170293));
#8515=CARTESIAN_POINT('Ctrl Pts',(-161.833089688014,47.4167133023943,-369.427966170293));
#8516=CARTESIAN_POINT('Ctrl Pts',(-161.833089688014,47.4167133023943,-369.907966170293));
#8517=CARTESIAN_POINT('Ctrl Pts',(-161.909360983561,47.2849715402331,-369.427966170293));
#8518=CARTESIAN_POINT('Ctrl Pts',(-161.909360983561,47.2849715402331,-369.907966170293));
#8519=CARTESIAN_POINT('Ctrl Pts',(-161.909360983561,46.9613969972338,-369.427966170293));
#8520=CARTESIAN_POINT('Ctrl Pts',(-161.909360983561,46.9613969972338,-369.907966170293));
#8521=CARTESIAN_POINT('',(-161.833089688014,47.4167133023943,-369.427966170293));
#8522=CARTESIAN_POINT('Ctrl Pts',(-161.833089688014,47.4167133023943,-369.427966170293));
#8523=CARTESIAN_POINT('Ctrl Pts',(-161.909360983561,47.2849715402331,-369.427966170293));
#8524=CARTESIAN_POINT('Ctrl Pts',(-161.909360983561,46.9613969972338,-369.427966170293));
#8525=CARTESIAN_POINT('',(-161.833089688014,47.4167133023943,-369.827966170293));
#8526=CARTESIAN_POINT('',(-161.833089688014,47.4167133023943,-369.427966170293));
#8527=CARTESIAN_POINT('Ctrl Pts',(-161.833089688014,47.4167133023943,-369.827966170293));
#8528=CARTESIAN_POINT('Ctrl Pts',(-161.909360983561,47.2849715402331,-369.827966170293));
#8529=CARTESIAN_POINT('Ctrl Pts',(-161.909360983561,46.9613969972338,-369.827966170293));
#8530=CARTESIAN_POINT('Ctrl Pts',(-161.55342856903,47.5484550645555,-369.427966170293));
#8531=CARTESIAN_POINT('Ctrl Pts',(-161.55342856903,47.5484550645555,-369.907966170293));
#8532=CARTESIAN_POINT('Ctrl Pts',(-161.75681869049,47.5484550645555,-369.427966170293));
#8533=CARTESIAN_POINT('Ctrl Pts',(-161.75681869049,47.5484550645555,-369.907966170293));
#8534=CARTESIAN_POINT('Ctrl Pts',(-161.833089688014,47.4167133023943,-369.427966170293));
#8535=CARTESIAN_POINT('Ctrl Pts',(-161.833089688014,47.4167133023943,-369.907966170293));
#8536=CARTESIAN_POINT('',(-161.55342856903,47.5484550645555,-369.427966170293));
#8537=CARTESIAN_POINT('Ctrl Pts',(-161.55342856903,47.5484550645555,-369.427966170293));
#8538=CARTESIAN_POINT('Ctrl Pts',(-161.75681869049,47.5484550645555,-369.427966170293));
#8539=CARTESIAN_POINT('Ctrl Pts',(-161.833089688014,47.4167133023943,-369.427966170293));
#8540=CARTESIAN_POINT('',(-161.55342856903,47.5484550645555,-369.827966170293));
#8541=CARTESIAN_POINT('',(-161.55342856903,47.5484550645555,-369.427966170293));
#8542=CARTESIAN_POINT('Ctrl Pts',(-161.55342856903,47.5484550645555,-369.827966170293));
#8543=CARTESIAN_POINT('Ctrl Pts',(-161.75681869049,47.5484550645555,-369.827966170293));
#8544=CARTESIAN_POINT('Ctrl Pts',(-161.833089688014,47.4167133023943,-369.827966170293));
#8545=CARTESIAN_POINT('Origin',(-159.376232721995,47.5484550645552,-369.427966170293));
#8546=CARTESIAN_POINT('',(-159.376232721995,47.5484550645552,-369.427966170293));
#8547=CARTESIAN_POINT('',(-161.63032620551,47.5484550645555,-369.427966170293));
#8548=CARTESIAN_POINT('',(-159.376232721995,47.5484550645552,-369.827966170293));
#8549=CARTESIAN_POINT('',(-159.376232721995,47.5484550645552,-369.427966170293));
#8550=CARTESIAN_POINT('',(-159.376232721995,47.5484550645552,-369.827966170293));
#8551=CARTESIAN_POINT('Origin',(-159.376232721995,48.2695639779768,-369.427966170293));
#8552=CARTESIAN_POINT('',(-159.376232721995,48.2695639779768,-369.427966170293));
#8553=CARTESIAN_POINT('',(-159.376232721995,46.372029495796,-369.427966170293));
#8554=CARTESIAN_POINT('',(-159.376232721995,48.2695639779768,-369.827966170293));
#8555=CARTESIAN_POINT('',(-159.376232721995,48.2695639779768,-369.427966170293));
#8556=CARTESIAN_POINT('',(-159.376232721995,48.2695639779768,-369.827966170293));
#8557=CARTESIAN_POINT('Origin',(-161.55342856903,48.2695639779772,-369.427966170293));
#8558=CARTESIAN_POINT('',(-161.55342856903,48.2695639779772,-369.427966170293));
#8559=CARTESIAN_POINT('',(-162.718924129027,48.2695639779774,-369.427966170293));
#8560=CARTESIAN_POINT('',(-161.55342856903,48.2695639779772,-369.827966170293));
#8561=CARTESIAN_POINT('',(-161.55342856903,48.2695639779772,-369.427966170293));
#8562=CARTESIAN_POINT('',(-161.55342856903,48.2695639779772,-369.827966170293));
#8563=CARTESIAN_POINT('Ctrl Pts',(-162.42245832939,46.9706428697314,-369.427966170293));
#8564=CARTESIAN_POINT('Ctrl Pts',(-162.42245832939,46.9706428697314,-369.907966170293));
#8565=CARTESIAN_POINT('Ctrl Pts',(-162.42245832939,48.2695639779773,-369.427966170293));
#8566=CARTESIAN_POINT('Ctrl Pts',(-162.42245832939,48.2695639779773,-369.907966170293));
#8567=CARTESIAN_POINT('Ctrl Pts',(-161.55342856903,48.2695639779772,-369.427966170293));
#8568=CARTESIAN_POINT('Ctrl Pts',(-161.55342856903,48.2695639779772,-369.907966170293));
#8569=CARTESIAN_POINT('',(-162.42245832939,46.9706428697314,-369.427966170293));
#8570=CARTESIAN_POINT('Ctrl Pts',(-162.42245832939,46.9706428697314,-369.427966170293));
#8571=CARTESIAN_POINT('Ctrl Pts',(-162.42245832939,48.2695639779773,-369.427966170293));
#8572=CARTESIAN_POINT('Ctrl Pts',(-161.55342856903,48.2695639779772,-369.427966170293));
#8573=CARTESIAN_POINT('',(-162.42245832939,46.9706428697314,-369.827966170293));
#8574=CARTESIAN_POINT('',(-162.42245832939,46.9706428697314,-369.427966170293));
#8575=CARTESIAN_POINT('Ctrl Pts',(-162.42245832939,46.9706428697314,-369.827966170293));
#8576=CARTESIAN_POINT('Ctrl Pts',(-162.42245832939,48.2695639779773,-369.827966170293));
#8577=CARTESIAN_POINT('Ctrl Pts',(-161.55342856903,48.2695639779772,-369.827966170293));
#8578=CARTESIAN_POINT('Ctrl Pts',(-161.55342856903,45.6670988252367,-369.427966170293));
#8579=CARTESIAN_POINT('Ctrl Pts',(-161.55342856903,45.6670988252367,-369.907966170293));
#8580=CARTESIAN_POINT('Ctrl Pts',(-162.42245832939,45.6670988252368,-369.427966170293));
#8581=CARTESIAN_POINT('Ctrl Pts',(-162.42245832939,45.6670988252368,-369.907966170293));
#8582=CARTESIAN_POINT('Ctrl Pts',(-162.42245832939,46.9706428697314,-369.427966170293));
#8583=CARTESIAN_POINT('Ctrl Pts',(-162.42245832939,46.9706428697314,-369.907966170293));
#8584=CARTESIAN_POINT('Ctrl Pts',(-161.55342856903,45.6670988252367,-369.427966170293));
#8585=CARTESIAN_POINT('Ctrl Pts',(-162.42245832939,45.6670988252368,-369.427966170293));
#8586=CARTESIAN_POINT('Ctrl Pts',(-162.42245832939,46.9706428697314,-369.427966170293));
#8587=CARTESIAN_POINT('Ctrl Pts',(-161.55342856903,45.6670988252367,-369.827966170293));
#8588=CARTESIAN_POINT('Ctrl Pts',(-162.42245832939,45.6670988252368,-369.827966170293));
#8589=CARTESIAN_POINT('Ctrl Pts',(-162.42245832939,46.9706428697314,-369.827966170293));
#8590=CARTESIAN_POINT('Origin',(-160.876233079623,44.4744939258303,-369.827966170293));
#8591=CARTESIAN_POINT('Origin',(-163.884419689026,44.4744950136153,-369.427966170293));
#8592=CARTESIAN_POINT('',(-156.675836814673,85.9193766345528,-369.427966170293));
#8593=CARTESIAN_POINT('',(-158.332301543182,78.1094942269138,-369.427966170293));
#8594=CARTESIAN_POINT('',(-162.08283460223,60.4265205704254,-369.427966170293));
#8595=CARTESIAN_POINT('',(-161.860501527422,87.0190364984978,-369.427966170293));
#8596=CARTESIAN_POINT('Origin',(-158.376233592223,90.6744950136153,-369.427966170293));
#8597=CARTESIAN_POINT('',(-162.54093304741,83.8109451542659,-369.427966170293));
#8598=CARTESIAN_POINT('',(-165.775685411783,68.5597688697451,-369.427966170293));
#8599=CARTESIAN_POINT('',(-168.59466699671,76.4196305984976,-369.427966170293));
#8600=CARTESIAN_POINT('Origin',(-172.714614747899,85.9687682835176,-369.427966170293));
#8601=CARTESIAN_POINT('',(-171.976233592223,71.2777872296408,-369.427966170293));
#8602=CARTESIAN_POINT('Origin',(-166.376233592223,71.2777872296408,-369.427966170293));
#8603=CARTESIAN_POINT('',(-171.976233592223,17.67120279759,-369.427966170293));
#8604=CARTESIAN_POINT('',(-171.976233592223,60.2244950136153,-369.427966170293));
#8605=CARTESIAN_POINT('',(-168.594666996709,12.529359428733,-369.427966170293));
#8606=CARTESIAN_POINT('Origin',(-166.376233592223,17.67120279759,-369.427966170293));
#8607=CARTESIAN_POINT('',(-162.54093304741,5.13804487296483,-369.427966170293));
#8608=CARTESIAN_POINT('Origin',(-172.714614747899,2.98022174371297,-369.427966170293));
#8609=CARTESIAN_POINT('',(-161.860501527422,1.9299535287324,-369.427966170293));
#8610=CARTESIAN_POINT('',(-167.401720182629,28.0556327221112,-369.427966170293));
#8611=CARTESIAN_POINT('',(-156.675836814673,3.02961339267775,-369.427966170293));
#8612=CARTESIAN_POINT('Origin',(-158.376233592223,-1.72550498638472,-369.427966170293));
#8613=CARTESIAN_POINT('',(-158.332301543182,10.8394958003184,-369.427966170293));
#8614=CARTESIAN_POINT('',(-160.591020699034,21.488881021431,-369.427966170293));
#8615=CARTESIAN_POINT('',(-158.776233592223,15.0721488615432,-369.427966170293));
#8616=CARTESIAN_POINT('Origin',(-138.376233592223,15.0721488615432,-369.427966170293));
#8617=CARTESIAN_POINT('',(-158.776233592223,73.8768411656893,-369.427966170293));
#8618=CARTESIAN_POINT('',(-158.776233592223,28.7244950136153,-369.427966170293));
#8619=CARTESIAN_POINT('Origin',(-138.376233592223,73.8768411656893,-369.427966170293));
#8620=CARTESIAN_POINT('',(-167.776233592223,64.9744950136152,-369.427966170293));
#8621=CARTESIAN_POINT('',(-167.776233592223,43.6244950136135,-369.427966170293));
#8622=CARTESIAN_POINT('',(-167.776233592223,43.0494950136143,-369.427966170293));
#8623=CARTESIAN_POINT('',(-162.976233592223,64.9744950136152,-369.427966170293));
#8624=CARTESIAN_POINT('Origin',(-165.376233592223,64.9744950136152,-369.427966170293));
#8625=CARTESIAN_POINT('',(-162.976233592223,43.6244950136135,-369.427966170293));
#8626=CARTESIAN_POINT('',(-162.976233592223,55.7244950136153,-369.427966170293));
#8627=CARTESIAN_POINT('Origin',(-165.376233592223,43.6244950136135,-369.427966170293));
#8628=CARTESIAN_POINT('',(-163.376233592223,38.6244950136152,-369.427966170293));
#8629=CARTESIAN_POINT('Origin',(-165.376233592223,38.6244950136152,-369.427966170293));
#8630=CARTESIAN_POINT('',(-163.376233592223,70.1244950136152,-369.427966170293));
#8631=CARTESIAN_POINT('Origin',(-165.376233592223,70.1244950136152,-369.427966170293));
#8632=CARTESIAN_POINT('',(-167.776233592223,23.9744950136152,-369.427966170293));
#8633=CARTESIAN_POINT('',(-162.976233592223,23.9744950136152,-369.427966170293));
#8634=CARTESIAN_POINT('Origin',(-165.376233592223,23.9744950136152,-369.427966170293));
#8635=CARTESIAN_POINT('',(-167.776233592223,33.6244950136135,-369.427966170293));
#8636=CARTESIAN_POINT('',(-167.776233592223,33.2244950136153,-369.427966170293));
#8637=CARTESIAN_POINT('',(-162.976233592223,33.6244950136135,-369.427966170293));
#8638=CARTESIAN_POINT('Origin',(-165.376233592223,33.6244950136135,-369.427966170293));
#8639=CARTESIAN_POINT('',(-162.976233592223,40.0494950136144,-369.427966170293));
#8640=CARTESIAN_POINT('Origin',(-165.376233592223,38.6244950136152,-373.227966170293));
#8641=CARTESIAN_POINT('',(-164.176233592223,38.6244950136152,-373.027966170293));
#8642=CARTESIAN_POINT('Origin',(-165.376233592223,38.6244950136152,-373.027966170293));
#8643=CARTESIAN_POINT('',(-163.776233592223,38.6244950136152,-373.427966170293));
#8644=CARTESIAN_POINT('',(-163.976233592223,38.6244950136152,-373.227966170293));
#8645=CARTESIAN_POINT('Origin',(-165.376233592223,38.6244950136152,-373.427966170293));
#8646=CARTESIAN_POINT('Origin',(-163.884419689026,44.4744950136153,-373.427966170293));
#8647=CARTESIAN_POINT('',(-171.976233592223,17.67120279759,-373.427966170293));
#8648=CARTESIAN_POINT('',(-168.594666996709,12.529359428733,-373.427966170293));
#8649=CARTESIAN_POINT('Origin',(-166.376233592223,17.67120279759,-373.427966170293));
#8650=CARTESIAN_POINT('',(-171.976233592223,71.2777872296408,-373.427966170293));
#8651=CARTESIAN_POINT('',(-171.976233592223,60.2244950136153,-373.427966170293));
#8652=CARTESIAN_POINT('',(-168.59466699671,76.4196305984976,-373.427966170293));
#8653=CARTESIAN_POINT('Origin',(-166.376233592223,71.2777872296408,-373.427966170293));
#8654=CARTESIAN_POINT('',(-162.54093304741,83.8109451542659,-373.427966170293));
#8655=CARTESIAN_POINT('Origin',(-172.714614747899,85.9687682835176,-373.427966170293));
#8656=CARTESIAN_POINT('',(-160.968565948598,91.2243249455881,-373.427966170293));
#8657=CARTESIAN_POINT('',(-165.775685411783,68.5597688697451,-373.427966170293));
#8658=CARTESIAN_POINT('',(-155.783901235848,90.1246650816425,-373.427966170293));
#8659=CARTESIAN_POINT('Origin',(-158.376233592223,90.6744950136153,-373.427966170293));
#8660=CARTESIAN_POINT('',(-158.332301543182,78.1094942269138,-373.427966170293));
#8661=CARTESIAN_POINT('',(-162.08283460223,60.4265205704254,-373.427966170293));
#8662=CARTESIAN_POINT('',(-158.776233592223,73.8768411656893,-373.427966170293));
#8663=CARTESIAN_POINT('Origin',(-138.376233592223,73.8768411656893,-373.427966170293));
#8664=CARTESIAN_POINT('',(-158.776233592223,15.0721488615432,-373.427966170293));
#8665=CARTESIAN_POINT('',(-158.776233592223,28.7244950136153,-373.427966170293));
#8666=CARTESIAN_POINT('',(-158.332301543182,10.8394958003184,-373.427966170293));
#8667=CARTESIAN_POINT('Origin',(-138.376233592223,15.0721488615432,-373.427966170293));
#8668=CARTESIAN_POINT('',(-155.783901235848,-1.17567505441196,-373.427966170293));
#8669=CARTESIAN_POINT('',(-160.591020699034,21.488881021431,-373.427966170293));
#8670=CARTESIAN_POINT('',(-160.968565948597,-2.27533491835752,-373.427966170293));
#8671=CARTESIAN_POINT('Origin',(-158.376233592223,-1.72550498638474,-373.427966170293));
#8672=CARTESIAN_POINT('',(-162.54093304741,5.13804487296481,-373.427966170293));
#8673=CARTESIAN_POINT('',(-167.401720182629,28.0556327221112,-373.427966170293));
#8674=CARTESIAN_POINT('Origin',(-172.714614747899,2.98022174371296,-373.427966170293));
#8675=CARTESIAN_POINT('',(-167.776233592223,33.6244950136135,-373.427966170293));
#8676=CARTESIAN_POINT('',(-162.976233592223,33.6244950136135,-373.427966170293));
#8677=CARTESIAN_POINT('Origin',(-165.376233592223,33.6244950136135,-373.427966170293));
#8678=CARTESIAN_POINT('',(-167.776233592223,23.9744950136152,-373.427966170293));
#8679=CARTESIAN_POINT('',(-167.776233592223,33.2244950136153,-373.427966170293));
#8680=CARTESIAN_POINT('',(-162.976233592223,23.9744950136152,-373.427966170293));
#8681=CARTESIAN_POINT('Origin',(-165.376233592223,23.9744950136152,-373.427966170293));
#8682=CARTESIAN_POINT('',(-162.976233592223,40.0494950136144,-373.427966170293));
#8683=CARTESIAN_POINT('',(-167.776233592223,64.9744950136152,-373.427966170293));
#8684=CARTESIAN_POINT('',(-162.976233592223,64.9744950136152,-373.427966170293));
#8685=CARTESIAN_POINT('Origin',(-165.376233592223,64.9744950136152,-373.427966170293));
#8686=CARTESIAN_POINT('',(-167.776233592223,43.6244950136135,-373.427966170293));
#8687=CARTESIAN_POINT('',(-167.776233592223,43.0494950136143,-373.427966170293));
#8688=CARTESIAN_POINT('',(-162.976233592223,43.6244950136135,-373.427966170293));
#8689=CARTESIAN_POINT('Origin',(-165.376233592223,43.6244950136135,-373.427966170293));
#8690=CARTESIAN_POINT('',(-162.976233592223,55.7244950136153,-373.427966170293));
#8691=CARTESIAN_POINT('',(-156.526233592223,-1.72550498638474,-373.427966170293));
#8692=CARTESIAN_POINT('Origin',(-158.376233592223,-1.72550498638474,-373.427966170293));
#8693=CARTESIAN_POINT('',(-156.526233592223,90.6744950136153,-373.427966170293));
#8694=CARTESIAN_POINT('Origin',(-158.376233592223,90.6744950136153,-373.427966170293));
#8695=CARTESIAN_POINT('',(-163.776233592223,70.1244950136152,-373.427966170293));
#8696=CARTESIAN_POINT('Origin',(-165.376233592223,70.1244950136152,-373.427966170293));
#8697=CARTESIAN_POINT('Origin',(-165.376233592223,38.6244950136152,-373.427966170293));
#8698=CARTESIAN_POINT('',(-164.176233592223,38.6244950136152,-371.427966170293));
#8699=CARTESIAN_POINT('',(-164.176233592223,38.6244950136152,-373.427966170293));
#8700=CARTESIAN_POINT('Origin',(-165.376233592223,38.6244950136152,-371.427966170293));
#8701=CARTESIAN_POINT('Origin',(-165.376233592223,33.6244950136135,-373.227966170293));
#8702=CARTESIAN_POINT('',(-163.376233592223,33.6244950136135,-373.027966170293));
#8703=CARTESIAN_POINT('',(-162.976233592223,33.6244950136135,-373.427966170293));
#8704=CARTESIAN_POINT('',(-167.376233592223,33.6244950136135,-373.027966170293));
#8705=CARTESIAN_POINT('Origin',(-165.376233592223,33.6244950136135,-373.027966170293));
#8706=CARTESIAN_POINT('',(-167.376233592223,33.6244950136135,-373.027966170293));
#8707=CARTESIAN_POINT('Origin',(-167.576233592223,33.2244950136153,-373.227966170293));
#8708=CARTESIAN_POINT('',(-167.376233592223,23.9744950136152,-373.027966170293));
#8709=CARTESIAN_POINT('',(-167.376233592223,33.2244950136153,-373.027966170293));
#8710=CARTESIAN_POINT('',(-167.376233592223,23.9744950136152,-373.027966170293));
#8711=CARTESIAN_POINT('Origin',(-163.176233592223,40.0494950136144,-373.227966170293));
#8712=CARTESIAN_POINT('',(-163.376233592223,23.9744950136152,-373.027966170293));
#8713=CARTESIAN_POINT('',(-162.976233592223,23.9744950136152,-373.427966170293));
#8714=CARTESIAN_POINT('',(-163.376233592223,40.0494950136144,-373.027966170293));
#8715=CARTESIAN_POINT('Origin',(-165.376233592223,23.9744950136152,-373.227966170293));
#8716=CARTESIAN_POINT('Origin',(-165.376233592223,23.9744950136152,-373.027966170293));
#8717=CARTESIAN_POINT('Origin',(-167.376233592223,21.9744950136153,-373.427966170293));
#8718=CARTESIAN_POINT('',(-167.376233592223,33.6244950136135,-369.827966170293));
#8719=CARTESIAN_POINT('',(-167.376233592223,33.6244950136135,-373.427966170293));
#8720=CARTESIAN_POINT('',(-167.376233592223,23.9744950136152,-369.827966170293));
#8721=CARTESIAN_POINT('',(-167.376233592223,33.2244950136153,-369.827966170293));
#8722=CARTESIAN_POINT('',(-167.376233592223,23.9744950136152,-373.427966170293));
#8723=CARTESIAN_POINT('Origin',(-165.376233592223,33.6244950136135,-373.427966170293));
#8724=CARTESIAN_POINT('',(-163.376233592223,33.6244950136135,-369.827966170293));
#8725=CARTESIAN_POINT('',(-163.376233592223,33.6244950136135,-373.427966170293));
#8726=CARTESIAN_POINT('Origin',(-165.376233592223,33.6244950136135,-369.827966170293));
#8727=CARTESIAN_POINT('Origin',(-165.376233592223,70.1244950136152,-373.227966170293));
#8728=CARTESIAN_POINT('',(-164.176233592223,70.1244950136152,-373.027966170293));
#8729=CARTESIAN_POINT('Origin',(-165.376233592223,70.1244950136152,-373.027966170293));
#8730=CARTESIAN_POINT('',(-163.976233592223,70.1244950136152,-373.227966170293));
#8731=CARTESIAN_POINT('Origin',(-165.376233592223,70.1244950136152,-373.427966170293));
#8732=CARTESIAN_POINT('',(-164.176233592223,70.1244950136152,-371.427966170293));
#8733=CARTESIAN_POINT('',(-164.176233592223,70.1244950136152,-373.427966170293));
#8734=CARTESIAN_POINT('Origin',(-165.376233592223,70.1244950136152,-371.427966170293));
#8735=CARTESIAN_POINT('Origin',(-165.376233592223,64.9744950136152,-373.227966170293));
#8736=CARTESIAN_POINT('',(-163.376233592223,64.9744950136152,-373.027966170293));
#8737=CARTESIAN_POINT('',(-162.976233592223,64.9744950136152,-373.427966170293));
#8738=CARTESIAN_POINT('',(-167.376233592223,64.9744950136152,-373.027966170293));
#8739=CARTESIAN_POINT('Origin',(-165.376233592223,64.9744950136152,-373.027966170293));
#8740=CARTESIAN_POINT('',(-167.376233592223,64.9744950136152,-373.027966170293));
#8741=CARTESIAN_POINT('Origin',(-167.576233592223,43.0494950136143,-373.227966170293));
#8742=CARTESIAN_POINT('',(-167.376233592223,43.6244950136135,-373.027966170293));
#8743=CARTESIAN_POINT('',(-167.376233592223,43.0494950136143,-373.027966170293));
#8744=CARTESIAN_POINT('',(-167.376233592223,43.6244950136135,-373.027966170293));
#8745=CARTESIAN_POINT('Origin',(-163.176233592223,55.7244950136153,-373.227966170293));
#8746=CARTESIAN_POINT('',(-163.376233592223,43.6244950136135,-373.027966170293));
#8747=CARTESIAN_POINT('',(-162.976233592223,43.6244950136135,-373.427966170293));
#8748=CARTESIAN_POINT('',(-163.376233592223,55.7244950136153,-373.027966170293));
#8749=CARTESIAN_POINT('Origin',(-165.376233592223,43.6244950136135,-373.227966170293));
#8750=CARTESIAN_POINT('Origin',(-165.376233592223,43.6244950136135,-373.027966170293));
#8751=CARTESIAN_POINT('Origin',(-167.376233592223,41.6244950136135,-373.427966170293));
#8752=CARTESIAN_POINT('',(-167.376233592223,64.9744950136152,-369.827966170293));
#8753=CARTESIAN_POINT('',(-167.376233592223,64.9744950136152,-373.427966170293));
#8754=CARTESIAN_POINT('',(-167.376233592223,43.6244950136135,-369.827966170293));
#8755=CARTESIAN_POINT('',(-167.376233592223,43.0494950136143,-369.827966170293));
#8756=CARTESIAN_POINT('',(-167.376233592223,43.6244950136135,-373.427966170293));
#8757=CARTESIAN_POINT('Origin',(-165.376233592223,64.9744950136152,-373.427966170293));
#8758=CARTESIAN_POINT('',(-163.376233592223,64.9744950136152,-369.827966170293));
#8759=CARTESIAN_POINT('',(-163.376233592223,64.9744950136152,-373.427966170293));
#8760=CARTESIAN_POINT('Origin',(-165.376233592223,64.9744950136152,-369.827966170293));
#8761=CARTESIAN_POINT('Origin',(-158.376233592223,90.6744950136153,-373.227966170293));
#8762=CARTESIAN_POINT('',(-156.926233592223,90.6744950136153,-373.027966170293));
#8763=CARTESIAN_POINT('Origin',(-158.376233592223,90.6744950136153,-373.027966170293));
#8764=CARTESIAN_POINT('',(-156.726233592223,90.6744950136153,-373.227966170293));
#8765=CARTESIAN_POINT('Origin',(-158.376233592223,90.6744950136153,-373.427966170293));
#8766=CARTESIAN_POINT('',(-156.926233592223,90.6744950136153,-367.227966170293));
#8767=CARTESIAN_POINT('',(-156.926233592223,90.6744950136153,-373.427966170293));
#8768=CARTESIAN_POINT('Origin',(-158.376233592223,90.6744950136153,-367.227966170293));
#8769=CARTESIAN_POINT('Origin',(-158.376233592223,-1.72550498638474,-373.227966170293));
#8770=CARTESIAN_POINT('',(-156.926233592223,-1.72550498638474,-373.027966170293));
#8771=CARTESIAN_POINT('Origin',(-158.376233592223,-1.72550498638474,-373.027966170293));
#8772=CARTESIAN_POINT('',(-156.726233592223,-1.72550498638474,-373.227966170293));
#8773=CARTESIAN_POINT('Origin',(-158.376233592223,-1.72550498638474,-373.427966170293));
#8774=CARTESIAN_POINT('',(-156.926233592223,-1.72550498638472,-367.227966170293));
#8775=CARTESIAN_POINT('',(-156.926233592223,-1.72550498638474,-373.427966170293));
#8776=CARTESIAN_POINT('Origin',(-158.376233592223,-1.72550498638472,-367.227966170293));
#8777=CARTESIAN_POINT('Origin',(-166.376233592223,17.67120279759,-373.227966170293));
#8778=CARTESIAN_POINT('',(-168.753126525601,12.1620849023861,-373.027966170293));
#8779=CARTESIAN_POINT('',(-168.594666996709,12.529359428733,-373.427966170293));
#8780=CARTESIAN_POINT('',(-172.376233592223,17.67120279759,-373.027966170293));
#8781=CARTESIAN_POINT('Origin',(-166.376233592223,17.67120279759,-373.027966170293));
#8782=CARTESIAN_POINT('',(-172.376233592223,17.67120279759,-373.027966170293));
#8783=CARTESIAN_POINT('Origin',(-172.176233592223,60.2244950136153,-373.227966170293));
#8784=CARTESIAN_POINT('',(-172.376233592223,71.2777872296408,-373.027966170293));
#8785=CARTESIAN_POINT('',(-172.376233592223,60.2244950136153,-373.027966170293));
#8786=CARTESIAN_POINT('',(-172.376233592223,71.2777872296408,-373.027966170293));
#8787=CARTESIAN_POINT('Origin',(-172.714614747899,2.98022174371296,-373.227966170293));
#8788=CARTESIAN_POINT('',(-162.932228497429,5.05505167568584,-373.027966170293));
#8789=CARTESIAN_POINT('',(-162.54093304741,5.13804487296481,-373.427966170293));
#8790=CARTESIAN_POINT('Origin',(-172.714614747899,2.98022174371296,-373.027966170293));
#8791=CARTESIAN_POINT('Origin',(-166.376233592223,71.2777872296408,-373.227966170293));
#8792=CARTESIAN_POINT('',(-168.753126525602,76.7869051248446,-373.027966170293));
#8793=CARTESIAN_POINT('Origin',(-166.376233592223,71.2777872296408,-373.027966170293));
#8794=CARTESIAN_POINT('',(-168.753126525602,76.7869051248446,-373.027966170293));
#8795=CARTESIAN_POINT('Origin',(-167.597367907638,28.0141361234718,-373.227966170293));
#8796=CARTESIAN_POINT('',(-161.359861398616,-2.35832811563641,-373.027966170293));
#8797=CARTESIAN_POINT('',(-160.968565948597,-2.27533491835752,-373.427966170293));
#8798=CARTESIAN_POINT('',(-167.793015632647,27.9726395248323,-373.027966170293));
#8799=CARTESIAN_POINT('Origin',(-172.714614747899,85.9687682835176,-373.227966170293));
#8800=CARTESIAN_POINT('',(-162.932228497429,83.8939383515448,-373.027966170293));
#8801=CARTESIAN_POINT('',(-162.932228497429,83.8939383515448,-373.027966170293));
#8802=CARTESIAN_POINT('Origin',(-172.714614747899,85.9687682835176,-373.027966170293));
#8803=CARTESIAN_POINT('Origin',(-158.376233592223,-1.72550498638474,-373.227966170293));
#8804=CARTESIAN_POINT('',(-155.392605785829,-1.09268185713306,-373.027966170293));
#8805=CARTESIAN_POINT('',(-155.783901235848,-1.17567505441196,-373.427966170293));
#8806=CARTESIAN_POINT('',(-155.326233592223,-1.72550498638474,-373.027966170293));
#8807=CARTESIAN_POINT('Origin',(-158.376233592223,-1.72550498638474,-373.027966170293));
#8808=CARTESIAN_POINT('Origin',(-158.376233592223,-1.72550498638474,-373.027966170293));
#8809=CARTESIAN_POINT('Origin',(-165.971333136792,68.6012654683845,-373.227966170293));
#8810=CARTESIAN_POINT('',(-161.359861398616,91.307318142867,-373.027966170293));
#8811=CARTESIAN_POINT('',(-166.166980861802,68.642762067024,-373.027966170293));
#8812=CARTESIAN_POINT('',(-161.359861398616,91.307318142867,-373.027966170293));
#8813=CARTESIAN_POINT('Origin',(-160.395372974024,21.5303776200705,-373.227966170293));
#8814=CARTESIAN_POINT('',(-157.941006093163,10.9224889975974,-373.027966170293));
#8815=CARTESIAN_POINT('',(-158.332301543182,10.8394958003184,-373.427966170293));
#8816=CARTESIAN_POINT('',(-160.199725249015,21.5718742187099,-373.027966170293));
#8817=CARTESIAN_POINT('Origin',(-158.376233592223,90.6744950136153,-373.227966170293));
#8818=CARTESIAN_POINT('',(-155.326233592223,90.6744950136153,-373.027966170293));
#8819=CARTESIAN_POINT('Origin',(-158.376233592223,90.6744950136153,-373.027966170293));
#8820=CARTESIAN_POINT('',(-155.392605785829,90.0416718843636,-373.027966170293));
#8821=CARTESIAN_POINT('Origin',(-158.376233592223,90.6744950136153,-373.027966170293));
#8822=CARTESIAN_POINT('',(-155.392605785829,90.0416718843636,-373.027966170293));
#8823=CARTESIAN_POINT('Origin',(-138.376233592223,15.0721488615432,-373.227966170293));
#8824=CARTESIAN_POINT('',(-158.376233592223,15.0721488615432,-373.027966170293));
#8825=CARTESIAN_POINT('',(-158.776233592223,15.0721488615432,-373.427966170293));
#8826=CARTESIAN_POINT('Origin',(-138.376233592223,15.0721488615432,-373.027966170293));
#8827=CARTESIAN_POINT('Origin',(-161.887186877221,60.3850239717859,-373.227966170293));
#8828=CARTESIAN_POINT('',(-157.941006093163,78.0265010296349,-373.027966170293));
#8829=CARTESIAN_POINT('',(-157.941006093163,78.0265010296349,-373.027966170293));
#8830=CARTESIAN_POINT('',(-161.691539152212,60.3435273731465,-373.027966170293));
#8831=CARTESIAN_POINT('Origin',(-158.576233592223,28.7244950136153,-373.227966170293));
#8832=CARTESIAN_POINT('',(-158.376233592223,73.8768411656893,-373.027966170293));
#8833=CARTESIAN_POINT('',(-158.776233592223,73.8768411656893,-373.427966170293));
#8834=CARTESIAN_POINT('',(-158.376233592223,28.7244950136153,-373.027966170293));
#8835=CARTESIAN_POINT('Origin',(-138.376233592223,73.8768411656893,-373.227966170293));
#8836=CARTESIAN_POINT('Origin',(-138.376233592223,73.8768411656893,-373.027966170293));
#8837=CARTESIAN_POINT('Origin',(-158.376233592223,75.9744950136153,-373.427966170293));
#8838=CARTESIAN_POINT('',(-155.392605785829,90.0416718843636,-367.427966170293));
#8839=CARTESIAN_POINT('',(-155.392605785829,90.0416718843636,-373.427966170293));
#8840=CARTESIAN_POINT('',(-156.284541364654,85.8363834372739,-369.827966170293));
#8841=CARTESIAN_POINT('Ctrl Pts',(-156.284541364654,85.8363834372739,-369.827966170293));
#8842=CARTESIAN_POINT('Ctrl Pts',(-156.145430217199,86.4922632061099,-369.827966170293));
#8843=CARTESIAN_POINT('Ctrl Pts',(-155.939835956796,87.4615968537235,-369.51708260721));
#8844=CARTESIAN_POINT('Ctrl Pts',(-155.647032683036,88.8421026364772,-368.590895498371));
#8845=CARTESIAN_POINT('Ctrl Pts',(-155.494809735851,89.5598017802004,-367.896324986447));
#8846=CARTESIAN_POINT('Ctrl Pts',(-155.393492266291,90.0374923156438,-367.432033451878));
#8847=CARTESIAN_POINT('Ctrl Pts',(-155.39304918006,90.0395813739269,-367.42999988589));
#8848=CARTESIAN_POINT('Ctrl Pts',(-155.392605785829,90.0416718843636,-367.427966170293));
#8849=CARTESIAN_POINT('',(-157.941006093163,78.0265010296349,-369.827966170293));
#8850=CARTESIAN_POINT('',(-161.691539152212,60.3435273731465,-369.827966170293));
#8851=CARTESIAN_POINT('',(-157.941006093163,78.0265010296349,-373.427966170293));
#8852=CARTESIAN_POINT('Origin',(-158.376233592223,90.6744950136153,-373.427966170293));
#8853=CARTESIAN_POINT('',(-155.326233592223,90.6744950136153,-366.827966170293));
#8854=CARTESIAN_POINT('Origin',(-158.376233592223,90.6744950136153,-366.827966170293));
#8855=CARTESIAN_POINT('',(-155.326233592223,90.6744950136153,-373.427966170293));
#8856=CARTESIAN_POINT('',(-161.359861398616,91.307318142867,-367.427966170293));
#8857=CARTESIAN_POINT('',(-161.359861398616,91.307318142867,-373.427966170293));
#8858=CARTESIAN_POINT('Origin',(-158.376233592223,90.6744950136153,-367.427966170293));
#8859=CARTESIAN_POINT('Origin',(-161.359861398616,91.307318142867,-373.427966170293));
#8860=CARTESIAN_POINT('',(-162.932228497429,83.8939383515448,-369.827966170293));
#8861=CARTESIAN_POINT('',(-162.932228497429,83.8939383515448,-373.427966170293));
#8862=CARTESIAN_POINT('',(-162.251796977441,87.1020296957763,-369.827966170293));
#8863=CARTESIAN_POINT('',(-166.166980861802,68.642762067024,-369.827966170293));
#8864=CARTESIAN_POINT('Ctrl Pts',(-161.359861398616,91.307318142867,-367.427966170293));
#8865=CARTESIAN_POINT('Ctrl Pts',(-161.360304906102,91.3052270984557,-367.430000405335));
#8866=CARTESIAN_POINT('Ctrl Pts',(-161.36074797884,91.3031381037923,-367.432034164994));
#8867=CARTESIAN_POINT('Ctrl Pts',(-161.462107419758,90.8252496821937,-367.896433222818));
#8868=CARTESIAN_POINT('Ctrl Pts',(-161.614580721813,90.1063701680033,-368.590943675673));
#8869=CARTESIAN_POINT('Ctrl Pts',(-161.906961663616,88.7278555914937,-369.517345968908));
#8870=CARTESIAN_POINT('Ctrl Pts',(-162.112685915246,87.7579090626302,-369.827966170293));
#8871=CARTESIAN_POINT('Ctrl Pts',(-162.251796977441,87.1020296957763,-369.827966170293));
#8872=CARTESIAN_POINT('Origin',(-172.714614747899,85.9687682835176,-373.427966170293));
#8873=CARTESIAN_POINT('',(-168.753126525602,76.7869051248446,-369.827966170293));
#8874=CARTESIAN_POINT('',(-168.753126525602,76.7869051248446,-373.427966170293));
#8875=CARTESIAN_POINT('Origin',(-172.714614747899,85.9687682835176,-369.827966170293));
#8876=CARTESIAN_POINT('Origin',(-166.376233592223,71.2777872296408,-373.427966170293));
#8877=CARTESIAN_POINT('',(-172.376233592223,71.2777872296408,-369.827966170293));
#8878=CARTESIAN_POINT('',(-172.376233592223,71.2777872296408,-373.427966170293));
#8879=CARTESIAN_POINT('Origin',(-166.376233592223,71.2777872296408,-369.827966170293));
#8880=CARTESIAN_POINT('Origin',(-172.376233592223,75.9744950136153,-373.427966170293));
#8881=CARTESIAN_POINT('',(-172.376233592223,17.67120279759,-369.827966170293));
#8882=CARTESIAN_POINT('',(-172.376233592223,17.67120279759,-373.427966170293));
#8883=CARTESIAN_POINT('',(-172.376233592223,60.2244950136153,-369.827966170293));
#8884=CARTESIAN_POINT('Origin',(-166.376233592223,17.67120279759,-373.427966170293));
#8885=CARTESIAN_POINT('',(-168.753126525601,12.1620849023861,-369.827966170293));
#8886=CARTESIAN_POINT('',(-168.753126525601,12.1620849023861,-373.427966170293));
#8887=CARTESIAN_POINT('Origin',(-166.376233592223,17.67120279759,-369.827966170293));
#8888=CARTESIAN_POINT('Origin',(-138.376233592223,15.0721488615432,-369.827966170293));
#8889=CARTESIAN_POINT('',(-158.376233592223,15.0721488615432,-369.827966170293));
#8890=CARTESIAN_POINT('Origin',(-158.776233592223,15.0721488615432,-369.827966170293));
#8891=CARTESIAN_POINT('',(-157.941006093163,10.9224889975974,-369.827966170293));
#8892=CARTESIAN_POINT('Origin',(-158.332301543182,10.8394958003184,-369.827966170293));
#8893=CARTESIAN_POINT('Origin',(-138.376233592223,15.0721488615432,-369.827966170293));
#8894=CARTESIAN_POINT('Origin',(-160.591020699034,21.488881021431,-369.827966170293));
#8895=CARTESIAN_POINT('',(-156.284541364654,3.11260658995664,-369.827966170293));
#8896=CARTESIAN_POINT('Origin',(-156.675836814673,3.02961339267775,-369.827966170293));
#8897=CARTESIAN_POINT('',(-160.199725249015,21.5718742187099,-369.827966170293));
#8898=CARTESIAN_POINT('Ctrl Pts',(-155.392605785829,-1.0926818571329,-367.427966170293));
#8899=CARTESIAN_POINT('Ctrl Pts',(-155.393049239238,-1.09059106768266,-367.43000015848));
#8900=CARTESIAN_POINT('Ctrl Pts',(-155.39349376759,-1.08849521010413,-367.432037968372));
#8901=CARTESIAN_POINT('Ctrl Pts',(-155.544569707842,-0.376203962570946,
-368.125516418316));
#8902=CARTESIAN_POINT('Ctrl Pts',(-155.750771216009,0.595992730403419,-369.06671510372));
#8903=CARTESIAN_POINT('Ctrl Pts',(-156.076831233302,2.13329705632836,-369.7289725621));
#8904=CARTESIAN_POINT('Ctrl Pts',(-156.218139770848,2.7995370567598,-369.830249191536));
#8905=CARTESIAN_POINT('Ctrl Pts',(-156.289252792725,3.13481998126132,-369.827889139052));
#8906=CARTESIAN_POINT('Ctrl Pts',(-155.392605785829,-1.0926818571329,-367.427966170293));
#8907=CARTESIAN_POINT('Ctrl Pts',(-155.393072604161,-1.09048090699044,-367.429914878546));
#8908=CARTESIAN_POINT('Ctrl Pts',(-155.393537503998,-1.08828900205984,-367.431784368627));
#8909=CARTESIAN_POINT('Ctrl Pts',(-155.552336667009,-0.339584368580755,
-368.088135723985));
#8910=CARTESIAN_POINT('Ctrl Pts',(-155.768385753435,0.679042360404236,-368.971606040342));
#8911=CARTESIAN_POINT('Ctrl Pts',(-156.088089161255,2.18637812847203,-369.552101749088));
#8912=CARTESIAN_POINT('Ctrl Pts',(-156.222424565636,2.81974185712191,-369.628424707974));
#8913=CARTESIAN_POINT('Ctrl Pts',(-156.28894978044,3.13339452239589,-369.617393386362));
#8914=CARTESIAN_POINT('Ctrl Pts',(-155.392605785829,-1.0926818571329,-367.427966170293));
#8915=CARTESIAN_POINT('Ctrl Pts',(-155.393069248083,-1.09049673019281,-367.429815262802));
#8916=CARTESIAN_POINT('Ctrl Pts',(-155.393611781387,-1.08796554941023,-367.431543536495));
#8917=CARTESIAN_POINT('Ctrl Pts',(-155.559659512746,-0.31000206387328,-368.050794060673));
#8918=CARTESIAN_POINT('Ctrl Pts',(-155.832880932784,0.75111609850449,-368.874560607285));
#8919=CARTESIAN_POINT('Ctrl Pts',(-156.235456272949,2.20634739312366,-369.383488522637));
#8920=CARTESIAN_POINT('Ctrl Pts',(-156.397498518076,2.80025179779703,-369.442015324963));
#8921=CARTESIAN_POINT('Ctrl Pts',(-156.477077502894,3.09224424218942,-369.426113800686));
#8922=CARTESIAN_POINT('Ctrl Pts',(-155.392605785829,-1.0926818571329,-367.427966170293));
#8923=CARTESIAN_POINT('Ctrl Pts',(-155.393116496132,-1.09027396558772,-367.429660106302));
#8924=CARTESIAN_POINT('Ctrl Pts',(-155.393628679203,-1.08786983149472,-367.431358072745));
#8925=CARTESIAN_POINT('Ctrl Pts',(-155.568134510501,-0.264421772878359,
-368.008973681818));
#8926=CARTESIAN_POINT('Ctrl Pts',(-155.94101146729,0.784186832992339,-368.79303547478));
#8927=CARTESIAN_POINT('Ctrl Pts',(-156.412835482785,2.17477240183364,-369.345208528143));
#8928=CARTESIAN_POINT('Ctrl Pts',(-156.59569421763,2.75922808587131,-369.429781987684));
#8929=CARTESIAN_POINT('Ctrl Pts',(-156.683025778326,3.04848871046922,-369.427910316014));
#8930=CARTESIAN_POINT('',(-155.392605785829,-1.09268185713297,-367.427966170293));
#8931=CARTESIAN_POINT('Ctrl Pts',(-156.675836814673,3.02961339267774,-369.427966170293));
#8932=CARTESIAN_POINT('Ctrl Pts',(-156.653959032444,2.95721888918051,-369.427966170293));
#8933=CARTESIAN_POINT('Ctrl Pts',(-156.631740035182,2.88441974153762,-369.425190214255));
#8934=CARTESIAN_POINT('Ctrl Pts',(-156.609260602581,2.81145560640589,-369.41975015719));
#8935=CARTESIAN_POINT('Ctrl Pts',(-156.586886139689,2.73883218378725,-369.414335502955));
#8936=CARTESIAN_POINT('Ctrl Pts',(-156.564253716286,2.66604575549666,-369.406281862179));
#8937=CARTESIAN_POINT('Ctrl Pts',(-156.541423086755,2.59330446292888,-369.395737571973));
#8938=CARTESIAN_POINT('Ctrl Pts',(-156.518704308215,2.52091954186003,-369.38524493997));
#8939=CARTESIAN_POINT('Ctrl Pts',(-156.495789207284,2.44857970394997,-369.372286334495));
#8940=CARTESIAN_POINT('Ctrl Pts',(-156.47271695455,2.37645586160889,-369.357041015667));
#8941=CARTESIAN_POINT('Ctrl Pts',(-156.451157850986,2.30906212228394,-369.342795531654));
#8942=CARTESIAN_POINT('Ctrl Pts',(-156.429461252557,2.24185689342021,-369.326553966045));
#8943=CARTESIAN_POINT('Ctrl Pts',(-156.407644624107,2.17494819664645,-369.308484897357));
#8944=CARTESIAN_POINT('Ctrl Pts',(-156.380634649802,2.09211219910916,-369.286114571801));
#8945=CARTESIAN_POINT('Ctrl Pts',(-156.353492298281,2.00970277589554,-369.26092881645));
#8946=CARTESIAN_POINT('Ctrl Pts',(-156.326262476432,1.92774513245121,-369.233198386756));
#8947=CARTESIAN_POINT('Ctrl Pts',(-156.298833006215,1.84518657763227,-369.205264638251));
#8948=CARTESIAN_POINT('Ctrl Pts',(-156.27131463824,1.76308635507214,-369.174748932328));
#8949=CARTESIAN_POINT('Ctrl Pts',(-156.243743939086,1.6814192539906,-369.141916225254));
#8950=CARTESIAN_POINT('Ctrl Pts',(-156.21595457043,1.5991044325076,-369.108823114493));
#8951=CARTESIAN_POINT('Ctrl Pts',(-156.188111799856,1.5172295904282,-369.073376210176));
#8952=CARTESIAN_POINT('Ctrl Pts',(-156.16024645483,1.43571834650375,-369.035832796208));
#8953=CARTESIAN_POINT('Ctrl Pts',(-156.149518089736,1.40433591132206,-369.021378302587));
#8954=CARTESIAN_POINT('Ctrl Pts',(-156.138786328965,1.37300684642144,-369.006612887149));
#8955=CARTESIAN_POINT('Ctrl Pts',(-156.128052807035,1.34172482794353,-368.991550644834));
#8956=CARTESIAN_POINT('Ctrl Pts',(-156.103300654442,1.26958659597874,-368.95681620048));
#8957=CARTESIAN_POINT('Ctrl Pts',(-156.078310410342,1.19754382555157,-368.920513531246));
#8958=CARTESIAN_POINT('Ctrl Pts',(-156.053307062778,1.12562873732315,-368.882818873059));
#8959=CARTESIAN_POINT('Ctrl Pts',(-156.027661599724,1.05186678471341,-368.844156171541));
#8960=CARTESIAN_POINT('Ctrl Pts',(-156.002002160167,0.978239212922051,-368.804029122062));
#8961=CARTESIAN_POINT('Ctrl Pts',(-155.976519470567,0.904764242818375,-368.762619427767));
#8962=CARTESIAN_POINT('Ctrl Pts',(-155.9502315129,0.828967420194721,-368.719901162636));
#8963=CARTESIAN_POINT('Ctrl Pts',(-155.924131381756,0.753333120952131,-368.67581795518));
#8964=CARTESIAN_POINT('Ctrl Pts',(-155.89837726225,0.677862517290019,-368.630559574368));
#8965=CARTESIAN_POINT('Ctrl Pts',(-155.871004699572,0.597649181763104,-368.582457061478));
#8966=CARTESIAN_POINT('Ctrl Pts',(-155.844022787184,0.517621045487938,-368.533027122225));
#8967=CARTESIAN_POINT('Ctrl Pts',(-155.817567937394,0.437755176552929,-368.482485629924));
#8968=CARTESIAN_POINT('Ctrl Pts',(-155.789791886279,0.353900666870133,-368.429420007373));
#8969=CARTESIAN_POINT('Ctrl Pts',(-155.762596264029,0.270225280844618,-368.375129074962));
#8970=CARTESIAN_POINT('Ctrl Pts',(-155.736088246851,0.186672222778057,-368.319848864601));
#8971=CARTESIAN_POINT('Ctrl Pts',(-155.707924630275,0.0979007286549531,
-368.261116042814));
#8972=CARTESIAN_POINT('Ctrl Pts',(-155.680536328109,0.00926755077870896,
-368.201266541625));
#8973=CARTESIAN_POINT('Ctrl Pts',(-155.654007443452,-0.0793328161221885,
-368.140567550661));
#8974=CARTESIAN_POINT('Ctrl Pts',(-155.623971902602,-0.179644607360298,
-368.07184521098));
#8975=CARTESIAN_POINT('Ctrl Pts',(-155.595036722024,-0.279913865812193,
-368.002034128608));
#8976=CARTESIAN_POINT('Ctrl Pts',(-155.567285525388,-0.380347223664138,
-367.931500344945));
#8977=CARTESIAN_POINT('Ctrl Pts',(-155.537057574965,-0.489744112084442,
-367.854671524061));
#8978=CARTESIAN_POINT('Ctrl Pts',(-155.508231843501,-0.599336450610638,
-367.776985104813));
#8979=CARTESIAN_POINT('Ctrl Pts',(-155.480905668647,-0.709449570711325,
-367.698889652294));
#8980=CARTESIAN_POINT('Ctrl Pts',(-155.452307951631,-0.824686476907349,
-367.617160260481));
#8981=CARTESIAN_POINT('Ctrl Pts',(-155.425350022173,-0.940496340099659,
-367.534982351171));
#8982=CARTESIAN_POINT('Ctrl Pts',(-155.400174337695,-1.05728671845669,-367.452849893937));
#8983=CARTESIAN_POINT('Ctrl Pts',(-155.398151143477,-1.06667234681463,-367.446249481038));
#8984=CARTESIAN_POINT('Ctrl Pts',(-155.396139486387,-1.07606431159569,-367.439649354097));
#8985=CARTESIAN_POINT('Ctrl Pts',(-155.394139455256,-1.0854628245974,-367.43304976591));
#8986=CARTESIAN_POINT('Ctrl Pts',(-155.393627162044,-1.08787018433688,-367.431359330104));
#8987=CARTESIAN_POINT('Ctrl Pts',(-155.393116175747,-1.09027547614189,-367.429661160111));
#8988=CARTESIAN_POINT('Ctrl Pts',(-155.39260578583,-1.09268185713302,-367.427966170293));
#8989=CARTESIAN_POINT('Ctrl Pts',(-155.392605785829,-1.0926818571329,-367.427966170293));
#8990=CARTESIAN_POINT('Ctrl Pts',(-155.393049239358,-1.09059106711646,-367.430000158042));
#8991=CARTESIAN_POINT('Ctrl Pts',(-155.393493767815,-1.08849520904427,-367.432037967068));
#8992=CARTESIAN_POINT('Ctrl Pts',(-155.544569747762,-0.376203774355317,
-368.125516226188));
#8993=CARTESIAN_POINT('Ctrl Pts',(-155.750771306544,0.595993157257959,-369.066714614883));
#8994=CARTESIAN_POINT('Ctrl Pts',(-156.075365376401,2.12638584969744,-369.725994248818));
#8995=CARTESIAN_POINT('Ctrl Pts',(-156.214985813253,2.784666810806,-369.827966170293));
#8996=CARTESIAN_POINT('Ctrl Pts',(-156.284541364654,3.11260658995666,-369.827966170293));
#8997=CARTESIAN_POINT('Origin',(-158.776233592223,28.7244950136153,-369.827966170293));
#8998=CARTESIAN_POINT('',(-158.376233592223,73.8768411656893,-369.827966170293));
#8999=CARTESIAN_POINT('Origin',(-158.776233592223,73.8768411656893,-369.827966170293));
#9000=CARTESIAN_POINT('',(-158.376233592223,28.7244950136153,-369.827966170293));
#9001=CARTESIAN_POINT('Origin',(-138.376233592223,73.8768411656893,-369.827966170293));
#9002=CARTESIAN_POINT('Origin',(-158.332301543182,78.1094942269138,-369.827966170293));
#9003=CARTESIAN_POINT('Origin',(-138.376233592223,73.8768411656893,-369.827966170293));
#9004=CARTESIAN_POINT('Origin',(-162.08283460223,60.4265205704254,-369.827966170293));
#9005=CARTESIAN_POINT('Origin',(-156.675836814673,85.9193766345528,-369.827966170293));
#9006=CARTESIAN_POINT('Ctrl Pts',(-156.284541364654,85.8363834372739,-369.827966170293));
#9007=CARTESIAN_POINT('Ctrl Pts',(-156.145430217199,86.4922632061099,-369.827966170293));
#9008=CARTESIAN_POINT('Ctrl Pts',(-155.939835956796,87.4615968537235,-369.51708260721));
#9009=CARTESIAN_POINT('Ctrl Pts',(-155.647032683036,88.8421026364772,-368.590895498371));
#9010=CARTESIAN_POINT('Ctrl Pts',(-155.494809735851,89.5598017802004,-367.896324986447));
#9011=CARTESIAN_POINT('Ctrl Pts',(-155.393492266291,90.0374923156438,-367.432033451878));
#9012=CARTESIAN_POINT('Ctrl Pts',(-155.39304918006,90.0395813739269,-367.42999988589));
#9013=CARTESIAN_POINT('Ctrl Pts',(-155.392605785829,90.0416718843636,-367.427966170293));
#9014=CARTESIAN_POINT('Ctrl Pts',(-156.284541364654,85.8363834372739,-369.723246415173));
#9015=CARTESIAN_POINT('Ctrl Pts',(-156.150102098478,86.4715435330703,-369.731647491388));
#9016=CARTESIAN_POINT('Ctrl Pts',(-155.947902559679,87.4248678756987,-369.445343551153));
#9017=CARTESIAN_POINT('Ctrl Pts',(-155.653731486822,88.8125227591943,-368.558152895875));
#9018=CARTESIAN_POINT('Ctrl Pts',(-155.497444895311,89.5477218551683,-367.883325922157));
#9019=CARTESIAN_POINT('Ctrl Pts',(-155.393514373645,90.0373870410794,-367.431920438083));
#9020=CARTESIAN_POINT('Ctrl Pts',(-155.393060334632,90.039528782469,-367.429943393791));
#9021=CARTESIAN_POINT('Ctrl Pts',(-155.392605785829,90.0416718843636,-367.427966170293));
#9022=CARTESIAN_POINT('Ctrl Pts',(-156.369483892035,85.8543996241013,-369.514798283855));
#9023=CARTESIAN_POINT('Ctrl Pts',(-156.229233425876,86.4452867718221,-369.539245744164));
#9024=CARTESIAN_POINT('Ctrl Pts',(-156.009385451809,87.3611826889865,-369.301611049884));
#9025=CARTESIAN_POINT('Ctrl Pts',(-155.677084784331,88.7554564859779,-368.492248777455));
#9026=CARTESIAN_POINT('Ctrl Pts',(-155.502531775557,89.5235239014392,-367.857258466665));
#9027=CARTESIAN_POINT('Ctrl Pts',(-155.393559463788,90.0371766751891,-367.431694620524));
#9028=CARTESIAN_POINT('Ctrl Pts',(-155.393082643776,90.0394235995534,-367.429830409591));
#9029=CARTESIAN_POINT('Ctrl Pts',(-155.392605785829,90.0416718843636,-367.427966170293));
#9030=CARTESIAN_POINT('Ctrl Pts',(-156.57339590541,85.8976490663136,-369.427966170293));
#9031=CARTESIAN_POINT('Ctrl Pts',(-156.410406400378,86.4655145101083,-369.441329555113));
#9032=CARTESIAN_POINT('Ctrl Pts',(-156.145377272933,87.3393994625594,-369.201041768605));
#9033=CARTESIAN_POINT('Ctrl Pts',(-155.724132225503,88.7065072007471,-368.428607235901));
#9034=CARTESIAN_POINT('Ctrl Pts',(-155.507842742041,89.499239156521,-367.831351098192));
#9035=CARTESIAN_POINT('Ctrl Pts',(-155.393604514174,90.0369667107651,-367.431468320096));
#9036=CARTESIAN_POINT('Ctrl Pts',(-155.39310495292,90.0393184166378,-367.429717425392));
#9037=CARTESIAN_POINT('Ctrl Pts',(-155.392605785829,90.0416718843636,-367.427966170293));
#9038=CARTESIAN_POINT('Ctrl Pts',(-156.675836814673,85.9193766345528,-369.427966170293));
#9039=CARTESIAN_POINT('Ctrl Pts',(-156.504696423923,86.4856874007491,-369.427966170293));
#9040=CARTESIAN_POINT('Ctrl Pts',(-156.222197983488,87.3419488690318,-369.168896534391));
#9041=CARTESIAN_POINT('Ctrl Pts',(-155.753564676373,88.6850346905091,-368.397073943692));
#9042=CARTESIAN_POINT('Ctrl Pts',(-155.510480450523,89.4870204560125,-367.818265183756));
#9043=CARTESIAN_POINT('Ctrl Pts',(-155.393627252963,90.0368619952771,-367.431355571614));
#9044=CARTESIAN_POINT('Ctrl Pts',(-155.393116107492,90.03926582518,-367.429660933292));
#9045=CARTESIAN_POINT('Ctrl Pts',(-155.392605785829,90.0416718843636,-367.427966170293));
#9046=CARTESIAN_POINT('Ctrl Pts',(-155.392605785829,90.0416718843636,-367.427966170293));
#9047=CARTESIAN_POINT('Ctrl Pts',(-155.393116107492,90.03926582518,-367.429660933292));
#9048=CARTESIAN_POINT('Ctrl Pts',(-155.393627252963,90.0368619952771,-367.431355571614));
#9049=CARTESIAN_POINT('Ctrl Pts',(-155.510480450523,89.4870204560125,-367.818265183756));
#9050=CARTESIAN_POINT('Ctrl Pts',(-155.753564676373,88.6850346905091,-368.397073943692));
#9051=CARTESIAN_POINT('Ctrl Pts',(-156.222197983488,87.3419488690318,-369.168896534391));
#9052=CARTESIAN_POINT('Ctrl Pts',(-156.504696423923,86.4856874007491,-369.427966170293));
#9053=CARTESIAN_POINT('Ctrl Pts',(-156.675836814673,85.9193766345528,-369.427966170293));
#9054=CARTESIAN_POINT('Origin',(-158.376233592223,90.6744950136153,-367.427966170293));
#9055=CARTESIAN_POINT('Ctrl Pts',(-161.860501527422,87.0190364984978,-369.427966170293));
#9056=CARTESIAN_POINT('Ctrl Pts',(-161.849934468065,87.103455317083,-369.427966170293));
#9057=CARTESIAN_POINT('Ctrl Pts',(-161.839617546629,87.1883133581651,-369.424455607005));
#9058=CARTESIAN_POINT('Ctrl Pts',(-161.829557480914,87.2733637656044,-369.417634413554));
#9059=CARTESIAN_POINT('Ctrl Pts',(-161.819478085546,87.3585775909426,-369.410800113698));
#9060=CARTESIAN_POINT('Ctrl Pts',(-161.809656431828,87.4439843874694,-369.400642821185));
#9061=CARTESIAN_POINT('Ctrl Pts',(-161.800093028173,87.5293841727075,-369.387382945007));
#9062=CARTESIAN_POINT('Ctrl Pts',(-161.790525906316,87.6148171609323,-369.374117913459));
#9063=CARTESIAN_POINT('Ctrl Pts',(-161.78121720999,87.7002430424593,-369.357748222972));
#9064=CARTESIAN_POINT('Ctrl Pts',(-161.772162173757,87.78551156018,-369.338508519854));
#9065=CARTESIAN_POINT('Ctrl Pts',(-161.763116777606,87.8706893001896,-369.319289299515));
#9066=CARTESIAN_POINT('Ctrl Pts',(-161.754324565396,87.9557099653255,-369.297206472412));
#9067=CARTESIAN_POINT('Ctrl Pts',(-161.745775249301,88.0404746208589,-369.272503113347));
#9068=CARTESIAN_POINT('Ctrl Pts',(-161.737236396242,88.1251355376234,-369.247829987356));
#9069=CARTESIAN_POINT('Ctrl Pts',(-161.728940007665,88.2095410607173,-369.220542995919));
#9070=CARTESIAN_POINT('Ctrl Pts',(-161.72086861955,88.2936437874622,-369.190889331743));
#9071=CARTESIAN_POINT('Ctrl Pts',(-161.712820015058,88.3775091120734,-369.161319372858));
#9072=CARTESIAN_POINT('Ctrl Pts',(-161.704995406222,88.4610733919086,-369.129396298938));
#9073=CARTESIAN_POINT('Ctrl Pts',(-161.69736711675,88.5443402684156,-369.095366673595));
#9074=CARTESIAN_POINT('Ctrl Pts',(-161.690092064934,88.6237513661949,-369.062912833379));
#9075=CARTESIAN_POINT('Ctrl Pts',(-161.682995787841,88.7028923709166,-369.028543159925));
#9076=CARTESIAN_POINT('Ctrl Pts',(-161.676041477786,88.7818087149279,-368.99247029451));
#9077=CARTESIAN_POINT('Ctrl Pts',(-161.668350958986,88.8690794322861,-368.952578623383));
#9078=CARTESIAN_POINT('Ctrl Pts',(-161.660807376499,88.9559228912702,-368.910649361111));
#9079=CARTESIAN_POINT('Ctrl Pts',(-161.653277763652,89.0423657249331,-368.866944130448));
#9080=CARTESIAN_POINT('Ctrl Pts',(-161.645594638284,89.1305709410276,-368.822347844652));
#9081=CARTESIAN_POINT('Ctrl Pts',(-161.637926566376,89.2183591915954,-368.775902432989));
#9082=CARTESIAN_POINT('Ctrl Pts',(-161.630139534047,89.3058082282017,-368.727863227726));
#9083=CARTESIAN_POINT('Ctrl Pts',(-161.622146870398,89.3955665220625,-368.678555456364));
#9084=CARTESIAN_POINT('Ctrl Pts',(-161.614029595797,89.484967602773,-368.627568558879));
#9085=CARTESIAN_POINT('Ctrl Pts',(-161.60564097315,89.5741448040217,-368.575155381756));
#9086=CARTESIAN_POINT('Ctrl Pts',(-161.603732914108,89.594428868806,-368.563233587111));
#9087=CARTESIAN_POINT('Ctrl Pts',(-161.601810782548,89.6147015414973,-368.551237910192));
#9088=CARTESIAN_POINT('Ctrl Pts',(-161.599872774941,89.6349647198087,-368.539171170332));
#9089=CARTESIAN_POINT('Ctrl Pts',(-161.592224372,89.7149339376919,-368.491549433301));
#9090=CARTESIAN_POINT('Ctrl Pts',(-161.584379429878,89.7948357486415,-368.442861467793));
#9091=CARTESIAN_POINT('Ctrl Pts',(-161.576156195531,89.8746019084853,-368.393284564261));
#9092=CARTESIAN_POINT('Ctrl Pts',(-161.567587820137,89.9577159695107,-368.34162684633));
#9093=CARTESIAN_POINT('Ctrl Pts',(-161.558609052432,90.0406828400441,-368.289003972465));
#9094=CARTESIAN_POINT('Ctrl Pts',(-161.549060299181,90.1234590717189,-368.235602364403));
#9095=CARTESIAN_POINT('Ctrl Pts',(-161.539031627049,90.2103956241585,-368.179516799673));
#9096=CARTESIAN_POINT('Ctrl Pts',(-161.528374623077,90.2971220145375,-368.122572189795));
#9097=CARTESIAN_POINT('Ctrl Pts',(-161.516948574049,90.3836228661569,-368.064969940417));
#9098=CARTESIAN_POINT('Ctrl Pts',(-161.504416362234,90.4784979180612,-368.001791182091));
#9099=CARTESIAN_POINT('Ctrl Pts',(-161.490959233179,90.5731016939154,-367.937821231796));
#9100=CARTESIAN_POINT('Ctrl Pts',(-161.476438607445,90.6674540953339,-367.87330951634));
#9101=CARTESIAN_POINT('Ctrl Pts',(-161.460080887324,90.7737436040207,-367.800636023802));
#9102=CARTESIAN_POINT('Ctrl Pts',(-161.442373698906,90.8797144335256,-367.727274795842));
#9103=CARTESIAN_POINT('Ctrl Pts',(-161.423172711465,90.985441474419,-367.653564537619));
#9104=CARTESIAN_POINT('Ctrl Pts',(-161.404087312168,91.0905320484354,-367.580298008241));
#9105=CARTESIAN_POINT('Ctrl Pts',(-161.383526716327,91.1953832132086,-367.506685966709));
#9106=CARTESIAN_POINT('Ctrl Pts',(-161.361390634254,91.3000962272903,-367.433051928844));
#9107=CARTESIAN_POINT('Ctrl Pts',(-161.360880848349,91.3025077298537,-367.431356163779));
#9108=CARTESIAN_POINT('Ctrl Pts',(-161.360371850628,91.3049114691127,-367.42966136616));
#9109=CARTESIAN_POINT('Ctrl Pts',(-161.359861398616,91.3073181428671,-367.427966170293));
#9110=CARTESIAN_POINT('Origin',(-138.376233592223,73.8768411656893,-373.427966170293));
#9111=CARTESIAN_POINT('',(-158.376233592223,73.8768411656893,-373.427966170293));
#9112=CARTESIAN_POINT('Origin',(-158.376233592223,12.9744950136153,-373.427966170293));
#9113=CARTESIAN_POINT('',(-158.376233592223,15.0721488615432,-373.427966170293));
#9114=CARTESIAN_POINT('Origin',(-138.376233592223,15.0721488615432,-373.427966170293));
#9115=CARTESIAN_POINT('',(-157.941006093163,10.9224889975974,-373.427966170293));
#9116=CARTESIAN_POINT('Origin',(-167.776233592223,43.0494950136143,-369.827966170293));
#9117=CARTESIAN_POINT('Origin',(-167.776233592223,43.6244950136135,-369.827966170293));
#9118=CARTESIAN_POINT('Origin',(-167.776233592223,64.9744950136152,-369.827966170293));
#9119=CARTESIAN_POINT('Origin',(-165.376233592223,64.9744950136152,-369.827966170293));
#9120=CARTESIAN_POINT('Origin',(-162.976233592223,64.9744950136152,-369.827966170293));
#9121=CARTESIAN_POINT('Origin',(-162.976233592223,55.7244950136153,-369.827966170293));
#9122=CARTESIAN_POINT('',(-163.376233592223,43.6244950136135,-369.827966170293));
#9123=CARTESIAN_POINT('Origin',(-162.976233592223,43.6244950136135,-369.827966170293));
#9124=CARTESIAN_POINT('',(-163.376233592223,55.7244950136153,-369.827966170293));
#9125=CARTESIAN_POINT('Origin',(-165.376233592223,43.6244950136135,-369.827966170293));
#9126=CARTESIAN_POINT('Origin',(-165.376233592223,43.6244950136135,-369.827966170293));
#9127=CARTESIAN_POINT('Origin',(-163.884419689026,44.4744950136153,-369.427966170293));
#9128=CARTESIAN_POINT('Origin',(-165.376233592223,23.9744950136152,-369.827966170293));
#9129=CARTESIAN_POINT('Origin',(-167.776233592223,23.9744950136152,-369.827966170293));
#9130=CARTESIAN_POINT('',(-163.376233592223,23.9744950136152,-369.827966170293));
#9131=CARTESIAN_POINT('Origin',(-162.976233592223,23.9744950136152,-369.827966170293));
#9132=CARTESIAN_POINT('Origin',(-165.376233592223,23.9744950136152,-369.827966170293));
#9133=CARTESIAN_POINT('Origin',(-162.976233592223,40.0494950136144,-369.827966170293));
#9134=CARTESIAN_POINT('Origin',(-162.976233592223,33.6244950136135,-369.827966170293));
#9135=CARTESIAN_POINT('',(-163.376233592223,40.0494950136144,-369.827966170293));
#9136=CARTESIAN_POINT('Origin',(-165.376233592223,33.6244950136135,-369.827966170293));
#9137=CARTESIAN_POINT('Origin',(-167.776233592223,33.6244950136135,-369.827966170293));
#9138=CARTESIAN_POINT('Origin',(-167.776233592223,33.2244950136153,-369.827966170293));
#9139=CARTESIAN_POINT('Origin',(-165.376233592223,23.9744950136152,-373.427966170293));
#9140=CARTESIAN_POINT('',(-163.376233592223,23.9744950136152,-373.427966170293));
#9141=CARTESIAN_POINT('Ctrl Pts',(-161.359861398616,91.307318142867,-367.427966170293));
#9142=CARTESIAN_POINT('Ctrl Pts',(-161.360304905983,91.3052270990166,-367.430000405913));
#9143=CARTESIAN_POINT('Ctrl Pts',(-161.36074797861,91.3031381048776,-367.432034166187));
#9144=CARTESIAN_POINT('Ctrl Pts',(-161.462107392678,90.8252498098717,-367.896433357013));
#9145=CARTESIAN_POINT('Ctrl Pts',(-161.614580655789,90.1063704792902,-368.590944017071));
#9146=CARTESIAN_POINT('Ctrl Pts',(-161.93625114644,88.589761847204,-369.610150074961));
#9147=CARTESIAN_POINT('Ctrl Pts',(-162.182225866164,87.4300428364703,-369.924853897677));
#9148=CARTESIAN_POINT('Ctrl Pts',(-162.356502387251,86.6083657354072,-369.787462151032));
#9149=CARTESIAN_POINT('Ctrl Pts',(-161.359861398616,91.307318142867,-367.427966170293));
#9150=CARTESIAN_POINT('Ctrl Pts',(-161.360329145317,91.3051128156607,-367.429882748839));
#9151=CARTESIAN_POINT('Ctrl Pts',(-161.360794881134,91.3029169692797,-367.431791134243));
#9152=CARTESIAN_POINT('Ctrl Pts',(-161.467624971409,90.7992356087702,-367.869091471406));
#9153=CARTESIAN_POINT('Ctrl Pts',(-161.628032926343,90.0429462591323,-368.5213846728));
#9154=CARTESIAN_POINT('Ctrl Pts',(-161.953236228225,88.5096826925589,-369.449420461151));
#9155=CARTESIAN_POINT('Ctrl Pts',(-162.189159755377,87.3973541445368,-369.703284133034));
#9156=CARTESIAN_POINT('Ctrl Pts',(-162.348402564041,86.6465585301171,-369.554212223771));
#9157=CARTESIAN_POINT('Ctrl Pts',(-161.359861398616,91.307318142867,-367.427966170293));
#9158=CARTESIAN_POINT('Ctrl Pts',(-161.360350025764,91.3050143687517,-367.429765360269));
#9159=CARTESIAN_POINT('Ctrl Pts',(-161.360849999057,91.3026789583461,-367.431547634016));
#9160=CARTESIAN_POINT('Ctrl Pts',(-161.471227864298,90.7758835733719,-367.841952195503));
#9161=CARTESIAN_POINT('Ctrl Pts',(-161.616359121853,89.9748276908421,-368.451360649101));
#9162=CARTESIAN_POINT('Ctrl Pts',(-161.849786626175,88.4077068249664,-369.292006300147));
#9163=CARTESIAN_POINT('Ctrl Pts',(-162.0002421067,87.3297211389163,-369.497871308756));
#9164=CARTESIAN_POINT('Ctrl Pts',(-162.103673697869,86.6287168667136,-369.349183799472));
#9165=CARTESIAN_POINT('Ctrl Pts',(-161.359861398616,91.307318142867,-367.427966170293));
#9166=CARTESIAN_POINT('Ctrl Pts',(-161.360376516371,91.3048894711154,-367.429638914773));
#9167=CARTESIAN_POINT('Ctrl Pts',(-161.360886914012,91.3024700322716,-367.431314488202));
#9168=CARTESIAN_POINT('Ctrl Pts',(-161.478754413693,90.7471450582733,-367.813254724802));
#9169=CARTESIAN_POINT('Ctrl Pts',(-161.57378964301,89.9079810410223,-368.385293168666));
#9170=CARTESIAN_POINT('Ctrl Pts',(-161.679452534862,88.3513198800371,-369.235293415682));
#9171=CARTESIAN_POINT('Ctrl Pts',(-161.778293876059,87.2991522800119,-369.508322965378));
#9172=CARTESIAN_POINT('Ctrl Pts',(-161.877988412359,86.5707467238034,-369.400731938098));
#9173=CARTESIAN_POINT('Origin',(-161.860501527422,87.0190364984974,-369.827966170293));
#9174=CARTESIAN_POINT('Origin',(-165.775685411783,68.5597688697451,-369.827966170293));
#9175=CARTESIAN_POINT('Origin',(-162.54093304741,83.8109451542659,-369.827966170293));
#9176=CARTESIAN_POINT('Origin',(-172.714614747899,85.9687682835176,-369.827966170293));
#9177=CARTESIAN_POINT('Origin',(-168.59466699671,76.4196305984976,-369.827966170293));
#9178=CARTESIAN_POINT('Origin',(-166.376233592223,71.2777872296408,-369.827966170293));
#9179=CARTESIAN_POINT('Origin',(-171.976233592223,71.2777872296408,-369.827966170293));
#9180=CARTESIAN_POINT('Origin',(-171.976233592223,60.2244950136153,-369.827966170293));
#9181=CARTESIAN_POINT('Origin',(-171.976233592223,17.67120279759,-369.827966170293));
#9182=CARTESIAN_POINT('Origin',(-166.376233592223,17.67120279759,-369.827966170293));
#9183=CARTESIAN_POINT('Origin',(-168.594666996709,12.529359428733,-369.827966170293));
#9184=CARTESIAN_POINT('Origin',(-172.714614747899,2.98022174371297,-369.827966170293));
#9185=CARTESIAN_POINT('',(-162.932228497429,5.05505167568586,-369.827966170293));
#9186=CARTESIAN_POINT('Origin',(-162.54093304741,5.13804487296483,-369.827966170293));
#9187=CARTESIAN_POINT('Origin',(-172.714614747899,2.98022174371297,-369.827966170293));
#9188=CARTESIAN_POINT('Origin',(-167.401720182629,28.0556327221112,-369.827966170293));
#9189=CARTESIAN_POINT('',(-162.251796977441,1.8469603314535,-369.827966170293));
#9190=CARTESIAN_POINT('Origin',(-161.860501527422,1.9299535287324,-369.827966170293));
#9191=CARTESIAN_POINT('',(-167.793015632647,27.9726395248323,-369.827966170293));
#9192=CARTESIAN_POINT('Ctrl Pts',(-162.252241644011,1.84905684070224,-369.827965458566));
#9193=CARTESIAN_POINT('Ctrl Pts',(-162.18254062493,1.52043121206787,-369.828188607663));
#9194=CARTESIAN_POINT('Ctrl Pts',(-162.041993504881,0.857781134818011,-369.723780637165));
#9195=CARTESIAN_POINT('Ctrl Pts',(-161.848578155124,-0.0541315135117156,
-369.332402264984));
#9196=CARTESIAN_POINT('Ctrl Pts',(-161.701263963116,-0.748686910167007,
-368.868368192205));
#9197=CARTESIAN_POINT('Ctrl Pts',(-161.59242764149,-1.26182724992003,-368.452313006288));
#9198=CARTESIAN_POINT('Ctrl Pts',(-161.51357211715,-1.63361444326854,-368.122362885504));
#9199=CARTESIAN_POINT('Ctrl Pts',(-161.436831722309,-1.99542924639112,-367.780925911501));
#9200=CARTESIAN_POINT('Ctrl Pts',(-161.386383650578,-2.23328128219094,-367.54961803304));
#9201=CARTESIAN_POINT('Ctrl Pts',(-161.360748428409,-2.35414595693697,-367.432034674789));
#9202=CARTESIAN_POINT('Ctrl Pts',(-161.360304906115,-2.35623707116341,-367.43000040524));
#9203=CARTESIAN_POINT('Ctrl Pts',(-161.359861398616,-2.35832811563637,-367.427966170293));
#9204=CARTESIAN_POINT('Ctrl Pts',(-162.25222840159,1.84899021832805,-369.723218879152));
#9205=CARTESIAN_POINT('Ctrl Pts',(-162.184603915871,1.53081267101603,-369.727642064433));
#9206=CARTESIAN_POINT('Ctrl Pts',(-162.047494698356,0.884444161699581,-369.636067929093));
#9207=CARTESIAN_POINT('Ctrl Pts',(-161.855862021366,-0.0186656835983674,
-369.268478863573));
#9208=CARTESIAN_POINT('Ctrl Pts',(-161.707837323461,-0.716653131654533,
-368.824056558786));
#9209=CARTESIAN_POINT('Ctrl Pts',(-161.59750784193,-1.23710689032636,-368.422374188662));
#9210=CARTESIAN_POINT('Ctrl Pts',(-161.517173788653,-1.61609071426797,-368.102711218531));
#9211=CARTESIAN_POINT('Ctrl Pts',(-161.438707354951,-1.9862928181666,-367.771132769515));
#9212=CARTESIAN_POINT('Ctrl Pts',(-161.387044407944,-2.23013392048122,-367.546240513689));
#9213=CARTESIAN_POINT('Ctrl Pts',(-161.360770816931,-2.35404076326857,-367.431921641211));
#9214=CARTESIAN_POINT('Ctrl Pts',(-161.360316063535,-2.35618446627563,-367.429943898709));
#9215=CARTESIAN_POINT('Ctrl Pts',(-161.359861398616,-2.35832811563637,-367.427966170293));
#9216=CARTESIAN_POINT('Ctrl Pts',(-162.167194888553,1.86688803040505,-369.514673127655));
#9217=CARTESIAN_POINT('Ctrl Pts',(-162.111241379805,1.5678253596895,-369.527118799681));
#9218=CARTESIAN_POINT('Ctrl Pts',(-161.996390253369,0.950663003909613,-369.460749211038));
#9219=CARTESIAN_POINT('Ctrl Pts',(-161.831936589103,0.0603232807297112,
-369.140382847638));
#9220=CARTESIAN_POINT('Ctrl Pts',(-161.699936734678,-0.6481361325504,-368.735184747564));
#9221=CARTESIAN_POINT('Ctrl Pts',(-161.597221040983,-1.18544443067436,-368.362316660062));
#9222=CARTESIAN_POINT('Ctrl Pts',(-161.519952264461,-1.58009664055886,-368.063284764101));
#9223=CARTESIAN_POINT('Ctrl Pts',(-161.441741482087,-1.967863529036,-367.751481140727));
#9224=CARTESIAN_POINT('Ctrl Pts',(-161.388372374441,-2.22383912114319,-367.539477338868));
#9225=CARTESIAN_POINT('Ctrl Pts',(-161.360815222286,-2.35383025037425,-367.431695601511));
#9226=CARTESIAN_POINT('Ctrl Pts',(-161.360338383159,-2.35607923395143,-367.429830861427));
#9227=CARTESIAN_POINT('Ctrl Pts',(-161.359861398616,-2.35832811563637,-367.427966170293));
#9228=CARTESIAN_POINT('Ctrl Pts',(-161.963115706165,1.91011477380173,-369.427885662872));
#9229=CARTESIAN_POINT('Ctrl Pts',(-161.922252114919,1.61696535240149,-369.434765042654));
#9230=CARTESIAN_POINT('Ctrl Pts',(-161.841982335438,1.01268515054637,-369.361192124934));
#9231=CARTESIAN_POINT('Ctrl Pts',(-161.735252419185,0.133501027868538,-369.047031265631));
#9232=CARTESIAN_POINT('Ctrl Pts',(-161.649247718841,-0.580816184678307,
-368.66004346772));
#9233=CARTESIAN_POINT('Ctrl Pts',(-161.57470408524,-1.13309817976654,-368.307180023677));
#9234=CARTESIAN_POINT('Ctrl Pts',(-161.512821456518,-1.54310940943938,-368.025240959019));
#9235=CARTESIAN_POINT('Ctrl Pts',(-161.442821661463,-1.94902667027184,-367.731950787939));
#9236=CARTESIAN_POINT('Ctrl Pts',(-161.389657045734,-2.21753455330274,-367.53272603534));
#9237=CARTESIAN_POINT('Ctrl Pts',(-161.360859496228,-2.3536197169806,-367.43146942794));
#9238=CARTESIAN_POINT('Ctrl Pts',(-161.360360702782,-2.35597400162724,-367.429717824144));
#9239=CARTESIAN_POINT('Ctrl Pts',(-161.359861398616,-2.35832811563637,-367.427966170293));
#9240=CARTESIAN_POINT('Ctrl Pts',(-161.860604679445,1.93185782627016,-369.427965656062));
#9241=CARTESIAN_POINT('Ctrl Pts',(-161.823781305759,1.6377507482477,-369.428143001257));
#9242=CARTESIAN_POINT('Ctrl Pts',(-161.754978442595,1.03528698176419,-369.341119075176));
#9243=CARTESIAN_POINT('Ctrl Pts',(-161.674841985921,0.163206678393973,-369.014955011544));
#9244=CARTESIAN_POINT('Ctrl Pts',(-161.615066202075,-0.550122350053279,
-368.628260332512));
#9245=CARTESIAN_POINT('Ctrl Pts',(-161.558398677753,-1.10780875041544,-368.28155559587));
#9246=CARTESIAN_POINT('Ctrl Pts',(-161.506904130773,-1.52466686997399,-368.006606146932));
#9247=CARTESIAN_POINT('Ctrl Pts',(-161.442924877629,-1.93951747787173,-367.722086608974));
#9248=CARTESIAN_POINT('Ctrl Pts',(-161.390294846972,-2.21438045650132,-367.529338368208));
#9249=CARTESIAN_POINT('Ctrl Pts',(-161.360881535231,-2.35351440793141,-367.431356445482));
#9250=CARTESIAN_POINT('Ctrl Pts',(-161.360371864984,-2.35592137419103,-367.429661293392));
#9251=CARTESIAN_POINT('Ctrl Pts',(-161.359861398616,-2.35832811563637,-367.427966170293));
#9252=CARTESIAN_POINT('',(-161.359861398616,-2.3583281156364,-367.427966170293));
#9253=CARTESIAN_POINT('Ctrl Pts',(-162.251796977441,1.84696033145348,-369.827966170293));
#9254=CARTESIAN_POINT('Ctrl Pts',(-162.182241446342,1.51902064802276,-369.827966170293));
#9255=CARTESIAN_POINT('Ctrl Pts',(-162.041856210944,0.857133822813922,-369.723502821171));
#9256=CARTESIAN_POINT('Ctrl Pts',(-161.848578155124,-0.0541315135117156,
-369.332402264984));
#9257=CARTESIAN_POINT('Ctrl Pts',(-161.701263963116,-0.748686910167007,
-368.868368192205));
#9258=CARTESIAN_POINT('Ctrl Pts',(-161.59242764149,-1.26182724992003,-368.452313006288));
#9259=CARTESIAN_POINT('Ctrl Pts',(-161.51357211715,-1.63361444326854,-368.122362885504));
#9260=CARTESIAN_POINT('Ctrl Pts',(-161.436831722309,-1.99542924639112,-367.780925911501));
#9261=CARTESIAN_POINT('Ctrl Pts',(-161.386383650578,-2.23328128219094,-367.54961803304));
#9262=CARTESIAN_POINT('Ctrl Pts',(-161.360748428409,-2.35414595693697,-367.432034674789));
#9263=CARTESIAN_POINT('Ctrl Pts',(-161.360304906115,-2.35623707116341,-367.43000040524));
#9264=CARTESIAN_POINT('Ctrl Pts',(-161.359861398616,-2.35832811563637,-367.427966170293));
#9265=CARTESIAN_POINT('Ctrl Pts',(-161.359861398616,-2.35832811563646,-367.427966170293));
#9266=CARTESIAN_POINT('Ctrl Pts',(-161.360371850638,-2.35592144183656,-367.429661366055));
#9267=CARTESIAN_POINT('Ctrl Pts',(-161.360881510385,-2.35351454402002,-367.431356590696));
#9268=CARTESIAN_POINT('Ctrl Pts',(-161.361390338202,-2.35110761036062,-367.433051738825));
#9269=CARTESIAN_POINT('Ctrl Pts',(-161.379520017349,-2.26534788282043,-367.493450346475));
#9270=CARTESIAN_POINT('Ctrl Pts',(-161.396637784112,-2.17931307004749,-367.553882933609));
#9271=CARTESIAN_POINT('Ctrl Pts',(-161.412752267571,-2.09306723006436,-367.614139463098));
#9272=CARTESIAN_POINT('Ctrl Pts',(-161.422328433932,-2.04181491944923,-367.649947408926));
#9273=CARTESIAN_POINT('Ctrl Pts',(-161.431551222166,-1.99048827801395,-367.685693137683));
#9274=CARTESIAN_POINT('Ctrl Pts',(-161.440430754011,-1.9391034924494,-367.721332068934));
#9275=CARTESIAN_POINT('Ctrl Pts',(-161.45592064568,-1.84946534758477,-367.783502371821));
#9276=CARTESIAN_POINT('Ctrl Pts',(-161.470364073375,-1.75965039673951,-367.845346649314));
#9277=CARTESIAN_POINT('Ctrl Pts',(-161.483859060162,-1.66967567313366,-367.906640326322));
#9278=CARTESIAN_POINT('Ctrl Pts',(-161.491117870141,-1.62127922547975,-367.939609543809));
#9279=CARTESIAN_POINT('Ctrl Pts',(-161.498102911383,-1.57283699236399,-367.972419352633));
#9280=CARTESIAN_POINT('Ctrl Pts',(-161.504834543973,-1.52435537231103,-368.005033900902));
#9281=CARTESIAN_POINT('Ctrl Pts',(-161.516856759952,-1.43777065464979,-368.063281159356));
#9282=CARTESIAN_POINT('Ctrl Pts',(-161.528069609138,-1.35106088192611,-368.120906151341));
#9283=CARTESIAN_POINT('Ctrl Pts',(-161.538609529886,-1.26423778736927,-368.177691584279));
#9284=CARTESIAN_POINT('Ctrl Pts',(-161.544943116131,-1.2120645717814,-368.211814747592));
#9285=CARTESIAN_POINT('Ctrl Pts',(-161.551034210535,-1.15985108812705,-368.24563460422));
#9286=CARTESIAN_POINT('Ctrl Pts',(-161.556918462302,-1.10760676232154,-368.279102567422));
#9287=CARTESIAN_POINT('Ctrl Pts',(-161.567502850374,-1.01363148037577,-368.339303579296));
#9288=CARTESIAN_POINT('Ctrl Pts',(-161.577412999918,-0.919547628910307,
-368.398359162256));
#9289=CARTESIAN_POINT('Ctrl Pts',(-161.586865402561,-0.825096072256238,
-368.45610092775));
#9290=CARTESIAN_POINT('Ctrl Pts',(-161.591412849572,-0.779656466555377,
-368.483879856435));
#9291=CARTESIAN_POINT('Ctrl Pts',(-161.595854329409,-0.734132012652105,
-368.511354050956));
#9292=CARTESIAN_POINT('Ctrl Pts',(-161.600213994177,-0.688495293661377,
-368.538500579988));
#9293=CARTESIAN_POINT('Ctrl Pts',(-161.60797809043,-0.607221182521254,-368.586845642176));
#9294=CARTESIAN_POINT('Ctrl Pts',(-161.61550277395,-0.525638516281877,-368.634155685612));
#9295=CARTESIAN_POINT('Ctrl Pts',(-161.622884503124,-0.443720020325611,
-368.680170391974));
#9296=CARTESIAN_POINT('Ctrl Pts',(-161.630056156744,-0.364132830893724,
-368.724875572522));
#9297=CARTESIAN_POINT('Ctrl Pts',(-161.637092072902,-0.28422846036167,-368.768357875684));
#9298=CARTESIAN_POINT('Ctrl Pts',(-161.644085378033,-0.204029739240668,
-368.810377052977));
#9299=CARTESIAN_POINT('Ctrl Pts',(-161.650832240946,-0.126657199783366,
-368.850915485606));
#9300=CARTESIAN_POINT('Ctrl Pts',(-161.657538851369,-0.0490107411362287,
-368.890091912722));
#9301=CARTESIAN_POINT('Ctrl Pts',(-161.664303260016,0.0288431312645683,
-368.927692044327));
#9302=CARTESIAN_POINT('Ctrl Pts',(-161.668262011184,0.074405740571507,-368.949696859931));
#9303=CARTESIAN_POINT('Ctrl Pts',(-161.672240878083,0.120038518883053,-368.971161839622));
#9304=CARTESIAN_POINT('Ctrl Pts',(-161.676263076428,0.165720595757094,-368.992044649337));
#9305=CARTESIAN_POINT('Ctrl Pts',(-161.684011478315,0.253722991550827,-369.032273496437));
#9306=CARTESIAN_POINT('Ctrl Pts',(-161.691871098046,0.341934503901746,-369.070318319047));
#9307=CARTESIAN_POINT('Ctrl Pts',(-161.699933888933,0.430472725094852,-369.105954890797));
#9308=CARTESIAN_POINT('Ctrl Pts',(-161.707857572744,0.517483399151525,-369.140976625899));
#9309=CARTESIAN_POINT('Ctrl Pts',(-161.715977502571,0.604809753270012,-369.173672562006));
#9310=CARTESIAN_POINT('Ctrl Pts',(-161.724361832209,0.692527906405665,-369.203800600169));
#9311=CARTESIAN_POINT('Ctrl Pts',(-161.732514361836,0.777820931987351,-369.233095694033));
#9312=CARTESIAN_POINT('Ctrl Pts',(-161.740916942588,0.863484558089826,-369.259962838097));
#9313=CARTESIAN_POINT('Ctrl Pts',(-161.749613308875,0.949552689378142,-369.284151697299));
#9314=CARTESIAN_POINT('Ctrl Pts',(-161.752648394298,0.979590997562458,-369.292593758215));
#9315=CARTESIAN_POINT('Ctrl Pts',(-161.755719086489,1.00967823546458,-369.300709342943));
#9316=CARTESIAN_POINT('Ctrl Pts',(-161.758826647832,1.03981469828954,-369.308487018128));
#9317=CARTESIAN_POINT('Ctrl Pts',(-161.766448334964,1.11372818401824,-369.327562749982));
#9318=CARTESIAN_POINT('Ctrl Pts',(-161.774324550712,1.18792413607793,-369.34460874525));
#9319=CARTESIAN_POINT('Ctrl Pts',(-161.782421842539,1.26226421123484,-369.359420421772));
#9320=CARTESIAN_POINT('Ctrl Pts',(-161.790517546114,1.33658970487067,-369.37422919304));
#9321=CARTESIAN_POINT('Ctrl Pts',(-161.798833950533,1.41105898595342,-369.386804184333));
#9322=CARTESIAN_POINT('Ctrl Pts',(-161.807340741802,1.48549036665957,-369.396970281308));
#9323=CARTESIAN_POINT('Ctrl Pts',(-161.815898207956,1.56036513448689,-369.40719693764));
#9324=CARTESIAN_POINT('Ctrl Pts',(-161.824648110636,1.63520120672404,-369.414985576115));
#9325=CARTESIAN_POINT('Ctrl Pts',(-161.833566634662,1.70977430657081,-369.420192789956));
#9326=CARTESIAN_POINT('Ctrl Pts',(-161.842384750702,1.78350783534654,-369.425341379092));
#9327=CARTESIAN_POINT('Ctrl Pts',(-161.851367595582,1.85698377348836,-369.427966170293));
#9328=CARTESIAN_POINT('Ctrl Pts',(-161.860501527422,1.92995352873239,-369.427966170293));
#9329=CARTESIAN_POINT('Origin',(-164.611930940307,12.9744950136152,-373.427966170293));
#9330=CARTESIAN_POINT('',(-161.359861398616,-2.35832811563641,-373.427966170293));
#9331=CARTESIAN_POINT('',(-162.932228497429,5.05505167568584,-373.427966170293));
#9332=CARTESIAN_POINT('Origin',(-172.714614747899,2.98022174371296,-373.427966170293));
#9333=CARTESIAN_POINT('Origin',(-158.376233592223,90.6744950136153,-366.827966170293));
#9334=CARTESIAN_POINT('',(-155.726233592223,90.6744950136153,-366.427966170293));
#9335=CARTESIAN_POINT('Origin',(-158.376233592223,90.6744950136153,-366.427966170293));
#9336=CARTESIAN_POINT('Origin',(-155.726233592223,90.6744950136153,-366.827966170293));
#9337=CARTESIAN_POINT('Origin',(-158.376233592223,90.6744950136153,-366.427966170293));
#9338=CARTESIAN_POINT('',(-156.126233592223,90.6744950136153,-366.427966170293));
#9339=CARTESIAN_POINT('Origin',(-158.376233592223,90.6744950136153,-366.427966170293));
#9340=CARTESIAN_POINT('Origin',(-158.376233592223,-1.72550498638472,-366.827966170293));
#9341=CARTESIAN_POINT('',(-155.726233592223,-1.72550498638472,-366.427966170293));
#9342=CARTESIAN_POINT('Origin',(-158.376233592223,-1.72550498638472,-366.427966170293));
#9343=CARTESIAN_POINT('',(-155.326233592223,-1.72550498638472,-366.827966170293));
#9344=CARTESIAN_POINT('Origin',(-155.726233592223,-1.72550498638472,-366.827966170293));
#9345=CARTESIAN_POINT('Origin',(-158.376233592223,-1.72550498638472,-366.827966170293));
#9346=CARTESIAN_POINT('Origin',(-158.376233592223,-1.72550498638472,-366.427966170293));
#9347=CARTESIAN_POINT('',(-156.126233592223,-1.72550498638472,-366.427966170293));
#9348=CARTESIAN_POINT('Origin',(-158.376233592223,-1.72550498638472,-366.427966170293));
#9349=CARTESIAN_POINT('Origin',(-158.376233592223,-1.72550498638474,-373.427966170293));
#9350=CARTESIAN_POINT('',(-155.326233592223,-1.72550498638474,-373.427966170293));
#9351=CARTESIAN_POINT('',(-155.392605785829,-1.09268185713306,-373.427966170293));
#9352=CARTESIAN_POINT('Origin',(-158.376233592223,-1.72550498638472,-367.427966170293));
#9353=CARTESIAN_POINT('Origin',(-158.376233592223,-1.72550498638472,-366.827966170293));
#9354=CARTESIAN_POINT('',(-156.526233592223,-1.72550498638472,-366.827966170293));
#9355=CARTESIAN_POINT('Origin',(-158.376233592223,90.6744950136153,-366.827966170293));
#9356=CARTESIAN_POINT('',(-156.526233592223,90.6744950136153,-366.827966170293));
#9357=CARTESIAN_POINT('Origin',(-158.376233592223,-1.72550498638472,-367.427966170293));
#9358=CARTESIAN_POINT('Origin',(-163.376233592223,35.6244950136135,-373.427966170293));
#9359=CARTESIAN_POINT('Origin',(-165.376233592223,43.6244950136135,-373.427966170293));
#9360=CARTESIAN_POINT('',(-163.376233592223,43.6244950136135,-373.427966170293));
#9361=CARTESIAN_POINT('Origin',(-163.376233592223,66.9744950136153,-373.427966170293));
#9362=CARTESIAN_POINT('Origin',(-165.376233592223,70.1244950136152,-371.427966170293));
#9363=CARTESIAN_POINT('',(-163.376233592223,70.1244950136152,-371.427966170293));
#9364=CARTESIAN_POINT('Origin',(-165.376233592223,70.1244950136152,-371.427966170293));
#9365=CARTESIAN_POINT('',(-163.376233592223,70.1244950136152,-371.427966170293));
#9366=CARTESIAN_POINT('Origin',(-165.376233592223,70.1244950136152,-371.427966170293));
#9367=CARTESIAN_POINT('Origin',(-165.376233592223,38.6244950136152,-371.427966170293));
#9368=CARTESIAN_POINT('',(-163.376233592223,38.6244950136152,-371.427966170293));
#9369=CARTESIAN_POINT('Origin',(-165.376233592223,38.6244950136152,-371.427966170293));
#9370=CARTESIAN_POINT('',(-163.376233592223,38.6244950136152,-371.427966170293));
#9371=CARTESIAN_POINT('Origin',(-165.376233592223,38.6244950136152,-371.427966170293));
#9372=CARTESIAN_POINT('Origin',(-155.392605785829,-1.09268185713299,-373.427966170293));
#9373=CARTESIAN_POINT('Origin',(-272.376234462451,43.2818912019935,-369.427966170295));
#9374=CARTESIAN_POINT('',(-272.376234462451,43.2818912019935,-369.427966170295));
#9375=CARTESIAN_POINT('',(-270.199038615417,43.2818912019935,-369.427966170295));
#9376=CARTESIAN_POINT('',(-270.122140978936,43.2818912019935,-369.427966170295));
#9377=CARTESIAN_POINT('',(-272.376234462451,43.2818912019935,-369.827966170295));
#9378=CARTESIAN_POINT('',(-272.376234462451,43.2818912019935,-369.427966170295));
#9379=CARTESIAN_POINT('',(-270.199038615417,43.2818912019935,-369.827966170295));
#9380=CARTESIAN_POINT('',(-272.376234462451,43.2818912019935,-369.827966170295));
#9381=CARTESIAN_POINT('',(-270.199038615417,43.2818912019935,-369.427966170295));
#9382=CARTESIAN_POINT('Origin',(-272.376234462451,42.5607822885719,-369.427966170295));
#9383=CARTESIAN_POINT('',(-272.376234462451,42.5607822885719,-369.427966170295));
#9384=CARTESIAN_POINT('',(-272.376234462451,43.5176386510936,-369.427966170295));
#9385=CARTESIAN_POINT('',(-272.376234462451,42.5607822885719,-369.827966170295));
#9386=CARTESIAN_POINT('',(-272.376234462451,42.5607822885719,-369.427966170295));
#9387=CARTESIAN_POINT('',(-272.376234462451,42.5607822885719,-369.827966170295));
#9388=CARTESIAN_POINT('Origin',(-270.199038615417,42.5607822885719,-369.427966170295));
#9389=CARTESIAN_POINT('',(-270.199038615417,42.5607822885719,-369.427966170295));
#9390=CARTESIAN_POINT('',(-269.033543055419,42.5607822885719,-369.427966170295));
#9391=CARTESIAN_POINT('',(-270.199038615417,42.5607822885719,-369.827966170295));
#9392=CARTESIAN_POINT('',(-270.199038615417,42.5607822885719,-369.427966170295));
#9393=CARTESIAN_POINT('',(-270.199038615417,42.5607822885719,-369.827966170295));
#9394=CARTESIAN_POINT('Ctrl Pts',(-269.919377496433,42.4336634626594,-369.427966170295));
#9395=CARTESIAN_POINT('Ctrl Pts',(-269.919377496433,42.4336634626594,-369.907966170295));
#9396=CARTESIAN_POINT('Ctrl Pts',(-269.995648493957,42.5607822885719,-369.427966170295));
#9397=CARTESIAN_POINT('Ctrl Pts',(-269.995648493957,42.5607822885719,-369.907966170295));
#9398=CARTESIAN_POINT('Ctrl Pts',(-270.199038615417,42.5607822885719,-369.427966170295));
#9399=CARTESIAN_POINT('Ctrl Pts',(-270.199038615417,42.5607822885719,-369.907966170295));
#9400=CARTESIAN_POINT('',(-269.919377496433,42.4336634626594,-369.427966170295));
#9401=CARTESIAN_POINT('Ctrl Pts',(-269.919377496433,42.4336634626594,-369.427966170295));
#9402=CARTESIAN_POINT('Ctrl Pts',(-269.995648493957,42.5607822885719,-369.427966170295));
#9403=CARTESIAN_POINT('Ctrl Pts',(-270.199038615417,42.5607822885719,-369.427966170295));
#9404=CARTESIAN_POINT('',(-269.919377496433,42.4336634626594,-369.827966170295));
#9405=CARTESIAN_POINT('',(-269.919377496433,42.4336634626594,-369.427966170295));
#9406=CARTESIAN_POINT('Ctrl Pts',(-269.919377496433,42.4336634626594,-369.827966170295));
#9407=CARTESIAN_POINT('Ctrl Pts',(-269.995648493957,42.5607822885719,-369.827966170295));
#9408=CARTESIAN_POINT('Ctrl Pts',(-270.199038615417,42.5607822885719,-369.827966170295));
#9409=CARTESIAN_POINT('Ctrl Pts',(-269.843106200885,41.9875930299964,-369.427966170295));
#9410=CARTESIAN_POINT('Ctrl Pts',(-269.843106200885,41.9875930299964,-369.907966170295));
#9411=CARTESIAN_POINT('Ctrl Pts',(-269.843106200885,42.3065446367469,-369.427966170295));
#9412=CARTESIAN_POINT('Ctrl Pts',(-269.843106200885,42.3065446367469,-369.907966170295));
#9413=CARTESIAN_POINT('Ctrl Pts',(-269.919377496433,42.4336634626594,-369.427966170295));
#9414=CARTESIAN_POINT('Ctrl Pts',(-269.919377496433,42.4336634626594,-369.907966170295));
#9415=CARTESIAN_POINT('',(-269.843106200885,41.9875930299964,-369.427966170295));
#9416=CARTESIAN_POINT('Ctrl Pts',(-269.843106200885,41.9875930299964,-369.427966170295));
#9417=CARTESIAN_POINT('Ctrl Pts',(-269.843106200885,42.3065446367469,-369.427966170295));
#9418=CARTESIAN_POINT('Ctrl Pts',(-269.919377496433,42.4336634626594,-369.427966170295));
#9419=CARTESIAN_POINT('',(-269.843106200885,41.9875930299964,-369.827966170295));
#9420=CARTESIAN_POINT('',(-269.843106200885,41.9875930299964,-369.427966170295));
#9421=CARTESIAN_POINT('Ctrl Pts',(-269.843106200885,41.9875930299964,-369.827966170295));
#9422=CARTESIAN_POINT('Ctrl Pts',(-269.843106200885,42.3065446367469,-369.827966170295));
#9423=CARTESIAN_POINT('Ctrl Pts',(-269.919377496433,42.4336634626594,-369.827966170295));
#9424=CARTESIAN_POINT('Ctrl Pts',(-269.919377496433,41.5322767248359,-369.427966170295));
#9425=CARTESIAN_POINT('Ctrl Pts',(-269.919377496433,41.5322767248359,-369.907966170295));
#9426=CARTESIAN_POINT('Ctrl Pts',(-269.843106200885,41.6640184869971,-369.427966170295));
#9427=CARTESIAN_POINT('Ctrl Pts',(-269.843106200885,41.6640184869971,-369.907966170295));
#9428=CARTESIAN_POINT('Ctrl Pts',(-269.843106200885,41.9875930299964,-369.427966170295));
#9429=CARTESIAN_POINT('Ctrl Pts',(-269.843106200885,41.9875930299964,-369.907966170295));
#9430=CARTESIAN_POINT('',(-269.919377496433,41.5322767248359,-369.427966170295));
#9431=CARTESIAN_POINT('Ctrl Pts',(-269.919377496433,41.5322767248359,-369.427966170295));
#9432=CARTESIAN_POINT('Ctrl Pts',(-269.843106200885,41.6640184869971,-369.427966170295));
#9433=CARTESIAN_POINT('Ctrl Pts',(-269.843106200885,41.9875930299964,-369.427966170295));
#9434=CARTESIAN_POINT('',(-269.919377496433,41.5322767248359,-369.827966170295));
#9435=CARTESIAN_POINT('',(-269.919377496433,41.5322767248359,-369.427966170295));
#9436=CARTESIAN_POINT('Ctrl Pts',(-269.919377496433,41.5322767248359,-369.827966170295));
#9437=CARTESIAN_POINT('Ctrl Pts',(-269.843106200885,41.6640184869971,-369.827966170295));
#9438=CARTESIAN_POINT('Ctrl Pts',(-269.843106200885,41.9875930299964,-369.827966170295));
#9439=CARTESIAN_POINT('Ctrl Pts',(-270.199038615417,41.4005349626746,-369.427966170295));
#9440=CARTESIAN_POINT('Ctrl Pts',(-270.199038615417,41.4005349626746,-369.907966170295));
#9441=CARTESIAN_POINT('Ctrl Pts',(-269.995648493957,41.4005349626746,-369.427966170295));
#9442=CARTESIAN_POINT('Ctrl Pts',(-269.995648493957,41.4005349626746,-369.907966170295));
#9443=CARTESIAN_POINT('Ctrl Pts',(-269.919377496433,41.5322767248359,-369.427966170295));
#9444=CARTESIAN_POINT('Ctrl Pts',(-269.919377496433,41.5322767248359,-369.907966170295));
#9445=CARTESIAN_POINT('',(-270.199038615417,41.4005349626746,-369.427966170295));
#9446=CARTESIAN_POINT('Ctrl Pts',(-270.199038615417,41.4005349626746,-369.427966170295));
#9447=CARTESIAN_POINT('Ctrl Pts',(-269.995648493957,41.4005349626746,-369.427966170295));
#9448=CARTESIAN_POINT('Ctrl Pts',(-269.919377496433,41.5322767248359,-369.427966170295));
#9449=CARTESIAN_POINT('',(-270.199038615417,41.4005349626746,-369.827966170295));
#9450=CARTESIAN_POINT('',(-270.199038615417,41.4005349626746,-369.427966170295));
#9451=CARTESIAN_POINT('Ctrl Pts',(-270.199038615417,41.4005349626746,-369.827966170295));
#9452=CARTESIAN_POINT('Ctrl Pts',(-269.995648493957,41.4005349626746,-369.827966170295));
#9453=CARTESIAN_POINT('Ctrl Pts',(-269.919377496433,41.5322767248359,-369.827966170295));
#9454=CARTESIAN_POINT('Origin',(-272.376234462451,41.4005349626746,-369.427966170295));
#9455=CARTESIAN_POINT('',(-272.376234462451,41.4005349626746,-369.427966170295));
#9456=CARTESIAN_POINT('',(-270.122140978936,41.4005349626746,-369.427966170295));
#9457=CARTESIAN_POINT('',(-272.376234462451,41.4005349626746,-369.827966170295));
#9458=CARTESIAN_POINT('',(-272.376234462451,41.4005349626746,-369.427966170295));
#9459=CARTESIAN_POINT('',(-272.376234462451,41.4005349626746,-369.827966170295));
#9460=CARTESIAN_POINT('Origin',(-272.376234462451,40.679426049253,-369.427966170295));
#9461=CARTESIAN_POINT('',(-272.376234462451,40.679426049253,-369.427966170295));
#9462=CARTESIAN_POINT('',(-272.376234462451,42.5769605314341,-369.427966170295));
#9463=CARTESIAN_POINT('',(-272.376234462451,40.679426049253,-369.827966170295));
#9464=CARTESIAN_POINT('',(-272.376234462451,40.679426049253,-369.427966170295));
#9465=CARTESIAN_POINT('',(-272.376234462451,40.679426049253,-369.827966170295));
#9466=CARTESIAN_POINT('Origin',(-270.199038615417,40.679426049253,-369.427966170295));
#9467=CARTESIAN_POINT('',(-270.199038615417,40.679426049253,-369.427966170295));
#9468=CARTESIAN_POINT('',(-269.033543055419,40.679426049253,-369.427966170295));
#9469=CARTESIAN_POINT('',(-270.199038615417,40.679426049253,-369.827966170295));
#9470=CARTESIAN_POINT('',(-270.199038615417,40.679426049253,-369.427966170295));
#9471=CARTESIAN_POINT('',(-270.199038615417,40.679426049253,-369.827966170295));
#9472=CARTESIAN_POINT('Ctrl Pts',(-269.330008855056,41.9783471574989,-369.427966170295));
#9473=CARTESIAN_POINT('Ctrl Pts',(-269.330008855056,41.9783471574989,-369.907966170295));
#9474=CARTESIAN_POINT('Ctrl Pts',(-269.330008855056,40.679426049253,-369.427966170295));
#9475=CARTESIAN_POINT('Ctrl Pts',(-269.330008855056,40.679426049253,-369.907966170295));
#9476=CARTESIAN_POINT('Ctrl Pts',(-270.199038615417,40.679426049253,-369.427966170295));
#9477=CARTESIAN_POINT('Ctrl Pts',(-270.199038615417,40.679426049253,-369.907966170295));
#9478=CARTESIAN_POINT('',(-269.330008855056,41.9783471574989,-369.427966170295));
#9479=CARTESIAN_POINT('Ctrl Pts',(-269.330008855056,41.9783471574989,-369.427966170295));
#9480=CARTESIAN_POINT('Ctrl Pts',(-269.330008855056,40.679426049253,-369.427966170295));
#9481=CARTESIAN_POINT('Ctrl Pts',(-270.199038615417,40.679426049253,-369.427966170295));
#9482=CARTESIAN_POINT('',(-269.330008855056,41.9783471574989,-369.827966170295));
#9483=CARTESIAN_POINT('',(-269.330008855056,41.9783471574989,-369.427966170295));
#9484=CARTESIAN_POINT('Ctrl Pts',(-269.330008855056,41.9783471574989,-369.827966170295));
#9485=CARTESIAN_POINT('Ctrl Pts',(-269.330008855056,40.679426049253,-369.827966170295));
#9486=CARTESIAN_POINT('Ctrl Pts',(-270.199038615417,40.679426049253,-369.827966170295));
#9487=CARTESIAN_POINT('Ctrl Pts',(-270.199038615417,43.2818912019935,-369.427966170295));
#9488=CARTESIAN_POINT('Ctrl Pts',(-270.199038615417,43.2818912019935,-369.907966170295));
#9489=CARTESIAN_POINT('Ctrl Pts',(-269.330008855056,43.2818912019935,-369.427966170295));
#9490=CARTESIAN_POINT('Ctrl Pts',(-269.330008855056,43.2818912019935,-369.907966170295));
#9491=CARTESIAN_POINT('Ctrl Pts',(-269.330008855056,41.9783471574989,-369.427966170295));
#9492=CARTESIAN_POINT('Ctrl Pts',(-269.330008855056,41.9783471574989,-369.907966170295));
#9493=CARTESIAN_POINT('Ctrl Pts',(-270.199038615417,43.2818912019935,-369.427966170295));
#9494=CARTESIAN_POINT('Ctrl Pts',(-269.330008855056,43.2818912019935,-369.427966170295));
#9495=CARTESIAN_POINT('Ctrl Pts',(-269.330008855056,41.9783471574989,-369.427966170295));
#9496=CARTESIAN_POINT('Ctrl Pts',(-270.199038615417,43.2818912019935,-369.827966170295));
#9497=CARTESIAN_POINT('Ctrl Pts',(-269.330008855056,43.2818912019935,-369.827966170295));
#9498=CARTESIAN_POINT('Ctrl Pts',(-269.330008855056,41.9783471574989,-369.827966170295));
#9499=CARTESIAN_POINT('Origin',(-270.876234104824,44.4744961013999,-369.827966170295));
#9500=CARTESIAN_POINT('Origin',(-269.376234045219,46.2541554918494,-369.427966170295));
#9501=CARTESIAN_POINT('',(-269.376234045219,46.2541554918494,-369.427966170295));
#9502=CARTESIAN_POINT('',(-269.376234045219,43.9197944154945,-369.427966170295));
#9503=CARTESIAN_POINT('',(-269.376234045219,45.3643252527323,-369.427966170295));
#9504=CARTESIAN_POINT('',(-269.376234045219,46.2541554918494,-369.827966170295));
#9505=CARTESIAN_POINT('',(-269.376234045219,46.2541554918494,-369.427966170295));
#9506=CARTESIAN_POINT('',(-269.376234045219,43.9197944154945,-369.827966170295));
#9507=CARTESIAN_POINT('',(-269.376234045219,46.2541554918494,-369.827966170295));
#9508=CARTESIAN_POINT('',(-269.376234045219,43.9197944154945,-369.427966170295));
#9509=CARTESIAN_POINT('Origin',(-269.889331093025,46.2541554918494,-369.427966170295));
#9510=CARTESIAN_POINT('',(-269.889331093025,46.2541554918494,-369.427966170295));
#9511=CARTESIAN_POINT('',(-268.878689294223,46.2541554918494,-369.427966170295));
#9512=CARTESIAN_POINT('',(-269.889331093025,46.2541554918494,-369.827966170295));
#9513=CARTESIAN_POINT('',(-269.889331093025,46.2541554918494,-369.427966170295));
#9514=CARTESIAN_POINT('',(-269.889331093025,46.2541554918494,-369.827966170295));
#9515=CARTESIAN_POINT('Origin',(-269.889331093025,44.6409057131019,-369.427966170295));
#9516=CARTESIAN_POINT('',(-269.889331093025,44.6409057131019,-369.427966170295));
#9517=CARTESIAN_POINT('',(-269.889331093025,44.5577003633586,-369.427966170295));
#9518=CARTESIAN_POINT('',(-269.889331093025,44.6409057131019,-369.827966170295));
#9519=CARTESIAN_POINT('',(-269.889331093025,44.6409057131019,-369.427966170295));
#9520=CARTESIAN_POINT('',(-269.889331093025,44.6409057131019,-369.827966170295));
#9521=CARTESIAN_POINT('Origin',(-270.661288132858,44.6409057131019,-369.427966170295));
#9522=CARTESIAN_POINT('',(-270.661288132858,44.6409057131019,-369.427966170295));
#9523=CARTESIAN_POINT('',(-269.264667814139,44.6409057131019,-369.427966170295));
#9524=CARTESIAN_POINT('',(-270.661288132858,44.6409057131019,-369.827966170295));
#9525=CARTESIAN_POINT('',(-270.661288132858,44.6409057131019,-369.427966170295));
#9526=CARTESIAN_POINT('',(-270.661288132858,44.6409057131019,-369.827966170295));
#9527=CARTESIAN_POINT('Origin',(-270.661288132858,46.0553883066383,-369.427966170295));
#9528=CARTESIAN_POINT('',(-270.661288132858,46.0553883066383,-369.427966170295));
#9529=CARTESIAN_POINT('',(-270.661288132858,45.2649416601268,-369.427966170295));
#9530=CARTESIAN_POINT('',(-270.661288132858,46.0553883066383,-369.827966170295));
#9531=CARTESIAN_POINT('',(-270.661288132858,46.0553883066383,-369.427966170295));
#9532=CARTESIAN_POINT('',(-270.661288132858,46.0553883066383,-369.827966170295));
#9533=CARTESIAN_POINT('Origin',(-271.174385180664,46.0553883066383,-369.427966170295));
#9534=CARTESIAN_POINT('',(-271.174385180664,46.0553883066383,-369.427966170295));
#9535=CARTESIAN_POINT('',(-269.521216338042,46.0553883066383,-369.427966170295));
#9536=CARTESIAN_POINT('',(-271.174385180664,46.0553883066383,-369.827966170295));
#9537=CARTESIAN_POINT('',(-271.174385180664,46.0553883066383,-369.427966170295));
#9538=CARTESIAN_POINT('',(-271.174385180664,46.0553883066383,-369.827966170295));
#9539=CARTESIAN_POINT('Origin',(-271.174385180664,44.6409057131019,-369.427966170295));
#9540=CARTESIAN_POINT('',(-271.174385180664,44.6409057131019,-369.427966170295));
#9541=CARTESIAN_POINT('',(-271.174385180664,44.5577003633586,-369.427966170295));
#9542=CARTESIAN_POINT('',(-271.174385180664,44.6409057131019,-369.827966170295));
#9543=CARTESIAN_POINT('',(-271.174385180664,44.6409057131019,-369.427966170295));
#9544=CARTESIAN_POINT('',(-271.174385180664,44.6409057131019,-369.827966170295));
#9545=CARTESIAN_POINT('Origin',(-271.863137116622,44.6409057131019,-369.427966170295));
#9546=CARTESIAN_POINT('',(-271.863137116622,44.6409057131019,-369.427966170295));
#9547=CARTESIAN_POINT('',(-269.865592306021,44.6409057131019,-369.427966170295));
#9548=CARTESIAN_POINT('',(-271.863137116622,44.6409057131019,-369.827966170295));
#9549=CARTESIAN_POINT('',(-271.863137116622,44.6409057131019,-369.427966170295));
#9550=CARTESIAN_POINT('',(-271.863137116622,44.6409057131019,-369.827966170295));
#9551=CARTESIAN_POINT('Origin',(-271.863137116622,46.2079308977332,-369.427966170295));
#9552=CARTESIAN_POINT('',(-271.863137116622,46.2079308977332,-369.427966170295));
#9553=CARTESIAN_POINT('',(-271.863137116622,45.3412129556742,-369.427966170295));
#9554=CARTESIAN_POINT('',(-271.863137116622,46.2079308977332,-369.827966170295));
#9555=CARTESIAN_POINT('',(-271.863137116622,46.2079308977332,-369.427966170295));
#9556=CARTESIAN_POINT('',(-271.863137116622,46.2079308977332,-369.827966170295));
#9557=CARTESIAN_POINT('Origin',(-272.376234164428,46.2079308977332,-369.427966170295));
#9558=CARTESIAN_POINT('',(-272.376234164428,46.2079308977332,-369.427966170295));
#9559=CARTESIAN_POINT('',(-270.122140829924,46.2079308977332,-369.427966170295));
#9560=CARTESIAN_POINT('',(-272.376234164428,46.2079308977332,-369.827966170295));
#9561=CARTESIAN_POINT('',(-272.376234164428,46.2079308977332,-369.427966170295));
#9562=CARTESIAN_POINT('',(-272.376234164428,46.2079308977332,-369.827966170295));
#9563=CARTESIAN_POINT('Origin',(-272.376234164428,43.9197944154945,-369.427966170295));
#9564=CARTESIAN_POINT('',(-272.376234164428,43.9197944154945,-369.427966170295));
#9565=CARTESIAN_POINT('',(-272.376234164428,44.1971447145549,-369.427966170295));
#9566=CARTESIAN_POINT('',(-272.376234164428,43.9197944154945,-369.827966170295));
#9567=CARTESIAN_POINT('',(-272.376234164428,43.9197944154945,-369.427966170295));
#9568=CARTESIAN_POINT('',(-272.376234164428,43.9197944154945,-369.827966170295));
#9569=CARTESIAN_POINT('Origin',(-269.376234045219,43.9197944154945,-369.427966170295));
#9570=CARTESIAN_POINT('',(-268.62214077032,43.9197944154945,-369.427966170295));
#9571=CARTESIAN_POINT('',(-269.376234045219,43.9197944154945,-369.827966170295));
#9572=CARTESIAN_POINT('Origin',(-270.876234104824,44.4744961013999,-369.827966170295));
#9573=CARTESIAN_POINT('Origin',(-269.376234045219,48.1540034761634,-369.427966170295));
#9574=CARTESIAN_POINT('',(-269.376234045219,48.1540034761634,-369.427966170295));
#9575=CARTESIAN_POINT('',(-269.376234045219,47.432892178556,-369.427966170295));
#9576=CARTESIAN_POINT('',(-269.376234045219,46.3142492448893,-369.427966170295));
#9577=CARTESIAN_POINT('',(-269.376234045219,48.1540034761634,-369.827966170295));
#9578=CARTESIAN_POINT('',(-269.376234045219,48.1540034761634,-369.427966170295));
#9579=CARTESIAN_POINT('',(-269.376234045219,47.432892178556,-369.827966170295));
#9580=CARTESIAN_POINT('',(-269.376234045219,48.1540034761634,-369.827966170295));
#9581=CARTESIAN_POINT('',(-269.376234045219,47.432892178556,-369.427966170295));
#9582=CARTESIAN_POINT('Origin',(-271.863137116622,48.1540034761634,-369.427966170295));
#9583=CARTESIAN_POINT('',(-271.863137116622,48.1540034761634,-369.427966170295));
#9584=CARTESIAN_POINT('',(-269.865592306021,48.1540034761634,-369.427966170295));
#9585=CARTESIAN_POINT('',(-271.863137116622,48.1540034761634,-369.827966170295));
#9586=CARTESIAN_POINT('',(-271.863137116622,48.1540034761634,-369.427966170295));
#9587=CARTESIAN_POINT('',(-271.863137116622,48.1540034761634,-369.827966170295));
#9588=CARTESIAN_POINT('Origin',(-271.863137116622,49.0738795747962,-369.427966170295));
#9589=CARTESIAN_POINT('',(-271.863137116622,49.0738795747962,-369.427966170295));
#9590=CARTESIAN_POINT('',(-271.863137116622,46.7741872942057,-369.427966170295));
#9591=CARTESIAN_POINT('',(-271.863137116622,49.0738795747962,-369.827966170295));
#9592=CARTESIAN_POINT('',(-271.863137116622,49.0738795747962,-369.427966170295));
#9593=CARTESIAN_POINT('',(-271.863137116622,49.0738795747962,-369.827966170295));
#9594=CARTESIAN_POINT('Origin',(-272.376234164428,49.0738795747962,-369.427966170295));
#9595=CARTESIAN_POINT('',(-272.376234164428,49.0738795747962,-369.427966170295));
#9596=CARTESIAN_POINT('',(-270.122140829924,49.0738795747962,-369.427966170295));
#9597=CARTESIAN_POINT('',(-272.376234164428,49.0738795747962,-369.827966170295));
#9598=CARTESIAN_POINT('',(-272.376234164428,49.0738795747962,-369.427966170295));
#9599=CARTESIAN_POINT('',(-272.376234164428,49.0738795747962,-369.827966170295));
#9600=CARTESIAN_POINT('Origin',(-272.376234164428,46.5083931436744,-369.427966170295));
#9601=CARTESIAN_POINT('',(-272.376234164428,46.5083931436744,-369.427966170295));
#9602=CARTESIAN_POINT('',(-272.376234164428,45.4914440786448,-369.427966170295));
#9603=CARTESIAN_POINT('',(-272.376234164428,46.5083931436744,-369.827966170295));
#9604=CARTESIAN_POINT('',(-272.376234164428,46.5083931436744,-369.427966170295));
#9605=CARTESIAN_POINT('',(-272.376234164428,46.5083931436744,-369.827966170295));
#9606=CARTESIAN_POINT('Origin',(-271.863137116622,46.5083931436744,-369.427966170295));
#9607=CARTESIAN_POINT('',(-271.863137116622,46.5083931436744,-369.427966170295));
#9608=CARTESIAN_POINT('',(-269.865592306021,46.5083931436744,-369.427966170295));
#9609=CARTESIAN_POINT('',(-271.863137116622,46.5083931436744,-369.827966170295));
#9610=CARTESIAN_POINT('',(-271.863137116622,46.5083931436744,-369.427966170295));
#9611=CARTESIAN_POINT('',(-271.863137116622,46.5083931436744,-369.827966170295));
#9612=CARTESIAN_POINT('Origin',(-271.863137116622,47.432892178556,-369.427966170295));
#9613=CARTESIAN_POINT('',(-271.863137116622,47.432892178556,-369.427966170295));
#9614=CARTESIAN_POINT('',(-271.863137116622,45.9536935960856,-369.427966170295));
#9615=CARTESIAN_POINT('',(-271.863137116622,47.432892178556,-369.827966170295));
#9616=CARTESIAN_POINT('',(-271.863137116622,47.432892178556,-369.427966170295));
#9617=CARTESIAN_POINT('',(-271.863137116622,47.432892178556,-369.827966170295));
#9618=CARTESIAN_POINT('Origin',(-269.376234045219,47.432892178556,-369.427966170295));
#9619=CARTESIAN_POINT('',(-268.62214077032,47.432892178556,-369.427966170295));
#9620=CARTESIAN_POINT('',(-269.376234045219,47.432892178556,-369.827966170295));
#9621=CARTESIAN_POINT('Origin',(-270.876234104824,44.4744961013999,-369.827966170295));
#9622=CARTESIAN_POINT('Origin',(-269.376234045219,51.5422938814368,-369.427966170295));
#9623=CARTESIAN_POINT('',(-269.376234045219,51.5422938814368,-369.427966170295));
#9624=CARTESIAN_POINT('',(-269.376234045219,49.4344352235999,-369.427966170295));
#9625=CARTESIAN_POINT('',(-269.376234045219,48.0083944475261,-369.427966170295));
#9626=CARTESIAN_POINT('',(-269.376234045219,51.5422938814368,-369.827966170295));
#9627=CARTESIAN_POINT('',(-269.376234045219,51.5422938814368,-369.427966170295));
#9628=CARTESIAN_POINT('',(-269.376234045219,49.4344352235999,-369.827966170295));
#9629=CARTESIAN_POINT('',(-269.376234045219,51.5422938814368,-369.827966170295));
#9630=CARTESIAN_POINT('',(-269.376234045219,49.4344352235999,-369.427966170295));
#9631=CARTESIAN_POINT('Origin',(-269.880086114597,51.5422938814368,-369.427966170295));
#9632=CARTESIAN_POINT('',(-269.880086114597,51.5422938814368,-369.427966170295));
#9633=CARTESIAN_POINT('',(-268.874066805009,51.5422938814368,-369.427966170295));
#9634=CARTESIAN_POINT('',(-269.880086114597,51.5422938814368,-369.827966170295));
#9635=CARTESIAN_POINT('',(-269.880086114597,51.5422938814368,-369.427966170295));
#9636=CARTESIAN_POINT('',(-269.880086114597,51.5422938814368,-369.827966170295));
#9637=CARTESIAN_POINT('Origin',(-269.880086114597,50.1000760545936,-369.427966170295));
#9638=CARTESIAN_POINT('',(-269.880086114597,50.1000760545936,-369.427966170295));
#9639=CARTESIAN_POINT('',(-269.880086114597,47.2872855341044,-369.427966170295));
#9640=CARTESIAN_POINT('',(-269.880086114597,50.1000760545936,-369.827966170295));
#9641=CARTESIAN_POINT('',(-269.880086114597,50.1000760545936,-369.427966170295));
#9642=CARTESIAN_POINT('',(-269.880086114597,50.1000760545936,-369.827966170295));
#9643=CARTESIAN_POINT('Origin',(-270.032628407669,50.1000760545936,-369.427966170295));
#9644=CARTESIAN_POINT('',(-270.032628407669,50.1000760545936,-369.427966170295));
#9645=CARTESIAN_POINT('',(-268.950337951545,50.1000760545936,-369.427966170295));
#9646=CARTESIAN_POINT('',(-270.032628407669,50.1000760545936,-369.827966170295));
#9647=CARTESIAN_POINT('',(-270.032628407669,50.1000760545936,-369.427966170295));
#9648=CARTESIAN_POINT('',(-270.032628407669,50.1000760545936,-369.827966170295));
#9649=CARTESIAN_POINT('Ctrl Pts',(-270.27299844284,50.2364371767249,-369.427966170295));
#9650=CARTESIAN_POINT('Ctrl Pts',(-270.27299844284,50.2364371767249,-369.907966170295));
#9651=CARTESIAN_POINT('Ctrl Pts',(-270.17130338211,50.1000760545936,-369.427966170295));
#9652=CARTESIAN_POINT('Ctrl Pts',(-270.17130338211,50.1000760545936,-369.907966170295));
#9653=CARTESIAN_POINT('Ctrl Pts',(-270.032628407669,50.1000760545936,-369.427966170295));
#9654=CARTESIAN_POINT('Ctrl Pts',(-270.032628407669,50.1000760545936,-369.907966170295));
#9655=CARTESIAN_POINT('',(-270.27299844284,50.2364371767249,-369.427966170295));
#9656=CARTESIAN_POINT('Ctrl Pts',(-270.27299844284,50.2364371767249,-369.427966170295));
#9657=CARTESIAN_POINT('Ctrl Pts',(-270.17130338211,50.1000760545936,-369.427966170295));
#9658=CARTESIAN_POINT('Ctrl Pts',(-270.032628407669,50.1000760545936,-369.427966170295));
#9659=CARTESIAN_POINT('',(-270.27299844284,50.2364371767249,-369.827966170295));
#9660=CARTESIAN_POINT('',(-270.27299844284,50.2364371767249,-369.427966170295));
#9661=CARTESIAN_POINT('Ctrl Pts',(-270.27299844284,50.2364371767249,-369.827966170295));
#9662=CARTESIAN_POINT('Ctrl Pts',(-270.17130338211,50.1000760545936,-369.827966170295));
#9663=CARTESIAN_POINT('Ctrl Pts',(-270.032628407669,50.1000760545936,-369.827966170295));
#9664=CARTESIAN_POINT('Ctrl Pts',(-270.457898309421,50.6085489740577,-369.427966170295));
#9665=CARTESIAN_POINT('Ctrl Pts',(-270.457898309421,50.6085489740577,-369.907966170295));
#9666=CARTESIAN_POINT('Ctrl Pts',(-270.37469350357,50.3728030672279,-369.427966170295));
#9667=CARTESIAN_POINT('Ctrl Pts',(-270.37469350357,50.3728030672279,-369.907966170295));
#9668=CARTESIAN_POINT('Ctrl Pts',(-270.27299844284,50.2364371767249,-369.427966170295));
#9669=CARTESIAN_POINT('Ctrl Pts',(-270.27299844284,50.2364371767249,-369.907966170295));
#9670=CARTESIAN_POINT('',(-270.457898309421,50.6085489740577,-369.427966170295));
#9671=CARTESIAN_POINT('Ctrl Pts',(-270.457898309421,50.6085489740577,-369.427966170295));
#9672=CARTESIAN_POINT('Ctrl Pts',(-270.37469350357,50.3728030672279,-369.427966170295));
#9673=CARTESIAN_POINT('Ctrl Pts',(-270.27299844284,50.2364371767249,-369.427966170295));
#9674=CARTESIAN_POINT('',(-270.457898309421,50.6085489740577,-369.827966170295));
#9675=CARTESIAN_POINT('',(-270.457898309421,50.6085489740577,-369.427966170295));
#9676=CARTESIAN_POINT('Ctrl Pts',(-270.457898309421,50.6085489740577,-369.827966170295));
#9677=CARTESIAN_POINT('Ctrl Pts',(-270.37469350357,50.3728030672279,-369.827966170295));
#9678=CARTESIAN_POINT('Ctrl Pts',(-270.27299844284,50.2364371767249,-369.827966170295));
#9679=CARTESIAN_POINT('Ctrl Pts',(-270.615063240718,51.0338185777869,-369.427966170295));
#9680=CARTESIAN_POINT('Ctrl Pts',(-270.615063240718,51.0338185777869,-369.907966170295));
#9681=CARTESIAN_POINT('Ctrl Pts',(-270.527235796642,50.825807904264,-369.427966170295));
#9682=CARTESIAN_POINT('Ctrl Pts',(-270.527235796642,50.825807904264,-369.907966170295));
#9683=CARTESIAN_POINT('Ctrl Pts',(-270.457898309421,50.6085489740577,-369.427966170295));
#9684=CARTESIAN_POINT('Ctrl Pts',(-270.457898309421,50.6085489740577,-369.907966170295));
#9685=CARTESIAN_POINT('',(-270.615063240718,51.0338185777869,-369.427966170295));
#9686=CARTESIAN_POINT('Ctrl Pts',(-270.615063240718,51.0338185777869,-369.427966170295));
#9687=CARTESIAN_POINT('Ctrl Pts',(-270.527235796642,50.825807904264,-369.427966170295));
#9688=CARTESIAN_POINT('Ctrl Pts',(-270.457898309421,50.6085489740577,-369.427966170295));
#9689=CARTESIAN_POINT('',(-270.615063240718,51.0338185777869,-369.827966170295));
#9690=CARTESIAN_POINT('',(-270.615063240718,51.0338185777869,-369.427966170295));
#9691=CARTESIAN_POINT('Ctrl Pts',(-270.615063240718,51.0338185777869,-369.827966170295));
#9692=CARTESIAN_POINT('Ctrl Pts',(-270.527235796642,50.825807904264,-369.827966170295));
#9693=CARTESIAN_POINT('Ctrl Pts',(-270.457898309421,50.6085489740577,-369.827966170295));
#9694=CARTESIAN_POINT('Ctrl Pts',(-270.876234402847,51.3966845026221,-369.427966170295));
#9695=CARTESIAN_POINT('Ctrl Pts',(-270.876234402847,51.3966845026221,-369.907966170295));
#9696=CARTESIAN_POINT('Ctrl Pts',(-270.702890684795,51.255700444242,-369.427966170295));
#9697=CARTESIAN_POINT('Ctrl Pts',(-270.702890684795,51.255700444242,-369.907966170295));
#9698=CARTESIAN_POINT('Ctrl Pts',(-270.615063240718,51.0338185777869,-369.427966170295));
#9699=CARTESIAN_POINT('Ctrl Pts',(-270.615063240718,51.0338185777869,-369.907966170295));
#9700=CARTESIAN_POINT('',(-270.876234402847,51.3966845026221,-369.427966170295));
#9701=CARTESIAN_POINT('Ctrl Pts',(-270.876234402847,51.3966845026221,-369.427966170295));
#9702=CARTESIAN_POINT('Ctrl Pts',(-270.702890684795,51.255700444242,-369.427966170295));
#9703=CARTESIAN_POINT('Ctrl Pts',(-270.615063240718,51.0338185777869,-369.427966170295));
#9704=CARTESIAN_POINT('',(-270.876234402847,51.3966845026221,-369.827966170295));
#9705=CARTESIAN_POINT('',(-270.876234402847,51.3966845026221,-369.427966170295));
#9706=CARTESIAN_POINT('Ctrl Pts',(-270.876234402847,51.3966845026221,-369.827966170295));
#9707=CARTESIAN_POINT('Ctrl Pts',(-270.702890684795,51.255700444242,-369.827966170295));
#9708=CARTESIAN_POINT('Ctrl Pts',(-270.615063240718,51.0338185777869,-369.827966170295));
#9709=CARTESIAN_POINT('Ctrl Pts',(-271.285325219821,51.5376709451881,-369.427966170295));
#9710=CARTESIAN_POINT('Ctrl Pts',(-271.285325219821,51.5376709451881,-369.907966170295));
#9711=CARTESIAN_POINT('Ctrl Pts',(-271.049577822875,51.5376709451881,-369.427966170295));
#9712=CARTESIAN_POINT('Ctrl Pts',(-271.049577822875,51.5376709451881,-369.907966170295));
#9713=CARTESIAN_POINT('Ctrl Pts',(-270.876234402847,51.3966845026221,-369.427966170295));
#9714=CARTESIAN_POINT('Ctrl Pts',(-270.876234402847,51.3966845026221,-369.907966170295));
#9715=CARTESIAN_POINT('',(-271.285325219821,51.5376709451881,-369.427966170295));
#9716=CARTESIAN_POINT('Ctrl Pts',(-271.285325219821,51.5376709451881,-369.427966170295));
#9717=CARTESIAN_POINT('Ctrl Pts',(-271.049577822875,51.5376709451881,-369.427966170295));
#9718=CARTESIAN_POINT('Ctrl Pts',(-270.876234402847,51.3966845026221,-369.427966170295));
#9719=CARTESIAN_POINT('',(-271.285325219821,51.5376709451881,-369.827966170295));
#9720=CARTESIAN_POINT('',(-271.285325219821,51.5376709451881,-369.427966170295));
#9721=CARTESIAN_POINT('Ctrl Pts',(-271.285325219821,51.5376709451881,-369.827966170295));
#9722=CARTESIAN_POINT('Ctrl Pts',(-271.049577822875,51.5376709451881,-369.827966170295));
#9723=CARTESIAN_POINT('Ctrl Pts',(-270.876234402847,51.3966845026221,-369.827966170295));
#9724=CARTESIAN_POINT('Origin',(-271.701349845123,51.5376709451881,-369.427966170295));
#9725=CARTESIAN_POINT('',(-271.701349845123,51.5376709451881,-369.427966170295));
#9726=CARTESIAN_POINT('',(-269.784698670272,51.5376709451881,-369.427966170295));
#9727=CARTESIAN_POINT('',(-271.701349845123,51.5376709451881,-369.827966170295));
#9728=CARTESIAN_POINT('',(-271.701349845123,51.5376709451881,-369.427966170295));
#9729=CARTESIAN_POINT('',(-271.701349845123,51.5376709451881,-369.827966170295));
#9730=CARTESIAN_POINT('Ctrl Pts',(-272.256049444866,51.2718771448341,-369.427966170295));
#9731=CARTESIAN_POINT('Ctrl Pts',(-272.256049444866,51.2718771448341,-369.907966170295));
#9732=CARTESIAN_POINT('Ctrl Pts',(-272.08963953514,51.5376709451881,-369.427966170295));
#9733=CARTESIAN_POINT('Ctrl Pts',(-272.08963953514,51.5376709451881,-369.907966170295));
#9734=CARTESIAN_POINT('Ctrl Pts',(-271.701349845123,51.5376709451881,-369.427966170295));
#9735=CARTESIAN_POINT('Ctrl Pts',(-271.701349845123,51.5376709451881,-369.907966170295));
#9736=CARTESIAN_POINT('',(-272.256049444866,51.2718771448341,-369.427966170295));
#9737=CARTESIAN_POINT('Ctrl Pts',(-272.256049444866,51.2718771448341,-369.427966170295));
#9738=CARTESIAN_POINT('Ctrl Pts',(-272.08963953514,51.5376709451881,-369.427966170295));
#9739=CARTESIAN_POINT('Ctrl Pts',(-271.701349845123,51.5376709451881,-369.427966170295));
#9740=CARTESIAN_POINT('',(-272.256049444866,51.2718771448341,-369.827966170295));
#9741=CARTESIAN_POINT('',(-272.256049444866,51.2718771448341,-369.427966170295));
#9742=CARTESIAN_POINT('Ctrl Pts',(-272.256049444866,51.2718771448341,-369.827966170295));
#9743=CARTESIAN_POINT('Ctrl Pts',(-272.08963953514,51.5376709451881,-369.827966170295));
#9744=CARTESIAN_POINT('Ctrl Pts',(-271.701349845123,51.5376709451881,-369.827966170295));
#9745=CARTESIAN_POINT('Ctrl Pts',(-272.422459354591,50.4606293192115,-369.427966170295));
#9746=CARTESIAN_POINT('Ctrl Pts',(-272.422459354591,50.4606293192115,-369.907966170295));
#9747=CARTESIAN_POINT('Ctrl Pts',(-272.422459354591,51.0060857286658,-369.427966170295));
#9748=CARTESIAN_POINT('Ctrl Pts',(-272.422459354591,51.0060857286658,-369.907966170295));
#9749=CARTESIAN_POINT('Ctrl Pts',(-272.256049444866,51.2718771448341,-369.427966170295));
#9750=CARTESIAN_POINT('Ctrl Pts',(-272.256049444866,51.2718771448341,-369.907966170295));
#9751=CARTESIAN_POINT('',(-272.422459354591,50.4606293192115,-369.427966170295));
#9752=CARTESIAN_POINT('Ctrl Pts',(-272.422459354591,50.4606293192115,-369.427966170295));
#9753=CARTESIAN_POINT('Ctrl Pts',(-272.422459354591,51.0060857286658,-369.427966170295));
#9754=CARTESIAN_POINT('Ctrl Pts',(-272.256049444866,51.2718771448341,-369.427966170295));
#9755=CARTESIAN_POINT('',(-272.422459354591,50.4606293192115,-369.827966170295));
#9756=CARTESIAN_POINT('',(-272.422459354591,50.4606293192115,-369.427966170295));
#9757=CARTESIAN_POINT('Ctrl Pts',(-272.422459354591,50.4606293192115,-369.827966170295));
#9758=CARTESIAN_POINT('Ctrl Pts',(-272.422459354591,51.0060857286658,-369.827966170295));
#9759=CARTESIAN_POINT('Ctrl Pts',(-272.256049444866,51.2718771448341,-369.827966170295));
#9760=CARTESIAN_POINT('Ctrl Pts',(-272.325386932086,49.4945262422767,-369.427966170295));
#9761=CARTESIAN_POINT('Ctrl Pts',(-272.325386932086,49.4945262422767,-369.907966170295));
#9762=CARTESIAN_POINT('Ctrl Pts',(-272.422459354591,49.9567769518104,-369.427966170295));
#9763=CARTESIAN_POINT('Ctrl Pts',(-272.422459354591,49.9567769518104,-369.907966170295));
#9764=CARTESIAN_POINT('Ctrl Pts',(-272.422459354591,50.4606293192115,-369.427966170295));
#9765=CARTESIAN_POINT('Ctrl Pts',(-272.422459354591,50.4606293192115,-369.907966170295));
#9766=CARTESIAN_POINT('',(-272.325386932086,49.4945262422767,-369.427966170295));
#9767=CARTESIAN_POINT('Ctrl Pts',(-272.325386932086,49.4945262422767,-369.427966170295));
#9768=CARTESIAN_POINT('Ctrl Pts',(-272.422459354591,49.9567769518104,-369.427966170295));
#9769=CARTESIAN_POINT('Ctrl Pts',(-272.422459354591,50.4606293192115,-369.427966170295));
#9770=CARTESIAN_POINT('',(-272.325386932086,49.4945262422767,-369.827966170295));
#9771=CARTESIAN_POINT('',(-272.325386932086,49.4945262422767,-369.427966170295));
#9772=CARTESIAN_POINT('Ctrl Pts',(-272.325386932086,49.4945262422767,-369.827966170295));
#9773=CARTESIAN_POINT('Ctrl Pts',(-272.422459354591,49.9567769518104,-369.827966170295));
#9774=CARTESIAN_POINT('Ctrl Pts',(-272.422459354591,50.4606293192115,-369.827966170295));
#9775=CARTESIAN_POINT('Origin',(-271.816912522506,49.4945262422767,-369.427966170295));
#9776=CARTESIAN_POINT('',(-271.816912522506,49.4945262422767,-369.427966170295));
#9777=CARTESIAN_POINT('',(-269.842480008963,49.4945262422767,-369.427966170295));
#9778=CARTESIAN_POINT('',(-271.816912522506,49.4945262422767,-369.827966170295));
#9779=CARTESIAN_POINT('',(-271.816912522506,49.4945262422767,-369.427966170295));
#9780=CARTESIAN_POINT('',(-271.816912522506,49.4945262422767,-369.827966170295));
#9781=CARTESIAN_POINT('Ctrl Pts',(-271.932474901866,50.3358219614234,-369.427966170295));
#9782=CARTESIAN_POINT('Ctrl Pts',(-271.932474901866,50.3358219614234,-369.907966170295));
#9783=CARTESIAN_POINT('Ctrl Pts',(-271.932474901866,50.0168703546729,-369.427966170295));
#9784=CARTESIAN_POINT('Ctrl Pts',(-271.932474901866,50.0168703546729,-369.907966170295));
#9785=CARTESIAN_POINT('Ctrl Pts',(-271.816912522506,49.4945262422767,-369.427966170295));
#9786=CARTESIAN_POINT('Ctrl Pts',(-271.816912522506,49.4945262422767,-369.907966170295));
#9787=CARTESIAN_POINT('',(-271.932474901866,50.3358219614234,-369.427966170295));
#9788=CARTESIAN_POINT('Ctrl Pts',(-271.932474901866,50.3358219614234,-369.427966170295));
#9789=CARTESIAN_POINT('Ctrl Pts',(-271.932474901866,50.0168703546729,-369.427966170295));
#9790=CARTESIAN_POINT('Ctrl Pts',(-271.816912522506,49.4945262422767,-369.427966170295));
#9791=CARTESIAN_POINT('',(-271.932474901866,50.3358219614234,-369.827966170295));
#9792=CARTESIAN_POINT('',(-271.932474901866,50.3358219614234,-369.427966170295));
#9793=CARTESIAN_POINT('Ctrl Pts',(-271.932474901866,50.3358219614234,-369.827966170295));
#9794=CARTESIAN_POINT('Ctrl Pts',(-271.932474901866,50.0168703546729,-369.827966170295));
#9795=CARTESIAN_POINT('Ctrl Pts',(-271.816912522506,49.4945262422767,-369.827966170295));
#9796=CARTESIAN_POINT('Ctrl Pts',(-271.881627371501,50.724112843534,-369.427966170295));
#9797=CARTESIAN_POINT('Ctrl Pts',(-271.881627371501,50.724112843534,-369.907966170295));
#9798=CARTESIAN_POINT('Ctrl Pts',(-271.932474901866,50.5993054857459,-369.427966170295));
#9799=CARTESIAN_POINT('Ctrl Pts',(-271.932474901866,50.5993054857459,-369.907966170295));
#9800=CARTESIAN_POINT('Ctrl Pts',(-271.932474901866,50.3358219614234,-369.427966170295));
#9801=CARTESIAN_POINT('Ctrl Pts',(-271.932474901866,50.3358219614234,-369.907966170295));
#9802=CARTESIAN_POINT('',(-271.881627371501,50.724112843534,-369.427966170295));
#9803=CARTESIAN_POINT('Ctrl Pts',(-271.881627371501,50.724112843534,-369.427966170295));
#9804=CARTESIAN_POINT('Ctrl Pts',(-271.932474901866,50.5993054857459,-369.427966170295));
#9805=CARTESIAN_POINT('Ctrl Pts',(-271.932474901866,50.3358219614234,-369.427966170295));
#9806=CARTESIAN_POINT('',(-271.881627371501,50.724112843534,-369.827966170295));
#9807=CARTESIAN_POINT('',(-271.881627371501,50.724112843534,-369.427966170295));
#9808=CARTESIAN_POINT('Ctrl Pts',(-271.881627371501,50.724112843534,-369.827966170295));
#9809=CARTESIAN_POINT('Ctrl Pts',(-271.932474901866,50.5993054857459,-369.827966170295));
#9810=CARTESIAN_POINT('Ctrl Pts',(-271.932474901866,50.3358219614234,-369.827966170295));
#9811=CARTESIAN_POINT('Ctrl Pts',(-271.692104866695,50.8396743288245,-369.427966170295));
#9812=CARTESIAN_POINT('Ctrl Pts',(-271.692104866695,50.8396743288245,-369.907966170295));
#9813=CARTESIAN_POINT('Ctrl Pts',(-271.835402479362,50.8396743288245,-369.427966170295));
#9814=CARTESIAN_POINT('Ctrl Pts',(-271.835402479362,50.8396743288245,-369.907966170295));
#9815=CARTESIAN_POINT('Ctrl Pts',(-271.881627371501,50.724112843534,-369.427966170295));
#9816=CARTESIAN_POINT('Ctrl Pts',(-271.881627371501,50.724112843534,-369.907966170295));
#9817=CARTESIAN_POINT('',(-271.692104866695,50.8396743288245,-369.427966170295));
#9818=CARTESIAN_POINT('Ctrl Pts',(-271.692104866695,50.8396743288245,-369.427966170295));
#9819=CARTESIAN_POINT('Ctrl Pts',(-271.835402479362,50.8396743288245,-369.427966170295));
#9820=CARTESIAN_POINT('Ctrl Pts',(-271.881627371501,50.724112843534,-369.427966170295));
#9821=CARTESIAN_POINT('',(-271.692104866695,50.8396743288245,-369.827966170295));
#9822=CARTESIAN_POINT('',(-271.692104866695,50.8396743288245,-369.427966170295));
#9823=CARTESIAN_POINT('Ctrl Pts',(-271.692104866695,50.8396743288245,-369.827966170295));
#9824=CARTESIAN_POINT('Ctrl Pts',(-271.835402479362,50.8396743288245,-369.827966170295));
#9825=CARTESIAN_POINT('Ctrl Pts',(-271.881627371501,50.724112843534,-369.827966170295));
#9826=CARTESIAN_POINT('Origin',(-271.308437814903,50.8396743288245,-369.427966170295));
#9827=CARTESIAN_POINT('',(-271.308437814903,50.8396743288245,-369.427966170295));
#9828=CARTESIAN_POINT('',(-269.588242655162,50.8396743288245,-369.427966170295));
#9829=CARTESIAN_POINT('',(-271.308437814903,50.8396743288245,-369.827966170295));
#9830=CARTESIAN_POINT('',(-271.308437814903,50.8396743288245,-369.427966170295));
#9831=CARTESIAN_POINT('',(-271.308437814903,50.8396743288245,-369.827966170295));
#9832=CARTESIAN_POINT('Ctrl Pts',(-271.10042535324,50.7102440347877,-369.427966170295));
#9833=CARTESIAN_POINT('Ctrl Pts',(-271.10042535324,50.7102440347877,-369.907966170295));
#9834=CARTESIAN_POINT('Ctrl Pts',(-271.188252797317,50.8396743288245,-369.427966170295));
#9835=CARTESIAN_POINT('Ctrl Pts',(-271.188252797317,50.8396743288245,-369.907966170295));
#9836=CARTESIAN_POINT('Ctrl Pts',(-271.308437814903,50.8396743288245,-369.427966170295));
#9837=CARTESIAN_POINT('Ctrl Pts',(-271.308437814903,50.8396743288245,-369.907966170295));
#9838=CARTESIAN_POINT('',(-271.10042535324,50.7102440347877,-369.427966170295));
#9839=CARTESIAN_POINT('Ctrl Pts',(-271.10042535324,50.7102440347877,-369.427966170295));
#9840=CARTESIAN_POINT('Ctrl Pts',(-271.188252797317,50.8396743288245,-369.427966170295));
#9841=CARTESIAN_POINT('Ctrl Pts',(-271.308437814903,50.8396743288245,-369.427966170295));
#9842=CARTESIAN_POINT('',(-271.10042535324,50.7102440347877,-369.827966170295));
#9843=CARTESIAN_POINT('',(-271.10042535324,50.7102440347877,-369.427966170295));
#9844=CARTESIAN_POINT('Ctrl Pts',(-271.10042535324,50.7102440347877,-369.827966170295));
#9845=CARTESIAN_POINT('Ctrl Pts',(-271.188252797317,50.8396743288245,-369.827966170295));
#9846=CARTESIAN_POINT('Ctrl Pts',(-271.308437814903,50.8396743288245,-369.827966170295));
#9847=CARTESIAN_POINT('Ctrl Pts',(-270.934015443515,50.3450654497352,-369.427966170295));
#9848=CARTESIAN_POINT('Ctrl Pts',(-270.934015443515,50.3450654497352,-369.907966170295));
#9849=CARTESIAN_POINT('Ctrl Pts',(-271.012597909164,50.5808137407508,-369.427966170295));
#9850=CARTESIAN_POINT('Ctrl Pts',(-271.012597909164,50.5808137407508,-369.907966170295));
#9851=CARTESIAN_POINT('Ctrl Pts',(-271.10042535324,50.7102440347877,-369.427966170295));
#9852=CARTESIAN_POINT('Ctrl Pts',(-271.10042535324,50.7102440347877,-369.907966170295));
#9853=CARTESIAN_POINT('',(-270.934015443515,50.3450654497352,-369.427966170295));
#9854=CARTESIAN_POINT('Ctrl Pts',(-270.934015443515,50.3450654497352,-369.427966170295));
#9855=CARTESIAN_POINT('Ctrl Pts',(-271.012597909164,50.5808137407508,-369.427966170295));
#9856=CARTESIAN_POINT('Ctrl Pts',(-271.10042535324,50.7102440347877,-369.427966170295));
#9857=CARTESIAN_POINT('',(-270.934015443515,50.3450654497352,-369.827966170295));
#9858=CARTESIAN_POINT('',(-270.934015443515,50.3450654497352,-369.427966170295));
#9859=CARTESIAN_POINT('Ctrl Pts',(-270.934015443515,50.3450654497352,-369.827966170295));
#9860=CARTESIAN_POINT('Ctrl Pts',(-271.012597909164,50.5808137407508,-369.827966170295));
#9861=CARTESIAN_POINT('Ctrl Pts',(-271.10042535324,50.7102440347877,-369.827966170295));
#9862=CARTESIAN_POINT('Ctrl Pts',(-270.776850512218,49.9336646547523,-369.427966170295));
#9863=CARTESIAN_POINT('Ctrl Pts',(-270.776850512218,49.9336646547523,-369.907966170295));
#9864=CARTESIAN_POINT('Ctrl Pts',(-270.855432977867,50.1093195429053,-369.427966170295));
#9865=CARTESIAN_POINT('Ctrl Pts',(-270.855432977867,50.1093195429053,-369.907966170295));
#9866=CARTESIAN_POINT('Ctrl Pts',(-270.934015443515,50.3450654497352,-369.427966170295));
#9867=CARTESIAN_POINT('Ctrl Pts',(-270.934015443515,50.3450654497352,-369.907966170295));
#9868=CARTESIAN_POINT('',(-270.776850512218,49.9336646547523,-369.427966170295));
#9869=CARTESIAN_POINT('Ctrl Pts',(-270.776850512218,49.9336646547523,-369.427966170295));
#9870=CARTESIAN_POINT('Ctrl Pts',(-270.855432977867,50.1093195429053,-369.427966170295));
#9871=CARTESIAN_POINT('Ctrl Pts',(-270.934015443515,50.3450654497352,-369.427966170295));
#9872=CARTESIAN_POINT('',(-270.776850512218,49.9336646547523,-369.827966170295));
#9873=CARTESIAN_POINT('',(-270.776850512218,49.9336646547523,-369.427966170295));
#9874=CARTESIAN_POINT('Ctrl Pts',(-270.776850512218,49.9336646547523,-369.827966170295));
#9875=CARTESIAN_POINT('Ctrl Pts',(-270.855432977867,50.1093195429053,-369.827966170295));
#9876=CARTESIAN_POINT('Ctrl Pts',(-270.934015443515,50.3450654497352,-369.827966170295));
#9877=CARTESIAN_POINT('Ctrl Pts',(-270.494878223133,49.5731090059486,-369.427966170295));
#9878=CARTESIAN_POINT('Ctrl Pts',(-270.494878223133,49.5731090059486,-369.907966170295));
#9879=CARTESIAN_POINT('Ctrl Pts',(-270.679778089714,49.711785172483,-369.427966170295));
#9880=CARTESIAN_POINT('Ctrl Pts',(-270.679778089714,49.711785172483,-369.907966170295));
#9881=CARTESIAN_POINT('Ctrl Pts',(-270.776850512218,49.9336646547523,-369.427966170295));
#9882=CARTESIAN_POINT('Ctrl Pts',(-270.776850512218,49.9336646547523,-369.907966170295));
#9883=CARTESIAN_POINT('',(-270.494878223133,49.5731090059486,-369.427966170295));
#9884=CARTESIAN_POINT('Ctrl Pts',(-270.494878223133,49.5731090059486,-369.427966170295));
#9885=CARTESIAN_POINT('Ctrl Pts',(-270.679778089714,49.711785172483,-369.427966170295));
#9886=CARTESIAN_POINT('Ctrl Pts',(-270.776850512218,49.9336646547523,-369.427966170295));
#9887=CARTESIAN_POINT('',(-270.494878223133,49.5731090059486,-369.827966170295));
#9888=CARTESIAN_POINT('',(-270.494878223133,49.5731090059486,-369.427966170295));
#9889=CARTESIAN_POINT('Ctrl Pts',(-270.494878223133,49.5731090059486,-369.827966170295));
#9890=CARTESIAN_POINT('Ctrl Pts',(-270.679778089714,49.711785172483,-369.827966170295));
#9891=CARTESIAN_POINT('Ctrl Pts',(-270.776850512218,49.9336646547523,-369.827966170295));
#9892=CARTESIAN_POINT('Ctrl Pts',(-270.060363640975,49.4344352235999,-369.427966170295));
#9893=CARTESIAN_POINT('Ctrl Pts',(-270.060363640975,49.4344352235999,-369.907966170295));
#9894=CARTESIAN_POINT('Ctrl Pts',(-270.309978356552,49.4344352235999,-369.427966170295));
#9895=CARTESIAN_POINT('Ctrl Pts',(-270.309978356552,49.4344352235999,-369.907966170295));
#9896=CARTESIAN_POINT('Ctrl Pts',(-270.494878223133,49.5731090059486,-369.427966170295));
#9897=CARTESIAN_POINT('Ctrl Pts',(-270.494878223133,49.5731090059486,-369.907966170295));
#9898=CARTESIAN_POINT('',(-270.060363640975,49.4344352235999,-369.427966170295));
#9899=CARTESIAN_POINT('Ctrl Pts',(-270.060363640975,49.4344352235999,-369.427966170295));
#9900=CARTESIAN_POINT('Ctrl Pts',(-270.309978356552,49.4344352235999,-369.427966170295));
#9901=CARTESIAN_POINT('Ctrl Pts',(-270.494878223133,49.5731090059486,-369.427966170295));
#9902=CARTESIAN_POINT('',(-270.060363640975,49.4344352235999,-369.827966170295));
#9903=CARTESIAN_POINT('',(-270.060363640975,49.4344352235999,-369.427966170295));
#9904=CARTESIAN_POINT('Ctrl Pts',(-270.060363640975,49.4344352235999,-369.827966170295));
#9905=CARTESIAN_POINT('Ctrl Pts',(-270.309978356552,49.4344352235999,-369.827966170295));
#9906=CARTESIAN_POINT('Ctrl Pts',(-270.494878223133,49.5731090059486,-369.827966170295));
#9907=CARTESIAN_POINT('Origin',(-269.376234045219,49.4344352235999,-369.427966170295));
#9908=CARTESIAN_POINT('',(-268.62214077032,49.4344352235999,-369.427966170295));
#9909=CARTESIAN_POINT('',(-269.376234045219,49.4344352235999,-369.827966170295));
#9910=CARTESIAN_POINT('Origin',(-270.876234104824,44.4744961013999,-369.827966170295));
#9911=CARTESIAN_POINT('Origin',(-271.863137116622,38.1278084268775,-369.427966170295));
#9912=CARTESIAN_POINT('',(-271.863137116622,38.1278084268775,-369.427966170295));
#9913=CARTESIAN_POINT('',(-269.889331093025,38.1278084268775,-369.427966170295));
#9914=CARTESIAN_POINT('',(-269.865592306021,38.1278084268775,-369.427966170295));
#9915=CARTESIAN_POINT('',(-271.863137116622,38.1278084268775,-369.827966170295));
#9916=CARTESIAN_POINT('',(-271.863137116622,38.1278084268775,-369.427966170295));
#9917=CARTESIAN_POINT('',(-269.889331093025,38.1278084268775,-369.827966170295));
#9918=CARTESIAN_POINT('',(-271.863137116622,38.1278084268775,-369.827966170295));
#9919=CARTESIAN_POINT('',(-269.889331093025,38.1278084268775,-369.427966170295));
#9920=CARTESIAN_POINT('Origin',(-271.863137116622,38.6778853883948,-369.427966170295));
#9921=CARTESIAN_POINT('',(-271.863137116622,38.6778853883948,-369.427966170295));
#9922=CARTESIAN_POINT('',(-271.863137116622,41.5761902010051,-369.427966170295));
#9923=CARTESIAN_POINT('',(-271.863137116622,38.6778853883948,-369.827966170295));
#9924=CARTESIAN_POINT('',(-271.863137116622,38.6778853883948,-369.427966170295));
#9925=CARTESIAN_POINT('',(-271.863137116622,38.6778853883948,-369.827966170295));
#9926=CARTESIAN_POINT('Ctrl Pts',(-271.777620842647,39.2164062013831,-369.427966170295));
#9927=CARTESIAN_POINT('Ctrl Pts',(-271.777620842647,39.2164062013831,-369.907966170295));
#9928=CARTESIAN_POINT('Ctrl Pts',(-271.863137116622,39.0476845255103,-369.427966170295));
#9929=CARTESIAN_POINT('Ctrl Pts',(-271.863137116622,39.0476845255103,-369.907966170295));
#9930=CARTESIAN_POINT('Ctrl Pts',(-271.863137116622,38.6778853883948,-369.427966170295));
#9931=CARTESIAN_POINT('Ctrl Pts',(-271.863137116622,38.6778853883948,-369.907966170295));
#9932=CARTESIAN_POINT('',(-271.777620842647,39.2164062013831,-369.427966170295));
#9933=CARTESIAN_POINT('Ctrl Pts',(-271.777620842647,39.2164062013831,-369.427966170295));
#9934=CARTESIAN_POINT('Ctrl Pts',(-271.863137116622,39.0476845255103,-369.427966170295));
#9935=CARTESIAN_POINT('Ctrl Pts',(-271.863137116622,38.6778853883948,-369.427966170295));
#9936=CARTESIAN_POINT('',(-271.777620842647,39.2164062013831,-369.827966170295));
#9937=CARTESIAN_POINT('',(-271.777620842647,39.2164062013831,-369.427966170295));
#9938=CARTESIAN_POINT('Ctrl Pts',(-271.777620842647,39.2164062013831,-369.827966170295));
#9939=CARTESIAN_POINT('Ctrl Pts',(-271.863137116622,39.0476845255103,-369.827966170295));
#9940=CARTESIAN_POINT('Ctrl Pts',(-271.863137116622,38.6778853883948,-369.827966170295));
#9941=CARTESIAN_POINT('Ctrl Pts',(-271.479469766807,39.385126685163,-369.427966170295));
#9942=CARTESIAN_POINT('Ctrl Pts',(-271.479469766807,39.385126685163,-369.907966170295));
#9943=CARTESIAN_POINT('Ctrl Pts',(-271.692104568672,39.385126685163,-369.427966170295));
#9944=CARTESIAN_POINT('Ctrl Pts',(-271.692104568672,39.385126685163,-369.907966170295));
#9945=CARTESIAN_POINT('Ctrl Pts',(-271.777620842647,39.2164062013831,-369.427966170295));
#9946=CARTESIAN_POINT('Ctrl Pts',(-271.777620842647,39.2164062013831,-369.907966170295));
#9947=CARTESIAN_POINT('',(-271.479469766807,39.385126685163,-369.427966170295));
#9948=CARTESIAN_POINT('Ctrl Pts',(-271.479469766807,39.385126685163,-369.427966170295));
#9949=CARTESIAN_POINT('Ctrl Pts',(-271.692104568672,39.385126685163,-369.427966170295));
#9950=CARTESIAN_POINT('Ctrl Pts',(-271.777620842647,39.2164062013831,-369.427966170295));
#9951=CARTESIAN_POINT('',(-271.479469766807,39.385126685163,-369.827966170295));
#9952=CARTESIAN_POINT('',(-271.479469766807,39.385126685163,-369.427966170295));
#9953=CARTESIAN_POINT('Ctrl Pts',(-271.479469766807,39.385126685163,-369.827966170295));
#9954=CARTESIAN_POINT('Ctrl Pts',(-271.692104568672,39.385126685163,-369.827966170295));
#9955=CARTESIAN_POINT('Ctrl Pts',(-271.777620842647,39.2164062013831,-369.827966170295));
#9956=CARTESIAN_POINT('Origin',(-270.245263209533,39.385126685163,-369.427966170295));
#9957=CARTESIAN_POINT('',(-270.245263209533,39.385126685163,-369.427966170295));
#9958=CARTESIAN_POINT('',(-269.056655352477,39.385126685163,-369.427966170295));
#9959=CARTESIAN_POINT('',(-270.245263209533,39.385126685163,-369.827966170295));
#9960=CARTESIAN_POINT('',(-270.245263209533,39.385126685163,-369.427966170295));
#9961=CARTESIAN_POINT('',(-270.245263209533,39.385126685163,-369.827966170295));
#9962=CARTESIAN_POINT('Ctrl Pts',(-270.014138450813,39.3181012621131,-369.427966170295));
#9963=CARTESIAN_POINT('Ctrl Pts',(-270.014138450813,39.3181012621131,-369.907966170295));
#9964=CARTESIAN_POINT('Ctrl Pts',(-270.088098278236,39.385126685163,-369.427966170295));
#9965=CARTESIAN_POINT('Ctrl Pts',(-270.088098278236,39.385126685163,-369.907966170295));
#9966=CARTESIAN_POINT('Ctrl Pts',(-270.245263209533,39.385126685163,-369.427966170295));
#9967=CARTESIAN_POINT('Ctrl Pts',(-270.245263209533,39.385126685163,-369.907966170295));
#9968=CARTESIAN_POINT('',(-270.014138450813,39.3181012621131,-369.427966170295));
#9969=CARTESIAN_POINT('Ctrl Pts',(-270.014138450813,39.3181012621131,-369.427966170295));
#9970=CARTESIAN_POINT('Ctrl Pts',(-270.088098278236,39.385126685163,-369.427966170295));
#9971=CARTESIAN_POINT('Ctrl Pts',(-270.245263209533,39.385126685163,-369.427966170295));
#9972=CARTESIAN_POINT('',(-270.014138450813,39.3181012621131,-369.827966170295));
#9973=CARTESIAN_POINT('',(-270.014138450813,39.3181012621131,-369.427966170295));
#9974=CARTESIAN_POINT('Ctrl Pts',(-270.014138450813,39.3181012621131,-369.827966170295));
#9975=CARTESIAN_POINT('Ctrl Pts',(-270.088098278236,39.385126685163,-369.827966170295));
#9976=CARTESIAN_POINT('Ctrl Pts',(-270.245263209533,39.385126685163,-369.827966170295));
#9977=CARTESIAN_POINT('Ctrl Pts',(-269.914754858207,39.1008435239997,-369.427966170295));
#9978=CARTESIAN_POINT('Ctrl Pts',(-269.914754858207,39.1008435239997,-369.907966170295));
#9979=CARTESIAN_POINT('Ctrl Pts',(-269.94017862339,39.2510746469703,-369.427966170295));
#9980=CARTESIAN_POINT('Ctrl Pts',(-269.94017862339,39.2510746469703,-369.907966170295));
#9981=CARTESIAN_POINT('Ctrl Pts',(-270.014138450813,39.3181012621131,-369.427966170295));
#9982=CARTESIAN_POINT('Ctrl Pts',(-270.014138450813,39.3181012621131,-369.907966170295));
#9983=CARTESIAN_POINT('',(-269.914754858207,39.1008435239997,-369.427966170295));
#9984=CARTESIAN_POINT('Ctrl Pts',(-269.914754858207,39.1008435239997,-369.427966170295));
#9985=CARTESIAN_POINT('Ctrl Pts',(-269.94017862339,39.2510746469703,-369.427966170295));
#9986=CARTESIAN_POINT('Ctrl Pts',(-270.014138450813,39.3181012621131,-369.427966170295));
#9987=CARTESIAN_POINT('',(-269.914754858207,39.1008435239997,-369.827966170295));
#9988=CARTESIAN_POINT('',(-269.914754858207,39.1008435239997,-369.427966170295));
#9989=CARTESIAN_POINT('Ctrl Pts',(-269.914754858207,39.1008435239997,-369.827966170295));
#9990=CARTESIAN_POINT('Ctrl Pts',(-269.94017862339,39.2510746469703,-369.827966170295));
#9991=CARTESIAN_POINT('Ctrl Pts',(-270.014138450813,39.3181012621131,-369.827966170295));
#9992=CARTESIAN_POINT('Ctrl Pts',(-269.889331093025,38.6547730913367,-369.427966170295));
#9993=CARTESIAN_POINT('Ctrl Pts',(-269.889331093025,38.6547730913367,-369.907966170295));
#9994=CARTESIAN_POINT('Ctrl Pts',(-269.889331093025,38.9506124010291,-369.427966170295));
#9995=CARTESIAN_POINT('Ctrl Pts',(-269.889331093025,38.9506124010291,-369.907966170295));
#9996=CARTESIAN_POINT('Ctrl Pts',(-269.914754858207,39.1008435239997,-369.427966170295));
#9997=CARTESIAN_POINT('Ctrl Pts',(-269.914754858207,39.1008435239997,-369.907966170295));
#9998=CARTESIAN_POINT('',(-269.889331093025,38.6547730913367,-369.427966170295));
#9999=CARTESIAN_POINT('Ctrl Pts',(-269.889331093025,38.6547730913367,-369.427966170295));
#10000=CARTESIAN_POINT('Ctrl Pts',(-269.889331093025,38.9506124010291,-369.427966170295));
#10001=CARTESIAN_POINT('Ctrl Pts',(-269.914754858207,39.1008435239997,-369.427966170295));
#10002=CARTESIAN_POINT('',(-269.889331093025,38.6547730913367,-369.827966170295));
#10003=CARTESIAN_POINT('',(-269.889331093025,38.6547730913367,-369.427966170295));
#10004=CARTESIAN_POINT('Ctrl Pts',(-269.889331093025,38.6547730913367,-369.827966170295));
#10005=CARTESIAN_POINT('Ctrl Pts',(-269.889331093025,38.9506124010291,-369.827966170295));
#10006=CARTESIAN_POINT('Ctrl Pts',(-269.914754858207,39.1008435239997,-369.827966170295));
#10007=CARTESIAN_POINT('Origin',(-269.889331093025,38.1278084268775,-369.427966170295));
#10008=CARTESIAN_POINT('',(-269.889331093025,41.3011517202464,-369.427966170295));
#10009=CARTESIAN_POINT('',(-269.889331093025,38.1278084268775,-369.827966170295));
#10010=CARTESIAN_POINT('Origin',(-269.376234045219,38.6871300687995,-369.427966170295));
#10011=CARTESIAN_POINT('',(-269.376234045219,38.6871300687995,-369.427966170295));
#10012=CARTESIAN_POINT('',(-269.376234045219,37.406698321363,-369.427966170295));
#10013=CARTESIAN_POINT('',(-269.376234045219,41.5808125412074,-369.427966170295));
#10014=CARTESIAN_POINT('',(-269.376234045219,38.6871300687995,-369.827966170295));
#10015=CARTESIAN_POINT('',(-269.376234045219,38.6871300687995,-369.427966170295));
#10016=CARTESIAN_POINT('',(-269.376234045219,37.406698321363,-369.827966170295));
#10017=CARTESIAN_POINT('',(-269.376234045219,38.6871300687995,-369.827966170295));
#10018=CARTESIAN_POINT('',(-269.376234045219,37.406698321363,-369.427966170295));
#10019=CARTESIAN_POINT('Ctrl Pts',(-269.452505340766,39.5330475321021,-369.427966170295));
#10020=CARTESIAN_POINT('Ctrl Pts',(-269.452505340766,39.5330475321021,-369.907966170295));
#10021=CARTESIAN_POINT('Ctrl Pts',(-269.376234045219,39.2279623499122,-369.427966170295));
#10022=CARTESIAN_POINT('Ctrl Pts',(-269.376234045219,39.2279623499122,-369.907966170295));
#10023=CARTESIAN_POINT('Ctrl Pts',(-269.376234045219,38.6871300687995,-369.427966170295));
#10024=CARTESIAN_POINT('Ctrl Pts',(-269.376234045219,38.6871300687995,-369.907966170295));
#10025=CARTESIAN_POINT('',(-269.452505340766,39.5330475321021,-369.427966170295));
#10026=CARTESIAN_POINT('Ctrl Pts',(-269.452505340766,39.5330475321021,-369.427966170295));
#10027=CARTESIAN_POINT('Ctrl Pts',(-269.376234045219,39.2279623499122,-369.427966170295));
#10028=CARTESIAN_POINT('Ctrl Pts',(-269.376234045219,38.6871300687995,-369.427966170295));
#10029=CARTESIAN_POINT('',(-269.452505340766,39.5330475321021,-369.827966170295));
#10030=CARTESIAN_POINT('',(-269.452505340766,39.5330475321021,-369.427966170295));
#10031=CARTESIAN_POINT('Ctrl Pts',(-269.452505340766,39.5330475321021,-369.827966170295));
#10032=CARTESIAN_POINT('Ctrl Pts',(-269.376234045219,39.2279623499122,-369.827966170295));
#10033=CARTESIAN_POINT('Ctrl Pts',(-269.376234045219,38.6871300687995,-369.827966170295));
#10034=CARTESIAN_POINT('Ctrl Pts',(-269.715987672996,39.9721835603919,-369.427966170295));
#10035=CARTESIAN_POINT('Ctrl Pts',(-269.715987672996,39.9721835603919,-369.907966170295));
#10036=CARTESIAN_POINT('Ctrl Pts',(-269.528776636314,39.8381315221992,-369.427966170295));
#10037=CARTESIAN_POINT('Ctrl Pts',(-269.528776636314,39.8381315221992,-369.907966170295));
#10038=CARTESIAN_POINT('Ctrl Pts',(-269.452505340766,39.5330475321021,-369.427966170295));
#10039=CARTESIAN_POINT('Ctrl Pts',(-269.452505340766,39.5330475321021,-369.907966170295));
#10040=CARTESIAN_POINT('',(-269.715987672996,39.9721835603919,-369.427966170295));
#10041=CARTESIAN_POINT('Ctrl Pts',(-269.715987672996,39.9721835603919,-369.427966170295));
#10042=CARTESIAN_POINT('Ctrl Pts',(-269.528776636314,39.8381315221992,-369.427966170295));
#10043=CARTESIAN_POINT('Ctrl Pts',(-269.452505340766,39.5330475321021,-369.427966170295));
#10044=CARTESIAN_POINT('',(-269.715987672996,39.9721835603919,-369.827966170295));
#10045=CARTESIAN_POINT('',(-269.715987672996,39.9721835603919,-369.427966170295));
#10046=CARTESIAN_POINT('Ctrl Pts',(-269.715987672996,39.9721835603919,-369.827966170295));
#10047=CARTESIAN_POINT('Ctrl Pts',(-269.528776636314,39.8381315221992,-369.827966170295));
#10048=CARTESIAN_POINT('Ctrl Pts',(-269.452505340766,39.5330475321021,-369.827966170295));
#10049=CARTESIAN_POINT('Ctrl Pts',(-270.245263209533,40.1062367906776,-369.427966170295));
#10050=CARTESIAN_POINT('Ctrl Pts',(-270.245263209533,40.1062367906776,-369.907966170295));
#10051=CARTESIAN_POINT('Ctrl Pts',(-269.903198709678,40.1062367906776,-369.427966170295));
#10052=CARTESIAN_POINT('Ctrl Pts',(-269.903198709678,40.1062367906776,-369.907966170295));
#10053=CARTESIAN_POINT('Ctrl Pts',(-269.715987672996,39.9721835603919,-369.427966170295));
#10054=CARTESIAN_POINT('Ctrl Pts',(-269.715987672996,39.9721835603919,-369.907966170295));
#10055=CARTESIAN_POINT('',(-270.245263209533,40.1062367906776,-369.427966170295));
#10056=CARTESIAN_POINT('Ctrl Pts',(-270.245263209533,40.1062367906776,-369.427966170295));
#10057=CARTESIAN_POINT('Ctrl Pts',(-269.903198709678,40.1062367906776,-369.427966170295));
#10058=CARTESIAN_POINT('Ctrl Pts',(-269.715987672996,39.9721835603919,-369.427966170295));
#10059=CARTESIAN_POINT('',(-270.245263209533,40.1062367906776,-369.827966170295));
#10060=CARTESIAN_POINT('',(-270.245263209533,40.1062367906776,-369.427966170295));
#10061=CARTESIAN_POINT('Ctrl Pts',(-270.245263209533,40.1062367906776,-369.827966170295));
#10062=CARTESIAN_POINT('Ctrl Pts',(-269.903198709678,40.1062367906776,-369.827966170295));
#10063=CARTESIAN_POINT('Ctrl Pts',(-269.715987672996,39.9721835603919,-369.827966170295));
#10064=CARTESIAN_POINT('Origin',(-271.465602150154,40.1062367906776,-369.427966170295));
#10065=CARTESIAN_POINT('',(-271.465602150154,40.1062367906776,-369.427966170295));
#10066=CARTESIAN_POINT('',(-269.666824822787,40.1062367906776,-369.427966170295));
#10067=CARTESIAN_POINT('',(-271.465602150154,40.1062367906776,-369.827966170295));
#10068=CARTESIAN_POINT('',(-271.465602150154,40.1062367906776,-369.427966170295));
#10069=CARTESIAN_POINT('',(-271.465602150154,40.1062367906776,-369.827966170295));
#10070=CARTESIAN_POINT('Ctrl Pts',(-272.015679409694,39.9629388799873,-369.427966170295));
#10071=CARTESIAN_POINT('Ctrl Pts',(-272.015679409694,39.9629388799873,-369.907966170295));
#10072=CARTESIAN_POINT('Ctrl Pts',(-271.81691192646,40.1062367906776,-369.427966170295));
#10073=CARTESIAN_POINT('Ctrl Pts',(-271.81691192646,40.1062367906776,-369.907966170295));
#10074=CARTESIAN_POINT('Ctrl Pts',(-271.465602150154,40.1062367906776,-369.427966170295));
#10075=CARTESIAN_POINT('Ctrl Pts',(-271.465602150154,40.1062367906776,-369.907966170295));
#10076=CARTESIAN_POINT('',(-272.015679409694,39.9629388799873,-369.427966170295));
#10077=CARTESIAN_POINT('Ctrl Pts',(-272.015679409694,39.9629388799873,-369.427966170295));
#10078=CARTESIAN_POINT('Ctrl Pts',(-271.81691192646,40.1062367906776,-369.427966170295));
#10079=CARTESIAN_POINT('Ctrl Pts',(-271.465602150154,40.1062367906776,-369.427966170295));
#10080=CARTESIAN_POINT('',(-272.015679409694,39.9629388799873,-369.827966170295));
#10081=CARTESIAN_POINT('',(-272.015679409694,39.9629388799873,-369.427966170295));
#10082=CARTESIAN_POINT('Ctrl Pts',(-272.015679409694,39.9629388799873,-369.827966170295));
#10083=CARTESIAN_POINT('Ctrl Pts',(-271.81691192646,40.1062367906776,-369.827966170295));
#10084=CARTESIAN_POINT('Ctrl Pts',(-271.465602150154,40.1062367906776,-369.827966170295));
#10085=CARTESIAN_POINT('Ctrl Pts',(-272.295340528678,39.5145569791999,-369.427966170295));
#10086=CARTESIAN_POINT('Ctrl Pts',(-272.295340528678,39.5145569791999,-369.907966170295));
#10087=CARTESIAN_POINT('Ctrl Pts',(-272.214446594905,39.8196409692969,-369.427966170295));
#10088=CARTESIAN_POINT('Ctrl Pts',(-272.214446594905,39.8196409692969,-369.907966170295));
#10089=CARTESIAN_POINT('Ctrl Pts',(-272.015679409694,39.9629388799873,-369.427966170295));
#10090=CARTESIAN_POINT('Ctrl Pts',(-272.015679409694,39.9629388799873,-369.907966170295));
#10091=CARTESIAN_POINT('',(-272.295340528678,39.5145569791999,-369.427966170295));
#10092=CARTESIAN_POINT('Ctrl Pts',(-272.295340528678,39.5145569791999,-369.427966170295));
#10093=CARTESIAN_POINT('Ctrl Pts',(-272.214446594905,39.8196409692969,-369.427966170295));
#10094=CARTESIAN_POINT('Ctrl Pts',(-272.015679409694,39.9629388799873,-369.427966170295));
#10095=CARTESIAN_POINT('',(-272.295340528678,39.5145569791999,-369.827966170295));
#10096=CARTESIAN_POINT('',(-272.295340528678,39.5145569791999,-369.427966170295));
#10097=CARTESIAN_POINT('Ctrl Pts',(-272.295340528678,39.5145569791999,-369.827966170295));
#10098=CARTESIAN_POINT('Ctrl Pts',(-272.214446594905,39.8196409692969,-369.827966170295));
#10099=CARTESIAN_POINT('Ctrl Pts',(-272.015679409694,39.9629388799873,-369.827966170295));
#10100=CARTESIAN_POINT('Ctrl Pts',(-272.376234164428,38.6825071325507,-369.427966170295));
#10101=CARTESIAN_POINT('Ctrl Pts',(-272.376234164428,38.6825071325507,-369.907966170295));
#10102=CARTESIAN_POINT('Ctrl Pts',(-272.376234164428,39.20947179701,-369.427966170295));
#10103=CARTESIAN_POINT('Ctrl Pts',(-272.376234164428,39.20947179701,-369.907966170295));
#10104=CARTESIAN_POINT('Ctrl Pts',(-272.295340528678,39.5145569791999,-369.427966170295));
#10105=CARTESIAN_POINT('Ctrl Pts',(-272.295340528678,39.5145569791999,-369.907966170295));
#10106=CARTESIAN_POINT('',(-272.376234164428,38.6825071325507,-369.427966170295));
#10107=CARTESIAN_POINT('Ctrl Pts',(-272.376234164428,38.6825071325507,-369.427966170295));
#10108=CARTESIAN_POINT('Ctrl Pts',(-272.376234164428,39.20947179701,-369.427966170295));
#10109=CARTESIAN_POINT('Ctrl Pts',(-272.295340528678,39.5145569791999,-369.427966170295));
#10110=CARTESIAN_POINT('',(-272.376234164428,38.6825071325507,-369.827966170295));
#10111=CARTESIAN_POINT('',(-272.376234164428,38.6825071325507,-369.427966170295));
#10112=CARTESIAN_POINT('Ctrl Pts',(-272.376234164428,38.6825071325507,-369.827966170295));
#10113=CARTESIAN_POINT('Ctrl Pts',(-272.376234164428,39.20947179701,-369.827966170295));
#10114=CARTESIAN_POINT('Ctrl Pts',(-272.295340528678,39.5145569791999,-369.827966170295));
#10115=CARTESIAN_POINT('Origin',(-272.376234164428,37.406698321363,-369.427966170295));
#10116=CARTESIAN_POINT('',(-272.376234164428,37.406698321363,-369.427966170295));
#10117=CARTESIAN_POINT('',(-272.376234164428,40.9405966674891,-369.427966170295));
#10118=CARTESIAN_POINT('',(-272.376234164428,37.406698321363,-369.827966170295));
#10119=CARTESIAN_POINT('',(-272.376234164428,37.406698321363,-369.427966170295));
#10120=CARTESIAN_POINT('',(-272.376234164428,37.406698321363,-369.827966170295));
#10121=CARTESIAN_POINT('Origin',(-269.376234045219,37.406698321363,-369.427966170295));
#10122=CARTESIAN_POINT('',(-268.62214077032,37.406698321363,-369.427966170295));
#10123=CARTESIAN_POINT('',(-269.376234045219,37.406698321363,-369.827966170295));
#10124=CARTESIAN_POINT('Origin',(-270.876234104824,44.4744961013999,-369.827966170295));
#10125=CARTESIAN_POINT('Origin',(-267.868047495421,44.4744950136152,-369.427966170295));
#10126=CARTESIAN_POINT('',(-275.076630369773,85.9193766345527,-369.427966170295));
#10127=CARTESIAN_POINT('',(-273.420165641264,78.1094942269137,-369.427966170295));
#10128=CARTESIAN_POINT('',(-269.669632582216,60.4265205704253,-369.427966170295));
#10129=CARTESIAN_POINT('',(-272.976233592224,73.8768411656893,-369.427966170295));
#10130=CARTESIAN_POINT('Origin',(-293.376233592224,73.8768411656893,-369.427966170295));
#10131=CARTESIAN_POINT('',(-272.976233592224,15.0721488615431,-369.427966170295));
#10132=CARTESIAN_POINT('',(-272.976233592224,28.7244950136152,-369.427966170295));
#10133=CARTESIAN_POINT('',(-273.420165641264,10.8394958003184,-369.427966170295));
#10134=CARTESIAN_POINT('Origin',(-293.376233592224,15.0721488615431,-369.427966170295));
#10135=CARTESIAN_POINT('',(-275.076630369774,3.02961339267768,-369.427966170295));
#10136=CARTESIAN_POINT('',(-271.161446485413,21.488881021431,-369.427966170295));
#10137=CARTESIAN_POINT('',(-269.891965657025,1.92995352873234,-369.427966170295));
#10138=CARTESIAN_POINT('Origin',(-273.376233592224,-1.72550498638478,-369.427966170295));
#10139=CARTESIAN_POINT('',(-269.211534137037,5.13804487296477,-369.427966170295));
#10140=CARTESIAN_POINT('',(-264.350747001818,28.0556327221112,-369.427966170295));
#10141=CARTESIAN_POINT('',(-263.157800187737,12.5293594287329,-369.427966170295));
#10142=CARTESIAN_POINT('Origin',(-259.037852436548,2.98022174371291,-369.427966170295));
#10143=CARTESIAN_POINT('',(-259.776233592224,17.6712027975899,-369.427966170295));
#10144=CARTESIAN_POINT('Origin',(-265.376233592224,17.6712027975899,-369.427966170295));
#10145=CARTESIAN_POINT('',(-259.776233592224,71.2777872296408,-369.427966170295));
#10146=CARTESIAN_POINT('',(-259.776233592224,60.2244950136152,-369.427966170295));
#10147=CARTESIAN_POINT('',(-263.157800187737,76.4196305984976,-369.427966170295));
#10148=CARTESIAN_POINT('Origin',(-265.376233592224,71.2777872296408,-369.427966170295));
#10149=CARTESIAN_POINT('',(-269.211534137036,83.8109451542658,-369.427966170295));
#10150=CARTESIAN_POINT('Origin',(-259.037852436547,85.9687682835175,-369.427966170295));
#10151=CARTESIAN_POINT('',(-269.891965657024,87.0190364984977,-369.427966170295));
#10152=CARTESIAN_POINT('',(-265.976781772664,68.559768869745,-369.427966170295));
#10153=CARTESIAN_POINT('Origin',(-273.376233592224,90.6744950136152,-369.427966170295));
#10154=CARTESIAN_POINT('',(-263.976233592224,64.9744950136152,-369.427966170295));
#10155=CARTESIAN_POINT('',(-263.976233592224,43.6244950136135,-369.427966170295));
#10156=CARTESIAN_POINT('',(-263.976233592224,43.0494950136143,-369.427966170295));
#10157=CARTESIAN_POINT('',(-268.776233592224,43.6244950136135,-369.427966170295));
#10158=CARTESIAN_POINT('Origin',(-266.376233592224,43.6244950136135,-369.427966170295));
#10159=CARTESIAN_POINT('',(-268.776233592224,64.9744950136152,-369.427966170295));
#10160=CARTESIAN_POINT('',(-268.776233592224,55.7244950136152,-369.427966170295));
#10161=CARTESIAN_POINT('Origin',(-266.376233592224,64.9744950136152,-369.427966170295));
#10162=CARTESIAN_POINT('',(-268.376233592224,38.6244950136152,-369.427966170295));
#10163=CARTESIAN_POINT('Origin',(-266.376233592224,38.6244950136152,-369.427966170295));
#10164=CARTESIAN_POINT('',(-268.376233592224,70.1244950136152,-369.427966170295));
#10165=CARTESIAN_POINT('Origin',(-266.376233592224,70.1244950136152,-369.427966170295));
#10166=CARTESIAN_POINT('',(-263.976233592224,23.9744950136151,-369.427966170295));
#10167=CARTESIAN_POINT('',(-268.776233592224,23.9744950136151,-369.427966170295));
#10168=CARTESIAN_POINT('Origin',(-266.376233592224,23.9744950136151,-369.427966170295));
#10169=CARTESIAN_POINT('',(-268.776233592224,33.6244950136135,-369.427966170295));
#10170=CARTESIAN_POINT('',(-268.776233592224,40.0494950136143,-369.427966170295));
#10171=CARTESIAN_POINT('',(-263.976233592224,33.6244950136135,-369.427966170295));
#10172=CARTESIAN_POINT('Origin',(-266.376233592224,33.6244950136135,-369.427966170295));
#10173=CARTESIAN_POINT('',(-263.976233592224,33.2244950136152,-369.427966170295));
#10174=CARTESIAN_POINT('Origin',(-266.376233592224,38.6244950136152,-373.227966170295));
#10175=CARTESIAN_POINT('',(-267.576233592224,38.6244950136152,-373.027966170295));
#10176=CARTESIAN_POINT('Origin',(-266.376233592224,38.6244950136152,-373.027966170295));
#10177=CARTESIAN_POINT('',(-267.976233592224,38.6244950136152,-373.427966170295));
#10178=CARTESIAN_POINT('',(-267.776233592224,38.6244950136152,-373.227966170295));
#10179=CARTESIAN_POINT('Origin',(-266.376233592224,38.6244950136152,-373.427966170295));
#10180=CARTESIAN_POINT('Origin',(-267.868047495421,44.4744950136152,-373.427966170295));
#10181=CARTESIAN_POINT('',(-259.776233592224,17.6712027975899,-373.427966170295));
#10182=CARTESIAN_POINT('',(-263.157800187737,12.5293594287329,-373.427966170295));
#10183=CARTESIAN_POINT('Origin',(-265.376233592224,17.6712027975899,-373.427966170295));
#10184=CARTESIAN_POINT('',(-269.211534137037,5.13804487296475,-373.427966170295));
#10185=CARTESIAN_POINT('Origin',(-259.037852436548,2.9802217437129,-373.427966170295));
#10186=CARTESIAN_POINT('',(-270.78390123585,-2.27533491835758,-373.427966170295));
#10187=CARTESIAN_POINT('',(-264.350747001818,28.0556327221112,-373.427966170295));
#10188=CARTESIAN_POINT('',(-275.968565948599,-1.17567505441202,-373.427966170295));
#10189=CARTESIAN_POINT('Origin',(-273.376233592224,-1.7255049863848,-373.427966170295));
#10190=CARTESIAN_POINT('',(-273.420165641264,10.8394958003184,-373.427966170295));
#10191=CARTESIAN_POINT('',(-271.161446485413,21.488881021431,-373.427966170295));
#10192=CARTESIAN_POINT('',(-272.976233592224,15.0721488615431,-373.427966170295));
#10193=CARTESIAN_POINT('Origin',(-293.376233592224,15.0721488615431,-373.427966170295));
#10194=CARTESIAN_POINT('',(-272.976233592224,73.8768411656893,-373.427966170295));
#10195=CARTESIAN_POINT('',(-272.976233592224,28.7244950136152,-373.427966170295));
#10196=CARTESIAN_POINT('',(-273.420165641264,78.1094942269137,-373.427966170295));
#10197=CARTESIAN_POINT('Origin',(-293.376233592224,73.8768411656893,-373.427966170295));
#10198=CARTESIAN_POINT('',(-275.968565948598,90.1246650816425,-373.427966170295));
#10199=CARTESIAN_POINT('',(-269.669632582216,60.4265205704253,-373.427966170295));
#10200=CARTESIAN_POINT('',(-270.783901235849,91.224324945588,-373.427966170295));
#10201=CARTESIAN_POINT('Origin',(-273.376233592224,90.6744950136152,-373.427966170295));
#10202=CARTESIAN_POINT('',(-269.211534137036,83.8109451542658,-373.427966170295));
#10203=CARTESIAN_POINT('',(-265.976781772664,68.559768869745,-373.427966170295));
#10204=CARTESIAN_POINT('',(-263.157800187737,76.4196305984976,-373.427966170295));
#10205=CARTESIAN_POINT('Origin',(-259.037852436547,85.9687682835175,-373.427966170295));
#10206=CARTESIAN_POINT('',(-259.776233592224,71.2777872296408,-373.427966170295));
#10207=CARTESIAN_POINT('Origin',(-265.376233592224,71.2777872296408,-373.427966170295));
#10208=CARTESIAN_POINT('',(-259.776233592224,60.2244950136152,-373.427966170295));
#10209=CARTESIAN_POINT('',(-263.976233592224,33.6244950136135,-373.427966170295));
#10210=CARTESIAN_POINT('',(-268.776233592224,33.6244950136135,-373.427966170295));
#10211=CARTESIAN_POINT('Origin',(-266.376233592224,33.6244950136135,-373.427966170295));
#10212=CARTESIAN_POINT('',(-268.776233592224,23.9744950136151,-373.427966170295));
#10213=CARTESIAN_POINT('',(-268.776233592224,40.0494950136143,-373.427966170295));
#10214=CARTESIAN_POINT('',(-263.976233592224,23.9744950136151,-373.427966170295));
#10215=CARTESIAN_POINT('Origin',(-266.376233592224,23.9744950136151,-373.427966170295));
#10216=CARTESIAN_POINT('',(-263.976233592224,33.2244950136152,-373.427966170295));
#10217=CARTESIAN_POINT('',(-263.976233592224,64.9744950136152,-373.427966170295));
#10218=CARTESIAN_POINT('',(-268.776233592224,64.9744950136152,-373.427966170295));
#10219=CARTESIAN_POINT('Origin',(-266.376233592224,64.9744950136152,-373.427966170295));
#10220=CARTESIAN_POINT('',(-268.776233592224,43.6244950136135,-373.427966170295));
#10221=CARTESIAN_POINT('',(-268.776233592224,55.7244950136152,-373.427966170295));
#10222=CARTESIAN_POINT('',(-263.976233592224,43.6244950136135,-373.427966170295));
#10223=CARTESIAN_POINT('Origin',(-266.376233592224,43.6244950136135,-373.427966170295));
#10224=CARTESIAN_POINT('',(-263.976233592224,43.0494950136143,-373.427966170295));
#10225=CARTESIAN_POINT('',(-275.226233592224,-1.7255049863848,-373.427966170295));
#10226=CARTESIAN_POINT('Origin',(-273.376233592224,-1.7255049863848,-373.427966170295));
#10227=CARTESIAN_POINT('',(-275.226233592224,90.6744950136152,-373.427966170295));
#10228=CARTESIAN_POINT('Origin',(-273.376233592224,90.6744950136152,-373.427966170295));
#10229=CARTESIAN_POINT('',(-267.976233592224,70.1244950136152,-373.427966170295));
#10230=CARTESIAN_POINT('Origin',(-266.376233592224,70.1244950136152,-373.427966170295));
#10231=CARTESIAN_POINT('Origin',(-266.376233592224,38.6244950136152,-373.427966170295));
#10232=CARTESIAN_POINT('',(-267.576233592224,38.6244950136152,-371.427966170295));
#10233=CARTESIAN_POINT('Origin',(-266.376233592224,38.6244950136152,-371.427966170295));
#10234=CARTESIAN_POINT('',(-267.576233592224,38.6244950136152,-373.427966170295));
#10235=CARTESIAN_POINT('Origin',(-266.376233592224,33.6244950136135,-373.227966170295));
#10236=CARTESIAN_POINT('',(-268.376233592224,33.6244950136135,-373.027966170295));
#10237=CARTESIAN_POINT('',(-268.776233592224,33.6244950136135,-373.427966170295));
#10238=CARTESIAN_POINT('',(-264.376233592224,33.6244950136135,-373.027966170295));
#10239=CARTESIAN_POINT('',(-264.376233592224,33.6244950136135,-373.027966170295));
#10240=CARTESIAN_POINT('Origin',(-266.376233592224,33.6244950136135,-373.027966170295));
#10241=CARTESIAN_POINT('Origin',(-264.176233592224,33.2244950136152,-373.227966170296));
#10242=CARTESIAN_POINT('',(-264.376233592224,23.9744950136151,-373.027966170295));
#10243=CARTESIAN_POINT('',(-264.376233592224,23.9744950136151,-373.027966170295));
#10244=CARTESIAN_POINT('',(-264.376233592224,33.2244950136152,-373.027966170295));
#10245=CARTESIAN_POINT('Origin',(-268.576233592224,40.0494950136143,-373.227966170295));
#10246=CARTESIAN_POINT('',(-268.376233592224,23.9744950136151,-373.027966170295));
#10247=CARTESIAN_POINT('',(-268.776233592224,23.9744950136151,-373.427966170295));
#10248=CARTESIAN_POINT('',(-268.376233592224,40.0494950136143,-373.027966170295));
#10249=CARTESIAN_POINT('Origin',(-266.376233592224,23.9744950136151,-373.227966170295));
#10250=CARTESIAN_POINT('Origin',(-266.376233592224,23.9744950136151,-373.027966170295));
#10251=CARTESIAN_POINT('Origin',(-264.376233592224,21.9744950136152,-373.427966170295));
#10252=CARTESIAN_POINT('',(-264.376233592224,23.9744950136151,-369.827966170295));
#10253=CARTESIAN_POINT('',(-264.376233592224,23.9744950136151,-373.427966170295));
#10254=CARTESIAN_POINT('',(-264.376233592224,33.6244950136135,-369.827966170295));
#10255=CARTESIAN_POINT('',(-264.376233592224,33.2244950136152,-369.827966170295));
#10256=CARTESIAN_POINT('',(-264.376233592224,33.6244950136135,-373.427966170295));
#10257=CARTESIAN_POINT('Origin',(-266.376233592224,33.6244950136135,-373.427966170295));
#10258=CARTESIAN_POINT('',(-268.376233592224,33.6244950136135,-369.827966170295));
#10259=CARTESIAN_POINT('Origin',(-266.376233592224,33.6244950136135,-369.827966170295));
#10260=CARTESIAN_POINT('',(-268.376233592224,33.6244950136135,-373.427966170295));
#10261=CARTESIAN_POINT('Origin',(-266.376233592224,70.1244950136152,-373.227966170295));
#10262=CARTESIAN_POINT('',(-267.576233592224,70.1244950136152,-373.027966170295));
#10263=CARTESIAN_POINT('Origin',(-266.376233592224,70.1244950136152,-373.027966170295));
#10264=CARTESIAN_POINT('',(-267.776233592224,70.1244950136152,-373.227966170295));
#10265=CARTESIAN_POINT('Origin',(-266.376233592224,70.1244950136152,-373.427966170295));
#10266=CARTESIAN_POINT('',(-267.576233592224,70.1244950136152,-371.427966170295));
#10267=CARTESIAN_POINT('Origin',(-266.376233592224,70.1244950136152,-371.427966170295));
#10268=CARTESIAN_POINT('',(-267.576233592224,70.1244950136152,-373.427966170295));
#10269=CARTESIAN_POINT('Origin',(-266.376233592224,64.9744950136152,-373.227966170295));
#10270=CARTESIAN_POINT('',(-268.376233592224,64.9744950136152,-373.027966170295));
#10271=CARTESIAN_POINT('',(-268.776233592224,64.9744950136152,-373.427966170295));
#10272=CARTESIAN_POINT('',(-264.376233592224,64.9744950136152,-373.027966170295));
#10273=CARTESIAN_POINT('',(-264.376233592224,64.9744950136152,-373.027966170295));
#10274=CARTESIAN_POINT('Origin',(-266.376233592224,64.9744950136152,-373.027966170295));
#10275=CARTESIAN_POINT('Origin',(-264.176233592224,43.0494950136143,-373.227966170296));
#10276=CARTESIAN_POINT('',(-264.376233592224,43.6244950136135,-373.027966170295));
#10277=CARTESIAN_POINT('',(-264.376233592224,43.6244950136135,-373.027966170295));
#10278=CARTESIAN_POINT('',(-264.376233592224,43.0494950136143,-373.027966170295));
#10279=CARTESIAN_POINT('Origin',(-268.576233592224,55.7244950136152,-373.227966170295));
#10280=CARTESIAN_POINT('',(-268.376233592224,43.6244950136135,-373.027966170295));
#10281=CARTESIAN_POINT('',(-268.776233592224,43.6244950136135,-373.427966170295));
#10282=CARTESIAN_POINT('',(-268.376233592224,55.7244950136152,-373.027966170295));
#10283=CARTESIAN_POINT('Origin',(-266.376233592224,43.6244950136135,-373.227966170295));
#10284=CARTESIAN_POINT('Origin',(-266.376233592224,43.6244950136135,-373.027966170295));
#10285=CARTESIAN_POINT('Origin',(-264.376233592224,41.6244950136134,-373.427966170295));
#10286=CARTESIAN_POINT('',(-264.376233592224,43.6244950136135,-369.827966170295));
#10287=CARTESIAN_POINT('',(-264.376233592224,43.6244950136135,-373.427966170295));
#10288=CARTESIAN_POINT('',(-264.376233592224,64.9744950136152,-369.827966170295));
#10289=CARTESIAN_POINT('',(-264.376233592224,43.0494950136143,-369.827966170295));
#10290=CARTESIAN_POINT('',(-264.376233592224,64.9744950136152,-373.427966170295));
#10291=CARTESIAN_POINT('Origin',(-266.376233592224,64.9744950136152,-373.427966170295));
#10292=CARTESIAN_POINT('',(-268.376233592224,64.9744950136152,-369.827966170295));
#10293=CARTESIAN_POINT('Origin',(-266.376233592224,64.9744950136152,-369.827966170295));
#10294=CARTESIAN_POINT('',(-268.376233592224,64.9744950136152,-373.427966170295));
#10295=CARTESIAN_POINT('Origin',(-273.376233592224,90.6744950136152,-373.227966170295));
#10296=CARTESIAN_POINT('',(-274.826233592224,90.6744950136152,-373.027966170295));
#10297=CARTESIAN_POINT('Origin',(-273.376233592224,90.6744950136152,-373.027966170295));
#10298=CARTESIAN_POINT('',(-275.026233592224,90.6744950136152,-373.227966170295));
#10299=CARTESIAN_POINT('Origin',(-273.376233592224,90.6744950136152,-373.427966170295));
#10300=CARTESIAN_POINT('',(-274.826233592224,90.6744950136152,-367.227966170295));
#10301=CARTESIAN_POINT('Origin',(-273.376233592224,90.6744950136152,-367.227966170295));
#10302=CARTESIAN_POINT('',(-274.826233592224,90.6744950136152,-373.427966170295));
#10303=CARTESIAN_POINT('Origin',(-273.376233592224,-1.7255049863848,-373.227966170295));
#10304=CARTESIAN_POINT('',(-274.826233592224,-1.7255049863848,-373.027966170295));
#10305=CARTESIAN_POINT('Origin',(-273.376233592224,-1.7255049863848,-373.027966170295));
#10306=CARTESIAN_POINT('',(-275.026233592224,-1.7255049863848,-373.227966170295));
#10307=CARTESIAN_POINT('Origin',(-273.376233592224,-1.7255049863848,-373.427966170295));
#10308=CARTESIAN_POINT('',(-274.826233592224,-1.72550498638478,-367.227966170295));
#10309=CARTESIAN_POINT('Origin',(-273.376233592224,-1.72550498638478,-367.227966170295));
#10310=CARTESIAN_POINT('',(-274.826233592224,-1.7255049863848,-373.427966170295));
#10311=CARTESIAN_POINT('Origin',(-265.376233592224,17.6712027975899,-373.227966170296));
#10312=CARTESIAN_POINT('',(-262.999340658845,12.162084902386,-373.027966170295));
#10313=CARTESIAN_POINT('',(-263.157800187737,12.5293594287329,-373.427966170295));
#10314=CARTESIAN_POINT('',(-259.376233592224,17.6712027975899,-373.027966170295));
#10315=CARTESIAN_POINT('',(-259.376233592224,17.6712027975899,-373.027966170295));
#10316=CARTESIAN_POINT('Origin',(-265.376233592224,17.6712027975899,-373.027966170295));
#10317=CARTESIAN_POINT('Origin',(-259.576233592224,60.2244950136152,-373.227966170296));
#10318=CARTESIAN_POINT('',(-259.376233592224,71.2777872296408,-373.027966170295));
#10319=CARTESIAN_POINT('',(-259.376233592224,71.2777872296408,-373.027966170295));
#10320=CARTESIAN_POINT('',(-259.376233592224,60.2244950136152,-373.027966170295));
#10321=CARTESIAN_POINT('Origin',(-259.037852436548,2.9802217437129,-373.227966170296));
#10322=CARTESIAN_POINT('',(-268.820238687018,5.05505167568578,-373.027966170295));
#10323=CARTESIAN_POINT('Origin',(-259.037852436548,2.9802217437129,-373.027966170295));
#10324=CARTESIAN_POINT('',(-269.211534137037,5.13804487296475,-373.427966170295));
#10325=CARTESIAN_POINT('Origin',(-265.376233592224,71.2777872296408,-373.227966170296));
#10326=CARTESIAN_POINT('',(-262.999340658845,76.7869051248445,-373.027966170295));
#10327=CARTESIAN_POINT('',(-262.999340658845,76.7869051248445,-373.027966170295));
#10328=CARTESIAN_POINT('Origin',(-265.376233592224,71.2777872296408,-373.027966170295));
#10329=CARTESIAN_POINT('Origin',(-264.155099276809,28.0141361234717,-373.227966170296));
#10330=CARTESIAN_POINT('',(-270.392605785831,-2.35832811563648,-373.027966170295));
#10331=CARTESIAN_POINT('',(-263.959451551799,27.9726395248323,-373.027966170295));
#10332=CARTESIAN_POINT('',(-270.78390123585,-2.27533491835758,-373.427966170295));
#10333=CARTESIAN_POINT('Origin',(-259.037852436547,85.9687682835175,-373.227966170296));
#10334=CARTESIAN_POINT('',(-268.820238687017,83.8939383515447,-373.027966170295));
#10335=CARTESIAN_POINT('',(-268.820238687017,83.8939383515447,-373.027966170295));
#10336=CARTESIAN_POINT('Origin',(-259.037852436547,85.9687682835175,-373.027966170295));
#10337=CARTESIAN_POINT('Origin',(-273.376233592224,-1.7255049863848,-373.227966170295));
#10338=CARTESIAN_POINT('',(-276.359861398617,-1.09268185713312,-373.027966170295));
#10339=CARTESIAN_POINT('',(-275.968565948599,-1.17567505441202,-373.427966170295));
#10340=CARTESIAN_POINT('',(-276.426233592224,-1.7255049863848,-373.027966170295));
#10341=CARTESIAN_POINT('Origin',(-273.376233592224,-1.7255049863848,-373.027966170295));
#10342=CARTESIAN_POINT('Origin',(-273.376233592224,-1.7255049863848,-373.027966170295));
#10343=CARTESIAN_POINT('Origin',(-265.781134047654,68.6012654683845,-373.227966170296));
#10344=CARTESIAN_POINT('',(-270.39260578583,91.3073181428669,-373.027966170295));
#10345=CARTESIAN_POINT('',(-270.39260578583,91.3073181428669,-373.027966170295));
#10346=CARTESIAN_POINT('',(-265.585486322645,68.6427620670239,-373.027966170295));
#10347=CARTESIAN_POINT('Origin',(-271.357094210422,21.5303776200704,-373.227966170295));
#10348=CARTESIAN_POINT('',(-273.811461091283,10.9224889975973,-373.027966170295));
#10349=CARTESIAN_POINT('',(-273.420165641264,10.8394958003184,-373.427966170295));
#10350=CARTESIAN_POINT('',(-271.552741935432,21.5718742187099,-373.027966170295));
#10351=CARTESIAN_POINT('Origin',(-273.376233592224,90.6744950136152,-373.227966170295));
#10352=CARTESIAN_POINT('',(-276.359861398617,90.0416718843636,-373.027966170295));
#10353=CARTESIAN_POINT('',(-276.359861398617,90.0416718843636,-373.027966170295));
#10354=CARTESIAN_POINT('',(-276.426233592224,90.6744950136152,-373.027966170295));
#10355=CARTESIAN_POINT('Origin',(-273.376233592224,90.6744950136152,-373.027966170295));
#10356=CARTESIAN_POINT('Origin',(-273.376233592224,90.6744950136152,-373.027966170295));
#10357=CARTESIAN_POINT('Origin',(-293.376233592224,15.0721488615431,-373.227966170295));
#10358=CARTESIAN_POINT('',(-273.376233592224,15.0721488615431,-373.027966170295));
#10359=CARTESIAN_POINT('',(-272.976233592224,15.0721488615431,-373.427966170295));
#10360=CARTESIAN_POINT('Origin',(-293.376233592224,15.0721488615431,-373.027966170295));
#10361=CARTESIAN_POINT('Origin',(-269.865280307225,60.3850239717858,-373.227966170295));
#10362=CARTESIAN_POINT('',(-273.811461091283,78.0265010296348,-373.027966170295));
#10363=CARTESIAN_POINT('',(-273.811461091283,78.0265010296348,-373.027966170295));
#10364=CARTESIAN_POINT('',(-270.060928032235,60.3435273731464,-373.027966170295));
#10365=CARTESIAN_POINT('Origin',(-273.176233592224,28.7244950136152,-373.227966170295));
#10366=CARTESIAN_POINT('',(-273.376233592224,73.8768411656893,-373.027966170295));
#10367=CARTESIAN_POINT('',(-272.976233592224,73.8768411656893,-373.427966170295));
#10368=CARTESIAN_POINT('',(-273.376233592224,28.7244950136152,-373.027966170295));
#10369=CARTESIAN_POINT('Origin',(-293.376233592224,73.8768411656893,-373.227966170295));
#10370=CARTESIAN_POINT('Origin',(-293.376233592224,73.8768411656893,-373.027966170295));
#10371=CARTESIAN_POINT('Origin',(-273.376233592224,75.9744950136153,-373.427966170295));
#10372=CARTESIAN_POINT('',(-273.811461091283,78.0265010296348,-369.827966170295));
#10373=CARTESIAN_POINT('',(-273.811461091283,78.0265010296348,-373.427966170295));
#10374=CARTESIAN_POINT('',(-275.467925819792,85.8363834372738,-369.827966170295));
#10375=CARTESIAN_POINT('',(-270.060928032235,60.3435273731464,-369.827966170295));
#10376=CARTESIAN_POINT('',(-276.359861398617,90.0416718843635,-367.427966170295));
#10377=CARTESIAN_POINT('Ctrl Pts',(-275.467925819792,85.8363834372738,-369.827966170295));
#10378=CARTESIAN_POINT('Ctrl Pts',(-275.607036967248,86.4922632061098,-369.827966170295));
#10379=CARTESIAN_POINT('Ctrl Pts',(-275.812629718874,87.4615897401559,-369.517082395902));
#10380=CARTESIAN_POINT('Ctrl Pts',(-276.105433472969,88.8420977875891,-368.590895186425));
#10381=CARTESIAN_POINT('Ctrl Pts',(-276.257657177795,89.5598005034185,-367.896324904289));
#10382=CARTESIAN_POINT('Ctrl Pts',(-276.358974918977,90.0374923195177,-367.43203345213));
#10383=CARTESIAN_POINT('Ctrl Pts',(-276.359418004386,90.0395813739268,-367.429999885893));
#10384=CARTESIAN_POINT('Ctrl Pts',(-276.359861398617,90.0416718843635,-367.427966170295));
#10385=CARTESIAN_POINT('',(-276.359861398617,90.0416718843636,-373.427966170295));
#10386=CARTESIAN_POINT('Origin',(-273.376233592224,90.6744950136152,-373.427966170295));
#10387=CARTESIAN_POINT('',(-276.426233592224,90.6744950136152,-366.827966170295));
#10388=CARTESIAN_POINT('',(-276.426233592224,90.6744950136152,-373.427966170295));
#10389=CARTESIAN_POINT('Origin',(-273.376233592224,90.6744950136152,-366.827966170295));
#10390=CARTESIAN_POINT('',(-270.39260578583,91.3073181428669,-367.427966170295));
#10391=CARTESIAN_POINT('Origin',(-273.376233592224,90.6744950136152,-367.427966170295));
#10392=CARTESIAN_POINT('',(-270.39260578583,91.3073181428669,-373.427966170295));
#10393=CARTESIAN_POINT('Origin',(-270.39260578583,91.3073181428669,-373.427966170295));
#10394=CARTESIAN_POINT('',(-269.500670207005,87.1020296957762,-369.827966170295));
#10395=CARTESIAN_POINT('Ctrl Pts',(-270.39260578583,91.3073181428669,-367.427966170295));
#10396=CARTESIAN_POINT('Ctrl Pts',(-270.392162278344,91.3052270984557,-367.430000405338));
#10397=CARTESIAN_POINT('Ctrl Pts',(-270.391719207209,91.3031381113478,-367.432034165024));
#10398=CARTESIAN_POINT('Ctrl Pts',(-270.290359237042,90.8252471944869,-367.896433213559));
#10399=CARTESIAN_POINT('Ctrl Pts',(-270.137884614289,90.1063614534571,-368.590943649275));
#10400=CARTESIAN_POINT('Ctrl Pts',(-269.845503747272,88.7278472295534,-369.517346117136));
#10401=CARTESIAN_POINT('Ctrl Pts',(-269.639781269201,87.7579090626301,-369.827966170296));
#10402=CARTESIAN_POINT('Ctrl Pts',(-269.500670207005,87.1020296957763,-369.827966170295));
#10403=CARTESIAN_POINT('',(-268.820238687017,83.8939383515447,-369.827966170295));
#10404=CARTESIAN_POINT('',(-265.585486322645,68.6427620670239,-369.827966170295));
#10405=CARTESIAN_POINT('',(-268.820238687017,83.8939383515447,-373.427966170295));
#10406=CARTESIAN_POINT('Origin',(-259.037852436547,85.9687682835175,-373.427966170295));
#10407=CARTESIAN_POINT('',(-262.999340658845,76.7869051248445,-369.827966170295));
#10408=CARTESIAN_POINT('Origin',(-259.037852436547,85.9687682835175,-369.827966170295));
#10409=CARTESIAN_POINT('',(-262.999340658845,76.7869051248445,-373.427966170295));
#10410=CARTESIAN_POINT('Origin',(-265.376233592224,71.2777872296408,-373.427966170295));
#10411=CARTESIAN_POINT('',(-259.376233592224,71.2777872296408,-369.827966170295));
#10412=CARTESIAN_POINT('Origin',(-265.376233592224,71.2777872296408,-369.827966170295));
#10413=CARTESIAN_POINT('',(-259.376233592224,71.2777872296408,-373.427966170295));
#10414=CARTESIAN_POINT('Origin',(-259.376233592224,75.9744950136153,-373.427966170295));
#10415=CARTESIAN_POINT('',(-259.376233592224,17.6712027975899,-369.827966170295));
#10416=CARTESIAN_POINT('',(-259.376233592224,60.2244950136152,-369.827966170295));
#10417=CARTESIAN_POINT('',(-259.376233592224,17.6712027975899,-373.427966170295));
#10418=CARTESIAN_POINT('Origin',(-265.376233592224,17.6712027975899,-373.427966170295));
#10419=CARTESIAN_POINT('',(-262.999340658845,12.162084902386,-369.827966170295));
#10420=CARTESIAN_POINT('Origin',(-265.376233592224,17.6712027975899,-369.827966170295));
#10421=CARTESIAN_POINT('',(-262.999340658845,12.162084902386,-373.427966170295));
#10422=CARTESIAN_POINT('Origin',(-293.376233592224,15.0721488615431,-369.827966170295));
#10423=CARTESIAN_POINT('',(-273.376233592224,15.0721488615431,-369.827966170295));
#10424=CARTESIAN_POINT('Origin',(-272.976233592224,15.0721488615431,-369.827966170295));
#10425=CARTESIAN_POINT('',(-273.811461091283,10.9224889975973,-369.827966170295));
#10426=CARTESIAN_POINT('Origin',(-293.376233592224,15.0721488615431,-369.827966170295));
#10427=CARTESIAN_POINT('Origin',(-273.420165641264,10.8394958003184,-369.827966170295));
#10428=CARTESIAN_POINT('Origin',(-271.161446485413,21.488881021431,-369.827966170295));
#10429=CARTESIAN_POINT('',(-275.467925819793,3.11260658995658,-369.827966170295));
#10430=CARTESIAN_POINT('Origin',(-275.076630369774,3.02961339267768,-369.827966170295));
#10431=CARTESIAN_POINT('',(-271.552741935432,21.5718742187099,-369.827966170295));
#10432=CARTESIAN_POINT('Ctrl Pts',(-276.359861398618,-1.09268185713297,
-367.427966170295));
#10433=CARTESIAN_POINT('Ctrl Pts',(-276.359417945208,-1.09059106768271,
-367.430000158482));
#10434=CARTESIAN_POINT('Ctrl Pts',(-276.35897341804,-1.08849521568108,-367.432037964431));
#10435=CARTESIAN_POINT('Ctrl Pts',(-276.207896894074,-0.376201216139232,
-368.125518360089));
#10436=CARTESIAN_POINT('Ctrl Pts',(-276.001694531372,0.595999505858309,
-369.066719853041));
#10437=CARTESIAN_POINT('Ctrl Pts',(-275.675629279052,2.13332851382182,-369.728986551559));
#10438=CARTESIAN_POINT('Ctrl Pts',(-275.534313817677,2.799601158668,-369.830258914738));
#10439=CARTESIAN_POINT('Ctrl Pts',(-275.463194079761,3.13491574787542,-369.827888464413));
#10440=CARTESIAN_POINT('Ctrl Pts',(-276.359861398618,-1.09268185713297,
-367.427966170295));
#10441=CARTESIAN_POINT('Ctrl Pts',(-276.359394580057,-1.0904809059144,-367.429914877715));
#10442=CARTESIAN_POINT('Ctrl Pts',(-276.358929681205,-1.08828900562229,
-367.43178436221));
#10443=CARTESIAN_POINT('Ctrl Pts',(-276.200129859032,-0.339581264390009,
-368.08813730058));
#10444=CARTESIAN_POINT('Ctrl Pts',(-275.984079821869,0.679049947222538,
-368.971609860529));
#10445=CARTESIAN_POINT('Ctrl Pts',(-275.664371364339,2.18640952361387,-369.55211242577));
#10446=CARTESIAN_POINT('Ctrl Pts',(-275.53002965236,2.81980299128912,-369.628430057187));
#10447=CARTESIAN_POINT('Ctrl Pts',(-275.463498405444,3.13348409673441,-369.617388178702));
#10448=CARTESIAN_POINT('Ctrl Pts',(-276.359861398618,-1.09268185713297,
-367.427966170295));
#10449=CARTESIAN_POINT('Ctrl Pts',(-276.359397936429,-1.09049673050215,
-367.429815260859));
#10450=CARTESIAN_POINT('Ctrl Pts',(-276.358855403514,-1.08796553932192,
-367.431543528509));
#10451=CARTESIAN_POINT('Ctrl Pts',(-276.192806589558,-0.310003343244868,
-368.050794947736));
#10452=CARTESIAN_POINT('Ctrl Pts',(-275.919582750791,0.751113524308455,
-368.874562665329));
#10453=CARTESIAN_POINT('Ctrl Pts',(-275.516999661115,2.20637466854612,-369.383496052577));
#10454=CARTESIAN_POINT('Ctrl Pts',(-275.354949658634,2.80030862327696,-369.442017294889));
#10455=CARTESIAN_POINT('Ctrl Pts',(-275.275363275587,3.0923268372783,-369.426105521012));
#10456=CARTESIAN_POINT('Ctrl Pts',(-276.359861398618,-1.09268185713297,
-367.427966170295));
#10457=CARTESIAN_POINT('Ctrl Pts',(-276.359350686929,-1.09027395905902,
-367.429660101758));
#10458=CARTESIAN_POINT('Ctrl Pts',(-276.358838506651,-1.08786982496354,
-367.431358064026));
#10459=CARTESIAN_POINT('Ctrl Pts',(-276.184331488125,-0.264422273388265,
-368.008974074305));
#10460=CARTESIAN_POINT('Ctrl Pts',(-275.811450311032,0.784183868877522,
-368.793037043264));
#10461=CARTESIAN_POINT('Ctrl Pts',(-275.339616790698,2.17479712217374,-369.345219069853));
#10462=CARTESIAN_POINT('Ctrl Pts',(-275.156749567073,2.75928317998094,-369.429789748917));
#10463=CARTESIAN_POINT('Ctrl Pts',(-275.069410425789,3.04857004709026,-369.427909833786));
#10464=CARTESIAN_POINT('',(-276.359861398617,-1.09268185713304,-367.427966170295));
#10465=CARTESIAN_POINT('Ctrl Pts',(-276.359861398618,-1.09268185713297,
-367.427966170295));
#10466=CARTESIAN_POINT('Ctrl Pts',(-276.359417945088,-1.09059106711651,
-367.430000158044));
#10467=CARTESIAN_POINT('Ctrl Pts',(-276.358973417815,-1.08849521462122,
-367.432037963128));
#10468=CARTESIAN_POINT('Ctrl Pts',(-276.207896854154,-0.376201027923613,
-368.125518167961));
#10469=CARTESIAN_POINT('Ctrl Pts',(-276.001694440837,0.595999932712826,
-369.066719364204));
#10470=CARTESIAN_POINT('Ctrl Pts',(-275.677101451444,2.12638753098369,-369.725995417232));
#10471=CARTESIAN_POINT('Ctrl Pts',(-275.537481371194,2.78466681080596,-369.827966170295));
#10472=CARTESIAN_POINT('Ctrl Pts',(-275.467925819793,3.11260658995661,-369.827966170295));
#10473=CARTESIAN_POINT('Ctrl Pts',(-275.076630369774,3.02961339267768,-369.427966170295));
#10474=CARTESIAN_POINT('Ctrl Pts',(-275.098507556403,2.95722086004378,-369.427966170295));
#10475=CARTESIAN_POINT('Ctrl Pts',(-275.120725922733,2.88442366434515,-369.425190365014));
#10476=CARTESIAN_POINT('Ctrl Pts',(-275.143204701175,2.81146146092104,-369.419750591147));
#10477=CARTESIAN_POINT('Ctrl Pts',(-275.165578509367,2.73883997266566,-369.414336219658));
#10478=CARTESIAN_POINT('Ctrl Pts',(-275.188210254988,2.66605545879616,-369.406282993656));
#10479=CARTESIAN_POINT('Ctrl Pts',(-275.211040195032,2.59331606251041,-369.395739234766));
#10480=CARTESIAN_POINT('Ctrl Pts',(-275.233758282354,2.52093304471482,-369.385247133836));
#10481=CARTESIAN_POINT('Ctrl Pts',(-275.256672680394,2.44859509214423,-369.372289175932));
#10482=CARTESIAN_POINT('Ctrl Pts',(-275.279744229081,2.37647312129279,-369.357044608694));
#10483=CARTESIAN_POINT('Ctrl Pts',(-275.301305176127,2.30907331144339,-369.342798174204));
#10484=CARTESIAN_POINT('Ctrl Pts',(-275.323003648681,2.24186204438772,-369.326555285389));
#10485=CARTESIAN_POINT('Ctrl Pts',(-275.3448221845,2.17494738220941,-369.308484572772));
#10486=CARTESIAN_POINT('Ctrl Pts',(-275.371831981219,2.09211178600536,-369.286114314824));
#10487=CARTESIAN_POINT('Ctrl Pts',(-275.398974171785,2.00970278900262,-369.26092866311));
#10488=CARTESIAN_POINT('Ctrl Pts',(-275.426203850527,1.92774558858231,-369.233198376345));
#10489=CARTESIAN_POINT('Ctrl Pts',(-275.453633218382,1.84518735423709,-369.205264729253));
#10490=CARTESIAN_POINT('Ctrl Pts',(-275.481151502383,1.76308747058272,-369.174749156744));
#10491=CARTESIAN_POINT('Ctrl Pts',(-275.508722135555,1.68142071865677,-369.141916617765));
#10492=CARTESIAN_POINT('Ctrl Pts',(-275.536511502555,1.5991060570076,-369.108823599205));
#10493=CARTESIAN_POINT('Ctrl Pts',(-275.564354290002,1.51723138720756,-369.073376811338));
#10494=CARTESIAN_POINT('Ctrl Pts',(-275.592219668299,1.43572031953978,-369.03583354072));
#10495=CARTESIAN_POINT('Ctrl Pts',(-275.602948378744,1.40433697947557,-369.021378654254));
#10496=CARTESIAN_POINT('Ctrl Pts',(-275.613680487493,1.37300701359987,-369.006612830664));
#10497=CARTESIAN_POINT('Ctrl Pts',(-275.624414359695,1.34172409698704,-368.991550166271));
#10498=CARTESIAN_POINT('Ctrl Pts',(-275.649166583103,1.26958594159266,-368.956815782707));
#10499=CARTESIAN_POINT('Ctrl Pts',(-275.674156897513,1.19754324048857,-368.920513183817));
#10500=CARTESIAN_POINT('Ctrl Pts',(-275.699160311614,1.12562821356369,-368.882818603204));
#10501=CARTESIAN_POINT('Ctrl Pts',(-275.724805827047,1.05186636946242,-368.84415600517));
#10502=CARTESIAN_POINT('Ctrl Pts',(-275.750465314986,0.978238897565507,
-368.804029068584));
#10503=CARTESIAN_POINT('Ctrl Pts',(-275.775948046113,0.904764019064586,
-368.762619493196));
#10504=CARTESIAN_POINT('Ctrl Pts',(-275.802236022959,0.828967359153522,
-368.719901389176));
#10505=CARTESIAN_POINT('Ctrl Pts',(-275.828336166308,0.753333213498632,
-368.675818351679));
#10506=CARTESIAN_POINT('Ctrl Pts',(-275.854090288835,0.677862756067404,
-368.630560145004));
#10507=CARTESIAN_POINT('Ctrl Pts',(-275.88146279816,0.597649741718439,-368.582457916595));
#10508=CARTESIAN_POINT('Ctrl Pts',(-275.90844464841,0.51762191753104,-368.533028272015));
#10509=CARTESIAN_POINT('Ctrl Pts',(-275.934899426328,0.437756355636948,
-368.482487077354));
#10510=CARTESIAN_POINT('Ctrl Pts',(-275.962675346749,0.353902335076665,
-368.429421872831));
#10511=CARTESIAN_POINT('Ctrl Pts',(-275.989870829836,0.27022743189997,-368.375131366571));
#10512=CARTESIAN_POINT('Ctrl Pts',(-276.016378700237,0.186674857520241,
-368.319851580752));
#10513=CARTESIAN_POINT('Ctrl Pts',(-276.044542084677,0.0979041174488699,
-368.261119368913));
#10514=CARTESIAN_POINT('Ctrl Pts',(-276.071930150228,0.00927169384340203,
-368.201270481867));
#10515=CARTESIAN_POINT('Ctrl Pts',(-276.098458797829,-0.0793279069532086,
-368.1405720959));
#10516=CARTESIAN_POINT('Ctrl Pts',(-276.12849396986,-0.17963849540843,-368.071850670973));
#10517=CARTESIAN_POINT('Ctrl Pts',(-276.157428788209,-0.279906536120636,
-368.002040498844));
#10518=CARTESIAN_POINT('Ctrl Pts',(-276.185179640979,-0.380338640052006,
-367.931507599405));
#10519=CARTESIAN_POINT('Ctrl Pts',(-276.215407438791,-0.489734965876222,
-367.854679177553));
#10520=CARTESIAN_POINT('Ctrl Pts',(-276.244233018589,-0.599326701384142,
-367.776993113823));
#10521=CARTESIAN_POINT('Ctrl Pts',(-276.271559065175,-0.709439157937246,
-367.698897958394));
#10522=CARTESIAN_POINT('Ctrl Pts',(-276.300157942103,-0.824680584584972,
-367.617165178946));
#10523=CARTESIAN_POINT('Ctrl Pts',(-276.327116909064,-0.940494953340596,
-367.534983777421));
#10524=CARTESIAN_POINT('Ctrl Pts',(-276.352293525568,-1.05728986195603,
-367.452847776921));
#10525=CARTESIAN_POINT('Ctrl Pts',(-276.354316490815,-1.0666744447129,-367.446248070623));
#10526=CARTESIAN_POINT('Ctrl Pts',(-276.356327921719,-1.07606536215469,
-367.439648649868));
#10527=CARTESIAN_POINT('Ctrl Pts',(-276.358327729497,-1.08546282600673,
-367.433049767366));
#10528=CARTESIAN_POINT('Ctrl Pts',(-276.358840021712,-1.08787018116823,
-367.431359326828));
#10529=CARTESIAN_POINT('Ctrl Pts',(-276.3593510087,-1.09027547614166,-367.429661160114));
#10530=CARTESIAN_POINT('Ctrl Pts',(-276.359861398617,-1.09268185713299,
-367.427966170295));
#10531=CARTESIAN_POINT('Origin',(-272.976233592224,28.7244950136152,-369.827966170295));
#10532=CARTESIAN_POINT('',(-273.376233592224,73.8768411656893,-369.827966170295));
#10533=CARTESIAN_POINT('Origin',(-272.976233592224,73.8768411656893,-369.827966170295));
#10534=CARTESIAN_POINT('',(-273.376233592224,28.7244950136152,-369.827966170295));
#10535=CARTESIAN_POINT('Origin',(-293.376233592224,73.8768411656893,-369.827966170295));
#10536=CARTESIAN_POINT('Origin',(-273.420165641264,78.1094942269137,-369.827966170295));
#10537=CARTESIAN_POINT('Origin',(-293.376233592224,73.8768411656893,-369.827966170295));
#10538=CARTESIAN_POINT('Origin',(-269.669632582216,60.4265205704253,-369.827966170295));
#10539=CARTESIAN_POINT('Origin',(-275.076630369773,85.9193766345527,-369.827966170295));
#10540=CARTESIAN_POINT('Ctrl Pts',(-275.467925819792,85.8363834372738,-369.827966170295));
#10541=CARTESIAN_POINT('Ctrl Pts',(-275.607036967248,86.4922632061098,-369.827966170295));
#10542=CARTESIAN_POINT('Ctrl Pts',(-275.812629718874,87.4615897401559,-369.517082395902));
#10543=CARTESIAN_POINT('Ctrl Pts',(-276.105433472969,88.8420977875891,-368.590895186425));
#10544=CARTESIAN_POINT('Ctrl Pts',(-276.257657177795,89.5598005034185,-367.896324904289));
#10545=CARTESIAN_POINT('Ctrl Pts',(-276.358974918977,90.0374923195177,-367.43203345213));
#10546=CARTESIAN_POINT('Ctrl Pts',(-276.359418004386,90.0395813739268,-367.429999885893));
#10547=CARTESIAN_POINT('Ctrl Pts',(-276.359861398617,90.0416718843635,-367.427966170295));
#10548=CARTESIAN_POINT('Ctrl Pts',(-275.467925819792,85.8363834372738,-369.723246415176));
#10549=CARTESIAN_POINT('Ctrl Pts',(-275.602365085968,86.4715435330702,-369.731647491391));
#10550=CARTESIAN_POINT('Ctrl Pts',(-275.804562601653,87.4248612976604,-369.445343163931));
#10551=CARTESIAN_POINT('Ctrl Pts',(-276.098734160145,88.8125183515602,-368.558152459057));
#10552=CARTESIAN_POINT('Ctrl Pts',(-276.255021900969,89.5477206908318,-367.883325802445));
#10553=CARTESIAN_POINT('Ctrl Pts',(-276.358952811979,90.0373870446122,-367.43192043845));
#10554=CARTESIAN_POINT('Ctrl Pts',(-276.359406849814,90.039528782469,-367.429943393794));
#10555=CARTESIAN_POINT('Ctrl Pts',(-276.359861398617,90.0416718843635,-367.427966170295));
#10556=CARTESIAN_POINT('Ctrl Pts',(-275.382981425006,85.8544000201754,-369.514800192805));
#10557=CARTESIAN_POINT('Ctrl Pts',(-275.523231891164,86.4452871678961,-369.539247653113));
#10558=CARTESIAN_POINT('Ctrl Pts',(-275.743079494907,87.3611771383742,-369.301610687711));
#10559=CARTESIAN_POINT('Ctrl Pts',(-276.075380735608,88.7554528204249,-368.49224836057));
#10560=CARTESIAN_POINT('Ctrl Pts',(-276.249935039605,89.5235229238375,-367.857258283956));
#10561=CARTESIAN_POINT('Ctrl Pts',(-276.358907721778,90.0371766781554,-367.431694621082));
#10562=CARTESIAN_POINT('Ctrl Pts',(-276.359384540671,90.0394235995535,-367.429830409594));
#10563=CARTESIAN_POINT('Ctrl Pts',(-276.359861398617,90.0416718843635,-367.427966170295));
#10564=CARTESIAN_POINT('Ctrl Pts',(-275.179071279037,85.8976490663136,-369.427966170295));
#10565=CARTESIAN_POINT('Ctrl Pts',(-275.342060784068,86.4655145101082,-369.441329555115));
#10566=CARTESIAN_POINT('Ctrl Pts',(-275.607088460471,87.3393942145817,-369.201041738305));
#10567=CARTESIAN_POINT('Ctrl Pts',(-276.02833372267,88.7065041773309,-368.428607132126));
#10568=CARTESIAN_POINT('Ctrl Pts',(-276.244624122265,89.4992383626313,-367.831351051577));
#10569=CARTESIAN_POINT('Ctrl Pts',(-276.358862671244,90.0369667131738,-367.43146832024));
#10570=CARTESIAN_POINT('Ctrl Pts',(-276.359362231527,90.0393184166378,-367.429717425395));
#10571=CARTESIAN_POINT('Ctrl Pts',(-276.359861398617,90.0416718843635,-367.427966170295));
#10572=CARTESIAN_POINT('Ctrl Pts',(-275.076630369773,85.9193766345527,-369.427966170295));
#10573=CARTESIAN_POINT('Ctrl Pts',(-275.247770760524,86.485687400749,-369.427966170295));
#10574=CARTESIAN_POINT('Ctrl Pts',(-275.530267744682,87.3419439813013,-369.168896358299));
#10575=CARTESIAN_POINT('Ctrl Pts',(-275.99890119069,88.6850322335642,-368.397073683735));
#10576=CARTESIAN_POINT('Ctrl Pts',(-276.241986390112,89.4870198187814,-367.818265115284));
#10577=CARTESIAN_POINT('Ctrl Pts',(-276.358839932526,90.0368619972105,-367.431355571824));
#10578=CARTESIAN_POINT('Ctrl Pts',(-276.359351076955,90.03926582518,-367.429660933295));
#10579=CARTESIAN_POINT('Ctrl Pts',(-276.359861398617,90.0416718843635,-367.427966170295));
#10580=CARTESIAN_POINT('Ctrl Pts',(-276.359861398617,90.0416718843635,-367.427966170295));
#10581=CARTESIAN_POINT('Ctrl Pts',(-276.359351076955,90.03926582518,-367.429660933295));
#10582=CARTESIAN_POINT('Ctrl Pts',(-276.358839932526,90.0368619972105,-367.431355571824));
#10583=CARTESIAN_POINT('Ctrl Pts',(-276.241986390112,89.4870198187814,-367.818265115284));
#10584=CARTESIAN_POINT('Ctrl Pts',(-275.99890119069,88.6850322335642,-368.397073683735));
#10585=CARTESIAN_POINT('Ctrl Pts',(-275.530267744682,87.3419439813013,-369.168896358299));
#10586=CARTESIAN_POINT('Ctrl Pts',(-275.247770760524,86.485687400749,-369.427966170295));
#10587=CARTESIAN_POINT('Ctrl Pts',(-275.076630369773,85.9193766345527,-369.427966170295));
#10588=CARTESIAN_POINT('Origin',(-273.376233592224,90.6744950136152,-367.427966170295));
#10589=CARTESIAN_POINT('Ctrl Pts',(-269.891965657024,87.0190364984977,-369.427966170295));
#10590=CARTESIAN_POINT('Ctrl Pts',(-269.902532848144,87.1034563697152,-369.427966170295));
#10591=CARTESIAN_POINT('Ctrl Pts',(-269.912849902236,87.1883153844526,-369.424455520095));
#10592=CARTESIAN_POINT('Ctrl Pts',(-269.922910093765,87.2733667047117,-369.417634174737));
#10593=CARTESIAN_POINT('Ctrl Pts',(-269.932989668991,87.3585818994859,-369.410799686202));
#10594=CARTESIAN_POINT('Ctrl Pts',(-269.942811492997,87.4439900065289,-369.400642104289));
#10595=CARTESIAN_POINT('Ctrl Pts',(-269.952375055131,87.5293910605299,-369.387381856327));
#10596=CARTESIAN_POINT('Ctrl Pts',(-269.961942376109,87.6148256804016,-369.374116396582));
#10597=CARTESIAN_POINT('Ctrl Pts',(-269.971251257612,87.7002531518081,-369.357746169095));
#10598=CARTESIAN_POINT('Ctrl Pts',(-269.980306467622,87.7855232341916,-369.338505834532));
#10599=CARTESIAN_POINT('Ctrl Pts',(-269.989352074285,87.8707028848537,-369.319285904976));
#10600=CARTESIAN_POINT('Ctrl Pts',(-269.998144483635,87.9557254342516,-369.297202251005));
#10601=CARTESIAN_POINT('Ctrl Pts',(-270.006693989883,88.040491963534,-369.272497958151));
#10602=CARTESIAN_POINT('Ctrl Pts',(-270.015233043518,88.1251548573994,-369.247823868725));
#10603=CARTESIAN_POINT('Ctrl Pts',(-270.023529625166,88.2095623465193,-369.220535800628));
#10604=CARTESIAN_POINT('Ctrl Pts',(-270.031601207969,88.2936670440819,-369.190880952213));
#10605=CARTESIAN_POINT('Ctrl Pts',(-270.039650008721,88.3775343560357,-369.161309804643));
#10606=CARTESIAN_POINT('Ctrl Pts',(-270.04747481537,88.4611006278461,-369.129385433772));
#10607=CARTESIAN_POINT('Ctrl Pts',(-270.055103314979,88.5443695164795,-369.095354403785));
#10608=CARTESIAN_POINT('Ctrl Pts',(-270.062377344743,88.6237691894585,-369.062904677405));
#10609=CARTESIAN_POINT('Ctrl Pts',(-270.069472671541,88.7028988795942,-369.0285396635));
#10610=CARTESIAN_POINT('Ctrl Pts',(-270.076426093304,88.7818040060683,-368.992471893196));
#10611=CARTESIAN_POINT('Ctrl Pts',(-270.084116636,88.8690737366645,-368.952580637225));
#10612=CARTESIAN_POINT('Ctrl Pts',(-270.091660242717,88.9559162674434,-368.910651791667));
#10613=CARTESIAN_POINT('Ctrl Pts',(-270.099189864685,89.0423582195609,-368.866946976733));
#10614=CARTESIAN_POINT('Ctrl Pts',(-270.106872963576,89.1305621253064,-368.822351322855));
#10615=CARTESIAN_POINT('Ctrl Pts',(-270.114540993304,89.2183491179698,-368.775906559367));
#10616=CARTESIAN_POINT('Ctrl Pts',(-270.122327952437,89.3057969395524,-368.727868020047));
#10617=CARTESIAN_POINT('Ctrl Pts',(-270.130320475231,89.3955532482008,-368.678561337682));
#10618=CARTESIAN_POINT('Ctrl Pts',(-270.138437574141,89.4849523948071,-368.627575575592));
#10619=CARTESIAN_POINT('Ctrl Pts',(-270.146825970984,89.5741277032815,-368.575163582965));
#10620=CARTESIAN_POINT('Ctrl Pts',(-270.148734402361,89.5944158417593,-368.563239410428));
#10621=CARTESIAN_POINT('Ctrl Pts',(-270.150656909934,89.6146925852285,-368.551241325372));
#10622=CARTESIAN_POINT('Ctrl Pts',(-270.1525952983,89.6349598325808,-368.539172149083));
#10623=CARTESIAN_POINT('Ctrl Pts',(-270.160243599011,89.7149283286005,-368.491550789394));
#10624=CARTESIAN_POINT('Ctrl Pts',(-270.168088403804,89.7948294565812,-368.442863230855));
#10625=CARTESIAN_POINT('Ctrl Pts',(-270.176311476506,89.8745949675769,-368.393286760254));
#10626=CARTESIAN_POINT('Ctrl Pts',(-270.184879665639,89.9577081795397,-368.341629600939));
#10627=CARTESIAN_POINT('Ctrl Pts',(-270.193858219018,90.0406742386937,-368.289007317889));
#10628=CARTESIAN_POINT('Ctrl Pts',(-270.20340673952,90.1234496892947,-368.235606326834));
#10629=CARTESIAN_POINT('Ctrl Pts',(-270.213435131957,90.2103851158472,-368.179521607247));
#10630=CARTESIAN_POINT('Ctrl Pts',(-270.224091831555,90.2971104152597,-368.122577877433));
#10631=CARTESIAN_POINT('Ctrl Pts',(-270.235517558803,90.3836101995958,-368.064976533337));
#10632=CARTESIAN_POINT('Ctrl Pts',(-270.248049289186,90.4784831080725,-368.001799415745));
#10633=CARTESIAN_POINT('Ctrl Pts',(-270.261505896989,90.5730847745866,-367.937831152728));
#10634=CARTESIAN_POINT('Ctrl Pts',(-270.276025962983,90.6674350814661,-367.873321150076));
#10635=CARTESIAN_POINT('Ctrl Pts',(-270.292382599558,90.7737192871269,-367.800651599591));
#10636=CARTESIAN_POINT('Ctrl Pts',(-270.310088580912,90.8796848500545,-367.727294384141));
#10637=CARTESIAN_POINT('Ctrl Pts',(-270.32928822168,90.9854066214818,-367.653588150547));
#10638=CARTESIAN_POINT('Ctrl Pts',(-270.348375357509,91.0905088906167,-367.580313816457));
#10639=CARTESIAN_POINT('Ctrl Pts',(-270.368938028454,91.1953716695703,-367.506693871048));
#10640=CARTESIAN_POINT('Ctrl Pts',(-270.391076549748,91.3000962251657,-367.433051928835));
#10641=CARTESIAN_POINT('Ctrl Pts',(-270.391586337092,91.3025077346068,-367.431356163807));
#10642=CARTESIAN_POINT('Ctrl Pts',(-270.392095333819,91.3049114691124,-367.429661366163));
#10643=CARTESIAN_POINT('Ctrl Pts',(-270.392605785831,91.3073181428668,-367.427966170295));
#10644=CARTESIAN_POINT('Origin',(-293.376233592224,73.8768411656893,-373.427966170295));
#10645=CARTESIAN_POINT('',(-273.376233592224,73.8768411656893,-373.427966170295));
#10646=CARTESIAN_POINT('Origin',(-273.376233592224,12.9744950136152,-373.427966170295));
#10647=CARTESIAN_POINT('',(-273.376233592224,15.0721488615431,-373.427966170295));
#10648=CARTESIAN_POINT('Origin',(-293.376233592224,15.0721488615431,-373.427966170295));
#10649=CARTESIAN_POINT('',(-273.811461091283,10.9224889975973,-373.427966170295));
#10650=CARTESIAN_POINT('Origin',(-263.976233592224,43.0494950136143,-369.827966170295));
#10651=CARTESIAN_POINT('Origin',(-263.976233592224,43.6244950136135,-369.827966170295));
#10652=CARTESIAN_POINT('Origin',(-263.976233592224,64.9744950136152,-369.827966170295));
#10653=CARTESIAN_POINT('Origin',(-266.376233592224,64.9744950136152,-369.827966170295));
#10654=CARTESIAN_POINT('Origin',(-268.776233592224,64.9744950136152,-369.827966170295));
#10655=CARTESIAN_POINT('Origin',(-268.776233592224,55.7244950136152,-369.827966170295));
#10656=CARTESIAN_POINT('',(-268.376233592224,43.6244950136135,-369.827966170295));
#10657=CARTESIAN_POINT('Origin',(-268.776233592224,43.6244950136135,-369.827966170295));
#10658=CARTESIAN_POINT('',(-268.376233592224,55.7244950136152,-369.827966170295));
#10659=CARTESIAN_POINT('Origin',(-266.376233592224,43.6244950136135,-369.827966170295));
#10660=CARTESIAN_POINT('Origin',(-266.376233592224,43.6244950136135,-369.827966170295));
#10661=CARTESIAN_POINT('Origin',(-267.868047495421,44.4744950136152,-369.427966170295));
#10662=CARTESIAN_POINT('Origin',(-266.376233592224,23.9744950136151,-369.827966170295));
#10663=CARTESIAN_POINT('Origin',(-263.976233592224,23.9744950136151,-369.827966170295));
#10664=CARTESIAN_POINT('',(-268.376233592224,23.9744950136151,-369.827966170295));
#10665=CARTESIAN_POINT('Origin',(-266.376233592224,23.9744950136151,-369.827966170295));
#10666=CARTESIAN_POINT('Origin',(-268.776233592224,23.9744950136151,-369.827966170295));
#10667=CARTESIAN_POINT('Origin',(-268.776233592224,40.0494950136143,-369.827966170295));
#10668=CARTESIAN_POINT('Origin',(-268.776233592224,33.6244950136135,-369.827966170295));
#10669=CARTESIAN_POINT('',(-268.376233592224,40.0494950136143,-369.827966170295));
#10670=CARTESIAN_POINT('Origin',(-266.376233592224,33.6244950136135,-369.827966170295));
#10671=CARTESIAN_POINT('Origin',(-263.976233592224,33.6244950136135,-369.827966170295));
#10672=CARTESIAN_POINT('Origin',(-263.976233592224,33.2244950136152,-369.827966170295));
#10673=CARTESIAN_POINT('Origin',(-266.376233592224,23.9744950136151,-373.427966170295));
#10674=CARTESIAN_POINT('',(-268.376233592224,23.9744950136151,-373.427966170295));
#10675=CARTESIAN_POINT('Ctrl Pts',(-270.39260578583,91.3073181428669,-367.427966170295));
#10676=CARTESIAN_POINT('Ctrl Pts',(-270.392162278463,91.3052270990166,-367.430000405915));
#10677=CARTESIAN_POINT('Ctrl Pts',(-270.391719207439,91.3031381124331,-367.432034166217));
#10678=CARTESIAN_POINT('Ctrl Pts',(-270.290359264122,90.8252473221649,-367.896433347753));
#10679=CARTESIAN_POINT('Ctrl Pts',(-270.137884680313,90.1063617647441,-368.590943990673));
#10680=CARTESIAN_POINT('Ctrl Pts',(-269.81621427194,88.5897535205864,-369.610150240682));
#10681=CARTESIAN_POINT('Ctrl Pts',(-269.570241958699,87.4300458558877,-369.924853841132));
#10682=CARTESIAN_POINT('Ctrl Pts',(-269.395964544077,86.6083645420177,-369.787462172945));
#10683=CARTESIAN_POINT('Ctrl Pts',(-270.39260578583,91.3073181428669,-367.427966170295));
#10684=CARTESIAN_POINT('Ctrl Pts',(-270.392138039902,91.3051128193069,-367.429882752595));
#10685=CARTESIAN_POINT('Ctrl Pts',(-270.391672306411,91.3029169838901,-367.431791142028));
#10686=CARTESIAN_POINT('Ctrl Pts',(-270.284841861414,90.7992339509742,-367.869092334417));
#10687=CARTESIAN_POINT('Ctrl Pts',(-270.124432838912,90.0429395679563,-368.521386865507));
#10688=CARTESIAN_POINT('Ctrl Pts',(-269.799229732016,88.5096769206464,-369.449425754525));
#10689=CARTESIAN_POINT('Ctrl Pts',(-269.563308290692,87.3973582068031,-369.703291145085));
#10690=CARTESIAN_POINT('Ctrl Pts',(-269.404064108884,86.6465561182864,-369.554219686906));
#10691=CARTESIAN_POINT('Ctrl Pts',(-270.39260578583,91.3073181428669,-367.427966170295));
#10692=CARTESIAN_POINT('Ctrl Pts',(-270.392117160015,91.3050143750333,-367.42976536776));
#10693=CARTESIAN_POINT('Ctrl Pts',(-270.391617189042,91.3026789780836,-367.431547649578));
#10694=CARTESIAN_POINT('Ctrl Pts',(-270.281239505526,90.7758835649603,-367.841953919606));
#10695=CARTESIAN_POINT('Ctrl Pts',(-270.136107156959,89.9748267806683,-368.451365095537));
#10696=CARTESIAN_POINT('Ctrl Pts',(-269.902673083254,88.4077074503168,-369.292016478417));
#10697=CARTESIAN_POINT('Ctrl Pts',(-269.752213327867,87.3297275708833,-369.497884369181));
#10698=CARTESIAN_POINT('Ctrl Pts',(-269.648777753565,86.6287171704076,-369.349196899063));
#10699=CARTESIAN_POINT('Ctrl Pts',(-270.39260578583,91.3073181428669,-367.427966170295));
#10700=CARTESIAN_POINT('Ctrl Pts',(-270.39209067061,91.3048894830689,-367.429638926878));
#10701=CARTESIAN_POINT('Ctrl Pts',(-270.391580274288,91.302470057198,-367.431314510541));
#10702=CARTESIAN_POINT('Ctrl Pts',(-270.273713385554,90.7471461853885,-367.813257463616));
#10703=CARTESIAN_POINT('Ctrl Pts',(-270.178673093361,89.9079817454717,-368.38529946975));
#10704=CARTESIAN_POINT('Ctrl Pts',(-270.072997360441,88.3513190867494,-369.235298982259));
#10705=CARTESIAN_POINT('Ctrl Pts',(-269.974152412757,87.2991574365028,-369.508321918502));
#10706=CARTESIAN_POINT('Ctrl Pts',(-269.874457036939,86.5707513918855,-369.400727023668));
#10707=CARTESIAN_POINT('Origin',(-269.891965657024,87.0190364984973,-369.827966170295));
#10708=CARTESIAN_POINT('Origin',(-265.976781772664,68.559768869745,-369.827966170295));
#10709=CARTESIAN_POINT('Origin',(-269.211534137036,83.8109451542658,-369.827966170295));
#10710=CARTESIAN_POINT('Origin',(-259.037852436547,85.9687682835175,-369.827966170295));
#10711=CARTESIAN_POINT('Origin',(-263.157800187737,76.4196305984976,-369.827966170295));
#10712=CARTESIAN_POINT('Origin',(-265.376233592224,71.2777872296408,-369.827966170295));
#10713=CARTESIAN_POINT('Origin',(-259.776233592224,71.2777872296408,-369.827966170295));
#10714=CARTESIAN_POINT('Origin',(-259.776233592224,60.2244950136152,-369.827966170295));
#10715=CARTESIAN_POINT('Origin',(-259.776233592224,17.6712027975899,-369.827966170295));
#10716=CARTESIAN_POINT('Origin',(-265.376233592224,17.6712027975899,-369.827966170295));
#10717=CARTESIAN_POINT('Origin',(-263.157800187737,12.5293594287329,-369.827966170295));
#10718=CARTESIAN_POINT('Origin',(-259.037852436548,2.98022174371291,-369.827966170295));
#10719=CARTESIAN_POINT('',(-268.820238687018,5.0550516756858,-369.827966170295));
#10720=CARTESIAN_POINT('Origin',(-269.211534137037,5.13804487296477,-369.827966170295));
#10721=CARTESIAN_POINT('Origin',(-259.037852436548,2.98022174371291,-369.827966170295));
#10722=CARTESIAN_POINT('Origin',(-264.350747001818,28.0556327221112,-369.827966170295));
#10723=CARTESIAN_POINT('',(-269.500670207006,1.84696033145344,-369.827966170295));
#10724=CARTESIAN_POINT('Origin',(-269.891965657025,1.92995352873234,-369.827966170295));
#10725=CARTESIAN_POINT('',(-263.959451551799,27.9726395248323,-369.827966170295));
#10726=CARTESIAN_POINT('Ctrl Pts',(-269.500225522995,1.84905692293018,-369.82796545851));
#10727=CARTESIAN_POINT('Ctrl Pts',(-269.569926547667,1.52043126793866,-369.828188617149));
#10728=CARTESIAN_POINT('Ctrl Pts',(-269.710473728081,0.857780906074039,
-369.723780288645));
#10729=CARTESIAN_POINT('Ctrl Pts',(-269.903889086787,-0.054131784441376,
-369.33240184042));
#10730=CARTESIAN_POINT('Ctrl Pts',(-270.051203276422,-0.748687169911111,
-368.868367846316));
#10731=CARTESIAN_POINT('Ctrl Pts',(-270.160039590291,-1.26182747309641,
-368.452312756574));
#10732=CARTESIAN_POINT('Ctrl Pts',(-270.238895099457,-1.63361459489986,
-368.122362713649));
#10733=CARTESIAN_POINT('Ctrl Pts',(-270.315635481087,-1.99542933573284,
-367.780925816353));
#10734=CARTESIAN_POINT('Ctrl Pts',(-270.366083535816,-2.23328129137569,
-367.549618022807));
#10735=CARTESIAN_POINT('Ctrl Pts',(-270.391718756016,-2.35414595683293,
-367.432034674908));
#10736=CARTESIAN_POINT('Ctrl Pts',(-270.392162278332,-2.35623707116346,
-367.430000405242));
#10737=CARTESIAN_POINT('Ctrl Pts',(-270.392605785831,-2.35832811563643,
-367.427966170295));
#10738=CARTESIAN_POINT('Ctrl Pts',(-269.500238765939,1.84899029794227,-369.723218878047));
#10739=CARTESIAN_POINT('Ctrl Pts',(-269.567863256201,1.53081272532688,-369.727642072567));
#10740=CARTESIAN_POINT('Ctrl Pts',(-269.704972915531,0.884444026718321,
-369.63606771204));
#10741=CARTESIAN_POINT('Ctrl Pts',(-269.896605802771,-0.0186658245028296,
-369.2684786261));
#10742=CARTESIAN_POINT('Ctrl Pts',(-270.044630424704,-0.716653278208167,
-368.824056373703));
#10743=CARTESIAN_POINT('Ctrl Pts',(-270.154959799937,-1.23710702260871,
-368.422374065856));
#10744=CARTESIAN_POINT('Ctrl Pts',(-270.235293712349,-1.61609080322665,
-368.102711133915));
#10745=CARTESIAN_POINT('Ctrl Pts',(-270.313760012156,-1.98629287145937,
-367.771132724196));
#10746=CARTESIAN_POINT('Ctrl Pts',(-270.365422795851,-2.23013392584193,
-367.546240508751));
#10747=CARTESIAN_POINT('Ctrl Pts',(-270.391696367296,-2.3540407632079,-367.43192164127));
#10748=CARTESIAN_POINT('Ctrl Pts',(-270.392151120912,-2.35618446627552,
-367.429943898712));
#10749=CARTESIAN_POINT('Ctrl Pts',(-270.392605785831,-2.35832811563643,
-367.427966170295));
#10750=CARTESIAN_POINT('Ctrl Pts',(-269.58527444737,1.8668885645284,-369.514675335708));
#10751=CARTESIAN_POINT('Ctrl Pts',(-269.641227961842,1.56782587175974,-369.52712101888));
#10752=CARTESIAN_POINT('Ctrl Pts',(-269.756078432219,0.950662979938516,
-369.460750298493));
#10753=CARTESIAN_POINT('Ctrl Pts',(-269.920531545558,0.0603230869657053,
-369.14038327645));
#10754=CARTESIAN_POINT('Ctrl Pts',(-270.05253106294,-0.648136354332001,
-368.735184943119));
#10755=CARTESIAN_POINT('Ctrl Pts',(-270.155246524565,-1.18544463360153,
-368.362316740432));
#10756=CARTESIAN_POINT('Ctrl Pts',(-270.232515169686,-1.58009678041306,
-368.063284808339));
#10757=CARTESIAN_POINT('Ctrl Pts',(-270.310725832597,-1.96786361270069,
-367.75148115743));
#10758=CARTESIAN_POINT('Ctrl Pts',(-270.364094824304,-2.2238391296727,-367.539477340933));
#10759=CARTESIAN_POINT('Ctrl Pts',(-270.391651961998,-2.35383025027527,
-367.431695601488));
#10760=CARTESIAN_POINT('Ctrl Pts',(-270.392128801288,-2.35607923395051,
-367.429830861428));
#10761=CARTESIAN_POINT('Ctrl Pts',(-270.392605785831,-2.35832811563643,
-367.427966170295));
#10762=CARTESIAN_POINT('Ctrl Pts',(-269.789351470558,1.91011484768304,-369.427885658746));
#10763=CARTESIAN_POINT('Ctrl Pts',(-269.830215065156,1.61696540384559,-369.434765045943));
#10764=CARTESIAN_POINT('Ctrl Pts',(-269.910484809379,1.01268500718848,-369.361192297452));
#10765=CARTESIAN_POINT('Ctrl Pts',(-270.017214757803,0.133500826846607,
-369.047031606542));
#10766=CARTESIAN_POINT('Ctrl Pts',(-270.10321948594,-0.580816373973008,
-368.660043779362));
#10767=CARTESIAN_POINT('Ctrl Pts',(-270.177763134093,-1.13309834340164,
-368.307180294334));
#10768=CARTESIAN_POINT('Ctrl Pts',(-270.239645754864,-1.54310952122631,
-368.025241145544));
#10769=CARTESIAN_POINT('Ctrl Pts',(-270.309645541141,-1.9490267362339,-367.731950897683));
#10770=CARTESIAN_POINT('Ctrl Pts',(-270.362810140532,-2.21753455999733,
-367.532726046822));
#10771=CARTESIAN_POINT('Ctrl Pts',(-270.391607688196,-2.35361971690002,
-367.431469427807));
#10772=CARTESIAN_POINT('Ctrl Pts',(-270.392106481664,-2.35597400162571,
-367.429717824145));
#10773=CARTESIAN_POINT('Ctrl Pts',(-270.392605785831,-2.35832811563643,
-367.427966170295));
#10774=CARTESIAN_POINT('Ctrl Pts',(-269.891862500957,1.93185790095671,-369.427965656022));
#10775=CARTESIAN_POINT('Ctrl Pts',(-269.928685877903,1.63775080025557,-369.428143008832));
#10776=CARTESIAN_POINT('Ctrl Pts',(-269.997488746033,1.03528669941342,-369.341118783134));
#10777=CARTESIAN_POINT('Ctrl Pts',(-270.077625208759,0.16320633268007,-369.014954655227));
#10778=CARTESIAN_POINT('Ctrl Pts',(-270.137401000221,-0.550122637311291,
-368.628260041896));
#10779=CARTESIAN_POINT('Ctrl Pts',(-270.194068526331,-1.10780897428936,
-368.281555385866));
#10780=CARTESIAN_POINT('Ctrl Pts',(-270.245563067186,-1.5246670219175,-368.006606002355));
#10781=CARTESIAN_POINT('Ctrl Pts',(-270.309542315446,-1.93951756457794,
-367.722086528944));
#10782=CARTESIAN_POINT('Ctrl Pts',(-270.362172338333,-2.21438046547282,
-367.529338359483));
#10783=CARTESIAN_POINT('Ctrl Pts',(-270.391585649204,-2.35351440782261,
-367.431356445577));
#10784=CARTESIAN_POINT('Ctrl Pts',(-270.392095319461,-2.35592137418843,
-367.429661293393));
#10785=CARTESIAN_POINT('Ctrl Pts',(-270.392605785831,-2.35832811563643,
-367.427966170295));
#10786=CARTESIAN_POINT('',(-270.39260578583,-2.35832811563646,-367.427966170295));
#10787=CARTESIAN_POINT('Ctrl Pts',(-269.500670207006,1.84696033145343,-369.827966170295));
#10788=CARTESIAN_POINT('Ctrl Pts',(-269.570225738105,1.51902064802271,-369.827966170295));
#10789=CARTESIAN_POINT('Ctrl Pts',(-269.710611027406,0.857133568668523,
-369.723502461708));
#10790=CARTESIAN_POINT('Ctrl Pts',(-269.903889086787,-0.054131784441376,
-369.33240184042));
#10791=CARTESIAN_POINT('Ctrl Pts',(-270.051203276422,-0.748687169911111,
-368.868367846316));
#10792=CARTESIAN_POINT('Ctrl Pts',(-270.160039590291,-1.26182747309641,
-368.452312756574));
#10793=CARTESIAN_POINT('Ctrl Pts',(-270.238895099457,-1.63361459489986,
-368.122362713649));
#10794=CARTESIAN_POINT('Ctrl Pts',(-270.315635481087,-1.99542933573284,
-367.780925816353));
#10795=CARTESIAN_POINT('Ctrl Pts',(-270.366083535816,-2.23328129137569,
-367.549618022807));
#10796=CARTESIAN_POINT('Ctrl Pts',(-270.391718756016,-2.35414595683293,
-367.432034674908));
#10797=CARTESIAN_POINT('Ctrl Pts',(-270.392162278332,-2.35623707116346,
-367.430000405242));
#10798=CARTESIAN_POINT('Ctrl Pts',(-270.392605785831,-2.35832811563643,
-367.427966170295));
#10799=CARTESIAN_POINT('Ctrl Pts',(-270.392605785831,-2.3583281156365,-367.427966170295));
#10800=CARTESIAN_POINT('Ctrl Pts',(-270.392095333809,-2.35592144183639,
-367.429661366058));
#10801=CARTESIAN_POINT('Ctrl Pts',(-270.39158567404,-2.35351454391875,-367.431356590795));
#10802=CARTESIAN_POINT('Ctrl Pts',(-270.391076846256,-2.35110761041539,
-367.433051738776));
#10803=CARTESIAN_POINT('Ctrl Pts',(-270.372947139498,-2.26534775224461,
-367.493450437025));
#10804=CARTESIAN_POINT('Ctrl Pts',(-270.355829350781,-2.17931281960136,
-367.553883104409));
#10805=CARTESIAN_POINT('Ctrl Pts',(-270.339714848906,-2.09306686160132,
-367.614139711243));
#10806=CARTESIAN_POINT('Ctrl Pts',(-270.330138712398,-2.04181469920694,
-367.649947550479));
#10807=CARTESIAN_POINT('Ctrl Pts',(-270.320915952254,-1.99048820729245,
-367.685693172154));
#10808=CARTESIAN_POINT('Ctrl Pts',(-270.312036446426,-1.9391035704503,-367.721331997947));
#10809=CARTESIAN_POINT('Ctrl Pts',(-270.296546572831,-1.84946552698144,
-367.783502226482));
#10810=CARTESIAN_POINT('Ctrl Pts',(-270.282103160613,-1.75965067444846,
-367.845346433377));
#10811=CARTESIAN_POINT('Ctrl Pts',(-270.268608187586,-1.66967604861246,
-367.906640042211));
#10812=CARTESIAN_POINT('Ctrl Pts',(-270.261349366138,-1.62127952774171,
-367.93960930873));
#10813=CARTESIAN_POINT('Ctrl Pts',(-270.254364314358,-1.57283722101193,
-367.972419166461));
#10814=CARTESIAN_POINT('Ctrl Pts',(-270.247632672132,-1.52435552740417,
-368.005033763042));
#10815=CARTESIAN_POINT('Ctrl Pts',(-270.235610444649,-1.43777071944364,
-368.063281080154));
#10816=CARTESIAN_POINT('Ctrl Pts',(-270.224397586097,-1.35106085665026,
-368.120906129415));
#10817=CARTESIAN_POINT('Ctrl Pts',(-270.213857657671,-1.26423767127578,
-368.177691618111));
#10818=CARTESIAN_POINT('Ctrl Pts',(-270.207524087331,-1.21206457013815,
-368.211814704382));
#10819=CARTESIAN_POINT('Ctrl Pts',(-270.201433007868,-1.15985120092843,
-368.245634485382));
#10820=CARTESIAN_POINT('Ctrl Pts',(-270.195548770341,-1.1076069892528,-368.279102374798));
#10821=CARTESIAN_POINT('Ctrl Pts',(-270.1849643898,-1.01363175203181,-368.339303356807));
#10822=CARTESIAN_POINT('Ctrl Pts',(-270.175054247769,-0.919547944044348,
-368.39835891211));
#10823=CARTESIAN_POINT('Ctrl Pts',(-270.165601852471,-0.825096430670804,
-368.456100652866));
#10824=CARTESIAN_POINT('Ctrl Pts',(-270.161054404583,-0.77965680172391,
-368.483879596591));
#10825=CARTESIAN_POINT('Ctrl Pts',(-270.156612924029,-0.734132324360968,
-368.511353806235));
#10826=CARTESIAN_POINT('Ctrl Pts',(-270.152253258581,-0.688495581715118,
-368.538500350479));
#10827=CARTESIAN_POINT('Ctrl Pts',(-270.144489160465,-0.607221421608367,
-368.586845443825));
#10828=CARTESIAN_POINT('Ctrl Pts',(-270.136964475249,-0.52563870570925,
-368.634155518528));
#10829=CARTESIAN_POINT('Ctrl Pts',(-270.129582744055,-0.443720158976212,
-368.6801702559));
#10830=CARTESIAN_POINT('Ctrl Pts',(-270.122411089135,-0.364132927582117,
-368.724875462435));
#10831=CARTESIAN_POINT('Ctrl Pts',(-270.115375171346,-0.284228514090723,
-368.768357791569));
#10832=CARTESIAN_POINT('Ctrl Pts',(-270.108381863831,-0.204029748619646,
-368.81037699442));
#10833=CARTESIAN_POINT('Ctrl Pts',(-270.101634999377,-0.126657175076509,
-368.850915447147));
#10834=CARTESIAN_POINT('Ctrl Pts',(-270.094928386701,-0.0490106811095679,
-368.890091894283));
#10835=CARTESIAN_POINT('Ctrl Pts',(-270.088163974751,0.0288432282062913,
-368.927692045422));
#10836=CARTESIAN_POINT('Ctrl Pts',(-270.084205237239,0.0744056796891041,
-368.949696785801));
#10837=CARTESIAN_POINT('Ctrl Pts',(-270.080226383793,0.120038300166449,
-368.971161694353));
#10838=CARTESIAN_POINT('Ctrl Pts',(-270.076204198911,0.165720219522594,
-368.992044437408));
#10839=CARTESIAN_POINT('Ctrl Pts',(-270.068455804799,0.253722518130027,
-369.032273250384));
#10840=CARTESIAN_POINT('Ctrl Pts',(-270.060596191957,0.34193393548775,-369.070318045568));
#10841=CARTESIAN_POINT('Ctrl Pts',(-270.052533407149,0.430472065056578,
-369.105954597097));
#10842=CARTESIAN_POINT('Ctrl Pts',(-270.044609731715,0.517482622691559,
-369.14097630171));
#10843=CARTESIAN_POINT('Ctrl Pts',(-270.0364898096,0.604808863453859,-369.173672215697));
#10844=CARTESIAN_POINT('Ctrl Pts',(-270.028105487286,0.692526907664785,
-369.203800240513));
#10845=CARTESIAN_POINT('Ctrl Pts',(-270.019952967503,0.777819798846326,
-369.233095311616));
#10846=CARTESIAN_POINT('Ctrl Pts',(-270.011550396397,0.863483294493975,
-369.259962442834));
#10847=CARTESIAN_POINT('Ctrl Pts',(-270.002854040005,0.949551300766597,
-369.284151299456));
#10848=CARTESIAN_POINT('Ctrl Pts',(-269.999818916276,0.979589978618456,
-369.292593475627));
#10849=CARTESIAN_POINT('Ctrl Pts',(-269.996748184829,1.00967758820109,-369.300709167875));
#10850=CARTESIAN_POINT('Ctrl Pts',(-269.993640583257,1.03981442479857,-369.308486942378));
#10851=CARTESIAN_POINT('Ctrl Pts',(-269.986018889383,1.1137279357427,-369.327562687738));
#10852=CARTESIAN_POINT('Ctrl Pts',(-269.97814266665,1.18792391702108,-369.344608695724));
#10853=CARTESIAN_POINT('Ctrl Pts',(-269.97004536859,1.26226402221149,-369.359420382882));
#10854=CARTESIAN_POINT('Ctrl Pts',(-269.961949697248,1.33658919273781,-369.374229094424));
#10855=CARTESIAN_POINT('Ctrl Pts',(-269.953633327917,1.41105815011621,-369.386804045155));
#10856=CARTESIAN_POINT('Ctrl Pts',(-269.945126574702,1.48548920550744,-369.396970122801));
#10857=CARTESIAN_POINT('Ctrl Pts',(-269.936569147454,1.56036364060226,-369.407196758938));
#10858=CARTESIAN_POINT('Ctrl Pts',(-269.927819286714,1.63519937847731,-369.414985399063));
#10859=CARTESIAN_POINT('Ctrl Pts',(-269.918900807294,1.70977214173096,-369.420192638881));
#10860=CARTESIAN_POINT('Ctrl Pts',(-269.910082607667,1.78350640541023,-369.425341328255));
#10861=CARTESIAN_POINT('Ctrl Pts',(-269.901099677064,1.8569830688772,-369.427966170295));
#10862=CARTESIAN_POINT('Ctrl Pts',(-269.891965657025,1.92995352873234,-369.427966170295));
#10863=CARTESIAN_POINT('Origin',(-267.140536244139,12.9744950136151,-373.427966170295));
#10864=CARTESIAN_POINT('',(-268.820238687018,5.05505167568578,-373.427966170295));
#10865=CARTESIAN_POINT('',(-270.392605785831,-2.35832811563648,-373.427966170295));
#10866=CARTESIAN_POINT('Origin',(-259.037852436548,2.9802217437129,-373.427966170295));
#10867=CARTESIAN_POINT('Origin',(-273.376233592224,90.6744950136152,-366.827966170295));
#10868=CARTESIAN_POINT('',(-276.026233592224,90.6744950136152,-366.427966170295));
#10869=CARTESIAN_POINT('Origin',(-273.376233592224,90.6744950136152,-366.427966170295));
#10870=CARTESIAN_POINT('Origin',(-276.026233592224,90.6744950136152,-366.827966170295));
#10871=CARTESIAN_POINT('Origin',(-273.376233592224,90.6744950136152,-366.427966170295));
#10872=CARTESIAN_POINT('',(-275.626233592224,90.6744950136152,-366.427966170295));
#10873=CARTESIAN_POINT('Origin',(-273.376233592224,90.6744950136152,-366.427966170295));
#10874=CARTESIAN_POINT('Origin',(-273.376233592224,-1.72550498638478,-366.827966170295));
#10875=CARTESIAN_POINT('',(-276.026233592224,-1.72550498638478,-366.427966170295));
#10876=CARTESIAN_POINT('Origin',(-273.376233592224,-1.72550498638478,-366.427966170295));
#10877=CARTESIAN_POINT('',(-276.426233592224,-1.72550498638478,-366.827966170295));
#10878=CARTESIAN_POINT('Origin',(-276.026233592224,-1.72550498638478,-366.827966170295));
#10879=CARTESIAN_POINT('Origin',(-273.376233592224,-1.72550498638478,-366.827966170295));
#10880=CARTESIAN_POINT('Origin',(-273.376233592224,-1.72550498638478,-366.427966170295));
#10881=CARTESIAN_POINT('',(-275.626233592224,-1.72550498638478,-366.427966170295));
#10882=CARTESIAN_POINT('Origin',(-273.376233592224,-1.72550498638478,-366.427966170295));
#10883=CARTESIAN_POINT('Origin',(-273.376233592224,-1.7255049863848,-373.427966170295));
#10884=CARTESIAN_POINT('',(-276.426233592224,-1.7255049863848,-373.427966170295));
#10885=CARTESIAN_POINT('Origin',(-273.376233592224,-1.72550498638478,-367.427966170295));
#10886=CARTESIAN_POINT('',(-276.359861398617,-1.09268185713312,-373.427966170295));
#10887=CARTESIAN_POINT('Origin',(-273.376233592224,-1.72550498638478,-366.827966170295));
#10888=CARTESIAN_POINT('',(-275.226233592224,-1.72550498638478,-366.827966170295));
#10889=CARTESIAN_POINT('Origin',(-273.376233592224,90.6744950136152,-366.827966170295));
#10890=CARTESIAN_POINT('',(-275.226233592224,90.6744950136152,-366.827966170295));
#10891=CARTESIAN_POINT('Origin',(-273.376233592224,-1.72550498638478,-367.427966170295));
#10892=CARTESIAN_POINT('Origin',(-268.376233592224,35.6244950136134,-373.427966170295));
#10893=CARTESIAN_POINT('Origin',(-266.376233592224,43.6244950136135,-373.427966170295));
#10894=CARTESIAN_POINT('',(-268.376233592224,43.6244950136135,-373.427966170295));
#10895=CARTESIAN_POINT('Origin',(-268.376233592224,66.9744950136152,-373.427966170295));
#10896=CARTESIAN_POINT('Origin',(-266.376233592224,70.1244950136152,-371.427966170295));
#10897=CARTESIAN_POINT('',(-268.376233592224,70.1244950136152,-371.427966170295));
#10898=CARTESIAN_POINT('',(-268.376233592224,70.1244950136152,-371.427966170295));
#10899=CARTESIAN_POINT('Origin',(-266.376233592224,70.1244950136152,-371.427966170295));
#10900=CARTESIAN_POINT('Origin',(-266.376233592224,70.1244950136152,-371.427966170295));
#10901=CARTESIAN_POINT('Origin',(-266.376233592224,38.6244950136152,-371.427966170295));
#10902=CARTESIAN_POINT('',(-268.376233592224,38.6244950136152,-371.427966170295));
#10903=CARTESIAN_POINT('',(-268.376233592224,38.6244950136152,-371.427966170295));
#10904=CARTESIAN_POINT('Origin',(-266.376233592224,38.6244950136152,-371.427966170295));
#10905=CARTESIAN_POINT('Origin',(-266.376233592224,38.6244950136152,-371.427966170295));
#10906=CARTESIAN_POINT('Origin',(-276.359861398618,-1.09268185713305,-373.427966170295));
#10907=UNCERTAINTY_MEASURE_WITH_UNIT(LENGTH_MEASURE(0.01),#10911,
'DISTANCE_ACCURACY_VALUE',
'Maximum model space distance between geometric entities at asserted c
onnectivities');
#10908=UNCERTAINTY_MEASURE_WITH_UNIT(LENGTH_MEASURE(0.01),#10911,
'DISTANCE_ACCURACY_VALUE',
'Maximum model space distance between geometric entities at asserted c
onnectivities');
#10909=(
GEOMETRIC_REPRESENTATION_CONTEXT(3)
GLOBAL_UNCERTAINTY_ASSIGNED_CONTEXT((#10907))
GLOBAL_UNIT_ASSIGNED_CONTEXT((#10911,#10913,#10914))
REPRESENTATION_CONTEXT('','3D')
);
#10910=(
GEOMETRIC_REPRESENTATION_CONTEXT(3)
GLOBAL_UNCERTAINTY_ASSIGNED_CONTEXT((#10908))
GLOBAL_UNIT_ASSIGNED_CONTEXT((#10911,#10913,#10914))
REPRESENTATION_CONTEXT('','3D')
);
#10911=(
LENGTH_UNIT()
NAMED_UNIT(*)
SI_UNIT(.MILLI.,.METRE.)
);
#10912=(
LENGTH_UNIT()
NAMED_UNIT(*)
SI_UNIT($,.METRE.)
);
#10913=(
NAMED_UNIT(*)
PLANE_ANGLE_UNIT()
SI_UNIT($,.RADIAN.)
);
#10914=(
NAMED_UNIT(*)
SI_UNIT($,.STERADIAN.)
SOLID_ANGLE_UNIT()
);
#10915=SHAPE_DEFINITION_REPRESENTATION(#10916,#10917);
#10916=PRODUCT_DEFINITION_SHAPE('',$,#10919);
#10917=SHAPE_REPRESENTATION('',(#5941),#10909);
#10918=PRODUCT_DEFINITION_CONTEXT('part definition',#10923,'design');
#10919=PRODUCT_DEFINITION('Duet3_Mini_5_+expander',
'Duet3_Mini_5_+expander',#10920,#10918);
#10920=PRODUCT_DEFINITION_FORMATION('',$,#10925);
#10921=PRODUCT_RELATED_PRODUCT_CATEGORY('Duet3_Mini_5_+expander',
'Duet3_Mini_5_+expander',(#10925));
#10922=APPLICATION_PROTOCOL_DEFINITION('international standard',
'ap242_managed_model_based_3d_engineering',2011,#10923);
#10923=APPLICATION_CONTEXT('Managed model based 3d engineering');
#10924=PRODUCT_CONTEXT('part definition',#10923,'mechanical');
#10925=PRODUCT('Duet3_Mini_5_+expander','Duet3_Mini_5_+expander',$,(#10924));
#10926=PRESENTATION_STYLE_ASSIGNMENT((#10928));
#10927=PRESENTATION_STYLE_ASSIGNMENT((#10929));
#10928=SURFACE_STYLE_USAGE(.BOTH.,#10930);
#10929=SURFACE_STYLE_USAGE(.BOTH.,#10931);
#10930=SURFACE_SIDE_STYLE('',(#10932));
#10931=SURFACE_SIDE_STYLE('',(#10933));
#10932=SURFACE_STYLE_FILL_AREA(#10934);
#10933=SURFACE_STYLE_FILL_AREA(#10935);
#10934=FILL_AREA_STYLE('Steel - Satin',(#10936));
#10935=FILL_AREA_STYLE('Opaque(63,63,63)',(#10937));
#10936=FILL_AREA_STYLE_COLOUR('Steel - Satin',#10938);
#10937=FILL_AREA_STYLE_COLOUR('Opaque(63,63,63)',#10939);
#10938=COLOUR_RGB('Steel - Satin',0.627450980392157,0.627450980392157,0.627450980392157);
#10939=COLOUR_RGB('Opaque(63,63,63)',0.247058823529412,0.247058823529412,
0.247058823529412);
ENDSEC;
END-ISO-10303-21;
